reachid,Str_Order,iso_pred,assignment_sum,assignment_rescale,assignment_norm,assignment_individuals
7,3,0.708654736,0,0,0,0
151,4,0.707849574,0,0,0,0
156,3,0.705511964,0,0,0,0
205,4,0.70775438,0,0,0,0
206,4,0.706804988,0,0,0,0
210,4,0.706789103,0,0,0,0
259,4,0.706433198,0,0,0,0
358,3,0.706828389,0,0,0,0
360,4,0.70693026,0,0,0,0
127,3,0.707182937,0,0,0,0
1244,3,0.706719267,0,0,0,0
1245,7,0.706969331,0,0,0,0
608,3,0.705630818,0,0,0,0
362,4,0.707002547,0,0,0,0
40,3,0.708571552,0,0,0,0
44,3,0.708555177,0,0,0,0
47,3,0.707193923,0,0,0,0
52,3,0.707493249,0,0,0,0
56,3,0.708325619,0,0,0,0
57,4,0.708480043,0,0,0,0
58,3,0.708330239,0,0,0,0
60,3,0.707442152,0,0,0,0
69,3,0.707417024,0,0,0,0
71,4,0.708371866,0,0,0,0
74,3,0.707382598,0,0,0,0
79,4,0.7071631,0,0,0,0
81,4,0.708205583,0,0,0,0
83,4,0.707148127,0,0,0,0
87,4,0.707134868,0,0,0,0
89,3,0.707289702,0,0,0,0
95,4,0.707117326,0,0,0,0
99,3,0.707271263,0,0,0,0
105,3,0.705357554,0,0,0,0
199,3,0.705653688,0,0,0,0
201,4,0.70777131,0,0,0,0
313,3,0.706834134,0,0,0,0
8,2,0.708556761,0,0,0,0
9,2,0.708339547,0,0,0,0
10,1,0.707894726,0,0,0,0
11,1,0.70588463,0,0,0,0
12,1,0.707800051,0,0,0,0
13,1,0.708501179,0,0,0,0
14,1,0.707162217,0,0,0,0
15,1,0.708403657,0,0,0,0
16,1,0.707226289,0,0,0,0
17,2,0.706431156,0,0,0,0
18,1,0.707216048,0,0,0,0
19,1,0.706945854,0,0,0,0
20,1,0.708409263,0,0,0,0
21,1,0.708362478,0,0,0,0
22,2,0.706589286,0,0,0,0
23,1,0.708407015,0,0,0,0
24,2,0.708403873,0,0,0,0
25,1,0.706488432,0,0,0,0
26,2,0.708384079,0,0,0,0
27,2,0.706616638,0,0,0,0
1,1,0.708639329,0,0,0,0
2,1,0.70866363,0,0,0,0
3,2,0.708707102,0,0,0,0
28,1,0.708377674,0,0,0,0
29,1,0.707953443,0,0,0,0
30,1,0.707047687,0,0,0,0
152,1,0.706910303,0,0,0,0
153,1,0.707293628,0,0,0,0
154,2,0.706164196,0,0,0,0
155,1,0.706903105,0,0,0,0
207,1,0.70687679,0,0,0,0
208,1,0.706857598,0,0,0,0
209,2,0.706857403,0,0,0,0
4,1,0.708552385,0,0,0,0
5,2,0.708682169,0,0,0,0
6,1,0.708558958,0,0,0,0
260,2,0.704751195,0,0,0,0
261,2,0.706834424,0,0,0,0
359,1,0.706871479,0,0,0,0
76,1,0.706972411,0,0,0,0
77,2,0.706969987,0,0,0,0
78,1,0.706905907,0,0,0,0
128,1,0.70649146,0,0,0,0
129,1,0.705615487,0,0,0,0
1162,2,0.706704745,0,0,0,0
1163,1,0.707324041,0,0,0,0
1164,1,0.706684951,0,0,0,0
1165,1,0.706660485,0,0,0,0
1166,2,0.706648144,0,0,0,0
1167,1,0.704428911,0,0,0,0
1243,2,0.70441594,0,0,0,0
607,1,0.706840511,0,0,0,0
609,1,0.706577524,0,0,0,0
361,1,0.706846676,0,0,0,0
363,1,0.706808328,0,0,0,0
31,2,0.706932952,0,0,0,0
32,2,0.707585838,0,0,0,0
33,1,0.707018141,0,0,0,0
34,1,0.708359274,0,0,0,0
35,2,0.708360576,0,0,0,0
36,1,0.70833946,0,0,0,0
37,1,0.706998007,0,0,0,0
38,1,0.708344558,0,0,0,0
39,2,0.708354913,0,0,0,0
41,1,0.70832986,0,0,0,0
42,2,0.707104999,0,0,0,0
43,1,0.708334502,0,0,0,0
45,1,0.704862588,0,0,0,0
46,1,0.707141889,0,0,0,0
48,1,0.707004399,0,0,0,0
49,2,0.708329016,0,0,0,0
50,1,0.705235194,0,0,0,0
51,1,0.708321022,0,0,0,0
53,1,0.707002028,0,0,0,0
54,2,0.70700306,0,0,0,0
55,1,0.706959286,0,0,0,0
59,1,0.706987738,0,0,0,0
61,1,0.705826955,0,0,0,0
62,2,0.708323908,0,0,0,0
63,1,0.705913432,0,0,0,0
64,2,0.708316272,0,0,0,0
65,1,0.708312962,0,0,0,0
66,1,0.706972727,0,0,0,0
67,1,0.706869081,0,0,0,0
68,1,0.706972588,0,0,0,0
70,1,0.706988704,0,0,0,0
72,1,0.70670948,0,0,0,0
73,2,0.706004656,0,0,0,0
75,1,0.706375005,0,0,0,0
80,1,0.707073235,0,0,0,0
82,2,0.70497922,0,0,0,0
84,1,0.708282683,0,0,0,0
85,1,0.707814445,0,0,0,0
86,2,0.70516355,0,0,0,0
88,2,0.707513775,0,0,0,0
90,1,0.70518026599999994,0,0,0,0
91,1,0.707821934,0,0,0,0
92,2,0.705093309,0,0,0,0
93,1,0.7060275,0,0,0,0
94,1,0.706699273,0,0,0,0
96,1,0.707117205,0,0,0,0
97,1,0.705603094,0,0,0,0
98,1,0.708243689,0,0,0,0
100,2,0.706229415,0,0,0,0
101,1,0.708248081,0,0,0,0
102,1,0.706687219,0,0,0,0
103,1,0.708227188,0,0,0,0
104,1,0.707723995,0,0,0,0
139,1,0.707212654,0,0,0,0
140,2,0.706913413,0,0,0,0
141,1,0.704642794,0,0,0,0
200,2,0.706873786,0,0,0,0
532,1,0.706722999,0,0,0,0
533,1,0.706807638,0,0,0,0
534,1,0.706827136,0,0,0,0
405,3,0.706815234,0,0,0,0
228,4,0.706326726,0,0,0,0
388,3,0.706825333,0,0,0,0
320,3,0.705697467,0,0,0,0
323,3,0.707010293,0,0,0,0
324,3,0.706998438,0,0,0,0
399,3,0.706816927,0,0,0,0
484,4,0.706514775,0,0,0,0
486,3,0.706753732,0,0,0,0
548,4,0.706511326,0,0,0,0
637,3,0.706451644,0,0,0,0
638,5,0.706962782,0,0,0,0
641,5,0.706954218,0,0,0,0
642,3,0.705606168,0,0,0,0
643,5,0.706958295,0,0,0,0
745,3,0.705709221,0,0,0,0
747,4,0.706077228,0,0,0,0
748,3,0.70509951,43.821130230833845,2.3889597660613665e-4,0.45153273434704116,31.00535321980405
5599,6,0.705097997,43.7703372686273,2.386190728784799e-4,0.45100936388649177,30.969414992606392
11522,5,0.708202588,84.10791017924005,4.585240325096114e-4,0.8666475388333439,59.510000083292425
7473,5,0.707994739,75.76157226861578,4.130230028524522e-4,0.7806469094858878,53.604603448208366
1642,7,0.707039628,0,0,0,0
1643,3,0.70621078,62.91135575382162,3.4296855633929476e-4,0.6482383346884754,44.51251705305171
1976,3,0.706096471,0,0,0,0
513,3,0.706800962,0,0,0,0
888,4,0.707127327,0,0,0,0
890,4,0.705878729,0,0,0,0
891,4,0.707136072,0,0,0,0
697,3,0.70681130700000006,0,0,0,0
698,5,0.706970836,0,0,0,0
699,3,0.705060619,41.93003758579345,2.2858646560288724e-4,0.4320469239989127,29.667323024736323
983,3,0.70462852,0,0,0,0
1075,4,0.707186265,0,0,0,0
1076,7,0.706976329,0,0,0,0
1083,7,0.708652216,0,0,0,0
1084,4,0.707103504,0,0,0,0
314,2,0.706839182,0,0,0,0
315,1,0.704933334,0,0,0,0
316,1,0.706824753,0,0,0,0
317,2,0.706846653,0,0,0,0
318,1,0.706825368,0,0,0,0
403,1,0.704461837,0,0,0,0
404,1,0.706754732,0,0,0,0
226,1,0.706880805,0,0,0,0
227,1,0.70696955,0,0,0,0
385,1,0.706800425,0,0,0,0
386,2,0.704856269,0,0,0,0
387,2,0.706837876,0,0,0,0
389,1,0.704854782,0,0,0,0
390,2,0.705023306,0,0,0,0
319,1,0.706810024,0,0,0,0
321,1,0.706826803,0,0,0,0
322,1,0.706854439,0,0,0,0
397,1,0.706854079,0,0,0,0
398,2,0.706863747,0,0,0,0
241,2,0.706969393,0,0,0,0
242,1,0.706626774,0,0,0,0
243,1,0.705824002,0,0,0,0
485,1,0.706806277,0,0,0,0
544,1,0.70673932800000006,0,0,0,0
545,1,0.70671623,0,0,0,0
546,2,0.706786412,0,0,0,0
547,1,0.7067808,0,0,0,0
549,1,0.706761625,0,0,0,0
328,1,0.706924354,0,0,0,0
329,1,0.706898474,0,0,0,0
330,1,0.706803852,0,0,0,0
636,1,0.706723031,0,0,0,0
639,1,0.706602196,0,0,0,0
640,1,0.704755993,0,0,0,0
746,1,0.706558514,0,0,0,0
749,1,0.70668338,0,0,0,0
750,2,0.706666752,0,0,0,0
751,2,0.706604881,0,0,0,0
752,1,0.706639943,0,0,0,0
5583,1,0.705522672,0,0,0,0
5584,1,0.707559477,0,0,0,0
5588,2,0.706792077,0,0,0,0
5589,1,0.70687385,0,0,0,0
5590,2,0.706760083,0,0,0,0
5597,2,0.705894158,0,0,0,0
5598,1,0.707427338,0,0,0,0
11507,2,0.709855333,0,0,0,0
11520,1,0.70816854,0,0,0,0
11521,1,0.706768489,0,0,0,0
1420,2,0.706756227,0,0,0,0
1421,1,0.706735498,0,0,0,0
1422,2,0.70674171,0,0,0,0
1423,2,0.706544297,0,0,0,0
7465,1,0.707536854,0,0,0,0
7466,2,0.705834519,0,0,0,0
7470,1,0.707793778,0,0,0,0
7471,2,0.70711658,0,0,0,0
7472,1,0.707168882,0,0,0,0
7474,2,0.707419691,0,0,0,0
7475,1,0.705116522,0,0,0,0
2159,1,0.706685862,0,0,0,0
2160,1,0.706745975,0,0,0,0
2212,1,0.706710993,0,0,0,0
2213,1,0.706707708,0,0,0,0
2214,1,0.707335945,0,0,0,0
1641,1,0.705683782,0,0,0,0
1919,2,0.707307729,0,0,0,0
1920,1,0.707298522,0,0,0,0
1975,1,0.706808897,0,0,0,0
1977,1,0.704800962,0,0,0,0
1737,1,0.706711138,0,0,0,0
1738,1,0.707307957,0,0,0,0
1739,1,0.706747858,0,0,0,0
500,2,0.706824056,0,0,0,0
501,2,0.706800146,0,0,0,0
502,1,0.706822571,0,0,0,0
503,1,0.706756984,0,0,0,0
504,1,0.706765368,0,0,0,0
163,1,0.705790918,0,0,0,0
164,2,0.705674695,0,0,0,0
165,1,0.70803286,0,0,0,0
508,2,0.706819084,0,0,0,0
509,1,0.706760648,0,0,0,0
510,1,0.706818323,0,0,0,0
511,2,0.706775313,0,0,0,0
512,1,0.706805366,0,0,0,0
514,1,0.706723087,0,0,0,0
515,1,0.705643769,0,0,0,0
887,1,0.706670454,0,0,0,0
889,1,0.706626155,0,0,0,0
811,1,0.707449468,0,0,0,0
812,1,0.70553865,0,0,0,0
813,2,0.706642514,0,0,0,0
693,2,0.706615436,0,0,0,0
700,1,0.70660125,0,0,0,0
701,1,0.706788358,0,0,0,0
702,1,0.706617572,0,0,0,0
703,1,0.706631955,0,0,0,0
982,2,0.70676935,0,0,0,0
984,1,0.706936594,0,0,0,0
991,2,0.706559121,0,0,0,0
992,2,0.706716474,0,0,0,0
993,1,0.705448454,0,0,0,0
1105,1,0.707117612,0,0,0,0
1106,1,0.704783003,0,0,0,0
1077,1,0.707279803,0,0,0,0
1078,1,0.704481583,0,0,0,0
1079,1,0.70670039,0,0,0,0
1080,2,0.705009509,0,0,0,0
1081,1,0.706715901,0,0,0,0
1082,1,0.706666245,0,0,0,0
1085,1,0.70734298,0,0,0,0
1086,2,0.70674407400000006,0,0,0,0
1087,2,0.704735413,0,0,0,0
1088,1,0.707219142,0,0,0,0
1090,6,0.706527896,0,0,0,0
536,3,0.70680255299999994,0,0,0,0
597,3,0.706804172,0,0,0,0
1275,3,0.706694115,0,0,0,0
1277,3,0.706620493,0,0,0,0
1280,6,0.706573059,0,0,0,0
11550,3,0.706691925,58.84074631206294,3.20777156600206e-4,0.6062947927940927,41.63238404651434
12321,3,0.707051109,55.79796845471243,3.041891000165854e-4,0.5749420230525815,39.47948653475255
12322,3,0.707619073,62.551772551964234,3.410082467871135e-4,0.6445331909483514,44.25809631751231
1925,4,0.704685281,23.286654592922353,1.2694989977578465e-4,0.23994558713455705,16.476319692299988
2001,5,0.705067847,42.16902810550615,2.2988935015437242e-4,0.434509481269354,29.836419199135378
2068,5,0.70509903,43.805021615310594,2.388081586193132e-4,0.45136675124310377,30.993955674566184
2069,6,0.706882668,0,0,0,0
5545,3,0.705551761,61.926824336005545,3.3760126906670174e-4,0.6380937272628945,43.81591830709095
10217,3,0.706440615,59.96438381429535,3.269027968343371e-4,0.6178727487054372,42.42740638994127
401,5,0.706754474,0,0,0,0
263,3,0.705677599,0,0,0,0
430,5,0.706973514,0,0,0,0
435,4,0.707626046,0,0,0,0
499,5,0.706970213,0,0,0,0
275,3,0.705697767,0,0,0,0
412,4,0.707658834,0,0,0,0
413,5,0.706811908,0,0,0,0
108,4,0.707090609,0,0,0,0
109,4,0.70709103,0,0,0,0
115,4,0.707064552,0,0,0,0
119,3,0.707197429,0,0,0,0
124,4,0.707048652,0,0,0,0
126,3,0.705502878,0,0,0,0
132,4,0.706979518,0,0,0,0
133,4,0.706984912,0,0,0,0
146,4,0.706927279,0,0,0,0
160,4,0.706908322,0,0,0,0
161,4,0.706894073,0,0,0,0
169,4,0.707833879,0,0,0,0
171,4,0.706879958,0,0,0,0
173,3,0.705972993,0,0,0,0
175,4,0.707786226,0,0,0,0
179,3,0.705526183,0,0,0,0
180,3,0.706102469,0,0,0,0
184,3,0.706095123,0,0,0,0
185,4,0.706820895,0,0,0,0
189,3,0.705891905,0,0,0,0
204,3,0.706406764,0,0,0,0
211,4,0.706310776,0,0,0,0
220,4,0.7067792,0,0,0,0
229,4,0.706748259,0,0,0,0
245,4,0.707742311,0,0,0,0
246,3,0.705674435,0,0,0,0
247,4,0.70773583,0,0,0,0
248,4,0.706373458,0,0,0,0
250,4,0.707028552,0,0,0,0
254,4,0.707724112,0,0,0,0
270,4,0.707718103,0,0,0,0
273,4,0.706451599,0,0,0,0
483,3,0.707021985,0,0,0,0
462,4,0.70654632,0,0,0,0
393,3,0.706820888,0,0,0,0
772,4,0.706377865,0,0,0,0
278,4,0.707707508,0,0,0,0
281,4,0.706718534,0,0,0,0
284,4,0.706676161,0,0,0,0
302,3,0.706842274,0,0,0,0
307,4,0.707695628,0,0,0,0
308,4,0.707677538,0,0,0,0
312,4,0.707010406,0,0,0,0
339,3,0.705704009,0,0,0,0
347,3,0.706833394,0,0,0,0
364,4,0.706998539,0,0,0,0
367,4,0.706929093,0,0,0,0
368,4,0.706920286,0,0,0,0
369,3,0.705710344,0,0,0,0
375,3,0.706991619,0,0,0,0
377,3,0.706939529,0,0,0,0
380,3,0.706824946,0,0,0,0
395,3,0.706989677,0,0,0,0
396,3,0.705733982,0,0,0,0
409,3,0.706988318,0,0,0,0
411,5,0.706810985,0,0,0,0
415,3,0.706796835,0,0,0,0
416,5,0.706759844,0,0,0,0
417,4,0.707645967,0,0,0,0
419,3,0.706812842,0,0,0,0
694,4,0.707576719,0,0,0,0
696,3,0.70680278,0,0,0,0
756,4,0.70610003,0,0,0,0
807,6,0.70652321,0,0,0,0
947,7,0.707001823,0,0,0,0
421,3,0.706794072,0,0,0,0
425,5,0.706807588,0,0,0,0
479,5,0.706971681,0,0,0,0
535,3,0.706800553,0,0,0,0
557,3,0.706651893,0,0,0,0
559,3,0.706658175,0,0,0,0
560,3,0.706804136,0,0,0,0
561,5,0.706961474,0,0,0,0
920,3,0.705890265,0,0,0,0
1140,4,0.705300074,53.29871649212104,2.905641379208345e-4,0.5491897417548011,37.71115720419343
563,5,0.706962454,0,0,0,0
775,4,0.70630203,0,0,0,0
777,4,0.706425541,0,0,0,0
848,4,0.705909067,0,0,0,0
507,4,0.707613448,0,0,0,0
660,5,0.706965989,0,0,0,0
852,4,0.706083864,0,0,0,0
925,3,0.705880172,0,0,0,0
927,4,0.70583637,0,0,0,0
928,7,0.707010014,0,0,0,0
929,7,0.707021817,0,0,0,0
427,5,0.706813175,0,0,0,0
429,5,0.706973057,0,0,0,0
440,5,0.706976717,0,0,0,0
442,3,0.706808149,0,0,0,0
443,5,0.70696655,0,0,0,0
452,3,0.705736559,0,0,0,0
453,5,0.706971068,0,0,0,0
455,3,0.706623955,0,0,0,0
457,5,0.706971488,0,0,0,0
465,3,0.706805255,0,0,0,0
467,4,0.706526586,0,0,0,0
489,3,0.706804918,0,0,0,0
490,3,0.70679781,0,0,0,0
491,3,0.705634191,0,0,0,0
498,3,0.706803808,0,0,0,0
526,3,0.706553598,0,0,0,0
530,5,0.706962891,0,0,0,0
543,3,0.706807103,0,0,0,0
550,3,0.706783791,0,0,0,0
555,5,0.706959192,0,0,0,0
1089,1,0.707292696,0,0,0,0
537,1,0.706545643,0,0,0,0
595,2,0.706329176,0,0,0,0
596,1,0.706170992,0,0,0,0
598,2,0.706751174,0,0,0,0
599,1,0.706807775,0,0,0,0
600,1,0.706738577,0,0,0,0
1176,1,0.707262823,0,0,0,0
1177,1,0.704706607,0,0,0,0
1178,1,0.706652497,0,0,0,0
1179,1,0.706862598,0,0,0,0
1189,1,0.706682488,0,0,0,0
1190,1,0.707265441,0,0,0,0
1191,2,0.706544545,0,0,0,0
1192,2,0.706684297,0,0,0,0
1276,1,0.704459579,0,0,0,0
1278,2,0.706385294,0,0,0,0
1279,2,0.706720922,0,0,0,0
1281,1,0.706702911,0,0,0,0
1282,1,0.704639095,0,0,0,0
11543,2,0.708160509,0,0,0,0
11544,2,0.705539192,0,0,0,0
11545,1,0.707448384,0,0,0,0
11546,1,0.707773668,0,0,0,0
12323,2,0.706705323,0,0,0,0
1926,1,0.706726005,0,0,0,0
1999,1,0.704472405,0,0,0,0
2000,2,0.705247156,0,0,0,0
2070,1,0.706789768,0,0,0,0
5538,2,0.705591597,0,0,0,0
5539,1,0.707460894,0,0,0,0
5540,1,0.706897299,0,0,0,0
5541,2,0.706896328,0,0,0,0
5542,2,0.706747937,0,0,0,0
5543,2,0.707549768,0,0,0,0
5544,1,0.706823338,0,0,0,0
8758,1,0.707284856,0,0,0,0
8759,1,0.708194784,0,0,0,0
10212,2,0.704920145,0,0,0,0
10213,2,0.709695552,0,0,0,0
10214,2,0.70863626,0,0,0,0
10215,2,0.704768835,0,0,0,0
10216,2,0.708599954,0,0,0,0
400,2,0.706831359,0,0,0,0
402,2,0.706857819,0,0,0,0
193,2,0.705642147,0,0,0,0
194,1,0.705188046,0,0,0,0
195,2,0.706552974,0,0,0,0
262,1,0.706831131,0,0,0,0
264,2,0.706671533,0,0,0,0
431,1,0.706854208,0,0,0,0
432,1,0.70680786,0,0,0,0
433,1,0.706746577,0,0,0,0
434,2,0.706792515,0,0,0,0
166,2,0.70724375,0,0,0,0
167,1,0.704699236,0,0,0,0
168,2,0.706904251,0,0,0,0
223,1,0.706968787,0,0,0,0
224,2,0.706821136,0,0,0,0
225,1,0.706253171,0,0,0,0
274,1,0.706939683,0,0,0,0
276,1,0.706825755,0,0,0,0
292,2,0.706786982,0,0,0,0
293,1,0.705153495,0,0,0,0
294,2,0.70481932,0,0,0,0
414,1,0.706799597,0,0,0,0
106,1,0.707087692,0,0,0,0
107,1,0.705886467,0,0,0,0
110,2,0.707148245,0,0,0,0
111,2,0.705844604,0,0,0,0
112,1,0.706417367,0,0,0,0
113,2,0.706934017,0,0,0,0
114,1,0.706944377,0,0,0,0
116,2,0.707381026,0,0,0,0
117,1,0.707814887,0,0,0,0
118,1,0.705173396,0,0,0,0
120,2,0.706634192,0,0,0,0
121,1,0.707072561,0,0,0,0
122,1,0.706951797,0,0,0,0
123,1,0.707290999,0,0,0,0
125,1,0.706928283,0,0,0,0
130,1,0.70693122,0,0,0,0
131,1,0.706739264,0,0,0,0
134,2,0.706280335,0,0,0,0
135,2,0.707293394,0,0,0,0
136,1,0.707977975,0,0,0,0
137,2,0.705968001,0,0,0,0
138,1,0.706892238,0,0,0,0
142,2,0.707030928,0,0,0,0
143,1,0.706585793,0,0,0,0
144,1,0.706997007,0,0,0,0
145,1,0.706325322,0,0,0,0
147,1,0.706889685,0,0,0,0
148,1,0.706889366,0,0,0,0
149,1,0.706687315,0,0,0,0
150,1,0.70668029,0,0,0,0
157,2,0.706575814,0,0,0,0
158,1,0.706668703,0,0,0,0
159,1,0.708184613,0,0,0,0
162,2,0.707426383,0,0,0,0
170,1,0.706890238,0,0,0,0
172,1,0.706701354,0,0,0,0
174,1,0.70686313,0,0,0,0
176,1,0.70690017,0,0,0,0
177,1,0.706899687,0,0,0,0
178,1,0.706888198,0,0,0,0
181,1,0.70710759,0,0,0,0
182,1,0.707902929,0,0,0,0
183,2,0.707005306,0,0,0,0
186,1,0.706882022,0,0,0,0
187,1,0.706892181,0,0,0,0
188,1,0.705403145,0,0,0,0
190,1,0.706859199,0,0,0,0
191,1,0.706858519,0,0,0,0
192,2,0.706932759,0,0,0,0
196,2,0.706864042,0,0,0,0
197,2,0.706879954,0,0,0,0
198,1,0.707326818,0,0,0,0
202,1,0.706868869,0,0,0,0
203,1,0.706870008,0,0,0,0
212,1,0.706599064,0,0,0,0
213,1,0.706859952,0,0,0,0
214,1,0.706907238,0,0,0,0
215,1,0.706623402,0,0,0,0
216,1,0.706841432,0,0,0,0
217,1,0.706946434,0,0,0,0
218,1,0.70683987,0,0,0,0
219,2,0.706840307,0,0,0,0
221,1,0.70684349,0,0,0,0
222,1,0.706869857,0,0,0,0
230,1,0.706855818,0,0,0,0
231,2,0.706865095,0,0,0,0
232,1,0.706918171,0,0,0,0
233,1,0.706877102,0,0,0,0
234,1,0.706959263,0,0,0,0
235,2,0.704704625,0,0,0,0
236,1,0.706998672,0,0,0,0
237,1,0.706287247,0,0,0,0
238,1,0.706831535,0,0,0,0
239,2,0.706862193,0,0,0,0
240,1,0.706947255,0,0,0,0
244,1,0.706866182,0,0,0,0
249,1,0.706579744,0,0,0,0
251,1,0.706872198,0,0,0,0
252,1,0.706868468,0,0,0,0
253,1,0.706871032,0,0,0,0
255,2,0.706854655,0,0,0,0
256,1,0.706845555,0,0,0,0
257,1,0.706590296,0,0,0,0
258,1,0.706643451,0,0,0,0
265,1,0.706833622,0,0,0,0
266,2,0.706957009,0,0,0,0
267,2,0.706839419,0,0,0,0
268,2,0.706490784,0,0,0,0
269,1,0.706388587,0,0,0,0
271,1,0.706923779,0,0,0,0
272,1,0.706802377,0,0,0,0
481,2,0.706793558,0,0,0,0
482,1,0.70686611,0,0,0,0
460,1,0.706877106,0,0,0,0
461,1,0.706785676,0,0,0,0
1159,1,0.704714597,0,0,0,0
1160,2,0.706821414,0,0,0,0
1161,1,0.70735925,0,0,0,0
391,1,0.704468063,0,0,0,0
392,1,0.706823073,0,0,0,0
773,1,0.707236941,0,0,0,0
774,2,0.706611804,0,0,0,0
277,1,0.706857669,0,0,0,0
279,1,0.706790009,0,0,0,0
280,1,0.706846054,0,0,0,0
282,1,0.706808099,0,0,0,0
283,2,0.706846036,0,0,0,0
285,2,0.70682354,0,0,0,0
286,1,0.706860081,0,0,0,0
287,1,0.706896209,0,0,0,0
288,1,0.706903587,0,0,0,0
289,1,0.706794204,0,0,0,0
290,2,0.706911138,0,0,0,0
291,1,0.706883688,0,0,0,0
295,1,0.706794572,0,0,0,0
296,2,0.706823027,0,0,0,0
297,1,0.706616407,0,0,0,0
298,1,0.706835725,0,0,0,0
299,1,0.706939126,0,0,0,0
300,1,0.70683882,0,0,0,0
301,1,0.706623185,0,0,0,0
303,1,0.706785207,0,0,0,0
304,1,0.706840869,0,0,0,0
305,2,0.706926436,0,0,0,0
306,1,0.706823664,0,0,0,0
309,1,0.704705721,0,0,0,0
310,2,0.705503217,0,0,0,0
311,1,0.706815812,0,0,0,0
325,1,0.706937946,0,0,0,0
326,2,0.706851741,0,0,0,0
327,1,0.70685425,0,0,0,0
331,1,0.706863628,0,0,0,0
332,2,0.706932574,0,0,0,0
333,2,0.70681642,0,0,0,0
334,2,0.706832572,0,0,0,0
335,1,0.70677429,0,0,0,0
336,2,0.705502623,0,0,0,0
338,1,0.706771242,0,0,0,0
340,1,0.706832818,0,0,0,0
341,2,0.705999692,0,0,0,0
342,2,0.706774618,0,0,0,0
343,2,0.706819516,0,0,0,0
344,1,0.705121482,0,0,0,0
345,1,0.706807146,0,0,0,0
346,1,0.706608103,0,0,0,0
348,2,0.706796828,0,0,0,0
349,1,0.706550803,0,0,0,0
350,2,0.70694936,0,0,0,0
351,1,0.706797909,0,0,0,0
352,2,0.706803182,0,0,0,0
353,1,0.706765889,0,0,0,0
354,1,0.706831673,0,0,0,0
355,1,0.706794399,0,0,0,0
356,2,0.70695688,0,0,0,0
357,2,0.706954735,0,0,0,0
365,1,0.706815754,0,0,0,0
366,2,0.706802448,0,0,0,0
370,2,0.706944449,0,0,0,0
371,1,0.706812894,0,0,0,0
372,1,0.706832809,0,0,0,0
373,1,0.706796906,0,0,0,0
374,1,0.70680535,0,0,0,0
376,1,0.706766565,0,0,0,0
378,2,0.705690091,0,0,0,0
379,1,0.70684393,0,0,0,0
381,2,0.706825578,0,0,0,0
382,1,0.706834321,0,0,0,0
383,2,0.706821472,0,0,0,0
384,2,0.706822869,0,0,0,0
394,1,0.706808136,0,0,0,0
406,1,0.706785326,0,0,0,0
407,2,0.706759034,0,0,0,0
408,2,0.706788872,0,0,0,0
410,2,0.706400151,0,0,0,0
418,1,0.706745927,0,0,0,0
420,1,0.706778094,0,0,0,0
601,1,0.706818138,0,0,0,0
602,2,0.706306941,0,0,0,0
603,1,0.706706774,0,0,0,0
695,1,0.705750354,0,0,0,0
754,1,0.706634755,0,0,0,0
755,2,0.706821724,0,0,0,0
805,1,0.706854877,0,0,0,0
806,1,0.706663942,0,0,0,0
946,1,0.706691346,0,0,0,0
954,1,0.706680172,0,0,0,0
1000,1,0.706661438,0,0,0,0
1001,2,0.705324172,0,0,0,0
1047,1,0.70675526,0,0,0,0
422,1,0.705286871,0,0,0,0
423,1,0.706890294,0,0,0,0
424,2,0.706788602,0,0,0,0
426,1,0.706802445,0,0,0,0
478,1,0.706739163,0,0,0,0
480,2,0.706877709,0,0,0,0
649,2,0.706591866,0,0,0,0
650,1,0.705896992,0,0,0,0
651,1,0.706696226,0,0,0,0
556,1,0.706745887,0,0,0,0
558,1,0.705520737,0,0,0,0
583,1,0.706391137,0,0,0,0
584,1,0.706766279,0,0,0,0
585,2,0.706722905,0,0,0,0
586,1,0.706740328,0,0,0,0
587,1,0.704955095,0,0,0,0
588,1,0.706836076,0,0,0,0
919,1,0.706659731,0,0,0,0
921,2,0.706545725,0,0,0,0
1144,1,0.704495291,0,0,0,0
1145,2,0.706850356,0,0,0,0
1146,2,0.706737189,0,0,0,0
1048,2,0.70471162,0,0,0,0
1049,1,0.706752084,0,0,0,0
1050,1,0.706700338,0,0,0,0
1051,1,0.707108954,0,0,0,0
1052,2,0.706517831,0,0,0,0
1131,1,0.707256118,0,0,0,0
1138,1,0.707221707,0,0,0,0
1139,1,0.706138931,0,0,0,0
562,2,0.706746796,0,0,0,0
564,1,0.706744649,0,0,0,0
610,2,0.70640965,0,0,0,0
611,1,0.706912148,0,0,0,0
612,2,0.706405831,0,0,0,0
721,2,0.704764556,0,0,0,0
722,1,0.706717831,0,0,0,0
723,1,0.70665094,0,0,0,0
776,1,0.706633452,0,0,0,0
847,1,0.70672575,0,0,0,0
849,1,0.706578487,0,0,0,0
505,1,0.704471806,0,0,0,0
506,1,0.706743922,0,0,0,0
658,2,0.704524076,0,0,0,0
659,1,0.706583661,0,0,0,0
733,1,0.706651799,0,0,0,0
734,1,0.707015557,0,0,0,0
735,1,0.706618148,0,0,0,0
850,1,0.706520164,0,0,0,0
851,1,0.706681101,0,0,0,0
926,1,0.70671190800000006,0,0,0,0
930,2,0.704800974,0,0,0,0
934,2,0.706700184,0,0,0,0
935,1,0.706661725,0,0,0,0
936,1,0.706717993,0,0,0,0
428,1,0.706807786,0,0,0,0
436,2,0.707054644,0,0,0,0
437,1,0.706813681,0,0,0,0
438,1,0.706815201,0,0,0,0
439,1,0.706888068,0,0,0,0
441,1,0.707812509,0,0,0,0
444,1,0.706829792,0,0,0,0
445,1,0.704805564,0,0,0,0
446,2,0.705669011,0,0,0,0
447,1,0.706770497,0,0,0,0
448,2,0.706796902,0,0,0,0
449,1,0.706628884,0,0,0,0
450,1,0.706735526,0,0,0,0
451,2,0.706775773,0,0,0,0
454,1,0.706809185,0,0,0,0
456,1,0.706803136,0,0,0,0
458,1,0.706716317,0,0,0,0
459,1,0.706124751,0,0,0,0
463,1,0.706567541,0,0,0,0
464,1,0.706754074,0,0,0,0
466,2,0.704393356,0,0,0,0
468,2,0.706890084,0,0,0,0
469,1,0.705309633,0,0,0,0
470,1,0.706749975,0,0,0,0
471,1,0.706806328,0,0,0,0
472,1,0.707868513,0,0,0,0
473,2,0.706807248,0,0,0,0
474,1,0.706808585,0,0,0,0
475,1,0.706733403,0,0,0,0
476,1,0.706794838,0,0,0,0
477,1,0.706762558,0,0,0,0
487,2,0.706777423,0,0,0,0
488,2,0.70487866,0,0,0,0
492,1,0.706870318,0,0,0,0
493,2,0.706183442,0,0,0,0
494,1,0.706799347,0,0,0,0
495,1,0.70671563,0,0,0,0
496,1,0.706760647,0,0,0,0
497,1,0.706838726,0,0,0,0
516,2,0.704683272,0,0,0,0
517,2,0.706766613,0,0,0,0
518,2,0.706793538,0,0,0,0
519,1,0.706562353,0,0,0,0
520,1,0.706194582,0,0,0,0
521,1,0.706808,0,0,0,0
522,2,0.706771095,0,0,0,0
523,1,0.706749899,0,0,0,0
524,1,0.706790569,0,0,0,0
525,2,0.706765538,0,0,0,0
527,2,0.706725032,0,0,0,0
528,2,0.706743266,0,0,0,0
529,1,0.706759262,0,0,0,0
531,1,0.70679441,0,0,0,0
538,2,0.706762709,0,0,0,0
539,1,0.705170678,0,0,0,0
540,2,0.706750681,0,0,0,0
541,1,0.706809307,0,0,0,0
542,2,0.70494971,0,0,0,0
551,2,0.706453465,0,0,0,0
552,2,0.706803963,0,0,0,0
553,1,0.706813451,0,0,0,0
554,1,0.706716335,0,0,0,0
565,3,0.706377718,0,0,0,0
566,3,0.706645834,0,0,0,0
570,3,0.706804393,0,0,0,0
673,3,0.705671818,0,0,0,0
674,5,0.706971045,0,0,0,0
730,3,0.70666159,0,0,0,0
794,5,0.705922187,0,0,0,0
795,4,0.706074272,0,0,0,0
861,3,0.706476944,0,0,0,0
931,4,0.705969071,0,0,0,0
578,3,0.706622748,0,0,0,0
579,5,0.70695816,0,0,0,0
604,4,0.707602795,0,0,0,0
815,4,0.706079581,0,0,0,0
948,7,0.707048355,0,0,0,0
949,4,0.705857453,0,0,0,0
950,4,0.707167312,0,0,0,0
951,3,0.70451102,0,0,0,0
627,3,0.706800888,0,0,0,0
632,5,0.706964764,0,0,0,0
644,3,0.705040949,40.38584248367073,2.2016810681002228e-4,0.416135544416645,28.574737910445553
645,3,0.706797157,0,0,0,0
647,5,0.706970412,0,0,0,0
667,3,0.706799845,0,0,0,0
672,3,0.706795922,0,0,0,0
684,3,0.705051298,41.62032784886797,2.268980470322685e-4,0.42885567622343956,29.44818993213
687,4,0.707580939,0,0,0,0
704,3,0.705682927,0,0,0,0
707,3,0.7056763,0,0,0,0
708,4,0.707574073,0,0,0,0
710,3,0.705675341,0,0,0,0
712,3,0.70568905,0,0,0,0
714,5,0.706983116,0,0,0,0
724,4,0.706096105,0,0,0,0
725,3,0.705693618,0,0,0,0
726,4,0.707441931,0,0,0,0
740,3,0.705707177,0,0,0,0
741,3,0.706658926,0,0,0,0
743,4,0.707427656,0,0,0,0
753,3,0.706393375,0,0,0,0
758,4,0.706102942,0,0,0,0
759,3,0.706443392,0,0,0,0
760,8,0.708499273,0,0,0,0
761,4,0.706435546,0,0,0,0
1022,7,0.706982643,0,0,0,0
768,4,0.706098256,0,0,0,0
782,4,0.706105085,0,0,0,0
785,3,0.706608156,0,0,0,0
787,4,0.706100718,0,0,0,0
788,4,0.706250484,0,0,0,0
798,6,0.706507747,0,0,0,0
800,3,0.705839555,0,0,0,0
809,4,0.705929706,0,0,0,0
810,3,0.705722839,0,0,0,0
818,4,0.705901592,0,0,0,0
822,4,0.706095235,0,0,0,0
823,4,0.706073521,0,0,0,0
825,4,0.705893707,0,0,0,0
827,4,0.705905484,0,0,0,0
828,3,0.705770954,0,0,0,0
829,4,0.705921926,0,0,0,0
830,6,0.706338834,0,0,0,0
832,3,0.705884353,0,0,0,0
834,4,0.705914467,0,0,0,0
836,5,0.705924083,0,0,0,0
837,3,0.707305682,0,0,0,0
840,4,0.706068083,0,0,0,0
841,4,0.705906677,0,0,0,0
842,3,0.706008364,0,0,0,0
843,3,0.705761471,0,0,0,0
955,3,0.704497147,0,0,0,0
956,4,0.707153141,0,0,0,0
854,5,0.705926203,0,0,0,0
855,4,0.705995608,0,0,0,0
862,6,0.70632138,0,0,0,0
864,7,0.708614401,0,0,0,0
870,4,0.705890288,0,0,0,0
873,4,0.705982008,0,0,0,0
898,4,0.70585463,0,0,0,0
900,4,0.70586816,0,0,0,0
901,4,0.706079601,0,0,0,0
903,4,0.705961327,0,0,0,0
905,4,0.705851959,0,0,0,0
910,4,0.706071725,0,0,0,0
915,3,0.705869052,0,0,0,0
938,7,0.707035208,0,0,0,0
940,4,0.70584367,0,0,0,0
941,7,0.707087586,0,0,0,0
942,4,0.705861757,0,0,0,0
1063,7,0.708647779,0,0,0,0
4969,3,0.705697638,64.42932140433048,3.512439222329321e-4,0.6638794461159683,45.58654369092333
7421,5,0.707999191,75.8379173648023,4.134392070036572e-4,0.781433569023273,53.65862092017665
12368,4,0.706942461,57.11666181619292,3.1137810990235156e-4,0.5885298336849876,40.4125193717866
11514,3,0.708836696,96.34043299986025,5.252110501697059e-4,0.9926914005060582,68.16504135732545
1094,4,0.707106058,0,0,0,0
1185,5,0.704953405,36.66674395367826,1.9989300959694675e-4,0.37781396942057244,25.94331414354933
1187,3,0.706575471,0,0,0,0
1260,3,0.705485937,59.70283415792231,3.254769285315092e-4,0.6151777421894585,42.242348646390454
945,3,0.704568329,0,0,0,0
959,4,0.707146315,0,0,0,0
1219,3,0.706593542,0,0,0,0
963,7,0.706997131,0,0,0,0
967,7,0.708632162,0,0,0,0
973,3,0.704489103,0,0,0,0
974,3,0.70448844,0,0,0,0
979,7,0.706993689,0,0,0,0
981,3,0.704911069,0,0,0,0
1107,3,0.706525655,59.207250667247784,3.22775197622906e-4,0.610071252067849,41.89170179868648
1257,3,0.706954499,0,0,0,0
1352,3,0.706649997,0,0,0,0
1353,7,0.70867633,0,0,0,0
1434,3,0.706687751,0,0,0,0
995,7,0.708640973,0,0,0,0
997,6,0.706527492,0,0,0,0
1231,3,0.706761,0,0,0,0
1232,3,0.706606071,0,0,0,0
1298,3,0.70695481,0,0,0,0
1303,3,0.706628626,0,0,0,0
1304,3,0.705050015,41.57756788254191,2.2666493611383032e-4,0.4284150777173288,29.41793539846958
1006,4,0.707116786,0,0,0,0
1009,7,0.706987497,0,0,0,0
1011,7,0.708643802,0,0,0,0
1014,3,0.705165879,47.259679664621416,2.5764162786538145e-4,0.48696353268215814,33.438276314136395
1031,3,0.704499855,0,0,0,0
1033,4,0.707176437,0,0,0,0
1044,3,0.704742784,0,0,0,0
1092,3,0.704581287,0,0,0,0
1102,6,0.706535599,0,0,0,0
1117,3,0.706529809,59.11044178776304,3.222474327823638e-4,0.6090737337968103,41.82320531109187
1120,7,0.706967619,0,0,0,0
1123,7,0.708656479,0,0,0,0
567,1,0.70654955,0,0,0,0
568,1,0.706742541,0,0,0,0
569,1,0.70657311,0,0,0,0
571,1,0.706780004,0,0,0,0
572,1,0.706798356,0,0,0,0
573,2,0.706155905,0,0,0,0
574,2,0.706409505,0,0,0,0
575,1,0.704601107,0,0,0,0
576,2,0.707491469,0,0,0,0
675,1,0.706774054,0,0,0,0
731,1,0.706789616,0,0,0,0
732,1,0.706779596,0,0,0,0
793,1,0.707442729,0,0,0,0
859,2,0.705101445,0,0,0,0
860,1,0.706718301,0,0,0,0
932,1,0.70451869,0,0,0,0
933,1,0.70673447,0,0,0,0
985,1,0.706735144,0,0,0,0
986,2,0.706861417,0,0,0,0
987,2,0.706748732,0,0,0,0
988,2,0.706720733,0,0,0,0
989,1,0.706598098,0,0,0,0
990,1,0.706714684,0,0,0,0
577,1,0.704933635,0,0,0,0
580,1,0.707104916,0,0,0,0
581,2,0.70597583,0,0,0,0
582,1,0.706710464,0,0,0,0
589,1,0.706775438,0,0,0,0
590,1,0.706808767,0,0,0,0
591,1,0.706698265,0,0,0,0
592,2,0.706263572,0,0,0,0
593,1,0.706771341,0,0,0,0
594,1,0.706735267,0,0,0,0
605,1,0.706753062,0,0,0,0
606,2,0.705774455,0,0,0,0
763,2,0.705411461,0,0,0,0
764,1,0.706569879,0,0,0,0
765,1,0.706633677,0,0,0,0
886,1,0.707140341,0,0,0,0
814,1,0.70674771,0,0,0,0
816,1,0.70669119,0,0,0,0
952,2,0.706880085,0,0,0,0
953,1,0.704494475,0,0,0,0
613,2,0.706722925,0,0,0,0
614,2,0.706544132,0,0,0,0
615,1,0.706796085,0,0,0,0
616,2,0.706704462,0,0,0,0
617,2,0.706741481,0,0,0,0
618,1,0.70673675,0,0,0,0
619,1,0.706704386,0,0,0,0
620,1,0.704983006,0,0,0,0
621,1,0.704558679,0,0,0,0
622,1,0.706705912,0,0,0,0
623,2,0.706795385,0,0,0,0
624,2,0.706825767,0,0,0,0
625,1,0.706694859,0,0,0,0
626,1,0.706723945,0,0,0,0
628,1,0.706778236,0,0,0,0
629,2,0.706838424,0,0,0,0
630,1,0.706688692,0,0,0,0
631,2,0.706693744,0,0,0,0
633,1,0.706580674,0,0,0,0
634,1,0.70474651,0,0,0,0
635,2,0.706405171,0,0,0,0
646,1,0.705131489,0,0,0,0
648,2,0.706817854,0,0,0,0
652,1,0.70674331,0,0,0,0
653,1,0.70675844,0,0,0,0
654,1,0.70676187,0,0,0,0
655,1,0.706779047,0,0,0,0
656,2,0.705982387,0,0,0,0
657,2,0.706710426,0,0,0,0
661,1,0.704684108,0,0,0,0
662,2,0.706759408,0,0,0,0
663,1,0.706746266,0,0,0,0
664,1,0.706799715,0,0,0,0
665,2,0.706699531,0,0,0,0
666,1,0.706765714,0,0,0,0
668,1,0.707106498,0,0,0,0
669,2,0.704936856,0,0,0,0
670,1,0.705820792,0,0,0,0
671,1,0.706798469,0,0,0,0
676,1,0.705219124,0,0,0,0
677,1,0.706580326,0,0,0,0
678,1,0.706624516,0,0,0,0
679,1,0.704671635,0,0,0,0
680,2,0.704701663,0,0,0,0
681,1,0.706803475,0,0,0,0
682,1,0.706824515,0,0,0,0
683,2,0.706357993,0,0,0,0
685,1,0.704723254,0,0,0,0
686,1,0.706628074,0,0,0,0
688,1,0.706787854,0,0,0,0
689,1,0.706713044,0,0,0,0
690,1,0.706581297,0,0,0,0
691,1,0.706716064,0,0,0,0
692,1,0.706804415,0,0,0,0
705,2,0.706785606,0,0,0,0
706,1,0.706825946,0,0,0,0
709,1,0.706709541,0,0,0,0
711,2,0.706666003,0,0,0,0
713,1,0.706828194,0,0,0,0
715,1,0.706713718,0,0,0,0
716,1,0.705044383,0,0,0,0
717,1,0.706852363,0,0,0,0
718,2,0.706716793,0,0,0,0
719,1,0.706644351,0,0,0,0
720,1,0.706932652,0,0,0,0
727,2,0.706577122,0,0,0,0
728,1,0.706643697,0,0,0,0
729,2,0.706635138,0,0,0,0
736,2,0.706691063,0,0,0,0
737,1,0.70661435399999994,0,0,0,0
738,2,0.706637895,0,0,0,0
739,1,0.706583554,0,0,0,0
742,2,0.704420049,0,0,0,0
744,1,0.706663199,0,0,0,0
757,2,0.706578672,0,0,0,0
762,1,0.706762037,0,0,0,0
1015,1,0.704493588,0,0,0,0
1016,1,0.704482304,0,0,0,0
1017,1,0.706903929,0,0,0,0
1018,1,0.706712304,0,0,0,0
1019,2,0.706718375,0,0,0,0
1020,1,0.706749972,0,0,0,0
1021,1,0.706662335,0,0,0,0
1023,2,0.707247951,0,0,0,0
1171,1,0.706557116,0,0,0,0
1172,2,0.70674364,0,0,0,0
1173,2,0.707167541,0,0,0,0
1246,2,0.706447252,0,0,0,0
1247,2,0.706718671,0,0,0,0
1248,1,0.704431835,0,0,0,0
766,1,0.706736729,0,0,0,0
767,1,0.706821778,0,0,0,0
769,1,0.707429655,0,0,0,0
770,1,0.707460197,0,0,0,0
771,2,0.706961747,0,0,0,0
778,1,0.706856564,0,0,0,0
779,1,0.706646828,0,0,0,0
780,1,0.706845165,0,0,0,0
781,2,0.706851255,0,0,0,0
783,1,0.70515183,0,0,0,0
784,1,0.706929902,0,0,0,0
786,1,0.706488634,0,0,0,0
789,2,0.70562734,0,0,0,0
790,1,0.706741472,0,0,0,0
791,1,0.706878766,0,0,0,0
792,1,0.706725803,0,0,0,0
796,2,0.706838164,0,0,0,0
797,1,0.706649278,0,0,0,0
799,1,0.706629413,0,0,0,0
801,1,0.706719706,0,0,0,0
802,1,0.70448938,0,0,0,0
803,1,0.7071533,0,0,0,0
804,1,0.7044863,0,0,0,0
808,1,0.707197319,0,0,0,0
817,1,0.706721784,0,0,0,0
819,2,0.706687195,0,0,0,0
820,2,0.707139674,0,0,0,0
821,1,0.706741448,0,0,0,0
824,1,0.706750978,0,0,0,0
826,1,0.707152979,0,0,0,0
831,1,0.706799597,0,0,0,0
833,2,0.707439999,0,0,0,0
835,1,0.706775489,0,0,0,0
838,1,0.706671701,0,0,0,0
839,2,0.707447235,0,0,0,0
957,1,0.707101681,0,0,0,0
844,2,0.706678429,0,0,0,0
845,1,0.704714274,0,0,0,0
846,2,0.705280328,0,0,0,0
853,1,0.707210206,0,0,0,0
856,1,0.704498672,0,0,0,0
857,1,0.706737711,0,0,0,0
858,1,0.707126945,0,0,0,0
863,1,0.706581467,0,0,0,0
865,2,0.707439048,0,0,0,0
866,1,0.70672306,0,0,0,0
867,1,0.706887731,0,0,0,0
868,1,0.706777389,0,0,0,0
869,1,0.70713116,0,0,0,0
871,2,0.707134052,0,0,0,0
872,1,0.706857503,0,0,0,0
874,2,0.707130013,0,0,0,0
875,1,0.704487461,0,0,0,0
876,1,0.706734884,0,0,0,0
877,2,0.707127824,0,0,0,0
878,1,0.707123958,0,0,0,0
879,1,0.706729992,0,0,0,0
880,2,0.706506859,0,0,0,0
881,1,0.707204397,0,0,0,0
882,2,0.706683736,0,0,0,0
883,1,0.706783152,0,0,0,0
884,1,0.706862586,0,0,0,0
885,1,0.706679691,0,0,0,0
892,1,0.704474815,0,0,0,0
893,2,0.707399731,0,0,0,0
894,2,0.704440392,0,0,0,0
895,2,0.704457442,0,0,0,0
896,1,0.705014107,0,0,0,0
897,1,0.706894031,0,0,0,0
899,1,0.706659067,0,0,0,0
902,1,0.704477727,0,0,0,0
904,1,0.704514111,0,0,0,0
906,2,0.704469915,0,0,0,0
907,2,0.706802787,0,0,0,0
908,1,0.706910609,0,0,0,0
909,2,0.704458946,0,0,0,0
911,1,0.706621407,0,0,0,0
912,2,0.706677792,0,0,0,0
913,1,0.706700712,0,0,0,0
914,1,0.706722485,0,0,0,0
916,1,0.705656777,0,0,0,0
917,1,0.704733133,0,0,0,0
918,1,0.70714501,0,0,0,0
922,2,0.706855472,0,0,0,0
923,2,0.70684685,0,0,0,0
924,1,0.707156161,0,0,0,0
937,1,0.706636402,0,0,0,0
939,1,0.707442478,0,0,0,0
1064,1,0.704492311,0,0,0,0
1065,1,0.705393175,0,0,0,0
4970,2,0.70742053,0,0,0,0
12369,1,0.707188407,0,0,0,0
12370,1,0.706663702,0,0,0,0
12371,1,0.707573905,0,0,0,0
12372,1,0.707214244,0,0,0,0
12373,2,0.707241195,0,0,0,0
11515,2,0.706577231,0,0,0,0
11516,1,0.707475858,0,0,0,0
1093,2,0.707284621,0,0,0,0
1095,2,0.706758264,0,0,0,0
1096,2,0.706753682,0,0,0,0
1097,2,0.706787927,0,0,0,0
1098,2,0.704483103,0,0,0,0
1180,1,0.707436121,0,0,0,0
1181,2,0.705316252,0,0,0,0
1182,1,0.706633094,0,0,0,0
1183,1,0.704659403,0,0,0,0
1184,1,0.706634645,0,0,0,0
1186,1,0.704504055,0,0,0,0
1188,2,0.706950492,0,0,0,0
1258,2,0.706354563,0,0,0,0
1259,1,0.70668827,0,0,0,0
943,1,0.706655491,0,0,0,0
944,2,0.706590653,0,0,0,0
958,2,0.704481755,0,0,0,0
960,1,0.706446449,0,0,0,0
1066,1,0.706701838,0,0,0,0
1067,2,0.704731393,0,0,0,0
1068,1,0.706730822,0,0,0,0
1069,2,0.705020006,0,0,0,0
1070,1,0.705286784,0,0,0,0
1071,2,0.706490614,0,0,0,0
1141,1,0.705069995,0,0,0,0
1142,1,0.706685327,0,0,0,0
1143,1,0.706701179,0,0,0,0
1147,1,0.706739254,0,0,0,0
1148,1,0.706962717,0,0,0,0
1149,1,0.706726865,0,0,0,0
1220,1,0.706916502,0,0,0,0
1221,1,0.707140379,0,0,0,0
1222,1,0.706705349,0,0,0,0
1223,1,0.706978402,0,0,0,0
1224,1,0.706686887,0,0,0,0
961,1,0.705353276,0,0,0,0
962,2,0.704453481,0,0,0,0
964,2,0.706727229,0,0,0,0
965,1,0.707141364,0,0,0,0
966,2,0.704455599,0,0,0,0
968,1,0.706670175,0,0,0,0
969,1,0.706690108,0,0,0,0
970,2,0.706668522,0,0,0,0
971,1,0.706692698,0,0,0,0
972,1,0.707288256,0,0,0,0
975,1,0.704501495,0,0,0,0
976,1,0.706469917,0,0,0,0
977,2,0.706742578,0,0,0,0
978,1,0.706714323,0,0,0,0
980,1,0.70713016,0,0,0,0
1252,1,0.706884075,0,0,0,0
1253,1,0.706714729,0,0,0,0
1254,1,0.706625856,0,0,0,0
1255,2,0.705233264,0,0,0,0
1256,2,0.704785841,0,0,0,0
1351,2,0.706772571,0,0,0,0
1354,2,0.706808961,0,0,0,0
1355,1,0.706569954,0,0,0,0
1356,1,0.70675463,0,0,0,0
1429,1,0.707309122,0,0,0,0
1430,1,0.70470156,0,0,0,0
1431,1,0.706774364,0,0,0,0
1432,1,0.706782514,0,0,0,0
1433,2,0.706795499,0,0,0,0
994,1,0.707197288,0,0,0,0
996,1,0.706747365,0,0,0,0
998,1,0.706655015,0,0,0,0
999,1,0.706848282,0,0,0,0
1132,2,0.70665382,0,0,0,0
1133,2,0.704764328,0,0,0,0
1230,1,0.707210617,0,0,0,0
4935,2,0.7081111,0,0,0,0
1297,2,0.706651633,0,0,0,0
1299,1,0.706626338,0,0,0,0
1300,1,0.706744032,0,0,0,0
1301,1,0.707125943,0,0,0,0
1302,1,0.706674634,0,0,0,0
1002,1,0.707270321,0,0,0,0
1003,2,0.706730605,0,0,0,0
1004,2,0.706713624,0,0,0,0
1005,1,0.706810153,0,0,0,0
1007,2,0.706658677,0,0,0,0
1008,2,0.706723881,0,0,0,0
1010,2,0.706653634,0,0,0,0
1012,2,0.706707719,0,0,0,0
1013,2,0.706654893,0,0,0,0
1024,1,0.70670733,0,0,0,0
1025,2,0.706536548,0,0,0,0
1026,1,0.706869038,0,0,0,0
1027,1,0.706710606,0,0,0,0
1028,1,0.70671511,0,0,0,0
1029,1,0.705726811,0,0,0,0
1030,1,0.706723542,0,0,0,0
1032,2,0.707155052,0,0,0,0
1034,1,0.706717396,0,0,0,0
1035,1,0.706662731,0,0,0,0
1036,1,0.706690865,0,0,0,0
1037,1,0.706806988,0,0,0,0
1038,1,0.706642771,0,0,0,0
1039,2,0.706876606,0,0,0,0
1040,1,0.704483471,0,0,0,0
1041,1,0.706910922,0,0,0,0
1042,1,0.707133823,0,0,0,0
1043,2,0.706648256,0,0,0,0
1045,1,0.707340612,0,0,0,0
1046,2,0.704835324,0,0,0,0
1053,1,0.706736939,0,0,0,0
1054,1,0.706602031,0,0,0,0
1055,1,0.706943386,0,0,0,0
1056,1,0.706833374,0,0,0,0
1057,1,0.706642971,0,0,0,0
1058,2,0.706705938,0,0,0,0
1059,1,0.704516622,0,0,0,0
1060,2,0.706551865,0,0,0,0
1061,2,0.704697101,0,0,0,0
1062,2,0.706832953,0,0,0,0
1072,1,0.706661353,0,0,0,0
1073,2,0.707269048,0,0,0,0
1074,1,0.704498601,0,0,0,0
1091,1,0.706667858,0,0,0,0
1099,1,0.706611761,0,0,0,0
1100,2,0.70656693,0,0,0,0
1101,1,0.706759653,0,0,0,0
1103,2,0.705096588,0,0,0,0
1104,1,0.706730213,0,0,0,0
1108,1,0.707429394,0,0,0,0
1109,2,0.707234739,0,0,0,0
1110,1,0.706627289,0,0,0,0
1111,1,0.706629093,0,0,0,0
1112,2,0.707111622,0,0,0,0
1113,2,0.704905875,0,0,0,0
1114,2,0.706734516,0,0,0,0
1115,2,0.704627228,0,0,0,0
1116,1,0.706661251,0,0,0,0
1118,1,0.707294886,0,0,0,0
1119,2,0.707250451,0,0,0,0
1121,1,0.706615497,0,0,0,0
1122,1,0.706854153,0,0,0,0
1124,2,0.707119983,0,0,0,0
1308,3,0.707135833,0,0,0,0
1175,5,0.704946838,36.16213859920187,1.971420949509e-4,0.372614518053785,25.58628393529751
1198,7,0.708663847,0,0,0,0
1202,6,0.706547817,0,0,0,0
1208,6,0.706556931,0,0,0,0
1216,7,0.706963886,0,0,0,0
1225,6,0.706555871,0,0,0,0
1227,3,0.706709522,0,0,0,0
1228,3,0.706549913,0,0,0,0
1229,3,0.706706429,0,0,0,0
1233,5,0.704963082,37.576343686947496,2.048517980959056e-4,0.38718648109612497,26.586895467675202
1239,3,0.706611601,0,0,0,0
1240,3,0.706604478,0,0,0,0
1250,3,0.705046357,40.856971762479695,2.2273652274489058e-4,0.42099005844608645,28.908082340968367
1324,3,0.70663906,0,0,0,0
1325,3,0.706666759,0,0,0,0
4922,3,0.708203914,0,0,0,0
11509,5,0.709245371,90.11684916015264,4.91282460661739e-4,0.9285636198263182,63.76158543944446
12436,3,0.707039483,55.43918665910667,3.022331594235828e-4,0.5712451369989712,39.22563282894912
12438,7,0.709199393,91.43379070736412,4.984619203287313e-4,0.9421333797721542,64.69337879178471
12439,7,0.709187766,91.82077196627502,5.005715935683032e-4,0.9461208329723947,64.9671848428558
6310,5,0.707355425,57.50941433001342,3.1351924580777935e-4,0.5925767538705894,40.69040883640845
6311,3,0.708280367,0,0,0,0
6315,3,0.708311834,0,0,0,0
8419,4,0.706513692,59.48261078444898,3.242763552555513e-4,0.6129085615118324,42.08653104319698
8421,3,0.707184128,0,0,0,0
8423,3,0.707662245,0,0,0,0
8428,4,0.707381459,0,0,0,0
11749,5,0.709149083,92.06252447449559,5.018895354206496e-4,0.9486118497603478,65.13823524410442
11754,3,0.709168145,92.25885884327234,5.029598750153428e-4,0.9506348782380042,65.27715033874128
2111,3,0.706844723,0,0,0,0
2114,3,0.705110607,44.19209434265472,2.409183305096633e-4,0.4553551469336805,31.26782644352716
2115,4,0.706797243,0,0,0,0
1333,5,0.704987229,38.658611625300104,2.1075190735188123e-4,0.39833816520208715,27.352647047571256
1337,6,0.706591919,0,0,0,0
11490,4,0.706293226,62.33146161220323,3.3980719613337687e-4,0.64226310798808,44.10221675736645
1261,4,0.707114542,0,0,0,0
1262,3,0.706697993,0,0,0,0
1263,3,0.704545552,18.017004886388186,9.822179289256867e-5,0.1856471395931875,12.747813612354918
1266,3,0.70713395,0,0,0,0
1285,3,0.70668129,0,0,0,0
1289,5,0.704969767,37.79211741218619,2.0602811359816004e-4,0.3894098126177917,26.7395647514508
1294,7,0.706976487,0,0,0,0
1295,3,0.706676476,0,0,0,0
1770,3,0.704452058,15.617609151322679,8.514120860883086e-5,0.16092377642734107,11.050136900505722
13434,3,0.710171699,47.80742425287081,2.606277210503649e-4,0.49260749052517194,33.82582940424266
13436,4,0.707806262,68.07575435688112,3.7112287461822316e-4,0.7014522753197169,48.16655340520071
1345,4,0.704949768,36.5531244216942,1.9927359953353938e-4,0.37664323425966384,25.86292338905994
1435,3,0.706691185,0,0,0,0
1436,3,0.705532707,61.17219714768117,3.334873313800501e-4,0.6303180520130359,43.28198679049119
1310,3,0.706690922,0,0,0,0
1805,7,0.70870104,0,0,0,0
1809,3,0.706599181,59.1256602778352,3.223303981469975e-4,0.6092305450519906,41.83397305390621
4958,4,0.705041009,40.38774210457267,2.201784628138077e-4,0.41615511810211503,28.576081974752846
1312,6,0.706589705,0,0,0,0
1314,6,0.706587305,0,0,0,0
1315,6,0.706594272,0,0,0,0
1365,3,0.70677462,0,0,0,0
1447,3,0.707087682,0,0,0,0
1783,3,0.706837462,0,0,0,0
4951,3,0.705406618,56.92341884318929,3.103246234104515e-4,0.5865386589358642,40.27579157394886
4952,3,0.707704313,65.57809292390725,3.5750658347925265e-4,0.675716382832163,46.39934944343828
12335,5,0.708993464,93.35166967837534,5.089174600963868e-4,0.9618951963059972,66.05036147606965
12336,4,0.706622851,59.608122447488505,3.2496059665141085e-4,0.6142018331391536,42.175335997000005
12337,7,0.708154063,0,0,0,0
1400,3,0.70429117,11.299091309892303,6.159830746079938e-5,0.11642578746640149,7.9945979321073075
1401,3,0.706952998,0,0,0,0
7427,3,0.706316643,61.570182378131406,3.356569940474071e-4,0.6344188900879172,43.563578629436776
11506,5,0.709277488,89.71625112226076,4.890985539714148e-4,0.9244358593949794,63.47814492573405
1424,3,0.706947543,0,0,0,0
1427,3,0.70662552,59.56510331700632,3.2472607286950124e-4,0.6137585642067109,42.144898093441086
1440,7,0.706996221,0,0,0,0
1452,7,0.70701307,0,0,0,0
1453,3,0.704590998,19.10066312999477,1.041294815589721e-4,0.19681314939840933,13.514548893612753
1459,4,0.704620386,20.220170395508248,1.1023260532834318e-4,0.20834854736865607,14.306648915144349
1756,3,0.704561477,18.588263748854033,1.0133607687211934e-4,0.19153338841494172,13.15200407292488
1758,7,0.708697907,0,0,0,0
1760,3,0.706169978,63.53786587956545,3.4638404899214957e-4,0.654693892285531,44.955800182495125
1814,3,0.704526831,17.408494676827406,9.490442887155718e-5,0.17937705305380064,12.31726620552392
1817,3,0.704526147,17.397167289060555,9.484267630267765e-5,0.1792603356997654,12.309251586619322
1819,3,0.704485958,16.15205633111235,8.80548094285197e-5,0.16643071783171168,11.428281496489857
11535,3,0.707690122,64.99316835769368,3.5431779932990656e-4,0.6696893226587278,45.98548990383125
12352,3,0.706956632,56.78308600641513,3.0955958266607836e-4,0.5850926699991681,40.17649999589965
1767,4,0.706846934,0,0,0,0
1772,5,0.705063036,42.010071073128465,2.290227774464517e-4,0.4328715887025693,29.723950193665182
1775,4,0.706702954,0,0,0,0
1784,3,0.705371516,55.56902481472823,3.029409871958142e-4,0.5725829887869457,39.31749896419594
1785,3,0.704527051,17.41213716858009,9.492428633803405e-5,0.1794145852728982,12.319843426668088
1787,4,0.706713566,0,0,0,0
1788,6,0.707243135,0,0,0,0
1789,3,0.704478872,16.041002410493334,8.744938609319109e-5,0.16528641871909358,11.3497060234909
1790,6,0.706964263,0,0,0,0
1793,3,0.70714471,0,0,0,0
4904,3,0.707659902,64.05196392000173,3.491867141172701e-4,0.6599911562469545,45.31954687842402
4905,3,0.705694616,64.38562326619908,3.5100569676202844e-4,0.6634291806916761,45.55562535995662
4906,3,0.706584359,0,0,0,0
4910,3,0.70507944,42.550099844465244,2.3196680696016642e-4,0.43843604280184295,30.10604400813216
4912,3,0.705794884,65.78177517262735,3.5861698089413e-4,0.6778151238326364,46.543463482325556
4914,3,0.706584726,0,0,0,0
4930,3,0.706849034,0,0,0,0
4936,4,0.707815459,68.53942525312907,3.7365063031506403e-4,0.7062299382078517,48.494620706070904
4937,7,0.708950812,0,0,0,0
4943,3,0.706910884,0,0,0,0
4944,3,0.707548347,60.718601924102856,3.3101450438198304e-4,0.6256442088120461,42.96104846572005
13416,4,0.706548374,58.985444549479766,3.215659958327586e-4,0.6077857627999289,41.73476433515041
1502,3,0.706550922,58.92893069184536,3.212579039798047e-4,0.6072034442578981,41.69477832592294
4964,3,0.706834425,57.35944833241985,3.127016887693344e-4,0.5910315048869185,40.584301378616836
4965,7,0.708952506,0,0,0,0
7433,7,0.708533911,0,0,0,0
1125,2,0.704493313,0,0,0,0
1126,2,0.707342497,0,0,0,0
1127,1,0.706782364,0,0,0,0
1128,1,0.704471113,0,0,0,0
1129,1,0.707322241,0,0,0,0
1130,1,0.706618651,0,0,0,0
1134,2,0.707216861,0,0,0,0
1135,1,0.707121434,0,0,0,0
1136,1,0.706666139,0,0,0,0
1137,1,0.704502055,0,0,0,0
1210,1,0.706765102,0,0,0,0
1211,2,0.706490318,0,0,0,0
1212,1,0.706641806,0,0,0,0
1213,1,0.706527439,0,0,0,0
1214,1,0.706735073,0,0,0,0
1215,2,0.706472426,0,0,0,0
1270,1,0.7072351,0,0,0,0
1271,1,0.706750278,0,0,0,0
1272,1,0.70673741,0,0,0,0
4933,1,0.707565162,0,0,0,0
4934,1,0.707956934,0,0,0,0
1305,1,0.707201616,0,0,0,0
1306,1,0.706637119,0,0,0,0
1307,1,0.706692546,0,0,0,0
1150,1,0.706646013,0,0,0,0
1151,2,0.704602081,0,0,0,0
1152,2,0.704598584,0,0,0,0
1153,1,0.706734654,0,0,0,0
1154,1,0.706747279,0,0,0,0
1155,1,0.706558067,0,0,0,0
1156,2,0.707255288,0,0,0,0
1157,1,0.706700062,0,0,0,0
1158,1,0.706656376,0,0,0,0
1168,1,0.707248068,0,0,0,0
1169,2,0.704498385,0,0,0,0
1170,2,0.706753599,0,0,0,0
1174,1,0.706648957,0,0,0,0
1193,2,0.706961256,0,0,0,0
1194,2,0.706712544,0,0,0,0
1195,1,0.706647931,0,0,0,0
1196,2,0.705309427,0,0,0,0
1197,2,0.707261771,0,0,0,0
1199,1,0.706759478,0,0,0,0
1200,1,0.706730063,0,0,0,0
1201,2,0.707260708,0,0,0,0
1203,2,0.706502362,0,0,0,0
1204,1,0.706725083,0,0,0,0
1205,1,0.707265784,0,0,0,0
1206,1,0.704689455,0,0,0,0
1207,1,0.704769149,0,0,0,0
1209,1,0.707369995,0,0,0,0
1217,1,0.706689655,0,0,0,0
1218,1,0.707181948,0,0,0,0
1226,1,0.707261056,0,0,0,0
1234,1,0.707264791,0,0,0,0
1235,1,0.704458123,0,0,0,0
1236,1,0.706562683,0,0,0,0
1237,1,0.70661458,0,0,0,0
1238,1,0.706677024,0,0,0,0
1241,1,0.704437402,0,0,0,0
1242,1,0.706638719,0,0,0,0
1249,1,0.707025263,0,0,0,0
1251,2,0.706436348,0,0,0,0
1326,1,0.706759931,0,0,0,0
1411,2,0.706787853,0,0,0,0
1412,2,0.706624645,0,0,0,0
1413,1,0.706674224,0,0,0,0
4921,1,0.70748858,0,0,0,0
4923,1,0.706763462,0,0,0,0
1330,1,0.706768673,0,0,0,0
11501,2,0.706704285,0,0,0,0
11502,1,0.706846009,0,0,0,0
11503,2,0.708154864,0,0,0,0
11504,1,0.707462284,0,0,0,0
11508,1,0.706485488,0,0,0,0
11510,1,0.70814584,0,0,0,0
11511,1,0.706606431,0,0,0,0
12435,1,0.706798274,0,0,0,0
12437,1,0.707976535,0,0,0,0
12440,1,0.706706403,0,0,0,0
12441,1,0.70734442,0,0,0,0
12442,1,0.708898099,0,0,0,0
6308,1,0.706894936,0,0,0,0
6309,1,0.707321656,0,0,0,0
6312,1,0.707737467,0,0,0,0
6313,2,0.708004962,0,0,0,0
6314,1,0.706999153,0,0,0,0
8418,1,0.70755224,0,0,0,0
8420,2,0.708183076,0,0,0,0
8422,1,0.707164599,0,0,0,0
8427,1,0.708253497,0,0,0,0
11750,1,0.708981795,0,0,0,0
11751,2,0.709330786,0,0,0,0
11752,1,0.706985471,0,0,0,0
11753,1,0.707225303,0,0,0,0
11755,2,0.706772064,0,0,0,0
11756,2,0.708908714,0,0,0,0
2109,1,0.705869277,0,0,0,0
2110,1,0.707362517,0,0,0,0
2112,1,0.707268886,0,0,0,0
2113,1,0.70685312,0,0,0,0
2119,1,0.706794269,0,0,0,0
1331,1,0.707317264,0,0,0,0
1332,2,0.70444988100000006,0,0,0,0
1334,1,0.707127104,0,0,0,0
1335,1,0.706673225,0,0,0,0
1336,1,0.706658688,0,0,0,0
1338,1,0.70658166,0,0,0,0
1339,1,0.706961262,0,0,0,0
1340,1,0.706776709,0,0,0,0
1341,1,0.706683785,0,0,0,0
1405,1,0.707336099,0,0,0,0
1406,2,0.707170925,0,0,0,0
1407,1,0.706703181,0,0,0,0
1408,2,0.704423285,0,0,0,0
1409,2,0.706642559,0,0,0,0
1410,2,0.70733267,0,0,0,0
1414,1,0.704416812,0,0,0,0
1415,1,0.706683337,0,0,0,0
1416,1,0.707257999,0,0,0,0
11491,1,0.70733254,0,0,0,0
11492,2,0.7080431,0,0,0,0
11493,1,0.708466194,0,0,0,0
11494,1,0.706797002,0,0,0,0
11495,1,0.708118455,0,0,0,0
12398,1,0.709157186,0,0,0,0
12399,1,0.706758235,0,0,0,0
12400,2,0.709549387,0,0,0,0
1264,2,0.706670754,0,0,0,0
1265,2,0.706656859,0,0,0,0
1267,1,0.706663841,0,0,0,0
1268,1,0.706931542,0,0,0,0
1269,1,0.7069477,0,0,0,0
1273,1,0.706888129,0,0,0,0
1274,1,0.70675512,0,0,0,0
1283,2,0.707033392,0,0,0,0
1284,2,0.70442159,0,0,0,0
1286,1,0.706988097,0,0,0,0
1287,1,0.706673026,0,0,0,0
1288,1,0.707023873,0,0,0,0
1290,1,0.706643767,0,0,0,0
1291,2,0.706734682,0,0,0,0
1292,1,0.706670454,0,0,0,0
1293,2,0.706655444,0,0,0,0
1296,2,0.706413116,0,0,0,0
1348,2,0.706642175,0,0,0,0
1349,2,0.706547178,0,0,0,0
1350,1,0.707137566,0,0,0,0
1769,1,0.707684022,0,0,0,0
1771,2,0.707394939,0,0,0,0
7467,2,0.706104395,0,0,0,0
7468,1,0.70803806,0,0,0,0
7469,1,0.707784636,0,0,0,0
11547,1,0.709690679,0,0,0,0
11548,2,0.709752295,0,0,0,0
11549,1,0.707114888,0,0,0,0
13435,1,0.70774912,0,0,0,0
1346,1,0.706652153,0,0,0,0
1347,2,0.706672068,0,0,0,0
1437,2,0.704421608,0,0,0,0
1309,1,0.707143238,0,0,0,0
1311,1,0.707330559,0,0,0,0
1381,2,0.706781068,0,0,0,0
1382,1,0.707095516,0,0,0,0
1383,2,0.706634096,0,0,0,0
1468,2,0.707324115,0,0,0,0
1469,1,0.706802955,0,0,0,0
1470,1,0.706970456,0,0,0,0
1799,1,0.707487326,0,0,0,0
1800,1,0.706850788,0,0,0,0
1801,1,0.706746515,0,0,0,0
1802,1,0.707680731,0,0,0,0
1803,1,0.706817874,0,0,0,0
1804,2,0.705939771,0,0,0,0
1806,1,0.706626775,0,0,0,0
1807,1,0.706830092,0,0,0,0
1808,1,0.706690374,0,0,0,0
1810,1,0.707097446,0,0,0,0
4957,2,0.706728971,0,0,0,0
4959,2,0.70673324,0,0,0,0
1313,2,0.704422029,0,0,0,0
1316,1,0.706541388,0,0,0,0
1317,2,0.707136716,0,0,0,0
1318,1,0.706504062,0,0,0,0
1319,1,0.706669235,0,0,0,0
1320,1,0.706553761,0,0,0,0
1321,1,0.706763866,0,0,0,0
1322,1,0.706671129,0,0,0,0
1323,1,0.707043854,0,0,0,0
1327,2,0.706662637,0,0,0,0
1328,2,0.707054077,0,0,0,0
1329,2,0.707133473,0,0,0,0
1342,1,0.706797655,0,0,0,0
1343,1,0.706667597,0,0,0,0
1344,1,0.706687341,0,0,0,0
1357,2,0.706684479,0,0,0,0
1358,2,0.706909506,0,0,0,0
1359,2,0.706766434,0,0,0,0
1360,2,0.706145289,0,0,0,0
1361,1,0.706585367,0,0,0,0
1362,1,0.70694729,0,0,0,0
1363,2,0.706679238,0,0,0,0
1364,1,0.706615649,0,0,0,0
1366,1,0.706698444,0,0,0,0
1367,2,0.706702381,0,0,0,0
1368,1,0.704459694,0,0,0,0
1369,2,0.706669038,0,0,0,0
1370,2,0.706763039,0,0,0,0
1371,1,0.707326621,0,0,0,0
1372,2,0.70663532,0,0,0,0
1373,1,0.704594065,0,0,0,0
1374,1,0.704478471,0,0,0,0
1448,2,0.705264427,0,0,0,0
1449,1,0.706634611,0,0,0,0
1778,1,0.706083745,0,0,0,0
1779,2,0.707005189,0,0,0,0
1780,1,0.704461991,0,0,0,0
1781,2,0.707680069,0,0,0,0
1782,2,0.707006529,0,0,0,0
4948,1,0.707954433,0,0,0,0
4949,1,0.70469278,0,0,0,0
4950,2,0.704872251,0,0,0,0
4953,2,0.705211749,0,0,0,0
1375,1,0.707255703,0,0,0,0
1376,2,0.706776926,0,0,0,0
1377,1,0.707333874,0,0,0,0
1378,1,0.706629491,0,0,0,0
1379,1,0.706978268,0,0,0,0
1380,1,0.706606188,0,0,0,0
1384,1,0.706717947,0,0,0,0
1385,1,0.706681025,0,0,0,0
1386,1,0.705843207,0,0,0,0
1387,1,0.704462267,0,0,0,0
1388,1,0.706598454,0,0,0,0
1389,1,0.706742727,0,0,0,0
1390,1,0.706662697,0,0,0,0
1391,1,0.706690144,0,0,0,0
1392,2,0.706759014,0,0,0,0
1393,2,0.70733427,0,0,0,0
1394,1,0.706697857,0,0,0,0
1395,1,0.706625184,0,0,0,0
1396,1,0.706739404,0,0,0,0
1397,2,0.706655168,0,0,0,0
1398,1,0.707190626,0,0,0,0
1399,1,0.706793488,0,0,0,0
1402,1,0.707362877,0,0,0,0
1403,2,0.706266749,0,0,0,0
1404,2,0.7044155,0,0,0,0
1417,2,0.706467631,0,0,0,0
1418,2,0.705283936,0,0,0,0
1419,1,0.706582566,0,0,0,0
1820,1,0.707329013,0,0,0,0
4901,1,0.707171198,0,0,0,0
11531,1,0.709864886,0,0,0,0
4927,2,0.707483786,0,0,0,0
4928,1,0.705479076,0,0,0,0
4929,1,0.70827193,0,0,0,0
7422,1,0.708038987,0,0,0,0
7423,1,0.707450939,0,0,0,0
7424,1,0.709058699,0,0,0,0
7425,1,0.707047343,0,0,0,0
7426,1,0.707540609,0,0,0,0
7479,2,0.705240844,0,0,0,0
7480,1,0.707519545,0,0,0,0
7481,1,0.706019241,0,0,0,0
11505,1,0.706878396,0,0,0,0
1425,1,0.707249615,0,0,0,0
1426,2,0.706743058,0,0,0,0
1428,1,0.706594856,0,0,0,0
1438,2,0.707330308,0,0,0,0
1439,1,0.706582821,0,0,0,0
1441,2,0.706745742,0,0,0,0
1442,2,0.706652163,0,0,0,0
1443,1,0.707346008,0,0,0,0
1444,2,0.706751312,0,0,0,0
1445,2,0.706241706,0,0,0,0
1446,1,0.706640962,0,0,0,0
1450,1,0.705875128,0,0,0,0
1451,2,0.704427299,0,0,0,0
1454,1,0.706729331,0,0,0,0
1455,1,0.706754791,0,0,0,0
1456,1,0.707154692,0,0,0,0
1457,2,0.707311985,0,0,0,0
1458,1,0.706682092,0,0,0,0
1460,1,0.70620879,0,0,0,0
1461,1,0.706696513,0,0,0,0
1462,1,0.704443706,0,0,0,0
1463,1,0.704647023,0,0,0,0
1464,1,0.706746927,0,0,0,0
1465,2,0.704712043,0,0,0,0
1466,2,0.70680341,0,0,0,0
1467,1,0.706742271,0,0,0,0
1751,1,0.707347581,0,0,0,0
1752,1,0.707677809,0,0,0,0
1753,2,0.704544769,0,0,0,0
1754,2,0.70724966,0,0,0,0
1755,1,0.706768728,0,0,0,0
1757,1,0.707246216,0,0,0,0
1759,1,0.706926935,0,0,0,0
1761,2,0.706783098,0,0,0,0
1813,1,0.704469919,0,0,0,0
1815,1,0.70768361,0,0,0,0
1816,1,0.70739019,0,0,0,0
1818,1,0.707290344,0,0,0,0
11532,1,0.706903198,0,0,0,0
11533,1,0.70689209,0,0,0,0
11534,1,0.707518489,0,0,0,0
11536,1,0.707404002,0,0,0,0
12351,1,0.705603112,0,0,0,0
12353,1,0.705952349,0,0,0,0
1762,2,0.707484704,0,0,0,0
1763,1,0.704445534,0,0,0,0
1764,1,0.706669545,0,0,0,0
1765,2,0.706717654,0,0,0,0
1766,2,0.706792927,0,0,0,0
1768,2,0.706753437,0,0,0,0
1773,2,0.706657032,0,0,0,0
1774,1,0.707183904,0,0,0,0
1776,1,0.704727427,0,0,0,0
1777,1,0.707029012,0,0,0,0
1786,2,0.706656905,0,0,0,0
1791,2,0.706766083,0,0,0,0
1792,2,0.706746996,0,0,0,0
1794,1,0.706728387,0,0,0,0
1795,2,0.706778708,0,0,0,0
1796,1,0.704472367,0,0,0,0
1797,2,0.707684784,0,0,0,0
1798,2,0.706774124,0,0,0,0
1811,1,0.707496642,0,0,0,0
1812,1,0.704448399,0,0,0,0
4902,1,0.706102492,0,0,0,0
4903,1,0.706809908,0,0,0,0
4907,2,0.707857418,0,0,0,0
4908,1,0.705471983,0,0,0,0
4909,2,0.707840355,0,0,0,0
4911,2,0.707147133,0,0,0,0
4913,2,0.707850606,0,0,0,0
4915,1,0.704831924,0,0,0,0
4916,2,0.70718495,0,0,0,0
4917,1,0.706879909,0,0,0,0
4918,2,0.707943816,0,0,0,0
4919,2,0.707699275,0,0,0,0
4920,1,0.705719766,0,0,0,0
4924,1,0.707839431,0,0,0,0
4925,2,0.705848609,0,0,0,0
4926,1,0.707133661,0,0,0,0
4931,1,0.706839819,0,0,0,0
4932,2,0.705761624,0,0,0,0
4938,1,0.706769554,0,0,0,0
4939,2,0.70673515,0,0,0,0
4940,2,0.707709524,0,0,0,0
4941,1,0.70509113,0,0,0,0
4942,2,0.704905803,0,0,0,0
4945,1,0.707730605,0,0,0,0
4946,2,0.704679989,0,0,0,0
4947,1,0.707199278,0,0,0,0
4954,1,0.706752409,0,0,0,0
4955,2,0.707873528,0,0,0,0
4956,1,0.707568884,0,0,0,0
4960,1,0.707878256,0,0,0,0
4961,2,0.707813866,0,0,0,0
4962,2,0.707561201,0,0,0,0
7446,1,0.70730091,0,0,0,0
7447,1,0.709067309,0,0,0,0
7448,1,0.707615528,0,0,0,0
1485,1,0.706596621,0,0,0,0
1486,1,0.706709503,0,0,0,0
1487,1,0.70727016,0,0,0,0
7482,1,0.705059277,0,0,0,0
7483,1,0.708288313,0,0,0,0
7484,2,0.707057624,0,0,0,0
13417,1,0.709691157,0,0,0,0
13418,2,0.706721885,0,0,0,0
2098,2,0.707353341,0,0,0,0
2099,2,0.706948451,0,0,0,0
2100,2,0.707728541,0,0,0,0
1734,1,0.707493315,0,0,0,0
1735,1,0.704455185,0,0,0,0
1736,1,0.704824876,0,0,0,0
1500,2,0.706638435,0,0,0,0
1501,1,0.706686711,0,0,0,0
4963,1,0.704920652,0,0,0,0
4966,1,0.706758832,0,0,0,0
4967,1,0.707568912,0,0,0,0
4968,1,0.70751841,0,0,0,0
7428,2,0.708878169,0,0,0,0
7429,1,0.708961496,0,0,0,0
7430,1,0.707046198,0,0,0,0
7431,1,0.707115498,0,0,0,0
7432,2,0.706223697,0,0,0,0
7434,1,0.708861656,0,0,0,0
7435,2,0.708046526,0,0,0,0
7440,5,0.70781397,68.5120727753859,3.7350151510857275e-4,0.7059480983967497,48.475267639881224
7441,3,0.707595005,0,0,0,0
7443,3,0.705897116,65.87872067674772,3.5914549055972766e-4,0.6788140498833233,46.61205663778482
7445,3,0.708837095,96.34339841172833,5.252272164566211e-4,0.9927219560969843,68.16713951503903
7453,3,0.708848684,96.13098402937945,5.240692148019601e-4,0.99053323922977,68.0168471122872
7455,5,0.70803294,76.98875496016683,4.1971313170188914e-4,0.7932917945753535,54.472888511061385
7461,5,0.706925426,57.47021651623875,3.1330555437733933e-4,0.5921728597687972,40.66267468041736
7463,5,0.706946002,57.10599645704823,3.113199664593298e-4,0.5884199378709812,40.40497316689058
7464,3,0.70620737200000006,62.968443978413795,3.432797794203704e-4,0.6488265715051283,44.552909451852194
7477,3,0.707290961,0,0,0,0
7478,3,0.705844727,65.77406289162344,3.5857493649927793e-4,0.6777356565228841,46.53800670849529
13399,5,0.709352451,87.64238762568694,4.777926464616808e-4,0.9030667789915807,62.0107964136757
13401,3,0.705869784,65.85214774626915,3.590006251456107e-4,0.678540242523828,46.593255135148226
11481,6,0.707481491,58.90426671747322,3.211234454614237e-4,0.606949306773779,41.67732749265634
11482,4,0.705974066,65.46468726721898,3.5688833938183907e-4,0.6745478514413672,46.31911001501137
11483,5,0.709224203,90.32376659952513,4.924104950938804e-4,0.9306956962171322,63.907988516254356
11500,5,0.70924007,90.17294399484132,4.915882681624795e-4,0.929141620757748,63.80127497173556
11512,6,0.708388925,89.74321325434134,4.892455411632295e-4,0.9247136770860804,63.4972218054109
11517,5,0.709257427,89.97867060825017,4.905291642513344e-4,0.9271398286315231,63.66381811152369
12329,3,0.706446865,59.81672078110414,3.260977946735754e-4,0.6163512294569015,42.32292837950465
12330,3,0.706845255,57.271531616621914,3.1222240059100776e-4,0.5901256114316392,40.522096483104534
12375,3,0.709405932,86.54577314887963,4.718143253864983e-4,0.8917672682160931,61.23489403461207
1590,4,0.704745821,26.17999987304051,1.427233073239594e-4,0.2697586042534676,18.523487164347394
1591,4,0.704922598,35.11760432855542,1.9144769516316745e-4,0.3618516414949252,24.84723056444685
1479,7,0.70868493,0,0,0,0
1482,7,0.707016446,0,0,0,0
1484,4,0.704935736,35.8206018556447,1.9528016776031471e-4,0.3690953249411016,25.344631852940207
11523,5,0.709234523,90.22858510666713,4.918916021403813e-4,0.9297149465307819,63.84064347539153
11527,5,0.70923353,90.23821540959024,4.919441028542997e-4,0.9298141771300056,63.84745733304815
11530,3,0.707584877,61.8226390713984,3.37033291006684e-4,0.6370202027517984,43.74220270659349
11537,4,0.706275171,62.671765784766976,3.4166240382015983e-4,0.645769600694635,44.34299674220326
12332,6,0.707310637,56.30863635754218,3.069730653484992e-4,0.5802039428911013,39.84080625932032
12338,7,0.709186659,0,0,0,0
12342,3,0.706259231,62.956876511785175,3.432167180337164e-4,0.6487073803795509,44.54472496672391
12344,7,0.70918574,91.83575216237253,5.006532598456816e-4,0.9462751888475017,64.97778398233164
12346,7,0.708753899,96.19201974656487,5.244019580969882e-4,0.9911621509928483,68.06003253357571
12350,3,0.706879152,57.643899956667866,3.142524098076548e-4,0.5939624931797716,40.78556325929629
12354,4,0.706999227,56.793990830704175,3.0961903158112293e-4,0.5852050332609751,40.18421563278762
1491,4,0.704682049,22.918603074804132,1.249434242148153e-4,0.2361531859006983,16.215907255144018
1492,3,0.705450735,58.16335225169416,3.1708426427299875e-4,0.5993149273570861,41.15309832293541
1495,4,0.704924801,35.18452222456926,1.9181250583866674e-4,0.36254116320293944,24.894577882777202
1497,3,0.707078536,0,0,0,0
1576,3,0.706696758,0,0,0,0
12359,7,0.709312036,88.90968287402737,4.8470145356925234e-4,0.9161249836908638,62.907462852938984
12360,3,0.70939831,86.71338441381866,4.7272807764749375e-4,0.8934943339573604,61.35348628555762
12383,4,0.706586705,59.05728455710096,3.2195763997086395e-4,0.6085260019244297,41.785594261258545
12386,3,0.70686969,57.40121771967774,3.1292939943103234e-4,0.591461896470641,40.61385503455596
12395,5,0.708977475,93.88345370924135,5.118165424506775e-4,0.9673746966354996,66.42662177850363
12403,3,0.707408714,0,0,0,0
12409,6,0.707300175,55.801883721317736,3.042104445468251e-4,0.5749823659425681,39.48225675595424
12412,3,0.706182817,63.3542362969464,3.453829710135015e-4,0.6528017738689081,44.825874275958306
1656,3,0.706658869,0,0,0,0
1885,7,0.708709062,0,0,0,0
1924,3,0.705012496,39.47726041600594,2.1521486623319949e-4,0.4067735187630323,27.931876628942028
2072,5,0.705106807,44.065379308857914,2.4022752879847723e-4,0.4540494757793366,31.178170052639167
12419,3,0.70628432,62.50198080897165,3.407368013221865e-4,0.6440201370462061,44.2228664964013
12421,3,0.706973319,56.768866966509265,3.0948206592000587e-4,0.5849461570741324,40.16643940749388
12427,3,0.709400424,86.66744708767187,4.7247764498328126e-4,0.8930209959495459,61.32098363180014
12428,4,0.707420626,0,0,0,0
12429,3,0.707465833,0,0,0,0
12430,4,0.706591845,59.26180215586215,3.230725913934272e-4,0.6106333503680752,41.93029934658735
1542,3,0.704176298,8.818366400182052,4.807434774377216e-5,0.09086440884052271,6.239377296273213
1848,3,0.705299844,53.29107595049771,2.905224846215406e-4,0.5491110136473129,37.705751189091266
1970,3,0.706081818,0,0,0,0
1971,4,0.70498968,38.738464894266755,2.111872367140974e-4,0.39916097293646396,27.409146704175846
12434,3,0.707443649,0,0,0,0
13371,3,0.709642334,75.41669011441438,4.1114283776752704e-4,0.7770932452765497,53.36058434249627
13372,3,0.706029439,64.88258237896267,3.53714927034082e-4,0.6685498452172783,45.90724552004537
13390,4,0.709532927,82.15231867630811,4.4786289849789977e-4,0.8464971325354391,58.12633414444842
13391,7,0.709433818,85.8861930437361,4.6821854790339335e-4,0.884970957695859,60.76821245818981
13392,5,0.709401474,86.64447326832986,4.7235240054117823e-4,0.8927842738154691,61.30472865663736
1509,3,0.707336115,0,0,0,0
1513,3,0.707345545,0,0,0,0
1514,3,0.705443755,57.973888459653935,3.160513804246697e-4,0.5973626932720901,41.019044459796184
1516,7,0.70702106,0,0,0,0
1587,3,0.706967684,0,0,0,0
1593,3,0.705063716,42.032566783239695,2.2914541542060163e-4,0.4331033844012218,29.739866885778202
13408,7,0.709445334,85.59287419238872,4.6661948614755763e-4,0.8819486015337346,60.56067662914692
13413,3,0.706447807,59.794306415146195,3.2597560015651655e-4,0.6161202719280487,42.30706924191366
13431,3,0.707847373,69.4077468257372,3.7838438613112095e-4,0.7151771198963879,49.10899593841366
13437,3,0.707901252,70.9600867909551,3.8684714759030684e-4,0.7311724241123854,50.20734389715556
13439,4,0.709552576,81.51166129821956,4.4437028045719255e-4,0.8398958017120642,57.67304121941719
1611,7,0.707030547,0,0,0,0
1615,4,0.704891605,33.878512683417576,1.8469264327129666e-4,0.34908404659975767,23.97051939960851
1616,3,0.704248449,10.483214080499941,5.715045806760292e-5,0.1080189920611153,7.4173293507619125
1683,4,0.706697059,0,0,0,0
1685,3,0.706665976,0,0,0,0
1691,4,0.706702762,0,0,0,0
1506,6,0.706614901,0,0,0,0
1534,3,0.707353625,0,0,0,0
1538,3,0.707362054,0,0,0,0
1550,3,0.707393047,0,0,0,0
1555,5,0.705049642,41.56513072506741,2.265971335066081e-4,0.42828692530107704,29.40913556928864
1558,6,0.706645575,0,0,0,0
1563,3,0.704598363,19.527713995758162,1.0645759891011374e-4,0.20121347965250522,13.816705932148022
1570,3,0.70540973,57.01410903135052,3.1081903149520986e-4,0.5874731302382515,40.33995882163731
1572,3,0.706601089,59.09003472366242,3.2213618130431433e-4,0.6088634594975212,41.80876642676174
1574,3,0.707103507,0,0,0,0
1585,4,0.704734555,25.911874409238326,1.4126159024385255e-4,0.26699584064648324,18.333776751388648
1599,4,0.706985168,0,0,0,0
1706,3,0.70668304,0,0,0,0
1832,6,0.707253496,0,0,0,0
1937,4,0.705021487,39.765984557312464,2.167888793940617e-4,0.40974853105298015,28.13616150103769
2012,5,0.706943206,0,0,0,0
1603,3,0.706797836,0,0,0,0
1622,3,0.706960455,0,0,0,0
1628,4,0.704595551,19.178932120470996,1.0455617404315266e-4,0.19761963273414596,13.569927604364612
1629,3,0.704591443,19.10832239851467,1.0417123695011585e-4,0.19689207046775806,13.519968158807735
1631,4,0.704810054,28.637647506550493,1.5612145859181535e-4,0.29508219472625447,20.262379624797347
1638,4,0.704587369,19.03812618413265,1.037885541416052e-4,0.1961687689816083,13.470301287822373
1916,4,0.70674398,0,0,0,0
1912,5,0.705004976,39.234697647543165,2.1389250715311739e-4,0.40427415305708525,27.760252933374492
1995,3,0.706811121,0,0,0,0
2134,3,0.70661069,58.91468985359679,3.2118026839753744e-4,0.6070567067228346,41.68470231424279
2135,3,0.706871315,0,0,0,0
2158,3,0.706238015,63.03419836995615,3.436382471162264e-4,0.6495041044681543,44.59943354022656
1651,3,0.706780422,0,0,0,0
1654,3,0.706696585,0,0,0,0
7436,1,0.707050261,0,0,0,0
7437,1,0.705065609,0,0,0,0
7438,2,0.707552702,0,0,0,0
7439,1,0.707054447,0,0,0,0
7442,1,0.70786337,0,0,0,0
7444,1,0.705083777,0,0,0,0
7449,1,0.708080853,0,0,0,0
7450,1,0.707441113,0,0,0,0
7451,2,0.707921235,0,0,0,0
7452,1,0.70746949,0,0,0,0
7454,2,0.707463869,0,0,0,0
7456,1,0.706549732,0,0,0,0
7457,1,0.707042259,0,0,0,0
7458,2,0.707464309,0,0,0,0
7459,1,0.705940711,0,0,0,0
7460,1,0.707141617,0,0,0,0
7462,1,0.707258708,0,0,0,0
7476,1,0.707071958,0,0,0,0
12443,2,0.706396371,0,0,0,0
12444,2,0.709461952,0,0,0,0
12445,1,0.707579408,0,0,0,0
13398,1,0.70895529,0,0,0,0
13400,1,0.705882402,0,0,0,0
13402,1,0.706683609,0,0,0,0
13403,1,0.70953491,0,0,0,0
7485,1,0.705836717,0,0,0,0
7486,2,0.707826807,0,0,0,0
7487,2,0.707244431,0,0,0,0
7488,2,0.70705425,0,0,0,0
7489,2,0.708233692,0,0,0,0
7490,2,0.70746307,0,0,0,0
11484,2,0.708129231,0,0,0,0
11485,1,0.709212645,0,0,0,0
11486,2,0.7066278,0,0,0,0
11487,2,0.70673616,0,0,0,0
11488,1,0.707487995,0,0,0,0
11489,1,0.707777753,0,0,0,0
11496,1,0.707495081,0,0,0,0
11497,2,0.7065758,0,0,0,0
11498,2,0.705535376,0,0,0,0
11499,1,0.708132292,0,0,0,0
11513,2,0.705451654,0,0,0,0
11518,1,0.707461327,0,0,0,0
11519,1,0.709022546,0,0,0,0
12331,1,0.709695619,0,0,0,0
12374,1,0.707329638,0,0,0,0
12376,1,0.707039171,0,0,0,0
12377,1,0.706710459,0,0,0,0
12378,2,0.706308236,0,0,0,0
12379,1,0.709808372,0,0,0,0
1592,2,0.706634682,0,0,0,0
1480,2,0.706686287,0,0,0,0
1481,1,0.706765463,0,0,0,0
1483,1,0.706677647,0,0,0,0
1488,1,0.706648204,0,0,0,0
1489,2,0.706645266,0,0,0,0
1490,1,0.704441102,0,0,0,0
11524,1,0.706908673,0,0,0,0
11525,2,0.707475357,0,0,0,0
11526,1,0.70893324,0,0,0,0
11528,1,0.706947817,0,0,0,0
11529,1,0.707384716,0,0,0,0
11538,1,0.709764186,0,0,0,0
11539,1,0.707340738,0,0,0,0
11540,1,0.706939383,0,0,0,0
11541,1,0.707109513,0,0,0,0
11542,2,0.70798391,0,0,0,0
12324,1,0.708014759,0,0,0,0
12325,2,0.709833205,0,0,0,0
12326,1,0.706785888,0,0,0,0
12327,1,0.705682871,0,0,0,0
12328,2,0.70706293,0,0,0,0
12333,2,0.708983661,0,0,0,0
12334,2,0.707890059,0,0,0,0
12339,1,0.707881258,0,0,0,0
12340,2,0.706340343,0,0,0,0
12341,2,0.707192526,0,0,0,0
12343,1,0.707187589,0,0,0,0
12345,1,0.706925442,0,0,0,0
12347,1,0.706564213,0,0,0,0
12348,1,0.706717764,0,0,0,0
12349,1,0.706471292,0,0,0,0
12355,1,0.709199434,0,0,0,0
12356,1,0.707177616,0,0,0,0
12387,1,0.706556879,0,0,0,0
12388,1,0.70664285,0,0,0,0
12389,1,0.707900605,0,0,0,0
13380,1,0.70688748,0,0,0,0
13381,1,0.705865036,0,0,0,0
13382,1,0.707473227,0,0,0,0
1493,2,0.704497645,0,0,0,0
1494,1,0.707123841,0,0,0,0
1496,1,0.704430202,0,0,0,0
1498,2,0.704500039,0,0,0,0
1499,1,0.704465248,0,0,0,0
1575,1,0.707352717,0,0,0,0
1577,2,0.704574364,0,0,0,0
1578,2,0.70666235,0,0,0,0
1579,1,0.70734689,0,0,0,0
1580,2,0.706643245,0,0,0,0
12357,1,0.709676907,0,0,0,0
12358,1,0.709071934,0,0,0,0
12361,2,0.709205799,0,0,0,0
12362,1,0.707664079,0,0,0,0
12363,1,0.705659511,0,0,0,0
12364,1,0.707186147,0,0,0,0
12365,2,0.706186462,0,0,0,0
12366,1,0.7066057,0,0,0,0
12367,1,0.707029018,0,0,0,0
12380,2,0.705819708,0,0,0,0
12381,2,0.709172975,0,0,0,0
12382,2,0.707028656,0,0,0,0
12384,2,0.709574354,0,0,0,0
12385,1,0.709401517,0,0,0,0
12390,1,0.709704153,0,0,0,0
12391,1,0.709682039,0,0,0,0
12392,2,0.709379775,0,0,0,0
12393,1,0.706972812,0,0,0,0
12394,1,0.707656869,0,0,0,0
12396,2,0.707791851,0,0,0,0
12397,1,0.705703345,0,0,0,0
12401,1,0.70914398,0,0,0,0
12402,1,0.709122847,0,0,0,0
12404,1,0.706813364,0,0,0,0
12405,1,0.709703978,0,0,0,0
12406,1,0.70594107,0,0,0,0
12407,2,0.706983926,0,0,0,0
12408,1,0.707106589,0,0,0,0
12410,1,0.706998051,0,0,0,0
12411,1,0.706882666,0,0,0,0
12413,1,0.709650952,0,0,0,0
12414,2,0.707504167,0,0,0,0
12415,1,0.707134464,0,0,0,0
13422,1,0.707762971,0,0,0,0
13423,2,0.706935852,0,0,0,0
13424,1,0.709510391,0,0,0,0
1527,2,0.706625118,0,0,0,0
1528,2,0.706676328,0,0,0,0
1529,2,0.706707727,0,0,0,0
1530,2,0.704521952,0,0,0,0
1531,1,0.706758377,0,0,0,0
1532,1,0.704466204,0,0,0,0
1657,2,0.706670042,0,0,0,0
1658,2,0.707204801,0,0,0,0
1886,2,0.704458494,0,0,0,0
1887,1,0.704469806,0,0,0,0
1888,1,0.707296667,0,0,0,0
1889,1,0.704477702,0,0,0,0
1890,1,0.704417324,0,0,0,0
1981,1,0.706943504,0,0,0,0
1982,2,0.707380098,0,0,0,0
1983,2,0.706070329,0,0,0,0
12416,1,0.707447571,0,0,0,0
12417,1,0.706546823,0,0,0,0
12418,1,0.706970797,0,0,0,0
12449,2,0.707238577,0,0,0,0
12450,2,0.706299361,0,0,0,0
12451,2,0.70670235,0,0,0,0
1635,1,0.704768136,0,0,0,0
1636,1,0.706694308,0,0,0,0
1637,1,0.704465033,0,0,0,0
2056,1,0.706649544,0,0,0,0
2057,1,0.706433455,0,0,0,0
2058,1,0.707175585,0,0,0,0
2071,1,0.704475259,0,0,0,0
2073,2,0.704975009,0,0,0,0
12420,1,0.707547106,0,0,0,0
12422,1,0.709564805,0,0,0,0
12423,1,0.706863394,0,0,0,0
12424,1,0.709709411,0,0,0,0
12425,1,0.70769041,0,0,0,0
12426,1,0.707081761,0,0,0,0
12431,2,0.708007797,0,0,0,0
12432,1,0.707594508,0,0,0,0
12433,1,0.706507524,0,0,0,0
1543,2,0.704485469,0,0,0,0
1544,1,0.706826639,0,0,0,0
1843,1,0.704810437,0,0,0,0
1844,2,0.707339715,0,0,0,0
1845,1,0.707105859,0,0,0,0
1846,2,0.707101972,0,0,0,0
1847,1,0.707102445,0,0,0,0
1891,1,0.706719559,0,0,0,0
1892,1,0.706776154,0,0,0,0
1893,1,0.704439854,0,0,0,0
1969,1,0.707343955,0,0,0,0
1972,1,0.704381122,0,0,0,0
1973,1,0.707670186,0,0,0,0
1974,1,0.706953627,0,0,0,0
1978,2,0.706806793,0,0,0,0
1979,1,0.704442112,0,0,0,0
1980,1,0.706700383,0,0,0,0
12446,1,0.709737391,0,0,0,0
12447,1,0.707216943,0,0,0,0
12448,1,0.706654717,0,0,0,0
12452,1,0.709538653,0,0,0,0
12453,1,0.707958327,0,0,0,0
12454,1,0.707966533,0,0,0,0
12455,2,0.707107169,0,0,0,0
12456,2,0.709161322,0,0,0,0
12457,1,0.706063306,0,0,0,0
12458,1,0.707242944,0,0,0,0
12459,1,0.706539387,0,0,0,0
12460,2,0.706993001,0,0,0,0
13373,1,0.709572921,0,0,0,0
13374,1,0.709774268,0,0,0,0
13375,2,0.709361669,0,0,0,0
13376,1,0.70961999,0,0,0,0
13377,1,0.707774461,0,0,0,0
13378,1,0.709686662,0,0,0,0
13379,2,0.705728893,0,0,0,0
13383,2,0.706629998,0,0,0,0
13384,1,0.708011747,0,0,0,0
13385,2,0.707604445,0,0,0,0
13386,1,0.708005069,0,0,0,0
13387,1,0.706947701,0,0,0,0
13388,1,0.707729852,0,0,0,0
13389,1,0.707582509,0,0,0,0
13393,2,0.707744637,0,0,0,0
13394,1,0.706999956,0,0,0,0
1510,2,0.706627761,0,0,0,0
1511,1,0.704480391,0,0,0,0
1512,1,0.706727252,0,0,0,0
1515,2,0.704520417,0,0,0,0
1517,1,0.706697118,0,0,0,0
1588,2,0.70676678,0,0,0,0
1589,2,0.706730803,0,0,0,0
1594,2,0.70667153,0,0,0,0
1595,1,0.7055303,0,0,0,0
1596,1,0.707180878,0,0,0,0
1597,1,0.70693717,0,0,0,0
1598,1,0.706666744,0,0,0,0
13395,1,0.705923615,0,0,0,0
13396,2,0.707297425,0,0,0,0
13397,2,0.709342854,0,0,0,0
13404,1,0.7078322,0,0,0,0
13405,2,0.707900865,0,0,0,0
13406,2,0.709362287,0,0,0,0
13407,1,0.707752855,0,0,0,0
13409,2,0.707743894,0,0,0,0
13410,1,0.707864941,0,0,0,0
13411,1,0.705682208,0,0,0,0
13412,2,0.705768157,0,0,0,0
13414,1,0.709384146,0,0,0,0
13415,2,0.709845942,0,0,0,0
13419,1,0.707732916,0,0,0,0
13420,1,0.707748483,0,0,0,0
13421,2,0.707603259,0,0,0,0
13425,2,0.707832325,0,0,0,0
13426,1,0.706017693,0,0,0,0
13427,2,0.707758948,0,0,0,0
13428,1,0.709342322,0,0,0,0
13429,2,0.709671656,0,0,0,0
13430,1,0.707740315,0,0,0,0
13432,1,0.709580492,0,0,0,0
13433,1,0.709579926,0,0,0,0
13438,2,0.709272365,0,0,0,0
13440,2,0.707754593,0,0,0,0
1471,1,0.707021676,0,0,0,0
1472,1,0.706687465,0,0,0,0
1473,1,0.704710511,0,0,0,0
1474,2,0.70697955,0,0,0,0
1475,1,0.706612124,0,0,0,0
1476,2,0.706800435,0,0,0,0
1477,2,0.705276967,0,0,0,0
1478,1,0.706664743,0,0,0,0
1612,1,0.707282172,0,0,0,0
1613,2,0.70675212,0,0,0,0
1614,2,0.70449013,0,0,0,0
1684,1,0.706726214,0,0,0,0
1686,1,0.706701449,0,0,0,0
1687,1,0.70670017,0,0,0,0
1688,1,0.707165611,0,0,0,0
1689,1,0.707349861,0,0,0,0
1690,1,0.706754926,0,0,0,0
1503,1,0.706928936,0,0,0,0
1504,1,0.704888012,0,0,0,0
1505,1,0.706484051,0,0,0,0
1507,2,0.70718507,0,0,0,0
1508,2,0.706682234,0,0,0,0
1518,1,0.706608225,0,0,0,0
1519,1,0.706660019,0,0,0,0
1520,1,0.706633348,0,0,0,0
1521,1,0.706682828,0,0,0,0
1522,1,0.706646407,0,0,0,0
1523,1,0.70679459,0,0,0,0
1524,1,0.70670551,0,0,0,0
1525,2,0.706914661,0,0,0,0
1526,2,0.704676482,0,0,0,0
1533,1,0.706676634,0,0,0,0
1535,2,0.705926515,0,0,0,0
1536,2,0.706712014,0,0,0,0
1537,1,0.704463918,0,0,0,0
1539,1,0.706611991,0,0,0,0
1540,1,0.706703901,0,0,0,0
1541,2,0.706654373,0,0,0,0
1545,1,0.706565556,0,0,0,0
1546,2,0.706720418,0,0,0,0
1547,2,0.70536575,0,0,0,0
1548,1,0.70449243,0,0,0,0
1549,1,0.705113223,0,0,0,0
1551,2,0.706625164,0,0,0,0
1552,1,0.706713228,0,0,0,0
1553,1,0.707253932,0,0,0,0
1554,2,0.707118929,0,0,0,0
1556,1,0.707121456,0,0,0,0
1557,1,0.707196501,0,0,0,0
1559,1,0.70443079,0,0,0,0
1560,1,0.706740506,0,0,0,0
1561,1,0.707012136,0,0,0,0
1562,1,0.70662577,0,0,0,0
1564,2,0.707115326,0,0,0,0
1565,1,0.707337382,0,0,0,0
1566,1,0.706806082,0,0,0,0
1567,1,0.706964264,0,0,0,0
1568,2,0.706965701,0,0,0,0
1569,2,0.706660564,0,0,0,0
1571,2,0.706728429,0,0,0,0
1573,2,0.707025657,0,0,0,0
1581,1,0.706673068,0,0,0,0
1582,1,0.707365486,0,0,0,0
1583,1,0.706634002,0,0,0,0
1584,1,0.706735734,0,0,0,0
1586,1,0.704458648,0,0,0,0
1600,1,0.706687169,0,0,0,0
1601,1,0.707189507,0,0,0,0
1659,1,0.707284363,0,0,0,0
1660,1,0.707039242,0,0,0,0
1661,1,0.707129849,0,0,0,0
1704,1,0.704461189,0,0,0,0
1705,2,0.70594676,0,0,0,0
1831,1,0.706784283,0,0,0,0
1833,2,0.707689916,0,0,0,0
1834,2,0.706736937,0,0,0,0
1835,2,0.706729781,0,0,0,0
1836,2,0.707096755,0,0,0,0
1936,1,0.70661421,0,0,0,0
1938,1,0.706593214,0,0,0,0
2011,2,0.706805454,0,0,0,0
2013,1,0.706600149,0,0,0,0
1602,2,0.706744861,0,0,0,0
1604,1,0.704562259,0,0,0,0
1605,2,0.704449118,0,0,0,0
1606,1,0.704452894,0,0,0,0
1607,1,0.706748198,0,0,0,0
1608,1,0.704774655,0,0,0,0
1609,1,0.704486389,0,0,0,0
1610,1,0.707476801,0,0,0,0
1617,1,0.706790153,0,0,0,0
1618,2,0.706739248,0,0,0,0
1619,1,0.706512751,0,0,0,0
1620,1,0.706664019,0,0,0,0
1621,2,0.706734792,0,0,0,0
1623,1,0.706587805,0,0,0,0
1624,1,0.704450423,0,0,0,0
1625,1,0.707304,0,0,0,0
1626,1,0.705240624,0,0,0,0
1627,1,0.707462742,0,0,0,0
1630,1,0.704501042,0,0,0,0
1632,1,0.706682491,0,0,0,0
1633,1,0.706554996,0,0,0,0
1634,1,0.706545212,0,0,0,0
1639,1,0.707020597,0,0,0,0
1640,2,0.707300823,0,0,0,0
1915,1,0.707252891,0,0,0,0
1917,2,0.706743376,0,0,0,0
1909,1,0.706786561,0,0,0,0
1910,1,0.706803023,0,0,0,0
1911,2,0.705997037,0,0,0,0
1913,1,0.705834757,0,0,0,0
1914,1,0.706818756,0,0,0,0
1993,1,0.707715396,0,0,0,0
1994,1,0.706741006,0,0,0,0
2136,1,0.707735148,0,0,0,0
1644,1,0.706582955,0,0,0,0
1645,2,0.706545304,0,0,0,0
1646,1,0.706732178,0,0,0,0
1647,1,0.706712874,0,0,0,0
1648,2,0.704496937,0,0,0,0
1649,1,0.706805845,0,0,0,0
1650,1,0.70682524,0,0,0,0
1652,1,0.704973514,0,0,0,0
1653,2,0.706763584,0,0,0,0
1655,7,0.708688687,0,0,0,0
1663,3,0.706795801,0,0,0,0
1669,3,0.706599842,59.11332833200841,3.2226316911328185e-4,0.6091034767360968,41.8252476665364
1672,4,0.704623441,20.57712227571312,1.1217856992518824e-4,0.21202657798197455,14.55920787631048
1939,6,0.706904639,0,0,0,0
2015,5,0.705013953,39.52414514372704,2.1547046376703405e-4,0.4072566187925274,27.96504961046828
2016,7,0.708730416,0,0,0,0
2018,4,0.706770813,0,0,0,0
2095,4,0.706794611,0,0,0,0
2096,6,0.706764557,0,0,0,0
1956,6,0.706848183,0,0,0,0
1957,6,0.707292412,0,0,0,0
2030,6,0.70673265,0,0,0,0
2031,5,0.705130663,45.163607320085895,2.46214646243794e-4,0.4653656124064417,31.95521407739705
2033,5,0.705109016,44.139081390287004,2.406293242480277e-4,0.45480890170421445,31.230317476854523
2034,5,0.706947125,0,0,0,0
2273,6,0.707304632,0,0,0,0
1676,3,0.706158948,63.68555781117103,3.471892086959706e-4,0.6562157093032019,45.06029863981524
1682,4,0.704888261,33.4792612442918,1.8251607772040983e-4,0.34497016151621857,23.68803166302111
1699,5,0.705055759,41.76876251142437,2.2770725582005696e-4,0.4303851463375813,29.553213903861913
1700,3,0.706693087,0,0,0,0
1703,3,0.706687156,0,0,0,0
1714,3,0.706600995,59.09179193309577,3.2214576093545275e-4,0.6088815657758412,41.81000972876867
1715,7,0.708694405,0,0,0,0
1716,3,0.706676645,0,0,0,0
1718,3,0.706814466,0,0,0,0
1720,3,0.706828424,0,0,0,0
1730,3,0.706805106,0,0,0,0
1852,3,0.705183918,48.18614663199535,2.626923700483931e-4,0.49650984426419514,34.09379193910075
1854,6,0.706647004,0,0,0,0
1856,3,0.706594296,59.216464776118514,3.228254294066513e-4,0.6101661942053761,41.898221180971646
1857,6,0.706698391,0,0,0,0
1741,6,0.706999917,0,0,0,0
1744,4,0.706814775,0,0,0,0
1745,3,0.706821266,0,0,0,0
1749,7,0.707050492,0,0,0,0
1822,4,0.706999477,0,0,0,0
1827,7,0.708703557,0,0,0,0
1837,3,0.706491242,59.69327784975821,3.2542483120860617e-4,0.6150792740319083,42.23558714324016
1840,3,0.706725518,0,0,0,0
1849,6,0.706807684,0,0,0,0
1851,3,0.707127636,0,0,0,0
1858,3,0.706515879,59.43265748124411,3.2400402902637903e-4,0.6123938428939659,42.05118691121763
1861,3,0.704518897,16.977348482561364,9.255398536184752e-5,0.17493452455271494,12.012211544172741
1863,3,0.706568292,58.239028567013676,3.174968224876997e-4,0.6000946957793412,41.206642603388595
1864,3,0.704489456,16.20673780847232,8.835291184777186e-5,0.1669941555354044,11.466971017074918
1865,6,0.706661252,0,0,0,0
1868,4,0.706399172,60.6326651313095,3.305460099836728e-4,0.6247587164747513,42.90024445174096
1871,3,0.704504749,16.75010641053341,9.131514883624548e-5,0.1725930232358623,11.851427906860955
1874,4,0.706442636,59.91683635233874,3.266435863279117e-4,0.6173828198652763,42.39376449515434
1877,6,0.706754053,0,0,0,0
1878,3,0.704498014,16.641369171503715,9.072235515943667e-5,0.17147259520021388,11.774491586722647
2060,3,0.706828526,0,0,0,0
2061,6,0.706788988,0,0,0,0
2598,4,0.706866814,0,0,0,0
2162,3,0.706860232,0,0,0,0
2348,3,0.706891119,0,0,0,0
2349,3,0.706755828,0,0,0,0
1879,3,0.704487871,16.18197246802788,8.821790072048481e-5,0.16673897357571948,11.449448462908842
1880,3,0.706736586,0,0,0,0
1882,4,0.70673415,0,0,0,0
1884,5,0.705068656,42.195711578453384,2.3003481820358507e-4,0.43478442765796316,29.855298915370494
1900,7,0.708715088,0,0,0,0
1905,3,0.707403356,0,0,0,0
3079,5,0.706819099,0,0,0,0
3080,4,0.706660082,0,0,0,0
3081,3,0.705039266,40.33252883364628,2.1987746126021703e-4,0.41558620079983843,28.537016187118528
5376,4,0.707637078,63.247371974579785,3.448003877592211e-4,0.6517006443583692,44.75026312571827
5377,5,0.707940224,0,0,0,0
5379,4,0.706900503,0,0,0,0
2086,4,0.706889436,0,0,0,0
8940,5,0.706994798,57.08524227849579,3.1120682264656585e-4,0.5882060869058979,40.390288684007196
8941,4,0.70798164,0,0,0,0
8942,4,0.707981649,0,0,0,0
12568,3,0.706554773,58.843122189661514,3.2079010897263956e-4,0.606319273826483,41.634065083123
2604,3,0.706434874,0,0,0,0
1923,4,0.706339425,61.0912817605208,3.3304621175724914e-4,0.6294843002174338,43.22473563912634
1928,4,0.705038988,40.32371699532162,2.1982942250103448e-4,0.4154954036562595,28.530781428719262
1929,6,0.706948875,0,0,0,0
1944,3,0.707313703,0,0,0,0
1946,4,0.70676111,0,0,0,0
1950,5,0.705130364,45.15360676644192,2.4616012706510566e-4,0.46526256674540867,31.948138251271804
1951,5,0.706944521,0,0,0,0
1952,4,0.704715149,24.85807134595597,1.3551666055748314e-4,0.2561374584888189,17.588165307113506
1964,4,0.7050906,43.52129393917192,2.3726138426812028e-4,0.4484432225084048,30.79320601862226
1968,6,0.706944117,0,0,0,0
1984,5,0.705063551,42.02710911488614,2.2911566230824585e-4,0.4330471486103634,29.736005348337997
2045,4,0.706780726,0,0,0,0
2280,3,0.706896268,0,0,0,0
1990,5,0.706918496,0,0,0,0
1992,6,0.706975757,0,0,0,0
1996,5,0.706885381,0,0,0,0
2005,5,0.705009487,39.38031812634547,2.1468637409160297e-4,0.40577462583412616,27.863285747852785
2020,3,0.706813362,0,0,0,0
2022,3,0.704936978,35.8588934720159,1.954889189504515e-4,0.36948988158880963,25.371724834903297
2023,7,0.708746806,0,0,0,0
2025,3,0.706119982,0,0,0,0
2085,6,0.706744949,0,0,0,0
2142,5,0.705007056,39.30188496970787,2.1425878663654328e-4,0.4049664509309803,27.807790882410405
2185,4,0.70680997,0,0,0,0
2187,5,0.705005222,39.24264759614555,2.1393584722046233e-4,0.4043560692927333,27.765877867354924
2190,4,0.707012537,0,0,0,0
2312,3,0.706696035,0,0,0,0
2366,3,0.707029592,0,0,0,0
2027,3,0.706820868,0,0,0,0
2040,4,0.704983672,38.54256609532485,2.101192716789038e-4,0.3971424325684818,27.27053979411821
2047,6,0.706859514,0,0,0,0
2048,4,0.704975061,37.96254955362682,2.0695724419474807e-4,0.39116594465820087,26.860152895059574
3142,4,0.70607816,64.51748539930536,3.51724558482387e-4,0.6647878875348059,45.64892354719508
3144,3,0.706700995,58.723269553458806,3.201367184182736e-4,0.6050843127869515,41.54926413663406
3217,3,0.707768881,0,0,0,0
3278,7,0.708896518,0,0,0,0
3285,3,0.706519825,0,0,0,0
3346,3,0.706760233,0,0,0,0
3063,3,0.707766682,0,0,0,0
3029,3,0.707991172,0,0,0,0
3030,3,0.706861371,0,0,0,0
2934,6,0.707225142,0,0,0,0
2935,4,0.708073037,0,0,0,0
3022,3,0.706694776,58.80394029254343,3.205765043136999e-4,0.6059155437298506,41.60634218885785
3485,3,0.704939052,35.922790149664955,1.9583725910344275e-4,0.37014827267599953,25.41693450999942
2881,4,0.707978526,0,0,0,0
2883,4,0.707935562,0,0,0,0
2884,3,0.706830342,0,0,0,0
5340,7,0.708973289,0,0,0,0
5346,3,0.70676187,0,0,0,0
5347,3,0.708178292,0,0,0,0
5348,3,0.707665002,64.46178753639549,3.5142091511936475e-4,0.6642139769988499,45.609514889681876
5350,4,0.707829192,69.09141402807336,3.7665986117632453e-4,0.7119176281320175,48.885176742630456
5353,3,0.707818006,68.58586577988429,3.7390380623578655e-4,0.7067084611925362,48.52747939611779
5354,5,0.706991782,57.08014536481924,3.11179036230195e-4,0.5881535683296544,40.386682396172084
5355,3,0.70564931,63.65082676934298,3.4699986839113696e-4,0.6558578408000225,45.035724919012104
5356,4,0.7051069,44.0684844656605,2.4024445692111943e-4,0.45408147130145704,31.180367085964406
5358,4,0.708097548,0,0,0,0
5361,3,0.7075829,0,0,0,0
5363,4,0.706969863,56.47020520003702,0.00030785387664235693,0.5818687475379165,39.955123233904935
5372,5,0.706807266,57.8898894252259,3.1559344994095214e-4,0.5964971675885213,40.959611494036416
5537,3,0.7078657,70.33253433817912,3.8342597257068106e-4,0.7247061263821466,49.763323276058415
5607,4,0.708129772,0,0,0,0
5608,3,0.705533748,61.19732488933374,3.336243181795776e-4,0.6305769681531853,43.29976575925466
5810,4,0.705934398,0,0,0,0
5846,4,0.705958675,65.50806489001621,3.5712481752620483e-4,0.6749948142770571,46.34980156745602
5384,3,0.707610304,62.66410355202354,3.416206322692075e-4,0.6456906490819398,44.33757537969136
5389,4,0.706904931,0,0,0,0
6039,3,0.707719005,65.57489268902519,3.57489137027427e-4,0.6756834076259272,46.39708513824164
6040,3,0.706842009,0,0,0,0
6046,3,0.705468887,58.95092810055534,3.213778254060412e-4,0.6074301054610903,41.71034244814846
6050,4,0.705314674,53.779604572665136,2.931857550958064e-4,0.5541448104346636,38.05140641086433
6055,3,0.705461768,58.760221152598994,3.203381643489754e-4,0.6054650619029688,41.57540899819612
6056,5,0.707023647,55.96343093501708,3.0509113792879426e-4,0.5766469477263689,39.59655842722649
6057,3,0.705554229,61.98497153553907,3.379182652725572e-4,0.6386928757527142,43.85705997666411
6066,5,0.707834978,69.19451802425904,3.772219445760686e-4,0.7129800112580252,48.95812729874964
6069,3,0.706835866,0,0,0,0
1662,1,0.707027847,0,0,0,0
1664,1,0.706673182,0,0,0,0
1665,1,0.706715251,0,0,0,0
1666,1,0.707493894,0,0,0,0
1667,1,0.704491462,0,0,0,0
1668,1,0.70664174,0,0,0,0
1670,1,0.706550509,0,0,0,0
1671,1,0.704338961,0,0,0,0
1673,2,0.707021757,0,0,0,0
1940,2,0.707689536,0,0,0,0
1941,2,0.706738279,0,0,0,0
2014,2,0.704459391,0,0,0,0
2017,1,0.706832859,0,0,0,0
2019,1,0.70679774,0,0,0,0
2092,1,0.707310388,0,0,0,0
2093,1,0.704469732,0,0,0,0
2094,1,0.706596003,0,0,0,0
2097,1,0.707395313,0,0,0,0
1731,1,0.707169824,0,0,0,0
1732,1,0.706721628,0,0,0,0
1733,1,0.704505573,0,0,0,0
1954,1,0.706787743,0,0,0,0
1955,1,0.707134413,0,0,0,0
1958,1,0.706925992,0,0,0,0
1959,1,0.70719398,0,0,0,0
2029,1,0.706853489,0,0,0,0
2032,2,0.707370861,0,0,0,0
2035,1,0.70700035,0,0,0,0
2036,1,0.706700545,0,0,0,0
2037,2,0.70553206,0,0,0,0
2272,1,0.7044644,0,0,0,0
2274,2,0.707206601,0,0,0,0
1674,2,0.706677594,0,0,0,0
1675,1,0.706652477,0,0,0,0
1677,2,0.706653819,0,0,0,0
1678,2,0.706106539,0,0,0,0
1679,2,0.707022351,0,0,0,0
1680,1,0.706079112,0,0,0,0
1681,1,0.707191541,0,0,0,0
1692,1,0.7044572,0,0,0,0
1693,2,0.707016346,0,0,0,0
1694,1,0.706738781,0,0,0,0
1695,1,0.707340811,0,0,0,0
1696,1,0.707023062,0,0,0,0
1697,2,0.7062002,0,0,0,0
1698,1,0.70665876,0,0,0,0
1701,2,0.706651402,0,0,0,0
1702,1,0.706709915,0,0,0,0
1707,2,0.704977026,0,0,0,0
1708,1,0.707545086,0,0,0,0
1709,2,0.707490924,0,0,0,0
1710,2,0.7057628,0,0,0,0
1711,2,0.707096378,0,0,0,0
1712,2,0.707461219,0,0,0,0
1713,1,0.706736162,0,0,0,0
1717,1,0.70669949,0,0,0,0
1719,2,0.707357283,0,0,0,0
1721,1,0.706759405,0,0,0,0
1722,1,0.706702534,0,0,0,0
1723,1,0.70670451,0,0,0,0
1724,1,0.706778886,0,0,0,0
1725,2,0.706714513,0,0,0,0
1726,2,0.706698857,0,0,0,0
1727,1,0.704443077,0,0,0,0
1728,2,0.707159996,0,0,0,0
1729,1,0.70723071,0,0,0,0
1853,2,0.707357758,0,0,0,0
1855,1,0.706705376,0,0,0,0
1918,2,0.70517157,0,0,0,0
1740,2,0.706723429,0,0,0,0
1742,1,0.706659313,0,0,0,0
1743,1,0.704452478,0,0,0,0
1746,1,0.704454789,0,0,0,0
1747,1,0.704481501,0,0,0,0
1748,2,0.704431223,0,0,0,0
1750,2,0.706069105,0,0,0,0
1821,2,0.706156514,0,0,0,0
1823,1,0.706698595,0,0,0,0
1824,1,0.706603276,0,0,0,0
1825,2,0.707164805,0,0,0,0
1826,2,0.70745847,0,0,0,0
1828,1,0.706738491,0,0,0,0
1829,1,0.707333603,0,0,0,0
1830,1,0.704955104,0,0,0,0
1838,1,0.704790332,0,0,0,0
1839,1,0.704443892,0,0,0,0
1841,1,0.706713442,0,0,0,0
1842,1,0.705468766,0,0,0,0
1850,1,0.707183326,0,0,0,0
1859,1,0.707585055,0,0,0,0
1860,1,0.706749539,0,0,0,0
1862,1,0.70734474,0,0,0,0
1866,2,0.707355977,0,0,0,0
1867,1,0.705105406,0,0,0,0
1869,1,0.7057604,0,0,0,0
1870,1,0.706715477,0,0,0,0
1872,1,0.70771528399999994,0,0,0,0
1873,1,0.707109037,0,0,0,0
1875,1,0.704470288,0,0,0,0
1876,2,0.706678043,0,0,0,0
1987,1,0.707386371,0,0,0,0
1988,2,0.706771914,0,0,0,0
1989,1,0.70730419,0,0,0,0
2059,2,0.707639868,0,0,0,0
2593,2,0.706454447,0,0,0,0
2594,1,0.70446795,0,0,0,0
2595,1,0.707257435,0,0,0,0
2596,1,0.708028054,0,0,0,0
2597,1,0.707832269,0,0,0,0
2161,1,0.706704024,0,0,0,0
2163,2,0.707410602,0,0,0,0
2347,1,0.704922324,0,0,0,0
1881,2,0.707696722,0,0,0,0
1883,2,0.706348051,0,0,0,0
1894,1,0.704845564,0,0,0,0
1895,1,0.704458032,0,0,0,0
1896,1,0.70668912,0,0,0,0
1897,1,0.706604325,0,0,0,0
1898,1,0.706933073,0,0,0,0
1899,1,0.706772543,0,0,0,0
1901,2,0.706722715,0,0,0,0
1902,1,0.707247579,0,0,0,0
1903,1,0.705298338,0,0,0,0
1904,2,0.706710222,0,0,0,0
1906,1,0.70715141,0,0,0,0
3025,1,0.7068178,0,0,0,0
3026,1,0.706735249,0,0,0,0
3027,2,0.704433097,0,0,0,0
3247,1,0.70476147,0,0,0,0
3248,1,0.706847209,0,0,0,0
5848,1,0.706859131,0,0,0,0
5375,1,0.70752257,0,0,0,0
5378,1,0.705514958,0,0,0,0
5380,1,0.706892877,0,0,0,0
5381,2,0.704997105,0,0,0,0
2077,2,0.70633211,0,0,0,0
2078,2,0.706715585,0,0,0,0
2079,2,0.7069073,0,0,0,0
2080,1,0.706916875,0,0,0,0
2081,2,0.704467792,0,0,0,0
2082,2,0.705309794,0,0,0,0
2087,1,0.706999339,0,0,0,0
8818,1,0.706996172,0,0,0,0
8819,1,0.707456394,0,0,0,0
8991,2,0.707468849,0,0,0,0
8992,1,0.706836902,0,0,0,0
8993,1,0.707210807,0,0,0,0
12562,1,0.707496358,0,0,0,0
12566,1,0.706024119,0,0,0,0
12567,1,0.706518034,0,0,0,0
12569,1,0.708996207,0,0,0,0
12573,1,0.70577965,0,0,0,0
12574,2,0.709455732,0,0,0,0
12575,1,0.706660247,0,0,0,0
15706,1,0.70806284,0,0,0,0
15707,1,0.710634329,0,0,0,0
15708,1,0.710569024,0,0,0,0
15709,1,0.710983775,0,0,0,0
15710,1,0.708091349,0,0,0,0
15711,2,0.708069951,0,0,0,0
15712,2,0.707953956,0,0,0,0
15713,2,0.710156671,0,0,0,0
2588,1,0.707807613,0,0,0,0
2589,1,0.704462336,0,0,0,0
2602,2,0.706683254,0,0,0,0
2603,2,0.708098539,0,0,0,0
2944,1,0.707049023,0,0,0,0
2945,2,0.706837276,0,0,0,0
2946,1,0.707510785,0,0,0,0
1907,1,0.706706248,0,0,0,0
1908,1,0.706689682,0,0,0,0
1921,2,0.705686244,0,0,0,0
1922,2,0.707247558,0,0,0,0
1927,1,0.706763109,0,0,0,0
1930,2,0.706042947,0,0,0,0
1931,1,0.707332394,0,0,0,0
1932,2,0.70736888,0,0,0,0
1933,1,0.706630404,0,0,0,0
1934,1,0.704458189,0,0,0,0
1935,1,0.70668457,0,0,0,0
1942,1,0.706654379,0,0,0,0
1943,2,0.706796757,0,0,0,0
1945,1,0.704442152,0,0,0,0
1947,1,0.706649213,0,0,0,0
1948,1,0.704456469,0,0,0,0
1949,1,0.707377246,0,0,0,0
1953,2,0.707306123,0,0,0,0
1960,1,0.706991221,0,0,0,0
1961,1,0.706717328,0,0,0,0
1962,1,0.706728344,0,0,0,0
1963,1,0.706678084,0,0,0,0
1965,2,0.70770044,0,0,0,0
1966,2,0.706957075,0,0,0,0
1967,1,0.707370328,0,0,0,0
1985,1,0.704447193,0,0,0,0
1986,1,0.706701765,0,0,0,0
2044,1,0.706728937,0,0,0,0
2046,2,0.707256157,0,0,0,0
2116,1,0.70676644,0,0,0,0
2117,1,0.706829619,0,0,0,0
2118,1,0.707932813,0,0,0,0
2143,2,0.70757884,0,0,0,0
2144,1,0.706808261,0,0,0,0
2145,2,0.707602861,0,0,0,0
2278,1,0.70702797,0,0,0,0
2279,2,0.707714543,0,0,0,0
2623,1,0.705124684,0,0,0,0
2624,2,0.707574518,0,0,0,0
2625,1,0.707525924,0,0,0,0
2752,2,0.707666465,0,0,0,0
2753,2,0.707783386,0,0,0,0
2754,2,0.707710392,0,0,0,0
2755,1,0.706762931,0,0,0,0
2756,2,0.708119584,0,0,0,0
2757,1,0.707297544,0,0,0,0
1991,1,0.707680669,0,0,0,0
1997,1,0.706937789,0,0,0,0
1998,1,0.706753771,0,0,0,0
2002,2,0.7073822,0,0,0,0
2003,1,0.70670885,0,0,0,0
2004,1,0.70479716,0,0,0,0
2006,1,0.706636972,0,0,0,0
2007,2,0.70738546,0,0,0,0
2008,1,0.707698848,0,0,0,0
2009,1,0.706675425,0,0,0,0
2010,2,0.706764435,0,0,0,0
2021,1,0.706706415,0,0,0,0
2024,1,0.706696956,0,0,0,0
2083,2,0.706667823,0,0,0,0
2084,1,0.706735419,0,0,0,0
2140,1,0.706852798,0,0,0,0
2141,2,0.707435773,0,0,0,0
2186,1,0.707334537,0,0,0,0
2188,1,0.707278276,0,0,0,0
2189,1,0.707435248,0,0,0,0
2311,1,0.706676405,0,0,0,0
2313,2,0.706666173,0,0,0,0
2365,1,0.706894552,0,0,0,0
2367,1,0.706911884,0,0,0,0
2026,1,0.706954978,0,0,0,0
2028,1,0.704459042,0,0,0,0
2038,1,0.704460131,0,0,0,0
2039,1,0.704922976,0,0,0,0
2041,2,0.706720511,0,0,0,0
2042,1,0.704879378,0,0,0,0
2043,2,0.707172444,0,0,0,0
2049,1,0.706812575,0,0,0,0
2050,1,0.707388909,0,0,0,0
2051,1,0.707274945,0,0,0,0
2052,2,0.70668775,0,0,0,0
3143,2,0.706703258,0,0,0,0
3218,1,0.706739611,0,0,0,0
3219,2,0.707691396,0,0,0,0
3277,1,0.707947083,0,0,0,0
3279,1,0.707730484,0,0,0,0
3283,2,0.706917908,0,0,0,0
3284,1,0.707633039,0,0,0,0
3347,1,0.7052541,0,0,0,0
3348,1,0.707206574,0,0,0,0
3061,1,0.706826706,0,0,0,0
3062,2,0.70674875,0,0,0,0
3028,1,0.706581082,0,0,0,0
3163,2,0.706719939,0,0,0,0
3164,1,0.707399927,0,0,0,0
3165,1,0.706818159,0,0,0,0
3355,2,0.707043007,0,0,0,0
3356,1,0.706753135,0,0,0,0
3357,2,0.706716395,0,0,0,0
3502,2,0.705260973,0,0,0,0
3503,2,0.708078402,0,0,0,0
3504,1,0.706720452,0,0,0,0
2932,1,0.70707906,0,0,0,0
2933,2,0.70684738,0,0,0,0
2936,1,0.706046086,0,0,0,0
2937,1,0.706727705,0,0,0,0
3023,2,0.706829311,0,0,0,0
3024,2,0.706757567,0,0,0,0
3249,2,0.706954893,0,0,0,0
3250,2,0.706948137,0,0,0,0
3251,1,0.707268472,0,0,0,0
3252,1,0.707374776,0,0,0,0
3484,1,0.708170502,0,0,0,0
3486,1,0.705311915,0,0,0,0
3487,2,0.706884939,0,0,0,0
3488,2,0.70731,0,0,0,0
3489,1,0.706918723,0,0,0,0
2878,1,0.707024643,0,0,0,0
2879,2,0.7079398,0,0,0,0
2880,1,0.706521255,0,0,0,0
2882,2,0.706661686,0,0,0,0
2885,1,0.706773608,0,0,0,0
2886,1,0.707495576,0,0,0,0
2887,1,0.707170177,0,0,0,0
2888,1,0.7077481,0,0,0,0
2889,1,0.707258038,0,0,0,0
5336,2,0.70755179,0,0,0,0
5337,1,0.704866835,0,0,0,0
5338,1,0.708185579,0,0,0,0
5339,1,0.706813663,0,0,0,0
5341,2,0.708185914,0,0,0,0
5345,1,0.707887174,0,0,0,0
5349,1,0.706909251,0,0,0,0
5351,1,0.707806761,0,0,0,0
5352,1,0.707605554,0,0,0,0
5357,1,0.707715363,0,0,0,0
5359,2,0.708295848,0,0,0,0
5360,1,0.706829397,0,0,0,0
5362,2,0.708187036,0,0,0,0
5364,1,0.708015884,0,0,0,0
5365,2,0.707641867,0,0,0,0
5373,1,0.707676317,0,0,0,0
5374,2,0.70826623,0,0,0,0
5567,2,0.708069388,0,0,0,0
5568,1,0.708218302,0,0,0,0
5569,2,0.705457498,0,0,0,0
5606,1,0.706851083,0,0,0,0
5811,2,0.706863643,0,0,0,0
5812,2,0.708086912,0,0,0,0
5847,1,0.704933075,0,0,0,0
5382,1,0.705251811,0,0,0,0
5383,2,0.707651728,0,0,0,0
5385,1,0.707164049,0,0,0,0
5386,2,0.708317078,0,0,0,0
5387,2,0.706877427,0,0,0,0
5388,1,0.707879039,0,0,0,0
5390,1,0.707881682,0,0,0,0
5391,2,0.70802551,0,0,0,0
5392,1,0.706932612,0,0,0,0
6038,2,0.706841904,0,0,0,0
6041,1,0.706927532,0,0,0,0
6042,1,0.707523716,0,0,0,0
6043,1,0.707745027,0,0,0,0
6044,1,0.705400849,0,0,0,0
6045,2,0.707687953,0,0,0,0
6051,1,0.708058226,0,0,0,0
6052,1,0.705441857,0,0,0,0
6053,1,0.706887511,0,0,0,0
6054,1,0.706895754,0,0,0,0
6058,2,0.705032754,0,0,0,0
6059,1,0.70401687,0,0,0,0
6060,1,0.707170523,0,0,0,0
6061,1,0.706996103,0,0,0,0
6062,2,0.708325648,0,0,0,0
6063,1,0.705506787,0,0,0,0
6064,2,0.707220637,0,0,0,0
6065,1,0.704921471,0,0,0,0
6067,2,0.704980141,0,0,0,0
6068,1,0.708204737,0,0,0,0
6071,6,0.705167672,47.62133168747051,2.59613215835272e-4,0.49068999354473736,33.694160830396605
6072,3,0.706442583,59.9180857266048,3.266503974367047e-4,0.6173956934122525,42.394648481720154
6073,3,0.706778207,0,0,0,0
6076,3,0.707731462,66.12225949627826,3.6047317069547e-4,0.6813234728152062,46.78437093188227
6078,3,0.707646586,0,0,0,0
6085,5,0.707024047,55.965016754098244,3.050997832055391e-4,0.5766632879992494,39.597680463114095
6090,4,0.708234676,0,0,0,0
6094,3,0.707738712,66.56504011743479,3.628870406334715e-4,0.6858858824001148,47.097657455655735
6113,7,0.708906106,0,0,0,0
6116,3,0.707452653,58.58517813169385,3.193838970079245e-4,0.6036614193807124,41.45155845707049
6118,4,0.70808003,79.8889620373422,4.3552394713298754e-4,0.8231755156211472,56.52491100260192
6269,3,0.707052536,55.805861601626354,3.0423213042293426e-4,0.5750233540038799,39.485071279070944
6272,3,0.707693439,0,0,0,0
6290,3,0.707293429,55.37504002753784,3.0188345661779243e-4,0.5705841703876846,39.18024630059681
6304,5,0.706901572,57.55389100149405,3.1376171554358e-4,0.5930350412991088,40.72187801353907
6306,3,0.708409767,90.35904738833172,4.92602832408162e-4,0.9310592293107754,63.932951206925715
6307,3,0.70683537,0,0,0,0
6431,4,0.706146682,0,0,0,0
6433,5,0.706936645,57.13405921578388,3.11472953845075e-4,0.5887090964143251,40.42482878773691
6437,3,0.706642821,59.282887075068,3.231875382772435e-4,0.6108506092834055,41.94521784285032
6478,3,0.706905121,0,0,0,0
6537,3,0.706864039,0,0,0,0
6539,3,0.706315017,61.60312626935521,3.358365914933347e-4,0.6347583437990825,43.58688786355393
6540,4,0.706239414,0,0,0,0
8233,3,0.708871673,95.97483451430074,5.232179476003885e-4,0.9889242753089615,67.90636454726403
8242,5,0.707878182,70.55354361729873,3.846308303024688e-4,0.7269834050281166,49.91969694163622
8252,4,0.707874882,0,0,0,0
8365,4,0.706022447,64.62604423846092,3.523163795915799e-4,0.665906477338931,45.72573364167279
8367,4,0.707652881,63.898605398534805,3.4835066234124965e-4,0.6584109507121221,45.211039062621424
8368,4,0.705742809,65.00095023451826,3.543602231344512e-4,0.669769507083512,45.99099591972789
8370,4,0.706381719,60.44154516019824,3.2950409728294943e-4,0.622789417127847,42.765018769964875
8380,4,0.706480387,60.23793406947196,3.283940877941328e-4,0.6206914093390307,42.62095507844931
8381,5,0.707908273,71.07652516716708,3.874819249101309e-4,0.7323722046318966,50.289729106386254
8390,3,0.705592689,62.84200832853251,3.4259050080302046e-4,0.6475237791214287,44.46345073722081
8401,4,0.706479112,60.26690349242885,3.285520179650925e-4,0.620989910146547,42.6414522036175
8416,5,0.707886079,70.69682007739891,3.854119185509919e-4,0.7284597250466971,50.021071261059035
8417,3,0.707180135,0,0,0,0
8654,5,0.707542202,60.57871083137263,3.3025187185652685e-4,0.6242027716040476,42.862069440771194
10218,4,0.708183507,0,0,0,0
10220,3,0.707384576,0,0,0,0
10224,3,0.709192754,91.48498626069181,4.98741018828603e-4,0.942660898529856,64.72960186968906
10226,5,0.707837921,69.24609147402046,3.775031032222012e-4,0.7135114238589284,48.99461775479661
10227,3,0.70490991,34.73100968157056,1.8934012958337398e-4,0.35786817194228054,24.573698058107777
10228,3,0.707392068,0,0,0,0
10246,5,0.70584,65.75360140371795,3.5846338832354064e-4,0.6775248214409476,46.52352931695905
10247,4,0.707322296,56.54805947474829,3.082783082554198e-4,0.5826709576442238,40.01020851523792
10252,5,0.708272122,86.7310389587654,4.728243234479642e-4,0.8936762463113198,61.36597764301748
10253,3,0.707489342,0,0,0,0
10258,3,0.706353559,61.08241532652853,3.329978753634492e-4,0.6293929405203346,43.21846225192061
10259,3,0.708950501,94.32627095465652,5.14230612050075e-4,0.9719374835966091,66.73993421553104
10260,4,0.706651972,59.13136048477412,3.2236147348659635e-4,0.6092892799593723,41.83800619793139
10263,3,0.707538678,0,0,0,0
10269,7,0.708892342,0,0,0,0
10271,5,0.708852216,96.15560522012576,5.242034400804402e-4,0.9907869358715955,68.03426767428002
10272,3,0.707481443,0,0,0,0
10281,3,0.708985403,93.91731754947347,5.120011551053779e-4,0.9677236294972253,66.45058191650656
10282,3,0.70640045,60.60289364707123,3.303837072825638e-4,0.6244519512312977,42.87917983337483
10286,4,0.708854922,96.17379173511192,5.243025859773122e-4,0.99097432964251575,68.04713542365144
11730,3,0.706550792,58.9318191051382,3.2127365050005195e-4,0.6072332064558417,41.696822003799745
11733,3,0.707926037,0,0,0,0
11800,3,0.70790625,0,0,0,0
11804,3,0.706017387,64.6566471366675,3.5248321484241725e-4,0.6662218094682799,45.74738652153796
11940,5,0.706407565,60.4355921978171,3.2947164401772664e-4,0.6227280778294932,42.76080679048467
11942,4,0.707534384,0,0,0,0
11943,4,0.709427439,86.04343956544774,4.690757955639247e-4,0.8865912251682178,60.87947120305953
12082,6,0.70843123,91.60924353019628,4.99418421752542e-4,0.9439412448916751,64.81751928557541
12083,3,0.706568264,58.239648590797785,3.175002026193084e-4,0.6001010845017023,41.20708129714956
12084,3,0.707844764,0,0,0,0
12085,5,0.709107733,92.23125443003907,5.028093863532918e-4,0.9503504424847133,65.25761901724833
11746,3,0.708039475,0,0,0,0
11757,5,0.705764662,65.22157938646603,3.5556300855885044e-4,0.672042868900765,46.14710062881896
11758,7,0.708777371,0,0,0,0
11759,3,0.706535929,58.96671842461282,3.2146390819000337e-4,0.6075928088911557,41.721514788347775
12194,7,0.708159753,82.49997445871129,4.497581843388282e-4,0.8500793761976443,58.37231571259915
12295,3,0.706148561,63.81605421558414,3.479006249878745e-4,0.6575603436838471,45.15263051467628
12234,7,0.708209603,0,0,0,0
12512,6,0.707299929,55.79715729168418,3.041846778672068e-4,0.5749336648322841,39.4789126016733
12514,7,0.709197825,91.44628167590143,4.985300162932068e-4,0.9422620866573619,64.70221669463014
12564,3,0.709742002,71.75950352918595,3.9120526070580497e-4,0.7394096106886955,50.77296596596361
11762,3,0.709224796,90.31859146515048,4.923822822482968e-4,0.9306423716551574,63.904326883877445
11763,7,0.708740325,0,0,0,0
11767,3,0.709189277,91.51002992918404,4.988775472935407e-4,0.9429189483805287,64.74732135303947
11769,4,0.707850283,0,0,0,0
2053,6,0.706863419,0,0,0,0
2054,7,0.708751996,0,0,0,0
2062,3,0.706163576,0,0,0,0
2064,3,0.706198018,0,0,0,0
2065,5,0.706937223,0,0,0,0
2074,6,0.706738813,0,0,0,0
2075,5,0.705017627,39.64220567322377,2.161140844437302e-4,0.40847311397239405,28.048582563613966
2102,3,0.70689565,0,0,0,0
2400,3,0.706792596,0,0,0,0
2531,6,0.707315403,0,0,0,0
2532,4,0.706491908,0,0,0,0
2124,4,0.706801715,0,0,0,0
3392,5,0.704956493,37.06391583969991,2.0205823822276803e-4,0.38190642679801684,26.224330505980173
3398,3,0.707650063,0,0,0,0
7910,4,0.708047464,77.82193989913942,4.2425533608230766e-4,0.8018769285444988,55.062403048778386
3239,4,0.7057522,65.10029150360963,3.5490179359080095e-4,0.6707931190859877,46.06128418297569
3337,3,0.707269085,0,0,0,0
3698,5,0.707004898,0,0,0,0
4205,3,0.70453303,0,0,0,0
4206,6,0.707729283,0,0,0,0
3988,7,0.708925841,0,0,0,0
3989,3,0.707361521,0,0,0,0
3990,3,0.706953084,0,0,0,0
2315,4,0.707671031,0,0,0,0
2210,3,0.706366671,60.789654779500054,3.314018572683955e-4,0.6263763371234717,43.011321447435975
2283,5,0.705005967,39.2667175267802,2.1406706724047357e-4,0.40460408575277795,27.7829083888721
2287,4,0.707596784,0,0,0,0
2378,3,0.707231685,0,0,0,0
2379,3,0.70701137,0,0,0,0
2125,3,0.706881319,0,0,0,0
2130,4,0.704902029,34.192067368558874,1.864020230232948e-4,0.3523149127048395,24.192372960101338
2132,6,0.707278971,0,0,0,0
2386,5,0.704931321,35.68432045086018,1.9453721386757493e-4,0.36769108194191685,25.24820683901708
2733,6,0.707338999,0,0,0,0
2736,6,0.707331915,0,0,0,0
2354,4,0.707025094,0,0,0,0
2138,3,0.706254473,0,0,0,0
2147,4,0.7052008,49.07268095181686,2.6752541476935277e-4,0.5056446900204061,34.72105348125522
2317,3,0.706416328,60.232249613929206,3.2836309832509793e-4,0.6206328367339661,42.61693307922116
2319,4,0.707678677,0,0,0,0
2454,3,0.706762627,0,0,0,0
2149,3,0.7066063,59.292597364756226,3.2324047504829386e-4,0.6109506640659074,41.952088294617866
2152,3,0.706806707,57.8946532091407,3.156194202617693e-4,0.5965462535971559,40.96298207809399
2153,3,0.706475351,60.05268938048334,3.2738420487568863e-4,0.6187826488734359,42.489886413996125
2157,7,0.708768244,0,0,0,0
2168,3,0.706606975,59.280306954731664,3.2317347245182403e-4,0.6108240237347382,41.943392295632435
2184,3,0.706486983,59.78900798137191,3.2594671512994774e-4,0.616065676889599,42.3033203698554
2199,3,0.706834608,57.35796915550357,3.126936248647266e-4,0.5910162634544389,40.5832547966934
2201,4,0.706826755,0,0,0,0
2260,3,0.704376107,13.586828651734583,7.40701730566617e-5,0.13999862303655836,9.613271480331894
2261,4,0.707018414,0,0,0,0
6070,2,0.705120776,0,0,0,0
6074,1,0.706877227,0,0,0,0
6075,1,0.70768389,0,0,0,0
6077,1,0.707593372,0,0,0,0
6079,2,0.708213838,0,0,0,0
6083,2,0.705419796,0,0,0,0
6084,2,0.708126967,0,0,0,0
6089,2,0.705133787,0,0,0,0
6091,1,0.706641937,0,0,0,0
6092,1,0.706921473,0,0,0,0
6093,1,0.708144533,0,0,0,0
6095,1,0.706868519,0,0,0,0
6096,1,0.706952999,0,0,0,0
6097,2,0.707440103,0,0,0,0
6098,1,0.708244882,0,0,0,0
6099,2,0.704964297,0,0,0,0
6100,1,0.707768183,0,0,0,0
6101,1,0.707840083,0,0,0,0
6102,1,0.708014892,0,0,0,0
6103,1,0.706873415,0,0,0,0
6107,1,0.707704558,0,0,0,0
6108,2,0.707761394,0,0,0,0
6109,1,0.708326233,0,0,0,0
6110,1,0.706941812,0,0,0,0
6111,1,0.706937201,0,0,0,0
6112,1,0.707784047,0,0,0,0
6114,1,0.707686428,0,0,0,0
6115,1,0.706924508,0,0,0,0
6117,1,0.70778678799999994,0,0,0,0
6270,2,0.707702082,0,0,0,0
6271,1,0.707281323,0,0,0,0
6273,2,0.707273434,0,0,0,0
6274,1,0.706878165,0,0,0,0
6278,1,0.707746331,0,0,0,0
6279,1,0.70690054,0,0,0,0
6280,1,0.707774491,0,0,0,0
6281,1,0.708142244,0,0,0,0
6282,2,0.708359029,0,0,0,0
6283,1,0.707948626,0,0,0,0
6291,2,0.707327465,0,0,0,0
6292,1,0.705434249,0,0,0,0
6296,1,0.706887504,0,0,0,0
6297,2,0.707095186,0,0,0,0
6298,1,0.706959722,0,0,0,0
6302,1,0.707728681,0,0,0,0
6303,2,0.708378191,0,0,0,0
6305,1,0.707629872,0,0,0,0
6316,1,0.706886188,0,0,0,0
6317,1,0.707899345,0,0,0,0
6318,1,0.707564499,0,0,0,0
6319,1,0.706991938,0,0,0,0
6320,2,0.707569808,0,0,0,0
6321,2,0.705515577,0,0,0,0
6322,2,0.706957902,0,0,0,0
6323,1,0.706960765,0,0,0,0
6324,2,0.706898476,0,0,0,0
6325,1,0.703539684,0,0,0,0
6432,1,0.707757933,0,0,0,0
6434,2,0.707017722,0,0,0,0
6435,1,0.707261282,0,0,0,0
6436,1,0.70698826,0,0,0,0
6438,1,0.708602409,0,0,0,0
6439,2,0.705580718,0,0,0,0
6476,1,0.705514111,0,0,0,0
6477,2,0.706912257,0,0,0,0
6530,1,0.706923368,0,0,0,0
6531,1,0.70503869,0,0,0,0
6532,1,0.705487563,0,0,0,0
6380,1,0.707013023,0,0,0,0
6381,2,0.705264522,0,0,0,0
6382,2,0.706984504,0,0,0,0
6383,1,0.707055896,0,0,0,0
6384,2,0.70776056,0,0,0,0
6385,1,0.706953629,0,0,0,0
6536,2,0.707338986,0,0,0,0
6538,1,0.705425999,0,0,0,0
6541,2,0.707703094,0,0,0,0
8232,1,0.706209912,0,0,0,0
8234,1,0.705776099,0,0,0,0
8235,1,0.707208394,0,0,0,0
8236,1,0.707319415,0,0,0,0
8237,1,0.707154251,0,0,0,0
8241,1,0.707169153,0,0,0,0
8243,1,0.707198446,0,0,0,0
8244,1,0.707270284,0,0,0,0
8245,1,0.707294885,0,0,0,0
8246,1,0.707633743,0,0,0,0
8247,1,0.707203455,0,0,0,0
8248,2,0.70693846,0,0,0,0
8249,1,0.707159065,0,0,0,0
8250,2,0.707605351,0,0,0,0
8251,2,0.707157585,0,0,0,0
8253,1,0.707144067,0,0,0,0
8254,1,0.707615495,0,0,0,0
8255,2,0.70717757,0,0,0,0
8256,2,0.707039626,0,0,0,0
8257,2,0.707615668,0,0,0,0
8258,1,0.707202832,0,0,0,0
8364,2,0.70886464,0,0,0,0
8366,1,0.707166542,0,0,0,0
8369,1,0.707157552,0,0,0,0
8371,2,0.707254885,0,0,0,0
8372,1,0.705198622,0,0,0,0
8379,2,0.705648186,0,0,0,0
8388,1,0.70724403,0,0,0,0
8389,1,0.707347211,0,0,0,0
8400,1,0.707228165,0,0,0,0
8402,2,0.707442674,0,0,0,0
8403,2,0.70694658,0,0,0,0
8404,1,0.708196804,0,0,0,0
8405,1,0.707249471,0,0,0,0
8409,1,0.707218121,0,0,0,0
8410,2,0.707259493,0,0,0,0
8411,1,0.707340795,0,0,0,0
8415,1,0.70905682,0,0,0,0
8429,1,0.707171737,0,0,0,0
8589,1,0.707532453,0,0,0,0
8590,1,0.707816766,0,0,0,0
8591,2,0.70819878,0,0,0,0
8652,1,0.707240176,0,0,0,0
8653,2,0.707607982,0,0,0,0
8757,2,0.708252144,0,0,0,0
10219,1,0.706540102,0,0,0,0
10221,1,0.707485076,0,0,0,0
10222,1,0.705934143,0,0,0,0
10223,1,0.709648526,0,0,0,0
10225,1,0.70708874,0,0,0,0
10229,2,0.707410736,0,0,0,0
10233,1,0.70947629,0,0,0,0
10234,2,0.705444837,0,0,0,0
10235,1,0.707098797,0,0,0,0
10236,1,0.707304317,0,0,0,0
10237,1,0.708751993,0,0,0,0
10238,1,0.707357047,0,0,0,0
10239,1,0.707431246,0,0,0,0
10240,2,0.707373426,0,0,0,0
10241,2,0.70736426,0,0,0,0
10245,1,0.707419862,0,0,0,0
10248,2,0.706569989,0,0,0,0
10249,2,0.706365313,0,0,0,0
10250,2,0.705611615,0,0,0,0
10251,1,0.708396266,0,0,0,0
10254,1,0.707161789,0,0,0,0
10255,2,0.708717781,0,0,0,0
10256,1,0.706308529,0,0,0,0
10257,1,0.705572981,0,0,0,0
10261,1,0.707351815,0,0,0,0
10262,1,0.709076559,0,0,0,0
10264,1,0.707136541,0,0,0,0
10265,2,0.705512598,0,0,0,0
10266,2,0.705804081,0,0,0,0
10267,2,0.709619026,0,0,0,0
10268,2,0.706760822,0,0,0,0
10270,1,0.707348888,0,0,0,0
10273,1,0.706753249,0,0,0,0
10274,1,0.707334056,0,0,0,0
10275,1,0.706872168,0,0,0,0
10276,1,0.707155191,0,0,0,0
10277,2,0.707129601,0,0,0,0
10278,1,0.70924705,0,0,0,0
10279,1,0.707100121,0,0,0,0
10280,2,0.706833806,0,0,0,0
10283,2,0.707466976,0,0,0,0
10284,2,0.709685603,0,0,0,0
10285,1,0.709800296,0,0,0,0
11725,1,0.709426999,0,0,0,0
11726,2,0.705878751,0,0,0,0
11727,2,0.708067581,0,0,0,0
11728,2,0.70678887,0,0,0,0
11729,2,0.708077892,0,0,0,0
11731,2,0.709374127,0,0,0,0
11732,2,0.706556386,0,0,0,0
11801,2,0.70806228,0,0,0,0
11802,1,0.706420771,0,0,0,0
11803,1,0.707038764,0,0,0,0
11805,1,0.707119255,0,0,0,0
11938,1,0.707769627,0,0,0,0
11939,1,0.707868614,0,0,0,0
11941,1,0.707151771,0,0,0,0
12086,2,0.707664099,0,0,0,0
12087,1,0.707128816,0,0,0,0
11743,2,0.70653832,0,0,0,0
11744,2,0.709830883,0,0,0,0
11745,1,0.707096939,0,0,0,0
11747,1,0.709210011,0,0,0,0
11748,1,0.708058317,0,0,0,0
11760,1,0.706543795,0,0,0,0
12192,1,0.707053085,0,0,0,0
12193,1,0.707901749,0,0,0,0
12252,1,0.706722242,0,0,0,0
12296,1,0.707896254,0,0,0,0
12159,1,0.707182772,0,0,0,0
12160,1,0.707411083,0,0,0,0
12161,2,0.706725336,0,0,0,0
12235,1,0.709239395,0,0,0,0
12236,1,0.709806756,0,0,0,0
12513,1,0.70735433,0,0,0,0
12563,1,0.706820388,0,0,0,0
12565,1,0.706761531,0,0,0,0
11761,2,0.707401923,0,0,0,0
11768,1,0.707535537,0,0,0,0
2055,2,0.706735215,0,0,0,0
2063,2,0.704792389,0,0,0,0
2066,1,0.70691418,0,0,0,0
2067,1,0.704467332,0,0,0,0
2076,2,0.706739272,0,0,0,0
2088,1,0.707465721,0,0,0,0
2089,1,0.706550957,0,0,0,0
2090,1,0.706797261,0,0,0,0
2091,1,0.707099524,0,0,0,0
2101,1,0.706692487,0,0,0,0
2103,1,0.706687203,0,0,0,0
2275,2,0.707715492,0,0,0,0
2276,1,0.708029915,0,0,0,0
2277,2,0.706999904,0,0,0,0
2398,1,0.70670712,0,0,0,0
2399,1,0.706164303,0,0,0,0
2527,2,0.70770328,0,0,0,0
2528,2,0.70682658,0,0,0,0
2529,1,0.704491363,0,0,0,0
2530,1,0.706925139,0,0,0,0
2104,2,0.707114376,0,0,0,0
2105,1,0.70735125,0,0,0,0
2106,1,0.707311205,0,0,0,0
2107,1,0.705965345,0,0,0,0
2108,1,0.70694368,0,0,0,0
2120,1,0.706722964,0,0,0,0
2121,1,0.707134348,0,0,0,0
2122,1,0.707121616,0,0,0,0
2123,1,0.706605483,0,0,0,0
2239,1,0.707492895,0,0,0,0
2240,1,0.706722782,0,0,0,0
2241,1,0.706619589,0,0,0,0
3393,1,0.707074755,0,0,0,0
3394,2,0.706852068,0,0,0,0
3395,1,0.706644677,0,0,0,0
3396,2,0.707077307,0,0,0,0
3397,2,0.70668176,0,0,0,0
3399,2,0.704514943,0,0,0,0
8181,1,0.707592568,0,0,0,0
8182,2,0.707438284,0,0,0,0
8183,1,0.707193458,0,0,0,0
7908,1,0.707415971,0,0,0,0
7909,1,0.70787282,0,0,0,0
7911,1,0.707145712,0,0,0,0
7912,2,0.707848222,0,0,0,0
3235,1,0.705288309,0,0,0,0
3236,1,0.707734484,0,0,0,0
3237,1,0.707311655,0,0,0,0
3238,1,0.706666808,0,0,0,0
3240,1,0.708053109,0,0,0,0
3241,2,0.706374893,0,0,0,0
3242,2,0.707432242,0,0,0,0
3328,1,0.708124258,0,0,0,0
3329,1,0.706853682,0,0,0,0
3330,2,0.706954061,0,0,0,0
3338,1,0.706683026,0,0,0,0
3339,1,0.706926532,0,0,0,0
3721,1,0.707432559,0,0,0,0
3722,2,0.706904102,0,0,0,0
3746,2,0.707401841,0,0,0,0
3747,1,0.704539268,0,0,0,0
3697,1,0.706899339,0,0,0,0
3699,1,0.707060226,0,0,0,0
3706,2,0.707136141,0,0,0,0
3707,1,0.707952844,0,0,0,0
3708,1,0.704577858,0,0,0,0
4002,1,0.707834456,0,0,0,0
4492,2,0.707089877,0,0,0,0
4493,1,0.70670941,0,0,0,0
4494,1,0.704753752,0,0,0,0
4204,2,0.707088839,0,0,0,0
4207,1,0.706777791,0,0,0,0
3986,1,0.708184989,0,0,0,0
3987,2,0.70778846,0,0,0,0
3991,2,0.704576689,0,0,0,0
3992,2,0.704596353,0,0,0,0
3993,1,0.704848754,0,0,0,0
2314,1,0.704534793,0,0,0,0
2316,1,0.706920186,0,0,0,0
2209,1,0.706971235,0,0,0,0
2211,2,0.706449061,0,0,0,0
2281,2,0.70733255,0,0,0,0
2282,1,0.707717292,0,0,0,0
2284,2,0.707775729,0,0,0,0
2285,1,0.706895923,0,0,0,0
2286,1,0.705549915,0,0,0,0
2288,1,0.707185818,0,0,0,0
2289,2,0.707190543,0,0,0,0
2377,1,0.706699972,0,0,0,0
2126,1,0.706716788,0,0,0,0
2127,1,0.707060148,0,0,0,0
2128,2,0.706927368,0,0,0,0
2129,1,0.707250171,0,0,0,0
2131,2,0.70669309,0,0,0,0
2133,1,0.704443534,0,0,0,0
2164,2,0.705729642,0,0,0,0
2165,1,0.707674888,0,0,0,0
2166,1,0.704432641,0,0,0,0
2387,1,0.705086665,0,0,0,0
2388,1,0.70663388,0,0,0,0
2731,1,0.706695046,0,0,0,0
2732,1,0.707819521,0,0,0,0
2734,1,0.707018852,0,0,0,0
2735,1,0.706647496,0,0,0,0
2353,1,0.706984244,0,0,0,0
2355,1,0.707002956,0,0,0,0
2479,1,0.706835483,0,0,0,0
2480,1,0.70742838,0,0,0,0
2481,1,0.706902742,0,0,0,0
2482,1,0.70805459,0,0,0,0
2483,1,0.707685095,0,0,0,0
2484,1,0.706550889,0,0,0,0
2137,2,0.706747758,0,0,0,0
2139,1,0.707657418,0,0,0,0
2146,1,0.706659183,0,0,0,0
2148,2,0.706428571,0,0,0,0
2236,1,0.706667678,0,0,0,0
2237,2,0.70559739,0,0,0,0
2238,1,0.707216462,0,0,0,0
2318,1,0.706986809,0,0,0,0
2368,1,0.706667635,0,0,0,0
2369,2,0.706305663,0,0,0,0
2370,1,0.707465865,0,0,0,0
2449,1,0.706912848,0,0,0,0
2450,1,0.707337634,0,0,0,0
2451,2,0.705969617,0,0,0,0
2452,1,0.706689036,0,0,0,0
2453,2,0.707330447,0,0,0,0
2150,1,0.706185717,0,0,0,0
2151,1,0.706618871,0,0,0,0
2154,1,0.707029662,0,0,0,0
2155,2,0.706632166,0,0,0,0
2156,1,0.707153872,0,0,0,0
2167,1,0.706705448,0,0,0,0
2169,1,0.706209099,0,0,0,0
2170,2,0.70732939,0,0,0,0
2171,1,0.706881248,0,0,0,0
2172,1,0.707172726,0,0,0,0
2173,1,0.706815138,0,0,0,0
2174,1,0.706781624,0,0,0,0
2175,1,0.706934628,0,0,0,0
2176,2,0.706702773,0,0,0,0
2177,1,0.707492439,0,0,0,0
2178,1,0.706675571,0,0,0,0
2179,1,0.707462322,0,0,0,0
2180,2,0.707713142,0,0,0,0
2181,2,0.706943093,0,0,0,0
2182,2,0.70740124,0,0,0,0
2183,1,0.70723244,0,0,0,0
2191,1,0.70798927,0,0,0,0
2192,2,0.707333229,0,0,0,0
2193,2,0.706277185,0,0,0,0
2194,1,0.706710148,0,0,0,0
2195,1,0.707640675,0,0,0,0
2196,1,0.706764688,0,0,0,0
2197,2,0.706761345,0,0,0,0
2198,1,0.704488522,0,0,0,0
2200,1,0.707272715,0,0,0,0
2202,1,0.706731632,0,0,0,0
2203,1,0.70719577,0,0,0,0
2204,1,0.707764791,0,0,0,0
2205,1,0.707441426,0,0,0,0
2206,1,0.707708715,0,0,0,0
2207,1,0.707202437,0,0,0,0
2208,1,0.706750898,0,0,0,0
2262,2,0.706704453,0,0,0,0
2263,5,0.705006041,39.269107861040226,2.1408009842507463e-4,0.40462871574654463,27.784599654196736
2265,3,0.704402741,13.969602706950788,7.61569102370739e-5,0.1439427252283194,9.884100752028873
2335,3,0.707242133,0,0,0,0
2336,3,0.705117393,44.71768866189646,2.4378366893275909e-4,0.46077086850166293,31.63970725610707
2216,4,0.704927252,35.258898868414946,1.922179787435098e-4,0.3633075398160093,24.947202589205162
2222,3,0.704394929,13.857716602686743,7.554695015603501e-5,0.1427898512990606,9.80493647295116
2227,4,0.707018959,0,0,0,0
2231,7,0.708792116,0,0,0,0
2234,3,0.706847551,57.2527959433989,3.1212026089428137e-4,0.5899325591366469,40.5088401804252
2244,3,0.7043592,13.049121456174994,7.113879988269984e-5,0.13445809044394474,9.232820281576082
2251,3,0.704390869,13.799436142403655,7.522922746373926e-5,0.14218932969105996,9.763700515608864
2258,3,0.704391709,13.811501330448763,7.529500223645255e-5,0.14231364933593724,9.77223716026023
2292,3,0.706891881,0,0,0,0
2299,7,0.708811967,0,0,0,0
2303,4,0.70701771,0,0,0,0
2309,4,0.707697242,0,0,0,0
2321,3,0.707710353,65.4014930083217,3.5654382854618415e-4,0.6738966980739252,46.274397331695056
2322,4,0.707682751,0,0,0,0
2323,5,0.70492353,35.14592224629901,1.9160207357785393e-4,0.36214342919557146,24.86726672137535
2329,5,0.704933495,35.75145887809115,1.9490322679459562e-4,0.3683828760026284,25.295710192763387
2331,3,0.706494957,59.60918687063835,3.249663994777315e-4,0.6142128009506367,42.17608912261686
2332,4,0.705288265,52.606786461078904,2.867920010626981e-4,0.5420600977395162,37.22158664992334
2333,3,0.706432794,59.84833024628277,3.2627011734106637e-4,0.6166769332479304,42.34529344922764
2341,3,0.706771724,0,0,0,0
2350,3,0.706724195,0,0,0,0
2547,4,0.706904754,57.54285236409055,3.1370153713081384e-4,0.5929212992275554,40.71406769805981
2727,3,0.707305547,56.50582342359802,3.080480535213593e-4,0.5822357575577941,39.980324674323136
2730,7,0.708934755,0,0,0,0
2478,3,0.706343224,0,0,0,0
2600,3,0.705177911,47.97812312203629,2.615583057440969e-4,0.49436637092689195,33.94660626930336
2854,4,0.707920172,0,0,0,0
2856,5,0.704937815,35.88468708272209,1.9562953581239443e-4,0.3697556588407768,25.389974934947425
3382,3,0.706462187,60.05401803821378,3.2739144820748806e-4,0.6187963393568825,42.49082649705704
3385,3,0.706787385,0,0,0,0
3388,3,0.707175238,54.31850737412457,2.9612364625407345e-4,0.559697662545243,38.432703552731176
3589,3,0.70597206,65.47145852536624,3.569252536813887e-4,0.674617622455718,46.32390097429271
3402,3,0.706895629,0,0,0,0
3613,5,0.706467875,60.22468446771913,3.2832185605264844e-4,0.6205548855004863,42.61158040964903
3481,5,0.706969846,0,0,0,0
3482,4,0.705623905,63.17510145918734,3.4440639665804317e-4,0.6509559692836753,44.69912859666079
3483,3,0.707690071,0,0,0,0
3559,7,0.708901979,0,0,0,0
3866,3,0.708144096,0,0,0,0
3867,3,0.706839988,0,0,0,0
3922,3,0.707665757,0,0,0,0
3413,5,0.706949932,0,0,0,0
3463,3,0.706370712,60.69743263640288,3.3089909755353063e-4,0.6254260805641211,42.946070275082526
3466,3,0.705845918,65.77893216464614,3.5860148190620814e-4,0.6777858294908254,46.54145193067913
3468,3,0.706914179,0,0,0,0
3691,3,0.706716978,0,0,0,0
5504,3,0.705632612,63.343181375311275,3.45322703825357e-4,0.6526878640047032,44.81805243867778
5506,3,0.707926159,0,0,0,0
5526,3,0.707561083,61.302982482968716,3.342003228121446e-4,0.6316656635361483,43.37452309649699
5585,3,0.707316854,56.43687017527985,3.076721468865837e-4,0.581525263588533,39.93153725582216
5587,3,0.707642711,63.37259687077264,3.454830658123386e-4,0.6529909611413558,44.83886517952018
5634,4,0.707484863,0,0,0,0
5640,3,0.707953679,0,0,0,0
5643,4,0.707791947,67.52438550115505,3.6811702331851834e-4,0.695770973040466,47.77643598841722
5854,3,0.706742988,0,0,0,0
5533,3,0.707895756,0,0,0,0
5535,7,0.708982319,0,0,0,0
5560,3,0.707650816,63.852925033429095,3.481016305299712e-4,0.6579402604297514,45.17871821996284
5571,4,0.706404376,60.51090290155786,3.298822090584792e-4,0.6235040789916391,42.814092384863784
5579,4,0.70569097,64.33200531928584,3.507133923024223e-4,0.6628767016010576,45.51768833336218
5611,4,0.706920921,0,0,0,0
8289,4,0.708226912,85.40538314042296,4.65597356920668e-4,0.8800166945538426,60.42801856530581
8161,5,0.707913294,71.15769527537074,3.879244331742582e-4,0.7332085810720154,50.34716048395427
8162,4,0.707854596,0,0,0,0
8031,4,0.707093878,0,0,0,0
8032,4,0.707640525,63.324230451640325,3.4521939066583526e-4,0.6524925937700362,44.804643836956096
8188,5,0.708177293,83.40050428007923,4.546675271605537e-4,0.8593584315406123,59.00947968005963
7864,3,0.705993589,65.08610089101833,3.5482443181953266e-4,0.6706468990758773,46.05124370812987
7929,4,0.707996357,75.78946588647445,4.1317506814707886e-4,0.7809343252023745,53.624339394536776
8099,3,0.705873848,65.85997830991099,3.5904331437198935e-4,0.6786209286173646,46.59879559908301
8148,7,0.708794192,0,0,0,0
7897,3,0.705782439,65.6822676823786,3.5807450426385187e-4,0.6767897990880817,46.47305761038828
7900,3,0.709027343,92.87063714676478,5.062950554296635e-4,0.9569386392029773,65.7100100639943
7902,7,0.708591733,0,0,0,0
8398,4,0.706468826,60.20293536232583,3.2820328828075685e-4,0.6203307828135838,42.59619197280631
8387,4,0.705731584,64.87332306536675,3.536644488115317e-4,0.6684544372904604,45.90069415345345
8505,3,0.708882225,96.04219956719487,5.235851960035104e-4,0.9896184045195159,67.9540282485116
8506,5,0.706624497,59.58160890103714,3.2481605497620926e-4,0.613928637672415,42.1565765111423
8617,7,0.708814187,0,0,0,0
8657,3,0.707434447,0,0,0,0
8658,5,0.707897933,70.90385519791701,3.865405945355547e-4,0.7305930140235211,50.1675576023915
8659,4,0.707053061,0,0,0,0
8662,5,0.707925676,71.35034776239863,3.8897470056333943e-4,0.7351936714562257,50.48347048731357
8468,4,0.708099311,81.1362254254701,4.423235482300454e-4,0.8360273121203637,57.40740403058467
8469,4,0.706408221,60.420035147859465,3.293868329545897e-4,0.6225677780547331,42.74979950184438
8471,3,0.707597368,0,0,0,0
8472,4,0.707417679,0,0,0,0
8473,3,0.70642786,59.96478268879086,3.2690497134493606e-4,0.6178768587064953,42.427688610973874
8474,3,0.70718482,0,0,0,0
8475,3,0.70760714,0,0,0,0
8476,5,0.706305657,61.789507986839155,3.3685267305456575e-4,0.636678820201323,43.71876102505987
8477,4,0.707179146,0,0,0,0
8480,4,0.707182599,0,0,0,0
8484,3,0.707190614,0,0,0,0
8485,3,0.707627704,0,0,0,0
8487,4,0.706453205,59.66507051640709,3.2527105565756777e-4,0.6147886257923585,42.21562922957309
8488,3,0.707188411,0,0,0,0
8494,4,0.706937095,57.132718456541085,3.114656445404767e-4,0.5886952812369481,40.423880142330304
8495,4,0.708285973,86.9502558216193,4.7401940961448133e-4,0.8959350559079229,61.52108309622508
8497,3,0.705639332,63.46932782187728,3.4601040581727356e-4,0.6539876764387065,44.907306529400664
8518,3,0.709219975,90.66003074527643,4.942436781056769e-4,0.9341605605050717,64.14591000662338
8772,5,0.706363684,60.85722204704022,3.3177020806812583e-4,0.6270725499528547,43.059128224329775
8774,3,0.70744566,0,0,0,0
8701,4,0.706329609,61.301558719118724,3.34192560998298e-4,0.6316509930796615,43.3735157217251
8702,3,0.707295363,0,0,0,0
15725,7,0.709707175,0,0,0,0
15726,5,0.708292759,86.75740620754773,4.729680675644462e-4,0.8939479343275162,61.38463361691922
15727,7,0.709609307,0,0,0,0
15731,6,0.709124466,92.46805141859844,5.041003126151498e-4,0.9527903976197389,65.42516317306982
2422,3,0.707030978,0,0,0,0
2424,4,0.707782682,0,0,0,0
2426,4,0.707785321,0,0,0,0
2428,7,0.708859258,0,0,0,0
2709,5,0.706138911,63.929767563702306,3.4852054650082377e-4,0.6587320455257916,45.233087648155916
3107,5,0.706824786,0,0,0,0
3108,6,0.707000893,0,0,0,0
3109,3,0.706877959,0,0,0,0
3111,7,0.708924652,0,0,0,0
2929,6,0.707167266,0,0,0,0
2930,3,0.707324457,0,0,0,0
2264,1,0.707186581,0,0,0,0
2266,1,0.707028484,0,0,0,0
2267,2,0.706689255,0,0,0,0
2268,2,0.707774391,0,0,0,0
2337,1,0.70695881,0,0,0,0
2380,2,0.706677147,0,0,0,0
2381,1,0.707781232,0,0,0,0
2382,1,0.706536907,0,0,0,0
2383,2,0.707471147,0,0,0,0
2384,1,0.706793119,0,0,0,0
2385,1,0.706874382,0,0,0,0
2215,1,0.704935098,0,0,0,0
2217,2,0.707244276,0,0,0,0
2218,1,0.706685175,0,0,0,0
2219,2,0.706189615,0,0,0,0
2220,2,0.706718667,0,0,0,0
2221,1,0.706481421,0,0,0,0
2223,2,0.706726441,0,0,0,0
2224,1,0.70660559,0,0,0,0
2225,2,0.707245355,0,0,0,0
2226,2,0.707395839,0,0,0,0
2228,2,0.707338078,0,0,0,0
2229,1,0.704949535,0,0,0,0
2230,1,0.706669827,0,0,0,0
2232,1,0.707717746,0,0,0,0
2233,2,0.707716342,0,0,0,0
2235,2,0.706731356,0,0,0,0
2242,2,0.707293021,0,0,0,0
2243,1,0.707459528,0,0,0,0
2245,1,0.706666964,0,0,0,0
2246,2,0.707443904,0,0,0,0
2247,1,0.707785605,0,0,0,0
2248,2,0.706680231,0,0,0,0
2249,1,0.706705307,0,0,0,0
2250,1,0.70742693,0,0,0,0
2252,1,0.704494859,0,0,0,0
2253,1,0.706923642,0,0,0,0
2254,2,0.705314927,0,0,0,0
2255,1,0.707299352,0,0,0,0
2256,2,0.706985195,0,0,0,0
2257,1,0.706887084,0,0,0,0
2259,1,0.706680322,0,0,0,0
2269,2,0.707023749,0,0,0,0
2270,2,0.706785887,0,0,0,0
2271,1,0.707317267,0,0,0,0
2290,1,0.707217241,0,0,0,0
2291,2,0.707191451,0,0,0,0
2293,2,0.707445585,0,0,0,0
2294,2,0.707367061,0,0,0,0
2295,1,0.706721353,0,0,0,0
2296,1,0.707687278,0,0,0,0
2297,1,0.707338062,0,0,0,0
2298,2,0.707197591,0,0,0,0
2300,1,0.706771058,0,0,0,0
2301,2,0.706739887,0,0,0,0
2302,2,0.707450991,0,0,0,0
2304,2,0.707783763,0,0,0,0
2305,1,0.707018059,0,0,0,0
2306,2,0.707245092,0,0,0,0
2307,1,0.704478816,0,0,0,0
2308,2,0.706947566,0,0,0,0
2310,2,0.706871995,0,0,0,0
2320,1,0.707764265,0,0,0,0
2324,2,0.706975689,0,0,0,0
2325,1,0.707482487,0,0,0,0
2326,1,0.707197249,0,0,0,0
2327,1,0.707813334,0,0,0,0
2328,1,0.707421096,0,0,0,0
2330,2,0.706712022,0,0,0,0
2334,1,0.706693717,0,0,0,0
2338,1,0.706728149,0,0,0,0
2339,1,0.706005425,0,0,0,0
2340,1,0.707280713,0,0,0,0
2342,1,0.704945018,0,0,0,0
2343,2,0.70688756,0,0,0,0
2344,1,0.707005826,0,0,0,0
2345,2,0.704830356,0,0,0,0
2346,1,0.704442638,0,0,0,0
2351,1,0.706739712,0,0,0,0
2352,1,0.704459155,0,0,0,0
2407,2,0.708017345,0,0,0,0
2408,1,0.708051832,0,0,0,0
2409,1,0.706725912,0,0,0,0
2410,1,0.706717861,0,0,0,0
2411,1,0.7067092,0,0,0,0
2412,2,0.704433453,0,0,0,0
2545,2,0.706672289,0,0,0,0
2546,1,0.707673701,0,0,0,0
2725,1,0.706985145,0,0,0,0
2726,2,0.706725442,0,0,0,0
2728,1,0.707836032,0,0,0,0
2729,1,0.706599071,0,0,0,0
2356,2,0.707008481,0,0,0,0
2357,1,0.704985267,0,0,0,0
2358,1,0.707213661,0,0,0,0
2359,2,0.706887046,0,0,0,0
2360,1,0.706857824,0,0,0,0
2361,1,0.706671339,0,0,0,0
2413,2,0.70750854,0,0,0,0
2414,2,0.705136496,0,0,0,0
2415,1,0.706766184,0,0,0,0
2470,1,0.706941187,0,0,0,0
2471,2,0.707680172,0,0,0,0
2472,2,0.708062601,0,0,0,0
2473,2,0.708008008,0,0,0,0
2474,2,0.704450201,0,0,0,0
2475,2,0.707428556,0,0,0,0
2476,2,0.707611495,0,0,0,0
2477,2,0.708054666,0,0,0,0
2590,1,0.706733526,0,0,0,0
2591,1,0.706998425,0,0,0,0
2592,2,0.708085098,0,0,0,0
2599,2,0.707289955,0,0,0,0
2601,2,0.706886638,0,0,0,0
2855,1,0.706764983,0,0,0,0
2362,2,0.706722763,0,0,0,0
2363,2,0.707466374,0,0,0,0
2364,2,0.706743342,0,0,0,0
3379,1,0.704547466,0,0,0,0
3380,1,0.707438806,0,0,0,0
3381,1,0.707027544,0,0,0,0
3383,1,0.707294301,0,0,0,0
3384,2,0.707907456,0,0,0,0
3386,1,0.706780142,0,0,0,0
3387,1,0.704542913,0,0,0,0
3389,1,0.705888249,0,0,0,0
3390,1,0.706768323,0,0,0,0
3391,2,0.707224985,0,0,0,0
3454,2,0.707306449,0,0,0,0
3455,1,0.707614227,0,0,0,0
3456,1,0.706869659,0,0,0,0
3526,2,0.707608669,0,0,0,0
3527,1,0.706942667,0,0,0,0
3528,1,0.705477432,0,0,0,0
3586,2,0.706937628,0,0,0,0
3587,1,0.707404904,0,0,0,0
3588,1,0.707867178,0,0,0,0
3590,1,0.70454261,0,0,0,0
3591,2,0.707045719,0,0,0,0
3709,2,0.707803724,0,0,0,0
3710,1,0.705292137,0,0,0,0
3711,1,0.706928367,0,0,0,0
3712,2,0.706578909,0,0,0,0
3713,1,0.706727498,0,0,0,0
3714,1,0.706955286,0,0,0,0
3763,1,0.707735976,0,0,0,0
3764,2,0.706885628,0,0,0,0
3765,2,0.704519527,0,0,0,0
3400,1,0.704512463,0,0,0,0
3401,1,0.706819844,0,0,0,0
3403,1,0.707328529,0,0,0,0
3404,2,0.70774352,0,0,0,0
3405,1,0.707738784,0,0,0,0
3610,2,0.70770348,0,0,0,0
3611,1,0.707329625,0,0,0,0
3612,1,0.706960393,0,0,0,0
3614,1,0.707280744,0,0,0,0
3615,1,0.706885638,0,0,0,0
3556,1,0.70704455,0,0,0,0
3557,1,0.707936667,0,0,0,0
3558,2,0.707359034,0,0,0,0
3560,1,0.707302892,0,0,0,0
3561,2,0.706886098,0,0,0,0
3865,2,0.70773089,0,0,0,0
3923,1,0.706925889,0,0,0,0
3924,1,0.707000525,0,0,0,0
3700,2,0.70776398,0,0,0,0
3701,2,0.706937395,0,0,0,0
3702,2,0.707444376,0,0,0,0
3658,1,0.704827765,0,0,0,0
3659,1,0.705128992,0,0,0,0
3660,1,0.706938776,0,0,0,0
3406,1,0.706685454,0,0,0,0
3407,1,0.706726451,0,0,0,0
3408,2,0.706751034,0,0,0,0
3412,1,0.704528974,0,0,0,0
3414,1,0.707387715,0,0,0,0
3464,1,0.706912316,0,0,0,0
3465,2,0.707862453,0,0,0,0
3467,1,0.707820056,0,0,0,0
3692,2,0.70689373,0,0,0,0
3693,1,0.707147352,0,0,0,0
5498,2,0.707161988,0,0,0,0
5499,2,0.70809337,0,0,0,0
5500,1,0.706812798,0,0,0,0
5505,1,0.707694215,0,0,0,0
5507,1,0.706832945,0,0,0,0
5508,1,0.708329453,0,0,0,0
5509,1,0.708336363,0,0,0,0
5510,1,0.70683814,0,0,0,0
5511,2,0.706812929,0,0,0,0
5512,1,0.705356898,0,0,0,0
5525,1,0.706826273,0,0,0,0
5527,2,0.707849425,0,0,0,0
5586,2,0.705399357,0,0,0,0
5633,1,0.706803937,0,0,0,0
5635,1,0.707652193,0,0,0,0
5636,2,0.707631433,0,0,0,0
5637,2,0.707400743,0,0,0,0
5638,2,0.708283642,0,0,0,0
5639,1,0.707692413,0,0,0,0
5641,2,0.705720961,0,0,0,0
5642,2,0.707420338,0,0,0,0
5644,2,0.707862492,0,0,0,0
5852,1,0.707691075,0,0,0,0
5853,1,0.707560562,0,0,0,0
5528,1,0.707582345,0,0,0,0
5529,2,0.705403425,0,0,0,0
5530,1,0.707656693,0,0,0,0
5531,1,0.706839658,0,0,0,0
5532,1,0.708118993,0,0,0,0
5534,1,0.70756025,0,0,0,0
5536,1,0.706854994,0,0,0,0
5555,1,0.707756879,0,0,0,0
5556,1,0.707623526,0,0,0,0
5557,1,0.708034031,0,0,0,0
5558,2,0.705472584,0,0,0,0
5559,1,0.706833892,0,0,0,0
5561,2,0.707680203,0,0,0,0
5562,2,0.706802232,0,0,0,0
5563,1,0.70804227,0,0,0,0
5564,1,0.708276528,0,0,0,0
5565,2,0.708038325,0,0,0,0
5566,2,0.707558119,0,0,0,0
5570,2,0.706748224,0,0,0,0
5572,1,0.705518908,0,0,0,0
5573,2,0.708281791,0,0,0,0
5574,1,0.707711685,0,0,0,0
5575,1,0.706804018,0,0,0,0
5576,1,0.707628583,0,0,0,0
5577,2,0.707696601,0,0,0,0
5578,1,0.70490179,0,0,0,0
5580,1,0.707655307,0,0,0,0
5581,1,0.704883641,0,0,0,0
5582,1,0.707667427,0,0,0,0
5600,2,0.70755238,0,0,0,0
5601,1,0.70825033,0,0,0,0
5602,1,0.707247615,0,0,0,0
5603,1,0.70683343,0,0,0,0
5604,1,0.704938211,0,0,0,0
5605,1,0.705547261,0,0,0,0
5609,2,0.706814561,0,0,0,0
5610,1,0.706331911,0,0,0,0
5615,1,0.706853132,0,0,0,0
5616,1,0.70681707,0,0,0,0
5617,1,0.708188629,0,0,0,0
5819,1,0.706828691,0,0,0,0
5820,2,0.707870419,0,0,0,0
5821,2,0.707292495,0,0,0,0
7857,2,0.707158931,0,0,0,0
7858,1,0.707057202,0,0,0,0
7859,2,0.707438462,0,0,0,0
8290,2,0.707151481,0,0,0,0
8291,1,0.709246515,0,0,0,0
8160,2,0.707646394,0,0,0,0
8033,1,0.707142995,0,0,0,0
8175,1,0.707662998,0,0,0,0
8176,1,0.70705823,0,0,0,0
8177,1,0.707228461,0,0,0,0
8187,1,0.707250304,0,0,0,0
8189,2,0.707312346,0,0,0,0
8637,2,0.707271851,0,0,0,0
8638,1,0.709350417,0,0,0,0
8639,1,0.707631669,0,0,0,0
8424,1,0.707579639,0,0,0,0
8425,1,0.705559631,0,0,0,0
8426,2,0.707342673,0,0,0,0
7860,2,0.708874465,0,0,0,0
7861,1,0.707168147,0,0,0,0
7862,2,0.706173307,0,0,0,0
7863,1,0.707398438,0,0,0,0
7865,2,0.708202009,0,0,0,0
7866,2,0.709032962,0,0,0,0
7867,1,0.70890622,0,0,0,0
7868,2,0.707298062,0,0,0,0
7878,2,0.707156574,0,0,0,0
7879,1,0.705577427,0,0,0,0
7880,1,0.708913493,0,0,0,0
7881,1,0.708953516,0,0,0,0
7882,1,0.705895843,0,0,0,0
7883,1,0.708140995,0,0,0,0
7887,1,0.707146838,0,0,0,0
7888,2,0.705542425,0,0,0,0
7889,1,0.707403539,0,0,0,0
7930,1,0.707127951,0,0,0,0
7931,1,0.705811738,0,0,0,0
8043,2,0.70886995,0,0,0,0
8044,2,0.707161363,0,0,0,0
8045,1,0.70719163,0,0,0,0
8097,2,0.706114985,0,0,0,0
8098,1,0.705114949,0,0,0,0
8149,1,0.707306518,0,0,0,0
8150,1,0.707214913,0,0,0,0
8196,1,0.707180824,0,0,0,0
8197,1,0.707165617,0,0,0,0
8198,1,0.708264591,0,0,0,0
7896,2,0.707454156,0,0,0,0
7898,1,0.707059714,0,0,0,0
7899,1,0.707179172,0,0,0,0
7901,2,0.707413139,0,0,0,0
7903,1,0.707668027,0,0,0,0
7904,2,0.707670977,0,0,0,0
7905,1,0.707943247,0,0,0,0
7906,1,0.70715486,0,0,0,0
7907,1,0.70766314,0,0,0,0
8397,1,0.708861791,0,0,0,0
8399,1,0.705633738,0,0,0,0
8382,2,0.709181255,0,0,0,0
8383,1,0.708856793,0,0,0,0
8384,2,0.707147548,0,0,0,0
8385,2,0.707340183,0,0,0,0
8386,2,0.708866436,0,0,0,0
8178,2,0.706251096,0,0,0,0
8179,2,0.707159015,0,0,0,0
8180,1,0.707201272,0,0,0,0
7913,1,0.708194123,0,0,0,0
8507,1,0.707511838,0,0,0,0
8616,1,0.708304667,0,0,0,0
8618,2,0.706919361,0,0,0,0
8655,1,0.707222599,0,0,0,0
8656,1,0.707190427,0,0,0,0
8660,1,0.707417281,0,0,0,0
8661,2,0.707291956,0,0,0,0
8663,1,0.706552805,0,0,0,0
8466,2,0.70848144,0,0,0,0
8467,1,0.707170536,0,0,0,0
8470,2,0.70690287,0,0,0,0
8478,1,0.704942192,0,0,0,0
8479,1,0.707213008,0,0,0,0
8481,2,0.706096135,0,0,0,0
8482,1,0.708832236,0,0,0,0
8483,2,0.707176179,0,0,0,0
8486,1,0.709054668,0,0,0,0
8489,1,0.708135119,0,0,0,0
8490,2,0.709207599,0,0,0,0
8491,2,0.707303979,0,0,0,0
8492,1,0.707171906,0,0,0,0
8493,2,0.707437346,0,0,0,0
8496,1,0.70743376,0,0,0,0
8498,1,0.70755979,0,0,0,0
8604,2,0.707192898,0,0,0,0
8605,1,0.707407551,0,0,0,0
8606,1,0.707489944,0,0,0,0
8517,2,0.707563149,0,0,0,0
8519,1,0.70725035,0,0,0,0
8773,1,0.709084774,0,0,0,0
8700,2,0.707685147,0,0,0,0
8808,2,0.707562139,0,0,0,0
8809,1,0.707312779,0,0,0,0
8810,1,0.707473533,0,0,0,0
7260,1,0.707420549,0,0,0,0
7261,1,0.708961624,0,0,0,0
7328,1,0.70717246,0,0,0,0
7329,2,0.707059647,0,0,0,0
7330,2,0.707809859,0,0,0,0
7298,1,0.707012751,0,0,0,0
7299,2,0.707600064,0,0,0,0
7300,1,0.708851753,0,0,0,0
15728,1,0.709160836,0,0,0,0
15729,1,0.709157416,0,0,0,0
15730,2,0.710438236,0,0,0,0
15732,1,0.70802833,0,0,0,0
2423,1,0.707933556,0,0,0,0
2425,2,0.706711227,0,0,0,0
2427,1,0.7079949,0,0,0,0
2429,2,0.707413418,0,0,0,0
2707,1,0.707893684,0,0,0,0
2708,1,0.707730923,0,0,0,0
2710,2,0.707711518,0,0,0,0
2711,1,0.707516803,0,0,0,0
2712,1,0.706907461,0,0,0,0
2713,1,0.705095983,0,0,0,0
2714,1,0.707584678,0,0,0,0
3105,1,0.705807305,0,0,0,0
3106,1,0.707022753,0,0,0,0
3110,1,0.706704612,0,0,0,0
3112,2,0.707346501,0,0,0,0
2931,3,0.707739052,0,0,0,0
2948,3,0.707806118,0,0,0,0
3960,3,0.707734347,66.1784583010376,3.607795450011156e-4,0.6819025450537893,46.824134027514795
3961,3,0.705293748,53.087849940655325,0.00028941457444584857,0.5470169737302409,37.561959959028904
8714,4,0.706130224,63.72599053677162,3.47409632391533e-4,0.6566323279310504,45.0889065495675
8716,4,0.708143303,0,0,0,0
8817,5,0.706337646,61.129828391365194,3.3325635318837924e-4,0.629881484533159,43.252009054906985
8995,3,0.705895877,65.87884437626361,3.5914616492199313e-4,0.6788153244825945,46.6121441605658
8996,5,0.707027036,55.677901422014095,3.035345406548443e-4,0.5737048528724964,39.394533893429625
9480,3,0.707325774,0,0,0,0
9482,5,0.705933507,65.56118380624177,3.574144014621079e-4,0.6755421513576512,46.38738550816113
9486,3,0.706019451,64.64442357048159,3.524165766528906e-4,0.666095857895732,45.738737817472064
9495,4,0.708976984,93.88116334187124,5.118040562471773e-4,0.9673510967001296,66.42500124409615
9496,3,0.707643833,0,0,0,0
9497,3,0.707475579,59.077456131432676,3.220676076491113e-4,0.6087338497381696,41.79986652634756
9503,3,0.70760725,0,0,0,0
9505,6,0.707120733,55.35564461988401,3.017777203022586e-4,0.5703843201920009,39.166523207148934
9507,3,0.707613986,0,0,0,0
9511,4,0.708376173,89.24661803984985,4.865382947248343e-4,0.9195967621666834,63.14585911915734
9512,3,0.707496541,0,0,0,0
9514,3,0.70742233,0,0,0,0
9518,5,0.707357625,57.55288141718752,3.137562116775773e-4,0.5930246385468274,40.72116368878605
9528,3,0.707329517,0,0,0,0
9529,3,0.707275115,0,0,0,0
9531,3,0.707703817,0,0,0,0
9535,3,0.706557909,58.77289812375948,3.2040727432833553e-4,0.6055956853583926,41.584378505977355
9540,4,0.708546913,93.89669947274531,5.118887532675027e-4,0.9675111809247444,66.4359937315761
9545,5,0.708774969,96.68650769995989,5.270977165569824e-4,0.9962573527031189,68.40990424106452
9552,3,0.708428024,91.55452235584539,4.991201029205373e-4,0.9433773981503614,64.77880167764485
9556,4,0.707931673,0,0,0,0
9562,3,0.707335625,0,0,0,0
9578,5,0.70741487,57.79898570177629,3.1509787774378984e-4,0.595560496019456,40.89529316085551
9582,5,0.707455782,58.65162816193118,3.197461570588504e-4,0.6043461202018106,41.498574740039956
9583,3,0.706384867,60.367113626751326,3.290983251410757e-4,0.6220224749325659,42.71235522675965
9584,5,0.708780433,97.03712081347763,5.290091246316606e-4,0.9998700686922013,68.6579782494447
11858,3,0.70788565,0,0,0,0
11864,3,0.707575947,61.6313612688704,3.359905178696769e-4,0.6350492771106658,43.60686535223389
11865,7,0.708318681,87.76637427490857,4.784685740677443e-4,0.9043443368831885,62.09852235395626
11876,3,0.707553819,60.841419770867596,3.31684060125821e-4,0.626909723368247,43.0479474274898
11879,4,0.707801634,0,0,0,0
11880,4,0.705957016,65.51156274576552,3.5714388649272523e-4,0.6750308561674081,46.35227645234484
11890,7,0.708446387,91.86001242603155,5.007855174882621e-4,0.9465251664981974,64.99494917273158
12105,5,0.705843626,65.76945908387874,3.585498383071162e-4,0.677688218908007,46.53474931452738
12189,7,0.708653538,95.52222300341843,5.207504834262371e-4,0.9842605682792914,67.58612224195761
12279,4,0.707136783,55.171118766442355,3.007717561992148e-4,0.5684829666047398,39.0359631500713
11894,3,0.709446105,85.572805061017,4.6651007694899454e-4,0.8817418092918068,60.54647684690221
11897,7,0.708676292,0,0,0,0
11900,4,0.707776758,0,0,0,0
11902,4,0.70652993100000006,59.1075894259898,3.222318828011593e-4,0.6090443430735671,41.82118714123126
11905,3,0.708905115,95.86448447280868,5.226163615438011e-4,0.987787228963791,67.82828709932377
11909,5,0.709097779,92.25825946053516,5.029566074107967e-4,0.9506287022009003,65.27672624941766
11912,3,0.707224358,0,0,0,0
11913,3,0.707558277,60.94024830730448,3.3222283536060563e-4,0.6279280521756923,43.117872910111565
11914,4,0.70758035,0,0,0,0
11916,3,0.709749194,71.47832157615967,3.896723646595737e-4,0.7365123130738188,50.57401751970743
11918,3,0.707806531,0,0,0,0
11922,3,0.709735864,71.99687031267747,3.924992932708566e-4,0.7418554369882115,50.94091327645139
11924,3,0.708896372,96.12229091574385,5.240218232841972e-4,0.9904436654248682,68.010696356762807
11925,3,0.707773699,0,0,0,0
11926,7,0.708467396,91.88829804215932,5.009397198069416e-4,0.9468166213631357,65.01496247486372
11928,3,0.707796261,67.90149117886901,3.7017285868119927e-4,0.6996566682952216,48.04325463679813
11936,5,0.709129998,92.14316270294655,5.023291440805839e-4,0.9494427457138197,65.19529029364266
11937,4,0.709416925,86.29440354051003,4.7044395479668857e-4,0.8891771568702428,61.05703911724302
11951,4,0.706067916,64.60187788105054,3.52184633889811e-4,0.6656574672978107,45.70863489402301
11952,3,0.70777976,0,0,0,0
11955,3,0.709623578,76.96883045130076,4.1960451092969814e-4,0.7930864925230918,54.4587910555218
11959,7,0.708652015,0,0,0,0
11974,4,0.707780914,0,0,0,0
11975,3,0.708870828,95.96983937640785,5.231907160265127e-4,0.988872805429948,67.90283027021698
11977,3,0.705842582,65.76500270567807,3.58525543844222e-4,0.6776423004065071,46.531596233366194
11990,4,0.707787736,0,0,0,0
11994,5,0.705837373,65.74144659475398,3.5839712497198826e-4,0.6773995783425141,46.51492926161447
11997,3,0.70778163,0,0,0,0
11998,3,0.706594392,59.21468596714797,3.2281573202312935e-4,0.6101478653655191,41.896962596353866
12000,3,0.707743731,0,0,0,0
12008,3,0.707583292,61.78902141838203,3.368500204701587e-4,0.6366738066020677,43.71841675674002
12009,5,0.706378273,60.52238931267369,3.299448285615993e-4,0.623622434921567,42.82221951969573
12010,3,0.709612556,77.6501633445236,4.2331887626128483e-4,0.8001069436766091,54.940863674447115
12022,4,0.706528534,59.14022013796131,3.224097729140506e-4,0.6093805697870858,41.84427478742297
12023,4,0.706241576,63.2717368066433,3.449332154685932e-4,0.6519516994814478,44.76750230280683
12029,6,0.7084359,91.68790698602469,4.99847264710365e-4,0.9447517927966762,64.87317709769944
12030,3,0.70606003,64.66368541942666,3.52521584857625e-4,0.6662943319030644,45.75236641233172
12031,7,0.708246818,86.02007119432014,4.6894840017697745e-4,0.8863504375742671,60.862937065369195
7138,3,0.706014302,64.97563614544596,3.5422222044034074e-4,0.6695086708203645,45.973085102070065
6745,3,0.706865459,0,0,0,0
6747,3,0.707806971,68.08785162500797,3.7118882427922473e-4,0.7015769255176162,48.17511274790346
6749,5,0.707803914,68.03544857530069,3.709031429727177e-4,0.7010369647224973,48.13803531385714
6751,3,0.70782791,69.06826338641201,3.765336527668287e-4,0.7116790840215355,48.868796657995624
6762,3,0.708192384,0,0,0,0
6763,3,0.705019675,39.70791236373675,2.164722920918892e-4,0.40915015542422195,28.09507290143793
6778,3,0.706006132,65.02348642363644,3.544830817846049e-4,0.6700017198776754,46.00694125249673
6780,3,0.708331732,0,0,0,0
6794,3,0.705603006,0,0,0,0
6798,5,0.706960988,56.777737182756375,3.09530422933207e-4,0.5850375557435691,40.1727154708092
6839,3,0.705011115,39.43278740403286,2.149724164476289e-4,0.4063152690420626,27.900410041071964
6840,4,0.70652219,59.28753562972135,3.232128804123703e-4,0.6108985079702339,41.94850689719989
6841,3,0.705389083,56.40367113972412,3.0749115849172285e-4,0.5811831808712868,39.908047496006745
7095,3,0.706037843,64.82734990024117,3.534138207669674e-4,0.667980729997965,45.86816614206163
7096,4,0.707862374,70.27221375782491,3.830971279270752e-4,0.724084583385851,49.72064384514338
7161,5,0.707966691,74.0862613986961,4.0388985123632323e-4,0.7633845136053752,52.41924823255745
7162,4,0.707823107,68.9805457485525,3.76055449884985e-4,0.7107752418644634,48.806732618772664
6801,4,0.707684288,64.87326551908974,3.5366413509132474e-4,0.6684538443338737,45.90065343696267
6804,3,0.708336506,0,0,0,0
6807,3,0.70783926,69.26936172122956,3.776299636752201e-4,0.7137512003844518,49.01108246555212
6810,3,0.706169285,63.54742007318095,3.464361347873455e-4,0.6547923386547816,44.96256018951042
6817,3,0.708194877,83.68548379391353,4.562211260502118e-4,0.8622948592054549,59.21111506555279
6824,3,0.707806381,68.07778716706554,3.711339567188377e-4,0.7014732213869713,48.16799170671107
6825,3,0.707058455,0,0,0,0
6826,5,0.707727257,66.039378506248255,3.600213353605299e-4,0.6804694674562274,46.725729031101736
6829,4,0.706827257,0,0,0,0
6830,3,0.707769645,67.14385477073368,3.660425158835482e-4,0.6918499860575849,47.50719396646218
6831,4,0.707326651,56.6363174827658,3.0875945702788616e-4,0.5835803677730417,40.07265488982123
6832,5,0.707713691,65.46896548294899,3.569116625713499e-4,0.6745919341575483,46.32213703848522
8263,3,0.707146858,0,0,0,0
8264,7,0.708805355,0,0,0,0
8267,3,0.707033695,55.40980390341517,3.020729759212559e-4,0.5709423772127643,39.20484325291611
8269,4,0.708212157,84.86063115813852,4.6262757827437463e-4,0.8744035725096103,60.042582873917986
8272,4,0.707012308,0,0,0,0
8275,4,0.707315816,0,0,0,0
8280,4,0.709035458,92.88635599220835,5.063807485396673e-4,0.9571006061177174,65.72113182996925
8284,4,0.707297298,0,0,0,0
8285,3,0.706225856,62.648602054870445,3.41536124058631e-4,0.6455309217230347,44.32660739707349
8287,3,0.708740749,96.07562838171773,5.23767437065075e-4,0.989962854878235,67.97768058692782
8314,5,0.70788469,70.6719285690147,3.852762196045402e-4,0.7282032430531122,50.003459437594856
8317,7,0.708837717,0,0,0,0
8322,3,0.707005442,0,0,0,0
8325,4,0.706401288,60.583325760731775,3.302770306794603e-4,0.6242503238159913,42.86533470376443
8326,4,0.706389605,60.556601210065836,3.301313386902973e-4,0.6239749541627482,42.84642592325893
8340,3,0.708119359,81.50784407629864,4.4434947042892723e-4,0.839856469074077,57.67034036908875
8342,4,0.706395406,60.42012164993311,3.293873045306822e-4,0.6225686693717217,42.74986070581912
8343,3,0.706863175,57.44300984476265,3.131572340506328e-4,0.5918925223448336,40.64342477849543
8353,3,0.70770573,0,0,0,0
8530,5,0.706310991,61.68397668867007,3.362773569363868e-4,0.6355914261662885,43.6440930473459
8672,5,0.70675926,58.342187534566804,3.180592055702324e-4,0.6011576453300789,41.27963205413818
8832,3,0.707461147,0,0,0,0
12547,3,0.706618735,59.37527283327844,3.236911899588848e-4,0.6118025517321682,42.010584780003825
12557,4,0.706161376,63.653850119146945,3.47016350533433e-4,0.6558889933831868,45.03786407033214
12561,4,0.706243128,63.2449125501486,3.447869799215345e-4,0.6516753024597809,44.748522976096275
12582,7,0.709340586,0,0,0,0
2938,2,0.707895803,0,0,0,0
2939,1,0.706812354,0,0,0,0
2940,2,0.7078818,0,0,0,0
2947,1,0.704994297,0,0,0,0
3955,1,0.705318931,0,0,0,0
3956,1,0.707757972,0,0,0,0
3957,1,0.706979439,0,0,0,0
3958,1,0.704589144,0,0,0,0
3959,1,0.706829493,0,0,0,0
3962,1,0.707658909,0,0,0,0
8853,1,0.707961105,0,0,0,0
8854,1,0.707222502,0,0,0,0
8855,2,0.707054864,0,0,0,0
9156,1,0.708472368,0,0,0,0
9157,1,0.707865785,0,0,0,0
9158,1,0.707268312,0,0,0,0
8937,1,0.707395338,0,0,0,0
8938,1,0.708038077,0,0,0,0
8939,2,0.707199422,0,0,0,0
8712,2,0.707156607,0,0,0,0
8713,1,0.705768628,0,0,0,0
8715,1,0.707252917,0,0,0,0
8717,1,0.707273369,0,0,0,0
8994,1,0.70609104,0,0,0,0
9481,2,0.707625717,0,0,0,0
9483,1,0.707740039,0,0,0,0
9484,1,0.707300931,0,0,0,0
9485,1,0.707575887,0,0,0,0
9487,1,0.709300602,0,0,0,0
9488,1,0.707267316,0,0,0,0
9489,1,0.708518694,0,0,0,0
9490,2,0.706908204,0,0,0,0
9491,1,0.707600415,0,0,0,0
9498,2,0.708338717,0,0,0,0
9499,2,0.708863636,0,0,0,0
9500,1,0.708329953,0,0,0,0
9501,1,0.707298589,0,0,0,0
9502,1,0.706507393,0,0,0,0
9504,2,0.707328492,0,0,0,0
9506,1,0.707315666,0,0,0,0
9508,1,0.707647055,0,0,0,0
9509,1,0.708548668,0,0,0,0
9510,1,0.707200041,0,0,0,0
9513,1,0.704575839,0,0,0,0
9515,2,0.707440793,0,0,0,0
9516,1,0.706907457,0,0,0,0
9517,2,0.70712229,0,0,0,0
9519,1,0.708925627,0,0,0,0
9520,2,0.706360024,0,0,0,0
9521,2,0.707398883,0,0,0,0
9530,1,0.707268535,0,0,0,0
9532,1,0.70885321,0,0,0,0
9533,1,0.707457254,0,0,0,0
9534,2,0.708824337,0,0,0,0
9536,1,0.708774877,0,0,0,0
9537,2,0.708470767,0,0,0,0
9538,1,0.707284969,0,0,0,0
9539,1,0.708545131,0,0,0,0
9541,1,0.706889636,0,0,0,0
9542,1,0.707279586,0,0,0,0
9543,1,0.705295503,0,0,0,0
9544,1,0.707314751,0,0,0,0
9546,1,0.704664473,0,0,0,0
9547,1,0.707327872,0,0,0,0
9548,1,0.707301935,0,0,0,0
9553,1,0.706885232,0,0,0,0
9554,1,0.708075171,0,0,0,0
9555,1,0.706872487,0,0,0,0
9557,1,0.706358322,0,0,0,0
9558,2,0.707874409,0,0,0,0
9559,1,0.706906169,0,0,0,0
9560,1,0.707268016,0,0,0,0
9561,1,0.709326805,0,0,0,0
9563,1,0.707486538,0,0,0,0
9564,2,0.70733224,0,0,0,0
9565,1,0.707311945,0,0,0,0
9566,2,0.706887901,0,0,0,0
9567,2,0.707519099,0,0,0,0
9568,2,0.708320045,0,0,0,0
9569,1,0.707403712,0,0,0,0
9570,2,0.707300214,0,0,0,0
9571,2,0.708532904,0,0,0,0
9572,1,0.706191137,0,0,0,0
9576,2,0.706275117,0,0,0,0
9577,1,0.706797168,0,0,0,0
9585,1,0.707101869,0,0,0,0
9586,2,0.706349445,0,0,0,0
9587,1,0.707312783,0,0,0,0
11857,2,0.709342793,0,0,0,0
11859,1,0.707284333,0,0,0,0
11860,1,0.706808701,0,0,0,0
11861,1,0.707091367,0,0,0,0
11862,1,0.707042587,0,0,0,0
11863,1,0.706576238,0,0,0,0
11866,2,0.709376653,0,0,0,0
11867,1,0.706975105,0,0,0,0
11868,2,0.707928774,0,0,0,0
11869,2,0.708938951,0,0,0,0
11870,1,0.707884877,0,0,0,0
11871,1,0.709370019,0,0,0,0
11872,1,0.709822563,0,0,0,0
11873,2,0.708983091,0,0,0,0
11874,1,0.70943433,0,0,0,0
11875,1,0.709857563,0,0,0,0
11877,1,0.709567129,0,0,0,0
11878,1,0.70979796,0,0,0,0
11881,1,0.706608113,0,0,0,0
11882,2,0.707184759,0,0,0,0
11883,1,0.707934584,0,0,0,0
11884,1,0.709256512,0,0,0,0
11885,1,0.705559766,0,0,0,0
11889,1,0.707029706,0,0,0,0
11891,2,0.709756099,0,0,0,0
13037,1,0.704543687,0,0,0,0
13089,1,0.709620736,0,0,0,0
13090,1,0.705705802,0,0,0,0
12106,2,0.707757159,0,0,0,0
12107,1,0.709680128,0,0,0,0
12108,1,0.707409346,0,0,0,0
12109,1,0.70639061,0,0,0,0
12110,2,0.709417331,0,0,0,0
12196,1,0.707068356,0,0,0,0
12197,1,0.708018321,0,0,0,0
12280,1,0.707671844,0,0,0,0
12281,1,0.707551339,0,0,0,0
12665,1,0.709383271,0,0,0,0
12666,2,0.707349999,0,0,0,0
12667,1,0.707606952,0,0,0,0
12728,1,0.707465256,0,0,0,0
12729,2,0.707186883,0,0,0,0
12730,1,0.709833467,0,0,0,0
11892,2,0.705660033,0,0,0,0
11893,1,0.707748686,0,0,0,0
11895,2,0.706577797,0,0,0,0
11896,1,0.707838049,0,0,0,0
11898,2,0.707869006,0,0,0,0
11899,1,0.70807381,0,0,0,0
11901,1,0.709775238,0,0,0,0
11903,1,0.709274098,0,0,0,0
11904,2,0.706266617,0,0,0,0
11906,1,0.709519396,0,0,0,0
11907,2,0.708271294,0,0,0,0
11908,1,0.707794104,0,0,0,0
11910,1,0.706680277,0,0,0,0
11911,1,0.70752174,0,0,0,0
11915,2,0.707546218,0,0,0,0
11917,1,0.706608969,0,0,0,0
11919,2,0.708329367,0,0,0,0
11920,2,0.706466009,0,0,0,0
11921,1,0.706382552,0,0,0,0
11923,2,0.709245723,0,0,0,0
11927,1,0.707832635,0,0,0,0
11929,1,0.707529041,0,0,0,0
11930,1,0.709261358,0,0,0,0
11931,1,0.70914247,0,0,0,0
11935,1,0.709295408,0,0,0,0
11944,2,0.707965323,0,0,0,0
11945,1,0.707229379,0,0,0,0
11946,1,0.708039976,0,0,0,0
11947,1,0.708059669,0,0,0,0
11948,2,0.708007418,0,0,0,0
11949,2,0.707164107,0,0,0,0
11950,2,0.70788064,0,0,0,0
11953,2,0.706602837,0,0,0,0
11954,1,0.70666034,0,0,0,0
11956,1,0.709804321,0,0,0,0
11957,1,0.706976933,0,0,0,0
11958,2,0.709728735,0,0,0,0
11960,1,0.707145152,0,0,0,0
11961,1,0.707541778,0,0,0,0
11962,2,0.709164822,0,0,0,0
11963,1,0.70690854,0,0,0,0
11964,1,0.709914963,0,0,0,0
11971,1,0.706704669,0,0,0,0
11972,1,0.707974034,0,0,0,0
11973,2,0.707884418,0,0,0,0
11976,1,0.709664422,0,0,0,0
11978,1,0.707764995,0,0,0,0
11979,1,0.70755299,0,0,0,0
11980,1,0.709744351,0,0,0,0
11981,2,0.70778032,0,0,0,0
11982,1,0.706847178,0,0,0,0
11983,1,0.706673001,0,0,0,0
11984,2,0.706669588,0,0,0,0
11985,2,0.708095655,0,0,0,0
11986,1,0.705620273,0,0,0,0
11987,2,0.707895645,0,0,0,0
11988,1,0.708832042,0,0,0,0
11989,1,0.707877715,0,0,0,0
11991,1,0.707784688,0,0,0,0
11992,1,0.70948874,0,0,0,0
11993,2,0.708154611,0,0,0,0
11995,1,0.705557777,0,0,0,0
11996,1,0.709410939,0,0,0,0
11999,1,0.707015231,0,0,0,0
12001,1,0.709749353,0,0,0,0
12002,1,0.707753897,0,0,0,0
12003,1,0.707437783,0,0,0,0
12004,2,0.706503966,0,0,0,0
12005,1,0.707729144,0,0,0,0
12006,1,0.707610909,0,0,0,0
12007,1,0.706161995,0,0,0,0
12011,1,0.707826414,0,0,0,0
12012,2,0.707268919,0,0,0,0
12013,1,0.707617511,0,0,0,0
12014,2,0.707785951,0,0,0,0
12015,1,0.706434752,0,0,0,0
12016,1,0.709144307,0,0,0,0
12017,1,0.707051254,0,0,0,0
12018,1,0.70708339,0,0,0,0
12019,1,0.707772526,0,0,0,0
12020,1,0.709789882,0,0,0,0
12021,2,0.707668236,0,0,0,0
12024,1,0.707604763,0,0,0,0
12025,2,0.706653139,0,0,0,0
12026,1,0.70789524,0,0,0,0
12027,2,0.707979221,0,0,0,0
12028,1,0.709799744,0,0,0,0
12032,1,0.705880963,0,0,0,0
12033,1,0.707964524,0,0,0,0
7133,2,0.705568737,0,0,0,0
7134,1,0.70707528,0,0,0,0
7135,1,0.707917469,0,0,0,0
7136,1,0.708384146,0,0,0,0
7137,1,0.707523387,0,0,0,0
7259,1,0.707050839,0,0,0,0
6743,1,0.707277003,0,0,0,0
6744,1,0.707159904,0,0,0,0
6746,2,0.707680226,0,0,0,0
6748,2,0.708258852,0,0,0,0
6750,2,0.707108473,0,0,0,0
6758,2,0.706943748,0,0,0,0
6759,1,0.707430329,0,0,0,0
6760,1,0.706938849,0,0,0,0
6761,1,0.707020871,0,0,0,0
6773,2,0.708417463,0,0,0,0
6774,1,0.707647565,0,0,0,0
6775,1,0.707126027,0,0,0,0
6776,2,0.705342943,0,0,0,0
6777,1,0.705242876,0,0,0,0
6779,2,0.707672747,0,0,0,0
6781,1,0.706993145,0,0,0,0
6782,2,0.706539614,0,0,0,0
6783,2,0.708203868,0,0,0,0
6784,1,0.70697937,0,0,0,0
6791,2,0.707338278,0,0,0,0
6792,1,0.708337982,0,0,0,0
6793,2,0.706947626,0,0,0,0
6795,1,0.704807754,0,0,0,0
6796,1,0.705155638,0,0,0,0
6797,1,0.707798736,0,0,0,0
6799,1,0.707645008,0,0,0,0
6911,1,0.705080945,0,0,0,0
6912,1,0.708251711,0,0,0,0
6913,1,0.706934531,0,0,0,0
7094,2,0.707831757,0,0,0,0
7097,1,0.708417309,0,0,0,0
7098,1,0.707858469,0,0,0,0
7099,2,0.705620862,0,0,0,0
7160,2,0.707925564,0,0,0,0
6800,1,0.708214096,0,0,0,0
6802,1,0.707292232,0,0,0,0
6803,1,0.70833503,0,0,0,0
6805,1,0.705101606,0,0,0,0
6806,1,0.707025602,0,0,0,0
6808,1,0.706984331,0,0,0,0
6809,1,0.708262763,0,0,0,0
6811,1,0.7069349,0,0,0,0
6815,1,0.707777745,0,0,0,0
6816,1,0.705035184,0,0,0,0
6827,1,0.707984055,0,0,0,0
6828,1,0.708401564,0,0,0,0
8259,2,0.705252816,0,0,0,0
8260,1,0.70760564,0,0,0,0
8261,1,0.70811716,0,0,0,0
8262,1,0.707150468,0,0,0,0
8265,1,0.708217561,0,0,0,0
8266,1,0.708297319,0,0,0,0
8268,1,0.707145212,0,0,0,0
8270,2,0.707334724,0,0,0,0
8271,1,0.707161913,0,0,0,0
8273,1,0.7050868,0,0,0,0
8274,1,0.707207447,0,0,0,0
8276,2,0.70719957,0,0,0,0
8281,1,0.707203357,0,0,0,0
8282,2,0.707240908,0,0,0,0
8283,1,0.707232637,0,0,0,0
8286,2,0.707647329,0,0,0,0
8288,2,0.707158787,0,0,0,0
8307,1,0.707217991,0,0,0,0
8308,1,0.707221635,0,0,0,0
8309,1,0.70731449,0,0,0,0
8310,1,0.70816840700000006,0,0,0,0
8311,2,0.70687658,0,0,0,0
8312,2,0.70725719,0,0,0,0
8313,1,0.708284476,0,0,0,0
8315,1,0.708191787,0,0,0,0
8316,1,0.70763232,0,0,0,0
8318,1,0.708895157,0,0,0,0
8323,2,0.707182049,0,0,0,0
8324,2,0.707250955,0,0,0,0
8327,1,0.707284594,0,0,0,0
8328,1,0.709106814,0,0,0,0
8329,2,0.707637637,0,0,0,0
8330,2,0.709247209,0,0,0,0
8331,1,0.705872827,0,0,0,0
8332,1,0.707592154,0,0,0,0
8333,1,0.70763287,0,0,0,0
8334,1,0.707145109,0,0,0,0
8335,1,0.708336689,0,0,0,0
8336,2,0.707164981,0,0,0,0
8341,1,0.707554686,0,0,0,0
8344,2,0.707144047,0,0,0,0
8345,2,0.707171409,0,0,0,0
8346,1,0.707164588,0,0,0,0
8347,1,0.70885503,0,0,0,0
8348,1,0.707185935,0,0,0,0
8352,1,0.708872702,0,0,0,0
8354,1,0.705111451,0,0,0,0
8358,1,0.707618854,0,0,0,0
8359,1,0.708876798,0,0,0,0
8360,1,0.707048212,0,0,0,0
8406,1,0.707544054,0,0,0,0
8407,1,0.707248786,0,0,0,0
8408,1,0.709151324,0,0,0,0
8529,1,0.708329002,0,0,0,0
8531,1,0.70756484,0,0,0,0
8667,2,0.708341254,0,0,0,0
8668,1,0.704646167,0,0,0,0
8669,2,0.708254951,0,0,0,0
8670,1,0.707218659,0,0,0,0
8671,1,0.709066702,0,0,0,0
8775,1,0.708099101,0,0,0,0
8776,2,0.707283343,0,0,0,0
8777,1,0.704761451,0,0,0,0
8833,1,0.706993729,0,0,0,0
8834,1,0.708957123,0,0,0,0
8361,1,0.708190003,0,0,0,0
8362,1,0.705230183,0,0,0,0
8363,2,0.707174606,0,0,0,0
12537,1,0.706578621,0,0,0,0
12538,2,0.706779283,0,0,0,0
12539,2,0.706435775,0,0,0,0
12546,2,0.706817643,0,0,0,0
12548,1,0.706914409,0,0,0,0
12549,1,0.709367734,0,0,0,0
12550,1,0.709276245,0,0,0,0
12551,2,0.709754653,0,0,0,0
12552,1,0.706437844,0,0,0,0
12553,1,0.70653712,0,0,0,0
12554,1,0.707495818,0,0,0,0
12555,2,0.70948674,0,0,0,0
12556,2,0.709455324,0,0,0,0
12558,1,0.706818397,0,0,0,0
12559,1,0.709370842,0,0,0,0
12560,1,0.709551616,0,0,0,0
12583,1,0.706193772,0,0,0,0
12584,1,0.706714556,0,0,0,0
12585,1,0.707672973,0,0,0,0
12586,1,0.707163214,0,0,0,0
12587,1,0.709575036,0,0,0,0
12588,1,0.70733155,0,0,0,0
12592,3,0.709748361,71.51105614989191,3.898508209869061e-4,0.736849609978466,50.597178652606594
12595,3,0.706434794,59.80078658003428,3.260109275273842e-4,0.6161870435187293,42.31165424006909
12597,4,0.706270987,62.747573848138764,3.420756802746562e-4,0.6465507266482448,44.39663424012653
12602,3,0.70629857,61.92690203578754,3.376016926560798e-4,0.6380945278811085,43.81597328306198
12603,4,0.706631103,59.47466084218616,3.2423301522276727e-4,0.6128266453415072,42.08090611370207
12605,5,0.708845583,96.10854435487201,5.239468823124068e-4,0.9903020209217339,68.00097006779802
12611,3,0.70625182,63.091630332282826,3.439513441234502e-4,0.6500958831569211,44.64006914840611
12616,3,0.707244828,0,0,0,0
12618,3,0.709441569,85.69010159444859,4.671495326124849e-4,0.8829504322595578,60.62946923964397
12620,5,0.708893141,96.10546016175653,5.239300684757375e-4,0.9902702414093537,67.99878786719206
12623,3,0.706703456,58.3912394305883,3.1832661767354216e-4,0.601663075852268,41.31433840137834
12625,3,0.709704747,73.47416183136613,4.0055291941491175e-4,0.7570774423392245,51.986161199183734
12630,6,0.707297745,55.455928815671705,3.023244312329138e-4,0.5714176481070339,39.237478631994954
12632,3,0.70642218,60.09735251287025,3.276276911247574e-4,0.6192428575943185,42.52148752031776
12633,3,0.706375504,60.58686841638943,3.302963438778798e-4,0.6242868273244021,42.86784128653451
12635,7,0.709351674,0,0,0,0
15714,4,0.708188264,83.580434597555,4.556484381659978e-4,0.861212432745369,59.13678819581219
15715,3,0.707856923,70.47355092801581,3.841947408742197e-4,0.7261591607074105,49.86309863910148
15724,7,0.709606212,0,0,0,0
15733,7,0.709640719,0,0,0,0
15737,7,0.709594657,0,0,0,0
15739,6,0.708978508,93.88819886835641,5.118424112362375e-4,0.967423590734279,66.42997918470633
15741,3,0.710693696,19.778946036829996,1.0782721953583594e-4,0.2038021735055208,13.994463514678005
15742,7,0.709656161,0,0,0,0
15743,3,0.710560633,24.911654791856108,1.3580877693081275e-4,0.25668958208114934,17.626077922742464
15744,4,0.708198869,84.04852568773043,4.5820029106296873e-4,0.8660356412924111,59.46798297589846
15751,3,0.710296862,39.92293403010108,2.176445076579186e-4,0.4113657377345346,28.247210070890624
15753,3,0.710168065,47.95550641162028,2.6143500812274414e-4,0.4941333284416279,33.93060396421847
15756,7,0.709595777,0,0,0,0
15758,7,0.709679405,0,0,0,0
15769,4,0.710594907,23.551559463795336,1.283940594198094e-4,0.24267516576607678,16.663751395859382
15771,4,0.71059174,23.619806723340325,1.2876611727486264e-4,0.24337838523010508,16.71203929663532
15772,4,0.710611843,22.890214927779173,1.2478866293705174e-4,0.2358606745578437,16.1958214079482
15773,3,0.71016438,48.10544171572933,2.622523978320964e-4,0.49567826115976843,34.036689705036466
15775,4,0.710583038,23.807047384831662,1.297868814690248e-4,0.24530771218764313,16.844520198338856
15777,4,0.710785565,16.181438946207063,8.821499216436695e-5,0.16673347616920992,11.44907097304453
15794,7,0.709422325,0,0,0,0
15799,4,0.710323152,37.812398389121135,2.0613867769739435e-4,0.3896187877154769,26.753914423634022
15810,5,0.708281437,86.87966965987123,4.736346009626539e-4,0.895207736405818,61.471140320539
15819,3,0.710564669,24.820345466715395,1.3531099354896403e-4,0.25574873119403185,17.561472608745845
15821,4,0.710334797,37.12260003006807,2.0237816189647278e-4,0.38251110843904934,26.265852119895616
2373,7,0.708836322,0,0,0,0
2437,3,0.707760902,66.98664018163655,3.651854423073704e-4,0.6902300476187463,47.39595781530437
2494,3,0.707243892,0,0,0,0
2574,3,0.706406233,0,0,0,0
2390,3,0.707016308,0,0,0,0
2774,4,0.707887423,0,0,0,0
2775,7,0.708948045,0,0,0,0
2778,4,0.70804501500000006,0,0,0,0
2844,5,0.704936171,35.83401550411858,1.9535329382153538e-4,0.36923353911634255,25.35412259192179
2395,4,0.707725216,0,0,0,0
2396,3,0.706775562,0,0,0,0
2403,3,0.707504877,0,0,0,0
2406,4,0.707783554,0,0,0,0
2416,3,0.704410687,14.08304632306534,7.677536127470478e-5,0.14511164775287758,9.964367038398835
2419,3,0.704427598,14.928570951446,8.138483690387081e-5,0.15382392982774412,10.562612442405777
2583,3,0.707689486,64.98020102382839,3.542471064045665e-4,0.6695557073072629,45.97631495182307
2802,4,0.707894541,0,0,0,0
2971,3,0.708083821,0,0,0,0
2973,3,0.707874353,0,0,0,0
3035,3,0.706548564,0,0,0,0
2469,4,0.70685043,0,0,0,0
2485,4,0.707788566,0,0,0,0
2487,3,0.706383118,0,0,0,0
2941,6,0.707030019,0,0,0,0
2779,4,0.706923389,57.477444236668006,3.133449571339886e-4,0.5922473341685063,40.66778860659185
2781,5,0.704934928,35.79567974261408,1.9514430196908164e-4,0.3688385275973739,25.32699837535923
2861,5,0.706773857,0,0,0,0
2865,3,0.707843239,69.3377927377393,3.780030233026905e-4,0.7144563132794418,49.05950038236299
2490,3,0.707241441,0,0,0,0
2497,3,0.70699473,0,0,0,0
2501,3,0.708023096,0,0,0,0
2505,4,0.707761195,0,0,0,0
2508,3,0.705137727,45.70206120019605,2.491500900552311e-4,0.47091383883340043,32.33619358790822
2510,3,0.706419853,0,0,0,0
2514,5,0.70609662,64.06184923626721,3.4924060506601705e-4,0.6600930145025432,45.326541169098086
2538,4,0.707808031,0,0,0,0
2541,3,0.707502337,0,0,0,0
2553,4,0.706859487,0,0,0,0
2558,3,0.708043323,0,0,0,0
2746,7,0.708944073,0,0,0,0
3057,4,0.706938034,57.129917863617685,3.1145037678316446e-4,0.5886664239397075,40.421898601179784
3117,3,0.707331496,56.73374206317497,3.092905784334659e-4,0.5845842302237142,40.1415870125658
2799,5,0.706701292,0,0,0,0
2579,3,0.707522905,0,0,0,0
2587,7,0.708892197,0,0,0,0
2980,6,0.707019532,0,0,0,0
2981,3,0.707978647,0,0,0,0
3102,6,0.706977605,0,0,0,0
2605,4,0.707843406,0,0,0,0
2606,3,0.707522475,0,0,0,0
2615,3,0.707518011,0,0,0,0
2626,6,0.707329074,0,0,0,0
2627,3,0.707034267,0,0,0,0
2632,5,0.704934526,35.78327716714245,1.950766878896611e-4,0.3687107315139286,25.318223014447558
2638,3,0.706505931,0,0,0,0
2640,3,0.706468651,0,0,0,0
2649,7,0.70891831,0,0,0,0
2659,3,0.707037561,0,0,0,0
2660,4,0.706528202,0,0,0,0
2663,4,0.706914369,57.509265372949606,3.1351843375106045e-4,0.592575219017655,40.69030344281513
2671,5,0.706194093,63.182673935321965,3.4444767889042695e-4,0.6510339960446655,44.70448645247295
2673,3,0.70737348,57.86090394008255,3.15435432205119e-4,0.5961985012763059,40.939103004173575
2677,3,0.708065794,0,0,0,0
2688,3,0.706776967,0,0,0,0
2691,3,0.70671053,0,0,0,0
2692,5,0.706121773,63.81899608498281,3.479166629302859e-4,0.6575906566932715,45.15471201507008
2694,3,0.707524448,59.865209250228695,3.263621351897745e-4,0.6168508544308074,42.35723607774007
2701,3,0.706790125,0,0,0,0
2719,4,0.707852224,0,0,0,0
2751,3,0.706737613,0,0,0,0
2761,3,0.704782768,27.371096627526086,1.4921670949994925e-4,0.28203166000514995,19.366239859160412
2763,4,0.707880102,0,0,0,0
2764,3,0.706753435,0,0,0,0
2766,4,0.706559916,0,0,0,0
2783,4,0.707903944,0,0,0,0
2784,3,0.707805053,68.05504728652065,3.710099876212343e-4,0.7012389097572376,48.15190225340952
12589,2,0.707150641,0,0,0,0
12590,1,0.707948055,0,0,0,0
12591,2,0.706733913,0,0,0,0
12593,2,0.709481797,0,0,0,0
12594,2,0.709738313,0,0,0,0
12596,1,0.709515761,0,0,0,0
12598,1,0.706492671,0,0,0,0
12599,2,0.709446434,0,0,0,0
12600,2,0.70753479,0,0,0,0
12601,1,0.709744509,0,0,0,0
12604,1,0.706104282,0,0,0,0
12606,2,0.708234503,0,0,0,0
12607,1,0.70759977,0,0,0,0
12608,2,0.707361227,0,0,0,0
12609,1,0.709657319,0,0,0,0
12610,1,0.706399808,0,0,0,0
12612,1,0.709295198,0,0,0,0
12613,2,0.706456264,0,0,0,0
12614,1,0.707584169,0,0,0,0
12615,2,0.706749569,0,0,0,0
12617,1,0.70564947,0,0,0,0
12619,1,0.709702287,0,0,0,0
12621,2,0.709382312,0,0,0,0
12622,1,0.707201849,0,0,0,0
12624,2,0.707604272,0,0,0,0
12626,1,0.707145247,0,0,0,0
12627,2,0.709413667,0,0,0,0
12628,2,0.706717096,0,0,0,0
12629,1,0.706802485,0,0,0,0
12631,1,0.70936405,0,0,0,0
12634,1,0.706181364,0,0,0,0
12639,2,0.709116974,0,0,0,0
12640,1,0.709092461,0,0,0,0
12641,1,0.709721422,0,0,0,0
12642,2,0.707547019,0,0,0,0
12643,1,0.709251166,0,0,0,0
12644,1,0.707414902,0,0,0,0
12645,1,0.706762341,0,0,0,0
12646,2,0.706996892,0,0,0,0
12647,2,0.709100672,0,0,0,0
15705,1,0.709153018,0,0,0,0
15716,1,0.711049451,0,0,0,0
15720,1,0.710533157,0,0,0,0
15721,2,0.707944414,0,0,0,0
15722,2,0.71056344,0,0,0,0
15723,1,0.710897276,0,0,0,0
15734,1,0.709144582,0,0,0,0
15735,2,0.710992858,0,0,0,0
15736,1,0.708075253,0,0,0,0
15738,1,0.709310895,0,0,0,0
15740,2,0.710363244,0,0,0,0
15752,1,0.709985161,0,0,0,0
15754,1,0.710679312,0,0,0,0
15755,2,0.710376842,0,0,0,0
15757,1,0.709856522,0,0,0,0
15759,1,0.709946662,0,0,0,0
15760,1,0.710325908,0,0,0,0
15761,1,0.711167369,0,0,0,0
15762,2,0.708175568,0,0,0,0
15763,1,0.710354823,0,0,0,0
15764,1,0.708149684,0,0,0,0
15765,1,0.709154704,0,0,0,0
15770,1,0.7091607,0,0,0,0
15774,1,0.710441383,0,0,0,0
15776,1,0.708122632,0,0,0,0
15778,2,0.710242668,0,0,0,0
15779,1,0.710998866,0,0,0,0
15780,1,0.71167423,0,0,0,0
15781,1,0.709127877,0,0,0,0
15782,1,0.71008627,0,0,0,0
15783,1,0.710541719,0,0,0,0
15787,2,0.71128939,0,0,0,0
15788,1,0.710780728,0,0,0,0
15789,2,0.711446458,0,0,0,0
15790,1,0.711363634,0,0,0,0
15791,1,0.71012242,0,0,0,0
15792,1,0.710633319,0,0,0,0
15793,1,0.709205449,0,0,0,0
15795,2,0.711348266,0,0,0,0
15796,1,0.711361188,0,0,0,0
15797,1,0.710701793,0,0,0,0
15798,1,0.711370488,0,0,0,0
15800,2,0.707983223,0,0,0,0
15801,1,0.709216814,0,0,0,0
15805,2,0.710452068,0,0,0,0
15809,1,0.710371307,0,0,0,0
15811,2,0.709184582,0,0,0,0
15812,2,0.710366735,0,0,0,0
15820,1,0.709906433,0,0,0,0
2371,1,0.707402911,0,0,0,0
2372,2,0.707253089,0,0,0,0
2374,2,0.706894986,0,0,0,0
2375,2,0.707223621,0,0,0,0
2376,1,0.706739684,0,0,0,0
2438,2,0.706698382,0,0,0,0
2439,1,0.707707019,0,0,0,0
2440,2,0.707426584,0,0,0,0
2441,1,0.704730848,0,0,0,0
2442,1,0.707814256,0,0,0,0
2495,1,0.708063474,0,0,0,0
2496,1,0.707947391,0,0,0,0
2566,2,0.707720708,0,0,0,0
2567,1,0.70669804,0,0,0,0
2568,2,0.706773438,0,0,0,0
2569,1,0.708081089,0,0,0,0
2570,1,0.70663924,0,0,0,0
2571,1,0.70782654,0,0,0,0
2572,1,0.707525802,0,0,0,0
2573,1,0.707722026,0,0,0,0
2389,2,0.707264764,0,0,0,0
2391,1,0.707750029,0,0,0,0
2773,1,0.707862811,0,0,0,0
2776,1,0.704512168,0,0,0,0
2777,2,0.706707496,0,0,0,0
2995,1,0.707938637,0,0,0,0
2996,1,0.706806044,0,0,0,0
2997,1,0.707523914,0,0,0,0
2839,1,0.707237283,0,0,0,0
2840,2,0.707842178,0,0,0,0
2841,2,0.704712398,0,0,0,0
2842,1,0.707730119,0,0,0,0
2843,2,0.706916583,0,0,0,0
2845,1,0.7067929,0,0,0,0
2846,1,0.707496273,0,0,0,0
2847,1,0.704517131,0,0,0,0
2392,1,0.704468661,0,0,0,0
2393,1,0.706979144,0,0,0,0
2394,2,0.706959034,0,0,0,0
2397,2,0.706415993,0,0,0,0
2401,1,0.707342252,0,0,0,0
2402,1,0.706938888,0,0,0,0
2404,1,0.704903019,0,0,0,0
2405,2,0.704422303,0,0,0,0
2417,1,0.707819453,0,0,0,0
2418,1,0.706748829,0,0,0,0
2420,1,0.706648158,0,0,0,0
2421,2,0.7068833,0,0,0,0
2430,2,0.707791316,0,0,0,0
2431,1,0.707014457,0,0,0,0
2432,1,0.706757107,0,0,0,0
2433,2,0.704439588,0,0,0,0
2434,1,0.707425013,0,0,0,0
2435,1,0.707633028,0,0,0,0
2436,1,0.707611098,0,0,0,0
2443,1,0.707038127,0,0,0,0
2444,1,0.707255842,0,0,0,0
2445,2,0.707670803,0,0,0,0
2446,1,0.707379756,0,0,0,0
2447,2,0.707687742,0,0,0,0
2448,1,0.707694879,0,0,0,0
2455,1,0.704474649,0,0,0,0
2456,1,0.708027031,0,0,0,0
2457,1,0.706716001,0,0,0,0
2581,1,0.707725297,0,0,0,0
2582,1,0.706799503,0,0,0,0
2800,1,0.707886778,0,0,0,0
2801,2,0.70746157,0,0,0,0
2869,1,0.706690719,0,0,0,0
2870,2,0.706717898,0,0,0,0
2871,1,0.707865246,0,0,0,0
2972,1,0.704462183,0,0,0,0
3034,2,0.706802073,0,0,0,0
3036,1,0.706694582,0,0,0,0
2458,2,0.706804416,0,0,0,0
2459,1,0.70733787,0,0,0,0
2460,2,0.704991908,0,0,0,0
2461,1,0.707677109,0,0,0,0
2462,2,0.704457099,0,0,0,0
2463,1,0.706847351,0,0,0,0
2464,2,0.706709705,0,0,0,0
2465,1,0.706688792,0,0,0,0
2466,1,0.704931941,0,0,0,0
2467,1,0.707519883,0,0,0,0
2468,1,0.706328533,0,0,0,0
2486,2,0.706399872,0,0,0,0
2650,1,0.707692562,0,0,0,0
2651,2,0.707789716,0,0,0,0
2652,1,0.707731686,0,0,0,0
2942,1,0.707865993,0,0,0,0
2943,1,0.707447352,0,0,0,0
3409,1,0.704544177,0,0,0,0
3410,2,0.705481105,0,0,0,0
3411,1,0.707038425,0,0,0,0
2780,1,0.706696716,0,0,0,0
2857,2,0.706734156,0,0,0,0
2858,1,0.70790557,0,0,0,0
2859,2,0.706654306,0,0,0,0
2860,1,0.70724902,0,0,0,0
2862,1,0.704476662,0,0,0,0
2863,2,0.706705533,0,0,0,0
2864,2,0.706879648,0,0,0,0
2488,2,0.706983998,0,0,0,0
2489,2,0.707299675,0,0,0,0
2491,1,0.707239499,0,0,0,0
2492,1,0.70743119,0,0,0,0
2493,1,0.706805388,0,0,0,0
2498,2,0.707541735,0,0,0,0
2499,1,0.707440458,0,0,0,0
2500,2,0.707501879,0,0,0,0
2502,2,0.707310688,0,0,0,0
2503,1,0.707695999,0,0,0,0
2504,1,0.707791599,0,0,0,0
2506,1,0.704473495,0,0,0,0
2507,1,0.70697271,0,0,0,0
2509,1,0.706767413,0,0,0,0
2511,2,0.70503098,0,0,0,0
2512,2,0.707685557,0,0,0,0
2513,1,0.707839866,0,0,0,0
2515,1,0.707653189,0,0,0,0
2516,1,0.708003929,0,0,0,0
2517,1,0.706764488,0,0,0,0
2518,1,0.707338116,0,0,0,0
2519,1,0.706667515,0,0,0,0
2520,2,0.70642072,0,0,0,0
2521,1,0.706771073,0,0,0,0
2522,2,0.706660522,0,0,0,0
2523,2,0.708072945,0,0,0,0
2524,2,0.706377601,0,0,0,0
2525,1,0.707513457,0,0,0,0
2526,1,0.707304304,0,0,0,0
2533,2,0.704869215,0,0,0,0
2534,1,0.707750994,0,0,0,0
2535,1,0.707716074,0,0,0,0
2536,1,0.704932723,0,0,0,0
2537,1,0.704472045,0,0,0,0
2539,1,0.706768009,0,0,0,0
2540,1,0.707957371,0,0,0,0
2542,1,0.708018645,0,0,0,0
2543,1,0.706751496,0,0,0,0
2544,1,0.707397788,0,0,0,0
2548,1,0.70704424,0,0,0,0
2549,1,0.707280413,0,0,0,0
2550,2,0.707954342,0,0,0,0
2551,2,0.706768464,0,0,0,0
2552,2,0.707261606,0,0,0,0
2554,1,0.707434381,0,0,0,0
2555,1,0.706729671,0,0,0,0
2556,1,0.707951697,0,0,0,0
2557,1,0.706722472,0,0,0,0
2559,2,0.704469303,0,0,0,0
2560,2,0.706993144,0,0,0,0
2561,1,0.704462214,0,0,0,0
2562,2,0.708026353,0,0,0,0
2563,1,0.704458778,0,0,0,0
2564,1,0.707688069,0,0,0,0
2565,1,0.706664675,0,0,0,0
2575,2,0.707723577,0,0,0,0
2576,2,0.707475605,0,0,0,0
2577,2,0.70779779,0,0,0,0
2608,1,0.706851866,0,0,0,0
2609,1,0.706916745,0,0,0,0
2610,2,0.707723356,0,0,0,0
2668,2,0.706850171,0,0,0,0
2669,1,0.706552793,0,0,0,0
2670,1,0.706806064,0,0,0,0
2737,1,0.707286578,0,0,0,0
2738,1,0.706730925,0,0,0,0
2739,1,0.706741155,0,0,0,0
2740,1,0.707729764,0,0,0,0
2741,2,0.70703475,0,0,0,0
2742,2,0.70527717,0,0,0,0
2743,1,0.707905914,0,0,0,0
2744,1,0.707522699,0,0,0,0
2745,2,0.70810852,0,0,0,0
2747,1,0.707493964,0,0,0,0
2748,2,0.706642144,0,0,0,0
2617,1,0.706622081,0,0,0,0
2618,1,0.706725194,0,0,0,0
2619,1,0.706779016,0,0,0,0
2620,2,0.704594299,0,0,0,0
2621,1,0.70808541,0,0,0,0
2622,1,0.708022482,0,0,0,0
3055,2,0.706871774,0,0,0,0
3056,1,0.707297985,0,0,0,0
3116,1,0.706811816,0,0,0,0
2797,1,0.707299149,0,0,0,0
2798,2,0.706976397,0,0,0,0
2578,2,0.707666132,0,0,0,0
2580,1,0.70738687,0,0,0,0
2584,1,0.70681477,0,0,0,0
2585,1,0.706795372,0,0,0,0
2586,1,0.70666761,0,0,0,0
2824,2,0.707291489,0,0,0,0
2825,1,0.706667779,0,0,0,0
2826,1,0.706681832,0,0,0,0
2917,1,0.706910008,0,0,0,0
2918,1,0.707932673,0,0,0,0
2919,1,0.706862409,0,0,0,0
2982,1,0.706576971,0,0,0,0
3100,2,0.704975143,0,0,0,0
3101,1,0.707413109,0,0,0,0
2607,1,0.707026418,0,0,0,0
2611,1,0.707498906,0,0,0,0
2612,1,0.70743908,0,0,0,0
2613,1,0.708089351,0,0,0,0
2614,1,0.707289311,0,0,0,0
2616,1,0.704791437,0,0,0,0
2628,1,0.707686513,0,0,0,0
2629,1,0.70705638,0,0,0,0
2630,1,0.704524888,0,0,0,0
2631,2,0.706778124,0,0,0,0
2633,1,0.707721914,0,0,0,0
2634,1,0.706793069,0,0,0,0
2635,1,0.706792271,0,0,0,0
2636,1,0.707468226,0,0,0,0
2637,1,0.706788648,0,0,0,0
2639,1,0.706841084,0,0,0,0
2641,1,0.706623664,0,0,0,0
2642,1,0.706670993,0,0,0,0
2643,1,0.707786652,0,0,0,0
2644,2,0.704556435,0,0,0,0
2645,1,0.704467256,0,0,0,0
2646,2,0.706629549,0,0,0,0
2647,1,0.706706526,0,0,0,0
2648,1,0.707731213,0,0,0,0
2653,2,0.704446582,0,0,0,0
2654,1,0.706842769,0,0,0,0
2655,1,0.7067435,0,0,0,0
2656,1,0.708066058,0,0,0,0
2657,1,0.707934981,0,0,0,0
2658,1,0.706484025,0,0,0,0
2661,2,0.705185033,0,0,0,0
2662,1,0.7066841,0,0,0,0
2664,1,0.706758029,0,0,0,0
2665,1,0.704452324,0,0,0,0
2666,1,0.706719653,0,0,0,0
2667,1,0.706632289,0,0,0,0
2672,1,0.7075114,0,0,0,0
2674,2,0.707047277,0,0,0,0
2675,1,0.707692488,0,0,0,0
2676,2,0.707512047,0,0,0,0
2678,1,0.706813427,0,0,0,0
2679,1,0.707398973,0,0,0,0
2680,1,0.707065525,0,0,0,0
2681,2,0.7068445,0,0,0,0
2682,1,0.707202493,0,0,0,0
2683,1,0.705003265,0,0,0,0
2684,2,0.706854728,0,0,0,0
2685,2,0.707658726,0,0,0,0
2686,2,0.706687905,0,0,0,0
2687,1,0.707009515,0,0,0,0
2689,1,0.707616748,0,0,0,0
2690,2,0.70679943,0,0,0,0
2693,1,0.704478246,0,0,0,0
2695,2,0.708064132,0,0,0,0
2696,1,0.70761332,0,0,0,0
2697,2,0.707035614,0,0,0,0
2698,1,0.706538129,0,0,0,0
2699,1,0.707450917,0,0,0,0
2700,1,0.706788022,0,0,0,0
2702,1,0.706596279,0,0,0,0
2703,1,0.707364519,0,0,0,0
2704,1,0.707539999,0,0,0,0
2705,1,0.708010734,0,0,0,0
2706,2,0.704558264,0,0,0,0
2715,2,0.707516767,0,0,0,0
2716,2,0.705257305,0,0,0,0
2717,1,0.706380249,0,0,0,0
2718,1,0.706799445,0,0,0,0
2720,1,0.706733093,0,0,0,0
2721,1,0.707039979,0,0,0,0
2722,1,0.704463709,0,0,0,0
2723,1,0.707887297,0,0,0,0
2724,1,0.705320852,0,0,0,0
2749,1,0.70754754500000006,0,0,0,0
2750,1,0.706839742,0,0,0,0
2758,2,0.707285195,0,0,0,0
2759,1,0.707239939,0,0,0,0
2760,1,0.707878364,0,0,0,0
2762,1,0.704702665,0,0,0,0
2765,1,0.70477536,0,0,0,0
2767,1,0.706629223,0,0,0,0
2768,1,0.707509305,0,0,0,0
2769,1,0.706630468,0,0,0,0
2770,1,0.708111879,0,0,0,0
2771,1,0.706978543,0,0,0,0
2772,1,0.706653358,0,0,0,0
3178,1,0.706798201,0,0,0,0
3179,2,0.70781708,0,0,0,0
3180,2,0.705319824,0,0,0,0
2782,1,0.706830867,0,0,0,0
2785,1,0.707813885,0,0,0,0
2786,1,0.708077873,0,0,0,0
2787,1,0.706086984,0,0,0,0
2792,3,0.706771607,0,0,0,0
2794,4,0.706569345,0,0,0,0
2795,3,0.707252473,0,0,0,0
2805,7,0.708951151,0,0,0,0
2807,4,0.706597075,0,0,0,0
2811,4,0.708002511,0,0,0,0
2816,3,0.706802595,0,0,0,0
2821,3,0.706806539,0,0,0,0
2833,5,0.706719288,0,0,0,0
2838,3,0.705090671,43.523689969243975,2.3727444650410156e-4,0.4484679111917937,30.794901313981324
2902,6,0.707044496,0,0,0,0
2978,6,0.707095342,0,0,0,0
2979,3,0.707738703,0,0,0,0
3104,3,0.707332532,0,0,0,0
2873,7,0.708954006,0,0,0,0
2876,6,0.707150004,0,0,0,0
2877,6,0.707191728,0,0,0,0
2965,5,0.704944005,36.075147275043555,1.9666785165248235e-4,0.3717181598299153,25.524733794569073
2891,4,0.708051864,0,0,0,0
2896,5,0.706735093,0,0,0,0
2897,4,0.706631734,0,0,0,0
2898,3,0.706708703,58.62673177167604,3.196104314983129e-4,0.6040895879054491,41.48095946244004
2999,6,0.707297552,0,0,0,0
3334,4,0.70689894,57.562992506321926,3.1381133345331866e-4,0.5931288231650707,40.72831772357242
3335,3,0.707988662,0,0,0,0
3191,4,0.706564924,58.61470003631717,3.1954483909680056e-4,0.6039656129569045,41.47244648701736
3192,4,0.706949607,56.796723930736,3.096339313931046e-4,0.585233195111756,40.18614941978547
3196,4,0.706741464,58.54553512672532,3.1916777856602966e-4,0.6032529380308047,41.42350930897072
3197,3,0.706829779,0,0,0,0
2901,6,0.707386121,0,0,0,0
2908,4,0.707964247,0,0,0,0
2910,4,0.707998895,0,0,0,0
2911,3,0.707304862,56.19200328905387,3.0633722664113794e-4,0.5790021562632258,39.75828329684673
2912,5,0.706258967,62.96174060784797,3.4324323521784896e-4,0.64875750000412,44.548166525983746
2914,6,0.707304951,0,0,0,0
2922,6,0.70725821,0,0,0,0
2924,7,0.708955618,0,0,0,0
2926,6,0.707124301,0,0,0,0
2951,3,0.706936665,57.133999645441286,3.114726290904396e-4,0.5887084826017754,40.424786639131796
2954,7,0.708954322,0,0,0,0
2962,4,0.707691573,0,0,0,0
2970,6,0.707058395,0,0,0,0
2991,3,0.707854839,70.13698521586505,3.823599138382018e-4,0.7226911890806093,49.62496377740486
3003,7,0.708951983,0,0,0,0
3006,3,0.708121625,0,0,0,0
3012,3,0.707330167,0,0,0,0
3017,3,0.705062839,42.003552208365434,2.2898723909872484e-4,0.4328044183485464,29.719337813667103
3042,7,0.708946723,0,0,0,0
3092,3,0.706780665,0,0,0,0
3093,3,0.706578017,0,0,0,0
3221,4,0.708014262,76.38752310162141,4.164354464560425e-4,0.7870967041330137,54.04749085374393
3047,3,0.706698358,58.75753947735905,3.203235448852141e-4,0.6054374299330185,41.5735115964724
3268,3,0.707029731,0,0,0,0
3272,4,0.706842224,0,0,0,0
3274,5,0.706969626,0,0,0,0
3373,3,0.707215091,54.4896492373705,2.9705664598144154e-4,0.5614611075560315,38.55379385534737
3376,3,0.70660654,0,0,0,0
3864,5,0.707040517,0,0,0,0
3825,3,0.706725985,0,0,0,0
4979,3,0.708245181,0,0,0,0
4986,4,0.708189807,0,0,0,0
4308,6,0.70784057,0,0,0,0
4990,3,0.705543032,0,0,0,0
4313,3,0.707721421,65.9224536399455,3.5938390588352196e-4,0.6792646741449473,46.64299960899878
3064,6,0.707024003,0,0,0,0
3068,3,0.708105868,0,0,0,0
3072,7,0.70894021,0,0,0,0
3073,3,0.707314296,0,0,0,0
3074,5,0.706843292,0,0,0,0
3075,3,0.7072482,0,0,0,0
3085,5,0.706853043,0,0,0,0
3088,4,0.70695469,56.78543858332937,3.095724080121274e-4,0.5851169109414088,40.17816454626196
3094,4,0.706163474,63.626086093757,3.46864991727188e-4,0.6556029129869314,45.01821981630482
3096,7,0.708932172,0,0,0,0
3118,4,0.706231292,62.85303946866712,3.4265063834355527e-4,0.6476374439411563,44.47125574805666
3122,7,0.708920173,0,0,0,0
3130,4,0.706652464,59.12317128774501,3.2231682912869e-4,0.6092048985089812,41.832211985296155
3133,4,0.706652348,59.12510245845726,3.2232735712992743e-4,0.6092247972835587,41.833578372464764
3138,3,0.706848659,0,0,0,0
3140,5,0.706808598,0,0,0,0
3141,4,0.706809748,0,0,0,0
3145,4,0.706698673,0,0,0,0
3150,5,0.706315629,61.590746290432634,3.3576910060162347e-4,0.6346307805503798,43.5781284906823
3156,6,0.706969722,0,0,0,0
3160,3,0.708007074,0,0,0,0
3161,4,0.706898001,57.56623316720224,3.13829000292165e-4,0.5931622149206158,40.73061063191893
3166,4,0.70671546,0,0,0,0
3167,3,0.704426787,14.916090060611701,8.131679587916267e-5,0.15369532678314413,10.553781669973006
3168,6,0.706965828,0,0,0,0
3169,3,0.707994127,0,0,0,0
3172,5,0.704951895,36.619594020270775,1.996359662635375e-4,0.37732813671284415,25.90995351747948
3173,6,0.706959434,0,0,0,0
3176,4,0.706269013,62.78293673894131,3.422684651774962e-4,0.6469151057204954,44.42165502152652
3200,3,0.706838986,0,0,0,0
3203,4,0.706513538,59.486121711963975,3.2429549548431926e-4,0.6129447380936,42.08901517692786
3204,3,0.706827329,0,0,0,0
3205,3,0.707259497,0,0,0,0
3211,3,0.707717286,0,0,0,0
3215,3,0.707848971,0,0,0,0
3226,3,0.706747263,0,0,0,0
3231,3,0.707264002,54.575616317129125,2.975253054926575e-4,0.562346911970084,38.61461929867005
3254,4,0.708073336,79.47184408847876,4.332499802309754e-4,0.8188775340993695,56.229781934257375
3350,3,0.706560028,58.72527281153675,3.2014763941215035e-4,0.6051049543494299,41.55068152874534
4284,6,0.70774569,0,0,0,0
3419,3,0.704443444,15.48064331431049,8.43945234543781e-5,0.15951248104147422,10.953227621049916
3477,7,0.70889474,0,0,0,0
3259,7,0.708903752,0,0,0,0
3261,5,0.706928016,0,0,0,0
3288,3,0.707795959,0,0,0,0
3291,4,0.70572094,64.74343522191717,3.5295635016033993e-4,0.6671160735193233,45.80879286190988
3293,7,0.708895558,0,0,0,0
3297,3,0.706588951,59.315139769523874,3.233633675837819e-4,0.6111829409060956,41.968038025228715
3304,4,0.706886765,57.60863656272622,3.1406016732349795e-4,0.5935991393227406,40.76061287624751
3314,5,0.706426987,59.985262425236805,3.2701661900470927e-4,0.618087881821313,42.442178914145195
3321,3,0.706767517,0,0,0,0
3326,3,0.70777132,0,0,0,0
3327,4,0.705709423,64.59325922801521,3.521376483026512e-4,0.6655686607346087,45.70253682260788
3508,3,0.706617685,0,0,0,0
3510,7,0.708894712,0,0,0,0
3513,3,0.706925801,0,0,0,0
2788,2,0.707736153,0,0,0,0
2789,1,0.706886464,0,0,0,0
2790,1,0.70667716,0,0,0,0
2791,2,0.707799876,0,0,0,0
2793,1,0.707787258,0,0,0,0
2796,1,0.706905192,0,0,0,0
2803,2,0.704902743,0,0,0,0
2804,1,0.707937064,0,0,0,0
2806,2,0.706805883,0,0,0,0
2808,1,0.706712995,0,0,0,0
2809,2,0.706911256,0,0,0,0
2810,2,0.707471156,0,0,0,0
2812,1,0.707548771,0,0,0,0
2813,2,0.707820089,0,0,0,0
2814,2,0.707848716,0,0,0,0
2815,1,0.707748128,0,0,0,0
2817,2,0.707903285,0,0,0,0
2818,1,0.706867232,0,0,0,0
2819,1,0.707985135,0,0,0,0
2820,1,0.706812067,0,0,0,0
2822,1,0.707048254,0,0,0,0
2823,1,0.706780903,0,0,0,0
2827,2,0.707528623,0,0,0,0
2828,1,0.707238107,0,0,0,0
2829,2,0.707030374,0,0,0,0
2830,1,0.707556152,0,0,0,0
2831,1,0.707186084,0,0,0,0
2832,1,0.707483709,0,0,0,0
2834,1,0.706689956,0,0,0,0
2835,1,0.706990902,0,0,0,0
2836,1,0.704526136,0,0,0,0
2837,2,0.707251809,0,0,0,0
2848,2,0.707928871,0,0,0,0
2849,1,0.70448596,0,0,0,0
2850,1,0.70728145,0,0,0,0
2851,2,0.706766238,0,0,0,0
2852,1,0.706379878,0,0,0,0
2853,2,0.706711871,0,0,0,0
2866,1,0.704479459,0,0,0,0
2867,2,0.706648989,0,0,0,0
2868,2,0.704694193,0,0,0,0
2903,2,0.704884993,0,0,0,0
2904,1,0.704810136,0,0,0,0
2977,1,0.707945357,0,0,0,0
3103,1,0.70792322,0,0,0,0
3113,1,0.707344062,0,0,0,0
3114,2,0.706855235,0,0,0,0
3184,1,0.707709313,0,0,0,0
3185,1,0.706863296,0,0,0,0
3186,1,0.706837488,0,0,0,0
2872,1,0.70776304,0,0,0,0
2874,1,0.707679604,0,0,0,0
2875,1,0.706810046,0,0,0,0
2966,2,0.707789189,0,0,0,0
2967,1,0.706694923,0,0,0,0
2890,1,0.705237357,0,0,0,0
2892,1,0.705412713,0,0,0,0
2893,1,0.707402651,0,0,0,0
2894,1,0.707092874,0,0,0,0
2895,1,0.705889873,0,0,0,0
2992,1,0.708000194,0,0,0,0
2993,1,0.706654752,0,0,0,0
2994,1,0.706971996,0,0,0,0
2998,2,0.707393509,0,0,0,0
3000,2,0.707986109,0,0,0,0
3187,1,0.708109246,0,0,0,0
3188,1,0.707035541,0,0,0,0
3189,1,0.707745058,0,0,0,0
3331,1,0.706869477,0,0,0,0
3332,2,0.704586607,0,0,0,0
3333,2,0.706574467,0,0,0,0
3336,1,0.707404156,0,0,0,0
3124,2,0.705484806,0,0,0,0
3125,2,0.706764881,0,0,0,0
3126,1,0.706804657,0,0,0,0
3190,2,0.706876812,0,0,0,0
3193,2,0.704518288,0,0,0,0
3194,1,0.707736211,0,0,0,0
3195,1,0.707772772,0,0,0,0
3198,1,0.70748126,0,0,0,0
3307,2,0.707366293,0,0,0,0
3308,1,0.707040708,0,0,0,0
3309,1,0.706955071,0,0,0,0
3370,1,0.707285164,0,0,0,0
3371,1,0.706756876,0,0,0,0
3372,1,0.706810861,0,0,0,0
2899,1,0.706808296,0,0,0,0
2900,1,0.706855658,0,0,0,0
2905,1,0.706814582,0,0,0,0
2906,1,0.706722225,0,0,0,0
2907,2,0.707288432,0,0,0,0
2909,2,0.704778546,0,0,0,0
2913,1,0.704708473,0,0,0,0
2915,1,0.708133421,0,0,0,0
2916,2,0.707446193,0,0,0,0
2920,1,0.706587855,0,0,0,0
2921,1,0.705651302,0,0,0,0
2923,1,0.707834479,0,0,0,0
2925,1,0.706867324,0,0,0,0
2927,2,0.706979546,0,0,0,0
2928,1,0.708017845,0,0,0,0
2949,1,0.706695959,0,0,0,0
2950,2,0.706863574,0,0,0,0
2952,1,0.704479043,0,0,0,0
2953,2,0.70791177,0,0,0,0
2955,1,0.707953546,0,0,0,0
2956,2,0.708134002,0,0,0,0
2957,2,0.70669371,0,0,0,0
2958,1,0.706576989,0,0,0,0
2959,1,0.707355395,0,0,0,0
2960,1,0.706587973,0,0,0,0
2961,1,0.706842305,0,0,0,0
2963,1,0.70666708,0,0,0,0
2964,1,0.707333763,0,0,0,0
2968,2,0.707667913,0,0,0,0
2969,2,0.706828246,0,0,0,0
2974,1,0.707742429,0,0,0,0
2975,2,0.707491788,0,0,0,0
2976,2,0.707789025,0,0,0,0
2983,2,0.707537526,0,0,0,0
2984,1,0.706797385,0,0,0,0
2985,1,0.706978759,0,0,0,0
2986,1,0.707207671,0,0,0,0
2987,1,0.7044588,0,0,0,0
2988,1,0.706173916,0,0,0,0
2989,2,0.706741751,0,0,0,0
2990,1,0.706777799,0,0,0,0
3002,2,0.707898174,0,0,0,0
3004,1,0.706760964,0,0,0,0
3005,1,0.707345795,0,0,0,0
3007,1,0.70740447,0,0,0,0
3008,1,0.7079855,0,0,0,0
3009,1,0.708141006,0,0,0,0
3010,1,0.706485873,0,0,0,0
3011,2,0.706711995,0,0,0,0
3013,1,0.707486162,0,0,0,0
3014,1,0.706796652,0,0,0,0
3015,1,0.706842801,0,0,0,0
3016,1,0.707934238,0,0,0,0
3018,1,0.707044828,0,0,0,0
3019,2,0.70446851,0,0,0,0
3020,1,0.706746977,0,0,0,0
3021,2,0.707530424,0,0,0,0
3031,2,0.704917842,0,0,0,0
3032,2,0.704977465,0,0,0,0
3033,2,0.706668249,0,0,0,0
3037,1,0.706996208,0,0,0,0
3038,1,0.707126145,0,0,0,0
3039,1,0.704543004,0,0,0,0
3040,1,0.70701044,0,0,0,0
3041,2,0.704973268,0,0,0,0
3043,2,0.707228912,0,0,0,0
3044,2,0.707728651,0,0,0,0
3045,2,0.708071894,0,0,0,0
3091,2,0.704941736,0,0,0,0
3220,2,0.708115231,0,0,0,0
3222,2,0.706789702,0,0,0,0
3223,1,0.706756011,0,0,0,0
3224,1,0.706689348,0,0,0,0
3225,1,0.706874942,0,0,0,0
3280,2,0.707855056,0,0,0,0
3281,1,0.707530182,0,0,0,0
3282,1,0.708089713,0,0,0,0
3340,1,0.706710151,0,0,0,0
3341,1,0.707367952,0,0,0,0
3342,1,0.705442936,0,0,0,0
3046,1,0.704510198,0,0,0,0
3048,1,0.706813329,0,0,0,0
3049,2,0.70783111,0,0,0,0
3050,1,0.708079471,0,0,0,0
3051,2,0.704457998,0,0,0,0
3052,1,0.706798833,0,0,0,0
3053,2,0.706991588,0,0,0,0
3054,2,0.707251379,0,0,0,0
3269,1,0.704539159,0,0,0,0
3270,1,0.706788368,0,0,0,0
3271,1,0.705225478,0,0,0,0
3273,1,0.704478374,0,0,0,0
3275,1,0.707152721,0,0,0,0
3366,1,0.706630714,0,0,0,0
3367,2,0.707064232,0,0,0,0
3368,1,0.704520419,0,0,0,0
3369,1,0.707288219,0,0,0,0
3374,1,0.705328078,0,0,0,0
3375,1,0.706881375,0,0,0,0
3810,1,0.70813618,0,0,0,0
3862,1,0.707925973,0,0,0,0
3863,1,0.706289266,0,0,0,0
3634,2,0.707265123,0,0,0,0
3635,2,0.706708163,0,0,0,0
3636,2,0.70794621,0,0,0,0
3637,2,0.708097273,0,0,0,0
3820,1,0.70697842,0,0,0,0
3821,2,0.708164564,0,0,0,0
3822,1,0.706777544,0,0,0,0
3823,1,0.706654913,0,0,0,0
3824,2,0.705322712,0,0,0,0
3826,1,0.706949964,0,0,0,0
3827,1,0.707712635,0,0,0,0
3910,2,0.707547546,0,0,0,0
3911,1,0.706673725,0,0,0,0
3912,2,0.707519483,0,0,0,0
3913,1,0.704615847,0,0,0,0
3914,1,0.707346621,0,0,0,0
3915,2,0.705235396,0,0,0,0
3919,2,0.707481183,0,0,0,0
3920,2,0.70783138,0,0,0,0
4980,1,0.707924402,0,0,0,0
4981,1,0.708298415,0,0,0,0
4982,2,0.706737314,0,0,0,0
4983,1,0.706780959,0,0,0,0
4984,2,0.706720064,0,0,0,0
4985,1,0.707649931,0,0,0,0
4988,1,0.706977377,0,0,0,0
4989,2,0.706729579,0,0,0,0
4312,2,0.707325162,0,0,0,0
4314,2,0.707685091,0,0,0,0
4315,1,0.707068187,0,0,0,0
3058,1,0.706617551,0,0,0,0
3059,1,0.707864685,0,0,0,0
3060,1,0.70683953,0,0,0,0
3065,2,0.707900701,0,0,0,0
3066,1,0.707224101,0,0,0,0
3067,1,0.707278467,0,0,0,0
3069,1,0.707994225,0,0,0,0
3070,1,0.707246378,0,0,0,0
3071,1,0.705247076,0,0,0,0
3076,1,0.705543585,0,0,0,0
3077,2,0.707404668,0,0,0,0
3078,1,0.704535778,0,0,0,0
3082,2,0.707867752,0,0,0,0
3083,2,0.706494863,0,0,0,0
3084,1,0.70453642,0,0,0,0
3086,1,0.707108069,0,0,0,0
3087,1,0.705186889,0,0,0,0
3089,1,0.706793415,0,0,0,0
3090,2,0.706504855,0,0,0,0
3095,1,0.707623638,0,0,0,0
3097,1,0.708080349,0,0,0,0
3098,1,0.706840191,0,0,0,0
3099,1,0.707766866,0,0,0,0
3352,1,0.706739626,0,0,0,0
3353,1,0.707347333,0,0,0,0
3354,1,0.706702708,0,0,0,0
3562,1,0.707284547,0,0,0,0
3563,2,0.707838365,0,0,0,0
3564,1,0.707231241,0,0,0,0
3119,1,0.706993817,0,0,0,0
3120,1,0.707955378,0,0,0,0
3121,1,0.704500625,0,0,0,0
3123,1,0.70659336,0,0,0,0
3127,1,0.704457152,0,0,0,0
3128,1,0.707252336,0,0,0,0
3129,1,0.706765108,0,0,0,0
3131,1,0.707863657,0,0,0,0
3132,1,0.705815961,0,0,0,0
3134,2,0.708102075,0,0,0,0
3135,1,0.707191126,0,0,0,0
3136,2,0.706814341,0,0,0,0
3137,1,0.708117998,0,0,0,0
3139,1,0.707423178,0,0,0,0
3146,1,0.706721435,0,0,0,0
3147,1,0.707310157,0,0,0,0
3148,1,0.70785523400000006,0,0,0,0
3149,2,0.706716256,0,0,0,0
3151,2,0.707076063,0,0,0,0
3152,1,0.706984753,0,0,0,0
3153,2,0.705042422,0,0,0,0
3154,2,0.707863073,0,0,0,0
3155,2,0.706819642,0,0,0,0
3157,2,0.70672362,0,0,0,0
3158,2,0.706729439,0,0,0,0
3159,1,0.706846217,0,0,0,0
3162,1,0.70682869,0,0,0,0
3170,2,0.707693929,0,0,0,0
3171,1,0.70452251,0,0,0,0
3174,1,0.706621313,0,0,0,0
3175,1,0.706902264,0,0,0,0
3177,1,0.707809766,0,0,0,0
3181,1,0.707085898,0,0,0,0
3182,2,0.707731753,0,0,0,0
3183,1,0.706793211,0,0,0,0
3199,1,0.707355299,0,0,0,0
3201,1,0.707529951,0,0,0,0
3202,2,0.706822619,0,0,0,0
3206,1,0.706894138,0,0,0,0
3207,1,0.706820563,0,0,0,0
3208,1,0.708049789,0,0,0,0
3209,1,0.707736126,0,0,0,0
3210,2,0.706578826,0,0,0,0
3212,2,0.705324147,0,0,0,0
3213,1,0.707904981,0,0,0,0
3214,1,0.70772804,0,0,0,0
3216,1,0.706779956,0,0,0,0
3227,1,0.707304198,0,0,0,0
3228,1,0.707991149,0,0,0,0
3229,2,0.706954437,0,0,0,0
3230,1,0.704956048,0,0,0,0
3232,1,0.707771568,0,0,0,0
3233,2,0.707686859,0,0,0,0
3234,1,0.70668682,0,0,0,0
3243,1,0.706847112,0,0,0,0
3244,1,0.706607416,0,0,0,0
3245,1,0.707734272,0,0,0,0
3246,2,0.708057266,0,0,0,0
3253,2,0.706725874,0,0,0,0
3255,2,0.706550748,0,0,0,0
3349,2,0.706980321,0,0,0,0
3351,2,0.706965651,0,0,0,0
3703,1,0.708180969,0,0,0,0
3704,2,0.705237727,0,0,0,0
3705,1,0.706917924,0,0,0,0
4282,1,0.707319219,0,0,0,0
4283,1,0.704772166,0,0,0,0
3415,1,0.706740957,0,0,0,0
3416,2,0.704525149,0,0,0,0
3417,1,0.706908736,0,0,0,0
3418,1,0.704513013,0,0,0,0
3420,1,0.70687483,0,0,0,0
3475,2,0.706740241,0,0,0,0
3476,1,0.706378428,0,0,0,0
3553,1,0.707699315,0,0,0,0
3554,1,0.706956792,0,0,0,0
3555,2,0.707523561,0,0,0,0
3256,2,0.706666709,0,0,0,0
3257,1,0.707135177,0,0,0,0
3258,1,0.707490345,0,0,0,0
3260,1,0.706865306,0,0,0,0
3262,2,0.706862688,0,0,0,0
3263,1,0.706855223,0,0,0,0
3264,2,0.70505264,0,0,0,0
3265,2,0.70658288,0,0,0,0
3266,2,0.707409376,0,0,0,0
3267,2,0.706668721,0,0,0,0
3276,1,0.705129678,0,0,0,0
3286,2,0.706893397,0,0,0,0
3287,1,0.707375004,0,0,0,0
3289,2,0.707344096,0,0,0,0
3290,2,0.707722058,0,0,0,0
3292,1,0.706691595,0,0,0,0
3294,1,0.706710508,0,0,0,0
3295,2,0.706698712,0,0,0,0
3296,1,0.704525462,0,0,0,0
3298,1,0.704933623,0,0,0,0
3299,1,0.707992875,0,0,0,0
3300,2,0.706809913,0,0,0,0
3301,2,0.707627779,0,0,0,0
3302,1,0.707663761,0,0,0,0
3303,1,0.707145577,0,0,0,0
3305,2,0.708079346,0,0,0,0
3306,1,0.706668873,0,0,0,0
3310,2,0.706872865,0,0,0,0
3311,2,0.706678093,0,0,0,0
3312,2,0.706953061,0,0,0,0
3313,1,0.706966023,0,0,0,0
3315,1,0.706793235,0,0,0,0
3316,1,0.707496971,0,0,0,0
3317,1,0.704544098,0,0,0,0
3318,2,0.706309094,0,0,0,0
3319,1,0.707800317,0,0,0,0
3320,1,0.707725295,0,0,0,0
3322,2,0.707599984,0,0,0,0
3323,2,0.707204081,0,0,0,0
3324,1,0.707688645,0,0,0,0
3325,2,0.707843966,0,0,0,0
3723,2,0.706116899,0,0,0,0
3505,1,0.706746775,0,0,0,0
3506,2,0.705058141,0,0,0,0
3507,1,0.707312799,0,0,0,0
3509,1,0.707340588,0,0,0,0
3511,1,0.706893775,0,0,0,0
3512,2,0.707304658,0,0,0,0
3514,1,0.707317922,0,0,0,0
3515,1,0.706942974,0,0,0,0
3516,1,0.7045416,0,0,0,0
3517,1,0.706890975,0,0,0,0
3518,1,0.70745378,0,0,0,0
3519,1,0.708060014,0,0,0,0
3577,1,0.706694061,0,0,0,0
3578,1,0.706778799,0,0,0,0
3579,1,0.707301937,0,0,0,0
3344,3,0.706870716,0,0,0,0
3797,3,0.706766804,0,0,0,0
3798,4,0.705217527,49.64898934196843,2.706672268350465e-4,0.5115829691533615,35.128816702013346
3853,3,0.706825867,0,0,0,0
3358,3,0.707377715,57.94159529432316,3.1587533048646043e-4,0.5970299446376821,40.99619564251575
3360,3,0.706600217,0,0,0,0
3362,3,0.705153867,46.54977963349691,2.5377152546649613e-4,0.4796487258645751,32.935991204194664
4169,6,0.707718307,0,0,0,0
3585,4,0.705605456,63.105561782806426,3.4402729304263243e-4,0.650239432762219,44.649926254831094
3874,4,0.705102288,43.91425820315487,2.3940367455413085e-4,0.45249232456675487,31.071245305682428
3936,3,0.708186324,0,0,0,0
3432,7,0.708894341,0,0,0,0
3433,5,0.704956163,37.05342404639173,2.020010409940452e-4,0.3817983194056313,26.21690710645315
3435,3,0.706424274,60.048665741658986,3.273622695417209e-4,0.6187411893165778,42.48703951474179
3436,3,0.707180293,54.37375701629819,2.96424846089739e-4,0.560266954616692,38.471795074602866
3441,3,0.706910471,0,0,0,0
3445,3,0.705193483,48.818040333917956,2.6613721189151497e-4,0.5030208742066641,34.54088418255216
3446,7,0.708894748,0,0,0,0
3474,3,0.707681559,0,0,0,0
3493,7,0.708894723,0,0,0,0
3498,3,0.707692426,0,0,0,0
3525,3,0.706237965,63.03507837600515,3.4364304457132144e-4,0.6495131720466366,44.600056182733525
3532,7,0.708901577,0,0,0,0
3536,3,0.706625578,0,0,0,0
3541,5,0.706452698,59.6772660643848,3.2533754110258107e-4,0.6149142886654115,42.22425810953958
3542,3,0.707313105,56.359695337047015,3.072514193003272e-4,0.5807300543927295,39.876932705312264
3547,3,0.707183469,54.70917120805278,2.9825339547869087e-4,0.5637230609823646,38.709115185597376
3550,5,0.704963221,37.5808364356293,2.0487629083669828e-4,0.3872327743589036,26.590074282531724
3566,3,0.706843439,0,0,0,0
3743,5,0.707060763,0,0,0,0
3744,3,0.70675822,0,0,0,0
3745,7,0.708909099,0,0,0,0
3847,3,0.707178398,54.35311376075092,2.963123069866096e-4,0.560054246601769,38.45718907456411
3848,3,0.706788879,0,0,0,0
3568,3,0.706113815,63.90134796058691,3.483656137365329e-4,0.6584392100595187,45.212979544409656
3571,5,0.706990712,0,0,0,0
3594,3,0.706943756,0,0,0,0
3595,3,0.706818069,0,0,0,0
3596,3,0.706630871,0,0,0,0
3598,3,0.707701387,0,0,0,0
3603,5,0.706461605,60.06752904557481,3.274651050319799e-4,0.618935556717671,42.50038612168054
3618,3,0.706988371,57.37557037782335,3.127895799707085e-4,0.5911976263722832,40.595708426078374
3620,3,0.706959991,0,0,0,0
3622,3,0.707320398,56.50939333993679,3.0806751533454536e-4,0.582272541960144,39.9828505452093
3623,3,0.708014608,0,0,0,0
3628,5,0.706494045,59.629880933008295,3.250792155601505e-4,0.6144260324788384,42.190731070689694
3630,3,0.70779961,0,0,0,0
3633,3,0.707340932,56.92113868581954,3.103121928679532e-4,0.5865151642042935,40.274178263560174
3808,3,0.706775352,0,0,0,0
3642,3,0.70665803,0,0,0,0
3647,5,0.706529886,59.10864158719694,3.222376187800764e-4,0.6090551845380463,41.82193159099099
3650,3,0.708041622,0,0,0,0
3653,3,0.706705912,0,0,0,0
3655,7,0.708904292,0,0,0,0
3656,5,0.706999704,0,0,0,0
3657,3,0.707005419,0,0,0,0
3663,3,0.707833743,0,0,0,0
3664,3,0.706987706,0,0,0,0
3667,3,0.706973833,0,0,0,0
3673,3,0.707111322,55.294314172728754,3.0144337025259836e-4,0.5697523715326016,39.12312925160373
3676,3,0.7068696,0,0,0,0
3678,3,0.706710476,0,0,0,0
3679,3,0.704940902,35.97973663291902,1.9614770946516555e-4,0.37073504899052423,25.457226620645976
3685,3,0.706538391,0,0,0,0
3686,4,0.70817084,83.2913897816783,4.5407267681050415e-4,0.8582341162260518,58.93227643252809
3690,3,0.704457498,15.703882694421655,8.56115388405098e-5,0.16181273863831291,11.111179179954405
3696,3,0.708057391,0,0,0,0
3716,4,0.705297546,53.214628324070524,2.901057215148306e-4,0.5483232976387759,37.6516611725238
3805,6,0.707632754,0,0,0,0
3807,3,0.70689118,0,0,0,0
3812,3,0.707266145,54.90861458791873,2.993406842081171e-4,0.565778124696694,38.850230040634685
4083,3,0.707206758,54.38980214203204,2.965123179546079e-4,0.5604322835221168,38.48314769805675
4085,3,0.707290465,55.61925071191717,3.0321479950272336e-4,0.5731005162120324,39.35303596826046
4086,3,0.707202936,54.343409761189235,2.96259404506914e-4,0.5599542566327036,38.450323073334346
3729,5,0.70498026,38.431077779262914,2.0951148018640941e-4,0.3959936574471188,27.19165696747333
3892,3,0.706806921,0,0,0,0
3893,4,0.70507211,42.30948411842957,2.306550624078171e-4,0.43595673941255386,29.93579792966095
3895,3,0.708192956,0,0,0,0
3971,3,0.707676021,0,0,0,0
3977,4,0.70507087,42.26866773983826,2.304325471834554e-4,0.43553616762596603,29.90691856875194
4129,5,0.704995741,38.93553814266767,2.1226160439680386e-4,0.40119161482653787,27.548584588243585
3731,3,0.706723733,0,0,0,0
3733,3,0.705229396,50.0527894129932,2.728685897805694e-4,0.5157437233201049,35.41452279326098
3754,5,0.707082934,0,0,0,0
3755,3,0.706914401,0,0,0,0
3758,3,0.706705075,0,0,0,0
3761,5,0.707031117,0,0,0,0
3768,3,0.705259701,51.36370207323109,2.800151822706125e-4,0.5292513616409182,36.342050446173715
3943,3,0.704953217,36.66087537089265,1.9986101633688073e-4,0.37775349956920234,25.939161866298402
3945,3,0.708174846,0,0,0,0
3946,4,0.704808049,28.587722411496635,1.558492861426517e-4,0.2945677667650527,20.227055451310193
3951,3,0.707217562,54.51890965304032,2.9721616253294353e-4,0.5617626067511898,38.57449687050061
4087,3,0.706577974,0,0,0,0
4089,3,0.707200639,54.315350035136525,2.9610643365419174e-4,0.5596651293381115,38.43046959824293
4094,5,0.70677851,57.559162684893124,3.1379045473737405e-4,0.5930893607018092,40.72560795854483
4095,3,0.707819861,0,0,0,0
3771,3,0.706707472,0,0,0,0
3772,3,0.706557628,0,0,0,0
3773,3,0.706752054,0,0,0,0
3774,3,0.704972598,37.88330689363862,2.0652524363823504e-4,0.3903494286360689,26.804085270831973
3786,3,0.704533943,17.52604101633693,9.554524638186971e-5,0.18058825002228673,12.400435346917341
3789,3,0.706738275,0,0,0,0
3898,3,0.708079529,0,0,0,0
4005,5,0.706759416,58.040565054206915,3.164148756172537e-4,0.5980497286109064,41.06622104686089
4008,3,0.707681611,0,0,0,0
4009,4,0.704805943,28.535230346003377,1.555631195562577e-4,0.29402688875166416,20.18991503472846
4010,4,0.704807777,28.580945794379314,1.5581234262805496e-4,0.2944979405318979,20.222260700324743
4014,3,0.705378977,56.09753892405748,3.0582224319339443e-4,0.5780287958592267,39.69144565509789
4363,3,0.708184436,0,0,0,0
3790,3,0.70669856,0,0,0,0
3815,3,0.706686192,0,0,0,0
3819,3,0.707199352,54.29957020393591,2.960204080732564e-4,0.5595025340263974,38.41930468219566
3828,3,0.707072857,55.33572925999604,3.0166914940678335e-4,0.5701791124107696,39.152432224908786
3829,3,0.708195344,0,0,0,0
3830,5,0.707102231,0,0,0,0
3831,3,0.707418102,57.86513489662675,3.1545849775569426e-4,0.5962420970340429,40.942096589720535
3838,3,0.707400513,57.80775033613109,3.1514565916505296e-4,0.5956508067735358,40.901494520395566
3843,3,0.706747541,0,0,0,0
3883,3,0.706924214,0,0,0,0
3884,3,0.705307053,53.529607014998504,2.918228643996213e-4,0.551568836693259,37.874522278969245
4495,3,0.706764117,0,0,0,0
4496,3,0.707728053,66.05515577063157,3.601073469481629e-4,0.6806320363194672,46.736892131014265
3981,3,0.708135278,0,0,0,0
3983,3,0.70692864,0,0,0,0
4238,3,0.705489869,59.80569967504699,3.260377118349783e-4,0.6162376680282642,42.31513046821449
4442,3,0.707635454,0,0,0,0
4446,4,0.706965482,0,0,0,0
3859,3,0.706821244,0,0,0,0
3860,3,0.708139457,0,0,0,0
3877,3,0.708161703,0,0,0,0
3880,4,0.706876264,0,0,0,0
3881,3,0.706737853,0,0,0,0
3887,3,0.70532322,54.05723647542587,2.946992976310552e-4,0.5570055283471221,38.24784304234413
3888,5,0.707056955,0,0,0,0
3921,7,0.708918281,0,0,0,0
3928,3,0.707758187,66.9367901984236,3.6491367933912366e-4,0.6897163936096249,47.360686786707504
3931,3,0.707208676,54.41294271817398,2.9663847149075676e-4,0.560670723917531,38.49952066089936
3932,3,0.707626071,0,0,0,0
3343,2,0.708016256,0,0,0,0
3345,1,0.706869357,0,0,0,0
3424,1,0.706867565,0,0,0,0
3425,1,0.706934801,0,0,0,0
3426,2,0.706725148,0,0,0,0
3427,1,0.708121121,0,0,0,0
3428,1,0.706774889,0,0,0,0
3429,1,0.706937862,0,0,0,0
3724,1,0.706931935,0,0,0,0
3725,2,0.707822228,0,0,0,0
3726,1,0.706806467,0,0,0,0
3793,1,0.704559233,0,0,0,0
3794,1,0.707458339,0,0,0,0
3795,1,0.706854224,0,0,0,0
3796,1,0.70663424,0,0,0,0
3854,1,0.705364274,0,0,0,0
3855,1,0.706803996,0,0,0,0
3359,1,0.706890263,0,0,0,0
3361,1,0.708050611,0,0,0,0
3363,1,0.705364855,0,0,0,0
3364,1,0.707860869,0,0,0,0
3365,1,0.707079393,0,0,0,0
3377,2,0.707051557,0,0,0,0
3378,1,0.706863785,0,0,0,0
3916,1,0.706812133,0,0,0,0
3917,1,0.706933534,0,0,0,0
3918,1,0.707448066,0,0,0,0
4165,1,0.706852224,0,0,0,0
4166,1,0.707740276,0,0,0,0
4167,1,0.707026845,0,0,0,0
4168,1,0.707542885,0,0,0,0
4170,2,0.706089584,0,0,0,0
3580,1,0.706809448,0,0,0,0
3581,1,0.70713625,0,0,0,0
3582,2,0.707535036,0,0,0,0
3583,1,0.706724681,0,0,0,0
3584,1,0.706623978,0,0,0,0
3643,1,0.70456273,0,0,0,0
3644,1,0.706902161,0,0,0,0
3645,2,0.705092704,0,0,0,0
3875,2,0.70779135,0,0,0,0
3876,1,0.707689806,0,0,0,0
3934,1,0.704579443,0,0,0,0
3935,2,0.706658047,0,0,0,0
4123,1,0.707330382,0,0,0,0
4124,2,0.70769932,0,0,0,0
4125,1,0.707761738,0,0,0,0
3421,1,0.706718358,0,0,0,0
3422,1,0.706710527,0,0,0,0
3423,2,0.707420709,0,0,0,0
3430,2,0.707301226,0,0,0,0
3431,1,0.70810609,0,0,0,0
3434,2,0.705188224,0,0,0,0
3437,2,0.707285387,0,0,0,0
3438,2,0.70687472,0,0,0,0
3439,1,0.705308729,0,0,0,0
3440,2,0.706975456,0,0,0,0
3442,1,0.706682197,0,0,0,0
3443,1,0.707013806,0,0,0,0
3444,1,0.707857048,0,0,0,0
3447,1,0.705888479,0,0,0,0
3448,2,0.706879748,0,0,0,0
3449,1,0.706987271,0,0,0,0
3450,1,0.707310927,0,0,0,0
3451,1,0.707610565,0,0,0,0
3452,2,0.706584308,0,0,0,0
3453,1,0.706909635,0,0,0,0
3457,1,0.706766025,0,0,0,0
3458,1,0.706876886,0,0,0,0
3459,1,0.707672971,0,0,0,0
3460,2,0.706693944,0,0,0,0
3461,1,0.707678038,0,0,0,0
3462,1,0.707860471,0,0,0,0
3469,1,0.704553633,0,0,0,0
3470,1,0.706834854,0,0,0,0
3471,1,0.708021248,0,0,0,0
3472,1,0.707759346,0,0,0,0
3473,2,0.707569577,0,0,0,0
3478,1,0.704551578,0,0,0,0
3479,2,0.708128374,0,0,0,0
3480,2,0.70728031,0,0,0,0
3490,1,0.707862447,0,0,0,0
3491,1,0.707339109,0,0,0,0
3492,2,0.705746016,0,0,0,0
3494,1,0.707275469,0,0,0,0
3495,2,0.706903168,0,0,0,0
3496,1,0.707635356,0,0,0,0
3497,1,0.706881024,0,0,0,0
3499,2,0.706698129,0,0,0,0
3500,1,0.708097344,0,0,0,0
3501,1,0.707822422,0,0,0,0
3520,2,0.70782181,0,0,0,0
3521,1,0.707236945,0,0,0,0
3522,1,0.707058226,0,0,0,0
3523,1,0.708128979,0,0,0,0
3524,1,0.704502987,0,0,0,0
3529,1,0.707634304,0,0,0,0
3530,2,0.704551536,0,0,0,0
3531,1,0.707299135,0,0,0,0
3533,1,0.705888293,0,0,0,0
3534,1,0.706706505,0,0,0,0
3535,2,0.707316877,0,0,0,0
3537,2,0.706970526,0,0,0,0
3538,1,0.706876217,0,0,0,0
3539,1,0.708153728,0,0,0,0
3540,1,0.706880509,0,0,0,0
3543,1,0.707680347,0,0,0,0
3544,1,0.70769263,0,0,0,0
3545,1,0.706631847,0,0,0,0
3546,2,0.707705714,0,0,0,0
3548,1,0.706613828,0,0,0,0
3549,1,0.706256133,0,0,0,0
3551,1,0.707040261,0,0,0,0
3552,2,0.707280744,0,0,0,0
3565,2,0.707092612,0,0,0,0
3567,1,0.707317144,0,0,0,0
3742,1,0.70748917,0,0,0,0
3739,1,0.70666745,0,0,0,0
3740,1,0.705786335,0,0,0,0
3741,2,0.707788748,0,0,0,0
3748,1,0.704566376,0,0,0,0
3749,1,0.706885522,0,0,0,0
3750,2,0.70818998,0,0,0,0
3849,2,0.708200728,0,0,0,0
3569,1,0.706705019,0,0,0,0
3570,1,0.705269707,0,0,0,0
3572,1,0.705258379,0,0,0,0
3573,1,0.706724688,0,0,0,0
3574,2,0.708111115,0,0,0,0
3575,2,0.7078659,0,0,0,0
3576,1,0.706753324,0,0,0,0
3592,2,0.706790592,0,0,0,0
3593,2,0.70676966,0,0,0,0
3597,1,0.707395799,0,0,0,0
3599,1,0.706899292,0,0,0,0
3600,1,0.707618052,0,0,0,0
3601,2,0.707809105,0,0,0,0
3602,2,0.705192566,0,0,0,0
3604,2,0.706894005,0,0,0,0
3605,1,0.706872577,0,0,0,0
3606,1,0.707036716,0,0,0,0
3607,2,0.707041505,0,0,0,0
3608,1,0.707783436,0,0,0,0
3609,1,0.704525035,0,0,0,0
3616,1,0.705058395,0,0,0,0
3617,2,0.704509071,0,0,0,0
3619,1,0.70770276,0,0,0,0
3621,2,0.706896297,0,0,0,0
3624,1,0.705269578,0,0,0,0
3625,1,0.706820216,0,0,0,0
3626,1,0.706932968,0,0,0,0
3627,1,0.706891456,0,0,0,0
3629,1,0.707538577,0,0,0,0
3631,1,0.70692837100000006,0,0,0,0
3632,1,0.706117559,0,0,0,0
3809,1,0.707716684,0,0,0,0
3638,1,0.704839214,0,0,0,0
3639,1,0.707700001,0,0,0,0
3640,1,0.706639795,0,0,0,0
3641,1,0.707943041,0,0,0,0
3646,1,0.704544723,0,0,0,0
3648,1,0.707620236,0,0,0,0
3649,2,0.707732546,0,0,0,0
3651,1,0.708116256,0,0,0,0
3652,1,0.708025898,0,0,0,0
3654,2,0.705284249,0,0,0,0
3661,2,0.706900481,0,0,0,0
3662,1,0.707421205,0,0,0,0
3665,1,0.706698772,0,0,0,0
3666,1,0.70687605,0,0,0,0
3668,1,0.704564429,0,0,0,0
3669,2,0.70724156,0,0,0,0
3670,2,0.706760639,0,0,0,0
3671,1,0.706887788,0,0,0,0
3672,1,0.707117768,0,0,0,0
3674,2,0.707411959,0,0,0,0
3675,2,0.70697953,0,0,0,0
3677,1,0.707294068,0,0,0,0
3680,1,0.706926843,0,0,0,0
3681,1,0.706851578,0,0,0,0
3682,1,0.706712062,0,0,0,0
3683,2,0.704520772,0,0,0,0
3684,1,0.707758683,0,0,0,0
3687,1,0.707491431,0,0,0,0
3688,1,0.707002594,0,0,0,0
3689,1,0.707447483,0,0,0,0
3694,2,0.704520397,0,0,0,0
3695,2,0.707492883,0,0,0,0
3715,2,0.705297733,0,0,0,0
3717,1,0.704542551,0,0,0,0
3718,1,0.70618324,0,0,0,0
3719,1,0.70746113,0,0,0,0
3720,1,0.708154277,0,0,0,0
3806,2,0.704504398,0,0,0,0
3811,1,0.704723958,0,0,0,0
3813,1,0.704547009,0,0,0,0
4081,1,0.707690816,0,0,0,0
4082,1,0.707010578,0,0,0,0
4084,1,0.707251336,0,0,0,0
4096,2,0.70677989,0,0,0,0
4097,1,0.704591806,0,0,0,0
4098,2,0.707413598,0,0,0,0
4498,2,0.705091161,0,0,0,0
4499,2,0.707776886,0,0,0,0
4500,1,0.706971329,0,0,0,0
3727,1,0.707794754,0,0,0,0
3728,1,0.705300834,0,0,0,0
3844,1,0.707424465,0,0,0,0
3845,1,0.706761015,0,0,0,0
3846,1,0.7068885,0,0,0,0
3894,1,0.707663227,0,0,0,0
3896,1,0.706827478,0,0,0,0
3897,2,0.707455016,0,0,0,0
3970,2,0.705962029,0,0,0,0
3972,2,0.705991116,0,0,0,0
3973,1,0.706792258,0,0,0,0
3974,1,0.706775376,0,0,0,0
3975,1,0.704588565,0,0,0,0
3976,1,0.707678852,0,0,0,0
3978,1,0.705820013,0,0,0,0
4130,2,0.707472347,0,0,0,0
4131,1,0.705425893,0,0,0,0
3730,2,0.705423484,0,0,0,0
3732,1,0.707237357,0,0,0,0
3734,2,0.706967699,0,0,0,0
3735,1,0.704574991,0,0,0,0
3736,1,0.707373142,0,0,0,0
3737,1,0.707396159,0,0,0,0
3738,1,0.707450035,0,0,0,0
3751,1,0.706856184,0,0,0,0
3752,1,0.707681443,0,0,0,0
3753,1,0.707757948,0,0,0,0
3756,1,0.707500024,0,0,0,0
3757,1,0.706820177,0,0,0,0
3759,1,0.70665927,0,0,0,0
3760,1,0.707719642,0,0,0,0
3762,2,0.706604983,0,0,0,0
3766,2,0.707008894,0,0,0,0
3767,1,0.708173606,0,0,0,0
3944,2,0.706831074,0,0,0,0
3947,1,0.707450881,0,0,0,0
3948,1,0.706923832,0,0,0,0
3949,1,0.704580585,0,0,0,0
3950,1,0.706984243,0,0,0,0
3952,1,0.707349844,0,0,0,0
3953,1,0.70784496,0,0,0,0
3954,1,0.706675633,0,0,0,0
4088,1,0.70677245,0,0,0,0
4090,2,0.706775531,0,0,0,0
4091,1,0.706701691,0,0,0,0
4092,2,0.707654712,0,0,0,0
4093,1,0.70730091,0,0,0,0
3769,1,0.707419246,0,0,0,0
3770,1,0.708144637,0,0,0,0
3775,1,0.705664759,0,0,0,0
3776,1,0.706977116,0,0,0,0
3777,2,0.706710794,0,0,0,0
3778,2,0.707261495,0,0,0,0
3779,1,0.706715831,0,0,0,0
3780,1,0.706992063,0,0,0,0
3781,2,0.706949922,0,0,0,0
3782,1,0.707064201,0,0,0,0
3783,1,0.707793866,0,0,0,0
3784,1,0.704537743,0,0,0,0
3785,1,0.706740627,0,0,0,0
3787,1,0.707037405,0,0,0,0
3788,2,0.70452842,0,0,0,0
3899,1,0.707520902,0,0,0,0
3900,1,0.707927809,0,0,0,0
3901,1,0.708206064,0,0,0,0
3902,2,0.704535082,0,0,0,0
3903,1,0.706848081,0,0,0,0
4003,1,0.704833207,0,0,0,0
4004,1,0.704583766,0,0,0,0
4006,1,0.707656696,0,0,0,0
4007,1,0.70748574,0,0,0,0
4011,1,0.70775393,0,0,0,0
4012,2,0.707631703,0,0,0,0
4013,1,0.707866473,0,0,0,0
4364,2,0.707559194,0,0,0,0
4365,1,0.704611842,0,0,0,0
3791,1,0.707240975,0,0,0,0
3792,2,0.706957472,0,0,0,0
3799,2,0.707725654,0,0,0,0
3800,2,0.70519684,0,0,0,0
3801,1,0.704628305,0,0,0,0
3802,2,0.706954187,0,0,0,0
3803,1,0.706371738,0,0,0,0
3804,1,0.70665837,0,0,0,0
3814,1,0.707915682,0,0,0,0
3816,2,0.706859426,0,0,0,0
3817,1,0.70528531,0,0,0,0
3818,2,0.706628203,0,0,0,0
3832,1,0.707833491,0,0,0,0
3833,1,0.707734877,0,0,0,0
3834,1,0.70686962,0,0,0,0
3835,1,0.706656922,0,0,0,0
3836,1,0.7077224,0,0,0,0
3837,1,0.708104803,0,0,0,0
3839,1,0.705299382,0,0,0,0
3840,1,0.706955618,0,0,0,0
3841,1,0.706973545,0,0,0,0
3842,1,0.707430576,0,0,0,0
3851,1,0.704575753,0,0,0,0
3852,1,0.70763172,0,0,0,0
3885,1,0.707797183,0,0,0,0
4000,1,0.707718946,0,0,0,0
4001,2,0.706654647,0,0,0,0
4208,1,0.707467542,0,0,0,0
4209,1,0.707936023,0,0,0,0
4497,1,0.707088857,0,0,0,0
4501,1,0.707088468,0,0,0,0
4502,1,0.708138371,0,0,0,0
4503,1,0.707470985,0,0,0,0
3856,1,0.706483102,0,0,0,0
3857,2,0.707464573,0,0,0,0
3858,2,0.707425902,0,0,0,0
3904,2,0.707305323,0,0,0,0
3905,1,0.707809077,0,0,0,0
3906,1,0.705137469,0,0,0,0
3979,1,0.706678443,0,0,0,0
3982,1,0.707846429,0,0,0,0
3984,2,0.706988065,0,0,0,0
4237,1,0.707682678,0,0,0,0
4239,1,0.704669702,0,0,0,0
4438,1,0.707051338,0,0,0,0
4439,1,0.706851965,0,0,0,0
4440,2,0.707509704,0,0,0,0
4441,1,0.704724888,0,0,0,0
4443,2,0.707348043,0,0,0,0
4444,1,0.708148768,0,0,0,0
4445,1,0.706910249,0,0,0,0
3861,1,0.706662163,0,0,0,0
3868,2,0.704530108,0,0,0,0
3869,2,0.705259801,0,0,0,0
3870,2,0.706667699,0,0,0,0
3871,2,0.706628141,0,0,0,0
3872,2,0.707723343,0,0,0,0
3873,2,0.706813286,0,0,0,0
3878,1,0.706875218,0,0,0,0
3879,1,0.707021946,0,0,0,0
3882,1,0.707504966,0,0,0,0
3886,1,0.706925638,0,0,0,0
3889,1,0.707064938,0,0,0,0
3890,1,0.706976318,0,0,0,0
3891,1,0.707353245,0,0,0,0
3907,2,0.706592099,0,0,0,0
3908,1,0.707253065,0,0,0,0
3909,1,0.707306215,0,0,0,0
3925,1,0.707764908,0,0,0,0
3926,1,0.707035158,0,0,0,0
3927,1,0.70751356,0,0,0,0
3929,1,0.706817918,0,0,0,0
3930,1,0.706787489,0,0,0,0
3933,2,0.706831997,0,0,0,0
3937,2,0.706627286,0,0,0,0
3938,2,0.706721062,0,0,0,0
3939,1,0.706663773,0,0,0,0
3940,1,0.704774837,0,0,0,0
3941,1,0.706958424,0,0,0,0
3942,1,0.706835555,0,0,0,0
3963,2,0.707347057,0,0,0,0
3964,1,0.705373303,0,0,0,0
3966,5,0.707081767,0,0,0,0
3969,4,0.708197947,84.03367872267764,4.5811935111009114e-4,0.8658826582294062,59.45747810317429
3995,6,0.707698483,0,0,0,0
3998,3,0.707076046,0,0,0,0
4021,4,0.704733215,25.87990365889644,1.4108729798836933e-4,0.2666664141747114,18.311156056718502
4022,4,0.705029794,40.031441501774594,2.182360487313222e-4,0.41248379824834924,28.32398382064338
4023,3,0.707439485,58.30808574310763,3.178732956968051e-4,0.6008062606199497,41.255503555305545
4024,3,0.707061183,55.258784075020266,3.012496738019074e-4,0.569386269561123,39.09799016405435
4035,7,0.708928568,0,0,0,0
4037,6,0.707714091,0,0,0,0
4038,3,0.707223765,53.697250726062016,2.9273679354442953e-4,0.5532962367592512,37.99313748695733
4041,5,0.707033569,0,0,0,0
4042,3,0.70655224,0,0,0,0
4050,3,0.706750869,0,0,0,0
4054,3,0.707283305,55.491584718689936,3.0251881352584976e-4,0.5717850463758741,39.26270673226594
4058,3,0.704563491,0,0,0,0
4061,6,0.707714953,0,0,0,0
4066,3,0.706753874,0,0,0,0
4070,3,0.707676985,0,0,0,0
4071,3,0.707850163,0,0,0,0
4076,3,0.707189166,54.47650890274318,2.969850099223716e-4,0.5613257096054708,38.54449649778492
4079,3,0.707816252,0,0,0,0
4246,3,0.707378624,0,0,0,0
4516,6,0.707838951,0,0,0,0
4571,4,0.706924272,0,0,0,0
4332,3,0.70682666,0,0,0,0
4335,3,0.707215862,54.498796252134746,2.971065119938795e-4,0.5615553583561788,38.56026576563764
4425,3,0.705815596,65.9203282599778,3.5937231912799167e-4,0.6792427742390504,46.641495810345525
4426,3,0.70736335,0,0,0,0
4661,3,0.705728616,64.83796938271466,3.5347171410799247e-4,0.6680901530989518,45.87567988721991
4666,4,0.70499229,38.82339835974534,2.1165026135712162e-4,0.40003612699349306,27.469240820495386
4995,3,0.708284555,0,0,0,0
5153,5,0.706921304,57.484826471630576,3.133852022445467e-4,0.5923234006852913,40.67301185851074
5222,3,0.705065078,42.07759649135363,2.29390900099785e-4,0.43356737031679343,29.771727360350695
5049,3,0.708214181,0,0,0,0
5058,4,0.708395966,89.85245505067978,4.898410854927575e-4,0.9258393040780327,63.57451512176302
5173,6,0.705040678,40.377261631767986,2.201213273001233e-4,0.4160471273561479,28.5686665849738
5664,4,0.708157304,0,0,0,0
5665,4,0.705194596,48.85687094395921,2.663489014681907e-4,0.5034209846427923,34.5683585259506
4604,3,0.706008909,65.00784658835917,3.543978194076913e-4,0.6698405670833435,45.99587538964662
4607,3,0.704619016,0,0,0,0
4608,7,0.708940352,0,0,0,0
4808,3,0.70694949,0,0,0,0
5188,4,0.70810416,0,0,0,0
5192,4,0.706912021,57.517499294024724,3.135633219272936e-4,0.5926600613044207,40.69612929965573
5743,4,0.706406619,60.45798754642935,3.2959373485951865e-4,0.6229588394036991,42.77665247247749
5745,3,0.70773604,66.51210975557245,3.625984846235601e-4,0.6853404881828552,47.06020692535337
5748,4,0.706936445,0,0,0,0
6134,3,0.708109406,0,0,0,0
7750,5,0.707897536,70.8970781173478,3.865036484943962e-4,0.73052318301496,50.162762523493704
7756,5,0.708136861,81.81880979651355,4.460447361381969e-4,0.8430606584958742,57.89036212443202
4210,3,0.707450256,58.53396329615349,3.191046933888328e-4,0.6031337019391755,41.41532173616305
4273,5,0.706805346,57.9062425831443,3.1568260107902023e-4,0.5966656704562293,40.97118206364172
4274,5,0.706998701,0,0,0,0
4275,3,0.705658662,63.81457611101942,3.478925669293157e-4,0.6575451133008734,45.15158469148817
4318,4,0.705015621,39.577774192240426,2.1576282874830166e-4,0.40780921227398537,28.00299449192708
4319,3,0.707066734,0,0,0,0
4430,4,0.706883984,0,0,0,0
4225,3,0.707507692,59.477845026194565,3.242503741713926e-4,0.612859455159611,42.08315906220836
4231,3,0.706885407,57.61494387993419,3.140945523951797e-4,0.5936641298916808,40.76507557716079
4455,5,0.706813978,57.83252390111777,3.152807151293864e-4,0.5959060734788679,40.91902289378255
4380,3,0.706833379,0,0,0,0
4601,4,0.707526256,59.90719898644121,3.265910471093686e-4,0.6172835164891951,42.38694564013651
4127,3,0.708097808,0,0,0,0
4128,3,0.705444416,57.991941543722085,3.1614979890740843e-4,0.5975487121714146,41.03181780099691
4177,6,0.707792032,0,0,0,0
4178,3,0.707710951,65.41363349868864,3.5661001383824326e-4,0.6740217936335974,46.28298725601024
4236,5,0.706985244,0,0,0,0
4133,5,0.706787532,57.472939975161815,3.1332040162969783e-4,0.5922009222776357,40.664601645911965
4134,3,0.705352128,54.97420505298801,2.996982582397825e-4,0.5664539685620579,38.89663814390841
4137,3,0.707203184,54.34643130834808,2.9627587682188103e-4,0.5599853906414205,38.45246094920465
4138,3,0.706768857,0,0,0,0
4149,4,0.70452027,0,0,0,0
4150,5,0.704643767,21.26381768996311,1.159221696624396e-4,0.21910228452871489,15.045074711809384
4151,5,0.704644746,21.2825673002256,1.16024385338554e-4,0.21929548043090108,15.05834087554957
4152,4,0.706925154,0,0,0,0
4155,3,0.705731794,64.87579910537113,3.5367794723094363e-4,0.6684799503958422,45.90244605931525
4157,3,0.705375254,55.98357795541692,3.0520097174843264e-4,0.576854542536502,39.61081331934208
4158,5,0.704634651,21.088766296743277,1.1496785667874362e-4,0.21729855573816456,14.92121824690742
4162,5,0.704632097,21.039576234390818,1.1469969134564734e-4,0.21679170155070504,14.886414140986185
4171,4,0.705033228,40.14079904540238,2.1883222407062978e-4,0.4136106178998649,28.401359033230754
4172,3,0.707459473,59.029630460521396,3.218068804542852e-4,0.6082410542341559,41.76602778663986
4181,5,0.70463831,21.15912814632005,1.1535144246673934e-4,0.21802356392863706,14.971002311988233
4184,5,0.70701561,0,0,0,0
4185,4,0.706646928,59.21506824065427,3.228178160315092e-4,0.610151804310057,41.89723307146546
4192,5,0.704634333,21.08264504338814,1.1493448595574707e-4,0.21723548237035054,14.91688719425259
4196,3,0.707403106,0,0,0,0
4198,3,0.707687224,64.93387489999839,3.539945541646666e-4,0.6690783631298199,45.943537206815414
4200,3,0.707202302,54.33567824589716,2.9621725525410793e-4,0.5598745911329301,38.444852690409654
4203,4,0.707509195,0,0,0,0
4259,3,0.705488049,59.75819422963918,3.2577873038664443e-4,0.6157481721264385,42.281518301961036
4366,3,0.707689273,0,0,0,0
4217,6,0.707778584,0,0,0,0
4220,6,0.707735422,0,0,0,0
4223,4,0.706979144,0,0,0,0
4224,4,0.706964201,0,0,0,0
4244,3,0.706813667,0,0,0,0
4254,6,0.704915752,34.90925740920144,1.9031186775502523e-4,0.3597048357486304,24.699816068453703
4263,3,0.707673944,64.65543645303919,3.5247661466012564e-4,0.6662093345894659,45.746529910279065
4265,3,0.706585226,0,0,0,0
4289,3,0.707467913,58.91153396324482,3.2116306369506345e-4,0.607024188442443,41.682469384727504
4321,4,0.708210483,84.53343609174911,4.608438364011263e-4,0.8710321559757731,59.81107815115658
4326,3,0.70577658,65.63122587825902,3.577962439456297e-4,0.6762638645615481,46.4369433167275
4557,3,0.706564846,0,0,0,0
4291,3,0.707461551,59.07443200674497,3.2205112128244655e-4,0.6087026891706064,41.79772682676361
4292,5,0.707015098,0,0,0,0
4294,5,0.707012631,0,0,0,0
4295,3,0.70746279,59.101048549448855,3.221962244536708e-4,0.6089769459102807,41.81655918694412
4300,3,0.706788666,0,0,0,0
4309,6,0.704936679,35.84967699631161,1.954386742636384e-4,0.36939491506343974,25.36520377798057
4329,3,0.706569541,0,0,0,0
4330,4,0.707476204,59.09085757924449,3.221406671970069e-4,0.6088719381978418,41.80934863283074
4340,7,0.708939652,0,0,0,0
4344,3,0.706860371,0,0,0,0
4346,3,0.707091176,0,0,0,0
4575,4,0.706932412,0,0,0,0
4463,4,0.706848299,57.246684984636126,3.120869462934497e-4,0.5898695918442676,40.50451641164166
4464,3,0.707660477,64.0643891975564,3.492544519597308e-4,0.6601191862525643,45.328338302045616
4550,3,0.706780024,0,0,0,0
4770,4,0.704981193,38.46158053156785,2.096777694802427e-4,0.39630795767353477,27.21323898976278
4822,4,0.706930705,57.15167358868901,3.1156898064299896e-4,0.5888905948357434,40.437291721732265
4348,3,0.707219833,54.24656691483756,2.9573145449205513e-4,0.5589563883672166,38.38180255270587
4355,3,0.70710887,0,0,0,0
4371,3,0.706932096,57.1475626852725,3.115465695759807e-4,0.5888482361049093,40.434383078988226
4373,4,0.706653584,59.104513330607354,3.222151131102213e-4,0.6090126470001926,41.819010670123184
4374,3,0.706875904,57.661615171148554,3.143489863551299e-4,0.5941450306723436,40.79809754308689
4375,3,0.70697621,56.768635313447,3.094808030364551e-4,0.5849437701219914,40.16627550288936
4377,7,0.708945135,0,0,0,0
4386,3,0.706838689,0,0,0,0
4390,3,0.708184828,0,0,0,0
4391,3,0.707387497,0,0,0,0
4393,3,0.705814517,65.91394950283663,3.5933754459322397e-4,0.6791770475533507,46.636982562576165
3965,2,0.70731845,0,0,0,0
3967,1,0.707715348,0,0,0,0
3968,2,0.705451194,0,0,0,0
3985,2,0.707439735,0,0,0,0
3994,2,0.707706097,0,0,0,0
3996,2,0.706656232,0,0,0,0
3997,1,0.706983887,0,0,0,0
3999,2,0.707763604,0,0,0,0
4015,2,0.707014896,0,0,0,0
4016,2,0.707849923,0,0,0,0
4017,2,0.707811964,0,0,0,0
4018,1,0.70669558,0,0,0,0
4019,1,0.708146682,0,0,0,0
4020,2,0.707309687,0,0,0,0
4025,1,0.7077459,0,0,0,0
4026,1,0.70777853,0,0,0,0
4027,1,0.705189911,0,0,0,0
4028,1,0.708195573,0,0,0,0
4029,2,0.705241997,0,0,0,0
4030,1,0.704583442,0,0,0,0
4031,1,0.706909147,0,0,0,0
4032,1,0.704590224,0,0,0,0
4033,1,0.706753848,0,0,0,0
4034,1,0.707251273,0,0,0,0
4036,1,0.706664844,0,0,0,0
4039,2,0.704536527,0,0,0,0
4040,2,0.706624499,0,0,0,0
4043,1,0.706806976,0,0,0,0
4044,2,0.706660529,0,0,0,0
4045,2,0.707881463,0,0,0,0
4046,1,0.708206059,0,0,0,0
4047,1,0.706680674,0,0,0,0
4048,1,0.707834266,0,0,0,0
4049,2,0.707655589,0,0,0,0
4051,1,0.707657021,0,0,0,0
4052,2,0.707456428,0,0,0,0
4053,1,0.705053256,0,0,0,0
4055,1,0.704573274,0,0,0,0
4056,2,0.707489457,0,0,0,0
4057,1,0.706887059,0,0,0,0
4059,1,0.706676275,0,0,0,0
4060,2,0.706997963,0,0,0,0
4062,1,0.70676712,0,0,0,0
4063,1,0.706824329,0,0,0,0
4064,1,0.70771322,0,0,0,0
4065,1,0.707719138,0,0,0,0
4067,2,0.706753626,0,0,0,0
4068,2,0.707457331,0,0,0,0
4069,1,0.707674752,0,0,0,0
4072,1,0.707457772,0,0,0,0
4073,1,0.70454975,0,0,0,0
4074,1,0.706998945,0,0,0,0
4075,2,0.707683184,0,0,0,0
4077,2,0.70456665,0,0,0,0
4078,1,0.706756442,0,0,0,0
4080,2,0.706632113,0,0,0,0
4099,1,0.706997205,0,0,0,0
4100,1,0.706845548,0,0,0,0
4101,1,0.707658167,0,0,0,0
4102,1,0.706725001,0,0,0,0
4103,1,0.70680768,0,0,0,0
4104,1,0.707407768,0,0,0,0
4186,1,0.707734874,0,0,0,0
4187,1,0.705890637,0,0,0,0
4188,2,0.706822363,0,0,0,0
4189,1,0.706895237,0,0,0,0
4190,1,0.707864272,0,0,0,0
4191,1,0.707704738,0,0,0,0
4247,1,0.704600946,0,0,0,0
4248,1,0.704592615,0,0,0,0
4517,1,0.704630347,0,0,0,0
4518,1,0.704625517,0,0,0,0
4570,1,0.707108389,0,0,0,0
4572,2,0.706716112,0,0,0,0
4105,1,0.707547343,0,0,0,0
4106,1,0.706726753,0,0,0,0
4107,1,0.708173764,0,0,0,0
4331,1,0.707917656,0,0,0,0
4333,1,0.707427273,0,0,0,0
4334,1,0.704606917,0,0,0,0
4336,2,0.707119696,0,0,0,0
4337,1,0.708237757,0,0,0,0
4338,1,0.70753166,0,0,0,0
4420,2,0.707756794,0,0,0,0
4421,1,0.707445795,0,0,0,0
4422,2,0.707111841,0,0,0,0
4423,2,0.704603906,0,0,0,0
4424,1,0.704622515,0,0,0,0
4427,2,0.707080876,0,0,0,0
4659,2,0.705287834,0,0,0,0
4660,2,0.707012854,0,0,0,0
4662,2,0.707121105,0,0,0,0
4663,1,0.70712921,0,0,0,0
4664,2,0.706903179,0,0,0,0
4665,1,0.704647531,0,0,0,0
5107,1,0.708312758,0,0,0,0
4994,1,0.705359931,0,0,0,0
4996,2,0.707173222,0,0,0,0
5154,1,0.707916236,0,0,0,0
5155,2,0.705264748,0,0,0,0
5048,1,0.706808515,0,0,0,0
5050,1,0.707837722,0,0,0,0
5057,1,0.707605436,0,0,0,0
5059,1,0.704857636,0,0,0,0
5060,1,0.707141938,0,0,0,0
5061,2,0.704849395,0,0,0,0
5170,1,0.706119116,0,0,0,0
5171,1,0.707576718,0,0,0,0
5172,1,0.708240146,0,0,0,0
5177,1,0.706881599,0,0,0,0
5178,1,0.70678367,0,0,0,0
5179,2,0.708266384,0,0,0,0
5342,1,0.70785762,0,0,0,0
5662,1,0.706936351,0,0,0,0
5663,2,0.706748639,0,0,0,0
5666,2,0.707810696,0,0,0,0
5667,1,0.70488624,0,0,0,0
5668,1,0.706834049,0,0,0,0
5669,1,0.706855897,0,0,0,0
4108,1,0.707769606,0,0,0,0
4109,1,0.70743473,0,0,0,0
4110,2,0.707688063,0,0,0,0
4111,1,0.706987941,0,0,0,0
4112,1,0.705325434,0,0,0,0
4113,1,0.706812754,0,0,0,0
4114,1,0.707437955,0,0,0,0
4115,1,0.707031015,0,0,0,0
4548,1,0.705867839,0,0,0,0
4603,2,0.705078212,0,0,0,0
4605,1,0.704820449,0,0,0,0
4606,1,0.704799549,0,0,0,0
4609,1,0.706932578,0,0,0,0
4809,1,0.707369959,0,0,0,0
4816,1,0.706867007,0,0,0,0
4817,2,0.707273556,0,0,0,0
4818,1,0.708281732,0,0,0,0
4855,1,0.707733391,0,0,0,0
4856,1,0.705529198,0,0,0,0
4857,2,0.707088782,0,0,0,0
5186,1,0.70594342,0,0,0,0
5187,1,0.707340236,0,0,0,0
5189,1,0.706776269,0,0,0,0
5190,1,0.707383342,0,0,0,0
5191,1,0.705534869,0,0,0,0
5193,1,0.708170628,0,0,0,0
5742,2,0.708301626,0,0,0,0
5744,2,0.707210371,0,0,0,0
5746,1,0.705433897,0,0,0,0
5747,1,0.708319452,0,0,0,0
5749,1,0.706851365,0,0,0,0
6124,1,0.707632224,0,0,0,0
6131,1,0.706899489,0,0,0,0
6132,1,0.704979782,0,0,0,0
6133,2,0.707761866,0,0,0,0
6135,1,0.70770937,0,0,0,0
6136,1,0.70726694,0,0,0,0
6137,1,0.70773411,0,0,0,0
7749,1,0.707113534,0,0,0,0
7751,1,0.706147235,0,0,0,0
7752,1,0.708151672,0,0,0,0
7753,1,0.707410852,0,0,0,0
7754,2,0.707238474,0,0,0,0
7755,1,0.705258321,0,0,0,0
4116,1,0.70459708,0,0,0,0
4211,2,0.707097419,0,0,0,0
4212,1,0.708139498,0,0,0,0
4213,2,0.70683562,0,0,0,0
4214,1,0.706221721,0,0,0,0
4215,2,0.706664171,0,0,0,0
4276,1,0.707495038,0,0,0,0
4277,1,0.705416612,0,0,0,0
4278,1,0.704584028,0,0,0,0
4320,1,0.706745591,0,0,0,0
4429,2,0.70768793,0,0,0,0
4431,2,0.705013045,0,0,0,0
4117,1,0.70684189100000006,0,0,0,0
4118,1,0.706977092,0,0,0,0
4119,2,0.706789784,0,0,0,0
4226,2,0.70818319,0,0,0,0
4227,1,0.707292462,0,0,0,0
4228,1,0.704607025,0,0,0,0
4229,1,0.706792312,0,0,0,0
4230,1,0.70679171,0,0,0,0
4232,2,0.704548017,0,0,0,0
4233,2,0.707720929,0,0,0,0
4453,1,0.707512505,0,0,0,0
4454,2,0.706968012,0,0,0,0
4456,1,0.704609579,0,0,0,0
4457,1,0.70483348,0,0,0,0
4458,1,0.707690598,0,0,0,0
4378,1,0.70781294,0,0,0,0
4379,2,0.707496907,0,0,0,0
4600,1,0.707958935,0,0,0,0
4602,1,0.707793441,0,0,0,0
4120,2,0.707121027,0,0,0,0
4121,1,0.707001322,0,0,0,0
4122,2,0.707066184,0,0,0,0
4126,1,0.707101214,0,0,0,0
4174,1,0.707032378,0,0,0,0
4175,1,0.707009612,0,0,0,0
4176,1,0.707881466,0,0,0,0
4179,1,0.704585615,0,0,0,0
4234,1,0.705150905,0,0,0,0
4235,2,0.707282052,0,0,0,0
4132,2,0.706733744,0,0,0,0
4135,2,0.707771678,0,0,0,0
4136,2,0.707029395,0,0,0,0
4139,1,0.707551115,0,0,0,0
4140,2,0.707447442,0,0,0,0
4141,1,0.706783378,0,0,0,0
4142,1,0.706755498,0,0,0,0
4143,2,0.70769184,0,0,0,0
4144,1,0.704601159,0,0,0,0
4145,1,0.706801879,0,0,0,0
4146,1,0.708228791,0,0,0,0
4147,1,0.706810952,0,0,0,0
4148,2,0.706813043,0,0,0,0
4153,2,0.706798271,0,0,0,0
4154,1,0.707693043,0,0,0,0
4156,1,0.707445968,0,0,0,0
4159,1,0.707724994,0,0,0,0
4160,2,0.706858313,0,0,0,0
4161,1,0.70461088,0,0,0,0
4163,1,0.707721644,0,0,0,0
4164,1,0.707846749,0,0,0,0
4173,2,0.70681533,0,0,0,0
4180,1,0.707145978,0,0,0,0
4182,1,0.707147722,0,0,0,0
4183,2,0.706802527,0,0,0,0
4193,1,0.707037236,0,0,0,0
4194,1,0.707340989,0,0,0,0
4195,1,0.707655832,0,0,0,0
4197,1,0.707033879,0,0,0,0
4199,1,0.705482998,0,0,0,0
4201,1,0.707699927,0,0,0,0
4202,1,0.708222025,0,0,0,0
4255,1,0.707498163,0,0,0,0
4256,1,0.705670763,0,0,0,0
4257,2,0.708227844,0,0,0,0
4258,1,0.707541799,0,0,0,0
4260,2,0.707078279,0,0,0,0
4306,1,0.707073204,0,0,0,0
4307,1,0.707076449,0,0,0,0
4316,1,0.707046359,0,0,0,0
4317,2,0.707435006,0,0,0,0
4360,2,0.707865338,0,0,0,0
4361,1,0.707257878,0,0,0,0
4362,1,0.707809342,0,0,0,0
4367,1,0.707077195,0,0,0,0
4368,2,0.704568612,0,0,0,0
4216,2,0.706928637,0,0,0,0
4218,2,0.707494063,0,0,0,0
4219,1,0.707763374,0,0,0,0
4221,2,0.707886873,0,0,0,0
4222,1,0.707732467,0,0,0,0
4240,1,0.707660939,0,0,0,0
4241,1,0.706677195,0,0,0,0
4242,2,0.706796522,0,0,0,0
4243,1,0.708171506,0,0,0,0
4245,1,0.706739245,0,0,0,0
4249,1,0.707706916,0,0,0,0
4250,1,0.707686101,0,0,0,0
4251,2,0.706741697,0,0,0,0
4252,2,0.706647517,0,0,0,0
4253,1,0.707694878,0,0,0,0
4261,1,0.70697479,0,0,0,0
4262,1,0.707114055,0,0,0,0
4264,2,0.706737976,0,0,0,0
4266,2,0.70457463,0,0,0,0
4486,1,0.705426488,0,0,0,0
4487,1,0.707099147,0,0,0,0
4488,1,0.706767989,0,0,0,0
4576,1,0.705338108,0,0,0,0
4577,1,0.707568545,0,0,0,0
4578,1,0.70622986,0,0,0,0
4705,1,0.707107767,0,0,0,0
4706,1,0.706970084,0,0,0,0
4707,1,0.707119705,0,0,0,0
4708,1,0.706971444,0,0,0,0
4709,2,0.707579168,0,0,0,0
4710,1,0.707753103,0,0,0,0
5117,1,0.707221688,0,0,0,0
5118,1,0.707594257,0,0,0,0
5119,1,0.707158249,0,0,0,0
4267,1,0.706686536,0,0,0,0
4268,1,0.707552049,0,0,0,0
4269,1,0.706303331,0,0,0,0
4270,2,0.707771707,0,0,0,0
4271,1,0.707834975,0,0,0,0
4272,1,0.705410366,0,0,0,0
4279,1,0.707049882,0,0,0,0
4280,2,0.704554228,0,0,0,0
4281,1,0.706892053,0,0,0,0
4285,2,0.708223132,0,0,0,0
4286,1,0.706715215,0,0,0,0
4287,1,0.706734062,0,0,0,0
4288,1,0.70773163,0,0,0,0
4290,1,0.7070197,0,0,0,0
4322,1,0.707001956,0,0,0,0
4323,2,0.704586608,0,0,0,0
4324,2,0.707685679,0,0,0,0
4325,2,0.707513865,0,0,0,0
4555,2,0.707794453,0,0,0,0
4556,1,0.707379758,0,0,0,0
4293,1,0.706736081,0,0,0,0
4296,2,0.708161003,0,0,0,0
4297,2,0.706850318,0,0,0,0
4298,2,0.70692848,0,0,0,0
4299,2,0.707432736,0,0,0,0
4301,2,0.707741134,0,0,0,0
4302,1,0.706381251,0,0,0,0
4303,1,0.707536627,0,0,0,0
4304,1,0.704614059,0,0,0,0
4305,2,0.704560942,0,0,0,0
4310,2,0.708201683,0,0,0,0
4311,1,0.707685145,0,0,0,0
4327,1,0.706888684,0,0,0,0
4328,2,0.708180891,0,0,0,0
4339,1,0.705426111,0,0,0,0
4341,1,0.705406425,0,0,0,0
4342,1,0.704596826,0,0,0,0
4343,1,0.706874687,0,0,0,0
4345,1,0.707544315,0,0,0,0
4347,2,0.705424951,0,0,0,0
4573,1,0.707054081,0,0,0,0
4574,1,0.707660357,0,0,0,0
4462,2,0.706843716,0,0,0,0
4801,1,0.707921794,0,0,0,0
4802,1,0.707070122,0,0,0,0
4803,2,0.707808891,0,0,0,0
4549,2,0.70752758,0,0,0,0
4551,1,0.706854643,0,0,0,0
4768,2,0.707137868,0,0,0,0
4769,1,0.706761057,0,0,0,0
4823,1,0.70688725,0,0,0,0
4824,2,0.706873163,0,0,0,0
4645,2,0.70581184,0,0,0,0
4646,1,0.705299505,0,0,0,0
4647,1,0.707870068,0,0,0,0
4780,2,0.707525452,0,0,0,0
4781,1,0.706968095,0,0,0,0
4782,1,0.705487176,0,0,0,0
5009,2,0.707829958,0,0,0,0
5010,1,0.707627947,0,0,0,0
5011,2,0.70758953,0,0,0,0
4349,1,0.707843555,0,0,0,0
4350,1,0.704622014,0,0,0,0
4351,1,0.706821778,0,0,0,0
4352,1,0.707487291,0,0,0,0
4353,2,0.707550588,0,0,0,0
4354,1,0.707040115,0,0,0,0
4356,2,0.707086341,0,0,0,0
4357,2,0.704565647,0,0,0,0
4358,2,0.707135467,0,0,0,0
4359,1,0.70598013,0,0,0,0
4369,1,0.7068362,0,0,0,0
4370,2,0.706753423,0,0,0,0
4372,1,0.704623163,0,0,0,0
4376,2,0.706749355,0,0,0,0
4381,1,0.706772104,0,0,0,0
4382,2,0.707945513,0,0,0,0
4383,1,0.707613878,0,0,0,0
4384,1,0.707053358,0,0,0,0
4385,1,0.707673715,0,0,0,0
4387,1,0.707477781,0,0,0,0
4388,1,0.704625623,0,0,0,0
4389,1,0.704629603,0,0,0,0
4392,1,0.707915223,0,0,0,0
4394,1,0.707465593,0,0,0,0
4396,4,0.706783584,57.510764870009304,3.1352660843328813e-4,0.5925906698288035,40.69136440212274
4405,3,0.706857528,0,0,0,0
4410,4,0.706868617,0,0,0,0
4412,3,0.705826272,65.68391797843296,3.580835010442982e-4,0.676806803731412,46.474225266535285
4413,3,0.706845417,0,0,0,0
4415,4,0.707491212,59.11366475617922,3.2226500316868885e-4,0.6091069432492823,41.82548570125145
4419,4,0.706958693,0,0,0,0
4428,3,0.706797171,0,0,0,0
4529,7,0.708944997,0,0,0,0
4619,5,0.707907056,0,0,0,0
4620,7,0.708939874,0,0,0,0
4811,4,0.707558666,60.9488193004135,3.3226956112414655e-4,0.6280163676512218,43.12393726005848
4813,3,0.706805141,0,0,0,0
4461,5,0.707866043,0,0,0,0
4466,7,0.708946482,0,0,0,0
4470,5,0.707854549,0,0,0,0
4472,3,0.705836359,65.7366053712875,3.583707324804687e-4,0.6773496943970774,46.51150388571011
4476,3,0.706802908,0,0,0,0
4478,3,0.706563584,0,0,0,0
4480,6,0.707836112,0,0,0,0
4481,5,0.706851555,57.22004362962872,3.1194170785507353e-4,0.5895950794387262,40.48566649567857
5288,3,0.705045038,40.515135655910186,2.208729635421044e-4,0.4174677806982324,28.66621844627556
4527,3,0.707229749,54.08017430409213,2.948243458658129e-4,0.5572418796334332,38.26407255254039
4891,4,0.707577959,61.6748542813672,3.3622762507438015e-4,0.6354974289213158,43.6376385479035
5123,3,0.707751173,66.8057604259622,3.641993553294107e-4,0.6883662634069417,47.26797753078289
5125,3,0.707580605,61.73170187033372,3.3653753630241836e-4,0.6360831862295339,43.67786068654567
5268,3,0.706193517,63.19166915858903,3.444967173939036e-4,0.6511266827858893,44.71085096368517
5330,3,0.705052033,41.644810091471776,2.270315148188257e-4,0.4291079411442121,29.46551218227611
5332,3,0.706166019,63.59195226140601,0.00034667890717912073,0.6552511981275929,44.99406864714936
5333,5,0.706551839,58.90854089028412,3.211467466104918e-4,0.6069933478317392,41.68035165558929
5646,3,0.706534292,0,0,0,0
5647,3,0.707892506,0,0,0,0
5816,3,0.706751606,0,0,0,0
5822,3,0.70674995,0,0,0,0
4579,3,0.70724355,53.97306217105364,2.9424041164289797e-4,0.5561381966828145,38.18828606548516
4580,4,0.706918956,0,0,0,0
4688,3,0.707811945,68.17491307472726,3.716634498752757e-4,0.7024740063149597,48.23671250551253
4776,5,0.707944624,0,0,0,0
5051,3,0.705825779,65.6811322969744,3.5806831457856693e-4,0.6767781000818398,46.47225427589389
5052,3,0.70685204,0,0,0,0
4731,6,0.704976652,38.01369039995925,2.0723604445308677e-4,0.3916928997152627,26.89633726538832
5063,5,0.706906754,57.53589457197506,3.136636059196904e-4,0.5928496061680113,40.709144757892936
5183,3,0.705096473,43.719124104634325,2.3833987837202272e-4,0.45048166366857173,30.93317945439134
5185,3,0.70587246,65.85745599522362,3.590295636807732e-4,0.6785949386978515,46.59701095187283
4504,4,0.707505037,59.117206848274236,3.222843132947812e-4,0.6091434409507461,41.827991885276475
4509,3,0.707676999,0,0,0,0
4511,4,0.706905035,0,0,0,0
4514,3,0.707526036,59.90209903940206,3.265632441562695e-4,0.6172309666571967,42.3833372060656
4523,3,0.707737959,66.55017046269863,3.6280597698515213e-4,0.6857326655427118,47.087136528994954
4541,3,0.70680842,0,0,0,0
4542,7,0.708940788,0,0,0,0
4636,3,0.705340936,54.62334899807697,2.9778552574190705e-4,0.5628387493059209,38.64839224393915
4638,7,0.708942034,0,0,0,0
4695,3,0.707526378,59.91002601227797,3.266064589687754e-4,0.6173126461510596,42.38894588372148
4783,3,0.707602307,62.49001344616331,3.4067155985510343e-4,0.6438968253921409,44.21439906735446
4784,3,0.706833249,0,0,0,0
4553,3,0.707697314,0,0,0,0
4561,3,0.707813196,68.49779556190082,3.734236812224825e-4,0.7058009860514081,48.46516589114111
4562,3,0.706550036,0,0,0,0
4563,3,0.707233303,54.12954613923549,2.950935021543723e-4,0.5577506068069356,38.29900527060736
4591,3,0.707767425,0,0,0,0
4592,3,0.706917831,0,0,0,0
4595,3,0.707963032,0,0,0,0
4597,3,0.706568388,0,0,0,0
4765,3,0.707572631,61.55917944426549,3.3559701027661927e-4,0.6343055159054589,43.55579357576131
4889,3,0.70683056,0,0,0,0
4642,4,0.704992756,38.838551750005884,2.1173287182257785e-4,0.400192267460499,27.479962502365087
4654,3,0.705362212,55.285670331741976,3.013962473503983e-4,0.5696633054328579,39.11701335861879
4655,5,0.707936296,0,0,0,0
4656,3,0.706576673,0,0,0,0
4669,3,0.707647613,63.78155622402623,3.4771255518363254e-4,0.6572048765296326,45.12822168706293
4672,4,0.708250787,86.08496268903266,4.693021636906322e-4,0.8870190792521305,60.90885061675239
4678,3,0.707718999,0,0,0,0
4680,4,0.707535737,60.429308409122235,3.2943738721446446e-4,0.6226633296982492,42.756360737016486
4683,5,0.707846258,0,0,0,0
4686,7,0.708944795,0,0,0,0
4690,3,0.706817759,0,0,0,0
4701,3,0.706794734,0,0,0,0
4704,3,0.707741866,0,0,0,0
4713,4,0.70828211,86.89021666524329,4.7369209918635e-4,0.8953164127030685,61.47860278499962
4717,3,0.707621112,62.59576384836943,3.4124807044436583e-4,0.6449864770742152,44.28922207069246
4745,5,0.707954815,0,0,0,0
4751,4,0.704988684,38.70602623053681,2.110103935744809e-4,0.3988267250871868,27.386194940457578
4755,4,0.707823564,68.98895875803407,3.7610131438244797e-4,0.7108619294773865,48.81268518844039
4757,4,0.707548877,60.7305701094266,3.310797503331043e-4,0.6257675289413065,42.969516476732274
4761,7,0.708946966,0,0,0,0
5106,4,0.70507365,42.36013074369092,2.3093116836263568e-4,0.4364786020178596,29.971632617113034
5024,3,0.706838781,0,0,0,0
5100,3,0.706730082,58.67720432121051,3.1988558845910605e-4,0.604609656835226,41.516670983753535
5238,4,0.706879168,0,0,0,0
5259,3,0.706944582,0,0,0,0
4797,3,0.706073586,64.25485196566102,3.502927818419995e-4,0.6620817137825612,45.463098984145745
4799,3,0.706934765,0,0,0,0
4807,4,0.70782111,68.94361806882627,3.7585413435374407e-4,0.710394739213983,48.780604681235026
5144,4,0.707526041,0,0,0,0
5150,3,0.705443673,0,0,0,0
5152,3,0.707736559,66.52242687967505,3.6265472962283954e-4,0.6854467957845101,47.06750673882985
5780,3,0.705750537,65.083195442408993,3.5480859242928073e-4,0.6706169613461069,46.04918797702663
5781,3,0.707375284,57.895359129973684,3.156232686711078e-4,0.5965535274023333,40.963481547748394
5411,4,0.707476823,0,0,0,0
4827,7,0.70894675,0,0,0,0
4836,5,0.707965419,0,0,0,0
4847,4,0.704996054,38.94569984247499,2.1231700208250163e-4,0.40129632093693357,27.555774432279556
4849,3,0.705764849,65.22330738223187,3.5557242892829036e-4,0.6720606741615828,46.148323260887096
4854,3,0.706140205,63.91494209923799,3.484397237608993e-4,0.6585792840047565,45.22259798803207
4974,7,0.708952831,0,0,0,0
4975,3,0.706844398,57.27851628689272,3.122604783315139e-4,0.5901975814435781,40.52703844073386
5033,3,0.70720933,54.42081159236335,2.96681369571531e-4,0.5607518047627819,38.50508823121072
5038,4,0.70698024,56.76823638634711,3.094786282390772e-4,0.584939659578898,40.16599324463687
4860,4,0.706949125,56.79788901720976,3.0964028299721694e-4,0.5852452001576889,40.1869737690768
4863,3,0.707546742,60.68226420164754,3.308164050712652e-4,0.6252697850787065,42.935337948579225
4867,4,0.708343223,88.74533011624642,4.8380546543815744e-4,0.9144314935931097,62.7911761373567
4870,3,0.707743592,66.66051555240465,3.6340753604650335e-4,0.6868696608647008,47.165210473331484
4871,3,0.706940274,57.1232212994347,3.1141386968642885e-4,0.588597422571638,40.41716049112286
4876,6,0.704995054,38.91322895731659,2.1213998328402885e-4,0.40096174107819854,27.53279987050097
4395,2,0.707803802,0,0,0,0
4397,1,0.70728791,0,0,0,0
4398,1,0.707046219,0,0,0,0
4399,1,0.707683888,0,0,0,0
4400,2,0.707502567,0,0,0,0
4401,1,0.705846731,0,0,0,0
4402,1,0.707751299,0,0,0,0
4403,2,0.706668235,0,0,0,0
4404,2,0.707784587,0,0,0,0
4406,2,0.70459818,0,0,0,0
4407,1,0.707844556,0,0,0,0
4408,2,0.704573547,0,0,0,0
4409,1,0.707069138,0,0,0,0
4411,2,0.707484067,0,0,0,0
4414,1,0.707532332,0,0,0,0
4416,1,0.707151362,0,0,0,0
4417,2,0.707889342,0,0,0,0
4418,1,0.704621433,0,0,0,0
4432,2,0.707810894,0,0,0,0
4433,2,0.705049731,0,0,0,0
4434,2,0.707484642,0,0,0,0
4528,2,0.707641773,0,0,0,0
4530,1,0.707667326,0,0,0,0
4588,2,0.704627385,0,0,0,0
4589,1,0.707392443,0,0,0,0
4590,1,0.707790417,0,0,0,0
4534,1,0.707533461,0,0,0,0
4535,1,0.706708429,0,0,0,0
4536,1,0.707776582,0,0,0,0
4585,1,0.70770478,0,0,0,0
4586,2,0.707511537,0,0,0,0
4587,2,0.707566627,0,0,0,0
4618,2,0.704758096,0,0,0,0
4810,2,0.70571789,0,0,0,0
4812,2,0.706799735,0,0,0,0
4814,1,0.707269161,0,0,0,0
4815,1,0.70677118,0,0,0,0
4435,1,0.706791319,0,0,0,0
4436,1,0.707442161,0,0,0,0
4437,1,0.70749374,0,0,0,0
4447,1,0.705228526,0,0,0,0
4448,1,0.704580427,0,0,0,0
4449,2,0.707561799,0,0,0,0
4450,1,0.706892312,0,0,0,0
4451,2,0.70710543,0,0,0,0
4452,1,0.707155648,0,0,0,0
4459,1,0.707494746,0,0,0,0
4460,2,0.70749241,0,0,0,0
4465,1,0.704646691,0,0,0,0
4467,1,0.706634338,0,0,0,0
4468,1,0.707764619,0,0,0,0
4469,1,0.707650021,0,0,0,0
4471,1,0.705377164,0,0,0,0
4473,1,0.70755846,0,0,0,0
4474,1,0.707693694,0,0,0,0
4475,1,0.705416352,0,0,0,0
4477,1,0.704953294,0,0,0,0
4479,2,0.704572495,0,0,0,0
4482,1,0.706803635,0,0,0,0
4483,1,0.707667792,0,0,0,0
4484,2,0.70463012,0,0,0,0
4485,1,0.706833188,0,0,0,0
4489,1,0.705127903,0,0,0,0
4490,1,0.708224607,0,0,0,0
4491,1,0.705093551,0,0,0,0
5289,1,0.707805509,0,0,0,0
5290,1,0.707579126,0,0,0,0
4526,2,0.706979666,0,0,0,0
4531,1,0.707886447,0,0,0,0
4532,1,0.706785636,0,0,0,0
4533,1,0.707624788,0,0,0,0
4537,2,0.705487785,0,0,0,0
4538,1,0.707764002,0,0,0,0
4539,1,0.707465687,0,0,0,0
4892,1,0.705036393,0,0,0,0
4893,2,0.706004391,0,0,0,0
5124,1,0.708130962,0,0,0,0
4612,1,0.706955896,0,0,0,0
4613,2,0.706890461,0,0,0,0
4727,1,0.707444351,0,0,0,0
4728,2,0.704842986,0,0,0,0
4732,1,0.707649486,0,0,0,0
4733,1,0.706944212,0,0,0,0
4734,1,0.707665935,0,0,0,0
4735,2,0.707532241,0,0,0,0
4736,1,0.706828528,0,0,0,0
4737,1,0.706903831,0,0,0,0
5266,1,0.706883136,0,0,0,0
5267,1,0.706799193,0,0,0,0
5269,2,0.707262507,0,0,0,0
5331,1,0.70719594,0,0,0,0
5648,1,0.708173374,0,0,0,0
5649,1,0.70756593,0,0,0,0
5650,1,0.706969738,0,0,0,0
5651,1,0.707665261,0,0,0,0
5652,2,0.706806245,0,0,0,0
5653,1,0.706839558,0,0,0,0
5701,2,0.706937197,0,0,0,0
5702,1,0.70506468,0,0,0,0
5703,1,0.706469322,0,0,0,0
5704,2,0.706939907,0,0,0,0
5705,2,0.707876785,0,0,0,0
5706,2,0.706646418,0,0,0,0
5707,2,0.706771512,0,0,0,0
5708,1,0.70696247,0,0,0,0
5817,1,0.708112073,0,0,0,0
5818,1,0.707722641,0,0,0,0
5823,2,0.706849287,0,0,0,0
5824,1,0.707829843,0,0,0,0
5825,1,0.706857561,0,0,0,0
5826,1,0.706897865,0,0,0,0
4564,1,0.706909759,0,0,0,0
4565,1,0.707505544,0,0,0,0
4566,1,0.70708489,0,0,0,0
4567,2,0.707391275,0,0,0,0
4568,2,0.707183202,0,0,0,0
4569,1,0.706882284,0,0,0,0
4581,1,0.706688779,0,0,0,0
4621,1,0.706709511,0,0,0,0
4622,2,0.707790338,0,0,0,0
4623,1,0.707668412,0,0,0,0
4624,1,0.706878609,0,0,0,0
4625,2,0.70754837,0,0,0,0
4626,2,0.708079063,0,0,0,0
4687,1,0.704649899,0,0,0,0
4689,1,0.706724535,0,0,0,0
4774,2,0.707595066,0,0,0,0
4775,1,0.707772651,0,0,0,0
5053,1,0.708326645,0,0,0,0
5054,1,0.708190011,0,0,0,0
5055,1,0.707539098,0,0,0,0
5056,1,0.708240931,0,0,0,0
5114,2,0.706091801,0,0,0,0
5115,1,0.707166498,0,0,0,0
5116,1,0.707582359,0,0,0,0
4729,1,0.704797058,0,0,0,0
4730,1,0.704798928,0,0,0,0
5064,1,0.707776982,0,0,0,0
5065,2,0.705601351,0,0,0,0
5120,2,0.705057418,0,0,0,0
5121,1,0.707650582,0,0,0,0
5122,1,0.705674521,0,0,0,0
5180,2,0.707570121,0,0,0,0
5181,1,0.708239484,0,0,0,0
5182,2,0.707354562,0,0,0,0
5184,1,0.707680073,0,0,0,0
4505,1,0.707866418,0,0,0,0
4506,1,0.706814654,0,0,0,0
4507,2,0.70487456,0,0,0,0
4508,1,0.707691433,0,0,0,0
4510,1,0.706846955,0,0,0,0
4512,2,0.705438629,0,0,0,0
4513,1,0.707831661,0,0,0,0
4515,1,0.704628963,0,0,0,0
4519,1,0.708196455,0,0,0,0
4520,1,0.706725484,0,0,0,0
4521,1,0.707694014,0,0,0,0
4522,1,0.70763221,0,0,0,0
4524,2,0.705232271,0,0,0,0
4525,1,0.706769585,0,0,0,0
4540,1,0.707936009,0,0,0,0
4543,2,0.707944286,0,0,0,0
4544,1,0.707670512,0,0,0,0
4545,1,0.707768841,0,0,0,0
4546,1,0.708045816,0,0,0,0
4547,1,0.707736956,0,0,0,0
4610,1,0.704724058,0,0,0,0
4611,2,0.707820256,0,0,0,0
4637,1,0.707837407,0,0,0,0
4639,1,0.704640208,0,0,0,0
4640,2,0.704896003,0,0,0,0
4641,1,0.70636569,0,0,0,0
4693,1,0.707525945,0,0,0,0
4694,1,0.70576101,0,0,0,0
4785,1,0.706740373,0,0,0,0
4552,1,0.708066509,0,0,0,0
4554,2,0.707774588,0,0,0,0
4558,1,0.707494101,0,0,0,0
4559,2,0.704623964,0,0,0,0
4560,2,0.706357266,0,0,0,0
4582,2,0.707124297,0,0,0,0
4583,2,0.706796987,0,0,0,0
4584,1,0.70463295,0,0,0,0
4593,1,0.707186825,0,0,0,0
4594,1,0.704721934,0,0,0,0
4596,1,0.704981192,0,0,0,0
4598,1,0.704805347,0,0,0,0
4599,2,0.707627293,0,0,0,0
4766,1,0.707571262,0,0,0,0
4767,2,0.707726308,0,0,0,0
5072,1,0.70800455,0,0,0,0
5073,1,0.70772541,0,0,0,0
5074,1,0.706793678,0,0,0,0
4651,1,0.70769786,0,0,0,0
4652,1,0.707779005,0,0,0,0
4653,1,0.707501984,0,0,0,0
4762,2,0.706915382,0,0,0,0
4763,1,0.707114909,0,0,0,0
4764,1,0.707735294,0,0,0,0
4771,2,0.707445226,0,0,0,0
4772,1,0.707730405,0,0,0,0
4773,1,0.706769673,0,0,0,0
4828,2,0.707220338,0,0,0,0
4829,1,0.707845346,0,0,0,0
4830,2,0.707919528,0,0,0,0
4888,1,0.707558075,0,0,0,0
4890,1,0.704787466,0,0,0,0
4614,1,0.704709185,0,0,0,0
4615,1,0.707099418,0,0,0,0
4616,1,0.705960124,0,0,0,0
4617,1,0.707930363,0,0,0,0
4627,1,0.70711032,0,0,0,0
4628,1,0.707825911,0,0,0,0
4629,1,0.708216815,0,0,0,0
4630,1,0.708196776,0,0,0,0
4631,1,0.707609572,0,0,0,0
4632,2,0.707006608,0,0,0,0
4633,1,0.706877104,0,0,0,0
4634,2,0.707634201,0,0,0,0
4635,1,0.706897247,0,0,0,0
4643,1,0.706695355,0,0,0,0
4644,2,0.708187803,0,0,0,0
4648,1,0.707470646,0,0,0,0
4649,2,0.705687884,0,0,0,0
4650,1,0.707332467,0,0,0,0
4657,2,0.707947396,0,0,0,0
4658,1,0.705473756,0,0,0,0
4667,2,0.705045182,0,0,0,0
4668,1,0.704630862,0,0,0,0
4670,2,0.707814068,0,0,0,0
4671,2,0.705639307,0,0,0,0
4673,1,0.707436317,0,0,0,0
4674,1,0.707906108,0,0,0,0
4675,2,0.704640135,0,0,0,0
4676,2,0.705442999,0,0,0,0
4677,1,0.707540802,0,0,0,0
4679,2,0.707833695,0,0,0,0
4681,2,0.706031538,0,0,0,0
4682,1,0.706785787,0,0,0,0
4684,1,0.707688661,0,0,0,0
4685,2,0.705715842,0,0,0,0
4691,1,0.704932808,0,0,0,0
4692,1,0.707127539,0,0,0,0
4696,2,0.707413053,0,0,0,0
4697,2,0.707932463,0,0,0,0
4698,1,0.707521434,0,0,0,0
4699,1,0.707572846,0,0,0,0
4700,1,0.70753171,0,0,0,0
4702,1,0.707891384,0,0,0,0
4703,1,0.706733951,0,0,0,0
4711,1,0.707531631,0,0,0,0
4712,2,0.707663975,0,0,0,0
4714,1,0.707800921,0,0,0,0
4715,1,0.70579669,0,0,0,0
4716,1,0.707627078,0,0,0,0
4718,1,0.705603856,0,0,0,0
4719,2,0.706965111,0,0,0,0
4720,2,0.704836071,0,0,0,0
4721,2,0.707633529,0,0,0,0
4722,2,0.707666433,0,0,0,0
4723,2,0.706722264,0,0,0,0
4724,1,0.70666528,0,0,0,0
4725,2,0.704864104,0,0,0,0
4726,1,0.706736376,0,0,0,0
4738,1,0.707670545,0,0,0,0
4739,1,0.70767383,0,0,0,0
4740,1,0.707530334,0,0,0,0
4741,1,0.706898729,0,0,0,0
4742,2,0.707648676,0,0,0,0
4743,1,0.707542883,0,0,0,0
4744,1,0.705740887,0,0,0,0
4746,2,0.707633012,0,0,0,0
4747,2,0.707203844,0,0,0,0
4748,1,0.70693168,0,0,0,0
4749,1,0.707613683,0,0,0,0
4750,1,0.707533392,0,0,0,0
4752,1,0.706069625,0,0,0,0
4753,2,0.706728701,0,0,0,0
4754,1,0.707044823,0,0,0,0
4756,1,0.708218085,0,0,0,0
4758,1,0.706538074,0,0,0,0
4759,1,0.707858675,0,0,0,0
4760,1,0.707015096,0,0,0,0
4777,1,0.70711369,0,0,0,0
4778,1,0.707113767,0,0,0,0
4779,2,0.705889102,0,0,0,0
5039,1,0.708005236,0,0,0,0
5040,1,0.706742015,0,0,0,0
5041,1,0.706811009,0,0,0,0
5105,1,0.70822911,0,0,0,0
5223,2,0.707178657,0,0,0,0
5224,2,0.705556028,0,0,0,0
5678,1,0.707722677,0,0,0,0
5679,1,0.707808587,0,0,0,0
5680,1,0.706935647,0,0,0,0
5681,2,0.705391404,0,0,0,0
5682,2,0.705291424,0,0,0,0
5683,1,0.707750948,0,0,0,0
4786,1,0.706862502,0,0,0,0
4787,2,0.705017361,0,0,0,0
4788,2,0.707151534,0,0,0,0
4840,2,0.706934831,0,0,0,0
4841,1,0.706915996,0,0,0,0
4842,1,0.705173234,0,0,0,0
4843,2,0.706947759,0,0,0,0
4844,2,0.706731297,0,0,0,0
4845,2,0.706893705,0,0,0,0
5025,2,0.707578077,0,0,0,0
5026,1,0.705048754,0,0,0,0
5099,2,0.708243829,0,0,0,0
5101,2,0.707208571,0,0,0,0
5174,1,0.706776696,0,0,0,0
5175,1,0.707229735,0,0,0,0
5176,1,0.707433546,0,0,0,0
5237,1,0.704848864,0,0,0,0
5239,1,0.704849484,0,0,0,0
5258,2,0.706766289,0,0,0,0
5260,1,0.708013853,0,0,0,0
4789,2,0.707178742,0,0,0,0
4790,2,0.706715802,0,0,0,0
4791,2,0.707158637,0,0,0,0
4792,1,0.704937768,0,0,0,0
4793,1,0.704644311,0,0,0,0
4794,1,0.70754706,0,0,0,0
4795,1,0.707881999,0,0,0,0
4796,1,0.707001497,0,0,0,0
4798,2,0.707055677,0,0,0,0
4800,1,0.707871671,0,0,0,0
4804,1,0.705510636,0,0,0,0
4805,1,0.707890854,0,0,0,0
4806,1,0.707538242,0,0,0,0
5145,1,0.706588692,0,0,0,0
5146,1,0.707784962,0,0,0,0
5147,1,0.704790319,0,0,0,0
5148,1,0.705435699,0,0,0,0
5149,2,0.708236482,0,0,0,0
5151,2,0.706771034,0,0,0,0
5782,2,0.705461119,0,0,0,0
5412,2,0.705587486,0,0,0,0
5413,1,0.704782344,0,0,0,0
5414,1,0.706806512,0,0,0,0
5415,2,0.707889938,0,0,0,0
5416,1,0.706809168,0,0,0,0
4819,1,0.70754681,0,0,0,0
4820,1,0.708105017,0,0,0,0
4821,1,0.707064162,0,0,0,0
4825,1,0.707685211,0,0,0,0
4826,2,0.70710211,0,0,0,0
4831,1,0.707482339,0,0,0,0
4832,1,0.706889955,0,0,0,0
4833,1,0.706933711,0,0,0,0
4834,1,0.706798797,0,0,0,0
4835,1,0.707707695,0,0,0,0
4837,1,0.707540669,0,0,0,0
4838,1,0.707562375,0,0,0,0
4839,2,0.707549486,0,0,0,0
4846,1,0.707034309,0,0,0,0
4848,1,0.704844135,0,0,0,0
4850,1,0.707957493,0,0,0,0
4851,1,0.707785577,0,0,0,0
4852,2,0.705055883,0,0,0,0
4853,1,0.706742574,0,0,0,0
4973,2,0.707717817,0,0,0,0
5034,1,0.707882074,0,0,0,0
5035,2,0.708295245,0,0,0,0
5036,1,0.705354221,0,0,0,0
5037,1,0.705341067,0,0,0,0
5234,2,0.705421532,0,0,0,0
5235,1,0.707838398,0,0,0,0
5236,1,0.704732266,0,0,0,0
4858,1,0.705759422,0,0,0,0
4859,2,0.707574156,0,0,0,0
4861,1,0.707074481,0,0,0,0
4862,2,0.70626175,0,0,0,0
4864,1,0.704844596,0,0,0,0
4865,2,0.708280189,0,0,0,0
4866,1,0.70772206,0,0,0,0
4868,1,0.704674311,0,0,0,0
4869,1,0.70724685,0,0,0,0
4872,2,0.706930342,0,0,0,0
4873,1,0.707429367,0,0,0,0
4874,1,0.707819913,0,0,0,0
4875,1,0.704667442,0,0,0,0
4877,1,0.706879713,0,0,0,0
4878,2,0.707443593,0,0,0,0
4879,1,0.708285824,0,0,0,0
4882,5,0.706892379,57.58556455063526,3.1393438757222944e-4,0.593361405411008,40.74428842544937
4884,3,0.706816518,0,0,0,0
4895,3,0.707679884,64.78133911293791,3.5316298762073575e-4,0.6675066350467151,45.83561151134481
4896,4,0.708326299,88.18337824696471,4.8074191961196516e-4,0.908641143988442,62.39357077875851
4972,4,0.708383549,89.96085161743667,4.904320219551384e-4,0.9269562218280714,63.65121040146959
4976,3,0.706951675,0,0,0,0
4977,3,0.706960953,0,0,0,0
4978,5,0.707897539,0,0,0,0
4987,3,0.706590389,0,0,0,0
4999,3,0.707567913,61.45541064648005,3.3503130263380827e-4,0.6332362826666732,43.48237264363144
5001,4,0.708122922,0,0,0,0
5002,3,0.705504558,0,0,0,0
5008,3,0.707567188,61.4393540476221,3.3494376822187195e-4,0.6330708355422278,43.47101190244387
5016,3,0.707580266,61.72444096048907,3.364979526098196e-4,0.6360083698462335,43.672723277418044
5017,7,0.708953486,0,0,0,0
5020,3,0.708278675,0,0,0,0
5022,3,0.706845799,57.26709551769342,3.121982166829191e-4,0.5900799018876711,40.518957750409335
5023,4,0.708114016,0,0,0,0
5029,7,0.70895413,0,0,0,0
5031,3,0.705412873,57.105219310466296,3.1131572975455566e-4,0.5884119301559981,40.40442330192476
5042,3,0.706953905,0,0,0,0
5043,5,0.707934902,0,0,0,0
5046,3,0.708223738,0,0,0,0
5070,3,0.70686346,0,0,0,0
5075,3,0.707598547,61.810904055281206,3.3696931620455e-4,0.6368992851970231,43.73389967292373
5084,3,0.708231567,0,0,0,0
5086,3,0.705128188,45.08076067450856,2.4576299814162313e-4,0.46451196093255315,31.8965964768087
5094,3,0.707611793,62.696105096066155,3.417950924001236e-4,0.6460203928518694,44.36021786224244
5097,4,0.706948934,56.79835036738892,3.096427981012552e-4,0.5852499539079181,40.18730019436951
5098,3,0.705413033,57.10984438628715,3.1134094389210256e-4,0.588459586917039,40.407695743980426
5103,3,0.708240216,0,0,0,0
5108,3,0.707238606,53.90270793412958,2.938568673561619e-4,0.5554132669330822,38.138507386686825
5109,3,0.706216102,62.82049716894232,3.4247323022028656e-4,0.6473021282270413,44.44823065737011
5112,3,0.706936708,0,0,0,0
5131,3,0.705415866,57.191526719171904,3.117862446085191e-4,0.5893012413180327,40.465489542761254
5132,4,0.707614827,62.76090812484181,3.421483736314576e-4,0.646688122977106,44.406068820132354
5137,4,0.707781674,67.35183307296685,3.671763337326807e-4,0.693992993574678,47.654347649829695
5143,4,0.706862956,0,0,0,0
5157,3,0.706809964,57.86686701903893,3.1546794062202563e-4,0.5962599448158066,40.94332214157022
5161,7,0.70895566,0,0,0,0
5168,4,0.707576404,0,0,0,0
5169,3,0.708248974,0,0,0,0
5208,6,0.705059446,41.89115474876423,2.28374491304726e-4,0.4316462754161287,29.63981172847517
5300,3,0.705965824,65.49036930332021,3.570283479818756e-4,0.6748124790290926,46.337281171175704
5301,3,0.705517137,60.4947769482378,3.297942965526445e-4,0.623337917239119,42.802682572381514
5305,4,0.708422392,90.8611102007922,4.953398860913638e-4,0.9362324823357451,64.28818245625375
5369,3,0.708258333,0,0,0,0
5370,4,0.706897612,0,0,0,0
5371,7,0.708974933,0,0,0,0
5503,3,0.705594283,62.875495002412464,3.427730572915844e-4,0.6478688256627104,44.48714401364557
5614,4,0.706411463,60.64419936953217,3.306088902218159e-4,0.6248775652149792,42.9084054263286
5194,4,0.705085495,43.051024446098154,2.346976555549599e-4,0.4435975677074206,30.460469923856024
5195,5,0.707957807,0,0,0,0
5197,4,0.708407267,90.0217421621686,4.9076397382569e-4,0.9275836377348234,63.694293106941
5201,3,0.707616036,62.78657983042073,3.4228832591345296e-4,0.6469526441191746,44.42423266700341
5202,4,0.706872205,0,0,0,0
5212,3,0.705067857,42.169358020050815,2.2989114872179706e-4,0.4345128807073801,29.83665262800715
5214,5,0.708045922,0,0,0,0
5216,3,0.707726792,66.030142896934,3.5997098636462175e-4,0.680374303778224,46.7191944363188
5218,3,0.705591603,0,0,0,0
5263,3,0.708149789,0,0,0,0
5335,4,0.708106665,0,0,0,0
5496,3,0.707858837,70.5078701577291,3.843818361375217e-4,0.7265127859003596,49.887380984944386
5219,3,0.70728393,55.50237639510558,3.025776456021324e-4,0.5718962437624883,39.27034231211836
5517,4,0.706914633,0,0,0,0
5518,3,0.705429699,57.5845738083267,3.1392898642556525e-4,0.5933511968065913,40.74358743222841
5519,3,0.705968267,65.48334654819196,3.5699006261734963e-4,0.6747401165909491,46.33231226685534
5521,4,0.707620578,62.58426701609582,3.4118539412909485e-4,0.6448680137647231,44.28108756243871
5523,4,0.707625278,62.98580751588889,3.4337443875983974e-4,0.649005485319372,44.56519490888456
5524,3,0.707870299,70.4147085227424,3.838739546735992e-4,0.7255528488206859,49.821465081267746
5592,3,0.706911883,0,0,0,0
5246,3,0.705067783,42.16691660401515,2.2987783905896843e-4,0.43448772436722055,29.834925220107277
5685,3,0.705561288,62.14922051130259,3.388136876239409e-4,0.6403852964810144,43.97327326196079
5445,4,0.706908656,0,0,0,0
5474,3,0.706482364,0,0,0,0
5476,3,0.707862561,70.2756250370283,3.8311572491150887e-4,0.7241197331918513,49.72305747336509
5729,5,0.706269917,62.76677433674385,3.4218035396637675e-4,0.6467485683989022,44.41021941988017
6082,3,0.708125566,81.62019935521695,4.449619882700385e-4,0.8410141773769225,57.749836609615215
5280,3,0.705041464,40.40214521561176,2.2025698304502318e-4,0.4163035276953027,28.58627280148138
5281,4,0.706890484,0,0,0,0
5287,7,0.708965274,0,0,0,0
5299,4,0.707787547,67.44984719551783,3.677106690956589e-4,0.6950029306650027,47.72369689924919
5312,3,0.707549844,60.752366441156774,3.311985755648517e-4,0.6259921182481778,42.984938328259844
5315,3,0.705042761,40.44317916508098,2.2048068438227343e-4,0.4167263413312654,28.61530610323774
5316,4,0.707502595,0,0,0,0
5317,3,0.706759508,0,0,0,0
5318,4,0.707483725,0,0,0,0
5319,3,0.70784012,69.28424326974611,3.7771109216386354e-4,0.713904539795316,49.02161180757919
5322,7,0.708971289,0,0,0,0
5323,3,0.705068308,42.18423503996748,2.2997225252225267e-4,0.4346661734555708,29.847178765853087
5327,3,0.705060611,41.92977249188458,2.2858502041268061e-4,0.4320441924724344,29.667135459280168
5328,5,0.70691034,57.523381564842715,3.135953898092566e-4,0.5927206721972167,40.70029126178418
5329,4,0.707480609,0,0,0,0
5394,7,0.708976558,0,0,0,0
5420,4,0.707939995,0,0,0,0
5426,3,0.707577805,61.671533419044806,3.3620952100806543e-4,0.635463210770462,43.63528889355278
5430,3,0.707854418,70.12960551587635,3.8231968254734796e-4,0.722615148684184,49.6197423190901
5434,4,0.708453995,91.98091159582847,5.014446133419602e-4,0.947770911015309,65.08049058719965
5438,4,0.705149908,46.414573406304655,2.530344330291678e-4,0.47825556149060117,32.84032692512358
5440,3,0.705227034,49.97278138572692,2.724324167355241e-4,0.5149193209568852,35.35791363843673
5450,3,0.705727852,0,0,0,0
5458,3,0.707863281,70.28873732102751,3.831872080493245e-4,0.7242548421088626,49.73233498388963
5459,3,0.707943973,0,0,0,0
5460,4,0.707631691,62.82856310132609,3.4251720258667484e-4,0.6473852395590657,44.45393765491418
5464,4,0.707625518,62.99105755923746,3.4340305998038735e-4,0.6490595817430866,44.568909542614556
5469,4,0.707619797,62.56742144617026,3.4109355854982845e-4,0.6446944370858456,44.26916858994804
5471,3,0.705687554,64.28088272708763,3.5043469155861457e-4,0.6623499346345149,45.48151687862635
5472,5,0.70651697,59.40767278074234,3.238678220322842e-4,0.6121364006492092,42.033509150282036
5473,4,0.707968971,0,0,0,0
5481,4,0.707634521,62.89089535292005,3.4285701408948545e-4,0.6480275108070224,44.49804043061796
5483,4,0.707787759,67.45334174562076,3.677297200410645e-4,0.6950389384939879,47.726169445249596
5484,4,0.707620632,62.585430397615774,3.411917364384536e-4,0.6448800012428193,44.28191070540114
5485,4,0.707620386,62.5801291266606,3.4116283594466397e-4,0.6448253769700701,44.27815982591416
5491,4,0.70764302,63.379410107538284,3.4552020896319764e-4,0.6530611647032069,44.84368584049757
5937,4,0.708040762,0,0,0,0
6127,3,0.706120717,63.830216312771014,3.479778313041066e-4,0.6577062698713552,45.162650813634784
6006,4,0.706984951,0,0,0,0
6007,3,0.706825212,0,0,0,0
6104,3,0.707952458,0,0,0,0
6105,3,0.706096202,64.06545259383438,3.4926024918794036e-4,0.6601301434831643,45.329090701106026
6106,3,0.708247776,0,0,0,0
6239,3,0.705500641,60.08303101936066,3.275496158409751e-4,0.619095288987798,42.511354441536795
6241,5,0.706849024,57.24075858241708,3.120546378240327e-4,0.5898085262217081,40.50032322462991
5618,3,0.707889843,0,0,0,0
5619,3,0.70735544,57.50971128752007,3.135208647060868e-4,0.5925798137194399,40.69061894674418
5624,4,0.705756729,65.14576547630972,3.5514970022992973e-4,0.6712616827019131,46.09345899404166
5625,3,0.707697726,65.14622465445181,3.5515220349285594e-4,0.671266414071482,46.0937838825238
5626,3,0.707956737,0,0,0,0
5630,3,0.70549813,60.01897446712962,3.2720040411314777e-4,0.6184352505536141,42.466031648229
5660,3,0.706571637,0,0,0,0
5794,3,0.705496964,59.989106778610406,3.270375769432373e-4,0.6181274940216702,42.444898961155
5851,3,0.706742991,0,0,0,0
5856,4,0.706373503,60.63319490082432,3.3054889808365915e-4,0.6247641752175164,42.90061928668579
6693,3,0.707801618,67.99567467599773,3.706863109451693e-4,0.7006271346379398,48.109893552329744
5864,4,0.707647746,63.784532135230144,3.477287787088955e-4,0.6572355403056693,45.13032727351271
5927,4,0.70803769,0,0,0,0
6028,3,0.707731101,66.11518920590282,3.6043462618702777e-4,0.6812506205740834,46.779368394309586
5720,4,0.706930454,0,0,0,0
4880,1,0.705208415,0,0,0,0
4881,1,0.707553836,0,0,0,0
4883,1,0.707133949,0,0,0,0
4885,2,0.706880111,0,0,0,0
4886,1,0.706821885,0,0,0,0
4887,1,0.706763806,0,0,0,0
4894,2,0.706889401,0,0,0,0
4897,1,0.707891378,0,0,0,0
4898,2,0.705974507,0,0,0,0
4899,1,0.705348078,0,0,0,0
4900,1,0.70711724,0,0,0,0
4971,2,0.704948006,0,0,0,0
4991,1,0.707207397,0,0,0,0
4992,1,0.707627146,0,0,0,0
4993,1,0.706763723,0,0,0,0
4997,1,0.7071725,0,0,0,0
4998,1,0.706763535,0,0,0,0
5000,1,0.704708546,0,0,0,0
5003,1,0.707110327,0,0,0,0
5004,1,0.706834426,0,0,0,0
5005,1,0.707457134,0,0,0,0
5006,2,0.705174023,0,0,0,0
5007,1,0.706736121,0,0,0,0
5012,2,0.705603014,0,0,0,0
5013,1,0.70738370800000006,0,0,0,0
5014,1,0.705843119,0,0,0,0
5015,2,0.707849072,0,0,0,0
5018,1,0.70690917,0,0,0,0
5019,1,0.707588911,0,0,0,0
5021,1,0.704792625,0,0,0,0
5027,1,0.706861779,0,0,0,0
5028,1,0.707990671,0,0,0,0
5030,1,0.704843397,0,0,0,0
5032,1,0.705608896,0,0,0,0
5044,1,0.707706612,0,0,0,0
5045,1,0.707568026,0,0,0,0
5047,1,0.704949656,0,0,0,0
5062,1,0.706840068,0,0,0,0
5066,1,0.706683174,0,0,0,0
5067,1,0.704835872,0,0,0,0
5068,1,0.707927384,0,0,0,0
5069,1,0.706932161,0,0,0,0
5071,2,0.707606036,0,0,0,0
5076,1,0.706782341,0,0,0,0
5077,1,0.7069596,0,0,0,0
5078,2,0.705604929,0,0,0,0
5079,1,0.704846247,0,0,0,0
5080,1,0.704816834,0,0,0,0
5081,2,0.708306749,0,0,0,0
5082,1,0.70756649,0,0,0,0
5083,2,0.706727184,0,0,0,0
5085,1,0.708246434,0,0,0,0
5087,2,0.707823732,0,0,0,0
5088,1,0.705131864,0,0,0,0
5089,1,0.708055497,0,0,0,0
5090,2,0.706731051,0,0,0,0
5091,2,0.706902078,0,0,0,0
5092,2,0.705074535,0,0,0,0
5093,1,0.708294645,0,0,0,0
5095,2,0.707533209,0,0,0,0
5096,2,0.707290884,0,0,0,0
5102,1,0.70762189,0,0,0,0
5104,1,0.706899464,0,0,0,0
5110,1,0.706958136,0,0,0,0
5111,2,0.705432191,0,0,0,0
5113,1,0.706274447,0,0,0,0
5126,1,0.707745415,0,0,0,0
5127,1,0.705439438,0,0,0,0
5128,1,0.707473433,0,0,0,0
5129,1,0.704931779,0,0,0,0
5130,1,0.708004177,0,0,0,0
5133,1,0.708277138,0,0,0,0
5134,1,0.707606863,0,0,0,0
5135,2,0.707102485,0,0,0,0
5136,1,0.705404902,0,0,0,0
5138,1,0.707054126,0,0,0,0
5139,2,0.70508864,0,0,0,0
5140,1,0.70539828,0,0,0,0
5141,2,0.708319252,0,0,0,0
5142,1,0.706895853,0,0,0,0
5156,1,0.708330118,0,0,0,0
5158,1,0.705216794,0,0,0,0
5159,2,0.705719924,0,0,0,0
5160,2,0.706525393,0,0,0,0
5162,1,0.706792387,0,0,0,0
5163,1,0.707854486,0,0,0,0
5164,1,0.704879174,0,0,0,0
5165,1,0.706807479,0,0,0,0
5166,1,0.704858786,0,0,0,0
5167,2,0.70664775,0,0,0,0
5343,2,0.707051791,0,0,0,0
5344,2,0.707601248,0,0,0,0
5204,1,0.707825633,0,0,0,0
5205,2,0.707569182,0,0,0,0
5206,1,0.707195416,0,0,0,0
5207,1,0.7071941,0,0,0,0
5209,2,0.706736703,0,0,0,0
5302,1,0.707542966,0,0,0,0
5303,1,0.707350269,0,0,0,0
5304,1,0.706802547,0,0,0,0
5306,1,0.706827391,0,0,0,0
5307,2,0.706741968,0,0,0,0
5308,1,0.70832145,0,0,0,0
5366,1,0.708313987,0,0,0,0
5367,1,0.708193418,0,0,0,0
5368,1,0.707470126,0,0,0,0
5501,1,0.707528896,0,0,0,0
5502,1,0.70734062,0,0,0,0
5612,1,0.707834082,0,0,0,0
5613,1,0.707686386,0,0,0,0
5837,2,0.705245622,0,0,0,0
5838,2,0.707297634,0,0,0,0
5839,1,0.706850614,0,0,0,0
5196,2,0.708172404,0,0,0,0
5198,1,0.704772624,0,0,0,0
5199,2,0.707844455,0,0,0,0
5200,1,0.707499459,0,0,0,0
5203,1,0.70787442,0,0,0,0
5210,1,0.706788748,0,0,0,0
5211,1,0.70679843,0,0,0,0
5213,1,0.706815869,0,0,0,0
5215,1,0.707625098,0,0,0,0
5217,2,0.705410471,0,0,0,0
5261,1,0.707475851,0,0,0,0
5262,1,0.704911363,0,0,0,0
5264,2,0.708010659,0,0,0,0
5265,2,0.706681113,0,0,0,0
5334,1,0.707603737,0,0,0,0
5492,2,0.707254251,0,0,0,0
5493,1,0.707789406,0,0,0,0
5494,1,0.704846232,0,0,0,0
5495,1,0.707235583,0,0,0,0
5497,1,0.704517892,0,0,0,0
5220,1,0.707726981,0,0,0,0
5221,1,0.704941406,0,0,0,0
5225,2,0.707214197,0,0,0,0
5226,1,0.707606323,0,0,0,0
5227,1,0.707111658,0,0,0,0
5228,1,0.707154816,0,0,0,0
5229,1,0.707844419,0,0,0,0
5230,1,0.707606611,0,0,0,0
5231,1,0.705400778,0,0,0,0
5232,1,0.706866942,0,0,0,0
5233,1,0.70785957,0,0,0,0
5276,1,0.708006154,0,0,0,0
5277,2,0.706715505,0,0,0,0
5278,1,0.705538476,0,0,0,0
5435,1,0.705485038,0,0,0,0
5436,2,0.70804064,0,0,0,0
5437,1,0.705719229,0,0,0,0
5516,1,0.707261825,0,0,0,0
5520,1,0.706802335,0,0,0,0
5522,1,0.707608638,0,0,0,0
5591,1,0.707707744,0,0,0,0
5593,1,0.70719506,0,0,0,0
5594,2,0.706838962,0,0,0,0
5595,1,0.706814309,0,0,0,0
5596,1,0.707722745,0,0,0,0
5240,1,0.706777366,0,0,0,0
5241,1,0.707507602,0,0,0,0
5242,1,0.707575292,0,0,0,0
5243,1,0.708006876,0,0,0,0
5244,1,0.70512284,0,0,0,0
5245,2,0.704868511,0,0,0,0
5247,1,0.707118135,0,0,0,0
5248,2,0.707784554,0,0,0,0
5249,1,0.706753925,0,0,0,0
5250,2,0.705144139,0,0,0,0
5251,1,0.704890613,0,0,0,0
5252,1,0.70485123,0,0,0,0
5253,1,0.707881799,0,0,0,0
5254,2,0.706751281,0,0,0,0
5255,1,0.707620873,0,0,0,0
5256,1,0.706801005,0,0,0,0
5257,2,0.704906311,0,0,0,0
5408,1,0.706836276,0,0,0,0
5409,2,0.707881843,0,0,0,0
5410,1,0.704890916,0,0,0,0
5417,1,0.707954955,0,0,0,0
5418,1,0.707990365,0,0,0,0
5419,1,0.708197349,0,0,0,0
5546,1,0.708147125,0,0,0,0
5547,1,0.708280591,0,0,0,0
5548,1,0.706920472,0,0,0,0
5675,1,0.70809693,0,0,0,0
5676,1,0.706840558,0,0,0,0
5677,1,0.704865117,0,0,0,0
5684,2,0.708065821,0,0,0,0
5686,1,0.707984052,0,0,0,0
5444,1,0.706904688,0,0,0,0
5446,1,0.707053683,0,0,0,0
5447,1,0.708281291,0,0,0,0
5448,2,0.70754634,0,0,0,0
5449,1,0.706894534,0,0,0,0
5513,1,0.706890195,0,0,0,0
5514,1,0.706508241,0,0,0,0
5515,1,0.707613944,0,0,0,0
5475,1,0.704886896,0,0,0,0
5477,1,0.707704933,0,0,0,0
5478,1,0.704861958,0,0,0,0
5479,1,0.70519418,0,0,0,0
5690,2,0.706808358,0,0,0,0
5691,1,0.708290599,0,0,0,0
5692,2,0.707783162,0,0,0,0
5730,2,0.70832449,0,0,0,0
5731,1,0.706012466,0,0,0,0
6080,1,0.706991988,0,0,0,0
6081,1,0.707790714,0,0,0,0
5975,1,0.707739491,0,0,0,0
5976,1,0.706895564,0,0,0,0
5977,1,0.705527992,0,0,0,0
5549,2,0.708270724,0,0,0,0
5550,1,0.707883227,0,0,0,0
5551,1,0.707106358,0,0,0,0
5552,1,0.707077762,0,0,0,0
5553,2,0.706904899,0,0,0,0
5554,2,0.707581705,0,0,0,0
5807,1,0.707804755,0,0,0,0
5808,2,0.706826176,0,0,0,0
5809,2,0.706832847,0,0,0,0
5270,2,0.706685869,0,0,0,0
5271,2,0.70623389,0,0,0,0
5272,2,0.706733727,0,0,0,0
5273,1,0.706787072,0,0,0,0
5274,1,0.706803532,0,0,0,0
5275,1,0.70752935,0,0,0,0
5279,2,0.704993232,0,0,0,0
5282,2,0.706906711,0,0,0,0
5283,2,0.704941152,0,0,0,0
5284,2,0.706732237,0,0,0,0
5285,1,0.707370648,0,0,0,0
5286,1,0.706910021,0,0,0,0
5291,2,0.706797138,0,0,0,0
5292,1,0.707160195,0,0,0,0
5293,1,0.70488247,0,0,0,0
5294,1,0.70679828200000006,0,0,0,0
5295,1,0.70487319,0,0,0,0
5296,2,0.70762904,0,0,0,0
5297,2,0.708076592,0,0,0,0
5298,2,0.706793957,0,0,0,0
5309,2,0.706903394,0,0,0,0
5310,1,0.707622246,0,0,0,0
5311,2,0.706899053,0,0,0,0
5313,1,0.70680307,0,0,0,0
5314,2,0.70544503,0,0,0,0
5320,2,0.706782452,0,0,0,0
5321,1,0.707838974,0,0,0,0
5324,1,0.706873531,0,0,0,0
5325,1,0.706873681,0,0,0,0
5326,1,0.707662435,0,0,0,0
5393,2,0.707877427,0,0,0,0
5395,2,0.708097739,0,0,0,0
5396,2,0.705706296,0,0,0,0
5397,1,0.70762632,0,0,0,0
5398,2,0.708192249,0,0,0,0
5399,2,0.708029042,0,0,0,0
5400,2,0.707885069,0,0,0,0
5401,2,0.706749157,0,0,0,0
5441,1,0.70761849,0,0,0,0
5442,2,0.706348275,0,0,0,0
5443,2,0.707868981,0,0,0,0
5627,1,0.70757359,0,0,0,0
5628,1,0.707704585,0,0,0,0
5629,1,0.705809508,0,0,0,0
5687,2,0.706797124,0,0,0,0
5688,2,0.706751312,0,0,0,0
5689,2,0.707652378,0,0,0,0
5402,1,0.704777005,0,0,0,0
5403,1,0.707619659,0,0,0,0
5404,2,0.705618823,0,0,0,0
5405,1,0.706823873,0,0,0,0
5406,1,0.704848615,0,0,0,0
5407,1,0.705240942,0,0,0,0
5421,1,0.70823927,0,0,0,0
5422,2,0.705514903,0,0,0,0
5423,2,0.708185353,0,0,0,0
5424,1,0.707215605,0,0,0,0
5425,1,0.707493433,0,0,0,0
5427,1,0.705472926,0,0,0,0
5428,2,0.707230691,0,0,0,0
5429,1,0.708042235,0,0,0,0
5431,1,0.707950066,0,0,0,0
5432,1,0.706839306,0,0,0,0
5433,1,0.706827164,0,0,0,0
5439,1,0.707837071,0,0,0,0
5451,1,0.70753068,0,0,0,0
5452,1,0.706892797,0,0,0,0
5453,1,0.706785289,0,0,0,0
5454,1,0.707602309,0,0,0,0
5455,1,0.707583026,0,0,0,0
5456,2,0.707627426,0,0,0,0
5457,1,0.707845505,0,0,0,0
5461,2,0.706946513,0,0,0,0
5462,1,0.707992438,0,0,0,0
5463,1,0.707127092,0,0,0,0
5465,1,0.707189459,0,0,0,0
5466,2,0.707876272,0,0,0,0
5467,2,0.705573565,0,0,0,0
5468,2,0.708324455,0,0,0,0
5470,1,0.706912602,0,0,0,0
5480,2,0.707238799,0,0,0,0
5482,1,0.708284402,0,0,0,0
5486,1,0.706136185,0,0,0,0
5487,1,0.705415061,0,0,0,0
5488,2,0.706746203,0,0,0,0
5489,2,0.706903001,0,0,0,0
5490,2,0.707682429,0,0,0,0
5936,2,0.706629828,0,0,0,0
5938,1,0.70782165,0,0,0,0
6125,1,0.707117341,0,0,0,0
6126,1,0.70777458,0,0,0,0
6005,1,0.706996271,0,0,0,0
6167,1,0.706276986,0,0,0,0
6168,2,0.704876281,0,0,0,0
6169,1,0.706977804,0,0,0,0
6240,1,0.707696802,0,0,0,0
5620,2,0.707041168,0,0,0,0
5621,1,0.707955597,0,0,0,0
5622,2,0.707670681,0,0,0,0
5623,2,0.707706687,0,0,0,0
5631,1,0.7070724,0,0,0,0
5632,1,0.706832567,0,0,0,0
5645,1,0.707722434,0,0,0,0
5654,1,0.706885682,0,0,0,0
5655,1,0.707430921,0,0,0,0
5656,1,0.707838457,0,0,0,0
5657,2,0.706621367,0,0,0,0
5658,1,0.706883632,0,0,0,0
5659,1,0.706851107,0,0,0,0
5661,2,0.707673829,0,0,0,0
5670,1,0.707234443,0,0,0,0
5671,1,0.707867026,0,0,0,0
5672,1,0.707671517,0,0,0,0
5673,2,0.708219484,0,0,0,0
5674,1,0.706856067,0,0,0,0
5792,1,0.706834846,0,0,0,0
5793,1,0.70684506,0,0,0,0
5849,1,0.707689533,0,0,0,0
5850,1,0.706878205,0,0,0,0
5855,1,0.704941715,0,0,0,0
5857,2,0.707215799,0,0,0,0
6692,1,0.707024521,0,0,0,0
6694,2,0.705407097,0,0,0,0
5865,2,0.706847626,0,0,0,0
5866,1,0.704199827,0,0,0,0
5928,1,0.705442827,0,0,0,0
5929,1,0.707727823,0,0,0,0
5930,1,0.706862026,0,0,0,0
5931,1,0.705907525,0,0,0,0
5932,2,0.70508121,0,0,0,0
6182,2,0.707608089,0,0,0,0
6183,1,0.707607363,0,0,0,0
6184,2,0.707605751,0,0,0,0
6185,1,0.706887612,0,0,0,0
6186,1,0.707010112,0,0,0,0
6187,1,0.707001774,0,0,0,0
6026,1,0.706995747,0,0,0,0
6027,1,0.708042,0,0,0,0
5721,1,0.70832968,0,0,0,0
5722,1,0.706836814,0,0,0,0
5723,1,0.704196887,0,0,0,0
5724,1,0.706856565,0,0,0,0
5725,1,0.707228071,0,0,0,0
6129,3,0.706100746,64.0255195603187,3.490425496217648e-4,0.6597186736803745,45.300836345210364
6130,4,0.706064325,0,0,0,0
6030,4,0.7069879,0,0,0,0
6219,5,0.707010627,56.519874947263276,3.08124657033207e-4,0.5823805443962188,39.9902667377118
5897,4,0.705965925,0,0,0,0
5954,3,0.707714866,65.49254500912338,3.5704020909453784e-4,0.674834897492178,46.338820577543686
5956,3,0.70730977,56.591149206601806,3.0851321692889803e-4,0.583114954052888,40.04069637233396
5709,5,0.706282075,62.544151019617665,3.409666971190977e-4,0.6444546587123677,44.25270375229921
5710,4,0.707635451,62.91127204351151,3.4296809998282516e-4,0.6482374721378059,44.51245782437095
5712,3,0.708116008,81.44624267798315,4.4401364325757497e-4,0.839221728535107,57.62675470382762
5713,4,0.705810642,65.89027908756425,3.5920850257757127e-4,0.6789331476978526,46.62023471553267
5715,3,0.706794905,0,0,0,0
5875,3,0.706881948,57.63097606744835,3.141819537258426e-4,0.5938293254817467,40.77641904626221
5876,3,0.707679964,64.78301978814832,3.531721500166765e-4,0.6675239527167365,45.83680066206438
6450,3,0.708196664,83.71342947296493,4.56373475162472e-4,0.8625828113602441,59.23088784743659
6454,3,0.706185117,63.32001964780315,3.4519643498008096e-4,0.6524492056657044,44.801664510324784
6677,4,0.706415862,60.24291736491928,3.284212548075424e-4,0.6207427571935369,42.62448097645169
6678,7,0.708652858,0,0,0,0
6680,5,0.707814989,68.53080765439631,3.73603650475557e-4,0.7061411425081788,48.48852338062064
6681,5,0.70769909,65.17329174818325,3.552997628952903e-4,0.6715453132869746,46.112935027128145
6768,5,0.706962095,56.776361967126775,3.095229257856175e-4,0.5850233855277329,40.17174244601215
6769,4,0.707726884,66.03197126827871,3.599809539431779e-4,0.6803931433085678,46.72048808846929
7046,3,0.705909214,0,0,0,0
7120,3,0.705576872,62.500857048669445,3.407306750124941e-4,0.6440085578249645,44.22207138717156
6662,3,0.706902995,0,0,0,0
7341,3,0.706069792,64.58642549348804,3.5210039340586647e-4,0.6654982459639124,45.697701658573784
7342,3,0.70746455,0,0,0,0
7343,7,0.708579918,0,0,0,0
7344,4,0.705848616,65.78953624649779,3.5865929128895606e-4,0.6778950939038721,46.54895477922845
8526,3,0.708286589,86.95975089777495,4.7407117312398483e-4,0.8960328931311259,61.52780127506949
8527,5,0.707900445,70.9464844174458,3.8677299267265525e-4,0.7310322653152043,50.197719627013235
8205,3,0.708262727,86.28174033746271,4.70374919875795e-4,0.8890466752813967,61.048079350999934
5727,3,0.70551222,60.373708104006695,3.291342756990789e-4,0.6220904243973795,42.717021105880654
5735,7,0.708989634,0,0,0,0
5738,4,0.705816677,65.9266260124351,3.594066520563252e-4,0.6793076662528417,46.64595174378223
5739,4,0.707815765,68.5450278448329,3.7368117349388126e-4,0.706287667288278,48.49858478307687
5740,3,0.705447029,58.06308038235194,3.165376205413915e-4,0.5982817264536936,41.082151619585034
5752,3,0.705689862,64.31551728821141,3.5062350588769295e-4,0.6627068090009394,45.506022335140116
5764,4,0.706952986,0,0,0,0
5768,4,0.705916912,0,0,0,0
5772,3,0.707129475,55.41271943999972,3.020888703072753e-4,0.570972418888987,39.20690612170003
5773,3,0.706751015,0,0,0,0
5785,3,0.706751863,0,0,0,0
5786,4,0.705923256,0,0,0,0
5806,7,0.708988379,0,0,0,0
5869,3,0.706751246,0,0,0,0
5989,4,0.70765573,63.96120055167084,3.486919070823249e-4,0.6590559308964191,45.25532785258662
6048,4,0.706040354,0,0,0,0
6275,4,0.707434835,58.21146114008452,3.173465354607776e-4,0.5998106411327663,41.18713745131248
5814,4,0.707466566,0,0,0,0
5815,4,0.707442437,0,0,0,0
5829,3,0.706797992,0,0,0,0
5833,3,0.707729212,66.07805449872914,3.6023218202163294e-4,0.6808679847136895,46.753093975859656
5834,3,0.70549027,59.81614149207606,3.2609463661221615e-4,0.6163452604652883,42.32251850735309
5835,3,0.705838942,65.74877343855356,3.5843706811119347e-4,0.6774750741089977,46.52011332187936
5840,4,0.705950054,0,0,0,0
5843,3,0.70738889,57.2679197584645,3.122027101271303e-4,0.5900883948609733,40.519540936559736
5900,4,0.705963338,65.49700551831918,3.5706452607803143e-4,0.6748808585594338,46.34197658156339
5901,3,0.70540343,56.830023599441624,3.0981546840125996e-4,0.5855763147525388,40.20971038192592
5966,7,0.708939094,0,0,0,0
6088,3,0.706829572,0,0,0,0
6225,4,0.705366684,55.42235299269148,3.021413887376846e-4,0.5710716829738126,39.213722278709135
6226,7,0.708846786,0,0,0,0
6229,3,0.705623744,63.171944571096745,3.443891865162813e-4,0.6509234407225891,44.696894961202084
5870,4,0.705258055,51.00900296694677,2.7808149893221483e-4,0.5255965436002298,36.091085420416434
5871,4,0.705971623,65.47288920170958,3.569330531794949e-4,0.6746323641385059,46.32491323995393
5887,3,0.707716698,65.52913069676403,3.572396602162383e-4,0.6752118762577035,46.364706540824706
5889,3,0.707738376,66.55840958620432,3.6285089352303926e-4,0.6858175614352995,47.09296606678117
5890,4,0.705923154,65.57036417108546,3.5746444928637394e-4,0.6756367457968713,46.39388101508133
5903,3,0.707944604,0,0,0,0
5908,4,0.707807355,68.09438936918485,3.7122446555026703e-4,0.701644290405037,48.17973848590696
5912,3,0.708069411,0,0,0,0
5919,3,0.707402583,57.850144721450505,3.1537677707621015e-4,0.5960876383345521,40.93149038961301
5922,3,0.705471327,59.0156544613729,3.2173068867310476e-4,0.6080970456000218,41.756139160127574
5934,3,0.708105487,0,0,0,0
5935,4,0.70819466,0,0,0,0
5940,3,0.707727463,66.04346550445374,3.600436161055162e-4,0.6805115798678715,46.72862075987052
5941,4,0.70596251,65.49910155239536,3.570759528510286e-4,0.6749024560853925,46.3434596167236
5944,3,0.706811763,0,0,0,0
5945,3,0.70811667,81.45846458622009,4.4408027240860036e-4,0.8393476630241559,57.63540223482261
5946,3,0.706064628,64.62826679254864,3.523284961031018e-4,0.6659293785265357,45.72730619523717
5953,7,0.708967909,0,0,0,0
5961,3,0.70833374,88.5982515982305,4.8300364982970304e-4,0.9129159971863852,62.687111696797835
5969,3,0.707536561,60.44847674249926,3.295418856082278e-4,0.6228608401215773,42.76992316554945
5970,3,0.707951361,0,0,0,0
5972,4,0.707369315,57.78088905488679,3.1499922177327536e-4,0.5953740282490109,40.88248899706632
5978,3,0.708365725,89.09100720118975,4.856899641802687e-4,0.9179933487653379,63.03575769110035
5980,4,0.707168922,0,0,0,0
6172,3,0.70805917,0,0,0,0
6175,5,0.707342354,56.94910706988306,3.104646657592217e-4,0.5868033503114283,40.29396711022635
6233,5,0.70696033,56.778551548926075,3.0953486254488294e-4,0.5850459469690219,40.17329167025018
6234,3,0.70767493,0,0,0,0
6235,3,0.706145566,63.8521248095319,3.480972680165349e-4,0.6579320149262127,45.178152026794
6284,3,0.706486911,59.79062009776688,3.2595550376955044e-4,0.616082288129886,42.304461012234874
6575,3,0.707828461,69.07822704598472,3.7658797081320614e-4,0.7117817495262192,48.87584637996277
6576,7,0.708784428,0,0,0,0
6578,4,0.706242686,0,0,0,0
6580,4,0.706250526,0,0,0,0
6299,4,0.705410725,57.04300511136592,3.1097656182861306e-4,0.5877708753204193,40.360404053488374
6300,4,0.706109563,0,0,0,0
6195,5,0.706966327,56.47254208526885,3.0786661644337834e-4,0.5818928267931303,39.9567766817203
6197,3,0.705519464,60.551576313891104,3.3010394488569475e-4,0.6239231776545286,42.84287059093478
6373,3,0.705655647,63.762461405824716,3.4760845756637944e-4,0.6570081236063516,45.11471127371012
6375,3,0.707899014,0,0,0,0
6483,3,0.707690407,64.99897091489547,3.5434943264384057e-4,0.6697491121827708,45.989595465113496
6650,3,0.706783864,0,0,0,0
6652,4,0.7063375,0,0,0,0
6874,5,0.707935652,71.8023281118788,3.9143872388786504e-4,0.7398508750015673,50.80326621851045
6876,5,0.707728072,0,0,0,0
6985,3,0.707061208,0,0,0,0
6988,4,0.707863629,70.29506237037658,3.832216897898312e-4,0.7243200153897074,49.73681023106303
6989,3,0.705607611,63.148992418534924,3.442640601931448e-4,0.6506869418429209,44.68065531622749
7214,5,0.707827454,0,0,0,0
7217,3,0.70701474,0,0,0,0
7219,4,0.707785913,67.42281094910915,3.6756327786098417e-4,0.6947243493001889,47.70456758046569
7996,3,0.708991609,93.3433874077587,5.088723083370173e-4,0.9618098558257668,66.04450140982813
7997,4,0.708116829,81.46139622098005,4.4409625455569114e-4,0.8393778705759077,57.63747649376493
7639,4,0.705899996,65.87794488290697,3.591412612295791e-4,0.6788060561069794,46.611507729942154
7640,3,0.708833233,96.31417019533856,5.250678754432309e-4,0.9924207886830669,68.14645928227516
7681,4,0.707164349,54.20603864981881,2.9551050995226793e-4,0.558538785301621,38.353127044665044
6378,3,0.70685778,0,0,0,0
6379,3,0.706563267,58.65220510334192,3.197493023219013e-4,0.604352065003585,41.49898295115028
6513,3,0.708281263,0,0,0,0
5985,4,0.705269219,51.68042558192886,2.817418372319498e-4,0.53251487929007435,36.56614608698584
5992,4,0.707804381,68.0434948408279,3.7094700812295527e-4,0.7011198734073177,48.14372839624587
5993,3,0.707435493,58.225193656394445,3.1742139986700894e-4,0.599952140920796,41.196853803139625
5998,4,0.705974372,0,0,0,0
5999,3,0.70545799,58.65789897824609,3.1978034314167797e-4,0.6044107346657084,41.503011614985816
6002,4,0.706971171,0,0,0,0
6003,3,0.706860561,0,0,0,0
6008,4,0.707030239,0,0,0,0
6011,3,0.706830134,0,0,0,0
6247,3,0.707472103,59.00257516420622,3.216593853668346e-4,0.6079622765791888,41.74688498921999
6516,3,0.70823101,85.47180523044749,4.659594646522816e-4,0.8807011074791103,60.47501507936102
6017,4,0.70697227,0,0,0,0
6018,4,0.705999875,0,0,0,0
6019,4,0.707687288,64.93519005613476,3.5400172389095917e-4,0.6690919144929002,45.944467736912024
6023,3,0.706821368,0,0,0,0
6032,3,0.707727486,66.0439216491934,3.6004610283149705e-4,0.680516279981275,46.728943502088676
6036,4,0.708096271,81.08055052716142,4.420200300612114e-4,0.8354536382115579,57.36801162152438
6121,4,0.706050471,0,0,0,0
6140,3,0.707904788,0,0,0,0
6147,3,0.707768786,67.1286332386962,3.6595953393528754e-4,0.691693143458007,47.49642407132523
6150,3,0.706986319,0,0,0,0
6151,4,0.706439622,59.987675108837436,3.2702977202933413e-4,0.6181127421025876,42.44388599259916
6155,4,0.70738046,57.094648701351396,3.112581028523164e-4,0.5883030106458845,40.39694413679074
6157,3,0.706827532,0,0,0,0
6158,3,0.708066327,79.34919137994034,4.3258132475734143e-4,0.8176137211267306,56.14299981495631
6160,4,0.706372234,60.66245701833129,3.3070842391292384e-4,0.6250656919483971,42.92132350596273
6161,7,0.708870756,0,0,0,0
6163,4,0.705357174,55.130620757006895,3.005509766012509e-4,0.5680656752925423,39.00730904916995
6190,4,0.705331757,54.33164775271532,2.9619528255281504e-4,0.5598330609488026,38.442000941399655
6191,4,0.706381003,60.458397336571785,3.2959596887803354e-4,0.6229630618795354,42.77694241680446
6128,1,0.706875031,0,0,0,0
6029,1,0.708012347,0,0,0,0
6031,1,0.707273959,0,0,0,0
6218,1,0.706887573,0,0,0,0
6220,1,0.706905415,0,0,0,0
5898,1,0.706845792,0,0,0,0
5899,2,0.706985096,0,0,0,0
5955,1,0.704895149,0,0,0,0
5693,2,0.705363982,0,0,0,0
5694,2,0.707054457,0,0,0,0
5695,1,0.704913952,0,0,0,0
5696,1,0.706938434,0,0,0,0
5697,1,0.707958899,0,0,0,0
5698,2,0.706893019,0,0,0,0
5699,2,0.707712717,0,0,0,0
5700,1,0.706861954,0,0,0,0
5711,2,0.705702405,0,0,0,0
5714,1,0.706833218,0,0,0,0
5716,1,0.706865156,0,0,0,0
5877,1,0.707054722,0,0,0,0
5878,1,0.707729463,0,0,0,0
5879,1,0.704885863,0,0,0,0
5880,2,0.707314659,0,0,0,0
5881,2,0.705451177,0,0,0,0
5882,1,0.707710952,0,0,0,0
6448,1,0.708120339,0,0,0,0
6449,1,0.708414003,0,0,0,0
6451,2,0.707730227,0,0,0,0
6452,1,0.707705782,0,0,0,0
6453,1,0.707862565,0,0,0,0
6458,1,0.708318178,0,0,0,0
6591,2,0.705090452,0,0,0,0
6592,1,0.70489358,0,0,0,0
6679,2,0.707453539,0,0,0,0
6682,2,0.708373467,0,0,0,0
6767,2,0.707947678,0,0,0,0
6974,1,0.707253392,0,0,0,0
6975,2,0.70765836,0,0,0,0
6976,2,0.707671795,0,0,0,0
7047,2,0.707017113,0,0,0,0
6656,1,0.707047803,0,0,0,0
6657,1,0.705396909,0,0,0,0
6658,2,0.707922444,0,0,0,0
6659,1,0.706335975,0,0,0,0
6660,1,0.706987364,0,0,0,0
6661,2,0.703867835,0,0,0,0
7338,1,0.708405445,0,0,0,0
7339,1,0.70779479,0,0,0,0
7340,1,0.705386499,0,0,0,0
7345,1,0.705042807,0,0,0,0
8528,1,0.705797874,0,0,0,0
8628,2,0.70829472,0,0,0,0
8630,1,0.707282025,0,0,0,0
8206,1,0.707368172,0,0,0,0
5717,1,0.70484741,0,0,0,0
5718,1,0.707521571,0,0,0,0
5719,2,0.707886329,0,0,0,0
5726,1,0.706823481,0,0,0,0
5728,1,0.707884863,0,0,0,0
5732,2,0.707727372,0,0,0,0
5733,1,0.7048626,0,0,0,0
5734,2,0.705367775,0,0,0,0
5736,1,0.706925306,0,0,0,0
5737,1,0.707844265,0,0,0,0
5741,1,0.704895874,0,0,0,0
5750,1,0.706843097,0,0,0,0
5751,1,0.70686795,0,0,0,0
5753,1,0.706846801,0,0,0,0
5754,1,0.706864749,0,0,0,0
5755,1,0.706879898,0,0,0,0
5756,1,0.707400819,0,0,0,0
5757,1,0.706335027,0,0,0,0
5758,1,0.707500648,0,0,0,0
5759,1,0.707811287,0,0,0,0
5760,1,0.70689599,0,0,0,0
5761,1,0.707863442,0,0,0,0
5762,1,0.707711764,0,0,0,0
5763,1,0.706937477,0,0,0,0
5765,1,0.708151753,0,0,0,0
5766,1,0.707219661,0,0,0,0
5767,1,0.707163939,0,0,0,0
5769,2,0.706810331,0,0,0,0
5770,2,0.704513548,0,0,0,0
5771,1,0.707208779,0,0,0,0
5774,1,0.706845152,0,0,0,0
5775,1,0.704907095,0,0,0,0
5776,1,0.706822645,0,0,0,0
5777,2,0.70810144,0,0,0,0
5778,1,0.707176591,0,0,0,0
5779,1,0.70791004,0,0,0,0
5783,1,0.708340908,0,0,0,0
5784,1,0.704949838,0,0,0,0
5787,1,0.706836445,0,0,0,0
5788,1,0.707191971,0,0,0,0
5789,1,0.706843795,0,0,0,0
5790,2,0.705464886,0,0,0,0
5791,1,0.707301403,0,0,0,0
5795,2,0.707425335,0,0,0,0
5796,1,0.707870666,0,0,0,0
5797,2,0.706842189,0,0,0,0
5798,1,0.706871153,0,0,0,0
5799,1,0.706958627,0,0,0,0
5800,2,0.70504766,0,0,0,0
5801,2,0.70523056,0,0,0,0
5802,1,0.70762826,0,0,0,0
5803,2,0.70725417,0,0,0,0
5804,1,0.707938218,0,0,0,0
5805,1,0.707239153,0,0,0,0
5867,1,0.70773673,0,0,0,0
5868,2,0.706867516,0,0,0,0
5915,1,0.706960009,0,0,0,0
5916,1,0.706878678,0,0,0,0
5917,1,0.707684785,0,0,0,0
5987,2,0.70686588,0,0,0,0
5988,1,0.708366548,0,0,0,0
6047,1,0.706883704,0,0,0,0
6049,2,0.706794861,0,0,0,0
6276,1,0.707324733,0,0,0,0
6277,1,0.705159392,0,0,0,0
6554,1,0.70701304,0,0,0,0
6555,1,0.707797308,0,0,0,0
6556,1,0.705081336,0,0,0,0
5813,1,0.706831938,0,0,0,0
5827,1,0.70777774,0,0,0,0
5828,2,0.706862889,0,0,0,0
5830,2,0.706903141,0,0,0,0
5831,2,0.706829896,0,0,0,0
5832,1,0.706867369,0,0,0,0
5836,1,0.70788293,0,0,0,0
5841,1,0.707663461,0,0,0,0
5842,1,0.707858183,0,0,0,0
5844,1,0.706870601,0,0,0,0
5845,2,0.704916419,0,0,0,0
5858,2,0.707220438,0,0,0,0
5859,1,0.706876843,0,0,0,0
5860,1,0.706871113,0,0,0,0
5891,1,0.707841371,0,0,0,0
5892,2,0.707754926,0,0,0,0
5893,1,0.704917554,0,0,0,0
5894,1,0.705498175,0,0,0,0
5895,1,0.706880755,0,0,0,0
5896,1,0.707248056,0,0,0,0
5902,1,0.707642963,0,0,0,0
5967,2,0.707722447,0,0,0,0
5968,2,0.70684443,0,0,0,0
6086,2,0.708208754,0,0,0,0
6087,1,0.70772909,0,0,0,0
6224,2,0.706977406,0,0,0,0
6227,1,0.706996574,0,0,0,0
6228,1,0.70697965,0,0,0,0
5861,1,0.707962046,0,0,0,0
5862,2,0.706780245,0,0,0,0
5863,2,0.705686998,0,0,0,0
5872,1,0.706839384,0,0,0,0
5873,1,0.707446887,0,0,0,0
5874,1,0.70693094,0,0,0,0
5883,1,0.706917157,0,0,0,0
5884,1,0.707331256,0,0,0,0
5886,2,0.706855756,0,0,0,0
5888,1,0.708275329,0,0,0,0
5904,2,0.704536601,0,0,0,0
5905,1,0.707026472,0,0,0,0
5906,1,0.704961098,0,0,0,0
5907,1,0.707831522,0,0,0,0
5909,1,0.706868712,0,0,0,0
5910,2,0.704959451,0,0,0,0
5911,1,0.707716705,0,0,0,0
5913,1,0.70495187,0,0,0,0
5914,2,0.70493561,0,0,0,0
5918,1,0.705447877,0,0,0,0
5920,1,0.706985299,0,0,0,0
5921,1,0.705832933,0,0,0,0
5923,1,0.704923326,0,0,0,0
5924,2,0.706837031,0,0,0,0
5925,2,0.704956607,0,0,0,0
5926,1,0.707208592,0,0,0,0
5933,1,0.704909924,0,0,0,0
5939,1,0.70428354,0,0,0,0
5942,1,0.704965861,0,0,0,0
5943,1,0.707221466,0,0,0,0
5947,2,0.706497243,0,0,0,0
5948,1,0.70498723,0,0,0,0
5949,1,0.706215933,0,0,0,0
5950,1,0.708033929,0,0,0,0
5951,2,0.707749998,0,0,0,0
5952,1,0.707968456,0,0,0,0
5957,1,0.706854975,0,0,0,0
5958,1,0.704370895,0,0,0,0
5959,1,0.706862136,0,0,0,0
5960,2,0.706793771,0,0,0,0
5962,2,0.706840841,0,0,0,0
5963,1,0.705244193,0,0,0,0
5964,1,0.70685528500000006,0,0,0,0
5965,1,0.707771564,0,0,0,0
5971,1,0.707218979,0,0,0,0
5973,2,0.706954082,0,0,0,0
5974,2,0.704968674,0,0,0,0
5979,1,0.706869332,0,0,0,0
5981,1,0.707608432,0,0,0,0
5982,1,0.707550072,0,0,0,0
5983,1,0.706872738,0,0,0,0
6170,1,0.708208067,0,0,0,0
6171,2,0.707988571,0,0,0,0
6173,1,0.707258188,0,0,0,0
6174,1,0.706635729,0,0,0,0
6734,2,0.706922552,0,0,0,0
6735,1,0.707041593,0,0,0,0
6736,1,0.706975795,0,0,0,0
6285,2,0.708424969,0,0,0,0
6286,1,0.70692266,0,0,0,0
6577,1,0.708401868,0,0,0,0
6579,1,0.705086992,0,0,0,0
6179,1,0.707018627,0,0,0,0
6180,2,0.707586287,0,0,0,0
6181,2,0.704978357,0,0,0,0
6301,1,0.706973241,0,0,0,0
6350,1,0.707261588,0,0,0,0
6351,1,0.707005496,0,0,0,0
6352,1,0.706916273,0,0,0,0
6353,1,0.70691195,0,0,0,0
6354,1,0.705491569,0,0,0,0
6355,1,0.708223433,0,0,0,0
6194,1,0.706910249,0,0,0,0
6196,1,0.707294836,0,0,0,0
6198,2,0.707614042,0,0,0,0
6199,1,0.70776701,0,0,0,0
6371,1,0.705010833,0,0,0,0
6372,1,0.708087627,0,0,0,0
6374,1,0.707821082,0,0,0,0
6474,2,0.706904633,0,0,0,0
6475,1,0.707812328,0,0,0,0
6479,1,0.707835248,0,0,0,0
6480,1,0.70695139,0,0,0,0
6481,1,0.706969167,0,0,0,0
6482,2,0.706510532,0,0,0,0
6484,2,0.706038952,0,0,0,0
6642,2,0.706913046,0,0,0,0
6643,2,0.707890447,0,0,0,0
6647,1,0.706985342,0,0,0,0
6648,1,0.708425116,0,0,0,0
6649,2,0.706911241,0,0,0,0
6651,1,0.705030583,0,0,0,0
6873,1,0.707134811,0,0,0,0
6875,2,0.70697225,0,0,0,0
6877,1,0.70698604,0,0,0,0
6878,1,0.703987981,0,0,0,0
6879,2,0.708403808,0,0,0,0
6880,1,0.707830876,0,0,0,0
6986,2,0.707057146,0,0,0,0
6987,1,0.70794438,0,0,0,0
6990,1,0.706941276,0,0,0,0
6991,2,0.706990934,0,0,0,0
7139,2,0.707730126,0,0,0,0
7213,1,0.707085289,0,0,0,0
7215,1,0.707143793,0,0,0,0
7216,1,0.707002884,0,0,0,0
7218,1,0.707338395,0,0,0,0
7220,1,0.707164809,0,0,0,0
7320,2,0.707447602,0,0,0,0
7321,1,0.707580075,0,0,0,0
7539,1,0.70505122,0,0,0,0
7540,2,0.707182496,0,0,0,0
7541,1,0.707961385,0,0,0,0
7995,2,0.707153636,0,0,0,0
7638,1,0.707076605,0,0,0,0
7677,1,0.708135613,0,0,0,0
7678,1,0.70530259,0,0,0,0
7679,1,0.705703888,0,0,0,0
7680,1,0.707190092,0,0,0,0
6376,1,0.707294987,0,0,0,0
6377,1,0.706975543,0,0,0,0
6512,1,0.707153859,0,0,0,0
6514,2,0.706968207,0,0,0,0
5984,1,0.707740584,0,0,0,0
5986,2,0.706264525,0,0,0,0
5990,1,0.704937343,0,0,0,0
5991,1,0.706939953,0,0,0,0
5994,1,0.708003,0,0,0,0
5995,1,0.706865719,0,0,0,0
5996,1,0.706969245,0,0,0,0
5997,1,0.704890605,0,0,0,0
6000,1,0.707939844,0,0,0,0
6001,1,0.706872847,0,0,0,0
6004,2,0.706840824,0,0,0,0
6009,1,0.705687419,0,0,0,0
6010,2,0.706878022,0,0,0,0
6012,1,0.707788113,0,0,0,0
6013,1,0.708049604,0,0,0,0
6245,2,0.706172371,0,0,0,0
6246,1,0.707750728,0,0,0,0
6293,1,0.707808153,0,0,0,0
6294,1,0.707733189,0,0,0,0
6295,1,0.70701025,0,0,0,0
6608,2,0.708393714,0,0,0,0
6609,2,0.706054714,0,0,0,0
6610,1,0.707657951,0,0,0,0
6509,2,0.707842321,0,0,0,0
6510,1,0.706915368,0,0,0,0
6511,1,0.706058858,0,0,0,0
6515,2,0.705862973,0,0,0,0
6517,2,0.703874187,0,0,0,0
6572,1,0.70783907,0,0,0,0
6573,2,0.707153508,0,0,0,0
6574,1,0.708343552,0,0,0,0
6014,1,0.705551604,0,0,0,0
6015,2,0.705203958,0,0,0,0
6016,1,0.707956601,0,0,0,0
6020,1,0.70689705,0,0,0,0
6021,1,0.707288982,0,0,0,0
6022,1,0.70793256,0,0,0,0
6024,2,0.705621113,0,0,0,0
6025,1,0.707001701,0,0,0,0
6033,1,0.704973921,0,0,0,0
6034,2,0.706874511,0,0,0,0
6035,1,0.704325948,0,0,0,0
6037,1,0.706935424,0,0,0,0
6119,1,0.705014992,0,0,0,0
6120,1,0.706878275,0,0,0,0
6122,1,0.706886084,0,0,0,0
6123,2,0.706944207,0,0,0,0
6138,2,0.706206862,0,0,0,0
6139,2,0.708056718,0,0,0,0
6141,1,0.707516841,0,0,0,0
6142,1,0.708045442,0,0,0,0
6143,1,0.706896595,0,0,0,0
6144,2,0.707002377,0,0,0,0
6145,1,0.707869264,0,0,0,0
6146,2,0.705804771,0,0,0,0
6148,1,0.706984423,0,0,0,0
6149,1,0.707232015,0,0,0,0
6152,2,0.707359258,0,0,0,0
6153,2,0.705620176,0,0,0,0
6154,2,0.706026661,0,0,0,0
6156,1,0.704086251,0,0,0,0
6159,1,0.704929858,0,0,0,0
6162,1,0.707824653,0,0,0,0
6164,2,0.704586427,0,0,0,0
6165,1,0.704915493,0,0,0,0
6166,1,0.707535038,0,0,0,0
6176,1,0.70701921,0,0,0,0
6177,2,0.707565217,0,0,0,0
6178,1,0.707272831,0,0,0,0
6188,2,0.707589114,0,0,0,0
6189,1,0.706971435,0,0,0,0
6192,2,0.708320784,0,0,0,0
6193,1,0.704942992,0,0,0,0
6200,1,0.707772768,0,0,0,0
6201,1,0.70837308,0,0,0,0
6204,3,0.706857837,0,0,0,0
6214,4,0.706072815,0,0,0,0
6216,3,0.706832545,0,0,0,0
6222,3,0.708312228,0,0,0,0
6230,3,0.707460305,59.04759255947219,3.2190480292109845e-4,0.6084261356232288,41.778736751917684
6232,5,0.707323361,56.56970228531729,3.0839629654874195e-4,0.5828939650697215,40.025521743875025
6398,3,0.706998699,0,0,0,0
6400,3,0.708199174,84.05342621189597,4.5822700683913057e-4,0.8660861362719915,59.4714503096234
6401,3,0.706889383,0,0,0,0
6457,5,0.70712386,55.37571523335559,3.018871375806611e-4,0.5705911277054793,39.18072403804368
6548,4,0.707936602,72.11675614181841,3.931528647803771e-4,0.7430907400476334,51.025737708386025
6731,5,0.705616215,63.022344583775286,3.435736248253079e-4,0.6493819631071622,44.59104647157741
6733,3,0.707821171,68.94475001642277,3.7586030529742145e-4,0.7104064027970693,48.78140558333114
6288,4,0.706381996,60.435017866354336,3.2946851298311e-4,0.6227221599206115,42.76040042602592
6416,5,0.707923931,71.32384643019182,3.8883022547550947e-4,0.7349206018450097,50.46471964356447
6418,5,0.707162698,54.490458729099906,2.9706105901954055e-4,0.5614694485552729,38.55436660591009
6248,4,0.706077676,0,0,0,0
6259,3,0.705602687,63.04930729207972,3.437206151584737e-4,0.6496597867356714,44.61012375895766
6260,3,0.705585833,62.6961042761399,3.417950879302005e-4,0.6460203844033529,44.360217282109
6264,3,0.707679404,0,0,0,0
6266,4,0.706096603,0,0,0,0
6268,4,0.708066686,79.35554573016516,4.326159662349724e-4,0.817679196323671,56.14749579377213
6646,3,0.708225221,85.37769654925225,4.6544642025605484e-4,0.8797314120394436,60.40842909935233
6328,5,0.70686901,57.405589802117554,3.1295323434580425e-4,0.5915069463889894,40.61694847280455
6329,3,0.70843403,91.65655703359435,4.996763568067362e-4,0.9444287630238714,64.85099564451906
6330,3,0.707786964,67.44022153053525,3.6765819366601154e-4,0.6949037478550981,47.716886323136976
6333,3,0.706998096,0,0,0,0
6334,3,0.707005628,0,0,0,0
6335,4,0.706123287,0,0,0,0
6338,3,0.706842588,0,0,0,0
6339,5,0.707369715,57.78860167589184,3.1504126802168314e-4,0.5954534990621334,40.88794601146217
6340,3,0.708062171,0,0,0,0
6342,4,0.706384949,60.36516746173155,3.290877153966308e-4,0.6220024216567094,42.71097823046713
6349,3,0.707833375,69.16617997673916,3.770674564215707e-4,0.712688016140252,48.938076899129975
6359,5,0.707831535,69.13343789520637,3.768889591645924e-4,0.7123506418752608,48.914910454135786
6362,3,0.707008996,0,0,0,0
6366,4,0.706127934,0,0,0,0
6386,3,0.708351408,89.1719111167794,4.861310212644707e-4,0.9188269823579253,63.09300072583059
6390,3,0.706998807,0,0,0,0
6391,3,0.705674745,64.08159520773948,3.4934825252088775e-4,0.6602964769062797,45.340512301675936
6396,5,0.707257087,54.77068665939053,2.985887541001204e-4,0.5643569159240516,38.75264003963823
6405,3,0.70680065,0,0,0,0
6407,5,0.706972638,56.76891494791163,3.094823274961888e-4,0.5849466514742927,40.166473356420354
6408,3,0.70556007,62.12109938059951,3.386603820166416e-4,0.6400955364731733,43.95337634041184
6415,3,0.706626758,59.54510104912707,3.2461702818502644e-4,0.6135524609259173,42.13074562002184
6424,5,0.706967109,56.472031827749724,3.078638347153008e-4,0.5818875691018836,39.95641565236003
6427,3,0.707427841,57.76528736249858,3.149141673367477e-4,0.5952132684788412,40.871450121967136
6429,4,0.70786682,70.3526783301432,3.8353578988045055e-4,0.724913689987291,49.77757602542415
6430,3,0.707497819,59.255546841337214,3.2303848982040656e-4,0.6105688956345535,41.925873439831285
6462,4,0.707355329,57.50751361016229,3.135088838129449e-4,0.5925571688615517,40.68906399454687
6464,3,0.706669552,59.453301867123,3.2411657429164245e-4,0.612606562555821,42.065793711015104
6468,4,0.706310135,0,0,0,0
6469,5,0.707928482,71.69263424100379,3.9084071502154067e-4,0.7387205898355663,50.725653039785676
6670,3,0.706789756,0,0,0,0
6470,4,0.706398888,60.63926939875992,3.3058201391406044e-4,0.6248267668176919,42.90491725785025
6472,4,0.706287513,0,0,0,0
6473,5,0.706957989,56.78143039854623,3.095505569276587e-4,0.5850756106229239,40.17532858141311
6488,3,0.708231558,85.48061501549226,4.6600749221777056e-4,0.8807918834657023,60.48124838497557
6489,3,0.705575715,62.47527524966629,3.4059121286662955e-4,0.6437449630798593,44.203971153108384
6498,3,0.706790883,57.440722177550676,3.1314476256735806e-4,0.5918689502318812,40.641806154567135
6508,4,0.70622755,0,0,0,0
6520,3,0.705728055,64.83121169120824,3.5343487376855975e-4,0.6680205218752089,45.8708985269263
6523,4,0.706229926,0,0,0,0
6534,3,0.706707568,0,0,0,0
6727,4,0.706422939,60.07973058040213,3.2753162311499856e-4,0.6190612812791962,42.509019237603205
6869,5,0.705648001,63.62741397267507,3.468722308132014e-4,0.6556165954454987,45.01915934832216
6870,5,0.707798483,67.9407917699349,3.70387110413969e-4,0.7000616214137733,48.07106151218738
6936,3,0.704278064,11.13659096404534,6.071241796832276e-5,0.11475138461311792,7.879621878436738
6937,3,0.706950626,0,0,0,0
6571,4,0.706252522,0,0,0,0
6581,4,0.70629209,0,0,0,0
6583,4,0.706795307,0,0,0,0
6593,4,0.706282074,0,0,0,0
6594,4,0.706291805,0,0,0,0
6597,4,0.706266877,0,0,0,0
6598,3,0.70655412,58.85770565508606,3.2086961242671627e-4,0.60646954179047,41.6443835184138
6601,4,0.70625055,0,0,0,0
6604,4,0.706277517,0,0,0,0
6611,4,0.706289595,0,0,0,0
6865,3,0.70787794,70.54908567238822,3.846065272984741e-4,0.7269374703832453,49.91654275195976
6720,3,0.707796237,67.90106487607626,3.70170534642055e-4,0.6996522756731085,48.04295300905375
6721,3,0.707472431,59.00966614391342,3.2169804266556974e-4,0.6080353420030955,41.75190216539363
6790,4,0.706438996,60.00233422810142,3.2710968791909567e-4,0.6182637896034056,42.45425795626775
6771,3,0.707830022,69.10634323358616,3.767412494726133e-4,0.7120714586003627,48.89573980405259
6818,3,0.707792032,67.52586700523948,3.681250999099533e-4,0.6957862384520759,47.7774842169132
6633,5,0.707699678,65.18492343510484,3.5536317438632383e-4,0.6716651661381703,46.12116495090343
6634,5,0.707712173,65.43837062650321,3.567448711611047e-4,0.6742766848904675,46.300489848515134
6641,3,0.706357831,60.9881271660605,3.324838525151394e-4,0.6284213957270255,43.15174928252988
6836,3,0.707871796,70.44114715440469,3.8401808794213477e-4,0.7258252723657652,49.840171561657904
6837,3,0.704223218,9.604133833056727,5.235805008720942e-5,0.09896095303410697,6.7953418886185615
6968,3,0.70432857,11.758863121152025,6.410480684336388e-5,0.1211632741998614,8.319906460972826
6969,3,0.707882118,70.62548826052983,3.850230448737439e-4,0.7277247223174846,49.97060090198372
6663,5,0.707694516,0,0,0,0
6666,7,0.70857163,0,0,0,0
6671,7,0.708587238,0,0,0,0
6675,4,0.707327548,56.654415547755775,3.0885812072933995e-4,0.5837668501555879,40.085460056978114
6684,3,0.706803876,0,0,0,0
6687,7,0.708738127,0,0,0,0
6695,4,0.707709725,65.38871866241723,3.564741877171075e-4,0.673765071269565,46.26535892705252
6696,5,0.706958164,56.7812161872038,3.095493891296676e-4,0.5850734033901879,40.17517701758304
6699,3,0.706852047,0,0,0,0
6702,3,0.708309113,0,0,0,0
6703,5,0.707715367,65.50257175184697,3.570948710460328e-4,0.6749382130053729,46.34591493358041
6712,3,0.705911401,65.27202098151194,3.558379967676572e-4,0.6725626188756272,46.18279024848716
6714,3,0.706859239,0,0,0,0
6813,3,0.706875446,0,0,0,0
6857,4,0.706533645,59.02050800088194,3.2175714830695953e-4,0.6081470564499071,41.75957325016705
6971,3,0.704135204,8.104268067949654,4.418135781921206e-5,0.08350634274667562,5.734121705924257
6724,3,0.708178097,0,0,0,0
6728,3,0.707796373,67.90348007960324,3.7018370140435073e-4,0.6996771619196931,48.04466187046506
6753,3,0.706133696,63.98818435583367,3.488390124220108e-4,0.659333971896561,45.27442006620309
6755,3,0.705087692,43.12399679819338,2.3509547280036654e-4,0.4443494745044322,30.512101032868372
6756,4,0.707692333,65.03804957743095,3.545624745074735e-4,0.6701517785507154,46.01724531642696
6881,3,0.705379155,56.10297167026545,3.058518604397815e-4,0.578084774852406,39.69528955903748
6943,3,0.704829312,30.03088612239158,1.6371686058221273e-4,0.309438119333739,21.24815646752306
7250,5,0.706954523,56.78563997058032,3.0957350589809555e-4,0.5851189860347622,40.17830703649023
7252,4,0.707583792,61.79964190978506,3.369079193114802e-4,0.6367832400990601,43.725931215759765
7020,3,0.708357001,0,0,0,0
6738,3,0.708113769,0,0,0,0
6786,3,0.707222221,0,0,0,0
7040,4,0.70779237800000006,67.83201549704802,3.697941039395581e-4,0.6989407911734309,47.99409757389949
7558,3,0.705847826,65.7864925472273,3.586426982091818e-4,0.6778637316398937,46.546801229776875
7559,3,0.708813097,96.14289716318525,5.241341606333429e-4,0.99065599210843,68.02527617195904
7607,5,0.706957946,56.78148300875087,3.095508437382943e-4,0.5850761527182424,40.17536580541827
7362,3,0.707072126,55.33096154325025,3.016431576456816e-4,0.5701299858782616,39.14905885820243
6846,5,0.707721168,65.61748411814673,3.577213291457371e-4,0.6761222695254193,46.42722042450864
6848,4,0.707745931,66.7057285695922,3.636540200563733e-4,0.6873355355961656,47.19720064703647
6852,7,0.708559864,0,0,0,0
6853,3,0.707857384,70.48183924167267,3.842399255779242e-4,0.7262445634551008,49.86896298105647
6872,4,0.707854392,70.12914937214889,3.823171958268852e-4,0.72261044858121,49.619419577588125
6885,4,0.706361404,60.908451020397244,3.3204948876116566e-4,0.6276004130703927,43.09537494835665
6888,4,0.706357404,60.99759945951609,3.3253549182210964e-4,0.6285189981973865,43.15845134162432
6891,4,0.706442073,59.93010124513041,3.2671590143026864e-4,0.617519501262618,42.40314998302885
6894,3,0.707883678,70.65370982840454,3.851768980259394e-4,0.7280155172295031,49.99056888719457
6899,3,0.704176593,8.821396914796988,4.809086894586669e-5,0.090895635249868,6.2415215170082545
6202,1,0.706929655,0,0,0,0
6203,1,0.707768094,0,0,0,0
6205,1,0.707412653,0,0,0,0
6206,2,0.706869295,0,0,0,0
6207,1,0.707353339,0,0,0,0
6208,1,0.7054438,0,0,0,0
6209,1,0.707688666,0,0,0,0
6210,2,0.708356064,0,0,0,0
6211,2,0.707383609,0,0,0,0
6212,2,0.70769273,0,0,0,0
6213,1,0.706885809,0,0,0,0
6215,2,0.707829189,0,0,0,0
6217,1,0.707778517,0,0,0,0
6221,2,0.707359495,0,0,0,0
6223,1,0.708843379,0,0,0,0
6231,1,0.706896338,0,0,0,0
6399,1,0.708555533,0,0,0,0
6402,2,0.706991701,0,0,0,0
6403,1,0.705928156,0,0,0,0
6455,1,0.705047244,0,0,0,0
6456,1,0.70752537,0,0,0,0
6549,2,0.705398209,0,0,0,0
6550,1,0.707073609,0,0,0,0
6551,1,0.706945248,0,0,0,0
6552,2,0.705065221,0,0,0,0
6553,1,0.706906006,0,0,0,0
6732,1,0.707761287,0,0,0,0
6236,2,0.706015149,0,0,0,0
6237,2,0.706882483,0,0,0,0
6238,1,0.706994897,0,0,0,0
6242,2,0.708336771,0,0,0,0
6243,2,0.70762406,0,0,0,0
6244,1,0.707278559,0,0,0,0
6287,2,0.706891189,0,0,0,0
6289,1,0.70689743,0,0,0,0
6344,1,0.708310422,0,0,0,0
6345,1,0.706916151,0,0,0,0
6346,1,0.707030977,0,0,0,0
6417,1,0.707803637,0,0,0,0
6557,2,0.708419806,0,0,0,0
6558,2,0.706911052,0,0,0,0
6559,1,0.707298336,0,0,0,0
6560,1,0.706914195,0,0,0,0
6561,2,0.708308054,0,0,0,0
6562,1,0.706907973,0,0,0,0
6617,1,0.707240842,0,0,0,0
6618,1,0.707924244,0,0,0,0
6619,1,0.707051235,0,0,0,0
6249,1,0.707636155,0,0,0,0
6250,2,0.707862441,0,0,0,0
6251,1,0.707321322,0,0,0,0
6252,2,0.705565392,0,0,0,0
6253,1,0.706968757,0,0,0,0
6254,1,0.706889148,0,0,0,0
6255,1,0.706974484,0,0,0,0
6256,1,0.706991771,0,0,0,0
6257,1,0.706952988,0,0,0,0
6258,2,0.705545275,0,0,0,0
6261,2,0.706612696,0,0,0,0
6262,2,0.705874477,0,0,0,0
6263,1,0.706904663,0,0,0,0
6265,2,0.705438598,0,0,0,0
6267,1,0.706917738,0,0,0,0
6644,1,0.706948022,0,0,0,0
6645,2,0.707083826,0,0,0,0
6326,1,0.70512063,0,0,0,0
6327,2,0.706905031,0,0,0,0
6331,2,0.707741416,0,0,0,0
6332,1,0.708352709,0,0,0,0
6336,1,0.707699481,0,0,0,0
6337,1,0.707084203,0,0,0,0
6341,2,0.707325769,0,0,0,0
6343,1,0.706905988,0,0,0,0
6347,1,0.706248345,0,0,0,0
6348,1,0.706975158,0,0,0,0
6356,1,0.706994451,0,0,0,0
6357,2,0.707704413,0,0,0,0
6358,1,0.707760282,0,0,0,0
6360,2,0.706894506,0,0,0,0
6361,1,0.707047785,0,0,0,0
6363,1,0.707565441,0,0,0,0
6364,1,0.705078146,0,0,0,0
6365,2,0.706967125,0,0,0,0
6367,1,0.707492739,0,0,0,0
6368,1,0.707882849,0,0,0,0
6369,2,0.708328866,0,0,0,0
6370,2,0.708693875,0,0,0,0
6387,2,0.707692495,0,0,0,0
6388,1,0.70884559,0,0,0,0
6389,1,0.70724215,0,0,0,0
6392,1,0.705405527,0,0,0,0
6393,2,0.706963023,0,0,0,0
6394,1,0.70884604,0,0,0,0
6395,2,0.707901668,0,0,0,0
6397,1,0.707778453,0,0,0,0
6404,1,0.707574198,0,0,0,0
6406,1,0.706999699,0,0,0,0
6409,1,0.706905173,0,0,0,0
6410,1,0.707110737,0,0,0,0
6411,1,0.704996834,0,0,0,0
6412,1,0.707015946,0,0,0,0
6413,1,0.706916754,0,0,0,0
6414,2,0.70763267,0,0,0,0
6419,1,0.706906812,0,0,0,0
6420,1,0.707742516,0,0,0,0
6421,2,0.707799233,0,0,0,0
6422,1,0.70766158,0,0,0,0
6423,1,0.706958027,0,0,0,0
6425,1,0.706909412,0,0,0,0
6426,1,0.706959462,0,0,0,0
6428,1,0.706197928,0,0,0,0
6440,1,0.708297543,0,0,0,0
6441,1,0.707117137,0,0,0,0
6442,2,0.707801929,0,0,0,0
6443,2,0.706987677,0,0,0,0
6444,2,0.707672237,0,0,0,0
6445,1,0.704250337,0,0,0,0
6446,1,0.706913928,0,0,0,0
6447,1,0.708662506,0,0,0,0
6459,1,0.707509162,0,0,0,0
6460,1,0.706179195,0,0,0,0
6461,1,0.706978605,0,0,0,0
6463,1,0.706921262,0,0,0,0
6465,1,0.706914046,0,0,0,0
6466,1,0.708361084,0,0,0,0
6467,1,0.707834786,0,0,0,0
6605,2,0.705156753,0,0,0,0
6606,1,0.70692919,0,0,0,0
6607,1,0.708650626,0,0,0,0
6668,1,0.707184877,0,0,0,0
6669,2,0.705288257,0,0,0,0
6716,2,0.705394336,0,0,0,0
6717,1,0.704829805,0,0,0,0
6718,1,0.707713094,0,0,0,0
6471,1,0.707900736,0,0,0,0
6485,1,0.707750223,0,0,0,0
6486,2,0.707816278,0,0,0,0
6487,1,0.705377621,0,0,0,0
6490,2,0.706894503,0,0,0,0
6491,2,0.707837669,0,0,0,0
6492,2,0.707987153,0,0,0,0
6493,2,0.706967696,0,0,0,0
6494,2,0.707300965,0,0,0,0
6495,1,0.707683922,0,0,0,0
6496,1,0.707618322,0,0,0,0
6497,1,0.704995861,0,0,0,0
6499,1,0.70365619,0,0,0,0
6500,1,0.707275389,0,0,0,0
6501,1,0.707887553,0,0,0,0
6502,1,0.707747861,0,0,0,0
6503,2,0.706153566,0,0,0,0
6504,1,0.706936347,0,0,0,0
6505,1,0.705564736,0,0,0,0
6506,1,0.706919135,0,0,0,0
6507,1,0.70831927,0,0,0,0
6518,2,0.703758871,0,0,0,0
6519,1,0.70825523,0,0,0,0
6521,2,0.706967319,0,0,0,0
6522,2,0.707299869,0,0,0,0
6524,2,0.703698219,0,0,0,0
6525,1,0.708434305,0,0,0,0
6526,2,0.706895441,0,0,0,0
6527,2,0.705422367,0,0,0,0
6528,1,0.70710499,0,0,0,0
6529,2,0.70597353,0,0,0,0
6533,2,0.708425876,0,0,0,0
6535,1,0.707637731,0,0,0,0
6590,2,0.708189461,0,0,0,0
6725,1,0.706989278,0,0,0,0
6726,1,0.707679929,0,0,0,0
6740,1,0.707833811,0,0,0,0
6741,1,0.708427267,0,0,0,0
6742,1,0.708215401,0,0,0,0
6871,1,0.707860241,0,0,0,0
6935,1,0.707949574,0,0,0,0
6542,1,0.707890114,0,0,0,0
6543,1,0.704955975,0,0,0,0
6544,1,0.707663968,0,0,0,0
6545,2,0.708408376,0,0,0,0
6546,2,0.706132262,0,0,0,0
6547,1,0.707318035,0,0,0,0
6563,2,0.707808991,0,0,0,0
6564,2,0.708204507,0,0,0,0
6565,2,0.706916608,0,0,0,0
6566,1,0.707086961,0,0,0,0
6567,1,0.708351066,0,0,0,0
6568,1,0.706915601,0,0,0,0
6569,1,0.707346797,0,0,0,0
6570,1,0.707779577,0,0,0,0
6582,1,0.707336122,0,0,0,0
6584,1,0.707878871,0,0,0,0
6585,1,0.708834582,0,0,0,0
6586,2,0.706951099,0,0,0,0
6587,1,0.706934821,0,0,0,0
6588,1,0.707015457,0,0,0,0
6589,1,0.707733251,0,0,0,0
6595,1,0.708329479,0,0,0,0
6596,1,0.707755886,0,0,0,0
6599,1,0.704979539,0,0,0,0
6600,2,0.707441878,0,0,0,0
6602,1,0.708377626,0,0,0,0
6603,1,0.707527017,0,0,0,0
6612,1,0.706927011,0,0,0,0
6613,2,0.707002158,0,0,0,0
6614,1,0.708207347,0,0,0,0
6615,1,0.707868263,0,0,0,0
6616,1,0.707742089,0,0,0,0
6620,1,0.706923551,0,0,0,0
6621,2,0.707822684,0,0,0,0
6622,1,0.708391448,0,0,0,0
6623,1,0.708866531,0,0,0,0
6624,1,0.706936763,0,0,0,0
6625,1,0.707036957,0,0,0,0
6626,1,0.70699149,0,0,0,0
6627,1,0.707013792,0,0,0,0
6628,2,0.706930631,0,0,0,0
6629,1,0.705240454,0,0,0,0
6630,1,0.703453015,0,0,0,0
6631,2,0.706897867,0,0,0,0
6863,2,0.70842901,0,0,0,0
6864,1,0.707927297,0,0,0,0
6764,1,0.708377492,0,0,0,0
6765,2,0.707056705,0,0,0,0
6766,1,0.707774718,0,0,0,0
7048,1,0.707062964,0,0,0,0
7103,1,0.708356274,0,0,0,0
7104,1,0.708365016,0,0,0,0
7105,2,0.707070642,0,0,0,0
6719,1,0.707192524,0,0,0,0
6788,1,0.708286019,0,0,0,0
6789,1,0.707637684,0,0,0,0
6842,1,0.704244461,0,0,0,0
6843,2,0.707902286,0,0,0,0
6844,1,0.708447362,0,0,0,0
6770,1,0.707885094,0,0,0,0
6772,1,0.707002952,0,0,0,0
6819,2,0.70389269,0,0,0,0
6820,1,0.707023227,0,0,0,0
6821,2,0.707062921,0,0,0,0
6822,1,0.706997708,0,0,0,0
6823,1,0.707528804,0,0,0,0
6632,1,0.704924229,0,0,0,0
6635,1,0.706968608,0,0,0,0
6636,1,0.708435595,0,0,0,0
6637,2,0.705191733,0,0,0,0
6638,2,0.706930636,0,0,0,0
6639,1,0.705765984,0,0,0,0
6640,1,0.708373636,0,0,0,0
6653,1,0.70696090599999994,0,0,0,0
6654,1,0.707062232,0,0,0,0
6655,2,0.706622736,0,0,0,0
6704,2,0.705875458,0,0,0,0
6705,2,0.705020837,0,0,0,0
6706,1,0.705422232,0,0,0,0
6866,2,0.708400562,0,0,0,0
6867,2,0.707876045,0,0,0,0
6868,1,0.707014457,0,0,0,0
7166,1,0.708917393,0,0,0,0
7167,2,0.707563412,0,0,0,0
7168,1,0.707826635,0,0,0,0
7169,2,0.707003962,0,0,0,0
7170,2,0.707184488,0,0,0,0
7171,1,0.707916251,0,0,0,0
6833,1,0.705531561,0,0,0,0
6835,1,0.707072237,0,0,0,0
6838,1,0.706989553,0,0,0,0
6970,1,0.706998474,0,0,0,0
6896,1,0.705528665,0,0,0,0
6897,1,0.707435722,0,0,0,0
6898,2,0.708442256,0,0,0,0
7325,2,0.707453855,0,0,0,0
7326,1,0.707081114,0,0,0,0
7327,2,0.707995698,0,0,0,0
7118,1,0.708949107,0,0,0,0
7119,1,0.707070111,0,0,0,0
6664,2,0.708378707,0,0,0,0
6665,1,0.706935103,0,0,0,0
6667,1,0.706910045,0,0,0,0
6672,2,0.707800984,0,0,0,0
6673,1,0.707729385,0,0,0,0
6674,1,0.7070147,0,0,0,0
6676,1,0.706917141,0,0,0,0
6683,1,0.707048877,0,0,0,0
6685,2,0.706125703,0,0,0,0
6686,1,0.707287108,0,0,0,0
6688,1,0.706904511,0,0,0,0
6689,1,0.706932249,0,0,0,0
6690,1,0.707426101,0,0,0,0
6691,1,0.707495714,0,0,0,0
6697,2,0.708355258,0,0,0,0
6698,1,0.705147257,0,0,0,0
6700,2,0.707810334,0,0,0,0
6701,2,0.707243096,0,0,0,0
6707,2,0.707920053,0,0,0,0
6708,2,0.708334039,0,0,0,0
6709,1,0.708450661,0,0,0,0
6710,2,0.706046502,0,0,0,0
6711,2,0.707695591,0,0,0,0
6713,2,0.70796795,0,0,0,0
6715,1,0.704680514,0,0,0,0
6812,1,0.707013273,0,0,0,0
6814,2,0.707629183,0,0,0,0
6858,1,0.708437789,0,0,0,0
6859,2,0.707847268,0,0,0,0
6860,1,0.707704857,0,0,0,0
6861,1,0.708348866,0,0,0,0
6862,1,0.707665549,0,0,0,0
6972,1,0.708449116,0,0,0,0
6973,1,0.707165568,0,0,0,0
7022,1,0.707064417,0,0,0,0
7023,1,0.706990086,0,0,0,0
7024,1,0.708409027,0,0,0,0
7026,1,0.707471753,0,0,0,0
7027,1,0.705109054,0,0,0,0
6722,1,0.707068891,0,0,0,0
6723,1,0.707659862,0,0,0,0
6729,1,0.707776129,0,0,0,0
6730,1,0.707082284,0,0,0,0
6752,1,0.707752947,0,0,0,0
6754,1,0.707054431,0,0,0,0
6757,1,0.707008569,0,0,0,0
6882,2,0.707948993,0,0,0,0
6883,1,0.708396769,0,0,0,0
6941,1,0.707931517,0,0,0,0
6942,1,0.707007364,0,0,0,0
7251,2,0.708402099,0,0,0,0
7016,2,0.705102653,0,0,0,0
7017,2,0.707446119,0,0,0,0
7018,1,0.707854018,0,0,0,0
7019,1,0.707498151,0,0,0,0
7021,1,0.70787381,0,0,0,0
6737,1,0.707434615,0,0,0,0
6739,1,0.708019476,0,0,0,0
6785,1,0.707539464,0,0,0,0
6787,1,0.708413326,0,0,0,0
7041,1,0.707124936,0,0,0,0
7042,2,0.707487625,0,0,0,0
7043,1,0.707360868,0,0,0,0
7044,2,0.70748579,0,0,0,0
7045,2,0.708547381,0,0,0,0
7178,2,0.70546848,0,0,0,0
7179,2,0.707058222,0,0,0,0
7180,2,0.707594148,0,0,0,0
7557,1,0.705084572,0,0,0,0
7605,1,0.705373589,0,0,0,0
7606,2,0.708604411,0,0,0,0
7361,1,0.707073529,0,0,0,0
7363,2,0.707467242,0,0,0,0
6845,2,0.708267312,0,0,0,0
6847,2,0.705368941,0,0,0,0
6849,2,0.707664516,0,0,0,0
6850,2,0.708414026,0,0,0,0
6851,1,0.70754107,0,0,0,0
6854,2,0.705489799,0,0,0,0
6855,2,0.706914306,0,0,0,0
6856,1,0.705722345,0,0,0,0
6884,1,0.705736577,0,0,0,0
6886,1,0.707523313,0,0,0,0
6887,1,0.707111764,0,0,0,0
6889,1,0.708431906,0,0,0,0
6890,1,0.707468212,0,0,0,0
6892,2,0.708435006,0,0,0,0
6893,1,0.707623183,0,0,0,0
6895,2,0.707878193,0,0,0,0
6900,2,0.708394907,0,0,0,0
6901,1,0.707342912,0,0,0,0
6903,5,0.707780325,67.32899179009445,3.6705181182852175e-4,0.6937576370958048,47.63818644997652
6915,3,0.706243718,63.23467171743476,3.44731150833614e-4,0.6515697809642624,44.74127714209143
6916,3,0.704966706,37.6933928388332,2.0548990513019152e-4,0.38839255504550857,26.669712827227038
6917,3,0.707885406,70.68477612720447,3.8534625955888606e-4,0.7283356242365403,50.01254964310959
6918,4,0.706363669,60.857560059369696,3.317720507815641e-4,0.6270760328304201,43.05936738273608
6922,5,0.707768336,67.12063961667532,3.659159557772337e-4,0.6916107772116458,47.49076823650405
6924,5,0.707757805,0,0,0,0
6925,4,0.70636601,60.80465102545568,3.3148361104343784e-4,0.6265308583762467,43.021931942883626
6931,3,0.706501944,0,0,0,0
6933,4,0.707320522,56.51192318755557,3.080813070924112e-4,0.5822986094989494,39.984640522295685
6934,6,0.70510036,43.849643371002294,2.3905141929852656e-4,0.45182653361869984,31.025527505078568
6938,4,0.706368203,60.75480179524009,3.3121185218024367e-4,0.6260172121260069,42.9866614470651
6945,4,0.707611259,62.68464335936076,3.4173260741241537e-4,0.6459022911669587,44.35210818562774
6951,3,0.706451754,59.699941836540305,3.254611607058604e-4,0.6151479397225812,42.240302203370796
6957,3,0.704171805,8.772185059726441,4.782258480723884e-5,0.09038855651033655,6.2067019917923
6958,3,0.708385849,0,0,0,0
6959,5,0.707745027,66.68829642900435,3.635589867190739e-4,0.687155914895748,47.18486665032172
6964,3,0.707655973,63.966516453384095,3.4872088733738993e-4,0.6591107059244354,45.25908908397049
6977,5,0.706974382,56.76878705833356,3.094816302913132e-4,0.5849453337006393,40.16638286898837
6980,6,0.705122685,44.89602331836956,2.4475588100708124e-4,0.462608428022423,31.765886772385045
6981,3,0.705573227,62.419977677821684,3.402897517368007e-4,0.64317517714129,44.16484571891242
6983,3,0.7054412,57.903889863533536,3.156697749550446e-4,0.5966414280436443,40.96951741231542
7197,3,0.707014653,0,0,0,0
7079,4,0.70777935300000006,67.31245810957296,3.669616765505344e-4,0.6935872741239837,47.62648815278766
7080,4,0.707861891,70.26339188192219,3.83049034446871e-4,0.7239936828151117,49.714401984721604
7084,4,0.707695698,65.10576255963481,3.549316196876022e-4,0.670849492823356,46.06515519277514
7149,5,0.707775794,67.25137895550067,3.666286964542769e-4,0.6929579147874129,47.58327199801479
7591,5,0.706139498,63.923058517612375,3.48483971357524e-4,0.6586629155442076,45.22834070660761
6993,3,0.705769499,0,0,0,0
6998,4,0.706564452,58.62539202991126,3.19603127740614e-4,0.604075783212161,41.48001153694333
7000,3,0.707005549,0,0,0,0
7003,4,0.706372707,60.65156068478561,3.30649021286152e-4,0.6249534161751726,42.913613876644526
7005,5,0.70772497,65.99382037500482,3.597729699213361e-4,0.6800000366710393,46.69349467421053
7006,4,0.707738191,66.55475572816587,3.628309740919366e-4,0.6857799120980431,47.09038080349608
7007,5,0.707751097,66.80432297283836,3.6419151888689914e-4,0.688351451896237,47.26696047025509
7013,3,0.707623503,62.647030387564286,3.415275559319299e-4,0.6455147272699822,44.32549537418145
7029,3,0.70754556,60.65541269679267,3.306700209766091e-4,0.6249931072900555,42.91633934247019
7034,3,0.707543351,60.605025246313694,3.303953279431921e-4,0.6244739152205744,42.88068803243513
7036,5,0.707757642,66.92672488828802,3.648588071329068e-4,0.6896126806979855,47.353565142551446
7049,4,0.707989004,75.36449794476077,4.1085830609810384e-4,0.776555457388582,53.323656115248504
7050,5,0.70776148,66.99718997236855,3.652429557157794e-4,0.6903387526163334,47.403422250528145
7052,3,0.70516064,46.78015297748505,2.550274324845525e-4,0.482022491794018,33.09899035244013
7054,5,0.707740198,66.59427675775515,3.63046427570897e-4,0.6861871366141763,47.11834364871644
7057,3,0.70838048,0,0,0,0
7060,3,0.708372103,0,0,0,0
7069,3,0.705722119,64.75824520432506,3.530370884980372e-4,0.6672686755133166,45.819271567806254
7074,4,0.707806722,68.0836069613512,3.711656840027347e-4,0.7015331885218512,48.17210946397892
7075,3,0.706966062,0,0,0,0
7076,5,0.707732461,66.1417810144204,3.605795945169651e-4,0.68152462245281,46.798183253978834
7087,3,0.705771227,65.58225584315501,3.575292781166111e-4,0.6757592775338949,46.40229488964249
7090,3,0.706135812,0,0,0,0
7093,5,0.707944704,72.24089999206431,3.938296493860665e-4,0.744369917737908,51.11357487522003
7107,5,0.707778729,67.3018104750685,3.669036297354457e-4,0.6934775609445929,47.61895448884456
7108,3,0.70454463,17.70184765667286,9.650367668286052e-5,0.18239976087581997,12.524826181961735
7111,5,0.70776861,67.12550844800842,3.659424987762418e-4,0.6916609456284193,47.494213146173315
7127,5,0.706962704,56.77560265404281,3.09518786302227e-4,0.5850155615690349,40.17120519902083
7131,3,0.706001723,65.04699490257566,3.5461124098554577e-4,0.6702439511419045,46.02357452255004
7132,3,0.707799494,67.95856327554417,3.7048399383906374e-4,0.700244738929888,48.08363562439673
7142,5,0.707794953,0,0,0,0
7143,4,0.707314443,56.38729226367105,3.074018671482592e-4,0.5810144130040316,39.896458729703966
7237,3,0.707021749,0,0,0,0
7920,3,0.707843832,69.34789888646155,3.7805811814520165e-4,0.7145604469916996,49.066650921593144
7922,7,0.708763683,0,0,0,0
7944,3,0.70844884,91.89935802984051,5.010000146132242e-4,0.9469305834278571,65.02278789659191
7993,4,0.708081066,79.90706423630188,4.3562263337125685e-4,0.8233620406000991,56.53771909472194
7994,5,0.707858306,70.49837343752425,3.8433006366529325e-4,0.726414931736881,49.88066164286375
7158,4,0.707784397,67.39756605450835,3.674256523885646e-4,0.694464226016573,47.686705720902246
7159,3,0.705263632,51.494894591247636,2.80730393506605e-4,0.5306031687730904,36.43487485164824
7163,3,0.705938413,65.55371424337932,3.573736802733698e-4,0.6754651850145675,46.38210046795957
7172,3,0.707014893,0,0,0,0
7175,3,0.705205833,49.24695086451246,2.684754674212853e-4,0.5074403664390509,34.84435701473893
7182,3,0.705962339,65.49952731518967,3.5707827394630877e-4,0.674906843143364,46.34376086239563
7223,4,0.707773747,67.21586448393815,3.6643508519133394e-4,0.6925919738276738,47.55814396664247
7405,3,0.707042887,0,0,0,0
7406,6,0.706055787,64.69483139796728,3.526913807739243e-4,0.6666152599298012,45.77440354512454
7185,4,0.707849387,69.74187263694326,3.802059117640044e-4,0.7186199507945202,49.34540446420308
7192,5,0.706909912,57.52487756470176,3.136035454260891e-4,0.592736086973225,40.701349746670395
7193,3,0.708405559,0,0,0,0
7201,4,0.70762153,62.60475125420253,3.412970663301941e-4,0.6450790832646337,44.295581050730576
7202,4,0.707758723,66.94667019685797,3.649675412970972e-4,0.6898181970703051,47.367677314785055
7203,5,0.706902003,57.552398076696456,3.1375357669080183e-4,0.5930196582085203,40.72082170439241
7205,4,0.70773181,66.12906715481368,3.6051028343595963e-4,0.6813936188989973,46.78918764601946
7206,6,0.705158162,46.69600611468974,2.5456869609733623e-4,0.481155442887599,33.03945279168888
7211,5,0.707777513,67.28098621331597,3.6679010385598374e-4,0.693262987842522,47.60422041905271
7212,4,0.707751187,66.80602517869423,0.00036420079865965216,0.6883689914179352,47.268164854841615
7222,3,0.707844603,69.36100274130082,3.781295553304737e-4,0.7146954690546837,49.075922468120865
7226,3,0.705313101,53.72818894581948,2.929054568396134e-4,0.5536150240403945,38.01502762138606
7273,3,0.705611275,63.222128766296905,3.4466277147995937e-4,0.6514405384505658,44.73240245929801
7658,3,0.706078096,64.517981919736,3.5172726532113255e-4,0.6647930036791528,45.64927485696851
7765,3,0.705554464,61.99048881421847,3.3794834335752175e-4,0.6387497257681096,43.86096369099932
7825,3,0.70755959,0,0,0,0
7230,3,0.705354003,55.032456166263074,3.0001582094345855e-4,0.5670541877786163,38.93785333696771
7231,3,0.706456971,0,0,0,0
7379,3,0.706152502,63.767526764039,3.4763607195448595e-4,0.6570603170352499,45.118295234684915
7381,7,0.708568006,0,0,0,0
7988,4,0.70702817,55.68306011277862,3.0356266385617907e-4,0.5737580079995843,39.398183891238055
8224,3,0.707155478,0,0,0,0
8225,4,0.708181777,83.47489485340702,4.550730760035849e-4,0.860124951683005,59.06211424220127
7232,3,0.707554405,0,0,0,0
7234,4,0.707578413,61.68463650793919,3.3628095401770007e-4,0.6355982249411533,43.644559898141225
7240,5,0.706909997,57.5245805164852,3.13601926033266e-4,0.5927330261896999,40.701139572153465
7249,3,0.707494721,0,0,0,0
7253,4,0.707744186,66.67203134887787,0.00036347031574730923,0.6869883195812229,47.17335839958027
7254,3,0.707517874,0,0,0,0
7642,4,0.706857119,0,0,0,0
7815,4,0.707065192,0,0,0,0
7266,3,0.707515028,0,0,0,0
7268,3,0.705976378,65.45646781714068,3.568435300959243e-4,0.6744631582636894,46.31329439702964
7282,5,0.706957272,56.782306376410475,3.0955533242263704e-4,0.585084636695008,40.175948373804374
7288,4,0.705584567,62.66883123142985,3.4164640576210694e-4,0.6457393630698768,44.34092041824081
7293,6,0.705181963,48.11855208778112,2.6232387054670885e-4,0.4958133503760819,34.045965862775155
7294,5,0.70799336,75.4381254026743,4.1125969472889965e-4,0.7773141143930817,53.37575074008497
7491,3,0.707582702,61.77647081942502,3.367815994235304e-4,0.636544485285276,43.70953666278232
7492,3,0.705836491,65.73724030417387,3.583741938907785e-4,0.6773562367427631,46.511953128308576
7493,5,0.707922797,71.30650997524194,3.8873571377956906e-4,0.7347419670889874,50.45245334859515
7536,7,0.708740348,0,0,0,0
7537,4,0.707647916,0,0,0,0
7729,5,0.707013202,56.52713503536254,3.081642362459654e-4,0.5824553523122582,39.99540356541886
7781,5,0.706370538,60.701422778542145,3.3092085027643244e-4,0.6254671949712822,42.94889347397706
7836,5,0.707833284,69.16456604941679,3.770586579094872e-4,0.7126713862401771,48.93693497544071
7837,4,0.707619127,62.55294082212459,3.4101461574746273e-4,0.644545228798977,44.2589229194002
7309,3,0.707034629,0,0,0,0
7310,3,0.707476131,0,0,0,0
7818,4,0.707610915,62.67725089695779,3.416923065457791e-4,0.6458261192666725,44.346877697350486
7976,5,0.707879617,70.57989600936914,3.847744934258617e-4,0.7272549399608181,49.938342403768885
7323,5,0.706974785,56.76875516380495,3.094814564145893e-4,0.5849450050595558,40.166360302223886
7333,5,0.707995075,75.76737859583773,4.1305465671908855e-4,0.7807067378562019,53.60871167694363
7334,5,0.706920021,57.4893611556656,3.1340992360078375e-4,0.5923701260497661,40.67622034445132
7335,5,0.706924524,57.47341888940811,3.133230124862863e-4,0.5922058570079359,40.66494049854516
7346,3,0.707457329,0,0,0,0
7350,3,0.707540514,60.539921454270406,3.30040407066003e-4,0.6238030860319428,42.834624271468265
7351,3,0.705560495,62.130922185577234,3.3871393217784927e-4,0.6401967506127262,43.96032640163435
7352,4,0.707241863,53.949139081188186,2.9410999214237983e-4,0.5558916932694137,38.17135944019091
7354,3,0.706849396,0,0,0,0
7359,3,0.708203679,84.12517817516792,4.5861817099324907e-4,0.8668254681879025,59.52221794052982
7364,3,0.707225251,0,0,0,0
7647,3,0.705572597,62.40591349735405,3.402130792249261e-4,0.643030259887229,44.15489470028626
7649,4,0.707898038,70.90564580458124,3.865503562355728e-4,0.7306114644267622,50.168824534390055
7708,4,0.706008775,65.00861604203824,3.5440201417371274e-4,0.6698484955306891,45.99641981154948
7710,7,0.708569643,0,0,0,0
7833,7,0.708581638,0,0,0,0
7835,4,0.707615567,62.776631412287664,3.422340909575523e-4,0.6468501356622182,44.41719372901689
7841,4,0.707070973,0,0,0,0
7848,3,0.707165925,0,0,0,0
7371,3,0.707458573,0,0,0,0
6902,1,0.706981691,0,0,0,0
6904,1,0.707073629,0,0,0,0
6905,1,0.707154207,0,0,0,0
6906,2,0.706917841,0,0,0,0
6907,1,0.708182742,0,0,0,0
6908,1,0.706086791,0,0,0,0
6909,1,0.70701062,0,0,0,0
6910,1,0.705337725,0,0,0,0
6914,1,0.706996843,0,0,0,0
6919,2,0.707391226,0,0,0,0
6920,1,0.707957875,0,0,0,0
6921,1,0.706957001,0,0,0,0
6923,2,0.707664357,0,0,0,0
6926,1,0.706985896,0,0,0,0
6927,1,0.707881604,0,0,0,0
6928,2,0.707691453,0,0,0,0
6929,1,0.708329554,0,0,0,0
6930,2,0.70888139,0,0,0,0
6932,1,0.705091636,0,0,0,0
6939,1,0.707056364,0,0,0,0
6940,1,0.707784865,0,0,0,0
6944,1,0.706996879,0,0,0,0
6946,1,0.706977044,0,0,0,0
6947,1,0.707138234,0,0,0,0
6948,1,0.707152652,0,0,0,0
6949,1,0.707356661,0,0,0,0
6950,2,0.706990475,0,0,0,0
6952,1,0.708375678,0,0,0,0
6953,1,0.706514242,0,0,0,0
6954,1,0.708923299,0,0,0,0
6955,1,0.706919586,0,0,0,0
6956,1,0.705398662,0,0,0,0
6960,1,0.705084682,0,0,0,0
6961,1,0.705455099,0,0,0,0
6962,2,0.708204858,0,0,0,0
6963,1,0.705283717,0,0,0,0
6965,2,0.707004075,0,0,0,0
6966,2,0.707610834,0,0,0,0
6967,1,0.707971756,0,0,0,0
6978,1,0.708856036,0,0,0,0
6979,2,0.707389535,0,0,0,0
6982,1,0.708265136,0,0,0,0
6984,1,0.707911398,0,0,0,0
7140,2,0.705456258,0,0,0,0
7141,1,0.707451547,0,0,0,0
7196,2,0.707069394,0,0,0,0
7198,1,0.707066111,0,0,0,0
7010,1,0.707103425,0,0,0,0
7011,1,0.708695781,0,0,0,0
7012,2,0.706366656,0,0,0,0
7081,1,0.707746774,0,0,0,0
7082,1,0.708850848,0,0,0,0
7083,2,0.7051164,0,0,0,0
7148,1,0.705354463,0,0,0,0
7150,2,0.707460407,0,0,0,0
7151,1,0.707155354,0,0,0,0
7152,1,0.707440964,0,0,0,0
7153,1,0.706995543,0,0,0,0
7154,1,0.707185182,0,0,0,0
7155,2,0.70755431,0,0,0,0
7156,1,0.708206657,0,0,0,0
7893,1,0.708861723,0,0,0,0
7894,1,0.70711671,0,0,0,0
7895,1,0.707161773,0,0,0,0
7494,1,0.707959099,0,0,0,0
7495,2,0.705866867,0,0,0,0
7496,1,0.707748595,0,0,0,0
7545,1,0.707487296,0,0,0,0
7546,1,0.707143251,0,0,0,0
7547,2,0.708007742,0,0,0,0
7590,1,0.707782266,0,0,0,0
7592,1,0.708118124,0,0,0,0
6992,1,0.708337422,0,0,0,0
6994,1,0.707406587,0,0,0,0
6995,2,0.708272294,0,0,0,0
6996,1,0.707893076,0,0,0,0
6997,2,0.707439134,0,0,0,0
6999,1,0.707053195,0,0,0,0
7001,2,0.707629812,0,0,0,0
7002,1,0.707608471,0,0,0,0
7004,1,0.708501052,0,0,0,0
7008,1,0.706995446,0,0,0,0
7009,1,0.707513897,0,0,0,0
7014,2,0.707648107,0,0,0,0
7015,1,0.707022768,0,0,0,0
7028,1,0.707469677,0,0,0,0
7030,2,0.707563096,0,0,0,0
7031,1,0.705208553,0,0,0,0
7032,2,0.707563069,0,0,0,0
7033,2,0.707594457,0,0,0,0
7035,1,0.707307747,0,0,0,0
7241,1,0.707097435,0,0,0,0
7242,1,0.705244279,0,0,0,0
7243,1,0.707582523,0,0,0,0
7244,2,0.708960312,0,0,0,0
7245,1,0.707996338,0,0,0,0
7246,1,0.707401263,0,0,0,0
7295,1,0.708965635,0,0,0,0
7296,2,0.708862087,0,0,0,0
7297,1,0.704997122,0,0,0,0
7037,1,0.708295068,0,0,0,0
7038,1,0.70761447,0,0,0,0
7039,1,0.707004561,0,0,0,0
7051,2,0.70751646,0,0,0,0
7053,1,0.708929993,0,0,0,0
7055,1,0.705099098,0,0,0,0
7056,2,0.707492327,0,0,0,0
7058,1,0.707843302,0,0,0,0
7059,1,0.707828301,0,0,0,0
7061,1,0.705094449,0,0,0,0
7062,1,0.70701941,0,0,0,0
7063,1,0.707304216,0,0,0,0
7064,1,0.706999281,0,0,0,0
7065,1,0.707933921,0,0,0,0
7066,2,0.7070836,0,0,0,0
7067,1,0.705453177,0,0,0,0
7068,2,0.708898994,0,0,0,0
7070,2,0.706995939,0,0,0,0
7071,1,0.70751049,0,0,0,0
7072,2,0.707512247,0,0,0,0
7073,1,0.708853376,0,0,0,0
7077,2,0.70711914,0,0,0,0
7078,1,0.708890588,0,0,0,0
7085,2,0.707829754,0,0,0,0
7086,1,0.707579379,0,0,0,0
7088,1,0.707156503,0,0,0,0
7089,2,0.707609186,0,0,0,0
7091,2,0.705899509,0,0,0,0
7092,1,0.707342203,0,0,0,0
7100,1,0.705083214,0,0,0,0
7101,2,0.708233541,0,0,0,0
7102,1,0.708906343,0,0,0,0
7106,1,0.707726527,0,0,0,0
7109,2,0.707767926,0,0,0,0
7110,1,0.70768551,0,0,0,0
7112,2,0.708944213,0,0,0,0
7113,2,0.707012671,0,0,0,0
7114,1,0.707040158,0,0,0,0
7115,1,0.707831888,0,0,0,0
7116,2,0.707855647,0,0,0,0
7117,1,0.706593795,0,0,0,0
7121,1,0.706947419,0,0,0,0
7122,1,0.708856201,0,0,0,0
7123,1,0.707227844,0,0,0,0
7124,1,0.707165862,0,0,0,0
7125,2,0.707876154,0,0,0,0
7126,2,0.705158845,0,0,0,0
7128,1,0.707086034,0,0,0,0
7129,2,0.707699809,0,0,0,0
7130,1,0.708709697,0,0,0,0
7144,2,0.705475646,0,0,0,0
7145,1,0.708379753,0,0,0,0
7146,2,0.707072445,0,0,0,0
7147,2,0.708384751,0,0,0,0
7235,1,0.707265819,0,0,0,0
7236,2,0.705598531,0,0,0,0
7869,1,0.708861752,0,0,0,0
7870,1,0.707444569,0,0,0,0
7871,1,0.705169159,0,0,0,0
7872,1,0.705576721,0,0,0,0
7873,1,0.707180671,0,0,0,0
7874,1,0.707190956,0,0,0,0
7875,1,0.705045776,0,0,0,0
7876,1,0.706405272,0,0,0,0
7877,1,0.705978481,0,0,0,0
7921,1,0.707554836,0,0,0,0
7945,2,0.707826952,0,0,0,0
7946,1,0.707594011,0,0,0,0
7992,1,0.707186541,0,0,0,0
7157,1,0.705517683,0,0,0,0
7164,2,0.707061536,0,0,0,0
7165,1,0.705481792,0,0,0,0
7173,1,0.707611214,0,0,0,0
7174,2,0.707064423,0,0,0,0
7176,1,0.705089336,0,0,0,0
7177,1,0.708240183,0,0,0,0
7181,1,0.707182887,0,0,0,0
7183,2,0.70829084,0,0,0,0
7224,1,0.708858414,0,0,0,0
7225,1,0.707171122,0,0,0,0
7382,2,0.707067882,0,0,0,0
7383,2,0.707987627,0,0,0,0
7384,2,0.707077786,0,0,0,0
7542,1,0.707463915,0,0,0,0
7543,1,0.705352004,0,0,0,0
7544,1,0.706562892,0,0,0,0
8040,1,0.707196448,0,0,0,0
8041,2,0.707531575,0,0,0,0
8042,1,0.707155553,0,0,0,0
7403,2,0.708512642,0,0,0,0
7404,1,0.70581895,0,0,0,0
7407,1,0.707320793,0,0,0,0
7408,1,0.705675824,0,0,0,0
7650,1,0.707162109,0,0,0,0
7651,1,0.707464074,0,0,0,0
7652,1,0.707172903,0,0,0,0
7184,1,0.708294349,0,0,0,0
7186,1,0.707375669,0,0,0,0
7187,1,0.708880763,0,0,0,0
7188,2,0.707010874,0,0,0,0
7189,1,0.708878563,0,0,0,0
7190,1,0.707031481,0,0,0,0
7191,2,0.707013866,0,0,0,0
7194,1,0.707225288,0,0,0,0
7195,2,0.707111268,0,0,0,0
7199,1,0.705757328,0,0,0,0
7200,1,0.707575656,0,0,0,0
7204,1,0.707001337,0,0,0,0
7207,1,0.707767141,0,0,0,0
7208,2,0.708407401,0,0,0,0
7209,2,0.7054299,0,0,0,0
7210,2,0.707960083,0,0,0,0
7221,1,0.709010247,0,0,0,0
7227,1,0.70508698,0,0,0,0
7228,1,0.708860346,0,0,0,0
7271,1,0.707036235,0,0,0,0
7272,1,0.707049565,0,0,0,0
7626,2,0.707481204,0,0,0,0
7627,2,0.70739118,0,0,0,0
7628,1,0.70767871,0,0,0,0
7656,1,0.70904257,0,0,0,0
7657,1,0.708073177,0,0,0,0
7659,2,0.707332503,0,0,0,0
7660,2,0.70732886,0,0,0,0
7661,2,0.708956209,0,0,0,0
7764,1,0.707157063,0,0,0,0
7766,1,0.708033887,0,0,0,0
7824,2,0.707309925,0,0,0,0
7826,1,0.707146215,0,0,0,0
7229,1,0.707882555,0,0,0,0
7380,2,0.70797341,0,0,0,0
7569,2,0.707424515,0,0,0,0
7570,1,0.707394716,0,0,0,0
7571,1,0.708090235,0,0,0,0
7572,1,0.707162766,0,0,0,0
7573,2,0.705051252,0,0,0,0
7574,1,0.707721389,0,0,0,0
7986,1,0.707124672,0,0,0,0
7987,1,0.708122999,0,0,0,0
8100,1,0.707105776,0,0,0,0
8101,1,0.708156167,0,0,0,0
8102,2,0.707376263,0,0,0,0
8223,1,0.707446363,0,0,0,0
8082,2,0.707150429,0,0,0,0
8083,1,0.708247859,0,0,0,0
8084,1,0.707122824,0,0,0,0
7233,1,0.707411572,0,0,0,0
7238,1,0.706230005,0,0,0,0
7239,1,0.706111313,0,0,0,0
7247,2,0.707190315,0,0,0,0
7248,2,0.707056695,0,0,0,0
7255,2,0.707032127,0,0,0,0
7256,1,0.707070799,0,0,0,0
7257,1,0.707059252,0,0,0,0
7258,1,0.707175113,0,0,0,0
7641,2,0.707510396,0,0,0,0
7643,2,0.70751487,0,0,0,0
7812,2,0.70732124,0,0,0,0
7813,1,0.70716541,0,0,0,0
7814,1,0.707140909,0,0,0,0
7816,2,0.708155814,0,0,0,0
7817,1,0.707514456,0,0,0,0
7884,2,0.707113004,0,0,0,0
7885,1,0.705385683,0,0,0,0
7886,2,0.707828475,0,0,0,0
7926,1,0.70730659,0,0,0,0
7927,2,0.70710509,0,0,0,0
7928,1,0.70814199,0,0,0,0
7262,1,0.705008278,0,0,0,0
7263,2,0.707435009,0,0,0,0
7264,1,0.707015759,0,0,0,0
7265,1,0.707927595,0,0,0,0
7267,1,0.707894754,0,0,0,0
7269,1,0.708975466,0,0,0,0
7270,1,0.708004499,0,0,0,0
7274,1,0.705350417,0,0,0,0
7275,1,0.707283264,0,0,0,0
7276,1,0.707007783,0,0,0,0
7277,1,0.707510687,0,0,0,0
7278,1,0.707577895,0,0,0,0
7279,2,0.707036113,0,0,0,0
7280,2,0.707854096,0,0,0,0
7281,2,0.708010046,0,0,0,0
7283,1,0.708418834,0,0,0,0
7284,1,0.705022733,0,0,0,0
7285,1,0.707088336,0,0,0,0
7286,2,0.708870936,0,0,0,0
7287,1,0.705456906,0,0,0,0
7289,1,0.705614892,0,0,0,0
7290,1,0.707036687,0,0,0,0
7291,1,0.707020744,0,0,0,0
7292,2,0.707946199,0,0,0,0
7538,2,0.708351111,0,0,0,0
7728,1,0.707364848,0,0,0,0
7730,2,0.707131851,0,0,0,0
7779,1,0.70810498,0,0,0,0
7780,2,0.707664808,0,0,0,0
7838,2,0.707783055,0,0,0,0
7890,2,0.708099396,0,0,0,0
7891,2,0.707299117,0,0,0,0
7892,1,0.707235609,0,0,0,0
7301,1,0.707273966,0,0,0,0
7302,1,0.707875087,0,0,0,0
7303,1,0.707563704,0,0,0,0
7304,2,0.707980464,0,0,0,0
7305,1,0.708333563,0,0,0,0
7306,1,0.707064805,0,0,0,0
7307,2,0.707201627,0,0,0,0
7308,1,0.707423629,0,0,0,0
7311,2,0.708312874,0,0,0,0
7312,1,0.707033458,0,0,0,0
7313,1,0.708842137,0,0,0,0
7314,1,0.707692052,0,0,0,0
7315,1,0.705118448,0,0,0,0
7316,2,0.706749414,0,0,0,0
7317,1,0.705140607,0,0,0,0
7318,2,0.707995571,0,0,0,0
7319,2,0.70716531,0,0,0,0
7819,2,0.708038287,0,0,0,0
7820,1,0.707113628,0,0,0,0
7974,1,0.707169069,0,0,0,0
7975,1,0.707175871,0,0,0,0
7322,2,0.705104932,0,0,0,0
7324,1,0.707205088,0,0,0,0
7331,1,0.707729543,0,0,0,0
7332,1,0.705438591,0,0,0,0
7336,2,0.708331531,0,0,0,0
7337,2,0.708859044,0,0,0,0
7347,1,0.707432555,0,0,0,0
7348,1,0.70756392,0,0,0,0
7349,1,0.707029272,0,0,0,0
7353,1,0.707556319,0,0,0,0
7355,1,0.708901517,0,0,0,0
7356,1,0.707467062,0,0,0,0
7357,2,0.707997385,0,0,0,0
7358,1,0.705507896,0,0,0,0
7360,2,0.708871876,0,0,0,0
7365,1,0.705622737,0,0,0,0
7366,1,0.707363496,0,0,0,0
7648,1,0.707166713,0,0,0,0
7707,2,0.707475245,0,0,0,0
7709,1,0.707912758,0,0,0,0
7711,2,0.707600738,0,0,0,0
7712,1,0.7089695,0,0,0,0
7834,2,0.705434782,0,0,0,0
7839,1,0.707081837,0,0,0,0
7840,1,0.705109666,0,0,0,0
7845,1,0.707288061,0,0,0,0
7846,2,0.707164823,0,0,0,0
7847,2,0.707164627,0,0,0,0
7849,2,0.707133683,0,0,0,0
7850,1,0.707443921,0,0,0,0
7367,1,0.707442741,0,0,0,0
7368,1,0.707998701,0,0,0,0
7369,1,0.708040651,0,0,0,0
7370,2,0.707103664,0,0,0,0
7395,3,0.70587309,65.85862041049425,3.5903591162574376e-4,0.6786069368277101,46.59783482625878
7398,5,0.706914331,57.50939879392821,3.1351916111100795e-4,0.5925765937868352,40.69039784395328
7399,5,0.70789512,70.855600677076,3.8627752941557147e-4,0.730095799651706,50.13341543272936
7400,4,0.705653449,63.72406227605884,3.473991202544953e-4,0.6566124591410947,45.08754222134993
7402,3,0.707639295,0,0,0,0
7409,5,0.706934981,57.13900929219658,3.1149993976106255e-4,0.5887601019800438,40.428331181829265
7411,4,0.70764873,0,0,0,0
7412,3,0.708769341,96.63448989621314,5.268141354635344e-4,0.9957213614806932,68.37309938527028
7502,3,0.708788643,96.81177411310182,5.277806209445656e-4,0.9975480972765672,68.49853566991139
7519,5,0.707891582,0,0,0,0
7524,5,0.706924424,57.4737737357054,3.133249469720536e-4,0.5922095133426322,40.66519156771495
7528,3,0.705817982,65.63447263514678,3.5781394401756807e-4,0.6762973191303273,46.43924053826409
7533,4,0.705743102,65.00415233239734,3.543776797426213e-4,0.669802501486061,45.993261543075846
7551,5,0.707891973,0,0,0,0
7553,6,0.706023468,64.61960876495213,3.522812958609525e-4,0.6658401662480273,45.721180264609586
7560,3,0.70566257,63.881163688089664,3.4825557683276266e-4,0.6582312314039368,45.198698294816936
7561,3,0.705551696,61.925287878155444,3.3759289288843615e-4,0.6380778956079233,43.814831196418574
7566,7,0.708742107,0,0,0,0
7576,5,0.707911105,0,0,0,0
7579,3,0.706336785,61.14841495135448,3.333576799770084e-4,0.6300730003660427,43.265159853496016
7580,3,0.708158403,82.47764115703559,4.496364317531109e-4,0.8498492539548014,58.356513931509255
7582,5,0.70696138,56.777250944033284,3.0952777214638327e-4,0.5850325455418918,40.1723714357905
7583,3,0.707615284,0,0,0,0
7587,3,0.705930832,65.56441152991694,3.5743199777227904e-4,0.675575409808291,46.38966926287301
7593,3,0.705769976,65.57049074021133,3.574651392926511e-4,0.6756380499645909,46.393970568236014
7596,4,0.705967707,65.48500024458761,3.5699907793515105e-4,0.6747571562713813,46.33348232889151
7602,3,0.70589654,65.87879389902861,3.591458897394889e-4,0.6788148043653855,46.612108445729305
7608,3,0.707295432,0,0,0,0
7611,3,0.707327592,0,0,0,0
7616,3,0.707480818,58.88959360865254,3.2104345330597037e-4,0.60679811512463,41.66694563076867
7618,4,0.705944958,65.540625866697,3.5730232746906645e-4,0.675330322438445,46.37283987290026
7621,4,0.707592037,61.67303192644047,3.362176902950248e-4,0.6354786513841165,43.63634915263009
7622,3,0.706152978,63.761583891124275,3.4760367369316016e-4,0.6569990816987141,45.11409039394049
7623,5,0.707057831,55.53814934074256,3.027726659664865e-4,0.5722648480379605,39.295653225126415
7625,3,0.705951721,65.52335084241966,3.5720815066956604e-4,0.675152320663804,46.3606170428003
7630,5,0.705953813,65.2177034412664,3.5554187839381674e-4,0.6720029311783705,46.1443582292199
7632,4,0.705670316,64.00991682122171,3.4895748947898274e-4,0.659557903124922,45.28979672951925
7782,5,0.707966902,0,0,0,0
7842,4,0.707074456,0,0,0,0
7843,3,0.707120066,0,0,0,0
7985,4,0.708804119,96.35962630068751,5.253156846764215e-4,0.9928891681938843,68.17862145141405
7654,3,0.705965886,65.4901972209143,3.5702740985467076e-4,0.6748107058927344,46.3371594153983
7663,3,0.708217862,85.25532038108018,4.6477927237431875e-4,0.8784704485375309,60.321842644373334
7665,5,0.707001694,56.79959199616859,3.096495669846304e-4,0.5852627476454365,40.188178700667244
7671,5,0.707925585,0,0,0,0
7673,4,0.707226025,54.02805176418913,2.945401937910552e-4,0.5567048092101113,38.22719359136589
7686,3,0.705941359,65.54826484232522,3.5734397223115635e-4,0.6754090344099266,46.378244779992855
7696,4,0.707941649,72.19462262844476,3.9357736296811215e-4,0.7438930759854604,51.080831630179404
7718,5,0.706245734,63.19949891475849,3.445394022182529e-4,0.6512073605592339,44.71639085629817
7719,4,0.70691855,0,0,0,0
7723,3,0.707493467,59.16155419256871,3.2252607798841895e-4,0.6096003957925047,41.85936955780494
7741,3,0.707118164,0,0,0,0
7742,3,0.707123682,0,0,0,0
7743,4,0.707602998,62.50520320209557,3.40754368572239e-4,0.6440533405708693,44.22514647951661
7745,3,0.707117342,0,0,0,0
7746,3,0.705946629,65.53671213121672,3.5728099128593254e-4,0.675289995325164,46.37007073503604
7757,4,0.707703437,0,0,0,0
7772,4,0.705744292,65.01708961872345,3.544482088603147e-4,0.6699358072278137,46.00241523514481
7774,5,0.706220129,62.75036892685256,3.420909179706149e-4,0.6465795271270939,44.398611879734226
7777,3,0.707117612,0,0,0,0
7791,3,0.705595219,62.89508152688298,3.428798355026222e-4,0.6480706451252377,44.50100233054332
7798,7,0.70860615,0,0,0,0
7799,3,0.707347784,57.357097658694684,3.126888737987415e-4,0.5910072835551297,40.58263817484347
7806,3,0.705978288,65.44934215854182,3.5680468374118705e-4,0.6743897355086346,46.308252684033704
7808,4,0.705685644,64.25192540138583,3.5027682733724483e-4,0.6620515584770622,45.461028312791655
7851,5,0.708057517,78.89084948258812,4.3008262071637574e-4,0.8128909682199231,55.81870301229554
7855,5,0.707842202,69.3200621807976,3.779063631140088e-4,0.7142736176982185,49.046955243114745
7915,3,0.708939655,94.26381710533553,5.138901376431448e-4,0.9712939594062048,66.6957454041532
7917,3,0.70581854,65.63797435994064,3.578330340766339e-4,0.6763334008872965,46.44171816067001
7932,4,0.70878038,97.03662990035409,5.290064483618003e-4,0.9998650103255221,68.65763090708461
7933,4,0.707077518,0,0,0,0
7934,3,0.708944398,94.58991701315038,5.156679091323381e-4,0.9746540914308771,66.92647525464963
7978,3,0.707998514,75.8263899910243,4.1337636418783085e-4,0.781314791014253,53.650464802481814
7960,3,0.707590347,0,0,0,0
7961,7,0.708622066,0,0,0,0
8571,4,0.706266602,62.82577625120556,3.4250200974984726e-4,0.6473565238676057,44.45196583739368
8037,3,0.707420164,57.90709913173241,3.156872706530451e-4,0.596674496329137,40.971788108976114
8279,3,0.708878934,96.02119713314129,5.234706987970735e-4,0.9894019955308339,67.93916811407699
8351,4,0.707346005,0,0,0,0
8392,3,0.708294058,86.77769625712526,4.7307868112424434e-4,0.8941570029096709,61.39898970839118
8393,4,0.706479097,60.26724392039349,3.2855387384764614e-4,0.6209934179148066,42.6416930711906
7935,5,0.707966689,0,0,0,0
7937,3,0.707884512,70.66872917110612,3.852587777155726e-4,0.7281702764710475,50.0011957245933
7939,7,0.708785113,0,0,0,0
7941,4,0.707124211,55.37795840680206,3.0189936650100994e-4,0.5706142413548662,39.182311180700076
7943,5,0.707886717,70.70820899327754,3.854740065475127e-4,0.7285770763861271,50.029129413775486
7947,3,0.707124626,0,0,0,0
7952,3,0.707569639,0,0,0,0
7962,4,0.708754279,96.49549400056954,5.260563832088776e-4,0.9942891483795622,68.27475375114739
7964,7,0.708766241,0,0,0,0
8065,3,0.707156853,0,0,0,0
8066,3,0.705968738,65.4819354586078,3.5698236989873387e-4,0.674725576730042,46.331313859677074
8172,4,0.707288039,0,0,0,0
8174,4,0.707688434,0,0,0,0
8203,3,0.707372878,57.84937890921396,3.153726021619352e-4,0.5960797474086144,40.93094854418892
8204,3,0.706001662,65.04730876110382,3.5461295202173323e-4,0.6702471851388068,46.02379659109267
7966,7,0.708600941,0,0,0,0
7968,3,0.708404356,89.97885119651477,4.905301487492149e-4,0.927141689412212,63.6639458855656
7971,3,0.707123037,0,0,0,0
7981,4,0.708063719,79.3027960981171,4.32328395494616e-4,0.8171356643456276,56.11017313766423
8001,4,0.707098509,0,0,0,0
8005,4,0.707098295,0,0,0,0
8008,3,0.707172431,0,0,0,0
8011,4,0.707112004,0,0,0,0
8015,3,0.705596397,62.91965106309409,3.430137791804095e-4,0.6483238095189584,44.51838634470863
8020,7,0.708779655,0,0,0,0
8021,4,0.707104039,0,0,0,0
8024,5,0.706430508,59.90243319023598,3.2656506581831663e-4,0.6172344097459288,42.38357363229604
8026,5,0.708168957,83.25909324210589,4.53896608477225e-4,0.8579013328234727,58.909425227825125
8047,3,0.707152882,0,0,0,0
8054,4,0.708122226,81.56002316490552,4.446339307855063e-4,0.8403941221749964,57.70725934092772
8060,3,0.708970956,93.85121229839797,5.116407746580619e-4,0.9670424812791033,66.40380957977122
8092,3,0.70716784,0,0,0,0
8151,3,0.707640935,0,0,0,0
8375,4,0.707429539,0,0,0,0
8378,3,0.705948558,65.53190472819337,3.5725478317048337e-4,0.6752404598654256,46.36666928856435
8460,3,0.70758026,0,0,0,0
8227,3,0.707689556,0,0,0,0
8228,3,0.707426836,0,0,0,0
8305,3,0.707342311,56.94826238567541,3.104600608652437e-4,0.586794646689045,40.29336945945652
8950,5,0.707961391,73.40075226436542,4.00152718641712e-4,0.7563210304817379,51.93422074163323
9039,3,0.706191501,63.22295671479393,3.446672851372689e-4,0.6514490696282601,44.73298826882558
9040,3,0.708271718,86.42453919928948,4.711534044419085e-4,0.8905180741294556,61.149115748897536
9041,3,0.705838758,65.74792452967223,3.5843244018591663e-4,0.6774663269555953,46.519512681969374
9099,3,0.705833266,65.7213240325383,3.58287424488979e-4,0.6771922355494037,46.50069167472663
9100,3,0.706221128,62.732788697271815,3.419950773089859e-4,0.6463983805183408,44.386173103624046
9348,3,0.707463869,0,0,0,0
10686,3,0.709187669,91.82149853262501,5.005755545290734e-4,0.946128319508889,64.96769892011032
10687,5,0.707939154,0,0,0,0
10691,3,0.705976507,65.4559961092904,3.5684095852583995e-4,0.674458297788062,46.31296064323466
10692,3,0.707676523,64.71036957947008,3.527760889734902e-4,0.6667753652840854,45.7853974835134
7372,2,0.707504237,0,0,0,0
7373,2,0.707906487,0,0,0,0
7374,1,0.707543612,0,0,0,0
7375,1,0.707107608,0,0,0,0
7376,1,0.708856614,0,0,0,0
7377,1,0.70720895,0,0,0,0
7378,1,0.707513092,0,0,0,0
7385,1,0.708112848,0,0,0,0
7386,1,0.705046737,0,0,0,0
7387,1,0.707184135,0,0,0,0
7388,1,0.707245407,0,0,0,0
7389,1,0.70711216,0,0,0,0
7390,1,0.708052287,0,0,0,0
7391,1,0.707974416,0,0,0,0
7392,1,0.708335213,0,0,0,0
7393,1,0.707121248,0,0,0,0
7394,2,0.707579821,0,0,0,0
7396,1,0.707132077,0,0,0,0
7397,1,0.707108361,0,0,0,0
7401,2,0.707485142,0,0,0,0
7410,1,0.707087467,0,0,0,0
7413,1,0.707268508,0,0,0,0
7414,1,0.706801991,0,0,0,0
7415,1,0.707974201,0,0,0,0
7416,1,0.70703526,0,0,0,0
7417,2,0.707097868,0,0,0,0
7418,1,0.707263099,0,0,0,0
7419,2,0.708868449,0,0,0,0
7420,2,0.708881058,0,0,0,0
7497,2,0.70722185,0,0,0,0
7498,2,0.705573875,0,0,0,0
7499,2,0.707055126,0,0,0,0
7500,1,0.706072544,0,0,0,0
7501,1,0.707045736,0,0,0,0
7503,1,0.707512144,0,0,0,0
7504,2,0.70747530300000006,0,0,0,0
7505,1,0.707038127,0,0,0,0
7506,1,0.707487438,0,0,0,0
7507,1,0.707551483,0,0,0,0
7508,1,0.707052081,0,0,0,0
7509,2,0.707551615,0,0,0,0
7510,2,0.706839053,0,0,0,0
7511,1,0.707450807,0,0,0,0
7512,1,0.70714052,0,0,0,0
7513,1,0.708996579,0,0,0,0
7514,1,0.70710113,0,0,0,0
7515,2,0.707110964,0,0,0,0
7516,1,0.70737227,0,0,0,0
7517,2,0.706279623,0,0,0,0
7518,2,0.707109237,0,0,0,0
7520,2,0.707460784,0,0,0,0
7521,2,0.707062588,0,0,0,0
7522,1,0.707950369,0,0,0,0
7523,2,0.705582292,0,0,0,0
7525,1,0.707190238,0,0,0,0
7526,1,0.708860833,0,0,0,0
7527,2,0.707026793,0,0,0,0
7529,1,0.708387364,0,0,0,0
7530,2,0.708377571,0,0,0,0
7531,1,0.707112755,0,0,0,0
7532,1,0.705481468,0,0,0,0
7534,1,0.707780057,0,0,0,0
7535,1,0.70745581,0,0,0,0
7548,2,0.707065423,0,0,0,0
7549,1,0.708065692,0,0,0,0
7550,1,0.707155137,0,0,0,0
7552,1,0.705485693,0,0,0,0
7554,1,0.705163385,0,0,0,0
7555,1,0.707096544,0,0,0,0
7556,1,0.708021009,0,0,0,0
7562,1,0.707258862,0,0,0,0
7563,2,0.707149195,0,0,0,0
7564,1,0.70771881699999994,0,0,0,0
7565,1,0.707219576,0,0,0,0
7567,1,0.707131452,0,0,0,0
7568,1,0.706983047,0,0,0,0
7575,2,0.708287495,0,0,0,0
7577,1,0.708393726,0,0,0,0
7578,1,0.707136849,0,0,0,0
7581,2,0.707095277,0,0,0,0
7584,1,0.707327985,0,0,0,0
7585,1,0.707645536,0,0,0,0
7586,1,0.708042635,0,0,0,0
7588,1,0.705822929,0,0,0,0
7589,2,0.707325838,0,0,0,0
7594,1,0.707316248,0,0,0,0
7595,1,0.707005216,0,0,0,0
7597,1,0.707217531,0,0,0,0
7598,1,0.707112993,0,0,0,0
7599,1,0.70719822,0,0,0,0
7600,1,0.707197572,0,0,0,0
7601,1,0.70469731,0,0,0,0
7603,1,0.705380896,0,0,0,0
7604,1,0.70733437,0,0,0,0
7609,1,0.707471256,0,0,0,0
7610,2,0.707100888,0,0,0,0
7612,1,0.705181095,0,0,0,0
7613,1,0.707885933,0,0,0,0
7614,1,0.707082907,0,0,0,0
7615,1,0.707106113,0,0,0,0
7617,1,0.708296864,0,0,0,0
7619,1,0.704850141,0,0,0,0
7620,1,0.707341853,0,0,0,0
7624,1,0.708868879,0,0,0,0
7629,1,0.707208978,0,0,0,0
7631,2,0.70744986,0,0,0,0
7633,2,0.708029257,0,0,0,0
7634,1,0.708066586,0,0,0,0
7635,1,0.708081844,0,0,0,0
7636,1,0.704858936,0,0,0,0
7637,1,0.706162293,0,0,0,0
7682,1,0.708880879,0,0,0,0
7783,1,0.707783286,0,0,0,0
7784,1,0.707657006,0,0,0,0
7844,2,0.707543047,0,0,0,0
7983,1,0.705211311,0,0,0,0
7984,1,0.707825858,0,0,0,0
7644,2,0.707126815,0,0,0,0
7645,1,0.70887993,0,0,0,0
7646,2,0.70523671,0,0,0,0
7653,1,0.706430727,0,0,0,0
7655,1,0.705371796,0,0,0,0
7662,1,0.707312592,0,0,0,0
7664,1,0.707087601,0,0,0,0
7666,1,0.705077779,0,0,0,0
7667,1,0.707428969,0,0,0,0
7668,1,0.707051561,0,0,0,0
7669,2,0.705954448,0,0,0,0
7670,2,0.707268293,0,0,0,0
7672,2,0.707112022,0,0,0,0
7674,1,0.708003971,0,0,0,0
7675,1,0.707515377,0,0,0,0
7676,2,0.707561019,0,0,0,0
7683,1,0.70712677,0,0,0,0
7684,1,0.707323778,0,0,0,0
7685,2,0.707347144,0,0,0,0
7687,1,0.707231484,0,0,0,0
7688,1,0.707242209,0,0,0,0
7689,1,0.707580235,0,0,0,0
7690,1,0.708869569,0,0,0,0
7691,2,0.70612029,0,0,0,0
7692,1,0.707716742,0,0,0,0
7693,1,0.708386933,0,0,0,0
7694,2,0.707472905,0,0,0,0
7695,1,0.707119196,0,0,0,0
7697,2,0.70714955,0,0,0,0
7698,2,0.70727213,0,0,0,0
7699,2,0.708877465,0,0,0,0
7700,2,0.707586958,0,0,0,0
7701,1,0.707043555,0,0,0,0
7702,1,0.70767535,0,0,0,0
7703,1,0.708186047,0,0,0,0
7704,1,0.705937511,0,0,0,0
7705,1,0.70900986,0,0,0,0
7706,1,0.70798587,0,0,0,0
7713,2,0.707284478,0,0,0,0
7714,1,0.707305907,0,0,0,0
7715,1,0.707415161,0,0,0,0
7716,1,0.707255587,0,0,0,0
7717,1,0.707162607,0,0,0,0
7720,2,0.70901928,0,0,0,0
7721,1,0.708177189,0,0,0,0
7722,1,0.70715901,0,0,0,0
7724,2,0.707127426,0,0,0,0
7725,2,0.706116646,0,0,0,0
7726,1,0.707123578,0,0,0,0
7727,1,0.707337251,0,0,0,0
7731,1,0.708865693,0,0,0,0
7732,1,0.70505297199999994,0,0,0,0
7733,2,0.707318787,0,0,0,0
7734,1,0.707109244,0,0,0,0
7735,1,0.708602574,0,0,0,0
7736,1,0.707446643,0,0,0,0
7737,1,0.707800048,0,0,0,0
7738,1,0.707082301,0,0,0,0
7739,1,0.707451406,0,0,0,0
7740,1,0.708880027,0,0,0,0
7744,2,0.707392855,0,0,0,0
7747,1,0.70714264,0,0,0,0
7748,1,0.707207704,0,0,0,0
7758,1,0.707645571,0,0,0,0
7759,1,0.707208202,0,0,0,0
7760,1,0.707206995,0,0,0,0
7761,1,0.707340948,0,0,0,0
7762,1,0.705254457,0,0,0,0
7763,1,0.705370181,0,0,0,0
7767,1,0.708145471,0,0,0,0
7768,2,0.707135543,0,0,0,0
7769,1,0.707129016,0,0,0,0
7770,1,0.707599032,0,0,0,0
7771,1,0.70539264,0,0,0,0
7773,2,0.707789762,0,0,0,0
7775,1,0.709033448,0,0,0,0
7776,2,0.707135974,0,0,0,0
7778,1,0.70779311,0,0,0,0
7785,1,0.707539074,0,0,0,0
7786,2,0.7056518,0,0,0,0
7787,2,0.705405663,0,0,0,0
7788,1,0.707141944,0,0,0,0
7789,1,0.70717942,0,0,0,0
7790,1,0.70705395,0,0,0,0
7792,1,0.705469859,0,0,0,0
7793,2,0.707123873,0,0,0,0
7794,1,0.707221945,0,0,0,0
7795,2,0.706101947,0,0,0,0
7796,2,0.70748452,0,0,0,0
7797,1,0.707939854,0,0,0,0
7800,1,0.705657286,0,0,0,0
7801,1,0.707515297,0,0,0,0
7802,2,0.705998,0,0,0,0
7803,1,0.707078061,0,0,0,0
7804,2,0.705488197,0,0,0,0
7805,1,0.707537685,0,0,0,0
7807,1,0.707211291,0,0,0,0
7809,1,0.708124548,0,0,0,0
7810,1,0.707154603,0,0,0,0
7811,2,0.707542412,0,0,0,0
7821,2,0.707139327,0,0,0,0
7822,2,0.707251792,0,0,0,0
7823,1,0.70814945,0,0,0,0
7827,1,0.70718821,0,0,0,0
7828,1,0.705122842,0,0,0,0
7829,1,0.70888325,0,0,0,0
7830,1,0.707614403,0,0,0,0
7831,1,0.707133995,0,0,0,0
7832,1,0.707509764,0,0,0,0
7852,2,0.705384592,0,0,0,0
7853,1,0.709038775,0,0,0,0
7854,1,0.707151892,0,0,0,0
7856,2,0.70716187,0,0,0,0
7914,2,0.706760992,0,0,0,0
7916,2,0.70537785,0,0,0,0
7918,2,0.706218824,0,0,0,0
7919,1,0.707426935,0,0,0,0
7923,2,0.707157439,0,0,0,0
7924,1,0.707153193,0,0,0,0
7925,1,0.708863418,0,0,0,0
7977,1,0.707156613,0,0,0,0
7979,1,0.709108425,0,0,0,0
7956,1,0.707209812,0,0,0,0
7957,1,0.70756207,0,0,0,0
7958,1,0.705198004,0,0,0,0
7959,2,0.708117033,0,0,0,0
8572,1,0.705233313,0,0,0,0
8573,1,0.707182693,0,0,0,0
8394,1,0.707631032,0,0,0,0
8395,1,0.707175019,0,0,0,0
8396,1,0.706913618,0,0,0,0
8038,2,0.707146534,0,0,0,0
8039,1,0.708865442,0,0,0,0
8184,2,0.708190566,0,0,0,0
8185,2,0.707177883,0,0,0,0
8186,1,0.707581951,0,0,0,0
8277,2,0.707633045,0,0,0,0
8278,1,0.707161367,0,0,0,0
8349,1,0.709285199,0,0,0,0
8350,1,0.707407134,0,0,0,0
8391,1,0.70767439,0,0,0,0
7936,1,0.708349767,0,0,0,0
7938,1,0.707125374,0,0,0,0
7940,2,0.707097013,0,0,0,0
7942,2,0.708156965,0,0,0,0
7948,2,0.708162597,0,0,0,0
7949,1,0.707103685,0,0,0,0
7950,2,0.707633224,0,0,0,0
7951,1,0.70719429599999994,0,0,0,0
7953,2,0.707785146,0,0,0,0
7954,1,0.70721833,0,0,0,0
7955,2,0.70527965,0,0,0,0
7963,2,0.70900246,0,0,0,0
8064,2,0.707405663,0,0,0,0
8169,1,0.707046154,0,0,0,0
8170,1,0.70885856,0,0,0,0
8171,1,0.708282157,0,0,0,0
8173,1,0.707159371,0,0,0,0
8202,2,0.708095645,0,0,0,0
8337,1,0.70714603,0,0,0,0
8338,1,0.707158274,0,0,0,0
8339,2,0.70713264,0,0,0,0
7965,1,0.707294443,0,0,0,0
7967,1,0.707659917,0,0,0,0
7969,1,0.707124763,0,0,0,0
7970,2,0.707822464,0,0,0,0
7972,1,0.70812488,0,0,0,0
7973,2,0.707246741,0,0,0,0
7980,1,0.708869694,0,0,0,0
7982,1,0.708867201,0,0,0,0
7989,2,0.70672396,0,0,0,0
7990,1,0.70713995,0,0,0,0
7991,1,0.707226477,0,0,0,0
7998,1,0.708885521,0,0,0,0
7999,1,0.707593236,0,0,0,0
8000,2,0.707429973,0,0,0,0
8002,1,0.707114556,0,0,0,0
8003,2,0.707185777,0,0,0,0
8004,1,0.708245411,0,0,0,0
8006,1,0.708858528,0,0,0,0
8007,1,0.70767513,0,0,0,0
8009,1,0.707164261,0,0,0,0
8010,2,0.706174018,0,0,0,0
8012,1,0.707097517,0,0,0,0
8013,1,0.708820318,0,0,0,0
8014,1,0.708063333,0,0,0,0
8016,1,0.707691581,0,0,0,0
8017,1,0.707102585,0,0,0,0
8018,1,0.707880533,0,0,0,0
8019,2,0.70589747,0,0,0,0
8022,1,0.707281434,0,0,0,0
8023,1,0.707159227,0,0,0,0
8025,1,0.707603461,0,0,0,0
8027,1,0.707198274,0,0,0,0
8028,2,0.706449514,0,0,0,0
8029,2,0.707284879,0,0,0,0
8030,1,0.707546896,0,0,0,0
8034,1,0.707199615,0,0,0,0
8035,2,0.707185006,0,0,0,0
8036,2,0.708070024,0,0,0,0
8046,2,0.707741159,0,0,0,0
8048,1,0.707352268,0,0,0,0
8049,2,0.707433097,0,0,0,0
8050,1,0.707185274,0,0,0,0
8051,2,0.707183769,0,0,0,0
8052,1,0.707516251,0,0,0,0
8053,2,0.706018683,0,0,0,0
8055,1,0.707199092,0,0,0,0
8056,1,0.708189758,0,0,0,0
8057,2,0.707278072,0,0,0,0
8058,1,0.70587322,0,0,0,0
8059,1,0.707067683,0,0,0,0
8091,2,0.705547085,0,0,0,0
8093,1,0.707108312,0,0,0,0
8152,1,0.707156407,0,0,0,0
8153,2,0.707582592,0,0,0,0
8373,2,0.7071448,0,0,0,0
8374,2,0.706431224,0,0,0,0
8376,1,0.708859541,0,0,0,0
8377,2,0.707178105,0,0,0,0
8461,2,0.707183476,0,0,0,0
8462,2,0.706288531,0,0,0,0
8463,1,0.707155544,0,0,0,0
8464,1,0.707150967,0,0,0,0
8465,1,0.707213733,0,0,0,0
8550,1,0.706595438,0,0,0,0
8551,2,0.707258547,0,0,0,0
8552,1,0.70702362,0,0,0,0
8292,1,0.709153632,0,0,0,0
8293,2,0.707237059,0,0,0,0
8294,1,0.707242622,0,0,0,0
8301,2,0.70716172,0,0,0,0
8302,1,0.706292228,0,0,0,0
8303,2,0.70716586,0,0,0,0
8304,2,0.707161852,0,0,0,0
8306,1,0.707049209,0,0,0,0
8061,1,0.708179958,0,0,0,0
8062,2,0.707126502,0,0,0,0
8949,2,0.707353533,0,0,0,0
8951,1,0.705833998,0,0,0,0
9347,1,0.706739654,0,0,0,0
9349,1,0.707553626,0,0,0,0
9350,2,0.707549799,0,0,0,0
9354,1,0.707753167,0,0,0,0
9355,1,0.70729573,0,0,0,0
9356,1,0.708448375,0,0,0,0
9357,1,0.708534757,0,0,0,0
10685,2,0.708214068,0,0,0,0
10688,2,0.705406172,0,0,0,0
10689,1,0.706680985,0,0,0,0
10690,2,0.706639029,0,0,0,0
10742,1,0.704730204,0,0,0,0
10743,2,0.706577675,0,0,0,0
10747,3,0.707396313,0,0,0,0
10749,4,0.708149047,0,0,0,0
10901,3,0.704852771,31.56998872963592,1.7210745704829782e-4,0.3252970258710402,22.33713842047038
10908,7,0.70891437,0,0,0,0
11079,4,0.708201392,0,0,0,0
11081,5,0.707559063,60.95755782094383,3.323172001828653e-4,0.6281064093285685,43.13012014293336
11082,5,0.707568096,61.45945889918609,3.3505337215320824e-4,0.6332779958448604,43.48523695827628
11084,4,0.708191488,0,0,0,0
11152,4,0.706232914,62.82416071768786,3.424932024814035e-4,0.6473398774173011,44.45082277725144
8069,3,0.707671733,64.60801373781355,3.522180842249802e-4,0.6657206911390756,45.71297627922328
8070,3,0.705863656,65.83778457014009,3.589223226241914e-4,0.6783922444197787,46.5830925641033
8072,4,0.705636831,63.422745473621376,3.4575645674018264e-4,0.653507692125899,44.87434749448134
8074,4,0.707125416,0,0,0,0
8085,4,0.708218219,85.26132784661105,4.6481202276978697e-4,0.878532349436101,60.326093187199575
8128,3,0.707347478,57.35095459371105,3.1265538416712114e-4,0.590943985440391,40.57829168951398
8134,3,0.707700914,65.50944512713141,3.5713234204900573e-4,0.6750090362342588,46.35077814517226
8135,4,0.708149216,82.02737798447171,4.4718176981781155e-4,0.8452097441928993,58.03793317757449
8239,4,0.706996111,0,0,0,0
8500,4,0.708276345,86.79903308035462,4.731950012920766e-4,0.8943768574429585,61.414086437693456
8089,3,0.70765632,63.97410118910227,3.4876223640431606e-4,0.6591888590081211,45.26445561397056
8103,3,0.70717008,0,0,0,0
8110,4,0.706966399,56.472495260270385,3.0786636117146547e-4,0.5818923443085506,39.95674355099982
8114,4,0.708124715,81.60492956633489,4.448787432439898e-4,0.8408568375390292,57.73903257066446
8116,3,0.707619632,0,0,0,0
8117,4,0.708098124,81.11455064233412,4.422053856345642e-4,0.8358039752496758,57.39206817996755
8119,3,0.707132796,0,0,0,0
8122,4,0.707123073,0,0,0,0
8124,3,0.707398665,0,0,0,0
8138,3,0.707644873,63.4201448676054,3.457422792347034e-4,0.6534808954928781,44.872507452755215
8140,3,0.705981866,65.43517731728959,3.567274624653642e-4,0.674243781046289,46.29823044352976
8141,3,0.707154286,0,0,0,0
8142,3,0.707161403,0,0,0,0
8143,3,0.705887836,65.87657782783543,3.591338085702189e-4,0.678791969977498,46.61054047909443
8145,4,0.706962223,0,0,0,0
8155,7,0.708764076,0,0,0,0
8157,4,0.708211678,84.85270043399807,4.6258434301141483e-4,0.874321854362734,60.036971542079485
8191,4,0.705656964,63.785305354549095,3.4773299400373973e-4,0.6572435075541518,45.130874359769365
8194,5,0.707880906,70.603447362794725,3.849028863620403e-4,0.7274976130035675,49.955006009383766
8199,3,0.707156175,0,0,0,0
8200,3,0.705898514,65.87842937965368,3.5914390251981645e-4,0.6788110483593397,46.6118505324369
8201,3,0.706111648,63.92289082091897,3.484830571395398e-4,0.6586611875982118,45.22822205391231
8295,4,0.707440833,0,0,0,0
8297,3,0.707441582,0,0,0,0
8413,3,0.707164167,0,0,0,0
8446,3,0.709233897,90.2346678670721,4.919247630145933e-4,0.9297776232674058,63.844947292612005
8447,4,0.707663641,64.13239519254559,3.4962519453306094e-4,0.6608199197276643,45.37645549766785
8448,5,0.706580259,58.88044389264346,3.2099357256738277e-4,0.6067038364908678,41.66047180923034
8565,7,0.708802877,0,0,0,0
8568,5,0.70753391,60.38667685559941,3.292049763533245e-4,0.6222240543571016,42.726197060992575
8569,3,0.707187247,0,0,0,0
11599,3,0.706688588,58.88368290215414,3.210112304035959e-4,0.6067372112307075,41.6627635491611
11640,5,0.709216953,90.68641705616895,4.943875261414645e-4,0.9344324449371679,64.16457946779612
9429,3,0.707263996,0,0,0,0
9432,3,0.708610524,94.40147719123627,5.146406075759765e-4,0.9727124083295845,66.79314589485568
10321,3,0.706274698,62.68039393396778,3.4170944117676774e-4,0.6458585051062846,44.34910153256798
9616,5,0.70805235,78.20248013768399,4.2632989535191476e-4,0.8057980134990397,55.33165179814361
9617,6,0.707207464,54.39833096873751,0.00029655881384310683,0.5605201645152088,38.48918221344146
9618,5,0.705893361,65.87870684601569,3.5914541515988705e-4,0.6788139073715209,46.6120468519411
9619,5,0.708052797,78.20993946626766,4.2637056074729444e-4,0.8058748743881595,55.336929597148355
9751,3,0.706384598,60.37349538147223,3.291331160174972e-4,0.6220882325053142,42.71687059544689
9754,5,0.707624625,62.97150558411844,3.432964701191484e-4,0.6488581182769261,44.555075670883795
9757,4,0.707429094,57.79103978829545,3.1505455967437824e-4,0.5954786213616826,40.889671081898854
9758,5,0.707665925,64.48200385765216,3.51531126740666e-4,0.6644222858847086,45.62381881516408
8210,4,0.705909647,65.57232165836943,3.57475120755456e-4,0.6756569157372887,46.39526602236761
8215,3,0.707303634,55.86813161927877,3.0457160265019066e-4,0.5756649839935749,39.52913002155765
8217,3,0.707155207,0,0,0,0
8219,4,0.705937239,65.55568428789256,3.5738442019964437e-4,0.6754854843446205,46.383494360031044
8221,3,0.706059407,64.66835112302674,3.5254702048222495e-4,0.6663424072925649,45.75566760030605
8541,3,0.707764292,0,0,0,0
8543,4,0.706892336,57.58571193436076,3.1393519105171194e-4,0.5933629240522713,40.744392705837484
8830,4,0.705640502,63.490970238425554,3.46128391962546e-4,0.6542106798042163,44.92261947925099
9126,5,0.705959902,65.50533036771421,3.571099099605522e-4,0.6749666377712105,46.34786677414023
9177,3,0.709240884,90.16451571736161,4.915423204297529e-4,0.9290547758234389,63.795311599295914
8231,3,0.707657547,0,0,0,0
8870,5,0.70686975,57.40083183626273,3.129272957428162e-4,0.5914579203296194,40.613582005277145
8872,3,0.707489394,0,0,0,0
8874,5,0.707922647,71.30421004889098,3.887231754641756e-4,0.7347182686579207,50.450826050793495
8875,3,0.707069118,55.311271297265954,3.015358139847752e-4,0.5699270976697097,39.13512715382804
8435,5,0.707894442,70.84388855151555,3.8621367940396386e-4,0.7299751179611274,50.12512859512285
8440,7,0.708772304,0,0,0,0
8441,3,0.70735568,0,0,0,0
8443,3,0.70782386,0,0,0,0
8444,4,0.707899654,0,0,0,0
8453,3,0.708293993,86.77668330804616,4.7307315891479356e-4,0.8941465654867876,61.398273002915396
8456,4,0.706452402,59.684380680723564,3.253763272591561e-4,0.6149875976410667,42.22929200965683
8457,5,0.708178071,83.4134956435065,4.547383510858393e-4,0.8594922944925788,59.018671634026745
8458,5,0.708029608,0,0,0,0
8649,5,0.708114489,0,0,0,0
8650,3,0.707436144,0,0,0,0
8510,4,0.708255979,86.17152783146925,4.6977408360993826e-4,0.8879110461014024,60.97009921539945
8513,3,0.707373902,0,0,0,0
8516,3,0.707184786,0,0,0,0
8520,3,0.708296983,86.82302422549286,4.7332579180381167e-4,0.8946240620975925,61.4310612150495
8523,3,0.708303646,87.22850064585879,4.755362935622971e-4,0.8988020893606194,61.71795339627629
8537,3,0.7083041,87.53567075025707,4.7721086703148626e-4,0.9019671687736335,61.93528958854848
8538,4,0.7081271,81.64761636067318,4.4511145525684556e-4,0.8412966820812979,57.76923533196496
8539,4,0.706854528,0,0,0,0
8554,4,0.707281393,0,0,0,0
8560,4,0.708255853,86.16944522161894,4.697627300206662e-4,0.8878895868986083,60.96862567846218
8563,5,0.706309685,61.709983035861796,3.3641913355596736e-4,0.6358593954540728,43.66249366769478
8579,3,0.707183746,0,0,0,0
8584,3,0.707191854,0,0,0,0
8586,5,0.706638519,59.35359305122481,3.235730001112239e-4,0.6115791633526545,41.99524539243531
8598,5,0.706700364,58.73147835420134,3.201814696480987e-4,0.6051688962339202,41.55507221974813
8600,3,0.70719566,0,0,0,0
8601,5,0.706666148,59.50658798912686,3.24407069769249e-4,0.6131556225240238,42.10349595707175
8603,4,0.708113855,0,0,0,0
8631,7,0.708815633,0,0,0,0
8677,5,0.706729025,58.689362942875924,3.199518725960428e-4,0.6047349392197185,41.52527373675001
8678,3,0.706124658,63.787887255151105,3.477470695344841e-4,0.6572701114466689,45.13270116660255
8728,3,0.706194637,63.1741556484381,3.444012404609886e-4,0.6509462236538495,44.69845939446987
8729,3,0.707743293,0,0,0,0
8922,4,0.706080133,64.50201522527647,3.5164022103345696e-4,0.6646284829292356,45.637977727048245
8924,4,0.705635059,63.38947828413611,3.455750967962661e-4,0.6531649071508607,44.85080951280019
8640,5,0.706314267,61.618265565333886,3.359191251221777e-4,0.6349143390386697,43.597599573106955
8645,3,0.70767592,64.69756254672535,3.527062699483107e-4,0.666643401674666,45.776335951511456
8664,4,0.708178631,83.42282489207207,4.5478921056699227e-4,0.8595884230290184,59.02527248264766
8665,4,0.705753789,65.1164269816998,3.5498975802202525e-4,0.6709593789816973,46.07270073464657
8673,3,0.707277969,0,0,0,0
8674,3,0.707195242,0,0,0,0
8675,3,0.707183327,0,0,0,0
8686,5,0.707894678,70.847968934081507,3.862359240830236e-4,0.7300171622052507,50.128015643039305
8790,4,0.707299379,0,0,0,0
8791,5,0.707557167,60.91574467262554,3.320892509526684e-4,0.6276755668310711,43.10053552414302
8838,3,0.708238301,85.58761574696334,4.665908191221133e-4,0.8818944185350572,60.5569560505826
8841,4,0.707956585,0,0,0,0
8842,5,0.707909047,71.08915206550147,3.87550761911669e-4,0.7325023121371393,50.29866318546787
8843,3,0.707646605,63.75896701597907,3.4758940749463497e-4,0.6569721174286567,45.112238841098694
8928,5,0.707571303,61.530097734437106,3.354384679607495e-4,0.6340058580945096,43.53521700275383
8929,4,0.70582828,65.69506158224645,3.581442516936291e-4,0.6769216273763953,46.48210985030935
8932,5,0.708152733,0,0,0,0
8933,3,0.707642591,0,0,0,0
8691,3,0.70599949,65.05828150110968,3.5467277118718914e-4,0.6703602482038629,46.03156028130053
8692,5,0.708185409,83.53428901323996,4.553968701582141e-4,0.8607369488462989,59.10413819035397
8693,4,0.707316639,0,0,0,0
8694,5,0.706335563,61.174716795761995,3.335010675339513e-4,0.6303440144558469,43.2837695509614
8705,4,0.706297211,62.25350440165968,3.393822033536793e-4,0.6414598372314068,44.04705864446063
8706,4,0.706302202,61.8568929483747,3.372200299919565e-4,0.6373731545504312,43.766438812536066
8708,5,0.707929268,71.70483381299837,3.9090722240394895e-4,0.7388462941720717,50.73428476691892
8720,3,0.705627978,63.254374793860656,3.448385644411617e-4,0.6517728013776285,44.75521792456061
8722,4,0.706276949,62.639200644282525,3.4148487117783937e-4,0.6454340496294323,44.31995549068706
8733,3,0.707291057,0,0,0,0
8735,5,0.707903739,71.00172282265981,3.8707413124873156e-4,0.7316014416010708,50.23680319824788
8736,5,0.708229653,85.44991618413324,4.658401339762202e-4,0.8804755628415699,60.459527628237716
8740,3,0.705865097,65.84143822696379,3.589422409583485e-4,0.6784298916837191,46.585677685020215
8763,3,0.707340452,0,0,0,0
8780,5,0.706797669,57.67573264303221,3.1442594939134306e-4,0.5942904970409223,40.80808626770485
8782,5,0.708132711,0,0,0,0
8787,4,0.705615022,62.99828690430443,3.434424715939377e-4,0.6491340728830557,44.5740246182908
10744,1,0.706546658,0,0,0,0
10745,1,0.707400472,0,0,0,0
10746,1,0.708139118,0,0,0,0
10748,2,0.706510812,0,0,0,0
11160,2,0.709194754,0,0,0,0
11161,1,0.7081575,0,0,0,0
11162,1,0.705274798,0,0,0,0
11301,2,0.706554885,0,0,0,0
11302,2,0.708970899,0,0,0,0
11303,1,0.708809845,0,0,0,0
11608,1,0.707516256,0,0,0,0
10903,1,0.707172541,0,0,0,0
10904,1,0.708245506,0,0,0,0
10909,2,0.708977966,0,0,0,0
10910,1,0.706995142,0,0,0,0
10911,1,0.70913077,0,0,0,0
10912,2,0.709496333,0,0,0,0
10913,1,0.707098065,0,0,0,0
11080,1,0.708182032,0,0,0,0
11083,1,0.708476798,0,0,0,0
11151,2,0.708162139,0,0,0,0
8063,1,0.707115641,0,0,0,0
8067,1,0.705740787,0,0,0,0
8068,1,0.707170982,0,0,0,0
8071,1,0.707142928,0,0,0,0
8073,1,0.707144843,0,0,0,0
8075,1,0.707426011,0,0,0,0
8076,2,0.707581889,0,0,0,0
8077,1,0.706497964,0,0,0,0
8078,1,0.707828247,0,0,0,0
8079,1,0.707341791,0,0,0,0
8080,1,0.705824816,0,0,0,0
8081,1,0.70809994,0,0,0,0
8086,1,0.707556061,0,0,0,0
8087,1,0.707354781,0,0,0,0
8127,1,0.709072993,0,0,0,0
8129,1,0.707203533,0,0,0,0
8130,1,0.70720086,0,0,0,0
8131,1,0.707342689,0,0,0,0
8132,1,0.707326179,0,0,0,0
8133,1,0.707200045,0,0,0,0
8238,1,0.707631002,0,0,0,0
8240,1,0.708931667,0,0,0,0
8319,2,0.706599524,0,0,0,0
8320,1,0.707336721,0,0,0,0
8321,1,0.707169083,0,0,0,0
8499,2,0.708200415,0,0,0,0
8501,1,0.708331319,0,0,0,0
8622,2,0.707319529,0,0,0,0
8623,2,0.707139225,0,0,0,0
8624,1,0.707295694,0,0,0,0
8088,1,0.707373872,0,0,0,0
8090,1,0.70717049,0,0,0,0
8094,1,0.707765902,0,0,0,0
8095,1,0.707243878,0,0,0,0
8096,1,0.705651344,0,0,0,0
8104,1,0.707770882,0,0,0,0
8105,2,0.707547679,0,0,0,0
8106,1,0.70737817,0,0,0,0
8107,2,0.707113447,0,0,0,0
8108,1,0.708415214,0,0,0,0
8109,1,0.708090581,0,0,0,0
8111,2,0.705728203,0,0,0,0
8112,1,0.707161441,0,0,0,0
8113,2,0.707171841,0,0,0,0
8115,2,0.708268782,0,0,0,0
8118,2,0.7073723,0,0,0,0
8120,1,0.707311004,0,0,0,0
8121,1,0.707258441,0,0,0,0
8123,1,0.707137147,0,0,0,0
8125,1,0.706186764,0,0,0,0
8126,1,0.707242989,0,0,0,0
8136,1,0.7071479,0,0,0,0
8137,2,0.707174887,0,0,0,0
8139,1,0.707529977,0,0,0,0
8144,1,0.707138622,0,0,0,0
8146,1,0.707555913,0,0,0,0
8147,2,0.708247897,0,0,0,0
8154,1,0.708850128,0,0,0,0
8156,2,0.707380921,0,0,0,0
8158,1,0.707136371,0,0,0,0
8159,1,0.708866906,0,0,0,0
8163,2,0.707164369,0,0,0,0
8164,1,0.707443961,0,0,0,0
8165,2,0.707448721,0,0,0,0
8166,1,0.707228561,0,0,0,0
8167,1,0.707119371,0,0,0,0
8168,2,0.707119253,0,0,0,0
8190,1,0.706717948,0,0,0,0
8192,1,0.706061152,0,0,0,0
8193,2,0.709032749,0,0,0,0
8195,1,0.707204338,0,0,0,0
8296,2,0.708218798,0,0,0,0
8298,1,0.707048769,0,0,0,0
8299,2,0.707173814,0,0,0,0
8300,1,0.707045227,0,0,0,0
8412,2,0.705950951,0,0,0,0
8414,2,0.705594583,0,0,0,0
8445,1,0.708195894,0,0,0,0
8449,2,0.707170117,0,0,0,0
8450,1,0.705099493,0,0,0,0
8451,1,0.705766201,0,0,0,0
8452,2,0.706332624,0,0,0,0
8566,1,0.707441144,0,0,0,0
8567,2,0.707172898,0,0,0,0
8570,1,0.709224711,0,0,0,0
8574,1,0.707190443,0,0,0,0
8575,1,0.707207307,0,0,0,0
8749,1,0.709347608,0,0,0,0
8750,1,0.707716469,0,0,0,0
8751,1,0.70893903,0,0,0,0
8752,2,0.707304532,0,0,0,0
8753,1,0.70882688,0,0,0,0
8754,1,0.707991302,0,0,0,0
8755,2,0.708880509,0,0,0,0
8756,2,0.708229965,0,0,0,0
11598,1,0.70680361,0,0,0,0
11600,1,0.707031841,0,0,0,0
11601,2,0.705688639,0,0,0,0
11638,1,0.706616191,0,0,0,0
11639,1,0.706895267,0,0,0,0
11641,1,0.708912143,0,0,0,0
9426,2,0.707629747,0,0,0,0
9427,2,0.70839309,0,0,0,0
9428,2,0.704802989,0,0,0,0
9430,1,0.706913677,0,0,0,0
9431,2,0.708391607,0,0,0,0
9433,1,0.707633048,0,0,0,0
10320,1,0.707343228,0,0,0,0
10322,1,0.707186858,0,0,0,0
9615,1,0.707445677,0,0,0,0
9752,2,0.7072159,0,0,0,0
9753,2,0.707343014,0,0,0,0
9755,1,0.708588476,0,0,0,0
9756,1,0.707357468,0,0,0,0
8207,1,0.708193751,0,0,0,0
8208,2,0.707453689,0,0,0,0
8209,2,0.706317341,0,0,0,0
8211,1,0.707433797,0,0,0,0
8212,2,0.708864556,0,0,0,0
8213,1,0.704838647,0,0,0,0
8214,2,0.708244609,0,0,0,0
8216,1,0.707396001,0,0,0,0
8218,1,0.708188125,0,0,0,0
8220,1,0.707198174,0,0,0,0
8222,1,0.707155881,0,0,0,0
8355,1,0.708245079,0,0,0,0
8356,1,0.707179604,0,0,0,0
8357,1,0.708894055,0,0,0,0
8829,2,0.707213328,0,0,0,0
8831,1,0.707412386,0,0,0,0
9123,1,0.705194433,0,0,0,0
9124,1,0.706185384,0,0,0,0
9125,1,0.707557173,0,0,0,0
9127,1,0.70778909,0,0,0,0
9128,1,0.707317257,0,0,0,0
9178,2,0.707324379,0,0,0,0
9179,1,0.708331475,0,0,0,0
8229,2,0.70714633,0,0,0,0
8230,1,0.707407766,0,0,0,0
8826,1,0.706271659,0,0,0,0
8827,1,0.708360251,0,0,0,0
8828,1,0.707507027,0,0,0,0
8868,1,0.707056945,0,0,0,0
8869,1,0.707395508,0,0,0,0
8871,1,0.707505872,0,0,0,0
8873,1,0.708382456,0,0,0,0
8876,2,0.708967186,0,0,0,0
8430,2,0.708301171,0,0,0,0
8431,2,0.708586121,0,0,0,0
8432,1,0.707444042,0,0,0,0
8433,1,0.707108488,0,0,0,0
8434,1,0.707150265,0,0,0,0
8436,1,0.707174066,0,0,0,0
8437,1,0.709176407,0,0,0,0
8438,1,0.70716652,0,0,0,0
8439,1,0.707551488,0,0,0,0
8442,2,0.705104026,0,0,0,0
8454,2,0.707563756,0,0,0,0
8455,1,0.705098339,0,0,0,0
8459,1,0.707182323,0,0,0,0
8502,2,0.709004278,0,0,0,0
8503,2,0.708865552,0,0,0,0
8504,1,0.705591534,0,0,0,0
8607,1,0.708220341,0,0,0,0
8608,2,0.707549372,0,0,0,0
8609,2,0.706914059,0,0,0,0
8651,1,0.707195241,0,0,0,0
8820,1,0.708368719,0,0,0,0
8821,1,0.706111555,0,0,0,0
8822,1,0.707553965,0,0,0,0
8859,1,0.70721631,0,0,0,0
8860,1,0.707554962,0,0,0,0
8861,1,0.708401528,0,0,0,0
8508,2,0.709253698,0,0,0,0
8509,1,0.707158734,0,0,0,0
8511,1,0.70916785,0,0,0,0
8512,1,0.708227508,0,0,0,0
8514,2,0.708298066,0,0,0,0
8515,2,0.707632357,0,0,0,0
8521,1,0.707170361,0,0,0,0
8522,1,0.708247039,0,0,0,0
8524,2,0.709222324,0,0,0,0
8525,1,0.707226275,0,0,0,0
8532,2,0.706029988,0,0,0,0
8533,1,0.706107943,0,0,0,0
8534,1,0.707233691,0,0,0,0
8535,1,0.706391789,0,0,0,0
8536,1,0.707370172,0,0,0,0
8540,1,0.707607957,0,0,0,0
8544,1,0.707222826,0,0,0,0
8545,1,0.705359458,0,0,0,0
8546,1,0.707323469,0,0,0,0
8547,1,0.707190596,0,0,0,0
8548,1,0.70807749,0,0,0,0
8549,2,0.707143055,0,0,0,0
8553,1,0.708846385,0,0,0,0
8555,2,0.708292048,0,0,0,0
8556,2,0.707179684,0,0,0,0
8557,1,0.709292781,0,0,0,0
8558,2,0.706069098,0,0,0,0
8559,1,0.709208618,0,0,0,0
8561,1,0.707376499,0,0,0,0
8562,2,0.707262129,0,0,0,0
8564,1,0.707200361,0,0,0,0
8576,1,0.70577174,0,0,0,0
8577,1,0.709272616,0,0,0,0
8578,1,0.706613515,0,0,0,0
8580,1,0.707211207,0,0,0,0
8581,1,0.708913385,0,0,0,0
8582,1,0.708338703,0,0,0,0
8583,1,0.708258686,0,0,0,0
8585,1,0.707770895,0,0,0,0
8587,1,0.707180243,0,0,0,0
8588,1,0.707181659,0,0,0,0
8592,1,0.709235263,0,0,0,0
8593,1,0.707531378,0,0,0,0
8594,2,0.704707917,0,0,0,0
8595,1,0.708837183,0,0,0,0
8596,1,0.707231835,0,0,0,0
8597,1,0.707051942,0,0,0,0
8599,2,0.707142101,0,0,0,0
8602,1,0.708326146,0,0,0,0
8610,1,0.707241748,0,0,0,0
8611,2,0.707575457,0,0,0,0
8612,1,0.708882473,0,0,0,0
8613,2,0.708901861,0,0,0,0
8614,1,0.707652589,0,0,0,0
8615,1,0.70926249,0,0,0,0
8619,2,0.707268219,0,0,0,0
8620,1,0.707302997,0,0,0,0
8621,1,0.706787061,0,0,0,0
8625,2,0.70579248000000006,0,0,0,0
8626,1,0.70578013,0,0,0,0
8627,1,0.706909477,0,0,0,0
8632,2,0.704737697,0,0,0,0
8633,2,0.708205612,0,0,0,0
8676,1,0.70835163,0,0,0,0
8727,2,0.707482978,0,0,0,0
8730,1,0.709354336,0,0,0,0
8731,2,0.7088606,0,0,0,0
8732,2,0.707723223,0,0,0,0
8823,2,0.707478074,0,0,0,0
8824,1,0.707229761,0,0,0,0
8825,1,0.70747173,0,0,0,0
8923,2,0.708379278,0,0,0,0
8925,1,0.708409345,0,0,0,0
8926,2,0.708414851,0,0,0,0
8927,1,0.709228586,0,0,0,0
8634,2,0.70741821,0,0,0,0
8635,2,0.707126134,0,0,0,0
8636,1,0.705078012,0,0,0,0
8641,1,0.707941771,0,0,0,0
8642,1,0.708342598,0,0,0,0
8643,1,0.707144682,0,0,0,0
8644,1,0.707180079,0,0,0,0
8646,1,0.70729258800000006,0,0,0,0
8647,2,0.707203371,0,0,0,0
8648,1,0.707223682,0,0,0,0
8666,1,0.706982075,0,0,0,0
8679,2,0.708860842,0,0,0,0
8680,1,0.707474908,0,0,0,0
8681,1,0.707192789,0,0,0,0
8682,1,0.706377594,0,0,0,0
8683,2,0.70764411,0,0,0,0
8684,2,0.707164113,0,0,0,0
8685,2,0.706054587,0,0,0,0
8687,2,0.7058005,0,0,0,0
8688,1,0.707178916,0,0,0,0
8689,2,0.707175739,0,0,0,0
8690,1,0.705327769,0,0,0,0
8792,1,0.70774268,0,0,0,0
8839,1,0.708408194,0,0,0,0
8840,1,0.707201785,0,0,0,0
8930,1,0.708424151,0,0,0,0
8931,1,0.707867771,0,0,0,0
8967,2,0.707430018,0,0,0,0
8968,2,0.708411412,0,0,0,0
8969,1,0.707223405,0,0,0,0
8970,1,0.708859947,0,0,0,0
8971,1,0.707548412,0,0,0,0
8972,1,0.707582472,0,0,0,0
8695,1,0.708375018,0,0,0,0
8696,1,0.707633502,0,0,0,0
8697,1,0.708839619,0,0,0,0
8698,1,0.707016073,0,0,0,0
8699,1,0.708869212,0,0,0,0
8703,1,0.70882801,0,0,0,0
8704,1,0.705679411,0,0,0,0
8707,1,0.707205698,0,0,0,0
8709,1,0.708806523,0,0,0,0
8710,2,0.707498474,0,0,0,0
8711,2,0.707158579,0,0,0,0
8718,1,0.707255776,0,0,0,0
8719,1,0.708871515,0,0,0,0
8721,2,0.707628448,0,0,0,0
8723,1,0.707555012,0,0,0,0
8724,2,0.706062749,0,0,0,0
8725,1,0.708281047,0,0,0,0
8726,1,0.70704003,0,0,0,0
8734,1,0.707477556,0,0,0,0
8737,1,0.706994969,0,0,0,0
8738,1,0.708373265,0,0,0,0
8739,2,0.70580989,0,0,0,0
8741,2,0.70746318,0,0,0,0
8742,1,0.707618446,0,0,0,0
8743,1,0.70928945,0,0,0,0
8744,1,0.708807567,0,0,0,0
8745,1,0.707565472,0,0,0,0
8746,1,0.708327186,0,0,0,0
8747,2,0.705473153,0,0,0,0
8748,1,0.707876739,0,0,0,0
8760,1,0.708079256,0,0,0,0
8761,2,0.708973559,0,0,0,0
8762,1,0.707244634,0,0,0,0
8764,1,0.7071803,0,0,0,0
8765,1,0.70833691,0,0,0,0
8766,1,0.707435426,0,0,0,0
8767,2,0.706015227,0,0,0,0
8768,2,0.708224429,0,0,0,0
8769,1,0.708823351,0,0,0,0
8770,1,0.707209615,0,0,0,0
8771,1,0.707190806,0,0,0,0
8778,1,0.707417713,0,0,0,0
8779,1,0.707226845,0,0,0,0
8781,1,0.708357445,0,0,0,0
8783,2,0.707498127,0,0,0,0
8784,1,0.708887525,0,0,0,0
8785,2,0.707757187,0,0,0,0
8786,1,0.707007677,0,0,0,0
8788,2,0.708368706,0,0,0,0
8789,2,0.705806705,0,0,0,0
8803,3,0.706154972,63.73649778988041,3.474669139011529e-4,0.656740594621154,45.09634088757503
8813,4,0.706156324,63.719313339369315,3.4737323087504965e-4,0.6565635261182046,45.08418214234919
8816,5,0.707929835,71.71360760724266,3.9095505376141254e-4,0.7389366993096127,50.740492607478686
8901,3,0.707296806,0,0,0,0
8902,5,0.707959772,73.37514579255283,4.000131219891637e-4,0.7560571815081123,51.916103050485596
9053,3,0.707603738,62.52143932969363,3.408428817059352e-4,0.6442206375586681,44.236634245086506
9102,3,0.708326237,88.18241187818832,4.8073665134043997e-4,0.9086311865287943,62.39288703087034
9104,3,0.708332917,88.28526619929616,4.8129737360752404e-4,0.9096909970038913,62.465660931026115
8844,5,0.707954473,72.99068088649064,3.9791716693915246e-4,0.7520956567966252,51.64407742836484
8848,4,0.708247651,85.73328780368564,4.6738496724361506e-4,0.8833954227707603,60.660025358679825
8850,5,0.706953052,56.78836156352357,3.0958834297784856e-4,0.5851470293165528,40.180232681723055
8852,3,0.707491141,0,0,0,0
8856,3,0.707673414,0,0,0,0
8864,4,0.707423327,0,0,0,0
9522,3,0.707325164,0,0,0,0
9523,3,0.70763507,0,0,0,0
9119,3,0.708434497,91.66440481565903,4.99719139901345e-4,0.9445096265359614,64.85654829123597
9243,3,0.707255465,0,0,0,0
9365,5,0.706438551,60.012743538523715,3.2716643548279456e-4,0.6183710470924956,42.461622995569975
9477,3,0.707657192,0,0,0,0
9478,3,0.707256324,0,0,0,0
8883,3,0.707900023,70.9393534658837,3.8673411746271465e-4,0.7309587880214794,50.19267416901588
8887,3,0.707485976,0,0,0,0
9015,3,0.707718075,0,0,0,0
9016,5,0.707051327,55.79917564940029,3.041956811785133e-4,0.5749544619813683,39.480340677434526
9115,3,0.709365579,87.39187586025045,4.764269525021679e-4,0.9004855068555634,61.83354845744636
9149,3,0.705564615,62.225565478875914,3.3922989107399614e-4,0.6411719546931698,44.027290642929664
8889,3,0.708961545,93.79769225172008,5.113490039129495e-4,0.966491010952082,66.36594182184606
8890,5,0.706366551,60.79237910503127,3.314167092451689e-4,0.6264044085618368,43.01324902609349
8897,4,0.707433763,0,0,0,0
8898,3,0.707209188,0,0,0,0
8904,4,0.70818942,0,0,0,0
8907,5,0.706371157,60.687220131227896,3.308434228964754e-4,0.625320850955439,42.93884448404196
8916,3,0.707475059,0,0,0,0
8945,3,0.707698087,0,0,0,0
8985,4,0.707937745,0,0,0,0
8986,5,0.708240397,85.62034695078789,4.667692570780029e-4,0.8822316807161904,60.58011479912568
9549,5,0.707381776,57.12188845883452,3.1140660355122963e-4,0.5885836889879199,40.416217448499886
9492,3,0.706009988,65.00159617244633,3.543637445400229e-4,0.6697761628250993,45.99145294887141
9635,5,0.707557399,60.920871849307545,3.3211720235132536e-4,0.6277283972371904,43.10416322436911
8958,3,0.70841644,90.46421319114901,4.931761559860174e-4,0.9321428572833029,64.00736058080126
8959,3,0.705897656,65.8786272287343,3.591449811170385e-4,0.6788130869954015,46.61199051925596
8963,5,0.706388119,60.591269751289325,3.303203382658324e-4,0.6243321786599715,42.870955422169324
8966,5,0.705980611,65.44026688179797,3.56755208816892e-4,0.6742962238967358,46.301831531509144
8974,3,0.706265117,62.85196917742951,3.4264480352667317e-4,0.6476264156649224,44.4704984705128
8975,3,0.706234162,62.801813475768725,3.423713738988315e-4,0.6471096115342508,44.43501113283374
8977,3,0.705858276,65.82264472679233,3.588397860113023e-4,0.6782362435401029,46.572380467262875
8988,4,0.708274687,86.77245859354797,4.7305012739345644e-4,0.8941030340470654,61.395283833887135
8999,3,0.707857081,70.47639320080233,3.8421023585414243e-4,0.7261884474737786,49.86510967056573
9163,3,0.707782604,67.36750860087801,3.6726179069212985e-4,0.6941545141457536,47.665438766768766
9381,4,0.707960587,0,0,0,0
9436,3,0.706357909,60.98639571808821,3.3247441332559535e-4,0.6284035548946876,43.15052420787572
9574,3,0.70732941,0,0,0,0
9696,3,0.707339152,0,0,0,0
9697,3,0.707336705,0,0,0,0
9003,3,0.706272903,62.713002555732025,3.418872108623307e-4,0.6461945042024041,44.37217354897845
9004,5,0.705973319,65.46724789460042,3.5690229893915287e-4,0.6745742361347125,46.3209217701169
9007,3,0.707632432,62.84493135003005,3.426064359939117e-4,0.6475538979221622,44.465518901905824
9028,4,0.707929335,0,0,0,0
9029,3,0.707761901,0,0,0,0
9031,5,0.707089188,55.144791687531864,3.006282310734507e-4,0.5682116924987275,39.01733559809887
9033,3,0.708893315,96.10638863611905,5.239351301614681e-4,0.9902798084051265,67.9994448031363
9048,3,0.707788517,0,0,0,0
9063,3,0.707809967,0,0,0,0
9070,3,0.70629204,62.35446568751492,3.3993260551940955e-4,0.6425001418795359,44.11849313994209
9071,3,0.708380335,89.91103568987823,4.901604446452441e-4,0.9264429187282651,63.61596346872766
9072,5,0.705971837,65.47219058158852,3.569292445708347e-4,0.6746251655598323,46.32441893587035
9074,5,0.708249134,85.75751711106065,4.67517056124421e-4,0.883645081448041,60.677168646164105
9081,3,0.708434122,91.65810404640372,4.996847905265871e-4,0.9444447034370969,64.85209022328364
9082,3,0.705812052,65.89903003350081,3.5925620937483384e-4,0.6790233174065307,46.62642638992219
9087,3,0.705824739,65.67519154179615,3.580359278623273e-4,0.6767168865664515,46.46805093354001
9094,5,0.707659502,64.04330822076659,3.4913952656845306e-4,0.6599019679598717,45.31342259521325
9097,3,0.707404126,0,0,0,0
9270,3,0.709226668,90.30201898338015,4.922919354407988e-4,0.9304716088754378,63.89260113311951
9457,3,0.705978239,65.44952875512898,3.568057009941352e-4,0.6743916581990529,46.30838470922483
9681,3,0.708542377,93.5393211640256,5.099404639461247e-4,0.963828756393873,66.18313305371174
9746,3,0.708556833,94.01843045819278,5.125523838607465e-4,0.9687654964666831,66.52212369175083
9161,5,0.707135355,55.159626406237976,3.0070910426394814e-4,0.5683645493754295,39.027831806000776
9418,4,0.709015847,92.83733922240918,5.061135279310348e-4,0.9565955375359697,65.68645033605728
9469,4,0.707909686,0,0,0,0
9470,4,0.708382056,89.93778382591722,4.903062652128052e-4,0.9267185314050891,63.634888936909135
9120,4,0.708295705,86.80328071951757,4.7321815778988394e-4,0.8944206250983262,61.417091826917876
9129,4,0.707938976,0,0,0,0
9130,3,0.707327395,0,0,0,0
9131,3,0.707400054,0,0,0,0
9135,3,0.705913088,65.27174329087869,3.5583648290494585e-4,0.672559757552556,46.1825937703013
9137,3,0.705904867,65.8750781375073,3.591256328343659e-4,0.6787765171749124,46.60947938304101
9199,3,0.707418921,0,0,0,0
9233,3,0.707399943,0,0,0,0
9798,4,0.707359147,57.58285028332581,3.139195904290192e-4,0.5933334376125161,40.74236796342069
9167,3,0.708898228,96.13156676250814,5.240723916392335e-4,0.9905392437093808,68.01725942128957
9169,5,0.708016657,76.42722130464614,4.1665186581654604e-4,0.7875057542434512,54.075579056866246
9171,5,0.70826683,86.34748075932987,4.707333114143456e-4,0.8897240643009506,61.09459355522226
9173,3,0.707403112,0,0,0,0
9338,3,0.707403414,0,0,0,0
9351,3,0.707436614,0,0,0,0
9353,3,0.70752829800000006,60.254602150778595,3.2848495577359664e-4,0.6208631571759545,42.63274847003201
9323,3,0.706335163,61.18330640959943,3.33547894810554e-4,0.6304325217992808,43.28984707588256
9462,5,0.708025994,76.57847003673827,4.174764158309627e-4,0.7890642205177881,54.182594105037325
9464,5,0.705942806,65.54532331917811,3.573279361763755e-4,0.6753787249682768,46.37616352458707
9527,3,0.70726674,0,0,0,0
9189,3,0.708450617,91.92764406247095,5.011542192025162e-4,0.9472220425844368,65.04280149341777
9193,4,0.707339214,0,0,0,0
9195,3,0.707401779,0,0,0,0
9201,4,0.708946593,94.60251254638507,5.157365751433954e-4,0.9747838757502694,66.93538714156071
9206,4,0.707990479,0,0,0,0
9210,3,0.705901865,65.87707599550727,3.59136524389091e-4,0.6787971030950111,46.61089295436256
9212,3,0.709328656,88.05321236145052,4.8003230518219324e-4,0.9072999152730865,62.30147276037613
9215,4,0.708341302,88.715948838306,4.83645289991962e-4,0.9141287490336435,62.77038760689678
9217,5,0.707187434,54.4558529623641,2.968724016664096e-4,0.5611128708860962,38.52988152267664
9221,3,0.707436948,0,0,0,0
9224,5,0.708036378,77.04363151535058,4.2001229761053516e-4,0.7938572423600898,54.511716057680914
9238,7,0.708850119,0,0,0,0
9241,3,0.707396858,0,0,0,0
9253,5,0.707934545,71.78562579923039,3.913476692922692e-4,0.7396787744450475,50.79144860676645
9265,3,0.708471983,91.95880533120446,5.013240984750764e-4,0.9475431281612544,65.06484944468627
9313,3,0.709253281,90.02784860880428,4.907972638281372e-4,0.927646558534265,63.69861368319862
9630,3,0.70939862,86.70667459299318,4.7269149828063324e-4,0.8934251959929047,61.34873879585027
10242,3,0.70754605,0,0,0,0
10244,3,0.707556714,0,0,0,0
9276,3,0.707257936,0,0,0,0
9278,5,0.705941959,65.54706631621072,3.5733743832696207e-4,0.6753966848020817,46.3773967707031
8793,1,0.707407648,0,0,0,0
8794,1,0.707216557,0,0,0,0
8795,2,0.707298728,0,0,0,0
8796,2,0.707287127,0,0,0,0
8797,2,0.708103157,0,0,0,0
8798,2,0.707542034,0,0,0,0
8799,1,0.708363452,0,0,0,0
8800,2,0.709173137,0,0,0,0
8801,2,0.707306259,0,0,0,0
8804,2,0.708405392,0,0,0,0
8805,1,0.707630344,0,0,0,0
8806,2,0.707465593,0,0,0,0
8807,1,0.707203643,0,0,0,0
8811,2,0.708889996,0,0,0,0
8812,2,0.707218305,0,0,0,0
8814,2,0.707475741,0,0,0,0
8815,2,0.707558577,0,0,0,0
8903,1,0.707038382,0,0,0,0
9051,1,0.708438715,0,0,0,0
9052,1,0.7064221,0,0,0,0
9103,1,0.708174435,0,0,0,0
8835,1,0.707093719,0,0,0,0
8836,1,0.705866832,0,0,0,0
8837,2,0.707173133,0,0,0,0
8845,1,0.708275686,0,0,0,0
8846,2,0.707596252,0,0,0,0
8847,1,0.705917803,0,0,0,0
8849,1,0.707281166,0,0,0,0
8851,1,0.709292778,0,0,0,0
8857,1,0.707229116,0,0,0,0
8858,1,0.708322458,0,0,0,0
8862,2,0.707568412,0,0,0,0
8863,1,0.708281428,0,0,0,0
9101,1,0.706945643,0,0,0,0
9183,1,0.707441079,0,0,0,0
9184,2,0.707441722,0,0,0,0
9185,2,0.707249422,0,0,0,0
9471,2,0.708477518,0,0,0,0
9472,1,0.707257902,0,0,0,0
9473,1,0.707098797,0,0,0,0
9524,1,0.708443142,0,0,0,0
9261,2,0.707536309,0,0,0,0
9262,1,0.708382723,0,0,0,0
9263,1,0.707298098,0,0,0,0
9117,1,0.709154702,0,0,0,0
9118,2,0.709221067,0,0,0,0
9180,2,0.705867089,0,0,0,0
9181,1,0.708333431,0,0,0,0
9182,1,0.706245807,0,0,0,0
9186,2,0.707727162,0,0,0,0
9187,1,0.707541405,0,0,0,0
9188,1,0.708975685,0,0,0,0
9244,2,0.708477739,0,0,0,0
9245,2,0.706303569,0,0,0,0
9363,1,0.707631891,0,0,0,0
9364,1,0.705754988,0,0,0,0
9474,1,0.707019413,0,0,0,0
9475,1,0.707612289,0,0,0,0
9476,1,0.708301788,0,0,0,0
9479,1,0.708100176,0,0,0,0
8865,1,0.707275401,0,0,0,0
8866,1,0.707311169,0,0,0,0
8867,1,0.705811934,0,0,0,0
8877,1,0.707045902,0,0,0,0
8878,1,0.707231189,0,0,0,0
8879,1,0.707208794,0,0,0,0
8880,2,0.708081776,0,0,0,0
8881,1,0.705968775,0,0,0,0
8882,1,0.706202562,0,0,0,0
8884,1,0.70774126,0,0,0,0
8885,1,0.707421672,0,0,0,0
8886,1,0.707191518,0,0,0,0
8888,1,0.707224684,0,0,0,0
8919,1,0.707282133,0,0,0,0
8920,1,0.709277944,0,0,0,0
8921,1,0.708847717,0,0,0,0
9017,1,0.708840566,0,0,0,0
9111,1,0.708801168,0,0,0,0
9112,1,0.705842057,0,0,0,0
9113,1,0.708782069,0,0,0,0
9114,1,0.70453516,0,0,0,0
9116,2,0.708350175,0,0,0,0
9147,1,0.706189123,0,0,0,0
9148,2,0.707363572,0,0,0,0
9150,1,0.70713389,0,0,0,0
9151,1,0.707432891,0,0,0,0
9152,2,0.706217572,0,0,0,0
8891,1,0.707247458,0,0,0,0
8892,1,0.707050815,0,0,0,0
8893,2,0.707155431,0,0,0,0
8894,1,0.707258707,0,0,0,0
8895,1,0.707208183,0,0,0,0
8896,1,0.70734702,0,0,0,0
8899,1,0.708089826,0,0,0,0
8900,1,0.70828678,0,0,0,0
8905,1,0.707903818,0,0,0,0
8906,1,0.707293854,0,0,0,0
8908,1,0.707133485,0,0,0,0
8909,1,0.704983823,0,0,0,0
8910,1,0.70726374,0,0,0,0
8911,1,0.705046227,0,0,0,0
8912,1,0.706277509,0,0,0,0
8913,2,0.708881861,0,0,0,0
8914,2,0.707412638,0,0,0,0
8915,1,0.708416196,0,0,0,0
8917,1,0.708868609,0,0,0,0
8918,2,0.709316719,0,0,0,0
8934,2,0.709022288,0,0,0,0
8935,1,0.707689557,0,0,0,0
8936,2,0.708418595,0,0,0,0
8943,2,0.707421748,0,0,0,0
8944,2,0.709299266,0,0,0,0
8979,2,0.708381419,0,0,0,0
8980,1,0.705035602,0,0,0,0
8981,2,0.707482152,0,0,0,0
8982,1,0.707494385,0,0,0,0
8983,1,0.705873817,0,0,0,0
8984,1,0.707752922,0,0,0,0
8987,1,0.707902681,0,0,0,0
9060,2,0.707730326,0,0,0,0
9061,1,0.707240032,0,0,0,0
9062,1,0.708614968,0,0,0,0
9550,1,0.707307573,0,0,0,0
9551,1,0.708553087,0,0,0,0
9493,1,0.708444238,0,0,0,0
9494,2,0.70777207,0,0,0,0
9633,2,0.708964367,0,0,0,0
9634,1,0.708252907,0,0,0,0
8946,1,0.705774389,0,0,0,0
8947,2,0.706072221,0,0,0,0
8948,1,0.70571467,0,0,0,0
8952,1,0.709044809,0,0,0,0
8953,2,0.707603988,0,0,0,0
8954,1,0.708796338,0,0,0,0
8955,1,0.707892054,0,0,0,0
8956,2,0.707335667,0,0,0,0
8957,1,0.707567034,0,0,0,0
8960,2,0.70720445,0,0,0,0
8961,1,0.707328811,0,0,0,0
8962,1,0.707307516,0,0,0,0
8964,1,0.707137803,0,0,0,0
8965,2,0.706359931,0,0,0,0
8973,1,0.707539023,0,0,0,0
8976,1,0.705040936,0,0,0,0
8978,1,0.709335489,0,0,0,0
8989,1,0.707415031,0,0,0,0
8990,1,0.707233797,0,0,0,0
8997,2,0.707763709,0,0,0,0
8998,1,0.706957052,0,0,0,0
9162,1,0.707384144,0,0,0,0
9164,2,0.706947304,0,0,0,0
9258,1,0.706951348,0,0,0,0
9259,1,0.707324073,0,0,0,0
9260,1,0.708836848,0,0,0,0
9382,1,0.706101629,0,0,0,0
9383,1,0.706567718,0,0,0,0
9435,1,0.708986269,0,0,0,0
9437,1,0.706500853,0,0,0,0
9573,1,0.707327058,0,0,0,0
9575,1,0.708805906,0,0,0,0
9627,1,0.707308553,0,0,0,0
9628,1,0.706056149,0,0,0,0
9629,2,0.708523418,0,0,0,0
9698,1,0.708173873,0,0,0,0
9000,1,0.70840611,0,0,0,0
9001,1,0.705022681,0,0,0,0
9002,2,0.708370787,0,0,0,0
9005,1,0.708428444,0,0,0,0
9006,2,0.7064013,0,0,0,0
9008,1,0.707421991,0,0,0,0
9009,1,0.706424346,0,0,0,0
9010,1,0.705670408,0,0,0,0
9011,1,0.706614301,0,0,0,0
9012,1,0.705873176,0,0,0,0
9013,1,0.708045106,0,0,0,0
9014,2,0.708367428,0,0,0,0
9018,1,0.706771964,0,0,0,0
9019,1,0.707687134,0,0,0,0
9020,2,0.708984306,0,0,0,0
9021,1,0.70783407,0,0,0,0
9022,1,0.70834216,0,0,0,0
9023,1,0.707469782,0,0,0,0
9024,1,0.705284559,0,0,0,0
9025,2,0.708859098,0,0,0,0
9026,1,0.705872968,0,0,0,0
9027,1,0.708403811,0,0,0,0
9030,1,0.70727714,0,0,0,0
9032,1,0.707688925,0,0,0,0
9034,2,0.707338523,0,0,0,0
9035,2,0.7088587,0,0,0,0
9036,2,0.707579407,0,0,0,0
9037,1,0.708302361,0,0,0,0
9038,1,0.70911831,0,0,0,0
9042,1,0.708309224,0,0,0,0
9043,1,0.707574376,0,0,0,0
9044,1,0.707308894,0,0,0,0
9045,1,0.707653466,0,0,0,0
9046,1,0.709398609,0,0,0,0
9047,2,0.708293971,0,0,0,0
9049,1,0.709430586,0,0,0,0
9050,1,0.706949158,0,0,0,0
9054,1,0.707282886,0,0,0,0
9055,1,0.707190723,0,0,0,0
9056,1,0.706223587,0,0,0,0
9057,2,0.709306095,0,0,0,0
9058,1,0.707904458,0,0,0,0
9059,2,0.709385963,0,0,0,0
9064,1,0.705331338,0,0,0,0
9065,1,0.709388647,0,0,0,0
9066,1,0.707430962,0,0,0,0
9067,2,0.708878682,0,0,0,0
9068,1,0.708067547,0,0,0,0
9069,1,0.707140769,0,0,0,0
9073,1,0.707271774,0,0,0,0
9075,1,0.708963932,0,0,0,0
9076,1,0.70921457,0,0,0,0
9077,1,0.705031509,0,0,0,0
9078,2,0.708067108,0,0,0,0
9079,1,0.708451169,0,0,0,0
9080,2,0.707321887,0,0,0,0
9083,1,0.707387263,0,0,0,0
9084,1,0.70694098,0,0,0,0
9085,1,0.707240506,0,0,0,0
9086,1,0.707258851,0,0,0,0
9088,2,0.706243072,0,0,0,0
9089,1,0.707392878,0,0,0,0
9090,2,0.705953234,0,0,0,0
9091,1,0.705375958,0,0,0,0
9092,1,0.708453116,0,0,0,0
9093,1,0.707446881,0,0,0,0
9095,2,0.707341516,0,0,0,0
9096,1,0.70570097,0,0,0,0
9098,1,0.705911346,0,0,0,0
9105,2,0.707325253,0,0,0,0
9106,1,0.707554308,0,0,0,0
9107,1,0.705122533,0,0,0,0
9225,1,0.707241723,0,0,0,0
9226,2,0.707684279,0,0,0,0
9227,2,0.707442161,0,0,0,0
9271,1,0.708857866,0,0,0,0
9272,1,0.707315799,0,0,0,0
9456,1,0.709333065,0,0,0,0
9458,1,0.707495125,0,0,0,0
9682,1,0.706861052,0,0,0,0
9683,2,0.708775883,0,0,0,0
9744,1,0.707182614,0,0,0,0
9745,1,0.70502929,0,0,0,0
9771,1,0.708961726,0,0,0,0
9772,1,0.707675714,0,0,0,0
9773,1,0.7073043,0,0,0,0
9108,1,0.707233249,0,0,0,0
9109,2,0.707501171,0,0,0,0
9110,2,0.709336614,0,0,0,0
9159,2,0.708396126,0,0,0,0
9160,2,0.705036055,0,0,0,0
9417,1,0.706318451,0,0,0,0
9419,1,0.707422523,0,0,0,0
9468,2,0.70730895,0,0,0,0
9594,1,0.706356426,0,0,0,0
9595,1,0.706884078,0,0,0,0
9596,1,0.707833297,0,0,0,0
9121,2,0.708916042,0,0,0,0
9122,1,0.70726955,0,0,0,0
9132,2,0.707363752,0,0,0,0
9133,1,0.706961035,0,0,0,0
9134,2,0.707241646,0,0,0,0
9136,2,0.707142267,0,0,0,0
9138,1,0.708121564,0,0,0,0
9139,1,0.70741966,0,0,0,0
9140,1,0.707502619,0,0,0,0
9198,1,0.707471901,0,0,0,0
9200,1,0.707296108,0,0,0,0
9231,1,0.708489351,0,0,0,0
9232,2,0.70746898,0,0,0,0
9234,2,0.707249734,0,0,0,0
9235,2,0.709151382,0,0,0,0
9236,2,0.708404028,0,0,0,0
9799,2,0.707293981,0,0,0,0
9800,1,0.707292039,0,0,0,0
9267,1,0.706891286,0,0,0,0
9268,1,0.7073221,0,0,0,0
9269,1,0.707261043,0,0,0,0
9273,1,0.707277006,0,0,0,0
9274,1,0.707285974,0,0,0,0
9275,2,0.709364574,0,0,0,0
9141,1,0.704886426,0,0,0,0
9142,2,0.705227988,0,0,0,0
9143,2,0.708099849,0,0,0,0
9144,1,0.708084425,0,0,0,0
9145,1,0.708367031,0,0,0,0
9146,1,0.707568456,0,0,0,0
9153,2,0.707324997,0,0,0,0
9154,1,0.705051752,0,0,0,0
9155,1,0.707562907,0,0,0,0
9165,2,0.706855804,0,0,0,0
9166,2,0.707582697,0,0,0,0
9168,2,0.707603338,0,0,0,0
9170,1,0.70727221,0,0,0,0
9172,1,0.707380948,0,0,0,0
9174,1,0.70582419,0,0,0,0
9175,1,0.70757559,0,0,0,0
9176,1,0.708859252,0,0,0,0
9336,2,0.707342808,0,0,0,0
9337,2,0.70740184800000006,0,0,0,0
9352,1,0.707101923,0,0,0,0
9321,1,0.709057079,0,0,0,0
9322,2,0.707420421,0,0,0,0
9463,2,0.704697218,0,0,0,0
9465,1,0.705403,0,0,0,0
9466,1,0.708560716,0,0,0,0
9467,2,0.707541161,0,0,0,0
9525,1,0.707537835,0,0,0,0
9526,2,0.706870793,0,0,0,0
9190,1,0.706935935,0,0,0,0
9191,2,0.707375793,0,0,0,0
9192,2,0.707729493,0,0,0,0
9194,2,0.705641242,0,0,0,0
9196,1,0.709492949,0,0,0,0
9197,1,0.704633489,0,0,0,0
9202,1,0.706741846,0,0,0,0
9203,1,0.708257255,0,0,0,0
9204,1,0.707575628,0,0,0,0
9205,1,0.708498621,0,0,0,0
9207,1,0.707523594,0,0,0,0
9208,1,0.707710752,0,0,0,0
9209,2,0.706234749,0,0,0,0
9211,1,0.707541684,0,0,0,0
9291,1,0.709276733,0,0,0,0
9292,1,0.707308487,0,0,0,0
9293,2,0.709280632,0,0,0,0
9294,1,0.707724464,0,0,0,0
9295,1,0.707460412,0,0,0,0
9296,1,0.709057367,0,0,0,0
9414,2,0.708454803,0,0,0,0
9415,2,0.707405403,0,0,0,0
9416,1,0.709433862,0,0,0,0
9213,1,0.708940998,0,0,0,0
9214,1,0.706226673,0,0,0,0
9216,1,0.707551876,0,0,0,0
9218,1,0.707531209,0,0,0,0
9219,1,0.706931211,0,0,0,0
9220,1,0.707393014,0,0,0,0
9222,1,0.707896102,0,0,0,0
9223,1,0.707039466,0,0,0,0
9228,2,0.706473938,0,0,0,0
9229,1,0.707695748,0,0,0,0
9230,1,0.706001105,0,0,0,0
9237,1,0.706951617,0,0,0,0
9239,1,0.708489888,0,0,0,0
9240,1,0.705051112,0,0,0,0
9242,2,0.707537016,0,0,0,0
9246,1,0.709495104,0,0,0,0
9247,1,0.707742878,0,0,0,0
9248,1,0.709468864,0,0,0,0
9249,1,0.704486599,0,0,0,0
9250,1,0.707387811,0,0,0,0
9251,1,0.707383756,0,0,0,0
9252,2,0.70881516,0,0,0,0
9254,1,0.708496528,0,0,0,0
9255,2,0.708140886,0,0,0,0
9256,1,0.708485899,0,0,0,0
9257,1,0.707252335,0,0,0,0
9264,1,0.707323103,0,0,0,0
9266,2,0.706541213,0,0,0,0
9312,1,0.704519553,0,0,0,0
9314,2,0.708942215,0,0,0,0
9579,2,0.708543507,0,0,0,0
9580,2,0.707278954,0,0,0,0
9581,2,0.706886087,0,0,0,0
9631,1,0.706424952,0,0,0,0
9632,2,0.706898084,0,0,0,0
9672,1,0.709358792,0,0,0,0
9673,1,0.707339952,0,0,0,0
9674,1,0.709339948,0,0,0,0
10243,1,0.70586158,0,0,0,0
9277,2,0.709502157,0,0,0,0
9279,2,0.707380088,0,0,0,0
9280,1,0.707441528,0,0,0,0
9281,1,0.707248956,0,0,0,0
9286,3,0.706330276,61.287457650440196,3.341156873860611e-4,0.6315056957296369,43.36353860308733
9289,3,0.706220667,62.74091032687621,3.420393533152358e-4,0.646482065754283,44.39191950937119
9300,3,0.707444021,58.703187501148996,3.2002723877971715e-4,0.6048773874077342,41.53505521226437
9302,5,0.707305001,56.4947500913234,3.0798768596547715e-4,0.5821216579904404,39.972489810715416
9304,3,0.708416004,90.45724473030427,4.931381666130784e-4,0.9320710542932193,64.002430092045
9307,3,0.70623597,63.07004785002832,3.4383368471693526e-4,0.6498734973541124,44.62479860467216
9310,3,0.704744835,26.156582495349646,1.4259564477204562e-4,0.26951731169610327,18.506918352384712
9318,3,0.707429155,0,0,0,0
9320,3,0.708730391,95.98469110091119,5.232716819260873e-4,0.9890258375343106,67.91333851045917
9329,3,0.708944141,94.58841397985472,5.156597151719097e-4,0.9746386041823685,66.92541179330146
9330,3,0.707370531,0,0,0,0
9339,3,0.709136664,92.41592033603236,5.03816113969073e-4,0.9522532391728543,65.38827816759012
9345,3,0.707743069,66.65035722475375,0.00036335215674450767,0.6867649895009902,47.15802301524267
9362,3,0.708960169,93.78917801645004,5.113025875713541e-4,0.9664032803090771,66.35991763053576
9367,3,0.709201556,91.41615454424644,4.983657747389349e-4,0.9419516568244808,64.6809004402674
9369,3,0.706390468,60.53641240558897,3.3002127707991425e-4,0.6237669288096681,42.83214146709375
9376,5,0.705948307,65.53254781497573,3.5725828903270337e-4,0.6752470862288199,46.36712430039844
10694,4,0.706969062,56.47074124258686,3.0785679894052156e-4,0.5818742709180068,39.95550250729453
10702,3,0.707709089,0,0,0,0
10885,3,0.706620801,59.64106747901493,3.251402003138305e-4,0.6145412985999922,42.1986460379308
10886,3,0.709182762,92.1581552477287,5.024108776782495e-4,0.9495972288297193,65.2058981703493
12481,4,0.706126726,63.76517866780592,3.4762327103539023e-4,0.6570361222619282,45.11663385459916
12482,3,0.706426926,59.98669201736344,3.2702441259208233e-4,0.6181026123323368,42.443190412675996
12483,3,0.706443092,59.90608155699917,3.26584955313095e-4,0.6172720025011089,42.38615501026535
12487,3,0.707661385,64.08396877169203,3.4936119228021147e-4,0.6603209340988714,45.342191701279525
12835,7,0.709538179,81.9842099613437,4.4694643433036517e-4,0.8447649410712847,58.007389926000776
12856,4,0.707759934,66.96892258682907,3.6508885278326757e-4,0.6900474855992974,47.38342184732917
9377,3,0.706492894,59.65595130520075,3.252213412194522e-4,0.6146946614799504,42.209176991507825
9379,3,0.707582786,61.7782589011533,3.367913473585672e-4,0.6365629096715881,43.71080180827901
9380,3,0.705909663,65.57231258873777,3.574750713113065e-4,0.6756568222838437,46.395259605209226
9387,3,0.709369187,87.32008296582222,4.7603556520710115e-4,0.8997457531851968,61.78275186596883
9388,3,0.707450851,0,0,0,0
9390,3,0.708511577,93.13366088996871,5.07728959887908e-4,0.959648834703218,65.89611078801202
9392,3,0.707475256,0,0,0,0
9400,3,0.707594429,0,0,0,0
9402,3,0.708435014,91.67307833369219,4.997664245914073e-4,0.9445989984278613,64.86268518202039
9405,3,0.706611919,58.89293882790794,3.210616901569318e-4,0.606832584249215,41.66931251870755
9406,3,0.707486329,59.009077879367,3.216948356731307e-4,0.6080292805277806,41.75148594267294
9423,3,0.708776342,96.69884780245485,5.27164990057721e-4,0.9963845050652856,68.41863539963138
9439,5,0.708025404,76.56907864976665,4.1742521759507853e-4,0.7889674517074844,54.17594929079486
9443,4,0.708420245,90.82610031114574,4.951490256152897e-4,0.9358717405858636,64.26341143850598
9444,3,0.708966761,93.82837208179602,5.115162585668002e-4,0.9668071357870764,66.38764913435072
9445,3,0.706569026,58.22276640228892,3.1740816740958585e-4,0.5999271305051026,41.19513641542051
9449,3,0.7064064,60.463165510055816,3.296219631290968e-4,0.6230121931182723,42.780316106672956
9450,4,0.708974135,93.86742975143206,5.117291859852056e-4,0.9672095858442766,66.41528413227589
9451,3,0.708429239,91.57532907601397,4.992335331700187e-4,0.9435917905040277,64.79352333600406
9591,3,0.707331732,0,0,0,0
9592,3,0.707334086,0,0,0,0
9602,3,0.706492178,59.67214242903979,3.253096090099337e-4,0.614861494749213,42.220632914963254
9605,5,0.708767708,96.91943868722107,5.283675668641394e-4,0.9986574725776672,68.5747130330292
9607,3,0.706399376,60.62791861179013,3.3052013378171075e-4,0.6247098083583718,42.89688608299311
9608,7,0.708903442,0,0,0,0
9614,3,0.706396796,60.68778724011427,3.308465145563787e-4,0.6253266944429252,42.93924573821417
10297,5,0.705842866,65.76622373789323,3.5853220044303565e-4,0.6776548819171146,46.53246016669983
10300,4,0.706769989,57.639879581939425,3.1423049226828476e-4,0.5939210672561436,40.782718669531604
9712,3,0.707284312,0,0,0,0
9760,5,0.707651951,63.87806488382828,3.4823868334173596e-4,0.658199301338373,45.19650575619055
9779,5,0.70768079,64.80034941687559,3.532666244986722e-4,0.6677025171353909,45.84906212718467
10171,5,0.707829399,69.0951416868087,3.7668018294049045e-4,0.7119560379113321,48.887814223114496
9640,3,0.706458577,59.83790828112093,3.2621330078858637e-4,0.6165695453644594,42.33791945614747
9641,6,0.707249623,54.360946473445104,2.963550079287965e-4,0.5601349548391313,38.46273105904678
9829,3,0.706030354,64.87685275576887,3.536836913283561e-4,0.6684908072049348,45.90319156274202
9646,3,0.706028311,64.88955020596615,3.5375291295156177e-4,0.6686216416762643,45.9121755603314
9684,3,0.707336868,0,0,0,0
9912,3,0.706839088,57.32168838134137,3.1249583601423715e-4,0.5906424265160626,40.55758457294378
9914,3,0.708561353,93.77340773327633,5.112166140425954e-4,0.9662407833801903,66.3487594701323
10291,3,0.708999768,93.37736170607684,5.090575231667916e-4,0.962159926847128,66.06853970172521
10292,3,0.706359276,60.95599356920232,3.3230867248297536e-4,0.6280902912854617,43.12901336687544
10295,5,0.70884264,96.08653784679124,5.238269112798946e-4,0.9900752659586648,67.98539950737239
10461,3,0.706727306,58.709110824205894,3.2005953046272434e-4,0.6049384213026203,41.53924622063514
10462,5,0.705824639,65.6746157210846,3.5803278870889815e-4,0.6767109533123568,46.467643515373055
9651,3,0.707329577,0,0,0,0
9653,5,0.707504653,59.108587800327044,3.222373255547135e-4,0.6090546303183739,41.82189353444405
9665,3,0.70853277,93.41898067030002,5.092844137798602e-4,0.9625887684725585,66.09798692683295
9667,3,0.706150367,63.793965905287656,3.477802080010907e-4,0.6573327458311049,45.13700207562956
9669,4,0.707363553,57.66913094444526,3.1438995946541276e-4,0.5942224731675398,40.80341527917806
9676,3,0.706026352,64.90140032996649,3.538175152776783e-4,0.6687437453021644,45.92056003782876
9678,4,0.708250947,0,0,0,0
9832,3,0.707441684,0,0,0,0
9952,3,0.707363463,0,0,0,0
10047,3,0.708551906,93.95872317627263,5.12226882684723e-4,0.9681502728947711,66.47987819611946
10383,3,0.70592999,65.56530411756947,3.574368638174457e-4,0.6755846070275611,46.39030080741101
10384,3,0.707407076,0,0,0,0
10385,7,0.708906386,0,0,0,0
9700,5,0.708793829,96.56010302874941,5.264086068234512e-4,0.9949548795235078,68.32046744518844
9705,5,0.707604615,62.5406400986968,3.409475569262784e-4,0.644418482198546,44.25021962323397
9708,4,0.707898525,0,0,0,0
9735,5,0.708031993,76.9735065359878,4.1963000314799824e-4,0.7931346748792668,54.4620995885661
9737,3,0.707433865,58.19118144784552,3.172359783652123e-4,0.5996016792725825,41.172788688107445
9742,5,0.707631013,62.81355711106318,3.424353956894106e-4,0.6472306179009911,44.44332026494584
9743,3,0.706855198,57.19396505449603,3.1179953747649124e-4,0.589326365914554,40.46721477092389
9748,6,0.707357244,57.5453662231581,3.137152417252373e-4,0.5929472020203989,40.71584636255165
9750,3,0.7065624,58.67179535657077,3.1985610086069787e-4,0.6045539228872219,41.512843906306536
9762,5,0.708080262,0,0,0,0
9764,3,0.707413515,0,0,0,0
9963,5,0.708812591,96.13818746188723,5.24108485150187e-4,0.9906074633668424,68.02194385370217
9964,3,0.708547832,93.90822976289684,5.119516119822778e-4,0.9676299889840644,66.4441519127319
10056,3,0.705891495,65.87826851082364,3.5914302552472174e-4,0.6788093907676183,46.611736710751536
10057,3,0.706429602,59.923804616841345,3.266815746304687e-4,0.6174546208322514,42.39869484499001
9927,6,0.707482566,58.927657363857875,3.212509622845196e-4,0.607190323891881,41.69387739105866
9929,3,0.706774486,57.59736956555235,3.13998743980944e-4,0.5934830442331115,40.752640986310794
9975,4,0.707296773,55.437765812114414,3.022254135113246e-4,0.5712304965977738,39.22462751798078
9977,4,0.708179462,0,0,0,0
10086,3,0.709096346,91.96206548506026,5.013418715821406e-4,0.9475767207723338,65.0671561451597
10137,4,0.708810796,96.12132053007787,5.240165331141322e-4,0.9904336665752077,68.01000976675077
10139,3,0.709095276,91.9648829357947,5.01357231241766e-4,0.9476057517723857,65.06914961394384
10594,3,0.707342864,56.959120393925346,3.1051925455721834e-4,0.5869065275585895,40.30105197196314
9987,3,0.708535371,93.45211944269604,5.094650736431128e-4,0.9629302302384705,66.12143404784504
10035,3,0.705748668,65.06372665811783,3.547024560924936e-4,0.670416355077873,46.035412966420374
10230,3,0.70637699,60.55231893152966,3.301079933519272e-4,0.6239308295834302,42.84339602517322
9782,3,0.707375369,0,0,0,0
9789,3,0.709119933,92.4863846222999,5.042002582025755e-4,0.9529793028705407,65.43813471107947
9790,5,0.707750285,66.78894131382857,3.641076639878673e-4,0.6881929593490367,47.25607727832934
9792,3,0.706020474,64.63823253154995,3.523828254857256e-4,0.6660320654576427,45.73435738849038
9803,3,0.706409945,60.67947607546357,3.3080120527782965e-4,0.6252410562386943,42.9333652281884
9814,5,0.707763977,67.04251187121064,3.654900333066241e-4,0.6908057492638907,47.435489462733514
9822,3,0.707726352,0,0,0,0
9826,7,0.708930825,94.51529371426506,5.152610915589238e-4,0.973885173285357,66.87367602906649
9839,5,0.707793058,67.84425535531557,3.6986083094725833e-4,0.6990669106195168,48.00275780532087
9843,3,0.706661342,59.58152358529614,3.248155898675469e-4,0.6139277585793927,42.15651614654944
9844,4,0.708239032,0,0,0,0
9847,5,0.708811469,96.12767362023638,5.240511677223655e-4,0.9904991287884303,68.01450485401493
9855,3,0.70743638,0,0,0,0
9859,3,0.707455498,0,0,0,0
9282,1,0.706926302,0,0,0,0
9283,2,0.70603067,0,0,0,0
9284,1,0.708498248,0,0,0,0
9285,1,0.708146388,0,0,0,0
9287,1,0.707406695,0,0,0,0
9288,1,0.706950225,0,0,0,0
9290,1,0.705023571,0,0,0,0
9297,2,0.707503025,0,0,0,0
9298,2,0.706923905,0,0,0,0
9299,1,0.705784467,0,0,0,0
9301,1,0.707220678,0,0,0,0
9303,1,0.708588585,0,0,0,0
9305,1,0.706925067,0,0,0,0
9306,2,0.708542599,0,0,0,0
9308,2,0.707261312,0,0,0,0
9309,1,0.707324023,0,0,0,0
9311,1,0.707574475,0,0,0,0
9315,1,0.708509315,0,0,0,0
9316,2,0.707334038,0,0,0,0
9317,2,0.7073249,0,0,0,0
9319,2,0.706930753,0,0,0,0
9324,1,0.707375653,0,0,0,0
9325,1,0.708781029,0,0,0,0
9326,1,0.708210915,0,0,0,0
9327,1,0.707221003,0,0,0,0
9328,1,0.707834094,0,0,0,0
9331,1,0.707548614,0,0,0,0
9332,2,0.707220983,0,0,0,0
9333,2,0.707385039,0,0,0,0
9334,2,0.709041066,0,0,0,0
9335,2,0.705459646,0,0,0,0
9340,2,0.707348054,0,0,0,0
9341,2,0.707354338,0,0,0,0
9342,1,0.705840564,0,0,0,0
9343,1,0.708868316,0,0,0,0
9344,1,0.707275381,0,0,0,0
9346,1,0.704516121,0,0,0,0
9358,1,0.70750975,0,0,0,0
9359,1,0.706941539,0,0,0,0
9360,1,0.708397082,0,0,0,0
9361,1,0.709354784,0,0,0,0
9366,2,0.707568028,0,0,0,0
9368,1,0.709488822,0,0,0,0
9370,2,0.70755927,0,0,0,0
9371,1,0.707007027,0,0,0,0
9372,1,0.706150143,0,0,0,0
9373,1,0.708786606,0,0,0,0
9374,1,0.705058068,0,0,0,0
9375,1,0.706574177,0,0,0,0
10358,1,0.706735558,0,0,0,0
9852,1,0.708550347,0,0,0,0
9853,1,0.709615656,0,0,0,0
9854,2,0.70827069,0,0,0,0
10104,1,0.70716597,0,0,0,0
10105,1,0.704631748,0,0,0,0
10106,1,0.706784193,0,0,0,0
10209,1,0.708915519,0,0,0,0
9710,1,0.706850122,0,0,0,0
9714,1,0.707359681,0,0,0,0
9715,1,0.706367468,0,0,0,0
9716,2,0.706246761,0,0,0,0
9717,1,0.707318948,0,0,0,0
9718,1,0.706856472,0,0,0,0
9719,1,0.707205377,0,0,0,0
9720,1,0.709520519,0,0,0,0
10693,1,0.706683866,0,0,0,0
10695,1,0.708700081,0,0,0,0
10696,2,0.709100514,0,0,0,0
10697,1,0.708206804,0,0,0,0
10701,1,0.704906174,0,0,0,0
10703,1,0.707038442,0,0,0,0
10881,1,0.708902218,0,0,0,0
10882,1,0.70898538,0,0,0,0
10883,1,0.709204642,0,0,0,0
10884,2,0.704732567,0,0,0,0
10887,1,0.70844197,0,0,0,0
10888,1,0.707220209,0,0,0,0
12484,1,0.709419292,0,0,0,0
12485,2,0.709417879,0,0,0,0
12486,2,0.709429681,0,0,0,0
12488,1,0.706418677,0,0,0,0
12833,1,0.706200869,0,0,0,0
12834,1,0.705257075,0,0,0,0
12854,1,0.709629531,0,0,0,0
12855,2,0.70961232,0,0,0,0
12857,1,0.705065862,0,0,0,0
12858,1,0.707658455,0,0,0,0
9378,2,0.704578462,0,0,0,0
9384,1,0.709518063,0,0,0,0
9385,2,0.705690925,0,0,0,0
9386,1,0.708469899,0,0,0,0
9389,1,0.708525756,0,0,0,0
9391,1,0.707572886,0,0,0,0
9393,2,0.707325472,0,0,0,0
9394,1,0.707592316,0,0,0,0
9395,1,0.70753425700000006,0,0,0,0
9396,1,0.708454885,0,0,0,0
9397,2,0.707577051,0,0,0,0
9398,1,0.705268823,0,0,0,0
9399,1,0.70937095,0,0,0,0
9401,1,0.70845526,0,0,0,0
9403,1,0.708455995,0,0,0,0
9404,1,0.708397266,0,0,0,0
9407,2,0.705718685,0,0,0,0
9408,2,0.707583889,0,0,0,0
9409,2,0.705739106,0,0,0,0
9410,2,0.708532874,0,0,0,0
9411,1,0.706150194,0,0,0,0
9412,2,0.705745108,0,0,0,0
9413,1,0.706802132,0,0,0,0
9420,1,0.707408138,0,0,0,0
9421,2,0.70844677,0,0,0,0
9422,1,0.707295438,0,0,0,0
9424,2,0.707577961,0,0,0,0
9425,1,0.708410183,0,0,0,0
9434,2,0.707573798,0,0,0,0
9438,1,0.707223684,0,0,0,0
9440,1,0.706905563,0,0,0,0
9441,1,0.707210719,0,0,0,0
9442,2,0.708984219,0,0,0,0
9446,1,0.70756039,0,0,0,0
9447,2,0.706901391,0,0,0,0
9448,1,0.708343364,0,0,0,0
9452,1,0.706000557,0,0,0,0
9454,2,0.707743969,0,0,0,0
9455,2,0.709281567,0,0,0,0
9459,2,0.706971664,0,0,0,0
9460,2,0.707527565,0,0,0,0
9461,1,0.704528424,0,0,0,0
9588,1,0.706887377,0,0,0,0
9589,1,0.707943009,0,0,0,0
9590,1,0.706801503,0,0,0,0
9593,1,0.706576752,0,0,0,0
9597,1,0.706492434,0,0,0,0
9598,2,0.707154113,0,0,0,0
9599,1,0.707274142,0,0,0,0
9600,1,0.705237885,0,0,0,0
9601,2,0.708563221,0,0,0,0
9603,2,0.707274295,0,0,0,0
9604,1,0.705880073,0,0,0,0
9606,1,0.705724535,0,0,0,0
9609,1,0.707541931,0,0,0,0
9610,1,0.707270541,0,0,0,0
9611,1,0.708855703,0,0,0,0
9612,2,0.706887678,0,0,0,0
9613,1,0.707283077,0,0,0,0
10356,1,0.707366703,0,0,0,0
10357,2,0.707396256,0,0,0,0
10210,1,0.707234395,0,0,0,0
10211,2,0.709198958,0,0,0,0
10296,1,0.709683513,0,0,0,0
10298,1,0.707414111,0,0,0,0
10299,1,0.705144591,0,0,0,0
10301,1,0.706727146,0,0,0,0
9620,1,0.708741154,0,0,0,0
9621,1,0.706219795,0,0,0,0
9622,1,0.708475259,0,0,0,0
9623,1,0.707606111,0,0,0,0
9711,1,0.707319775,0,0,0,0
9713,2,0.705269788,0,0,0,0
9759,2,0.707215029,0,0,0,0
9761,2,0.708495549,0,0,0,0
9777,1,0.709515159,0,0,0,0
9778,1,0.709511181,0,0,0,0
9807,2,0.706553389,0,0,0,0
9808,1,0.707313593,0,0,0,0
9809,1,0.70732757,0,0,0,0
9810,1,0.707287343,0,0,0,0
9811,1,0.709038702,0,0,0,0
9812,1,0.708427073,0,0,0,0
9891,1,0.706854481,0,0,0,0
9892,2,0.708900294,0,0,0,0
9893,1,0.704803188,0,0,0,0
10170,1,0.704768997,0,0,0,0
10172,1,0.708716527,0,0,0,0
9624,2,0.707338449,0,0,0,0
9625,2,0.709088636,0,0,0,0
9626,2,0.706667858,0,0,0,0
9636,2,0.709591725,0,0,0,0
9637,2,0.708290914,0,0,0,0
9638,2,0.707314996,0,0,0,0
9639,1,0.707323717,0,0,0,0
9738,1,0.708329284,0,0,0,0
9739,1,0.70662788,0,0,0,0
9740,1,0.706825344,0,0,0,0
9768,1,0.708558966,0,0,0,0
9769,2,0.708473861,0,0,0,0
9770,2,0.705005702,0,0,0,0
9783,1,0.706919411,0,0,0,0
9784,2,0.706109292,0,0,0,0
9785,2,0.706663536,0,0,0,0
9828,2,0.708569634,0,0,0,0
9830,1,0.707232401,0,0,0,0
9834,1,0.709640878,0,0,0,0
9835,1,0.7081731,0,0,0,0
9836,1,0.709232811,0,0,0,0
9876,1,0.708572848,0,0,0,0
9877,2,0.706828004,0,0,0,0
9878,1,0.70930577400000006,0,0,0,0
9642,1,0.705271568,0,0,0,0
9643,2,0.70949616,0,0,0,0
9644,2,0.709139809,0,0,0,0
9645,2,0.708264758,0,0,0,0
9647,1,0.708976958,0,0,0,0
9648,2,0.706971312,0,0,0,0
9649,1,0.707311598,0,0,0,0
9650,1,0.708150617,0,0,0,0
9685,1,0.709521088,0,0,0,0
9686,1,0.707324131,0,0,0,0
9687,2,0.707322176,0,0,0,0
9688,1,0.709448373,0,0,0,0
9689,1,0.708578,0,0,0,0
9913,2,0.707300733,0,0,0,0
10023,2,0.707509687,0,0,0,0
10024,1,0.706813857,0,0,0,0
10025,2,0.707321273,0,0,0,0
10290,1,0.709443128,0,0,0,0
10293,1,0.707195468,0,0,0,0
10294,2,0.707368321,0,0,0,0
10463,2,0.708866401,0,0,0,0
9652,1,0.707275425,0,0,0,0
9654,1,0.709249588,0,0,0,0
9655,1,0.709628263,0,0,0,0
9656,1,0.707206587,0,0,0,0
9657,1,0.709214191,0,0,0,0
9658,1,0.70960653,0,0,0,0
9659,2,0.705521626,0,0,0,0
9660,1,0.707335421,0,0,0,0
9661,1,0.709362187,0,0,0,0
9662,2,0.707412026,0,0,0,0
9663,1,0.706225428,0,0,0,0
9664,1,0.708481745,0,0,0,0
9666,2,0.707350481,0,0,0,0
9668,1,0.708896681,0,0,0,0
9670,1,0.706743852,0,0,0,0
9671,2,0.707169964,0,0,0,0
9675,2,0.707178534,0,0,0,0
9677,1,0.707270193,0,0,0,0
9679,1,0.707197627,0,0,0,0
9680,2,0.706153972,0,0,0,0
9690,2,0.706842041,0,0,0,0
9691,1,0.70718779,0,0,0,0
9692,1,0.708606786,0,0,0,0
9831,2,0.708879777,0,0,0,0
9833,2,0.704815726,0,0,0,0
9870,2,0.707358356,0,0,0,0
9871,1,0.708891141,0,0,0,0
9872,2,0.708516974,0,0,0,0
9951,1,0.708905891,0,0,0,0
9953,2,0.704749496,0,0,0,0
10048,1,0.707574567,0,0,0,0
10049,2,0.708599973,0,0,0,0
10380,2,0.707012613,0,0,0,0
10381,1,0.70741716,0,0,0,0
10382,1,0.707426273,0,0,0,0
9693,2,0.706876179,0,0,0,0
9694,1,0.707324196,0,0,0,0
9695,2,0.707409924,0,0,0,0
9699,2,0.706919426,0,0,0,0
9701,1,0.707210866,0,0,0,0
9702,1,0.708515696,0,0,0,0
9703,1,0.709360808,0,0,0,0
9704,1,0.708597368,0,0,0,0
9706,1,0.70730677,0,0,0,0
9707,2,0.706880555,0,0,0,0
9709,2,0.707174583,0,0,0,0
9721,2,0.707317079,0,0,0,0
9722,1,0.707499846,0,0,0,0
9723,1,0.706865364,0,0,0,0
9724,2,0.709352737,0,0,0,0
9725,1,0.70873261,0,0,0,0
9726,2,0.706244248,0,0,0,0
9727,2,0.707195554,0,0,0,0
9728,1,0.708469723,0,0,0,0
9729,2,0.707183986,0,0,0,0
9730,2,0.708511736,0,0,0,0
9731,2,0.707675484,0,0,0,0
9732,1,0.704819917,0,0,0,0
9733,1,0.705488054,0,0,0,0
9734,1,0.706671207,0,0,0,0
9736,1,0.709298529,0,0,0,0
9741,1,0.709264055,0,0,0,0
9747,1,0.70494286,0,0,0,0
9749,1,0.704997281,0,0,0,0
9763,2,0.707295813,0,0,0,0
9765,2,0.708464221,0,0,0,0
9766,1,0.708512139,0,0,0,0
9767,2,0.709347147,0,0,0,0
9960,1,0.707710546,0,0,0,0
9961,1,0.706832282,0,0,0,0
9962,1,0.708599051,0,0,0,0
9965,1,0.708760953,0,0,0,0
10002,1,0.708530321,0,0,0,0
10003,2,0.707888879,0,0,0,0
10004,1,0.709134485,0,0,0,0
10053,1,0.707353512,0,0,0,0
10054,1,0.708719822,0,0,0,0
10055,2,0.706620807,0,0,0,0
10058,1,0.709574135,0,0,0,0
10197,1,0.707339256,0,0,0,0
10198,1,0.709699342,0,0,0,0
10199,2,0.70893939,0,0,0,0
9885,2,0.708904735,0,0,0,0
9886,1,0.707315885,0,0,0,0
9887,2,0.707367712,0,0,0,0
9928,2,0.706854104,0,0,0,0
9976,1,0.708612564,0,0,0,0
10087,2,0.706789263,0,0,0,0
10088,2,0.70739422,0,0,0,0
10138,1,0.708881971,0,0,0,0
10554,1,0.707608106,0,0,0,0
10555,1,0.704611714,0,0,0,0
10556,1,0.706731043,0,0,0,0
10593,2,0.704736897,0,0,0,0
10595,1,0.705382208,0,0,0,0
9774,1,0.707289836,0,0,0,0
9775,1,0.70870396,0,0,0,0
9776,1,0.707338215,0,0,0,0
9939,1,0.707229865,0,0,0,0
9940,1,0.705167775,0,0,0,0
9941,1,0.70939998,0,0,0,0
9984,1,0.708898983,0,0,0,0
9985,1,0.706159563,0,0,0,0
9986,1,0.704906984,0,0,0,0
9988,1,0.705052295,0,0,0,0
9989,1,0.707358176,0,0,0,0
10036,1,0.709187457,0,0,0,0
10037,1,0.707871931,0,0,0,0
10089,2,0.707377162,0,0,0,0
10090,1,0.707553183,0,0,0,0
10091,1,0.706788981,0,0,0,0
10231,1,0.708655234,0,0,0,0
10232,2,0.708610353,0,0,0,0
9780,2,0.7085658,0,0,0,0
9781,2,0.706256593,0,0,0,0
9786,1,0.708572009,0,0,0,0
9787,2,0.707549939,0,0,0,0
9788,2,0.708540162,0,0,0,0
9791,1,0.705391472,0,0,0,0
9793,1,0.70627678,0,0,0,0
9794,2,0.708526041,0,0,0,0
9795,1,0.708608354,0,0,0,0
9796,2,0.706491427,0,0,0,0
9797,1,0.70669132,0,0,0,0
9801,2,0.709208864,0,0,0,0
9802,2,0.709332435,0,0,0,0
9804,1,0.706832402,0,0,0,0
9805,2,0.70683358,0,0,0,0
9806,2,0.707065663,0,0,0,0
9813,1,0.7068885,0,0,0,0
9815,2,0.706795247,0,0,0,0
9816,1,0.707392417,0,0,0,0
9817,1,0.707474801,0,0,0,0
9818,1,0.704987831,0,0,0,0
9819,1,0.7093178,0,0,0,0
9820,1,0.709441491,0,0,0,0
9821,1,0.70729386,0,0,0,0
9823,1,0.707188188,0,0,0,0
9824,1,0.706925256,0,0,0,0
9825,1,0.706889111,0,0,0,0
9827,2,0.709452275,0,0,0,0
9837,2,0.708570827,0,0,0,0
9838,1,0.705039929,0,0,0,0
9840,1,0.708726996,0,0,0,0
9841,1,0.707126532,0,0,0,0
9842,2,0.708759975,0,0,0,0
9845,1,0.709425101,0,0,0,0
9846,2,0.705758011,0,0,0,0
9848,1,0.706688969,0,0,0,0
9849,1,0.708544341,0,0,0,0
9850,1,0.707419424,0,0,0,0
9851,2,0.707465733,0,0,0,0
9856,1,0.708334347,0,0,0,0
9857,1,0.706164133,0,0,0,0
9858,1,0.704755752,0,0,0,0
9860,1,0.704995845,0,0,0,0
9861,2,0.708995818,0,0,0,0
9864,3,0.706271951,62.73021036871335,3.4198102125165147e-4,0.6463718134321448,44.384348824166835
9865,3,0.70668258,59.56421285931529,3.2472121843606685e-4,0.6137493889345549,42.14426805594337
9869,3,0.706712031,58.5871314220586,3.1939454559701437e-4,0.6036815460760926,41.452940494854104
9880,5,0.708008654,75.99595359917905,4.143007598744233e-4,0.7830619736914811,53.770438421061904
9916,3,0.706814371,57.82915567878219,3.152623528744641e-4,0.5958713673306455,40.916639730165194
10186,3,0.709088445,92.2813152954011,5.030822989700457e-4,0.950866269422577,65.29303925412636
10604,3,0.707357671,57.553788408105945,3.1376115624381944e-4,0.5930339841772863,40.72180542426035
10651,5,0.707852805,70.10122113808481,3.821649418179978e-4,0.7223226761794941,49.59965913879066
9897,3,0.709096601,91.96137693751237,5.013381178852819e-4,0.9475696259814099,65.06666896785919
9901,3,0.706012896,64.98426732406269,3.542692743121611e-4,0.6695976064471024,45.979192035878135
9905,3,0.706550489,58.93854922550472,3.2131034053221603e-4,0.6073025535866795,41.70158385631419
9906,3,0.709212007,90.72760163651603,4.946120486604251e-4,0.9348568106730377,64.19371934744194
9924,3,0.708588559,93.81809474751334,5.114602304863413e-4,0.966701238179552,66.3803774739003
9926,6,0.707400812,57.8138849630807,3.151791027957517e-4,0.5957140179428088,40.90583503544943
9944,5,0.708276102,86.79514804273842,4.731738215586789e-4,0.8943368260323434,61.4113376048147
9949,3,0.709191919,91.49111146940776,4.987744111147079e-4,0.9427240126536904,64.73393572093349
9956,3,0.706724591,58.74023527389189,3.202292090119744e-4,0.6052591274961333,41.56126812082811
9958,3,0.708555982,94.00822419229111,5.124967432178137e-4,0.9686603311474459,66.51490231526716
9967,5,0.705853745,65.80806192995077,3.587602862020832e-4,0.6780859824651919,46.56206250502357
9970,5,0.708826653,96.26167867763665,5.24781711843185e-4,0.9918799163141181,68.10931925327961
9974,3,0.706789248,57.45645449550112,3.132305291242965e-4,0.5920310559672733,40.65293745292595
9981,4,0.707286399,55.845569844309836,0.00030444860451580256,0.5754325075629174,39.513166585687955
9982,3,0.70930574,89.0063239383226,4.85228303545815e-4,0.9171207727949231,62.97584060399714
9993,3,0.708543422,93.85243033454975,5.116474149234884e-4,0.967055031918287,66.40467139325987
10345,3,0.707431704,58.14584901694058,3.169888433576048e-4,0.5991345741026955,41.1407140240101
10352,3,0.707501012,0,0,0,0
10739,3,0.705459202,58.690808135033066,3.199597512287925e-4,0.6047498304733885,41.52629627298006
10740,3,0.707496106,58.917820953825874,3.2119733795377977e-4,0.6070889695659083,41.68691770366926
11571,4,0.706175114,63.46591367323407,3.459917931897557e-4,0.6539524970660108,44.904890870925634
11970,3,0.707776398,67.26180451711994,3.6668553261326193e-4,0.6930653397287654,47.59064853574481
11140,3,0.706607456,58.971756532321436,3.21491374018816e-4,0.6076447215309627,41.72507946840605
11698,3,0.706524578,59.232250746889946,3.2291148845816936e-4,0.610328852779201,41.90939044103197
11853,4,0.707724577,0,0,0,0
11854,7,0.708273555,86.75422510855525,4.729507254341431e-4,0.8939151562974028,61.3823828511957
11856,5,0.706348661,61.1892033238969,3.335800425231446e-4,0.6304932835784252,43.294019398908844
12035,3,0.707111208,0,0,0,0
10000,5,0.70801343,76.3736463111849,4.1635979552266797e-4,0.7869537177450143,54.03767242170498
10006,3,0.706807225,57.89023889935629,3.155953551397281e-4,0.5965007685684333,40.95985876216476
10014,5,0.708874059,95.68936714639685,5.216616891176579e-4,0.9859828207979185,67.70438398382434
10026,5,0.708073234,0,0,0,0
10027,3,0.706442079,59.92995995733508,3.267151311834569e-4,0.6175180454337925,42.40305001577614
10040,3,0.705804824,65.8525038788805,3.590025666438683e-4,0.6785439121126987,46.59350711444109
10043,3,0.706806679,57.894891767756164,3.1562072079174467e-4,0.5965487117040869,40.963150868677374
10046,3,0.706790659,57.4428789881211,3.1315652067046636e-4,0.591891173998571,40.643332191737144
10069,5,0.708856386,96.18338585309392,5.243548894248251e-4,0.9910731873922645,68.05392367889036
10076,3,0.708553244,93.97508487401717,5.123160803786444e-4,0.9683188637568104,66.49145480802274
10078,3,0.709496448,83.86884233614703,4.5722072642074554e-4,0.8641841848231298,59.34084919924288
10079,3,0.708548473,93.91624159710105,5.119952894261624e-4,0.967712542888683,66.44982063346391
10080,5,0.707829804,69.10242657036567,3.7671989732856385e-4,0.7120311013196593,48.89296859468499
10098,5,0.708845245,96.10605206081893,5.239332952821621e-4,0.9902763403347052,67.99920666149069
10116,3,0.706524514,59.23373506497071,3.2291958039043197e-4,0.610344147186217,41.9104406605526
10119,3,0.706165186,63.60317933581841,3.467401128781078e-4,0.6553668818532624,45.0020122899981
10135,5,0.707835652,69.20638111620976,3.772866175984714e-4,0.7131022485056294,48.96652095163521
10142,3,0.706544092,59.380392210816154,3.237190988396016e-4,0.6118553017759388,42.01420696199653
10144,3,0.706269513,62.774004076252794,3.422197677302733e-4,0.6468230636031996,44.41533477464125
10145,3,0.706571117,58.47661948025503,3.1879207692209123e-4,0.6025428315108197,41.374748495410536
10152,5,0.705850658,65.79716841247765,3.5870089892745774e-4,0.6779737357087668,46.55435486819903
10158,3,0.70663429,59.422760950555094,3.2395007694090085e-4,0.6122918690850062,42.04418468585176
10175,3,0.706841374,57.30312475688386,3.12394634261321e-4,0.5904511470107979,40.544450002239806
10176,5,0.708854751,96.1726598774835,5.242964155241063e-4,0.9909626669864602,68.04633458521165
10190,3,0.70896887,93.84005940946386,5.115799733898186e-4,0.9669275619602781,66.395918426371
10191,5,0.708859457,96.20295109987521,5.24461551638071e-4,0.991274787609575,68.06776694089868
10202,3,0.707083524,55.105386668571946,3.0041341003989844e-4,0.5678056633556121,38.98945483543826
10203,4,0.708835468,96.33122783843663,5.251608671640068e-4,0.9925965505629869,68.1585283057478
10288,3,0.709061832,92.3125474617536,5.03252564749203e-4,0.9511880855281506,65.31513736854005
10302,5,0.70784762,69.41188953656889,3.784069705999541e-4,0.7152198063706889,49.11192708628565
10307,3,0.70615079,63.7887557389293,3.477518041745827e-4,0.657279060299723,45.13331565660239
10309,5,0.707837838,69.2446450243524,3.774952177339848e-4,0.7134965196478714,48.99359432882295
10313,3,0.706377696,60.535860913970666,3.300182705593601e-4,0.6237612462424438,42.83175126281711
10529,5,0.707940384,0,0,0,0
10564,3,0.709373329,87.2361071961514,4.755777615539072e-4,0.8988804672215845,61.7233353610354
10661,3,0.709173211,92.22636155516534,5.027827122781319e-4,0.9503000263234023,65.25415709572962
10698,5,0.705797505,65.80118144967523,3.587227764654268e-4,0.6780150860265088,46.55719426634188
10699,4,0.706403294,60.536335493763694,3.300208577861737e-4,0.6237661363105567,42.83208704863634
10327,3,0.709008471,93.10930781501285,5.075961962737726e-4,0.9593979007253254,65.87887992958785
10328,3,0.706630289,59.48788528750649,3.2430510982104055e-4,0.612962909968281,42.090262983233565
10329,3,0.707626116,0,0,0,0
10330,5,0.708053263,78.21770263201327,4.2641288254622077e-4,0.80595486601406785,55.34242237414381
10332,3,0.706603328,59.048116344014915,3.219076583933148e-4,0.6084315326968673,41.77910735223476
10335,3,0.709197018,91.45261409010708,4.985645381840836e-4,0.9423273358256563,64.70669715275947
10343,3,0.706496805,59.5671539741221,3.247372522647331e-4,0.613779694168668,42.14634902243065
10353,3,0.707480163,0,0,0,0
10424,3,0.709023783,92.86170650442787,5.062463689966218e-4,0.9568466179033756,65.70369124659555
10465,3,0.707340223,56.907167006121426,3.1023602463475775e-4,0.5863712000777573,40.26429269324667
10363,3,0.704885415,32.796399924573656,1.787933799944202e-4,0.3379339614627747,23.20487761595582
10456,4,0.708185771,0,0,0,0
10459,5,0.705828504,65.6962845218217,3.5815091869063757e-4,0.6769342285404327,46.48297513318309
10506,3,0.707835075,0,0,0,0
10819,3,0.706656231,59.660823992597706,3.252479052402399e-4,0.6147448696295891,42.212624629509776
11059,7,0.708896839,0,0,0,0
10468,4,0.708175726,0,0,0,0
10614,3,0.708636226,95.31711094086764,5.196322912153412e-4,0.9821470944833565,67.44099654767427
10536,3,0.708241684,0,0,0,0
10538,5,0.707832036,69.14237567295906,3.7693768449718125e-4,0.7124427366981556,48.921234320151164
10541,3,0.70673395,58.63260957791404,3.196424750410999e-4,0.6041501527952323,41.48511826568419
10587,4,0.708151698,82.06817862344458,4.474041992358168e-4,0.8456301537985274,58.06680140201972
10712,4,0.706402218,60.561566704403695,3.3015840865889296e-4,0.6240261185947003,42.849939226203084
10360,3,0.709673477,74.31111007724144,4.051156398996173e-4,0.765701353406245,52.57833844001173
10369,3,0.706333861,61.21119777365721,3.3369994781832363e-4,0.6307199142926131,43.30958142754895
10373,3,0.707503672,0,0,0,0
10374,3,0.706414743,60.268488757061604,3.2856066021919744e-4,0.6210062447063934,42.64257384720876
10376,5,0.707858439,70.50075385137833,3.843430407676501e-4,0.7264394595108281,49.88234588907024
10377,3,0.70739678,57.73084863424228,3.147264206132715e-4,0.5948584119734271,40.84708322571406
10388,3,0.707528741,0,0,0,0
10389,3,0.709050695,92.60493992939044,5.0484657621674e-4,0.9542008962365711,65.52201774086582
10395,4,0.707058213,55.54047235781355,3.027853301636198e-4,0.5722887843957056,39.29729686061555
10400,5,0.7088338,96.31853468683423,5.250916689750899e-4,0.9924657603843603,68.14954734960102
10402,3,0.707469726,0,0,0,0
10405,3,0.707471002,0,0,0,0
10407,5,0.708809715,96.11104275515767,5.239605026314869e-4,0.9903277644273563,68.00273779453015
10410,5,0.70582727,65.68949714340923,3.581139165095916e-4,0.6768642914229398,46.47817276811386
9862,1,0.708571256,0,0,0,0
9863,1,0.708491972,0,0,0,0
9866,1,0.707297286,0,0,0,0
9867,1,0.708907774,0,0,0,0
9868,2,0.70930466700000006,0,0,0,0
9873,1,0.707218173,0,0,0,0
9874,2,0.706671418,0,0,0,0
9875,1,0.704860218,0,0,0,0
9879,2,0.708902788,0,0,0,0
9881,2,0.707335852,0,0,0,0
9915,2,0.708392943,0,0,0,0
9917,1,0.70873174,0,0,0,0
10083,1,0.707209576,0,0,0,0
10084,1,0.706818277,0,0,0,0
10085,2,0.706823134,0,0,0,0
10185,2,0.707360567,0,0,0,0
10187,1,0.70970741,0,0,0,0
10602,2,0.706747374,0,0,0,0
10603,1,0.706679474,0,0,0,0
10785,1,0.708227906,0,0,0,0
10786,2,0.708447587,0,0,0,0
10787,1,0.70883883,0,0,0,0
10605,1,0.70735998,0,0,0,0
10606,2,0.707028363,0,0,0,0
10607,1,0.707614028,0,0,0,0
10650,1,0.707332456,0,0,0,0
10652,1,0.708254424,0,0,0,0
9882,2,0.706825968,0,0,0,0
9883,1,0.708427754,0,0,0,0
9884,1,0.70680967,0,0,0,0
9888,1,0.707357143,0,0,0,0
9889,2,0.708382594,0,0,0,0
9890,1,0.70469293,0,0,0,0
9894,2,0.706822156,0,0,0,0
9895,1,0.707381136,0,0,0,0
9896,1,0.707034143,0,0,0,0
9898,1,0.708406748,0,0,0,0
9899,1,0.707080383,0,0,0,0
9900,1,0.708579492,0,0,0,0
9902,1,0.707328415,0,0,0,0
9903,1,0.708785562,0,0,0,0
9904,1,0.707404275,0,0,0,0
9907,1,0.708599591,0,0,0,0
9908,2,0.708512652,0,0,0,0
9909,1,0.709506163,0,0,0,0
9910,2,0.708569522,0,0,0,0
9911,2,0.708576811,0,0,0,0
9918,1,0.708770015,0,0,0,0
9919,1,0.707467118,0,0,0,0
9920,1,0.706183301,0,0,0,0
9921,2,0.70681878,0,0,0,0
9922,1,0.708513395,0,0,0,0
9923,1,0.707340656,0,0,0,0
9925,2,0.707148877,0,0,0,0
9930,1,0.709559793,0,0,0,0
9931,2,0.709272321,0,0,0,0
9932,1,0.706815071,0,0,0,0
9933,1,0.70464917,0,0,0,0
9934,1,0.707308262,0,0,0,0
9935,1,0.707247143,0,0,0,0
9936,1,0.709147997,0,0,0,0
9937,1,0.709677595,0,0,0,0
9938,1,0.70719803,0,0,0,0
9942,2,0.706752649,0,0,0,0
9943,2,0.707535117,0,0,0,0
9945,1,0.709017851,0,0,0,0
9946,1,0.708628602,0,0,0,0
9947,1,0.706662427,0,0,0,0
9948,2,0.709091592,0,0,0,0
9950,1,0.706920897,0,0,0,0
9954,1,0.705537609,0,0,0,0
9955,1,0.708575583,0,0,0,0
9957,1,0.705747296,0,0,0,0
9959,1,0.707337283,0,0,0,0
9966,2,0.708335765,0,0,0,0
9968,2,0.706633912,0,0,0,0
9969,2,0.708051605,0,0,0,0
9971,1,0.706830174,0,0,0,0
9972,1,0.708097883,0,0,0,0
9973,1,0.708898234,0,0,0,0
9978,1,0.706531497,0,0,0,0
9979,2,0.708234569,0,0,0,0
9980,1,0.708322059,0,0,0,0
9983,2,0.708311211,0,0,0,0
9990,1,0.708731769,0,0,0,0
9991,1,0.70859989,0,0,0,0
9992,1,0.708937678,0,0,0,0
9994,2,0.705653974,0,0,0,0
9995,1,0.708318656,0,0,0,0
9996,1,0.708527071,0,0,0,0
9997,2,0.706829381,0,0,0,0
9998,1,0.709581503,0,0,0,0
10051,1,0.709463868,0,0,0,0
10052,1,0.705377964,0,0,0,0
10059,2,0.707294981,0,0,0,0
10060,1,0.707135338,0,0,0,0
10061,1,0.708620241,0,0,0,0
10062,2,0.704868069,0,0,0,0
10063,1,0.706794792,0,0,0,0
10064,2,0.708605131,0,0,0,0
10346,1,0.70858161,0,0,0,0
10347,1,0.7073706,0,0,0,0
10348,1,0.706732525,0,0,0,0
10349,1,0.706733487,0,0,0,0
10350,1,0.70780803,0,0,0,0
10351,1,0.705656197,0,0,0,0
10734,1,0.709356109,0,0,0,0
10735,1,0.709251022,0,0,0,0
10736,1,0.708912757,0,0,0,0
10737,1,0.706674337,0,0,0,0
10738,1,0.707467856,0,0,0,0
10741,2,0.709500871,0,0,0,0
11555,2,0.708923919,0,0,0,0
11556,1,0.706617196,0,0,0,0
11569,2,0.707301429,0,0,0,0
11570,2,0.706384419,0,0,0,0
11572,2,0.706664813,0,0,0,0
11573,2,0.706609176,0,0,0,0
11574,2,0.707532267,0,0,0,0
11968,1,0.707149266,0,0,0,0
11969,1,0.708964521,0,0,0,0
11139,1,0.709471391,0,0,0,0
11141,2,0.708043339,0,0,0,0
11211,2,0.708909786,0,0,0,0
11212,1,0.707741828,0,0,0,0
11691,1,0.709421707,0,0,0,0
11692,2,0.706093633,0,0,0,0
11693,1,0.70977666,0,0,0,0
11694,1,0.706769534,0,0,0,0
11695,1,0.706545567,0,0,0,0
11696,1,0.706770993,0,0,0,0
11697,1,0.709842303,0,0,0,0
11851,2,0.708021545,0,0,0,0
11852,1,0.70716338,0,0,0,0
11855,1,0.707787735,0,0,0,0
12034,1,0.709796775,0,0,0,0
9999,1,0.708268284,0,0,0,0
10001,2,0.707279719,0,0,0,0
10005,1,0.705507942,0,0,0,0
10007,1,0.708984643,0,0,0,0
10008,1,0.708238227,0,0,0,0
10009,1,0.706788286,0,0,0,0
10010,1,0.707301312,0,0,0,0
10011,2,0.707641635,0,0,0,0
10012,1,0.707867531,0,0,0,0
10013,1,0.70732738,0,0,0,0
10015,2,0.709539397,0,0,0,0
10016,1,0.706813099,0,0,0,0
10017,1,0.706789377,0,0,0,0
10018,2,0.706840037,0,0,0,0
10019,2,0.709694675,0,0,0,0
10020,2,0.706763191,0,0,0,0
10021,1,0.707186147,0,0,0,0
10022,2,0.709559594,0,0,0,0
10028,1,0.707615765,0,0,0,0
10029,1,0.709207225,0,0,0,0
10030,2,0.709003596,0,0,0,0
10031,2,0.707867945,0,0,0,0
10032,1,0.707228052,0,0,0,0
10033,2,0.706784848,0,0,0,0
10034,2,0.705664976,0,0,0,0
10038,1,0.709701864,0,0,0,0
10039,2,0.705720206,0,0,0,0
10041,1,0.706974707,0,0,0,0
10042,2,0.705679636,0,0,0,0
10044,1,0.707320661,0,0,0,0
10045,1,0.707487233,0,0,0,0
10050,1,0.706879186,0,0,0,0
10065,1,0.70731722,0,0,0,0
10066,1,0.708642694,0,0,0,0
10067,2,0.707422201,0,0,0,0
10068,1,0.70860554,0,0,0,0
10070,1,0.707225597,0,0,0,0
10071,1,0.70662404,0,0,0,0
10072,2,0.708596453,0,0,0,0
10073,1,0.706869039,0,0,0,0
10074,2,0.709534112,0,0,0,0
10075,1,0.707281264,0,0,0,0
10077,2,0.706795617,0,0,0,0
10081,1,0.706789302,0,0,0,0
10082,1,0.707332843,0,0,0,0
10092,1,0.704694861,0,0,0,0
10093,1,0.709561352,0,0,0,0
10094,1,0.707168254,0,0,0,0
10095,2,0.707349457,0,0,0,0
10096,1,0.708640908,0,0,0,0
10097,1,0.706792882,0,0,0,0
10099,1,0.705682907,0,0,0,0
10100,2,0.709540664,0,0,0,0
10101,1,0.709270911,0,0,0,0
10102,1,0.709084943,0,0,0,0
10103,1,0.70787469,0,0,0,0
10107,2,0.707167236,0,0,0,0
10108,1,0.708270287,0,0,0,0
10109,2,0.704902078,0,0,0,0
10110,1,0.709564502,0,0,0,0
10111,2,0.705676256,0,0,0,0
10112,1,0.707342387,0,0,0,0
10113,2,0.705716896,0,0,0,0
10114,1,0.709478592,0,0,0,0
10115,2,0.705930127,0,0,0,0
10117,2,0.709307955,0,0,0,0
10118,2,0.706661677,0,0,0,0
10120,1,0.705570856,0,0,0,0
10121,1,0.704959131,0,0,0,0
10122,1,0.707367512,0,0,0,0
10123,1,0.707371349,0,0,0,0
10124,1,0.709702219,0,0,0,0
10125,2,0.709244693,0,0,0,0
10126,2,0.70921444,0,0,0,0
10127,1,0.709347651,0,0,0,0
10128,1,0.708750107,0,0,0,0
10129,1,0.706479197,0,0,0,0
10130,2,0.709203876,0,0,0,0
10131,1,0.706219453,0,0,0,0
10132,1,0.706681704,0,0,0,0
10133,1,0.707365634,0,0,0,0
10134,2,0.70725388,0,0,0,0
10136,2,0.707191856,0,0,0,0
10140,1,0.704818294,0,0,0,0
10141,1,0.707374384,0,0,0,0
10143,1,0.704688234,0,0,0,0
10146,2,0.705245424,0,0,0,0
10147,1,0.708623871,0,0,0,0
10148,1,0.707217323,0,0,0,0
10149,1,0.708738639,0,0,0,0
10150,1,0.707168842,0,0,0,0
10151,1,0.708560952,0,0,0,0
10153,1,0.707379588,0,0,0,0
10154,1,0.709546764,0,0,0,0
10155,1,0.70938379,0,0,0,0
10156,1,0.709729037,0,0,0,0
10157,1,0.709703214,0,0,0,0
10159,1,0.706768774,0,0,0,0
10160,1,0.709155018,0,0,0,0
10161,1,0.704809913,0,0,0,0
10162,1,0.706249678,0,0,0,0
10163,1,0.706369196,0,0,0,0
10164,1,0.706759697,0,0,0,0
10165,1,0.708894062,0,0,0,0
10166,1,0.709705,0,0,0,0
10167,2,0.707413505,0,0,0,0
10168,2,0.708732701,0,0,0,0
10169,1,0.707432109,0,0,0,0
10173,2,0.708734255,0,0,0,0
10174,2,0.708996805,0,0,0,0
10177,1,0.708816056,0,0,0,0
10178,2,0.707377232,0,0,0,0
10179,1,0.708936581,0,0,0,0
10180,2,0.706439589,0,0,0,0
10181,1,0.706031505,0,0,0,0
10182,1,0.709656744,0,0,0,0
10183,1,0.70718391,0,0,0,0
10184,1,0.707189726,0,0,0,0
10188,1,0.70871654,0,0,0,0
10189,2,0.708911787,0,0,0,0
10192,1,0.706601156,0,0,0,0
10193,2,0.708584553,0,0,0,0
10194,1,0.707331459,0,0,0,0
10195,2,0.707355964,0,0,0,0
10196,2,0.705722806,0,0,0,0
10200,1,0.707421194,0,0,0,0
10201,1,0.705278866,0,0,0,0
10204,1,0.709612441,0,0,0,0
10205,2,0.70672886,0,0,0,0
10206,1,0.705303756,0,0,0,0
10207,1,0.707124733,0,0,0,0
10208,1,0.70865794,0,0,0,0
10287,2,0.707429712,0,0,0,0
10289,1,0.708929261,0,0,0,0
10303,1,0.706960962,0,0,0,0
10304,2,0.707422097,0,0,0,0
10305,1,0.709130546,0,0,0,0
10306,1,0.708045853,0,0,0,0
10308,2,0.707584566,0,0,0,0
10310,1,0.708046668,0,0,0,0
10311,2,0.706139862,0,0,0,0
10312,2,0.707420951,0,0,0,0
10314,1,0.708921415,0,0,0,0
10315,2,0.707362218,0,0,0,0
10316,1,0.707337869,0,0,0,0
10446,1,0.704954156,0,0,0,0
10447,1,0.704898193,0,0,0,0
10448,1,0.70707786,0,0,0,0
10449,2,0.706460552,0,0,0,0
10450,1,0.706715312,0,0,0,0
10451,1,0.708302657,0,0,0,0
10527,1,0.709781626,0,0,0,0
10528,1,0.707067294,0,0,0,0
10560,1,0.709345848,0,0,0,0
10561,2,0.707560061,0,0,0,0
10562,2,0.705303556,0,0,0,0
10563,1,0.706524449,0,0,0,0
10565,2,0.707392062,0,0,0,0
10659,2,0.707448765,0,0,0,0
10660,1,0.706517099,0,0,0,0
10700,1,0.70730073,0,0,0,0
10317,1,0.709226342,0,0,0,0
10318,1,0.709600594,0,0,0,0
10319,2,0.709674215,0,0,0,0
10323,1,0.707401184,0,0,0,0
10324,1,0.7074509,0,0,0,0
10325,1,0.707286728,0,0,0,0
10326,2,0.707408405,0,0,0,0
10331,1,0.707340465,0,0,0,0
10333,1,0.708568519,0,0,0,0
10334,1,0.707296159,0,0,0,0
10336,2,0.707551183,0,0,0,0
10337,2,0.709654721,0,0,0,0
10338,1,0.706728048,0,0,0,0
10339,1,0.706721053,0,0,0,0
10340,1,0.707576511,0,0,0,0
10341,2,0.708946675,0,0,0,0
10342,1,0.708703795,0,0,0,0
10344,1,0.709303323,0,0,0,0
10354,2,0.708727234,0,0,0,0
10355,1,0.706439322,0,0,0,0
10473,1,0.706786183,0,0,0,0
10474,1,0.707082436,0,0,0,0
10475,1,0.708112264,0,0,0,0
10422,1,0.704816637,0,0,0,0
10423,1,0.708870347,0,0,0,0
10464,1,0.709399821,0,0,0,0
10466,1,0.705494819,0,0,0,0
10362,1,0.706406032,0,0,0,0
10364,1,0.707405719,0,0,0,0
10455,1,0.706768524,0,0,0,0
10457,2,0.707456466,0,0,0,0
10458,2,0.705864418,0,0,0,0
10460,1,0.70737717,0,0,0,0
10476,2,0.707100666,0,0,0,0
10477,1,0.707109487,0,0,0,0
10478,1,0.704795669,0,0,0,0
10507,1,0.70957567,0,0,0,0
10508,1,0.709396952,0,0,0,0
10818,1,0.707180717,0,0,0,0
10820,1,0.704833528,0,0,0,0
11058,1,0.709683583,0,0,0,0
11060,1,0.709010032,0,0,0,0
10467,1,0.706574988,0,0,0,0
10469,1,0.707442211,0,0,0,0
10470,1,0.70712635,0,0,0,0
10471,2,0.706128805,0,0,0,0
10472,1,0.707565017,0,0,0,0
10615,2,0.70885417,0,0,0,0
10616,1,0.706841006,0,0,0,0
10537,2,0.708882331,0,0,0,0
10539,1,0.708794173,0,0,0,0
10540,1,0.708765566,0,0,0,0
10542,1,0.704861037,0,0,0,0
10543,1,0.707257241,0,0,0,0
10544,1,0.70737733,0,0,0,0
10588,1,0.707378756,0,0,0,0
10589,2,0.707534644,0,0,0,0
10710,1,0.708170497,0,0,0,0
10711,1,0.707058429,0,0,0,0
10806,1,0.707234149,0,0,0,0
10807,2,0.706665173,0,0,0,0
10808,2,0.706665811,0,0,0,0
10359,1,0.707300012,0,0,0,0
10361,1,0.706292085,0,0,0,0
10365,1,0.708714489,0,0,0,0
10366,2,0.707419896,0,0,0,0
10367,1,0.707082187,0,0,0,0
10368,1,0.707339171,0,0,0,0
10370,1,0.707381338,0,0,0,0
10371,1,0.706772204,0,0,0,0
10372,1,0.707117335,0,0,0,0
10375,1,0.705498653,0,0,0,0
10378,2,0.706495128,0,0,0,0
10379,1,0.704708573,0,0,0,0
10386,1,0.709402089,0,0,0,0
10387,1,0.705711588,0,0,0,0
10390,1,0.706850721,0,0,0,0
10391,1,0.708303762,0,0,0,0
10392,2,0.707427476,0,0,0,0
10393,2,0.708281157,0,0,0,0
10394,1,0.709748757,0,0,0,0
10396,1,0.708446029,0,0,0,0
10397,2,0.705759315,0,0,0,0
10398,1,0.708616318,0,0,0,0
10399,2,0.705871292,0,0,0,0
10401,1,0.706370599,0,0,0,0
10403,1,0.70743237,0,0,0,0
10404,1,0.705073815,0,0,0,0
10406,2,0.707382673,0,0,0,0
10408,1,0.705907016,0,0,0,0
10409,2,0.709203542,0,0,0,0
10411,1,0.707358307,0,0,0,0
10412,1,0.708268698,0,0,0,0
10413,3,0.70746589,0,0,0,0
10417,3,0.707501409,0,0,0,0
10418,5,0.708009324,0,0,0,0
10421,3,0.706659297,59.6133019577524,3.249888333526624e-4,0.6142552027902719,42.179000725508644
10429,3,0.707391102,57.31290303018869,3.1244794165294636e-4,0.590551902296188,40.551368555369294
10431,3,0.709199016,91.4368165119847,4.984784158537449e-4,0.9421645576497379,64.69551967999413
10432,3,0.708910496,95.59072677441486,5.211239396832343e-4,0.9849664308361941,67.63459163572824
10438,3,0.707427601,0,0,0,0
10441,4,0.706447288,59.80666084461258,3.2604295176240247e-4,0.6162475719152665,42.31581053743517
10442,3,0.70919561,91.46350573877729,4.986239152707132e-4,0.9424395633259445,64.71440346732479
10444,3,0.709009493,92.81339909730185,5.059830155609188e-4,0.9563488585915111,65.6695116575894
10452,3,0.707409405,0,0,0,0
10480,5,0.708781802,97.04973061189754,5.290778684110306e-4,1,68.666900229594
10485,3,0.709217291,90.6835118810884,4.943716882423865e-4,0.9344025100258372,64.162523930226385
10494,3,0.705193552,48.82044862297491,2.66150340958775e-4,0.5030456892065798,34.542588151675574
10500,5,0.705823283,65.66672805431133,3.57989788178172e-4,0.6766296788284036,46.46206264849223
10502,3,0.709322815,88.14546080598362,4.8053520828238817e-4,0.908250442842318,62.366742542138034
10505,5,0.708013907,76.38160753802751,4.1640319707464824e-4,0.7870357501916003,54.0433053355303
10511,4,0.708163252,0,0,0,0
10667,3,0.708506968,93.06802935894744,5.073711619804399e-4,0.9589725676944643,65.84967362879337
10876,3,0.708103144,0,0,0,0
11029,5,0.707666697,64.49887270235969,3.5162308920510713e-4,0.6645961023868378,45.635754255574035
11030,3,0.706610606,58.91617521084493,3.211883659949416e-4,0.6070720118374267,41.685753269019486
11817,4,0.706517996,59.38413721987233,3.237395151910549e-4,0.6118938903328834,42.01685671858625
10513,4,0.708152194,0,0,0,0
10519,3,0.707523171,0,0,0,0
10522,4,0.706441853,59.93528062550337,3.267441374234047e-4,0.6175728695753409,42.406814619634005
10524,3,0.708675176,96.05741864430115,5.236681645684287e-4,0.9897752218234931,67.96479640667809
10532,4,0.706426622,59.993813795678406,3.2706323779300176e-4,0.6181759951049635,42.44822938020253
10533,3,0.709369387,87.31606633364206,4.760136680706674e-4,0.89970436582477,61.77990992421964
10626,4,0.706411937,60.633160314604396,3.3054870953286774e-4,0.6247638188412574,42.900594815432775
10803,3,0.707499436,59.29136637853201,3.2323376418404474e-4,0.6109379799892339,41.951217318390434
10835,6,0.708219752,85.28704268697287,4.649522102060568e-4,0.8787973150387841,60.34428755380329
10545,5,0.708003588,75.91206745901546,4.13843444846889e-4,0.7821976112699196,53.711085332898335
10867,3,0.708616471,94.47680233437887,5.150512513348039e-4,0.9734885582752638,66.84644170573885
10906,7,0.708904358,0,0,0,0
10985,6,0.708235701,85.54666517829057,4.6636757234495065e-4,0.8814724640544566,60.52798174436177
10559,6,0.708204732,84.14177885623285,4.5870867153247394e-4,0.8669965215330305,59.533963643513665
10569,4,0.706420941,60.12605684765434,3.2778417613678134e-4,0.619538626934461,42.5417970840883
10575,3,0.706017113,64.6582429409692,3.5249191455475053e-4,0.666238252628829,45.748515622402856
10577,3,0.707546809,60.68378394055824,3.308246901042926e-4,0.6252854444617992,42.93641322987572
10579,3,0.707427883,0,0,0,0
10591,3,0.709680115,74.06914192680443,4.037965224487042e-4,0.7632081146418364,52.40713546252752
10608,5,0.705810717,65.89074853554834,3.5921106182773283e-4,0.6789379848878286,46.620566870374134
10613,3,0.709640608,75.4757964985201,4.114650630793849e-4,0.7777022772000085,53.40240467682105
10619,3,0.709215403,90.6995910303444,4.944593455904347e-4,0.9345681895094856,64.17390062680016
10622,4,0.706886685,57.609008331318286,3.1406219406311886e-4,0.5936029700246881,40.76087591867594
10623,3,0.707567253,61.44079480591102,3.3495162268287445e-4,0.6330856811093388,43.47203130151954
10631,4,0.707030506,55.69364780027888,3.0362038386321796e-4,0.5738671034853059,39.40567514007161
10639,3,0.709376721,87.16610084203943,4.751961137906908e-4,0.8981591220548275,61.673802824438596
10640,4,0.706847392,57.25409447751255,3.121273400036882e-4,0.5899459392264778,40.50975894971868
10641,3,0.706858392,57.47355267860934,3.1332374185364216e-4,0.5922072355712806,40.6650351602168
10644,3,0.705701135,64.47904449069127,3.515149934082637e-4,0.6643917925804796,45.62172493448492
10646,3,0.708647098,95.4482191419107,5.203470427875683e-4,0.9834980328138023,67.53376129522734
10648,3,0.709487967,84.1194037053808,4.5858669080111556e-4,0.8667659680764577,59.518132252313585
10649,3,0.707525073,59.879744440852804,3.264413754681747e-4,0.6170006249714618,42.36752035651252
10653,5,0.707858781,70.50686950620744,3.843763809696323e-4,0.7265024751914544,49.8866729805247
10731,5,0.70800246,75.89316388686323,4.137403898296664e-4,0.7820028289450945,53.69771023443308
10996,5,0.707673995,64.65652675850637,3.524825585869028e-4,0.6662205690922338,45.74730134875977
11130,5,0.707515631,59.96184627089666,3.268889631220339e-4,0.6178466018693491,42.42561096775629
11131,3,0.709182566,92.15964600142287,5.024190046950054e-4,0.9496125895492676,65.20695294334597
11136,4,0.708183679,0,0,0,0
11137,3,0.709144886,92.08211441518746,5.019963322556145e-4,0.9488137044236049,65.15209597812718
10656,3,0.706374612,60.60754763669505,3.3040907904706283e-4,0.624499905920038,42.88247273320209
10658,3,0.709149993,92.05804355761177,5.018651071822766e-4,0.9485656784123639,65.13506480075895
10662,4,0.706407162,60.44513835453864,3.295236859988626e-4,0.6228264413866238,42.76756111104838
10663,4,0.706953217,56.787959494405925,3.0958615105139626e-4,0.5851428863981221,40.17994820035651
10664,3,0.707416317,0,0,0,0
10670,3,0.706786187,57.48584235883282,3.133907404715167e-4,0.5923338683825825,40.67373064283627
10671,3,0.70671686,58.529423803002686,3.19079945815143e-4,0.6030869270215927,41.412109847564146
10673,5,0.708807669,96.39236366308157,5.254941562064674e-4,0.9932264938328907,68.20178455741258
10679,4,0.706943476,57.11361034258902,3.1136147443989657e-4,0.5884983913143117,40.41036032165641
10680,3,0.70685408,57.20175985759067,3.118420317500971e-4,0.5894066835315684,40.4727299327181
10682,4,0.708136892,0,0,0,0
10684,3,0.707421411,0,0,0,0
10704,3,0.706345781,60.951995474559375,3.3228687640607683e-4,0.6280490949357372,43.126184541239084
10705,3,0.707393114,0,0,0,0
10706,4,0.706412777,60.613569666799755,3.3044190884299544e-4,0.6245619568919133,42.886733581097005
10718,4,0.706400914,60.592063454705695,3.303246652321108e-4,0.6243403569765043,42.87151700181473
10719,4,0.706999436,56.79446673933988,3.0962162605227653e-4,0.5852099370214771,40.18455235882076
10720,3,0.706755651,58.081406336637684,3.1663752660778617e-4,0.5984705570065473,41.09511802831813
10725,3,0.706383483,60.399904843307205,3.292770902633342e-4,0.6223603554846204,42.73555643691709
10726,3,0.706112769,63.91179381158296,3.484225605054099e-4,0.658546844062521,45.22037043775513
10727,6,0.70821942,85.28148493172326,4.6492191145837273e-4,0.8787400479529862,60.340355200536365
10728,5,0.707835312,69.2004006144385,3.7725401419906764e-4,0.7130406254415204,48.96228948684019
10758,3,0.706826109,0,0,0,0
10761,5,0.708806006,96.3771473521841,5.254112027218575e-4,0.9930697050319169,68.191018356459
10770,3,0.707517949,60.01529883229199,3.271803659632973e-4,0.6183973768283142,42.463430976912505
10772,5,0.705790049,65.74455844575638,3.584140895888376e-4,0.6774316428416403,46.51713103137688
10933,3,0.705776302,65.6287375446133,3.5778267850600546e-4,0.6762382247825397,46.43518271258043
10900,4,0.708186037,0,0,0,0
12250,7,0.708413487,0,0,0,0
12251,3,0.707158075,0,0,0,0
10975,5,0.705806617,65.86443127343215,3.5906759021936196e-4,0.6786668119340217,46.60194626421011
10978,3,0.704904732,34.27316720092382,1.8684414817053222e-4,0.3531505650230233,24.249754614460695
10783,4,0.708177026,0,0,0,0
10788,5,0.707766399,67.08607785147026,3.6572753830355374e-4,0.6912546529340496,47.466314286265025
10873,3,0.708630914,94.95152833540034,5.176392752181895e-4,0.9783801329146607,67.18233097346794
10874,4,0.70625142,63.09879753220498,3.439904169455321e-4,0.6501697339535898,44.64514025369283
10987,5,0.707699969,65.1906717853813,3.5539451218491403e-4,0.6717243971142917,46.12523215843125
10991,3,0.708637179,95.32891207893987,5.196966264889862e-4,0.9822686933584674,67.44934636549957
10956,5,0.707745219,66.69200328369179,3.635791950675585e-4,0.687194110310244,47.18748941103815
11087,4,0.708200609,0,0,0,0
11231,3,0.708116887,81.46246525217717,4.4410208250331623e-4,0.8393888858686899,57.6382328797754
11449,3,0.708928841,94.50357794577259,5.151972216874495e-4,0.9737644540580227,66.86538661392733
10814,3,0.705789122,65.73721326967508,3.583740465090712e-4,0.6773559581794057,46.51193400022631
10821,4,0.706231185,62.85493795565691,3.42660988165687e-4,0.6476570059428004,44.472599010071846
10832,4,0.706160992,63.658895107269466,3.470438538716205e-4,0.6559409769187485,45.04143361858214
10855,4,0.706141226,63.90315184407282,3.4837544781668515e-4,0.6584577972670723,45.2142558703363
10870,3,0.708830614,96.29368329821367,5.249561887461854e-4,0.9922096917846446,68.13196391261242
10871,3,0.709480787,84.32662526557313,4.5971638318319745e-4,0.8689011781268698,59.66475050781447
10878,3,0.706386586,60.626909109544364,3.3051463036307187e-4,0.6246994064516441,42.896171816301646
10889,4,0.708884449,96.05588711325596,5.236598152492118e-4,0.9897594409342981,67.9637127819342
10890,3,0.708582633,93.74329685702904,5.110524611065649e-4,0.9659305210429592,66.32745471717664
10891,3,0.706362119,60.892418087165964,3.319620833651393e-4,0.627435209796461,43.08403095162797
10918,4,0.708888318,96.07872533900797,5.237843204871242e-4,0.9899947659126161,67.9798718187419
10921,5,0.708807357,96.38952495740543,5.254786806730609e-4,0.9931972438220124,68.19977604983389
10925,5,0.708141454,81.89740742163661,4.464732202122906e-4,0.8438705280815754,57.945973358472344
10939,5,0.707744295,66.67414202398041,3.6348182233756065e-4,0.6870100679682533,47.17485179390265
10941,4,0.708888163,96.07783419197074,5.237794622956389e-4,0.9899855835374398,67.97924129350179
10942,5,0.70581781,65.63338820595713,3.5780803212599987e-4,0.6762861451766975,46.43847325750502
10943,3,0.709465318,84.75761033840217,4.620659483206963e-4,0.873342046433373,59.96969116874989
10946,5,0.707735191,66.4951951155831,3.625062725008259e-4,0.6851661998063424,47.04823908279219
10948,4,0.709453642,85.37378517428168,4.6542509694151357e-4,0.8796911092488443,60.40566163165128
10949,4,0.708197934,0,0,0,0
10952,5,0.708799844,96.31893090036465,5.25093828979129e-4,0.9924698429668457,68.14982768788524
10954,5,0.707724067,65.97573906524399,3.596743975629583e-4,0.6798137269343009,46.680701362106106
10959,5,0.707714483,65.4848688978346,3.569983618830851e-4,0.6747558028750125,46.33338939535808
10967,4,0.708197965,0,0,0,0
10969,3,0.706580751,59.1705692481549,3.2257522461008473e-4,0.6096932868858581,41.865748101244456
10970,3,0.706781761,57.52818146155247,3.136215570031661e-4,0.5927701303119326,40.70368739721292
10981,5,0.707645089,63.42487953506589,3.4576809082379113e-4,0.6535296814856948,44.875857435656556
10414,2,0.706680121,0,0,0,0
10415,1,0.707374431,0,0,0,0
10416,2,0.706717243,0,0,0,0
10419,1,0.709587983,0,0,0,0
10420,1,0.708622965,0,0,0,0
10425,1,0.709246733,0,0,0,0
10426,1,0.707063484,0,0,0,0
10427,1,0.70629141,0,0,0,0
10428,2,0.707423014,0,0,0,0
10430,2,0.70603049,0,0,0,0
10433,1,0.709182198,0,0,0,0
10434,1,0.707493927,0,0,0,0
10435,2,0.708606135,0,0,0,0
10436,1,0.708964652,0,0,0,0
10437,1,0.707378493,0,0,0,0
10439,2,0.704737722,0,0,0,0
10440,1,0.706724691,0,0,0,0
10443,1,0.704512704,0,0,0,0
10445,1,0.707362334,0,0,0,0
10453,2,0.708615161,0,0,0,0
10454,1,0.707416027,0,0,0,0
10479,2,0.705967592,0,0,0,0
10481,1,0.708620601,0,0,0,0
10482,1,0.708793059,0,0,0,0
10483,1,0.709111657,0,0,0,0
10484,2,0.706112883,0,0,0,0
10486,2,0.707525074,0,0,0,0
10487,1,0.704600738,0,0,0,0
10488,1,0.704785687,0,0,0,0
10489,1,0.707061454,0,0,0,0
10490,2,0.706059934,0,0,0,0
10491,1,0.707431291,0,0,0,0
10492,1,0.706152524,0,0,0,0
10493,1,0.704791993,0,0,0,0
10495,1,0.706696204,0,0,0,0
10496,1,0.707641433,0,0,0,0
10497,1,0.706784365,0,0,0,0
10498,2,0.706716141,0,0,0,0
10499,2,0.706715326,0,0,0,0
10501,1,0.708846291,0,0,0,0
10503,1,0.706844276,0,0,0,0
10504,1,0.709718981,0,0,0,0
10509,1,0.709239155,0,0,0,0
10510,2,0.708632461,0,0,0,0
10752,1,0.705196368,0,0,0,0
10753,1,0.709079178,0,0,0,0
10754,1,0.709657776,0,0,0,0
10665,1,0.706259638,0,0,0,0
10666,1,0.707382271,0,0,0,0
11037,1,0.704721851,0,0,0,0
11038,1,0.706929792,0,0,0,0
11039,1,0.706714432,0,0,0,0
10875,1,0.709761229,0,0,0,0
10877,1,0.708936237,0,0,0,0
11028,1,0.708604042,0,0,0,0
11815,1,0.709305968,0,0,0,0
11816,1,0.706585833,0,0,0,0
11148,1,0.709887302,0,0,0,0
11149,1,0.709351592,0,0,0,0
11150,2,0.708051933,0,0,0,0
10512,2,0.708933824,0,0,0,0
10514,1,0.707901249,0,0,0,0
10515,2,0.70741951,0,0,0,0
10516,1,0.707475502,0,0,0,0
10517,2,0.706184042,0,0,0,0
10518,2,0.707108025,0,0,0,0
10520,2,0.709121332,0,0,0,0
10521,1,0.709718718,0,0,0,0
10523,1,0.709373566,0,0,0,0
10525,1,0.708388333,0,0,0,0
10526,2,0.70675482,0,0,0,0
10530,1,0.708873918,0,0,0,0
10531,2,0.707143696,0,0,0,0
10534,1,0.70740008,0,0,0,0
10535,1,0.707212224,0,0,0,0
10627,1,0.709255979,0,0,0,0
10628,1,0.709502611,0,0,0,0
10804,1,0.704707851,0,0,0,0
10805,1,0.70819893,0,0,0,0
10833,1,0.708446549,0,0,0,0
10834,1,0.70667132,0,0,0,0
11133,1,0.708870444,0,0,0,0
11134,1,0.709671916,0,0,0,0
11135,2,0.709447542,0,0,0,0
11232,1,0.709064219,0,0,0,0
11233,2,0.709438277,0,0,0,0
11234,2,0.708673908,0,0,0,0
11235,1,0.707011601,0,0,0,0
11236,1,0.708607102,0,0,0,0
11237,2,0.707537153,0,0,0,0
10546,1,0.706729758,0,0,0,0
10547,2,0.709567741,0,0,0,0
10548,2,0.705853802,0,0,0,0
10549,1,0.707058223,0,0,0,0
10550,2,0.709078325,0,0,0,0
10551,1,0.709614598,0,0,0,0
10552,1,0.70908408,0,0,0,0
10553,2,0.709707708,0,0,0,0
10866,2,0.706808608,0,0,0,0
10868,1,0.709274858,0,0,0,0
10905,1,0.707601372,0,0,0,0
10907,2,0.707376498,0,0,0,0
10983,2,0.70959887,0,0,0,0
10984,1,0.708706021,0,0,0,0
11043,1,0.709177285,0,0,0,0
11044,2,0.707454953,0,0,0,0
11045,2,0.709167127,0,0,0,0
11166,2,0.707336272,0,0,0,0
11167,1,0.707448246,0,0,0,0
11168,2,0.709127566,0,0,0,0
10557,1,0.709054398,0,0,0,0
10558,1,0.706702566,0,0,0,0
10566,1,0.70969291,0,0,0,0
10567,1,0.708939732,0,0,0,0
10568,1,0.705463199,0,0,0,0
10570,1,0.706686533,0,0,0,0
10571,2,0.708561114,0,0,0,0
10572,2,0.705621041,0,0,0,0
10573,1,0.709189069,0,0,0,0
10574,2,0.705670093,0,0,0,0
10576,1,0.708920782,0,0,0,0
10578,1,0.70746652,0,0,0,0
10580,2,0.704777475,0,0,0,0
10581,2,0.704956127,0,0,0,0
10582,1,0.709863552,0,0,0,0
10583,1,0.708561571,0,0,0,0
10584,2,0.706360961,0,0,0,0
10585,1,0.707091003,0,0,0,0
10586,1,0.704776821,0,0,0,0
10590,2,0.70902875,0,0,0,0
10592,2,0.707498448,0,0,0,0
10596,1,0.708554584,0,0,0,0
10597,2,0.709679526,0,0,0,0
10598,1,0.709053474,0,0,0,0
10599,1,0.709097586,0,0,0,0
10600,1,0.708693699,0,0,0,0
10601,2,0.708095982,0,0,0,0
10609,2,0.708450542,0,0,0,0
10610,1,0.708155321,0,0,0,0
10611,2,0.707494635,0,0,0,0
10612,1,0.707030313,0,0,0,0
10617,1,0.708648968,0,0,0,0
10618,1,0.708859759,0,0,0,0
10620,2,0.707395538,0,0,0,0
10621,2,0.708899408,0,0,0,0
10624,2,0.707101116,0,0,0,0
10625,1,0.707357802,0,0,0,0
10629,1,0.704970945,0,0,0,0
10630,2,0.709293807,0,0,0,0
10632,1,0.708968231,0,0,0,0
10633,1,0.70669583,0,0,0,0
10634,1,0.707182984,0,0,0,0
10635,2,0.708458986,0,0,0,0
10636,2,0.706571412,0,0,0,0
10637,1,0.707383546,0,0,0,0
10638,1,0.706691816,0,0,0,0
10642,1,0.709811531,0,0,0,0
10643,1,0.708275482,0,0,0,0
10645,1,0.707344475,0,0,0,0
10647,1,0.705168489,0,0,0,0
10654,1,0.706830664,0,0,0,0
10655,1,0.706682542,0,0,0,0
10732,2,0.706752944,0,0,0,0
10733,2,0.709859423,0,0,0,0
10779,1,0.707060716,0,0,0,0
10780,2,0.708202764,0,0,0,0
10781,1,0.7073769,0,0,0,0
10839,1,0.708620253,0,0,0,0
10840,1,0.709854762,0,0,0,0
10841,1,0.708724131,0,0,0,0
10893,1,0.709850972,0,0,0,0
10894,1,0.708183025,0,0,0,0
10895,2,0.707818591,0,0,0,0
10995,2,0.707470322,0,0,0,0
10997,2,0.705086079,0,0,0,0
11132,1,0.707234661,0,0,0,0
11138,1,0.70789672,0,0,0,0
10657,1,0.708880108,0,0,0,0
10668,1,0.709526302,0,0,0,0
10669,1,0.709447094,0,0,0,0
10672,1,0.705938611,0,0,0,0
10674,1,0.70921466,0,0,0,0
10675,2,0.709137506,0,0,0,0
10676,2,0.708213873,0,0,0,0
10677,2,0.70912361,0,0,0,0
10678,1,0.709053805,0,0,0,0
10681,2,0.706655212,0,0,0,0
10683,1,0.706492448,0,0,0,0
10707,1,0.707110292,0,0,0,0
10708,1,0.706741198,0,0,0,0
10709,2,0.70824318,0,0,0,0
10713,1,0.708224058,0,0,0,0
10714,1,0.707073921,0,0,0,0
10715,2,0.708839409,0,0,0,0
10716,2,0.705943316,0,0,0,0
10717,1,0.709809354,0,0,0,0
10721,1,0.709871056,0,0,0,0
10722,1,0.706678246,0,0,0,0
10723,1,0.707535844,0,0,0,0
10724,1,0.709864168,0,0,0,0
10729,1,0.706762282,0,0,0,0
10730,1,0.707001174,0,0,0,0
10750,1,0.709877606,0,0,0,0
10751,2,0.708831102,0,0,0,0
10755,2,0.709009803,0,0,0,0
10756,1,0.705900174,0,0,0,0
10757,2,0.709856657,0,0,0,0
10759,1,0.707273203,0,0,0,0
10760,2,0.70824246,0,0,0,0
10762,1,0.706670294,0,0,0,0
10763,1,0.706676307,0,0,0,0
10764,1,0.708885937,0,0,0,0
10765,1,0.70964478,0,0,0,0
10766,1,0.709119415,0,0,0,0
10767,2,0.707191913,0,0,0,0
10768,1,0.708644453,0,0,0,0
10769,2,0.705768836,0,0,0,0
10771,1,0.708367068,0,0,0,0
10773,2,0.707391374,0,0,0,0
10774,1,0.709775673,0,0,0,0
10775,1,0.706759204,0,0,0,0
10776,2,0.707373156,0,0,0,0
10777,2,0.707192578,0,0,0,0
10778,2,0.706820105,0,0,0,0
10842,2,0.70961302,0,0,0,0
10843,1,0.706633236,0,0,0,0
10844,1,0.707397003,0,0,0,0
10851,2,0.707688396,0,0,0,0
10852,1,0.707192298,0,0,0,0
10853,1,0.708960351,0,0,0,0
10932,2,0.706803999,0,0,0,0
10934,2,0.707082333,0,0,0,0
11040,1,0.708639249,0,0,0,0
11041,1,0.708855362,0,0,0,0
11042,2,0.708621536,0,0,0,0
10899,1,0.706767773,0,0,0,0
11609,1,0.7075116,0,0,0,0
11610,1,0.707050926,0,0,0,0
12195,1,0.707793001,0,0,0,0
10974,1,0.709888484,0,0,0,0
10976,1,0.705500257,0,0,0,0
10977,1,0.709097006,0,0,0,0
10979,1,0.706637175,0,0,0,0
10782,1,0.707164271,0,0,0,0
10784,2,0.704668115,0,0,0,0
10789,1,0.707604583,0,0,0,0
10790,1,0.706790431,0,0,0,0
10791,1,0.708205167,0,0,0,0
10792,1,0.709707834,0,0,0,0
10793,1,0.708817979,0,0,0,0
10794,1,0.709536468,0,0,0,0
10795,1,0.709133041,0,0,0,0
10796,2,0.708440527,0,0,0,0
10872,1,0.709552762,0,0,0,0
10986,1,0.708645667,0,0,0,0
10988,1,0.708172302,0,0,0,0
10989,1,0.706627843,0,0,0,0
10990,1,0.70745623,0,0,0,0
10992,1,0.705119968,0,0,0,0
10993,2,0.708648613,0,0,0,0
10994,2,0.708191023,0,0,0,0
10797,1,0.709887099,0,0,0,0
10798,1,0.706356375,0,0,0,0
10799,2,0.704774135,0,0,0,0
10800,1,0.707389266,0,0,0,0
10801,1,0.708778902,0,0,0,0
10802,1,0.708440525,0,0,0,0
10809,1,0.707255037,0,0,0,0
10810,2,0.70928603,0,0,0,0
10811,1,0.708947354,0,0,0,0
10957,1,0.70874035,0,0,0,0
10958,1,0.707035359,0,0,0,0
11085,2,0.707512025,0,0,0,0
11086,1,0.709203617,0,0,0,0
11088,1,0.709378244,0,0,0,0
11089,1,0.709096998,0,0,0,0
11090,1,0.707438003,0,0,0,0
11229,1,0.706386417,0,0,0,0
11230,1,0.707374387,0,0,0,0
11448,1,0.708553702,0,0,0,0
11450,2,0.706665082,0,0,0,0
10812,2,0.70738996,0,0,0,0
10813,1,0.706846277,0,0,0,0
10815,1,0.706651184,0,0,0,0
10816,1,0.70729799,0,0,0,0
10817,1,0.707023807,0,0,0,0
10822,1,0.706665643,0,0,0,0
10823,2,0.709248897,0,0,0,0
10824,2,0.704891704,0,0,0,0
10825,1,0.709377568,0,0,0,0
10826,1,0.70948045,0,0,0,0
10827,1,0.709481613,0,0,0,0
10828,1,0.70903378,0,0,0,0
10829,2,0.706663356,0,0,0,0
10830,1,0.708790856,0,0,0,0
10831,2,0.709836773,0,0,0,0
10836,1,0.707378328,0,0,0,0
10837,1,0.706643622,0,0,0,0
10838,1,0.707136442,0,0,0,0
10845,2,0.704991529,0,0,0,0
10846,1,0.707601877,0,0,0,0
10847,1,0.707888412,0,0,0,0
10848,2,0.707486199,0,0,0,0
10849,2,0.707116696,0,0,0,0
10850,1,0.709286485,0,0,0,0
10854,1,0.70867787,0,0,0,0
10856,1,0.705796907,0,0,0,0
10857,1,0.706805036,0,0,0,0
10858,2,0.709478202,0,0,0,0
10859,1,0.709114937,0,0,0,0
10860,2,0.707088087,0,0,0,0
10861,1,0.706313194,0,0,0,0
10862,1,0.708634676,0,0,0,0
10863,2,0.709458107,0,0,0,0
10864,1,0.708111591,0,0,0,0
10865,2,0.708952732,0,0,0,0
10869,1,0.706588156,0,0,0,0
10879,1,0.709748698,0,0,0,0
10880,1,0.709167573,0,0,0,0
10892,1,0.706672415,0,0,0,0
10896,1,0.707333622,0,0,0,0
10897,1,0.70747042,0,0,0,0
10898,1,0.704844117,0,0,0,0
10902,2,0.708839326,0,0,0,0
10914,1,0.708200763,0,0,0,0
10915,2,0.706534324,0,0,0,0
10916,2,0.709838032,0,0,0,0
10917,1,0.708844439,0,0,0,0
10919,2,0.709683509,0,0,0,0
10920,1,0.70800282,0,0,0,0
10922,1,0.708532892,0,0,0,0
10923,2,0.707657452,0,0,0,0
10924,2,0.706255848,0,0,0,0
10926,1,0.709080402,0,0,0,0
10927,1,0.706420354,0,0,0,0
10928,2,0.708269318,0,0,0,0
10929,1,0.706639738,0,0,0,0
10930,2,0.70806435,0,0,0,0
10931,2,0.708864831,0,0,0,0
10935,1,0.706601734,0,0,0,0
10936,2,0.707659141,0,0,0,0
10937,1,0.709088935,0,0,0,0
10938,1,0.709102793,0,0,0,0
10940,1,0.70735258,0,0,0,0
10944,1,0.708170036,0,0,0,0
10945,1,0.706224763,0,0,0,0
10947,2,0.709478029,0,0,0,0
10950,1,0.709856046,0,0,0,0
10951,1,0.70889087,0,0,0,0
10953,1,0.709242903,0,0,0,0
10955,1,0.708212237,0,0,0,0
10960,2,0.706286647,0,0,0,0
10961,1,0.708189265,0,0,0,0
10962,2,0.70916019,0,0,0,0
10963,2,0.707464936,0,0,0,0
10964,2,0.706621236,0,0,0,0
10965,2,0.707390196,0,0,0,0
10966,1,0.705331812,0,0,0,0
10968,2,0.707471627,0,0,0,0
10971,2,0.705651532,0,0,0,0
10972,1,0.70742133,0,0,0,0
10973,1,0.709651397,0,0,0,0
10980,1,0.707292878,0,0,0,0
10982,1,0.707619979,0,0,0,0
10998,2,0.709244541,0,0,0,0
10999,1,0.708929494,0,0,0,0
11000,1,0.709889749,0,0,0,0
11001,1,0.707318863,0,0,0,0
11002,1,0.708167562,0,0,0,0
11005,3,0.709203031,91.40385862983503,4.982987421346614e-4,0.9418249597761338,64.67220054668917
11012,5,0.708818033,96.18780027819828,5.243789551755463e-4,0.9911186736092432,68.05704707641345
11013,5,0.707677547,64.73206641274086,3.528943717778401e-4,0.6669989293592662,45.80074893555875
11015,3,0.708641023,95.37591182370873,5.199528510516036e-4,0.9827529785231199,67.48260072658343
11016,5,0.707587549,61.878985176332314,3.373404683363246e-4,0.6376007927707367,43.78207002349822
11019,7,0.708907836,0,0,0,0
11021,4,0.708203058,0,0,0,0
11031,6,0.708266732,86.34592179101888,4.707248125176903e-4,0.8897080006982887,61.09349051742095
11033,5,0.707663393,64.12708713038965,3.4959625701625233e-4,0.6607652254784122,45.372699813111325
11051,3,0.709335413,87.94225467792607,4.7942740649455334e-4,0.9061566077870702,62.2229653793021
11057,4,0.708658382,95.57608211637849,5.210441026305332e-4,0.9848155323438023,67.62422990400638
11295,3,0.706564165,58.63188996154849,3.196385519689764e-4,0.6041427378713473,41.48460910584557
11411,3,0.707659595,64.04532155106634,3.491505024722158e-4,0.6599227133064794,45.314847113859
11681,3,0.709054853,92.3089944851521,5.032331952849605e-4,0.9511514756727797,65.31262348325387
12162,7,0.708150912,82.05529773362235,4.4733397757020876e-4,0.8454974291661043,58.05768761292711
11066,4,0.706268915,62.78468559065466,3.4227799924555424e-4,0.6469331258809052,44.4228924100835
11070,3,0.705196447,48.921372575489734,2.667005395974677e-4,0.5040856091721325,34.613996232196946
11074,4,0.706260564,63.2323945210338,3.447187364331806e-4,0.6515463167425011,44.739665926716775
11077,3,0.708953461,93.74516037860938,5.110626203107097e-4,0.9659497227611774,66.32877323964577
11153,3,0.708831939,96.30411517853192,5.250130593522912e-4,0.9923171818338439,68.13934492109647
11265,5,0.709233286,90.24056640475307,4.919569195772473e-4,0.9298384017738867,63.849120764252625
11267,4,0.705335342,54.445993474928066,2.968186515265237e-4,0.5610112787706534,38.522905507021406
11565,4,0.708006348,0,0,0,0
11589,3,0.70984272,66.18053224653274,3.6079085135565003e-4,0.6819239149791056,46.825601434044394
11671,3,0.706529483,59.118061119222844,3.2228897045199004e-4,0.6091522433548663,41.82859631908198
11093,3,0.705364545,55.357088272874606,3.0178559054406325e-4,0.5703991955861055,39.167544654351794
11102,4,0.708187105,0,0,0,0
11106,3,0.706606098,59.29627334583642,3.232605150857258e-4,0.6109885413588891,41.954689210916015
11117,3,0.7091584,92.31418931770608,5.032615155174545e-4,0.9512050032047082,65.31629905294835
11120,3,0.709168848,92.25450179850797,5.029361220802036e-4,0.9505899832677978,65.2740675403013
11121,5,0.707554333,60.85287104692824,3.317464880861106e-4,0.62702771726672,43.05604970274395
11124,3,0.708008697,75.9966585267318,4.1430460286877936e-4,0.7830692372619034,53.7709371879274
11126,3,0.709148446,92.06561163067495,5.019063654108054e-4,0.9486436598041252,65.1404195412068
11128,3,0.708171753,0,0,0,0
11647,3,0.706615963,59.122463180427324,3.223129687994764e-4,0.609197602174275,41.831710968608846
11612,4,0.707970006,0,0,0,0
11613,4,0.708059313,0,0,0,0
12889,7,0.709005826,93.09956077815127,5.075430591712425e-4,0.95929746730011,65.87198347759887
13113,6,0.709187606,91.82196992256029,5.005781243660073e-4,0.9461331767087215,64.96803244896662
13117,5,0.709946786,60.622711821364355,3.30491748359491e-4,0.6246561576125846,42.8932020525849
13118,3,0.709708749,73.32543943413984,3.9974214200818063e-4,0.7555450074083019,51.88093364267373
13219,7,0.70913812,92.10996933752975,5.021481865971433e-4,0.9491007214216602,65.17180454569684
13225,4,0.706606022,59.29765614487042,3.232680535751244e-4,0.6110027897140909,41.955667601301094
13226,3,0.709574369,80.47421594446371,4.38714526722511e-4,0.829205969321858,56.93900356520781
13227,7,0.709332483,87.9909264209381,4.796927461496177e-4,0.9066581212143116,62.257402751774286
11966,7,0.708668914,0,0,0,0
11407,3,0.708944219,94.58887078004409,5.156622054711507e-4,0.9746433110495231,66.92573499927876
11142,5,0.705777481,65.63924923221013,3.578399841907515e-4,0.6763465371655887,46.442620188180875
11155,5,0.708804218,96.36055226578674,5.253207326826121e-4,0.9928987093342192,68.1792766119455
11193,3,0.708844745,96.10234851165094,5.239131049541004e-4,0.9902381789802673,67.99658623957288
11194,5,0.708854829,96.1731764547743,5.242992317051524e-4,0.9909679897966065,68.04670008608491
11770,3,0.706693876,58.81557127515122,3.20639911965085e-4,0.6060353893237997,41.61457161430052
11771,3,0.709448065,85.5215437183571,4.662306197909438e-4,0.8812136126411133,60.51020722018743
11886,7,0.708704022,0,0,0,0
11887,4,0.706298046,62.237040506146165,3.3929244851676105e-4,0.6412901933240027,44.03540972319635
11158,3,0.708846862,96.11789266976199,5.239978457358397e-4,0.9903983459174968,68.00758440667168
11165,5,0.707479279,59.15651417483209,3.22498601746867e-4,0.6095484634717776,41.85580352631888
11180,3,0.707843892,69.34892009588111,3.7806368538685696e-4,0.7145709695290948,49.067373471618616
11181,3,0.706604054,59.03449830775541,3.2183341808836297e-4,0.6082912125107768,41.76947200001628
11182,5,0.70815146,82.06428220437344,4.473829574550968e-4,0.8455900051134504,58.06404451626719
11186,3,0.70949148,84.01637394018626,4.5802501208023366e-4,0.8657043498262579,59.445234217845204
11200,4,0.708809732,96.11120508313732,5.23961387581305e-4,0.990329437054149,68.00285264862725
11206,3,0.707748824,66.76115704731541,3.639561948347902e-4,0.687906670388336,47.23641870282808
11209,3,0.70817295,0,0,0,0
11329,7,0.708839808,0,0,0,0
11330,3,0.705517206,60.49646576653229,3.298035033415531e-4,0.6233553188154433,42.80387748468681
11597,3,0.706825402,57.734205324002566,3.1474471999702136e-4,0.5948929992900444,40.84945822953341
11717,3,0.707516658,59.98556342005955,3.2701825991291394e-4,0.6180909832706509,42.442391881057446
11215,5,0.707472832,59.018328201265334,3.2174526487639823e-4,0.6081245958041859,41.75803094724822
11216,4,0.708180717,0,0,0,0
11220,3,0.708696408,95.97475901240166,5.232175359930242e-4,0.9889234973377236,67.90631112639065
11224,4,0.708800188,96.32225690468105,5.251119610776207e-4,0.9925041141007833,68.15218098042008
11559,6,0.707521553,60.09784522189547,3.27630377185184e-4,0.6192479344659606,42.52183613335629
11737,3,0.705816711,65.92682258395253,3.5940772368876333e-4,0.679309691724898,46.64609082666984
11741,4,0.706268903,0,0,0,0
11764,3,0.707447474,58.77573096793684,3.204227179071013e-4,0.6056248749724132,41.586382866291046
11766,3,0.709139782,92.10355324935554,5.02113208547917e-4,0.9490346100771593,65.16726488459996
11806,3,0.706529977,59.106513810285485,3.222260189573291e-4,0.6090332599340516,41.82042609639591
11807,7,0.708714903,0,0,0,0
11244,3,0.709499603,83.77404279101374,4.5670391569959035e-4,0.8632073707244653,59.27377440298704
11246,5,0.707879992,0,0,0,0
11253,4,0.708748928,96.14789603685449,5.241614125732371e-4,0.9907075004808669,68.02881309223015
11259,5,0.709215509,90.6986978727771,4.944544764383115e-4,0.9345589864178163,64.1732686790227
11268,7,0.708863905,0,0,0,0
11270,5,0.707438421,58.28606313150062,3.177532368740508e-4,0.6005793397262165,41.23992160093556
11274,3,0.706791505,57.43473079646894,3.1311209985813076e-4,0.5918072150674046,40.63756699218736
11276,5,0.709224211,90.32369702207083,4.924101157843143e-4,0.9306949792913474,63.90793928718302
11280,3,0.708175784,0,0,0,0
11290,3,0.705699228,64.45204162729776,3.5136778416497004e-4,0.6641135551941082,45.602619235634805
11293,3,0.707608391,62.62279854311348,3.4139545321996084e-4,0.6452650424506836,44.308350291605834
11309,4,0.7062407,63.286804059137665,3.4501535634402135e-4,0.6521069523852876,44.77816303846515
11311,4,0.707876298,0,0,0,0
11332,3,0.707639887,63.310059387032176,3.451421354626655e-4,0.6523465751822587,44.79461719315751
11333,4,0.705343753,54.71216242948482,2.982697024694391e-4,0.5637538825149251,38.711231604698625
11334,3,0.707719583,65.586303828301,3.575513461773764e-4,0.6758009879551444,46.405159014976974
11337,5,0.707411849,58.03771811235155,3.163993551833604e-4,0.5980203937344734,41.064206711827616
11350,4,0.706254936,63.03542555898898,3.436449372796461e-4,0.6495167494185844,44.60030182977615
11358,3,0.708865317,96.23817551666357,5.246535816337537e-4,0.9916377398461889,68.09268974591835
11373,5,0.709231164,90.26075671319485,4.920669893866697e-4,0.9300464426238146,63.863406284538314
11376,4,0.705429893,57.5900168625529,3.1395865986730986e-4,0.5934072820135454,40.74743862953868
11383,3,0.707614077,62.74493938426302,3.4206131818912544e-4,0.6465235811439848,44.394770242493834
11386,3,0.706800228,57.65249621404022,3.1429927330225906e-4,0.5940510689781602,40.79164548480699
11387,3,0.70888647,96.06797117392178,5.237256929082069e-4,0.9898839550425768,67.97226277978454
11420,3,0.708940877,94.27064903545451,5.139273827029888e-4,0.9713643555842869,66.700579291490115
11421,6,0.707549153,60.73679645962597,3.31113694003743e-4,0.6258316852265441,42.97392188996979
11423,4,0.705816017,65.9227919952891,3.593857504669415e-4,0.6792681605569287,46.64323901010247
11425,3,0.708890957,96.09359262881861,5.238653712427776e-4,0.9901479584018369,67.99039107211513
11427,3,0.708958999,93.78180040902643,5.112623676883617e-4,0.9663272614744333,66.35469765280172
11430,3,0.708954049,93.74918524055612,5.110845623126709e-4,0.965991194921083,66.33162100431231
11438,4,0.708554666,93.99235344984301,5.12410222023663e-4,0.9684967990866351,66.50367307556313
11443,4,0.708686486,95.87569929284906,5.22677500436657e-4,0.9879027864204646,67.83622207167197
11444,4,0.708641108,95.37694019859941,5.199584573566563e-4,0.9827635748934983,67.48332834649099
11455,3,0.708908933,95.88282410440858,5.227163421736612e-4,0.98797620044763,67.84126318535078
11459,3,0.709440319,85.72209636690305,4.673239558273024e-4,0.8832801062550726,60.65210693100227
11461,4,0.708507781,93.07969865142014,5.074347784824991e-4,0.959092808033094,65.85793016012963
11003,1,0.707481307,0,0,0,0
11004,1,0.709885291,0,0,0,0
11006,1,0.707442071,0,0,0,0
11007,2,0.707252253,0,0,0,0
11008,1,0.707400916,0,0,0,0
11009,1,0.706596661,0,0,0,0
11010,2,0.708948489,0,0,0,0
11011,1,0.706628408,0,0,0,0
11014,1,0.708057444,0,0,0,0
11017,2,0.709091571,0,0,0,0
11018,2,0.706628646,0,0,0,0
11020,2,0.708943299,0,0,0,0
11022,2,0.707661209,0,0,0,0
11023,1,0.708981312,0,0,0,0
11024,1,0.708647017,0,0,0,0
11025,1,0.708597796,0,0,0,0
11026,2,0.708046051,0,0,0,0
11027,1,0.707355233,0,0,0,0
11032,2,0.707380577,0,0,0,0
11034,1,0.707322717,0,0,0,0
11035,1,0.707789605,0,0,0,0
11036,1,0.706471258,0,0,0,0
11046,1,0.706993459,0,0,0,0
11047,2,0.709082363,0,0,0,0
11048,1,0.708170145,0,0,0,0
11049,1,0.706626083,0,0,0,0
11050,1,0.708921291,0,0,0,0
11052,2,0.709096051,0,0,0,0
11053,2,0.708944837,0,0,0,0
11054,1,0.707434936,0,0,0,0
11055,1,0.709322771,0,0,0,0
11056,2,0.70820186,0,0,0,0
11061,2,0.709168022,0,0,0,0
11062,2,0.709138268,0,0,0,0
11063,1,0.705382692,0,0,0,0
11103,1,0.707410944,0,0,0,0
11104,1,0.709459121,0,0,0,0
11105,2,0.707474509,0,0,0,0
11296,1,0.705755791,0,0,0,0
11297,2,0.708128241,0,0,0,0
11409,1,0.707244931,0,0,0,0
11410,1,0.706741729,0,0,0,0
11680,1,0.706789366,0,0,0,0
11682,1,0.709846047,0,0,0,0
11734,2,0.709299537,0,0,0,0
11735,1,0.707493601,0,0,0,0
11736,2,0.709263016,0,0,0,0
12163,2,0.707419851,0,0,0,0
12164,1,0.70731893,0,0,0,0
12049,2,0.706945229,0,0,0,0
12050,2,0.706813699,0,0,0,0
12051,1,0.707020225,0,0,0,0
11064,1,0.709736693,0,0,0,0
11065,1,0.707479881,0,0,0,0
11067,1,0.709325065,0,0,0,0
11068,1,0.70647642,0,0,0,0
11069,1,0.709576958,0,0,0,0
11071,2,0.704773182,0,0,0,0
11072,2,0.708964895,0,0,0,0
11073,1,0.709412065,0,0,0,0
11075,2,0.709624092,0,0,0,0
11076,2,0.709292298,0,0,0,0
11078,1,0.709037278,0,0,0,0
11202,2,0.7090761,0,0,0,0
11203,2,0.706435633,0,0,0,0
11204,2,0.706563506,0,0,0,0
11266,1,0.70785106,0,0,0,0
11560,1,0.707089622,0,0,0,0
11561,1,0.7079441,0,0,0,0
11562,2,0.707093023,0,0,0,0
11563,1,0.707078028,0,0,0,0
11564,2,0.707965821,0,0,0,0
11587,1,0.706953381,0,0,0,0
11588,2,0.707496665,0,0,0,0
11672,2,0.706848213,0,0,0,0
11673,1,0.70653039,0,0,0,0
11091,1,0.707495342,0,0,0,0
11092,2,0.706692587,0,0,0,0
11094,1,0.70815118,0,0,0,0
11095,1,0.708911582,0,0,0,0
11096,1,0.706617543,0,0,0,0
11097,2,0.707465856,0,0,0,0
11098,2,0.707433955,0,0,0,0
11099,1,0.706472888,0,0,0,0
11100,1,0.70743875,0,0,0,0
11101,2,0.708711414,0,0,0,0
11107,2,0.709467971,0,0,0,0
11108,1,0.707364703,0,0,0,0
11109,2,0.708189812,0,0,0,0
11110,2,0.709083643,0,0,0,0
11111,2,0.708164634,0,0,0,0
11112,1,0.707052997,0,0,0,0
11113,1,0.709812596,0,0,0,0
11114,1,0.707428242,0,0,0,0
11115,1,0.70954682,0,0,0,0
11116,1,0.707416311,0,0,0,0
11118,1,0.708210256,0,0,0,0
11119,1,0.70742665,0,0,0,0
11122,2,0.707318022,0,0,0,0
11123,1,0.706610846,0,0,0,0
11125,1,0.70662706,0,0,0,0
11127,2,0.70945875,0,0,0,0
11129,1,0.70667813,0,0,0,0
11379,1,0.70665665,0,0,0,0
11278,1,0.704692607,0,0,0,0
11279,1,0.709353361,0,0,0,0
11648,2,0.707484947,0,0,0,0
11649,1,0.706986927,0,0,0,0
11683,2,0.707705559,0,0,0,0
11684,1,0.708100996,0,0,0,0
11685,1,0.706461794,0,0,0,0
11611,1,0.706711937,0,0,0,0
11614,1,0.706550146,0,0,0,0
11615,1,0.706814803,0,0,0,0
11616,1,0.707334258,0,0,0,0
11617,2,0.708979768,0,0,0,0
11618,2,0.709815748,0,0,0,0
12884,1,0.707618907,0,0,0,0
12885,1,0.707289812,0,0,0,0
12886,1,0.707829562,0,0,0,0
12887,1,0.707643779,0,0,0,0
12888,1,0.707666748,0,0,0,0
12890,1,0.709488594,0,0,0,0
12891,1,0.706589186,0,0,0,0
13111,2,0.709722949,0,0,0,0
13112,1,0.709504541,0,0,0,0
13114,1,0.70766908,0,0,0,0
13115,1,0.709598939,0,0,0,0
13116,1,0.7055869,0,0,0,0
13218,2,0.705992821,0,0,0,0
13220,2,0.707774722,0,0,0,0
13221,1,0.707704365,0,0,0,0
13228,1,0.707281552,0,0,0,0
13843,2,0.708646973,0,0,0,0
13844,1,0.707933144,0,0,0,0
13845,1,0.709752913,0,0,0,0
13846,2,0.70937347,0,0,0,0
13847,2,0.708063276,0,0,0,0
13914,2,0.7070402,0,0,0,0
13918,1,0.707981336,0,0,0,0
13919,1,0.707325638,0,0,0,0
11380,1,0.709235208,0,0,0,0
11381,2,0.708161457,0,0,0,0
11719,1,0.709678409,0,0,0,0
11720,1,0.709621394,0,0,0,0
11721,1,0.709751062,0,0,0,0
11965,1,0.70666925,0,0,0,0
11967,1,0.70778211,0,0,0,0
11213,2,0.708069121,0,0,0,0
11397,1,0.705757476,0,0,0,0
11398,1,0.70748015,0,0,0,0
11399,2,0.707237762,0,0,0,0
11400,1,0.706454491,0,0,0,0
11401,2,0.706656518,0,0,0,0
11402,1,0.708856095,0,0,0,0
11403,1,0.706741118,0,0,0,0
11404,1,0.705280235,0,0,0,0
11405,1,0.706647388,0,0,0,0
11406,2,0.706603312,0,0,0,0
11408,2,0.705327895,0,0,0,0
11566,1,0.707117082,0,0,0,0
11567,1,0.708113441,0,0,0,0
11568,1,0.707062791,0,0,0,0
11143,1,0.70745409,0,0,0,0
11144,1,0.708011277,0,0,0,0
11145,1,0.709351506,0,0,0,0
11146,2,0.709441302,0,0,0,0
11147,1,0.707753336,0,0,0,0
11154,2,0.707456941,0,0,0,0
11156,1,0.709498401,0,0,0,0
11195,1,0.705372932,0,0,0,0
11316,2,0.708203762,0,0,0,0
11317,1,0.708141414,0,0,0,0
11318,1,0.708829772,0,0,0,0
11277,1,0.709292848,0,0,0,0
11772,1,0.708100471,0,0,0,0
11888,1,0.708036395,0,0,0,0
11157,1,0.709615638,0,0,0,0
11159,1,0.709476264,0,0,0,0
11163,1,0.706607958,0,0,0,0
11164,2,0.70677158,0,0,0,0
11169,1,0.707293336,0,0,0,0
11170,1,0.70918845,0,0,0,0
11171,2,0.708155969,0,0,0,0
11172,2,0.7082556,0,0,0,0
11173,1,0.708587087,0,0,0,0
11174,2,0.708869186,0,0,0,0
11175,1,0.709836512,0,0,0,0
11176,2,0.708856124,0,0,0,0
11177,1,0.709882525,0,0,0,0
11178,2,0.709150023,0,0,0,0
11179,2,0.709074186,0,0,0,0
11183,1,0.708853654,0,0,0,0
11184,1,0.708868251,0,0,0,0
11185,1,0.70597038,0,0,0,0
11187,2,0.70645372,0,0,0,0
11188,1,0.709150251,0,0,0,0
11189,1,0.70807481,0,0,0,0
11190,1,0.707424906,0,0,0,0
11191,1,0.708144568,0,0,0,0
11192,2,0.708619112,0,0,0,0
11196,1,0.706219226,0,0,0,0
11197,1,0.706656787,0,0,0,0
11198,2,0.705128878,0,0,0,0
11199,2,0.708175591,0,0,0,0
11201,1,0.708176537,0,0,0,0
11205,1,0.708181141,0,0,0,0
11207,1,0.708903333,0,0,0,0
11208,1,0.706636786,0,0,0,0
11210,2,0.708053802,0,0,0,0
11325,2,0.707615689,0,0,0,0
11326,1,0.709234937,0,0,0,0
11327,1,0.707500091,0,0,0,0
11328,1,0.70766392,0,0,0,0
11596,1,0.706776958,0,0,0,0
11642,2,0.706940912,0,0,0,0
11643,1,0.706954021,0,0,0,0
11716,1,0.706992947,0,0,0,0
11718,2,0.706466694,0,0,0,0
11214,1,0.709144806,0,0,0,0
11217,1,0.707488259,0,0,0,0
11218,1,0.709839355,0,0,0,0
11219,1,0.706618647,0,0,0,0
11221,1,0.709865183,0,0,0,0
11222,1,0.709517497,0,0,0,0
11223,2,0.709049392,0,0,0,0
11225,1,0.708034251,0,0,0,0
11226,1,0.707570261,0,0,0,0
11227,1,0.709441075,0,0,0,0
11228,2,0.707381652,0,0,0,0
11238,1,0.708850462,0,0,0,0
11239,1,0.707329282,0,0,0,0
11240,1,0.70824657,0,0,0,0
11313,2,0.705852492,0,0,0,0
11314,1,0.709528084,0,0,0,0
11315,1,0.708877128,0,0,0,0
11557,2,0.707676969,0,0,0,0
11558,2,0.70578127,0,0,0,0
11738,1,0.708004437,0,0,0,0
11739,1,0.709287963,0,0,0,0
11740,1,0.708075937,0,0,0,0
11742,1,0.709030093,0,0,0,0
11765,2,0.706757251,0,0,0,0
11808,1,0.707533151,0,0,0,0
11241,2,0.707043997,0,0,0,0
11242,2,0.706236241,0,0,0,0
11243,1,0.7074645,0,0,0,0
11245,1,0.709454818,0,0,0,0
11247,1,0.709474024,0,0,0,0
11248,2,0.706585412,0,0,0,0
11249,2,0.708843326,0,0,0,0
11250,2,0.709526964,0,0,0,0
11251,1,0.708157675,0,0,0,0
11252,2,0.709812052,0,0,0,0
11254,1,0.706768421,0,0,0,0
11255,1,0.709615465,0,0,0,0
11256,1,0.705929815,0,0,0,0
11257,1,0.709110476,0,0,0,0
11258,2,0.704905179,0,0,0,0
11260,2,0.706641901,0,0,0,0
11261,1,0.706661815,0,0,0,0
11262,2,0.705149045,0,0,0,0
11263,1,0.705943744,0,0,0,0
11264,1,0.708043593,0,0,0,0
11269,2,0.706717317,0,0,0,0
11271,1,0.706303244,0,0,0,0
11272,1,0.709824988,0,0,0,0
11273,1,0.708886706,0,0,0,0
11275,1,0.708176878,0,0,0,0
11281,1,0.706641234,0,0,0,0
11282,1,0.708710897,0,0,0,0
11283,1,0.708153188,0,0,0,0
11284,1,0.70884055,0,0,0,0
11285,2,0.706553382,0,0,0,0
11286,2,0.707259753,0,0,0,0
11287,1,0.70541625,0,0,0,0
11288,1,0.705713757,0,0,0,0
11289,1,0.706676077,0,0,0,0
11291,2,0.709242111,0,0,0,0
11292,1,0.708129551,0,0,0,0
11294,2,0.707774488,0,0,0,0
11298,2,0.708133423,0,0,0,0
11299,1,0.709872905,0,0,0,0
11300,1,0.707536232,0,0,0,0
11304,2,0.706633667,0,0,0,0
11305,1,0.706868866,0,0,0,0
11306,2,0.708166915,0,0,0,0
11307,1,0.707663306,0,0,0,0
11308,1,0.70686582,0,0,0,0
11310,1,0.705316982,0,0,0,0
11312,1,0.706658476,0,0,0,0
11319,1,0.708584472,0,0,0,0
11320,1,0.706633181,0,0,0,0
11321,1,0.707319918,0,0,0,0
11322,1,0.709120484,0,0,0,0
11323,2,0.706084372,0,0,0,0
11324,2,0.709202881,0,0,0,0
11331,2,0.709546615,0,0,0,0
11335,1,0.706607329,0,0,0,0
11336,1,0.706879128,0,0,0,0
11338,2,0.709534236,0,0,0,0
11339,1,0.707678956,0,0,0,0
11340,1,0.708235149,0,0,0,0
11341,2,0.708885092,0,0,0,0
11342,2,0.708110716,0,0,0,0
11343,1,0.708514729,0,0,0,0
11344,1,0.707246574,0,0,0,0
11345,2,0.706252683,0,0,0,0
11346,1,0.708147222,0,0,0,0
11347,2,0.709777922,0,0,0,0
11348,1,0.708864572,0,0,0,0
11349,1,0.709843824,0,0,0,0
11351,2,0.708613235,0,0,0,0
11352,1,0.706643061,0,0,0,0
11353,1,0.706657271,0,0,0,0
11354,1,0.707283177,0,0,0,0
11355,2,0.706703239,0,0,0,0
11356,1,0.707469829,0,0,0,0
11357,2,0.708173399,0,0,0,0
11359,2,0.707631906,0,0,0,0
11360,1,0.706660531,0,0,0,0
11361,1,0.707418699,0,0,0,0
11362,2,0.708161209,0,0,0,0
11363,1,0.709508536,0,0,0,0
11364,1,0.708204534,0,0,0,0
11365,2,0.70667135,0,0,0,0
11366,2,0.706561553,0,0,0,0
11367,2,0.705323843,0,0,0,0
11368,1,0.708173678,0,0,0,0
11369,1,0.708086233,0,0,0,0
11370,1,0.705265119,0,0,0,0
11371,2,0.708114127,0,0,0,0
11372,1,0.7081676,0,0,0,0
11374,1,0.709554653,0,0,0,0
11375,2,0.70691216,0,0,0,0
11377,1,0.707610604,0,0,0,0
11378,1,0.707522469,0,0,0,0
11382,1,0.707577295,0,0,0,0
11384,2,0.707315068,0,0,0,0
11385,2,0.707479014,0,0,0,0
11388,2,0.707320976,0,0,0,0
11389,2,0.707279917,0,0,0,0
11390,1,0.708152395,0,0,0,0
11391,2,0.707714454,0,0,0,0
11392,1,0.708826591,0,0,0,0
11393,2,0.70816864,0,0,0,0
11394,1,0.708133185,0,0,0,0
11395,1,0.708157787,0,0,0,0
11396,2,0.706971144,0,0,0,0
11412,1,0.706711061,0,0,0,0
11413,1,0.707325701,0,0,0,0
11414,2,0.706415899,0,0,0,0
11415,1,0.708979536,0,0,0,0
11416,1,0.706703838,0,0,0,0
11417,2,0.708204065,0,0,0,0
11418,1,0.708025419,0,0,0,0
11419,1,0.709318306,0,0,0,0
11422,1,0.706626517,0,0,0,0
11424,1,0.708201576,0,0,0,0
11426,2,0.705649798,0,0,0,0
11428,2,0.708634326,0,0,0,0
11429,1,0.70986521,0,0,0,0
11431,1,0.706272553,0,0,0,0
11432,1,0.70631961,0,0,0,0
11433,1,0.709219868,0,0,0,0
11434,1,0.7081903,0,0,0,0
11435,1,0.706927387,0,0,0,0
11436,1,0.707754772,0,0,0,0
11437,1,0.706693584,0,0,0,0
11439,1,0.708767886,0,0,0,0
11440,1,0.707077931,0,0,0,0
11441,2,0.70728278,0,0,0,0
11442,2,0.706708089,0,0,0,0
11445,2,0.708159338,0,0,0,0
11446,1,0.706620375,0,0,0,0
11447,1,0.706736172,0,0,0,0
11451,1,0.708154051,0,0,0,0
11452,1,0.707506388,0,0,0,0
11453,1,0.706652069,0,0,0,0
11454,1,0.708163605,0,0,0,0
11456,2,0.706852622,0,0,0,0
11457,2,0.706610542,0,0,0,0
11458,2,0.708060837,0,0,0,0
11460,1,0.70671464,0,0,0,0
11462,1,0.709068244,0,0,0,0
11463,1,0.706620549,0,0,0,0
11465,3,0.706318961,61.522930309585924,3.353993939124409e-4,0.6339320049801733,43.53014573832006
11467,4,0.708435952,91.68877589941403,4.998520016925388e-4,0.9447607460764419,64.87379189166784
11472,3,0.708244387,85.68195996245977,4.6710514756091525e-4,0.8828665409191339,60.62370868134094
11478,7,0.708829267,0,0,0,0
11479,3,0.708311766,87.65848339137182,4.778803943961192e-4,0.9032326296908397,62.02218486709472
11553,4,0.707907909,0,0,0,0
11580,3,0.707202318,0,0,0,0
11585,3,0.706665977,59.50926024728052,3.2442163789467163e-4,0.6131831574603582,42.105386695797854
11590,3,0.70667992,59.601407001452685,3.249239866180634e-4,0.6141326372125552,42.17058452721198
11592,3,0.707141571,0,0,0,0
11594,4,0.707958623,0,0,0,0
11605,3,0.707126915,0,0,0,0
11606,3,0.706534299,59.005124275119606,3.216732821407864e-4,0.6079885426068976,41.7486885959241
11607,4,0.709596519,79.10633139660256,4.312573453758784e-4,0.8151112929200106,55.97116582695375
11625,4,0.709556322,81.3859222303338,4.43684799337425e-4,0.8386001869062016,57.58407536680704
11626,3,0.706703574,58.38977299762014,3.1831862324404643e-4,0.6016479657333743,41.31330083635181
11629,6,0.708419444,90.81297055086199,4.950774472034809e-4,0.9357364515932929,64.25412156275097
11630,3,0.707950543,0,0,0,0
11632,5,0.709209816,91.04562348302463,4.963457816610017e-4,0.9381337063893213,64.41873361865477
11636,4,0.709552221,81.52351804902503,4.4443491891010616e-4,0.8400179736205354,57.681430385667035
12067,3,0.707709548,65.38511366212623,3.564545346396846e-4,0.6737279253623246,46.2628082327461
12069,3,0.706585325,59.083417229933026,3.2210010526933207e-4,0.6087952728710598,41.80408426248553
12073,5,0.709113597,92.2106836422297,5.02697242316445e-4,0.9501384811770449,65.24306429128212
12142,4,0.709398061,86.71876731630981,4.727574231650745e-4,0.8935497993610995,61.35729492290236
12148,5,0.709070914,92.30987042334677,5.032379705636756e-4,0.9511605013361086,65.31324324757719
12149,7,0.708597746,93.93539229748369,5.120996916916107e-4,0.967909871621714,66.46337058588739
11665,3,0.706591513,59.26793176571839,3.2310600767285923e-4,0.61069650984124,41.934636311829706
11667,3,0.707710693,65.40839845482341,3.5658147438911975e-4,0.6739678517644937,46.279283235066295
11668,3,0.706937517,57.131460311119056,3.11458785614709e-4,0.5886823173120191,40.42298994979062
11675,3,0.707891396,70.79087962784743,3.859246951052516e-4,0.7294289142433643,50.087622478930186
11676,3,0.708066956,0,0,0,0
11677,7,0.708821493,0,0,0,0
11690,3,0.708069254,0,0,0,0
11700,6,0.707425631,57.7196926078155,3.146656022406227e-4,0.594743460325891,40.83918985240146
11701,3,0.706230923,62.85958314372605,3.426863119474893e-4,0.6477048699403597,44.475885682416845
11704,3,0.707738663,66.5640736201245,3.628817716612289e-4,0.6858759236160544,47.09697361682426
11711,3,0.709772121,70.26662911418406,3.8306668259420603e-4,0.7240270392421873,49.716692467171626
11724,3,0.706232108,62.83853447205676,3.425715626713248e-4,0.6474879845194875,44.46099283286056
11773,4,0.707904406,0,0,0,0
11779,4,0.705840462,65.75568117611931,3.584747264441305e-4,0.67754625140668,46.52500084627792
11782,3,0.709208407,91.05746141162597,4.964103175024853e-4,0.9382556843538834,64.42710946737756
11785,3,0.709257568,89.97696759593188,4.905198800820578e-4,0.9271222808000394,63.662613156329954
11786,3,0.706691056,58.85194259081075,3.208381944130539e-4,0.6064101592013688,41.64030590009261
11788,3,0.705848208,65.78797064829064,3.586507562486525e-4,0.6778789619867892,46.54784705048761
11791,4,0.706526595,59.1853971771491,3.226560607856798e-4,0.6098460738013982,41.87623950513024
11792,7,0.708727574,0,0,0,0
11793,3,0.707248966,0,0,0,0
11794,4,0.706239479,63.008354335183355,3.43497355361633e-4,0.6492378076468253,44.581147762964896
11796,3,0.707863353,70.29004662331272,3.831943458626682e-4,0.7242683331538862,49.733261372132255
11798,3,0.70928467,89.91466626622729,4.901802371535155e-4,0.9264803281710958,63.618532259206155
11839,5,0.706334818,61.190707088358124,3.3358824046960696e-4,0.6305087783608605,43.29508337758841
11841,7,0.708307484,87.59029833328573,4.7750867563953723e-4,0.9025300511503721,61.97394097655298
11933,3,0.709627979,76.81529140693077,4.1876747501212307e-4,0.7915044268810552,54.350155511923404
12310,7,0.708732299,0,0,0,0
12312,3,0.706993422,57.082922524919724,3.1119417624075386e-4,0.5881821841751903,40.38864735758248
12497,7,0.709330345,0,0,0,0
11821,3,0.707893484,0,0,0,0
11823,4,0.706232275,62.83556008266381,3.425553474423909e-4,0.6474573364241842,44.45888832315815
11824,5,0.705790485,65.74798982054969,3.584327961267117e-4,0.6774669997125112,46.51955887810141
11829,3,0.706651492,59.139345827758135,3.2240500651052004e-4,0.609371560898574,41.843656174974356
11833,7,0.708357667,89.26716716700028,4.8665032067608533e-4,0.9198085002830169,63.16039851926641
11834,7,0.708295004,86.79241071533058,4.731588987006663e-4,0.8943086206226984,61.409400826764674
11844,3,0.707098584,55.209147777837714,3.009790757678522e-4,0.5688748173719247,39.06287032760647
11846,5,0.705790095,65.74492117548763,3.584160670520599e-4,0.6774353804072055,46.51738767841864
11847,3,0.706056237,64.69159821358684,3.526737546940847e-4,0.6665819452120783,45.77211592672648
11848,3,0.707810073,0,0,0,0
12036,4,0.706532123,59.056251988496136,3.21952010803292e-4,0.6085153623420392,41.78486367411605
12038,3,0.706020824,64.63609422076125,3.523711682363242e-4,0.6660100323126231,45.732844440719575
12039,3,0.709129125,92.44707188098457,5.03985940231311e-4,0.9525742245558717,65.41031923886092
12041,6,0.708447685,91.88087525367673,5.008992536141633e-4,0.9467401369830577,65.0097105295678
12043,3,0.709724525,72.42893469346402,3.948547423809322e-4,0.7463074264791909,51.24661759465167
12045,3,0.707749017,0,0,0,0
12046,4,0.709399925,86.67832854853282,4.725369665298863e-4,0.8931331184746917,61.328682738047824
12058,3,0.707748063,0,0,0,0
12059,4,0.706528033,59.15190567893094,3.2247347799667635e-4,0.6095009775501568,41.852542815276635
12571,3,0.709749186,71.47863616098591,3.896740796552594e-4,0.7365155545544932,50.574240102137495
12572,4,0.706412637,60.616837237990616,3.3045972238652247e-4,0.6245956259311807,42.8890455296572
12661,3,0.706283527,62.51691416525852,3.4081821224690175e-4,0.6441740102841091,44.23343249467639
12846,3,0.709459481,85.21608768163773,4.6456539076061257e-4,0.8780661949739703,60.29408380525686
12064,3,0.707825833,0,0,0,0
12089,3,0.709696953,73.76065047258346,4.021147454876227e-4,0.760029420046025,52.1888643578566
13292,4,0.707797941,67.93123605270685,3.703350163126224e-4,0.6999631593452253,48.06430042715001
12301,5,0.709014991,92.83434348708201,5.060971963322633e-4,0.9565646694922533,65.68433072317913
12494,3,0.707389021,0,0,0,0
13035,5,0.709934322,61.45156699317799,3.3501034851180156e-4,0.6331966776798503,43.47965309195268
13036,6,0.709228011,90.28990939943637,4.92225918638692e-4,0.9303468317754147,63.884033076441284
12679,4,0.7066251,59.571882321503104,3.2476302939917417e-4,0.6138284150394133,42.14969453360122
12289,7,0.708500676,0,0,0,0
12463,3,0.709387482,86.94201763334321,4.7397449817510696e-4,0.8958501696519371,61.51525422015443
12792,3,0.707234386,0,0,0,0
13214,3,0.706691649,58.8443034619398,3.2079654881554345e-4,0.6063314456508748,41.63490088457412
13217,3,0.708860734,96.21086324530422,5.245046856170295e-4,0.9913563143214899,68.07336512749178
13498,5,0.708203887,84.12846245069193,4.586360756023867e-4,0.8668593093485457,59.52454170813136
13500,3,0.707495953,58.91450593709886,3.2117926575540666e-4,0.6070548116480438,41.684572185331206
13702,3,0.710073468,53.42004011947078,2.912255477541373e-4,0.5504398598806814,37.79699894081846
13872,4,0.707974848,74.82096242863072,4.0789515915821403e-4,0.7709548698062872,52.939081126507965
13873,3,0.706865562,57.42772290251929,3.1307389551104447e-4,0.5917350057587805,40.63260860279642
14642,3,0.708076757,79.83134959596178,4.3520986622325885e-4,0.8225818772769995,56.48414769765187
14644,3,0.709737566,71.93129385184922,3.921417955849362e-4,0.7411797374224859,50.89451508178653
12865,3,0.706516336,59.4221971110353,3.2394700310432885e-4,0.6122860592850589,42.04378574489842
12960,3,0.706210639,62.91373464989715,3.429815251673057e-4,0.648262846823239,44.514200225363936
13063,3,0.709721559,72.84213544399034,3.971073542216446e-4,0.7505650452064259,51.53897507501036
12076,4,0.70941884,86.24945849538344,4.701989316676053e-4,0.8887140433217227,61.02523854541182
12091,4,0.709413964,86.36322462962208,4.708191409502158e-4,0.8898862890716217,61.10573302736471
12094,7,0.708202074,84.0997506964282,4.5847955014220856e-4,0.8665634635581175,59.504226894756684
12097,4,0.708954888,93.75487287085859,5.111155690892767e-4,0.9660498002388577,66.33564524982087
12100,7,0.70852957,93.3776439715218,5.090590619696199e-4,0.9621628353090392,66.0687394167891
12114,3,0.707592746,61.688168654882496,3.363002099266439e-4,0.6356346201678174,43.6470590455394
12115,6,0.707390149,57.29354756396078,3.1234242308273086e-4,0.5903524636567825,40.53767372221531
12120,3,0.70785013,0,0,0,0
12765,3,0.706216861,62.807370161303055,3.424016668148386e-4,0.6471668675977073,44.43894272923064
12137,3,0.70958194,79.9124932589476,4.356522303182123e-4,0.8234179812257093,56.5415603640795
12138,3,0.707502635,0,0,0,0
12190,3,0.70610263,64.00847141828454,3.4894960969714133e-4,0.6595430096993756,45.288774044153186
12297,6,0.708455748,92.00829428178831,5.015938932320501e-4,0.9480530620917436,65.09986502701486
12129,7,0.708148789,82.02032156683025,4.4714330093818843e-4,0.8451370348963667,58.032940455563725
12166,7,0.708623349,0,0,0,0
12222,3,0.709016112,92.8382521486814,5.061185048545468e-4,0.9566049443242879,65.68709627105221
12223,7,0.708696884,95.97934227869906,5.232425222011023e-4,0.9889707232936175,67.90955398639225
12543,7,0.708788403,96.80954440893005,5.277684654535307e-4,0.9975251224145278,68.49695805735193
12544,3,0.707247748,0,0,0,0
12636,3,0.706674895,59.372013438479456,3.236734209899069e-4,0.611768966942407,42.00827861659606
12140,4,0.707493166,0,0,0,0
12152,3,0.70585488,65.81187198619507,3.587810571658309e-4,0.6781252412680787,46.56475828532453
12156,3,0.705854718,65.81133459476281,3.587781275140772e-4,0.6781197039891097,46.56437805754202
12169,3,0.706405009,60.49599596770892,3.298009421787505e-4,0.623350478010421,42.80354508161131
12171,5,0.70586002,65.82781138470138,3.588679526464499e-4,0.6782894807606131,46.57603610217215
12176,7,0.708152153,82.07561822632933,4.4744475709425976e-4,0.8457068114341316,58.072065244235596
12178,3,0.709069359,92.31091503092897,5.032436653631297e-4,0.9511712649680695,65.31398235281915
12179,6,0.708447382,91.87601379766137,5.008727508225556e-4,0.9466900445615257,65.0062708382562
12187,3,0.706438095,60.02340039712721,3.272245325841296e-4,0.6184808553169627,42.46916318596384
12198,7,0.708583331,0,0,0,0
12199,4,0.709009166,92.81206060759614,5.059757186289651e-4,0.9563350667994341,65.66856461797887
12202,3,0.707864042,0,0,0,0
12204,3,0.708858027,96.19393505329958,5.244123996139112e-4,0.9911818863050706,68.06138769629108
12210,4,0.709425351,86.0940948195746,4.693519485600049e-4,0.887113176685316,60.9153119958088
12213,4,0.709419351,86.23740758646775,4.7013323473922303e-4,0.8885898708089325,61.016712003864804
12214,7,0.708172752,0,0,0,0
12215,7,0.708643035,0,0,0,0
12219,3,0.709555227,81.4227952251848,4.438858167477227e-4,0.8389801260839667,57.61016461241994
12228,3,0.709420067,86.22048128484491,4.7004095904174063e-4,0.8884154622709992,61.00473591019135
12239,3,0.707890679,0,0,0,0
12241,7,0.708165047,83.1913726824529,4.53527421987753e-4,0.8572035404728292,58.86150999010251
12242,3,0.707875789,0,0,0,0
12243,7,0.709180499,92.1751351495888,5.025034455836453e-4,0.9497721896642631,65.217912188519
12244,3,0.707901442,0,0,0,0
12248,3,0.706526144,59.195886099351526,3.2271324236223653e-4,0.6099541516099228,41.88366087322523
12254,3,0.709414131,86.35936492906127,4.7079809934471575e-4,0.8898465187339146,61.10300212155328
12257,7,0.708059274,79.22277716230732,4.3189216298037997e-4,0.8163111495808234,56.0535562645716
11464,1,0.709824819,0,0,0,0
11466,2,0.706700195,0,0,0,0
11468,2,0.709274691,0,0,0,0
11469,1,0.706233372,0,0,0,0
11470,1,0.707631238,0,0,0,0
11471,1,0.707338121,0,0,0,0
11473,1,0.709770819,0,0,0,0
11474,1,0.705011278,0,0,0,0
11475,1,0.707280149,0,0,0,0
11476,1,0.705864683,0,0,0,0
11477,2,0.70918614,0,0,0,0
11480,1,0.707315547,0,0,0,0
11551,1,0.707044544,0,0,0,0
11552,2,0.707473096,0,0,0,0
11554,2,0.707896984,0,0,0,0
11575,2,0.70976088,0,0,0,0
11576,2,0.707056141,0,0,0,0
11577,1,0.709371996,0,0,0,0
11578,2,0.706887661,0,0,0,0
11579,1,0.706238502,0,0,0,0
11581,2,0.707012724,0,0,0,0
11582,1,0.70928612,0,0,0,0
11583,1,0.707875113,0,0,0,0
11584,1,0.706419696,0,0,0,0
11586,2,0.706579301,0,0,0,0
11591,1,0.707065409,0,0,0,0
11593,1,0.709702135,0,0,0,0
11595,1,0.709807162,0,0,0,0
11602,2,0.707343889,0,0,0,0
11603,1,0.708157734,0,0,0,0
11604,1,0.705872681,0,0,0,0
11619,1,0.709522071,0,0,0,0
11620,1,0.706671094,0,0,0,0
11621,2,0.705986715,0,0,0,0
11622,2,0.707112078,0,0,0,0
11623,1,0.707865996,0,0,0,0
11624,1,0.707932867,0,0,0,0
11627,2,0.707812509,0,0,0,0
11628,1,0.706607895,0,0,0,0
11631,2,0.709202039,0,0,0,0
11633,2,0.707089451,0,0,0,0
11634,1,0.707342553,0,0,0,0
11635,2,0.707818342,0,0,0,0
11637,1,0.709858469,0,0,0,0
11644,2,0.709844041,0,0,0,0
11645,1,0.707459203,0,0,0,0
11646,2,0.707439,0,0,0,0
12066,1,0.707773023,0,0,0,0
12068,1,0.709781965,0,0,0,0
12070,1,0.707062826,0,0,0,0
12071,1,0.709423122,0,0,0,0
12072,2,0.706801064,0,0,0,0
12074,1,0.706414265,0,0,0,0
12141,2,0.708477604,0,0,0,0
12143,1,0.706626974,0,0,0,0
12147,1,0.707826041,0,0,0,0
12267,1,0.709256258,0,0,0,0
12268,1,0.706482004,0,0,0,0
12269,1,0.707208262,0,0,0,0
11650,2,0.709151921,0,0,0,0
11651,2,0.707593731,0,0,0,0
11652,1,0.709215046,0,0,0,0
11653,1,0.707981858,0,0,0,0
11654,1,0.709043037,0,0,0,0
11655,1,0.707165282,0,0,0,0
11656,2,0.706756975,0,0,0,0
11657,2,0.709012699,0,0,0,0
11658,1,0.7088314,0,0,0,0
11659,1,0.709786234,0,0,0,0
11660,1,0.709806042,0,0,0,0
11661,2,0.706800851,0,0,0,0
11662,2,0.70769994,0,0,0,0
11663,2,0.709829137,0,0,0,0
11664,1,0.70673407,0,0,0,0
11666,1,0.708138533,0,0,0,0
11669,1,0.706562512,0,0,0,0
11670,1,0.707531941,0,0,0,0
11674,1,0.707139171,0,0,0,0
11678,1,0.707088688,0,0,0,0
11679,1,0.706558752,0,0,0,0
11686,1,0.707129063,0,0,0,0
11687,1,0.707275403,0,0,0,0
11688,1,0.707513447,0,0,0,0
11689,1,0.706661807,0,0,0,0
11699,1,0.709028164,0,0,0,0
11702,1,0.706664466,0,0,0,0
11703,2,0.706071183,0,0,0,0
11705,1,0.705455618,0,0,0,0
11706,1,0.707956598,0,0,0,0
11707,1,0.709330666,0,0,0,0
11708,1,0.709284854,0,0,0,0
11709,1,0.708054564,0,0,0,0
11710,2,0.706944159,0,0,0,0
11712,1,0.706458997,0,0,0,0
11713,1,0.709369789,0,0,0,0
11714,1,0.706464629,0,0,0,0
11715,1,0.706573419,0,0,0,0
11722,1,0.709239035,0,0,0,0
11723,1,0.709340697,0,0,0,0
11774,2,0.708065752,0,0,0,0
11775,1,0.707052194,0,0,0,0
11776,2,0.707928659,0,0,0,0
11777,1,0.705904799,0,0,0,0
11778,1,0.709790619,0,0,0,0
11780,2,0.707551216,0,0,0,0
11781,1,0.707060736,0,0,0,0
11783,1,0.709310862,0,0,0,0
11784,2,0.708992877,0,0,0,0
11787,1,0.7061723,0,0,0,0
11789,1,0.705609029,0,0,0,0
11790,2,0.709291356,0,0,0,0
11795,1,0.706609238,0,0,0,0
11797,1,0.709019074,0,0,0,0
11799,1,0.707112135,0,0,0,0
11809,1,0.707807591,0,0,0,0
11810,2,0.708149704,0,0,0,0
11811,2,0.707530759,0,0,0,0
11840,1,0.708659744,0,0,0,0
11932,2,0.707856793,0,0,0,0
11934,1,0.709747296,0,0,0,0
12079,2,0.70754746,0,0,0,0
12080,1,0.706696425,0,0,0,0
12081,2,0.709100316,0,0,0,0
12133,1,0.707553492,0,0,0,0
12134,2,0.708153624,0,0,0,0
12135,1,0.708084035,0,0,0,0
12311,2,0.70792394,0,0,0,0
12495,1,0.706827845,0,0,0,0
12496,2,0.709635358,0,0,0,0
12498,1,0.706379527,0,0,0,0
12499,1,0.707583973,0,0,0,0
12500,1,0.705781432,0,0,0,0
11812,1,0.707864918,0,0,0,0
11813,1,0.705631762,0,0,0,0
11814,1,0.707986677,0,0,0,0
11818,1,0.70753388,0,0,0,0
11819,1,0.706404631,0,0,0,0
11820,1,0.706588947,0,0,0,0
11822,2,0.70659316,0,0,0,0
11825,1,0.706590322,0,0,0,0
11826,1,0.706911084,0,0,0,0
11827,1,0.709443513,0,0,0,0
11828,1,0.709227762,0,0,0,0
11830,1,0.707532276,0,0,0,0
11831,1,0.708085574,0,0,0,0
11832,1,0.707073819,0,0,0,0
11835,1,0.708046112,0,0,0,0
11836,2,0.706598631,0,0,0,0
11837,1,0.709814577,0,0,0,0
11838,1,0.709770554,0,0,0,0
11842,1,0.709442356,0,0,0,0
11843,1,0.707543305,0,0,0,0
11845,1,0.70658128,0,0,0,0
11849,2,0.709420427,0,0,0,0
11850,1,0.709184234,0,0,0,0
12037,1,0.706649367,0,0,0,0
12040,2,0.707492158,0,0,0,0
12042,2,0.706891308,0,0,0,0
12044,1,0.708052712,0,0,0,0
12047,2,0.70778631,0,0,0,0
12048,2,0.707866843,0,0,0,0
12052,2,0.707776188,0,0,0,0
12053,1,0.707103878,0,0,0,0
12054,1,0.70644381,0,0,0,0
12055,2,0.707027228,0,0,0,0
12056,1,0.709753466,0,0,0,0
12057,1,0.707773703,0,0,0,0
12060,1,0.707544986,0,0,0,0
12866,1,0.707170112,0,0,0,0
12867,2,0.709467695,0,0,0,0
12907,1,0.707180522,0,0,0,0
12157,2,0.705590548,0,0,0,0
12158,1,0.706623354,0,0,0,0
12165,1,0.707834932,0,0,0,0
12570,2,0.707604862,0,0,0,0
12660,1,0.707444958,0,0,0,0
12662,2,0.70717309,0,0,0,0
12847,1,0.70768634,0,0,0,0
12842,2,0.709712244,0,0,0,0
12061,2,0.709826338,0,0,0,0
12062,2,0.706747449,0,0,0,0
12063,2,0.708036776,0,0,0,0
12065,1,0.706565349,0,0,0,0
12078,1,0.707055341,0,0,0,0
12088,1,0.709748444,0,0,0,0
12144,1,0.707320323,0,0,0,0
12145,1,0.705577511,0,0,0,0
12146,1,0.707897196,0,0,0,0
12302,1,0.707480857,0,0,0,0
12501,1,0.706528438,0,0,0,0
12502,1,0.707260322,0,0,0,0
12986,1,0.707843578,0,0,0,0
12677,2,0.706265778,0,0,0,0
12678,1,0.709220381,0,0,0,0
12287,2,0.705889844,0,0,0,0
12288,1,0.707058256,0,0,0,0
12650,1,0.706642923,0,0,0,0
12793,1,0.707115943,0,0,0,0
12794,1,0.707681022,0,0,0,0
12984,1,0.709538075,0,0,0,0
12985,1,0.709638785,0,0,0,0
13091,2,0.707693028,0,0,0,0
13149,1,0.707566312,0,0,0,0
13204,1,0.709590044,0,0,0,0
13205,1,0.709656985,0,0,0,0
13206,2,0.70784294,0,0,0,0
13207,2,0.707153249,0,0,0,0
13215,1,0.70901268,0,0,0,0
13216,1,0.707455485,0,0,0,0
13475,2,0.708032351,0,0,0,0
13476,1,0.70780046,0,0,0,0
13738,2,0.706732825,0,0,0,0
13739,1,0.707305581,0,0,0,0
13740,2,0.707944279,0,0,0,0
13861,1,0.707916357,0,0,0,0
13862,1,0.707915947,0,0,0,0
13902,1,0.707669036,0,0,0,0
14080,2,0.707417568,0,0,0,0
14081,2,0.707911471,0,0,0,0
13497,2,0.709491817,0,0,0,0
13499,1,0.709487301,0,0,0,0
13504,1,0.709826021,0,0,0,0
13505,1,0.70781159,0,0,0,0
13703,1,0.709324135,0,0,0,0
13704,2,0.707931088,0,0,0,0
13705,1,0.709488305,0,0,0,0
13706,2,0.706753149,0,0,0,0
13725,2,0.70962861,0,0,0,0
13726,1,0.706140798,0,0,0,0
13727,1,0.709413212,0,0,0,0
13870,2,0.707956705,0,0,0,0
13871,2,0.709579347,0,0,0,0
13874,1,0.709748586,0,0,0,0
13875,1,0.70733397,0,0,0,0
13876,2,0.709701755,0,0,0,0
13877,1,0.708014506,0,0,0,0
14636,1,0.709497098,0,0,0,0
14637,2,0.708049117,0,0,0,0
14641,1,0.709709513,0,0,0,0
14643,1,0.709490095,0,0,0,0
14645,2,0.708922892,0,0,0,0
14646,1,0.709714659,0,0,0,0
12464,2,0.706558857,0,0,0,0
12465,1,0.709729951,0,0,0,0
12517,1,0.709564633,0,0,0,0
12518,1,0.709420817,0,0,0,0
12519,1,0.706710312,0,0,0,0
12908,1,0.70760607,0,0,0,0
12909,2,0.709704329,0,0,0,0
12958,1,0.709140416,0,0,0,0
12959,2,0.707564012,0,0,0,0
13064,1,0.70960817,0,0,0,0
13065,2,0.709395618,0,0,0,0
12075,2,0.706808053,0,0,0,0
12077,2,0.707088316,0,0,0,0
12090,1,0.708474114,0,0,0,0
12092,1,0.709812993,0,0,0,0
12093,2,0.707071933,0,0,0,0
12095,1,0.707882531,0,0,0,0
12096,1,0.70637322,0,0,0,0
12098,2,0.707761034,0,0,0,0
12099,1,0.706781883,0,0,0,0
12101,1,0.707390562,0,0,0,0
12102,1,0.70763193,0,0,0,0
12103,2,0.709728578,0,0,0,0
12104,1,0.70805122,0,0,0,0
12111,2,0.708047156,0,0,0,0
12112,1,0.709571306,0,0,0,0
12113,2,0.708825188,0,0,0,0
12116,1,0.707767081,0,0,0,0
12117,1,0.707541665,0,0,0,0
12118,1,0.707920626,0,0,0,0
12119,2,0.707033821,0,0,0,0
12766,2,0.70660412,0,0,0,0
12767,2,0.706780592,0,0,0,0
12136,2,0.707534769,0,0,0,0
12191,2,0.70972933,0,0,0,0
12121,1,0.707085805,0,0,0,0
12122,1,0.707754255,0,0,0,0
12123,1,0.70713934,0,0,0,0
12124,1,0.706416136,0,0,0,0
12125,1,0.709658027,0,0,0,0
12126,1,0.70946262,0,0,0,0
12127,1,0.706382808,0,0,0,0
12128,1,0.70663154,0,0,0,0
12130,1,0.706376809,0,0,0,0
12131,1,0.70961822,0,0,0,0
12132,2,0.707402831,0,0,0,0
12167,2,0.70799524,0,0,0,0
12168,1,0.707757095,0,0,0,0
12220,2,0.707185293,0,0,0,0
12221,2,0.706256082,0,0,0,0
12224,1,0.705603679,0,0,0,0
12225,1,0.707292333,0,0,0,0
12540,1,0.709691533,0,0,0,0
12541,1,0.706799924,0,0,0,0
12542,1,0.707410763,0,0,0,0
12545,1,0.706134683,0,0,0,0
12637,1,0.707608571,0,0,0,0
12638,1,0.707314474,0,0,0,0
12139,2,0.707700186,0,0,0,0
12150,2,0.707907585,0,0,0,0
12151,2,0.706635269,0,0,0,0
12153,2,0.709709315,0,0,0,0
12154,2,0.706411345,0,0,0,0
12155,1,0.70970446,0,0,0,0
12170,2,0.707916726,0,0,0,0
12172,2,0.706408527,0,0,0,0
12173,1,0.706691077,0,0,0,0
12174,2,0.706566111,0,0,0,0
12175,1,0.707126697,0,0,0,0
12177,1,0.708050788,0,0,0,0
12180,1,0.70777378,0,0,0,0
12181,1,0.70843849,0,0,0,0
12182,2,0.708042678,0,0,0,0
12183,1,0.709738999,0,0,0,0
12184,1,0.707543249,0,0,0,0
12185,2,0.709719185,0,0,0,0
12186,2,0.709816321,0,0,0,0
12188,1,0.706433063,0,0,0,0
12200,1,0.707882371,0,0,0,0
12201,1,0.706396494,0,0,0,0
12203,2,0.708014864,0,0,0,0
12205,1,0.708923738,0,0,0,0
12206,1,0.709739306,0,0,0,0
12207,1,0.707075573,0,0,0,0
12208,1,0.707271679,0,0,0,0
12209,2,0.707751183,0,0,0,0
12211,1,0.707359493,0,0,0,0
12212,1,0.707605146,0,0,0,0
12216,1,0.7094396,0,0,0,0
12217,1,0.707528295,0,0,0,0
12218,2,0.707714973,0,0,0,0
12226,1,0.709723786,0,0,0,0
12227,1,0.706474904,0,0,0,0
12229,2,0.709835423,0,0,0,0
12230,1,0.707686366,0,0,0,0
12231,1,0.705880486,0,0,0,0
12232,2,0.70765508,0,0,0,0
12233,1,0.707662394,0,0,0,0
12237,1,0.707763823,0,0,0,0
12238,1,0.707754373,0,0,0,0
12240,2,0.708025523,0,0,0,0
12245,1,0.707566276,0,0,0,0
12246,1,0.708045023,0,0,0,0
12247,1,0.708027177,0,0,0,0
12249,1,0.709789006,0,0,0,0
12253,2,0.707134962,0,0,0,0
12255,1,0.706529456,0,0,0,0
12256,1,0.708519331,0,0,0,0
12258,1,0.708025314,0,0,0,0
12259,2,0.706942274,0,0,0,0
12262,7,0.70822601,0,0,0,0
12747,7,0.70890601,95.86889391197656,5.22640400113111e-4,0.9878326638057021,67.83140696908023
12748,5,0.708804421,96.36244862965721,5.253310709303125e-4,0.9929182494592511,68.18061837176154
12751,7,0.709532899,82.15320873240857,4.478677507420166e-4,0.8465063036696077,58.126963897803364
12787,3,0.707224973,0,0,0,0
12837,4,0.707763311,67.0304639678133,3.6542435276317397e-4,0.6906816077199486,47.426965047721296
12276,7,0.709180481,92.17526816991304,5.02504170759379e-4,0.9497735603051025,65.21800630617678
12277,3,0.707128488,55.10554101604999,3.00414251483086e-4,0.5678072537513512,38.9895640429838
12286,7,0.708178968,83.42843027839616,4.548197689810061e-4,0.8596461809051995,59.02923853696886
12290,3,0.709525268,82.39332238428726,4.491767581788367e-4,0.8489804336889779,58.2968547369985
12291,3,0.709405143,86.56337816197149,4.719103011583141e-4,0.8919486701940363,61.247350346132954
12292,3,0.709400216,86.67198571190089,4.7250238781994307e-4,0.8930677619137622,61.32419490559913
12293,6,0.707339869,56.90018435191914,3.1019795788508306e-4,0.5862992508393796,40.25935216207339
12294,5,0.709036024,92.8872115400707,5.063854126581195e-4,0.9571094216791513,65.7217371672467
12300,3,0.706297934,62.23925142809671,3.393045016143373e-4,0.6413129746541166,44.03697404651838
12479,3,0.706279429,62.59343026307031,3.4123534863331054e-4,0.6449624318214937,44.28757095772284
12576,3,0.707662813,64.11465824521837,3.49528499506451e-4,0.6606371582999365,45.36390583694425
12578,3,0.709718642,72.95315300741217,3.977125793514937e-4,0.751708969694643,51.61752482371296
12303,7,0.708086483,0,0,0,0
12308,4,0.707054271,55.51642049067757,3.0265420861886764e-4,0.5720409540618723,39.280279119808355
12315,7,0.708284951,0,0,0,0
12318,3,0.706278731,62.606353299382675,3.413058000654004e-4,0.645095590731167,44.296714567288056
12462,5,0.708928348,94.50061230076348,5.151810541295388e-4,0.9737338960648122,66.86328829125632
12468,4,0.706135205,63.97150070313772,3.487480595533111e-4,0.6591620636121096,45.26261565718603
12470,7,0.709199913,0,0,0,0
12503,3,0.70944795,85.5245610043477,4.6624706887565776e-4,0.8812447027427714,60.51234208109612
12506,3,0.70628575,62.474948179230005,3.405894298041918e-4,0.6437415929475135,44.20373973656683
12510,3,0.706185618,63.312513383805104,3.451555137108432e-4,0.6523718611542799,44.7963535024755
12511,3,0.707280014,0,0,0,0
12516,4,0.70612002,63.83757313383805,3.4801793786786404e-4,0.6577820745234717,45.167856084118604
12520,3,0.707346003,0,0,0,0
12525,4,0.706607992,58.96231538736024,3.2143990452147754e-4,0.6075474400145519,41.71839944822448
12528,3,0.707660993,64.0755221614129,3.493151446041015e-4,0.6602339002634772,45.33621535758792
12535,3,0.706751447,58.42897733603855,3.185323502443389e-4,0.602051927065067,41.34103960881177
12648,3,0.706423647,60.06326680765758,3.274418689473695e-4,0.618891638636803,42.4973704032033
12649,4,0.706408874,60.40452724838856,3.2930228984103476e-4,0.6224079847263732,42.738826989308535
13151,3,0.709369326,87.31729181779716,4.760203489397482e-4,0.8997169932081472,61.78077700749416
13240,4,0.706632533,59.45139765027637,3.2410619323253127e-4,0.6125869415137571,42.0644463948773
12663,3,0.706602209,59.06908130031216,3.2202195128541397e-4,0.6086475555149119,41.793940969528734
12669,3,0.705821702,65.65734461273712,3.5793863325754376e-4,0.67653299188744,46.455423455963576
12674,3,0.707876985,70.23197625685198,3.82877768521225e-4,0.7236699763517126,49.69217406529571
12675,3,0.707661449,64.08534690865405,3.493687053537836e-4,0.6603351344161039,45.34316679304616
12684,3,0.706240005,62.99903229167677,3.434465351596953e-4,0.6491417533512821,44.57455201223621
12686,4,0.706627417,59.5344412882988,3.245589152618763e-4,0.6134426227969388,42.12320337617788
12689,3,0.706403111,60.54063092649138,3.3004427483614526e-4,0.6238103964306065,42.83512625388395
12690,7,0.709524437,82.41917334636932,4.493176876984605e-4,0.8492468018892714,58.315145415632394
12693,3,0.70784334,69.3395157142232,3.780124163089325e-4,0.7144740668216003,49.06071946307111
13006,3,0.707683079,64.84815037630501,3.535272169759873e-4,0.6681950580124034,45.88288338244549
12843,5,0.709803458,68.40596286927929,3.7292304464207876e-4,0.704854742388056,48.400190271916834
12844,3,0.707837941,69.24643994619056,3.775050029586744e-4,0.7135150145146459,48.99486431399452
12853,4,0.709684692,73.90401097257421,4.028962918893615e-4,0.7615066060112705,52.290298139152675
13942,4,0.709853012,65.762376973605285,3.5851122936112834e-4,0.6776152448747067,46.529738413863406
13233,3,0.706092267,64.39993108112084,3.510836974754019e-4,0.6635766083540876,45.56574876054251
13234,3,0.708646095,95.436447769736,5.20282869786168e-4,0.9833767406463694,67.52543253806759
12705,7,0.709210788,90.73737020339536,4.946653031363455e-4,0.9349574659434619,64.20063103285374
12709,3,0.707034843,55.41566000987507,3.021049011651845e-4,0.5710027185081288,39.208986702624635
12711,7,0.708865395,96.23862567049224,5.24656035699588e-4,0.9916423782292717,68.09300824930673
12719,7,0.709223263,90.33189646250747,4.924548159853455e-4,0.9307794662897649,63.91374074747405
12791,3,0.709426692,86.06160822185828,4.691748441026993e-4,0.8867784349244529,60.89232631671293
13275,7,0.70953424,82.11050764070828,4.4763496078543274e-4,0.8460663118073833,58.096751020498175
13276,3,0.709256522,89.98955349299482,4.905884935604067e-4,0.9272519658283603,63.67151822523094
13301,7,0.709433092,85.90427821464505,4.6831714131126813e-4,0.8851573072178507,60.781008502224246
13468,4,0.706774692,57.59541747386942,3.1398810192660715e-4,0.5934629298889436,40.751259796646636
13501,4,0.70680054,57.64965961131269,3.14283809233321e-4,0.5940218406360552,40.7896384651558
13502,3,0.707790485,67.49882700761,3.679776882250631e-4,0.6955076184346993,47.75835224397804
12796,3,0.707235148,0,0,0,0
12799,3,0.706320627,61.48876082165949,3.3521311498386656e-4,0.6335799227259414,43.50596934129611
13085,3,0.706162661,63.636885195964496,3.4692386428603663e-4,0.6557141868888722,45.02586065022755
13213,4,0.709666842,74.55276839849198,4.064330682807667e-4,0.7681913996920706,52.74932219988759
13771,4,0.70812392,81.59062596477972,4.448007655002733e-4,0.8407094532911288,57.728912151218466
12727,3,0.706198689,63.11001126079084,3.4405154988819705e-4,0.6502852801639208,44.65307445378954
12753,3,0.70964556,75.30559657807287,4.1053719846249014e-4,0.7759485379637002,53.281980839652746
12754,7,0.70936497,0,0,0,0
12757,3,0.707013263,56.527306465429476,3.081651708168686e-4,0.5824571187269185,39.99552485963811
12761,3,0.709684164,73.92313753619364,4.0300056257044415e-4,0.7617036860391988,52.30383101376766
12770,5,0.708787241,96.7986889166034,5.277092854774038e-4,0.9974132674690457,68.48927732497033
12848,5,0.709836856,67.02077498171691,3.653715321311266e-4,0.6905817724495639,47.4201096691704
12851,3,0.709644458,75.34363672886249,4.10744578758828e-4,0.7763405035111549,53.30889589879325
13044,5,0.709821799,67.64982420053167,3.6880086694450253e-4,0.6970634928505234,47.86518931725921
13086,3,0.706363321,60.865398307176655,3.318147818990606e-4,0.6271567981015603,43.06491328355148
13087,3,0.707760764,66.98411810886057,3.651716929349623e-4,0.6902040601918872,47.394173339257016
12774,3,0.706200173,63.086212804612096,3.4392180984268495e-4,0.6500400609754832,44.63623601224271
13124,3,0.707770925,67.16644530476438,3.661656708012988e-4,0.6920827588214891,47.523177750617364
13321,3,0.70779307,67.8444710742922,3.6986200696429225e-4,0.6990691333869091,48.00291043586763
13829,3,0.710046463,54.875479728504246,2.991600456769374e-4,0.5654367032501266,38.826785688227
12780,7,0.709512375,0,0,0,0
12782,7,0.70950311,83.36961430121382,4.5449912685619084e-4,0.8590401413334097,58.98762367815758
12784,7,0.709510167,83.15669543065508,4.5333837492551117e-4,0.8568462262218861,58.83697432808239
12800,3,0.707871724,70.4398790414121,3.840111746769995e-4,0.7258122057350328,49.83927431662906
12804,7,0.709378301,0,0,0,0
12812,3,0.706416329,60.232226709938956,3.283629734613372e-4,0.6206326007313506,42.61691687365311
12813,3,0.709456179,85.30564245507017,4.650536090002195e-4,0.8789889669679553,60.35744769770249
12814,3,0.707671674,64.606744133318,3.522111628287435e-4,0.6657076091399032,45.7120779788913
12818,6,0.709264359,89.89257071752111,4.900597807057012e-4,0.9262526557338117,63.60289869867014
12828,3,0.705595171,62.89407847578811,3.428743672531811e-4,0.6480603096911408,44.50029262832136
12864,7,0.709380204,0,0,0,0
12876,5,0.70984739,65.99147299920627,3.597601729297728e-4,0.6799758493210719,46.691833803863496
12895,3,0.706214274,62.85193956786103,3.4264464210667466e-4,0.6476261105680583,44.470477520456875
12898,3,0.70688848,57.90106910002372,3.1565439723543986e-4,0.5966123629087693,40.9675215995988
12902,7,0.70899725,93.36755475548574,5.090040594376125e-4,0.9620588760711057,66.06160085816997
12915,6,0.709249009,90.07670269603572,4.910635975538736e-4,0.9281499508355462,63.73318007212704
12917,5,0.709844221,66.11989014537906,3.6046025390409545e-4,0.6812990590338976,46.78269451319693
12924,5,0.709859051,65.51449617038574,3.571598783974469e-4,0.6750610821618722,46.354351977691046
12925,7,0.709563745,80.83680838912822,4.406912415110581e-4,0.8329421202867126,57.19555347075419
12935,7,0.70938717,0,0,0,0
12938,3,0.706211191,62.90441317738203,3.429307080781942e-4,0.6481667984111893,44.50760487863651
12939,7,0.70905727,92.31077643030501,5.032429097657445e-4,0.951169836827846,65.31388428685692
12942,7,0.709383614,0,0,0,0
12944,7,0.709036756,92.8882714088829,5.063911906559401e-4,0.9571203425627594,65.72248707047184
13055,4,0.709680442,74.05739455630314,4.037324802952116e-4,0.7630870697875412,52.39882368759433
13157,3,0.709707347,73.3776646688866,4.0002685393579615e-4,0.7560831359988448,51.91788526491124
13863,3,0.709174673,92.21650860093882,5.027289977547958e-4,0.9501985015261216,65.24718570260393
12955,3,0.706522181,59.28774360515977,3.2321401421460703e-4,0.6109006509482423,41.94865404885699
12963,7,0.709002412,0,0,0,0
12965,4,0.709683616,73.9429673583482,4.0310866714703966e-4,0.7619080124399991,52.31786147434569
12966,4,0.709685427,73.87735253832629,4.027509603415237e-4,0.7612319176213096,52.271436138884994
12973,4,0.709681015,74.0367910151342,4.0362015769962423e-4,0.7628747709893988,52.38424578720343
12974,3,0.707738354,66.55797518938896,3.628485253583914e-4,0.6858130854124128,47.09265871216419
12975,3,0.707747792,66.74144711331505,3.6384874384237957e-4,0.6877035793145526,47.222473068327076
12976,3,0.706217275,62.80019221786071,3.423625354232097e-4,0.6470929060998536,44.433864022436694
12983,3,0.707270097,0,0,0,0
12987,3,0.706385023,60.36341084672943,3.2907813900610313e-4,0.621984321503406,42.7097353490461
12991,3,0.706887449,57.6054569035765,3.140428330426648e-4,0.5935663761287608,40.758363129275295
12998,3,0.706359957,60.94080760774225,3.322258844518452e-4,0.6279338152049582,43.11826863946718
12999,5,0.709891399,63.875096136510805,3.4822249887123125e-4,0.6581687113789908,45.194405238501616
13007,3,0.706524322,59.238187146550985,3.229438514298015e-4,0.6103900214153591,41.91359070166822
13008,4,0.707766426,67.08656132346405,3.657301740072316e-4,0.6912596346273604,47.46665636370256
12260,1,0.706989758,0,0,0,0
12261,1,0.70727771,0,0,0,0
12263,1,0.709698319,0,0,0,0
12264,1,0.709485227,0,0,0,0
12265,1,0.706319744,0,0,0,0
12266,2,0.70789506,0,0,0,0
12270,2,0.706922944,0,0,0,0
12271,1,0.70786657100000006,0,0,0,0
12272,1,0.70693036,0,0,0,0
12740,1,0.706670239,0,0,0,0
13143,1,0.706913505,0,0,0,0
13144,1,0.707635541,0,0,0,0
12491,1,0.709176033,0,0,0,0
12492,2,0.706997841,0,0,0,0
12493,2,0.709620687,0,0,0,0
12746,1,0.707593695,0,0,0,0
12749,1,0.706817178,0,0,0,0
12750,1,0.706733276,0,0,0,0
12785,2,0.707625462,0,0,0,0
12786,2,0.709440364,0,0,0,0
12836,2,0.70762582,0,0,0,0
12838,1,0.709135359,0,0,0,0
12839,1,0.707489045,0,0,0,0
12840,2,0.706649212,0,0,0,0
12841,1,0.707639531,0,0,0,0
12273,2,0.706595682,0,0,0,0
12274,1,0.707575624,0,0,0,0
12275,2,0.7064978,0,0,0,0
12278,1,0.707184928,0,0,0,0
12282,1,0.707854952,0,0,0,0
12283,1,0.709563271,0,0,0,0
12284,1,0.706791861,0,0,0,0
12285,1,0.709741657,0,0,0,0
12298,1,0.70763581,0,0,0,0
12299,2,0.706673636,0,0,0,0
12477,1,0.709753641,0,0,0,0
12478,1,0.709614601,0,0,0,0
12577,1,0.709573309,0,0,0,0
12579,1,0.707163297,0,0,0,0
12580,2,0.709535777,0,0,0,0
12581,1,0.707685553,0,0,0,0
12738,2,0.709729571,0,0,0,0
12739,1,0.708484726,0,0,0,0
13145,1,0.70770357800000006,0,0,0,0
12819,1,0.70727331,0,0,0,0
12820,1,0.709641345,0,0,0,0
12821,1,0.70949925,0,0,0,0
13290,2,0.705294815,0,0,0,0
13291,1,0.709556903,0,0,0,0
12304,1,0.705981678,0,0,0,0
12305,2,0.706443957,0,0,0,0
12306,2,0.707892085,0,0,0,0
12307,1,0.707883716,0,0,0,0
12309,1,0.709243658,0,0,0,0
12313,2,0.707219623,0,0,0,0
12314,1,0.707512958,0,0,0,0
12316,2,0.706907729,0,0,0,0
12317,1,0.706521481,0,0,0,0
12319,1,0.706611527,0,0,0,0
12320,1,0.706423004,0,0,0,0
12461,1,0.707627686,0,0,0,0
12466,2,0.706522903,0,0,0,0
12467,1,0.706669493,0,0,0,0
12469,1,0.707953721,0,0,0,0
12471,1,0.70722244,0,0,0,0
12472,1,0.709686684,0,0,0,0
12473,1,0.706602736,0,0,0,0
12474,1,0.706937508,0,0,0,0
12475,1,0.709443707,0,0,0,0
12476,1,0.709179419,0,0,0,0
12480,2,0.706190958,0,0,0,0
12489,2,0.709484149,0,0,0,0
12490,2,0.709159104,0,0,0,0
12504,1,0.707250434,0,0,0,0
12505,1,0.706450569,0,0,0,0
12507,1,0.709405379,0,0,0,0
12508,1,0.707181362,0,0,0,0
12509,2,0.706138895,0,0,0,0
12515,2,0.709725929,0,0,0,0
12521,2,0.709748281,0,0,0,0
12522,1,0.707240593,0,0,0,0
12523,2,0.709134014,0,0,0,0
12524,1,0.708213995,0,0,0,0
12526,1,0.70717497,0,0,0,0
12527,1,0.707067756,0,0,0,0
12529,2,0.706091027,0,0,0,0
12530,1,0.707626812,0,0,0,0
12531,1,0.706224707,0,0,0,0
12532,1,0.709673113,0,0,0,0
12533,1,0.707139717,0,0,0,0
12534,2,0.706810961,0,0,0,0
12536,2,0.709464989,0,0,0,0
13150,1,0.709680915,0,0,0,0
13239,1,0.705825154,0,0,0,0
13241,1,0.707801341,0,0,0,0
12651,1,0.70688481,0,0,0,0
12652,1,0.709461952,0,0,0,0
12653,2,0.707765922,0,0,0,0
12654,1,0.705669433,0,0,0,0
12655,1,0.707243393,0,0,0,0
12656,2,0.707569603,0,0,0,0
12657,1,0.705516625,0,0,0,0
12658,2,0.707406347,0,0,0,0
12659,1,0.707442916,0,0,0,0
12664,1,0.707332767,0,0,0,0
12668,2,0.709109042,0,0,0,0
12670,2,0.708389613,0,0,0,0
12671,1,0.709628689,0,0,0,0
12672,1,0.707330758,0,0,0,0
12673,1,0.707229071,0,0,0,0
12676,1,0.709736434,0,0,0,0
12680,1,0.709175173,0,0,0,0
12681,1,0.706601856,0,0,0,0
12682,1,0.706811311,0,0,0,0
12683,1,0.709461149,0,0,0,0
12685,1,0.705897283,0,0,0,0
12687,1,0.707600759,0,0,0,0
12688,1,0.707554684,0,0,0,0
12691,2,0.706028189,0,0,0,0
12692,2,0.70735734,0,0,0,0
12694,2,0.705703377,0,0,0,0
12695,2,0.709644321,0,0,0,0
12696,1,0.707350005,0,0,0,0
12697,2,0.706629724,0,0,0,0
12698,2,0.705851554,0,0,0,0
12699,1,0.707545495,0,0,0,0
12700,1,0.707351221,0,0,0,0
13004,1,0.709495454,0,0,0,0
13005,1,0.707667918,0,0,0,0
12773,1,0.709451212,0,0,0,0
12845,1,0.706649028,0,0,0,0
12852,2,0.707597606,0,0,0,0
13773,1,0.708143687,0,0,0,0
13943,2,0.709728863,0,0,0,0
13181,1,0.706181738,0,0,0,0
13182,1,0.709522965,0,0,0,0
13183,1,0.705811217,0,0,0,0
13232,1,0.709439291,0,0,0,0
12701,2,0.706036148,0,0,0,0
12702,1,0.709559144,0,0,0,0
12703,2,0.707612002,0,0,0,0
12704,2,0.707760777,0,0,0,0
12706,1,0.709630804,0,0,0,0
12707,1,0.705694161,0,0,0,0
12708,2,0.709729767,0,0,0,0
12710,1,0.706331235,0,0,0,0
12712,1,0.709586918,0,0,0,0
12713,1,0.707169811,0,0,0,0
12714,1,0.709710106,0,0,0,0
12715,1,0.709505153,0,0,0,0
12716,1,0.705424431,0,0,0,0
12717,1,0.707194843,0,0,0,0
12718,2,0.709137729,0,0,0,0
12720,1,0.707342881,0,0,0,0
12721,1,0.709428619,0,0,0,0
12722,1,0.705369029,0,0,0,0
12723,2,0.709399082,0,0,0,0
12724,2,0.70668496,0,0,0,0
12744,2,0.709678024,0,0,0,0
12745,1,0.707659744,0,0,0,0
12752,2,0.706613412,0,0,0,0
13059,1,0.7094403,0,0,0,0
13060,1,0.709587556,0,0,0,0
13061,1,0.709302184,0,0,0,0
14023,1,0.708163971,0,0,0,0
14024,1,0.707964843,0,0,0,0
14025,1,0.709564038,0,0,0,0
13469,2,0.707603975,0,0,0,0
13473,1,0.707757405,0,0,0,0
13503,2,0.709431761,0,0,0,0
13675,2,0.70922479,0,0,0,0
13676,1,0.707810937,0,0,0,0
13677,1,0.707601736,0,0,0,0
12795,2,0.707484226,0,0,0,0
12797,2,0.706568951,0,0,0,0
12798,1,0.706273606,0,0,0,0
13092,1,0.707857372,0,0,0,0
13093,1,0.709688602,0,0,0,0
13211,1,0.709693346,0,0,0,0
13212,1,0.709392701,0,0,0,0
13683,1,0.707791761,0,0,0,0
13772,1,0.707887869,0,0,0,0
13367,2,0.709582426,0,0,0,0
13368,1,0.709689196,0,0,0,0
13369,1,0.707746432,0,0,0,0
12725,2,0.705833524,0,0,0,0
12726,1,0.706965902,0,0,0,0
12731,1,0.7061206,0,0,0,0
12732,1,0.709676904,0,0,0,0
12733,2,0.708540716,0,0,0,0
12734,1,0.707614024,0,0,0,0
12735,1,0.707555529,0,0,0,0
12736,1,0.708766431,0,0,0,0
12737,1,0.709434246,0,0,0,0
12741,1,0.709521693,0,0,0,0
12742,2,0.709733032,0,0,0,0
12743,1,0.709713405,0,0,0,0
12755,1,0.709348306,0,0,0,0
12756,2,0.709500365,0,0,0,0
12758,2,0.707203314,0,0,0,0
12759,1,0.709710341,0,0,0,0
12760,2,0.706684845,0,0,0,0
12762,1,0.707472034,0,0,0,0
12763,1,0.706985127,0,0,0,0
12764,1,0.706569024,0,0,0,0
12768,1,0.70659248,0,0,0,0
12769,1,0.707454724,0,0,0,0
12771,1,0.709640165,0,0,0,0
12772,1,0.70668415,0,0,0,0
12849,2,0.708762233,0,0,0,0
12850,1,0.709264019,0,0,0,0
13045,1,0.709497583,0,0,0,0
13046,2,0.706612261,0,0,0,0
13088,1,0.70959452,0,0,0,0
13140,2,0.708224142,0,0,0,0
13141,2,0.709720514,0,0,0,0
13142,1,0.707341491,0,0,0,0
12775,1,0.707643888,0,0,0,0
12878,1,0.707706795,0,0,0,0
12879,2,0.707831605,0,0,0,0
12880,2,0.704790978,0,0,0,0
12881,1,0.70693389,0,0,0,0
12882,1,0.704797874,0,0,0,0
12883,1,0.709685747,0,0,0,0
13327,1,0.707708238,0,0,0,0
13328,1,0.709559802,0,0,0,0
13441,1,0.709576369,0,0,0,0
13125,1,0.709277815,0,0,0,0
13126,1,0.706614128,0,0,0,0
13319,1,0.707802555,0,0,0,0
13320,1,0.705890083,0,0,0,0
13596,1,0.709547341,0,0,0,0
13828,1,0.708815418,0,0,0,0
12776,1,0.709628151,0,0,0,0
12777,2,0.707466652,0,0,0,0
12778,1,0.707550433,0,0,0,0
12779,1,0.709207967,0,0,0,0
12781,1,0.707632191,0,0,0,0
12783,1,0.707385194,0,0,0,0
12788,2,0.706511694,0,0,0,0
12789,1,0.709320274,0,0,0,0
12790,2,0.707570003,0,0,0,0
12801,1,0.705588008,0,0,0,0
12802,1,0.706620551,0,0,0,0
12803,1,0.706376432,0,0,0,0
12805,1,0.705707077,0,0,0,0
12806,1,0.709276702,0,0,0,0
12807,1,0.70778145,0,0,0,0
12808,2,0.705892561,0,0,0,0
12809,2,0.706885235,0,0,0,0
12810,2,0.709413626,0,0,0,0
12811,2,0.707776307,0,0,0,0
12815,2,0.708653259,0,0,0,0
12816,1,0.707163822,0,0,0,0
12817,1,0.709571427,0,0,0,0
12822,2,0.70961151200000006,0,0,0,0
12823,2,0.706891473,0,0,0,0
12824,1,0.709715119,0,0,0,0
12825,1,0.706596079,0,0,0,0
12826,2,0.709119003,0,0,0,0
12827,1,0.706698079,0,0,0,0
12829,1,0.70776273,0,0,0,0
12830,1,0.706926851,0,0,0,0
12831,1,0.709505332,0,0,0,0
12832,2,0.705789399,0,0,0,0
12859,1,0.709629785,0,0,0,0
12860,1,0.707840645,0,0,0,0
12861,1,0.70757142,0,0,0,0
12862,2,0.704783864,0,0,0,0
12863,1,0.709613425,0,0,0,0
12868,1,0.709268519,0,0,0,0
12869,1,0.709374217,0,0,0,0
12870,1,0.706487513,0,0,0,0
12871,1,0.709508287,0,0,0,0
12872,2,0.706706485,0,0,0,0
12873,2,0.706888439,0,0,0,0
12874,1,0.707658573,0,0,0,0
12875,2,0.70726895,0,0,0,0
12877,1,0.709696629,0,0,0,0
12892,1,0.70720361,0,0,0,0
12893,1,0.709307655,0,0,0,0
12894,1,0.709716801,0,0,0,0
12896,2,0.707614292,0,0,0,0
12897,1,0.706594007,0,0,0,0
12899,2,0.707205117,0,0,0,0
12900,1,0.706426733,0,0,0,0
12901,2,0.707493974,0,0,0,0
12903,1,0.706588794,0,0,0,0
12904,1,0.707715401,0,0,0,0
12905,2,0.70770673,0,0,0,0
12906,1,0.705755938,0,0,0,0
12910,1,0.706612333,0,0,0,0
12911,1,0.707262274,0,0,0,0
12912,2,0.706869084,0,0,0,0
12913,1,0.707634367,0,0,0,0
12914,2,0.707639358,0,0,0,0
12916,1,0.709553934,0,0,0,0
12918,1,0.707816163,0,0,0,0
12919,1,0.70762954,0,0,0,0
12920,2,0.707835735,0,0,0,0
12921,1,0.707215466,0,0,0,0
12922,1,0.707342159,0,0,0,0
12923,1,0.705101171,0,0,0,0
12926,2,0.709720311,0,0,0,0
12927,2,0.707636144,0,0,0,0
12928,2,0.708946535,0,0,0,0
12929,1,0.70958457,0,0,0,0
12930,1,0.707672273,0,0,0,0
12931,1,0.706586019,0,0,0,0
12932,2,0.708993111,0,0,0,0
12933,1,0.704800167,0,0,0,0
12934,1,0.709351688,0,0,0,0
12936,1,0.706263858,0,0,0,0
12937,1,0.70668694,0,0,0,0
12940,2,0.708898129,0,0,0,0
12941,2,0.706202219,0,0,0,0
12943,2,0.709664429,0,0,0,0
12945,1,0.709596991,0,0,0,0
12946,1,0.705968034,0,0,0,0
13056,1,0.70968339,0,0,0,0
13057,1,0.705570082,0,0,0,0
13079,2,0.709479113,0,0,0,0
13080,1,0.707681082,0,0,0,0
13081,2,0.707758091,0,0,0,0
13158,1,0.707820074,0,0,0,0
13159,1,0.707747509,0,0,0,0
13208,1,0.707870018,0,0,0,0
13209,2,0.707293189,0,0,0,0
13210,2,0.706402401,0,0,0,0
13900,2,0.709797727,0,0,0,0
13901,1,0.707848552,0,0,0,0
13491,1,0.707777702,0,0,0,0
13492,1,0.709314106,0,0,0,0
13493,2,0.709310571,0,0,0,0
12947,1,0.707169746,0,0,0,0
12948,1,0.706780334,0,0,0,0
12949,2,0.707839852,0,0,0,0
12950,1,0.709646451,0,0,0,0
12951,2,0.709064441,0,0,0,0
12952,1,0.707744092,0,0,0,0
12953,1,0.706547149,0,0,0,0
12954,1,0.705309453,0,0,0,0
12956,1,0.709586931,0,0,0,0
12957,1,0.707849582,0,0,0,0
12961,1,0.706916646,0,0,0,0
12962,1,0.706015714,0,0,0,0
12964,2,0.709633084,0,0,0,0
12967,1,0.709606776,0,0,0,0
12968,1,0.709321784,0,0,0,0
12969,1,0.705434779,0,0,0,0
12970,1,0.704772859,0,0,0,0
12971,1,0.707626832,0,0,0,0
12972,1,0.709375859,0,0,0,0
12977,1,0.70748081,0,0,0,0
12978,1,0.707261925,0,0,0,0
12979,2,0.707224881,0,0,0,0
12980,1,0.70658633,0,0,0,0
12981,2,0.707249983,0,0,0,0
12982,2,0.707238518,0,0,0,0
12988,2,0.709549989,0,0,0,0
12989,1,0.706606467,0,0,0,0
12990,1,0.705293348,0,0,0,0
12992,1,0.705823711,0,0,0,0
12993,2,0.707200332,0,0,0,0
12994,2,0.709461814,0,0,0,0
12995,2,0.706581474,0,0,0,0
12996,2,0.705572474,0,0,0,0
12997,1,0.707616486,0,0,0,0
13000,1,0.707659811,0,0,0,0
13001,2,0.706739039,0,0,0,0
13002,2,0.709348307,0,0,0,0
13003,2,0.707740913,0,0,0,0
13009,1,0.70767164,0,0,0,0
13010,1,0.708584046,0,0,0,0
13014,7,0.709594096,79.19107721488298,4.3171934703842665e-4,0.8159845134611302,56.03112717472924
13018,7,0.70939648,0,0,0,0
13024,5,0.709925118,62.149086103739215,3.3881295488551205e-4,0.6403839115460689,43.97317816277106
13026,3,0.706212634,62.879939779531455,3.427972885098356e-4,0.6479146246267153,44.49028888653752
13032,3,0.709294871,89.46986081061874,4.8775532859553005e-4,0.9218970547008445,63.30381307709946
13053,7,0.709234295,90.23080517123584,4.919037050800016e-4,0.9297378220663937,63.842214267513086
13174,3,0.705615077,62.999398133132416,3.434485295868442e-4,0.6491455229800419,44.57481086095816
13176,3,0.709705689,73.43925344585328,4.0036261230040084e-4,0.7567177464874919,51.96146200001982
13989,4,0.708178569,83.42179291202494,4.5478358460801087e-4,0.8595777895111237,59.0245423119353
13326,4,0.706656792,59.65213971310676,3.2520056188284173e-4,0.6146553868516753,42.2064801245265
13442,3,0.705903394,65.87615120464439,3.591314827843861e-4,0.6787875740540023,46.610238624654336
13069,3,0.709457086,85.28114064840237,4.6492003455789714e-4,0.8787365004591527,60.34011160513124
13070,4,0.709679244,74.10039444518196,4.0396689917928763e-4,0.7635301404545869,52.429247976883026
13071,7,0.709627366,76.83676737149474,4.1888455372508744e-4,0.7917257151260464,54.3653506897642
13072,3,0.709495408,83.89990340446586,4.573900594391175e-4,0.8645042379353124,59.3628262543653
13075,3,0.709435754,85.8377294864169,4.6795434319679203e-4,0.8844715894130865,60.73392238613885
13076,3,0.706528284,59.146052347969075,3.2244156788369734e-4,0.6094406648535119,41.84840132935354
13078,3,0.709715032,73.08976248941083,3.9845732179523755e-4,0.7531165932000081,51.7141819665167
13083,7,0.709402201,0,0,0,0
13084,3,0.70972567,72.38568883553557,3.9461898256803915e-4,0.7458618213481331,51.216019271575526
13094,3,0.706129127,63.738385218978976,3.474772034399074e-4,0.6567600426823352,45.09767632565182
13095,3,0.709417164,86.28881288051447,4.704134766649636e-4,0.8891195507340864,61.053083482438964
13100,3,0.709728642,72.27303427275955,3.940048331462476e-4,0.7447010292257259,51.13631127471889
13101,3,0.709719824,72.90823538811425,3.9746770573749804e-4,0.7512461387417417,51.58574365684692
13102,3,0.706531578,59.0690317112357,3.220216809448092e-4,0.6086470445492849,41.79390588310301
13191,4,0.706598172,59.144464104814254,3.2243290939183375e-4,0.6094242996029873,41.84727757832854
13195,3,0.705893278,65.87869343512735,3.59145342048873e-4,0.6788137691857861,46.61203736315503
13271,3,0.706526608,59.18509472923312,3.226544119557688e-4,0.6098429573793941,41.87602551009141
13303,3,0.70779269,67.83763528263674,3.69824740852834e-4,0.6989986974195718,47.99807381632591
13650,3,0.707853869,70.1199642256528,3.8226712193488617e-4,0.7225158048718645,49.61292068744114
13817,3,0.70795385,72.98094276040797,3.978640784147676e-4,0.7519953151880369,51.63718728113903
13819,3,0.709013263,92.8280782577629,5.060630407075918e-4,0.956500112596736,65.6798978012755
14547,3,0.709867689,64.86102235003763,3.535973900344982e-4,0.6683276907734782,45.891990863017384
13904,4,0.709836107,67.0516908069232,3.6554007333981607e-4,0.69090032897735,47.441983958481366
14586,3,0.709042806,92.59669834179321,5.04801646245572e-4,0.9541159749539951,65.5161864596278
15436,3,0.709084025,92.29142224839683,5.031373981971471e-4,0.9509704114220654,65.30019036241494
15222,3,0.70942803,86.02902864681714,4.68997232768718e-4,0.8864427351256412,60.86927485212084
15223,4,0.708639429,95.35653935102273,5.198472397687084e-4,0.9825533646492447,67.46889386062159
13109,3,0.706833723,57.365120475993066,3.127326111182386e-4,0.5910899506295028,40.588314666591714
13120,4,0.709675727,74.22842451595363,4.046648699671435e-4,0.7648493617441716,52.51983481355569
13122,3,0.705560925,62.14084918434315,3.387680503635843e-4,0.6402990383646171,43.967350184488154
13130,7,0.709258968,89.95994935680618,4.904271031766098e-4,0.9269469249384786,63.65057201287948
13134,7,0.709106793,92.23423045232313,5.028256104841211e-4,0.9503811074053194,65.25972468229214
13135,3,0.709728368,72.28344467736393,3.9406158667500715e-4,0.7448082979892634,51.14367708820248
13148,3,0.707777925,67.28805290502089,3.6682862874585603e-4,0.6933358030029595,47.60922041040967
13152,3,0.707783491,67.38240512663783,3.6734300083095294e-4,0.6943080078820668,47.675978705846056
13153,7,0.709640462,0,0,0,0
13154,6,0.709128181,92.45149769306816,5.04010068059471e-4,0.952619828104235,65.4134506931665
13156,6,0.709159797,92.30683796644179,5.032214387729614e-4,0.9511292549134152,65.31109765258758
13160,6,0.709148467,92.06551050592496,5.01905814117496e-4,0.9486426178151435,65.14034799105335
13161,3,0.706078586,64.5141719473822,3.5170649481472367e-4,0.6647537457406734,45.646579136023725
13177,3,0.707780107,67.3252891368828,3.6703162638487e-4,0.6937194849732972,47.635566661986736
13178,3,0.706066974,64.60952856758213,3.5222634249524963e-4,0.6657362999383896,45.71404808708847
13179,5,0.709973963,58.86322412745101,3.208996970191961e-4,0.606526404105596,41.64828807733338
13180,3,0.706230719,62.86319662084606,3.427060112373292e-4,0.647742103192809,44.47844237444801
13185,7,0.709298922,89.40998739114936,4.874289217013778e-4,0.9212801192483514,63.26145003193502
13186,7,0.709644677,0,0,0,0
13187,6,0.709115421,92.2035801958927,5.026585170544307e-4,0.950065287297039,65.23803829442635
13197,5,0.709996958,57.58920467390719,3.1395423212665863e-4,0.5933989132252901,40.746863970790514
13201,4,0.706667875,59.4795751641405,3.242598062191759e-4,0.6128772824934432,42.08438320996196
13202,7,0.709317763,88.22249616160119,4.809551754629816e-4,0.9090442148098635,62.421248402638525
13235,3,0.709697449,73.7425437757166,4.020160347284904e-4,0.7598428487206571,52.17605308327186
13236,3,0.708865742,96.24062231479337,5.24666920637693e-4,0.9916629516434227,68.09442096188361
13243,7,0.709158839,92.31190013761127,5.032490357865235e-4,0.9511814155030178,65.31467935858974
13244,7,0.70941508,0,0,0,0
13245,3,0.705856411,65.8168450222099,3.5880816824875375e-4,0.6781764834094374,46.56827692433276
13246,7,0.709517154,82.64322216399917,4.505391158271552e-4,0.8515553999267644,58.473669686743165
13285,4,0.707785769,67.42041967835019,3.675502415709505e-4,0.6946997096567412,47.70287565252738
13552,5,0.70816308,83.15696936738216,4.5333986832336745e-4,0.8568490488647246,58.83716815021657
13553,3,0.707815857,68.54671104795504,3.736903496710262e-4,0.7063050110058908,48.49977572240381
13554,3,0.706729826,58.68015017626977,3.1990164812980865e-4,0.6046400109128797,41.51875530417534
13681,4,0.70686307,57.4436816187649,3.13160896304561e-4,0.5918994443012162,40.643900087783756
13682,3,0.706700271,58.73268776105033,3.2018806286987955e-4,0.6051813579568056,41.55592792763019
14143,3,0.708046497,77.80606368554432,4.241687850615642e-4,0.8017133401090131,55.05116993800017
14145,4,0.708034501,77.01376489530193,4.19849476265516e-4,0.7935494968376618,54.49058412659626
13248,3,0.707829191,69.09139601304261,3.766597629652939e-4,0.7119174425052195,48.885163996213635
13250,5,0.710014994,56.52515497214607,3.0815344170156755e-4,0.582434949749531,39.99400258467965
13252,7,0.709416231,0,0,0,0
13255,3,0.705862793,65.83551518578682,3.5890995081204246e-4,0.6783688606933226,46.581486876091745
13260,3,0.709416855,86.29603996356911,4.7045287594689125e-4,0.8891940185662904,61.058196957643226
13268,3,0.706507784,59.616676668991275,3.250072309825941e-4,0.6142899758001258,42.18138848030696
13472,5,0.708166648,83.21920899542803,4.536791748781573e-4,0.8574903657200466,58.88120539073652
14127,4,0.70706537,55.28657736544949,3.014011921499101e-4,0.5696726515042153,39.117655124368234
13563,3,0.708837346,96.34525745592754,5.252373512518029e-4,0.9927411116802868,68.1684548695665
13564,3,0.710179253,47.498927133266584,2.589459132037892e-4,0.48942873755327637,33.60755429106698
13278,3,0.709514329,83.02912084098938,4.5264288724576005e-4,0.8555316982076263,58.74670976407821
13474,4,0.707828731,69.0831019477756,3.7661454690601933e-4,0.7118319804929634,48.879295584744625
13939,4,0.708165148,83.19313314490341,4.5353701935309205e-4,0.8572216802702239,58.862755593760404
13288,5,0.710045769,54.905313117835824,2.9932268586084634e-4,0.5657441063633911,38.8478941071358
13296,3,0.707839186,69.26807886735327,3.7762297004844677e-4,0.7137379818637181,49.010174790707715
13300,7,0.709378234,87.13451636343196,4.75023927340392e-4,0.8978336757253186,61.651455433800116
13304,3,0.709689466,74.03188030404547,4.035933863882685e-4,0.7628241710438064,52.38077124578781
13307,3,0.707867474,70.36440169935862,3.8359970118814795e-4,0.7250344875324413,49.785870818404966
13309,7,0.709455371,0,0,0,0
13310,3,0.705854207,65.80962547604031,3.5876881005502954e-4,0.678102093237264,46.56316878180206
13316,3,0.709653282,75.03641682362075,4.0906973379456176e-4,0.7731749109504675,53.09152447026099
13322,3,0.707811603,68.16877450950454,3.716299847746241e-4,0.7024107545657378,48.232369203959365
13330,5,0.709369788,87.30800129579181,4.759697005809324e-4,0.899621263710015,61.77420355959689
13336,3,0.705862538,65.83483297969303,3.5890623168635666e-4,0.6783618312447143,46.58100418564548
13346,4,0.710102771,52.18228350005509,2.844777739099118e-4,0.5376860210847194,36.92123236467181
13352,4,0.709494569,83.92489316784022,4.5752629403404986e-4,0.8647617323478863,59.3805075975032
13359,4,0.706755855,58.07913234779545,3.166251296937313e-4,0.5984471258354569,41.09350908243061
13365,4,0.706696987,58.775319821521066,3.204204764947049e-4,0.6056206385215424,41.58609196234177
13370,4,0.709431119,85.95318235910838,4.68583747929813e-4,0.8856612153086304,60.815610308818705
13526,4,0.707950358,72.92587015328496,3.975638437062242e-4,0.7514278472849755,51.598221019256016
13527,3,0.707515918,59.96847970176568,3.2692512604018224e-4,0.6179149527120275,42.43030440825109
13712,3,0.709730915,72.1864835326279,3.935329917427782e-4,0.7438092107777411,51.07507286632821
13801,4,0.707955442,73.30579185708025,3.996350309618688e-4,0.7553425588601637,51.8670321284171
14091,3,0.709201155,91.4194596022944,4.983837926464135e-4,0.9419857121281598,64.68323891240742
13449,4,0.709594244,79.18591405910429,4.31691199495549e-4,0.8159313123265558,56.02747401772932
13450,3,0.70587755,65.8659335786595,3.5907578021064147e-4,0.6786822916805174,46.603009210418314
13453,3,0.705876371,65.86415889061159,3.5906610529280747e-4,0.6786640053026294,46.60175354153231
13457,3,0.71017486,47.678441956671776,2.5992455909509224e-4,0.4912784575089461,33.734568826715645
13461,3,0.710184629,46.68093992741904,2.5448656102909845e-4,0.48100020095981916,33.028792809722574
13664,4,0.709737068,71.95050067302455,3.922465037993982e-4,0.7413776444239194,50.9081047421087
14076,4,0.708011169,76.03698265243885,4.145244345194198e-4,0.7834847368769234,53.799468258537416
14077,3,0.708207221,84.4808712510117,4.6055727307204377e-4,0.870490528086587,59.77388624292827
13480,4,0.708873326,95.68472729287264,5.216363944177462e-4,0.9859350117674867,67.70110108590161
13487,3,0.707429798,58.105691578050134,3.1676992041948797e-4,0.5987207920279051,41.11230089156366
13496,3,0.705882892,65.87254579816798,3.591118274925963e-4,0.6787504239614294,46.607687642954104
13558,4,0.709682417,73.98627860480366,4.033447834330757e-4,0.7623542913341534,52.348506062645164
13647,3,0.707849667,69.74670354962167,3.802322480450663e-4,0.7186697284976417,49.34882254477697
13649,4,0.706824301,57.74371707518632,3.147965744123755e-4,0.5949910083326638,40.85618820668457
13717,3,0.709740395,71.82188252376403,3.9154532703341774e-4,0.7400523635761562,50.817101814359155
13722,3,0.710072963,53.141315325082545,2.897060471933583e-4,0.5475678808176704,37.5997890410372
13723,4,0.708103268,80.90905371612067,4.4108509529475047e-4,0.833686535820243,57.246670177924486
13916,4,0.707980448,74.91706299701828,4.08419062558615e-4,0.7719450896428766,53.00707645323241
13630,4,0.708013141,76.06886706227962,4.1469825607964194e-4,0.7838132736965492,53.82202786355241
13631,4,0.709721857,72.83076224246456,3.9704535189374185e-4,0.7504478557876189,51.53092804088118
13632,3,0.706711858,58.589193420797045,3.1940578682241834e-4,0.6037027929020801,41.45439944853439
13696,3,0.707073167,55.3377490758462,3.0168016066727676e-4,0.5701999245844606,39.153861332363185
13859,4,0.708132891,81.74986330595841,4.456688663441507e-4,0.8423502341585738,57.84157948734194
13965,4,0.709858477,65.53813590751415,3.572887531676378e-4,0.675304665909909,46.37107811861504
13507,3,0.707810357,67.84644604107572,3.6987277372489447e-4,0.6990894834360135,48.00430781065916
13511,3,0.705947422,65.53477337761879,3.5727042194571386e-4,0.6752700184165655,46.36869898264642
13515,4,0.708926695,94.49051069709753,5.151259840649295e-4,0.9736298091847946,66.85614096785095
13524,3,0.709052572,92.30677715438576,5.032211072489812e-4,0.9511286283062558,65.31105462541628
13534,7,0.709471822,84.57899067683911,4.610921825080532e-4,0.8715015502214116,59.84330999899019
13535,4,0.709656267,74.93114155738402,4.0849581346417285e-4,0.7720901550673448,53.01703764626114
13537,3,0.70704131,55.44838701897479,3.022833162530449e-4,0.5713399374668356,39.232142483217686
13540,3,0.707816363,68.55595844692513,3.7374076293961124e-4,0.7064002961644563,48.50631865888038
13011,1,0.70953917,0,0,0,0
13012,1,0.706233503,0,0,0,0
13013,1,0.707618344,0,0,0,0
13015,2,0.709135031,0,0,0,0
13016,1,0.706763139,0,0,0,0
13017,2,0.709539035,0,0,0,0
13019,1,0.707775216,0,0,0,0
13020,1,0.709443256,0,0,0,0
13021,1,0.707187848,0,0,0,0
13022,1,0.705592578,0,0,0,0
13023,2,0.709114899,0,0,0,0
13025,1,0.709262227,0,0,0,0
13027,2,0.70580454,0,0,0,0
13028,2,0.709472319,0,0,0,0
13029,1,0.709552027,0,0,0,0
13030,2,0.70947631,0,0,0,0
13031,1,0.709152202,0,0,0,0
13033,2,0.706770229,0,0,0,0
13034,1,0.709601223,0,0,0,0
13038,1,0.707166138,0,0,0,0
13039,1,0.709653296,0,0,0,0
13040,1,0.707201888,0,0,0,0
13041,1,0.705883766,0,0,0,0
13042,1,0.707386015,0,0,0,0
13043,1,0.70961042,0,0,0,0
13047,1,0.709236901,0,0,0,0
13048,1,0.707749041,0,0,0,0
13049,1,0.709233794,0,0,0,0
13050,1,0.709460668,0,0,0,0
13051,1,0.707461814,0,0,0,0
13052,1,0.706845034,0,0,0,0
13054,2,0.709389074,0,0,0,0
13058,1,0.706633276,0,0,0,0
13062,1,0.709697383,0,0,0,0
13066,2,0.708835209,0,0,0,0
13067,2,0.706613222,0,0,0,0
13068,1,0.706613721,0,0,0,0
13175,2,0.707717201,0,0,0,0
13222,2,0.7068583,0,0,0,0
13223,2,0.709478787,0,0,0,0
13224,1,0.707695655,0,0,0,0
13987,1,0.709166482,0,0,0,0
13988,2,0.709590377,0,0,0,0
13990,1,0.709729135,0,0,0,0
13991,2,0.70791135,0,0,0,0
13992,2,0.708099337,0,0,0,0
13443,2,0.707635049,0,0,0,0
13465,1,0.707534219,0,0,0,0
13466,2,0.709484023,0,0,0,0
13467,1,0.707665671,0,0,0,0
13073,2,0.705820276,0,0,0,0
13074,1,0.707716983,0,0,0,0
13077,1,0.707714612,0,0,0,0
13082,1,0.706769017,0,0,0,0
13096,1,0.704878967,0,0,0,0
13097,2,0.707752419,0,0,0,0
13098,1,0.709644248,0,0,0,0
13099,1,0.707753959,0,0,0,0
13188,2,0.706641298,0,0,0,0
13189,1,0.705904984,0,0,0,0
13190,2,0.707774485,0,0,0,0
13192,2,0.70596799,0,0,0,0
13193,2,0.709711872,0,0,0,0
13194,1,0.707079969,0,0,0,0
13272,1,0.709644721,0,0,0,0
13273,1,0.70763829,0,0,0,0
13274,1,0.709695703,0,0,0,0
13302,1,0.709637869,0,0,0,0
13470,2,0.709887572,0,0,0,0
13471,1,0.707614205,0,0,0,0
13641,1,0.707816454,0,0,0,0
13642,1,0.709303884,0,0,0,0
13643,1,0.709011937,0,0,0,0
13644,1,0.707788239,0,0,0,0
13645,2,0.709158164,0,0,0,0
13646,1,0.707750403,0,0,0,0
13651,2,0.707983551,0,0,0,0
13815,1,0.705793017,0,0,0,0
13816,2,0.707123676,0,0,0,0
13818,1,0.709289744,0,0,0,0
13820,1,0.709296665,0,0,0,0
13821,1,0.708141478,0,0,0,0
13822,1,0.709763343,0,0,0,0
14546,2,0.708130586,0,0,0,0
14548,1,0.707963931,0,0,0,0
14549,1,0.708453111,0,0,0,0
13899,1,0.70968983,0,0,0,0
13903,1,0.709740192,0,0,0,0
13905,1,0.70959225,0,0,0,0
14472,2,0.708078192,0,0,0,0
14473,1,0.70824443,0,0,0,0
14474,2,0.709774003,0,0,0,0
14587,1,0.709719125,0,0,0,0
14588,1,0.708235444,0,0,0,0
15435,1,0.709323592,0,0,0,0
15221,2,0.70871146,0,0,0,0
15224,2,0.708204486,0,0,0,0
15225,1,0.708126378,0,0,0,0
15226,1,0.70952576999999994,0,0,0,0
15227,2,0.70960208,0,0,0,0
15228,1,0.706997522,0,0,0,0
13103,1,0.709279268,0,0,0,0
13104,1,0.709334704,0,0,0,0
13105,2,0.70942465,0,0,0,0
13106,1,0.707156186,0,0,0,0
13107,1,0.707911496,0,0,0,0
13108,1,0.705962454,0,0,0,0
13110,2,0.707676744,0,0,0,0
13119,1,0.707703821,0,0,0,0
13121,1,0.707738361,0,0,0,0
13123,1,0.707820416,0,0,0,0
13127,1,0.706636634,0,0,0,0
13128,1,0.70781202,0,0,0,0
13129,1,0.707290749,0,0,0,0
13131,1,0.709618998,0,0,0,0
13132,1,0.705700973,0,0,0,0
13133,1,0.705954964,0,0,0,0
13136,1,0.707722892,0,0,0,0
13137,2,0.709487474,0,0,0,0
13138,1,0.707856612,0,0,0,0
13139,1,0.707883209,0,0,0,0
13146,1,0.707252909,0,0,0,0
13147,1,0.707699745,0,0,0,0
13155,1,0.709635845,0,0,0,0
13162,1,0.704854622,0,0,0,0
13163,2,0.709309113,0,0,0,0
13164,1,0.707814812,0,0,0,0
13165,2,0.709705407,0,0,0,0
13166,1,0.709675952,0,0,0,0
13167,1,0.709678398,0,0,0,0
13168,1,0.707759469,0,0,0,0
13169,1,0.707177394,0,0,0,0
13170,1,0.705823368,0,0,0,0
13171,2,0.709512381,0,0,0,0
13172,2,0.707754456,0,0,0,0
13173,2,0.707735208,0,0,0,0
13184,1,0.709366704,0,0,0,0
13196,1,0.707717621,0,0,0,0
13198,1,0.70770142,0,0,0,0
13199,2,0.709349106,0,0,0,0
13200,2,0.707336039,0,0,0,0
13203,1,0.709596051,0,0,0,0
13229,1,0.705849981,0,0,0,0
13230,1,0.70771023,0,0,0,0
13231,2,0.707697779,0,0,0,0
13237,1,0.707227181,0,0,0,0
13238,1,0.707761793,0,0,0,0
13242,2,0.707820941,0,0,0,0
13247,2,0.709481622,0,0,0,0
13284,1,0.709786353,0,0,0,0
13286,2,0.70773566,0,0,0,0
13944,1,0.709653154,0,0,0,0
14144,2,0.707936137,0,0,0,0
13249,2,0.707224295,0,0,0,0
13251,2,0.70686737,0,0,0,0
13253,2,0.706666463,0,0,0,0
13254,2,0.705858696,0,0,0,0
13256,1,0.707699714,0,0,0,0
13257,2,0.709519678,0,0,0,0
13258,2,0.707717823,0,0,0,0
13259,2,0.709542163,0,0,0,0
13261,1,0.709479179,0,0,0,0
13262,2,0.707757406,0,0,0,0
13263,1,0.705858012,0,0,0,0
13264,1,0.707711332,0,0,0,0
13265,1,0.706592195,0,0,0,0
13266,1,0.706636109,0,0,0,0
13267,1,0.709603383,0,0,0,0
13269,1,0.705824197,0,0,0,0
13270,1,0.709744296,0,0,0,0
14128,2,0.709409152,0,0,0,0
14129,1,0.707908819,0,0,0,0
13565,2,0.70778178,0,0,0,0
13842,2,0.709676977,0,0,0,0
13277,2,0.706617577,0,0,0,0
13279,1,0.707728642,0,0,0,0
13280,1,0.709245723,0,0,0,0
13281,2,0.706653012,0,0,0,0
13282,2,0.707624721,0,0,0,0
13283,1,0.708521161,0,0,0,0
13940,2,0.708005374,0,0,0,0
13941,1,0.708156271,0,0,0,0
13287,1,0.707752903,0,0,0,0
13289,1,0.705913322,0,0,0,0
13293,1,0.707813351,0,0,0,0
13294,2,0.708773727,0,0,0,0
13295,1,0.709357826,0,0,0,0
13297,2,0.705291616,0,0,0,0
13298,2,0.70869592,0,0,0,0
13299,2,0.709547906,0,0,0,0
13305,1,0.705750066,0,0,0,0
13306,2,0.709809204,0,0,0,0
13308,1,0.706653216,0,0,0,0
13311,1,0.707428313,0,0,0,0
13312,2,0.706655873,0,0,0,0
13313,1,0.709797136,0,0,0,0
13314,1,0.707634931,0,0,0,0
13315,2,0.706633614,0,0,0,0
13317,1,0.707727866,0,0,0,0
13318,2,0.705822038,0,0,0,0
13323,1,0.709586887,0,0,0,0
13324,1,0.705672277,0,0,0,0
13325,1,0.706196851,0,0,0,0
13329,1,0.706450608,0,0,0,0
13331,2,0.705782034,0,0,0,0
13332,1,0.709335961,0,0,0,0
13333,1,0.707742186,0,0,0,0
13334,1,0.706162031,0,0,0,0
13335,1,0.707306433,0,0,0,0
13337,1,0.707742171,0,0,0,0
13338,1,0.705871588,0,0,0,0
13339,2,0.709576191,0,0,0,0
13340,2,0.707441974,0,0,0,0
13341,1,0.707723435,0,0,0,0
13342,2,0.707787339,0,0,0,0
13343,1,0.707789783,0,0,0,0
13344,1,0.707755043,0,0,0,0
13345,1,0.705860055,0,0,0,0
13347,2,0.709701568,0,0,0,0
13348,1,0.705924403,0,0,0,0
13349,2,0.707809562,0,0,0,0
13350,1,0.709579732,0,0,0,0
13351,1,0.706841283,0,0,0,0
13353,1,0.708529419,0,0,0,0
13354,1,0.707749354,0,0,0,0
13355,1,0.709345997,0,0,0,0
13356,2,0.709557914,0,0,0,0
13357,2,0.706765696,0,0,0,0
13358,1,0.706696397,0,0,0,0
13360,1,0.706665315,0,0,0,0
13361,1,0.706048629,0,0,0,0
13362,1,0.707501399,0,0,0,0
13363,2,0.706466287,0,0,0,0
13364,2,0.709485446,0,0,0,0
13366,2,0.709333885,0,0,0,0
13444,1,0.707524924,0,0,0,0
13445,1,0.707577341,0,0,0,0
13446,1,0.707920541,0,0,0,0
13525,2,0.707861233,0,0,0,0
13654,1,0.709361511,0,0,0,0
13655,2,0.70944857,0,0,0,0
13656,1,0.709413563,0,0,0,0
13711,1,0.708003926,0,0,0,0
13713,1,0.707812683,0,0,0,0
13714,2,0.706910622,0,0,0,0
13715,2,0.709322533,0,0,0,0
13716,2,0.70978642,0,0,0,0
13802,1,0.70963921,0,0,0,0
13803,2,0.707914945,0,0,0,0
14089,1,0.709627826,0,0,0,0
14090,1,0.707900449,0,0,0,0
13447,1,0.70585631,0,0,0,0
13448,1,0.709777409,0,0,0,0
13451,1,0.707770524,0,0,0,0
13452,1,0.709511878,0,0,0,0
13454,1,0.705891307,0,0,0,0
13455,2,0.707856358,0,0,0,0
13456,1,0.707099685,0,0,0,0
13458,1,0.709748115,0,0,0,0
13459,1,0.705945344,0,0,0,0
13460,2,0.707825964,0,0,0,0
13462,1,0.705898794,0,0,0,0
13463,1,0.708046953,0,0,0,0
13518,1,0.709189451,0,0,0,0
13519,2,0.709944673,0,0,0,0
13520,1,0.709396068,0,0,0,0
13662,1,0.707992694,0,0,0,0
13663,1,0.707810501,0,0,0,0
13761,1,0.709728585,0,0,0,0
13762,1,0.708098616,0,0,0,0
13763,1,0.706191029,0,0,0,0
14078,2,0.709768658,0,0,0,0
14415,1,0.709541039,0,0,0,0
14416,1,0.706385131,0,0,0,0
14417,1,0.708230243,0,0,0,0
14460,1,0.709720845,0,0,0,0
14461,1,0.708373572,0,0,0,0
14462,2,0.709807772,0,0,0,0
14769,1,0.708063698,0,0,0,0
14770,2,0.709709831,0,0,0,0
14771,1,0.709431819,0,0,0,0
13464,2,0.709820262,0,0,0,0
13477,1,0.709316416,0,0,0,0
13478,2,0.707524718,0,0,0,0
13479,1,0.707739885,0,0,0,0
13481,2,0.709845262,0,0,0,0
13482,1,0.705755747,0,0,0,0
13483,1,0.707860632,0,0,0,0
13484,2,0.709703567,0,0,0,0
13485,1,0.707078285,0,0,0,0
13486,1,0.709439123,0,0,0,0
13488,1,0.709293327,0,0,0,0
13489,1,0.70684052,0,0,0,0
13490,1,0.709808748,0,0,0,0
13494,1,0.708020086,0,0,0,0
13495,1,0.70785712,0,0,0,0
13557,2,0.707892645,0,0,0,0
13559,1,0.705927216,0,0,0,0
13648,1,0.709649052,0,0,0,0
13707,2,0.710028512,0,0,0,0
13708,1,0.707859373,0,0,0,0
13709,1,0.707870385,0,0,0,0
13710,1,0.706116799,0,0,0,0
13718,2,0.708929874,0,0,0,0
13719,1,0.709717369,0,0,0,0
13720,1,0.707475493,0,0,0,0
13721,2,0.706601559,0,0,0,0
13724,1,0.707986835,0,0,0,0
14079,1,0.709529702,0,0,0,0
13506,1,0.708053037,0,0,0,0
13594,1,0.709644646,0,0,0,0
13595,2,0.709653804,0,0,0,0
13830,1,0.7097798,0,0,0,0
13915,2,0.707872039,0,0,0,0
13584,1,0.707609116,0,0,0,0
13585,1,0.709805167,0,0,0,0
13586,1,0.707813483,0,0,0,0
13629,1,0.706000542,0,0,0,0
13633,1,0.709762879,0,0,0,0
13634,1,0.707897376,0,0,0,0
13692,2,0.707865302,0,0,0,0
13693,2,0.70969658,0,0,0,0
13694,1,0.709237424,0,0,0,0
13695,1,0.709714923,0,0,0,0
13697,1,0.709642108,0,0,0,0
13809,1,0.707580394,0,0,0,0
13810,1,0.709750202,0,0,0,0
13811,1,0.709785173,0,0,0,0
13857,1,0.707259962,0,0,0,0
13858,2,0.709587258,0,0,0,0
13917,2,0.708010452,0,0,0,0
13963,1,0.709739384,0,0,0,0
13964,1,0.709623448,0,0,0,0
13966,1,0.709349879,0,0,0,0
13967,1,0.707970028,0,0,0,0
13968,1,0.707918595,0,0,0,0
14125,2,0.709208834,0,0,0,0
14126,1,0.709711766,0,0,0,0
14130,1,0.708033946,0,0,0,0
13508,1,0.709737628,0,0,0,0
13509,1,0.709058468,0,0,0,0
13510,1,0.707899201,0,0,0,0
13512,1,0.709780608,0,0,0,0
13513,1,0.705915274,0,0,0,0
13514,1,0.707907499,0,0,0,0
13516,2,0.705917523,0,0,0,0
13517,1,0.709468045,0,0,0,0
13521,1,0.707795951,0,0,0,0
13522,1,0.705914365,0,0,0,0
13523,1,0.705980715,0,0,0,0
13528,2,0.705952428,0,0,0,0
13529,1,0.709697962,0,0,0,0
13530,1,0.709601833,0,0,0,0
13531,1,0.709507068,0,0,0,0
13532,2,0.709349012,0,0,0,0
13533,2,0.707872291,0,0,0,0
13536,1,0.70933713,0,0,0,0
13538,2,0.705954699,0,0,0,0
13539,1,0.705923597,0,0,0,0
13541,1,0.70576711,0,0,0,0
13550,3,0.707045544,55.46956951227661,3.023987950733682e-4,0.5715582017852244,39.247130017392166
13560,7,0.709488549,84.10240902835986,4.5849404234721584e-4,0.8665908549987211,59.50610778007575
13561,3,0.709169389,92.25111531762639,5.029176602866989e-4,0.9505550889835968,65.2716714579695
13568,3,0.707815905,68.54758901398368,3.7369513600471347e-4,0.7063140575640121,48.50039692150774
13570,4,0.709700215,73.64125703847279,4.014638583267489e-4,0.7587991906228427,52.10438831679543
13572,3,0.707808624,67.816143213425,3.697075743435135e-4,0.6987772432323605,47.98286724374724
13573,3,0.707538736,60.49889603802273,3.298167522486002e-4,0.6233803603222575,42.80559700733682
13577,3,0.710153736,48.53719371129509,2.646061439378907e-4,0.5001270318347983,34.342172997123086
13579,3,0.709693936,73.87041850468144,4.0271315865246e-4,0.7611604693689432,52.26653000886817
13580,5,0.708168825,83.25682149806423,4.53884223800961e-4,0.8578779247827977,58.907817870231526
13583,3,0.710108527,51.93685982429763,2.831398182617233e-4,0.5351571766025136,36.74758445291602
13587,5,0.708166995,83.22522261957187,4.5371195884801876e-4,0.8575523300769379,58.885460291048965
13590,4,0.708112587,81.38267339461764,4.4366708793251237e-4,0.8385667109171836,57.58177667440905
13605,5,0.708225774,85.38676863364445,4.654958777768744e-4,0.8798248907573648,60.41484799314942
13611,3,0.707837048,69.23085420866735,3.774200355019447e-4,0.7133544191433353,48.983836727655394
13612,3,0.70781551,68.54035945744405,3.736557232382954e-4,0.7062395642450298,48.4952816962054
13613,3,0.70672336,58.75432061618519,3.2030599688999726e-4,0.6054042628015535,41.57123411236518
13614,4,0.709712134,73.19879764447614,3.990517395958857e-4,0.7542400909611853,51.791329075191626
13621,3,0.709712082,73.20074895190233,3.990623773747559e-4,0.7542601972243751,51.79270970996007
13627,3,0.708850844,96.14615985889296,5.241519475976077e-4,0.9906896109107404,68.02758467090312
13635,4,0.708083189,79.94395851805675,4.3582376682958123e-4,0.8237421991180285,56.56382340174403
13638,3,0.708878431,96.0179085369559,5.23452770633349e-4,0.9893681098501147,67.93684128941983
13639,4,0.706822401,57.760113663357615,3.148859623155071e-4,0.595159958705508,40.8677895050804
13669,3,0.708908336,95.8800375723457,5.227011510707617e-4,0.9879474880334346,67.83929159286987
13678,4,0.709736245,71.98220699241595,3.924193544788694e-4,0.7417043462003333,50.93053834039454
13680,3,0.71008447,52.95771380590196,2.887051222058017e-4,0.545676051566595,37.46988299060218
13689,4,0.709737323,71.94066785240237,3.9219289903674254e-4,0.7412763270832098,50.90114759438267
13690,7,0.709518858,82.59120691430533,4.50255548657423e-4,0.8510194350212887,58.4368666380523
13700,3,0.707709477,65.3836670218179,3.564466481121707e-4,0.6737130191869112,46.26178467188619
13734,3,0.709765733,70.52162563030471,3.844568256924994e-4,0.7266545222296507,49.89711357932672
13742,4,0.708030836,76.954799043058415,4.195280170794127e-4,0.7929419129538969,54.448863224668656
13748,4,0.709755239,71.23947103977551,3.8837024324344814e-4,0.7340511981909829,50.40502038959416
13749,3,0.706748699,58.46115842778248,3.187077892003841e-4,0.602383520893726,41.36380912916105
13752,3,0.710040138,55.14685767898135,3.006394940655822e-4,0.568232980465592,39.018797376795646
13753,4,0.708039266,77.08914495796766,4.202604194244966e-4,0.7943262126738672,54.543918795427714
13759,3,0.708944002,94.58759858476265,5.15655269950944e-4,0.974630202354904,66.92483486585323
13769,3,0.710039827,55.160170978647734,3.00712073063634e-4,0.5683701606471592,39.0282171146368
13770,4,0.708123815,81.58873402022444,4.4479045134498247e-4,0.8406899587027012,57.727573518259895
13777,3,0.707762605,67.01766040023301,3.6535455262874054e-4,0.6905496798155684,47.41790596747372
13782,3,0.706780979,57.53564291966358,3.1366223400791177e-4,0.5928470131436938,40.70896670295084
13785,4,0.709783834,69.49881930101492,3.7888087829845665e-4,0.7161155302835522,49.173433670843494
13791,3,0.706811897,57.85034207692353,3.1537785298247316e-4,0.5960896718844835,40.93163002718326
13796,3,0.707999375,75.84104526187735,4.1345625909753366e-4,0.7814657988610617,53.660834043232505
13799,4,0.709793832,68.79520887707487,3.750450644230048e-4,0.7088655315509047,48.675598731204104
13800,4,0.709786219,69.40279163595531,3.783573723390079e-4,0.7151260616425354,49.105489926390476
13804,7,0.709563155,80.85667838223179,4.407995650842437e-4,0.8331468606087958,57.20961235402365
13805,3,0.710028831,55.93190414343424,3.0491926596600444e-4,0.5763220958037096,39.57425185266385
13808,3,0.708988825,93.33034182618452,5.088011888352121e-4,0.9616754342102515,66.03527109416684
13834,4,0.70979905,68.58487153629814,3.738983860015012e-4,0.7066982165109704,48.52677592559084
13836,3,0.709039909,92.892235687576,5.064128023812639e-4,0.9571611904730843,65.72529196985471
13838,3,0.709584481,79.82447654208656,4.351723969724856e-4,0.8225110573599129,56.47928471347102
13840,3,0.707976736,74.85359030763622,4.080730338268624e-4,0.7712910673289365,52.96216676825316
13851,7,0.709589197,79.36100936268451,4.3264575186167015e-4,0.8177354935692677,56.15136155111872
13853,3,0.707748701,66.75881155064006,3.639434080874851e-4,0.6878825024008458,47.234759162042344
13855,3,0.709093674,91.96888459811265,5.013790467682588e-4,0.9476469848834178,65.07198096386523
13866,4,0.706902958,57.54908757040243,3.1373552908157753e-4,0.5929855467661376,40.71847937738162
13869,3,0.709629591,76.75867766044796,4.1845883860352063e-4,0.7909210790847669,54.31009882699653
13878,4,0.707983498,75.2696743373871,4.1034136419885287e-4,0.7755783953526978,53.25656429391232
13882,3,0.707826009,69.03373083667694,3.7634539456467357e-4,0.7113232607800143,48.844363378970726
13884,3,0.709179767,92.18051868863168,5.025327945714618e-4,0.9498276616270284,65.22172127625174
13887,3,0.708038703,77.08031424613284,4.202122777741833e-4,0.7942352210577222,54.537670683200155
13890,4,0.709816882,67.85436149876963,3.699159257610494e-4,0.6991710442774913,48.00990834082356
13912,3,0.70794753,72.2831326473961,3.9405988560742847e-4,0.7448050828338387,51.14345631344571
13913,7,0.709600347,78.67245248147978,4.2889200412130405e-4,0.8106406064751626,55.664177646887566
14083,3,0.708793854,96.56034091809367,5.26409903704817e-4,0.9949573307342712,68.32063576223338
14134,3,0.709815269,67.9211708520235,3.70280144703097e-4,0.6998594475613813,48.057178860436146
14505,3,0.709747696,71.53715748772375,3.8999311545898416e-4,0.7371185580493907,50.61564648295972
15021,3,0.709550397,81.58427612649191,4.4476614861999053e-4,0.8406440245851677,57.72441936479409
14351,7,0.70983446,66.82021537662895,3.6427815817037203e-4,0.6885152071554262,47.2782050362999
14437,3,0.709805221,68.33409719575714,3.72531260583336e-4,0.704114238802224,48.349342186068846
14544,5,0.707889574,70.75886655280131,3.8575017211173174e-4,0.729099051658025,50.064971837693214
13906,4,0.7098386,66.64875572127418,3.633434259624449e-4,0.6867484876161373,47.156889881961874
13908,3,0.708085915,79.9909349348269,4.360798642169066e-4,0.8242262439110842,56.59706125725544
13909,3,0.708047789,77.82726257449126,4.242843532646495e-4,0.8019317733680574,55.0661690728058
13910,4,0.7069173,57.49895825461695,3.13462243299397e-4,0.5924690145154099,40.68301070885554
13911,3,0.709606465,78.16182517746121,4.2610826011852066e-4,0.8053791049666157,55.30288664774232
14026,4,0.709865407,64.95447971040632,3.541068836796576e-4,0.6692906750061952,45.95811600524804
14029,3,0.709634898,76.27274533064704,4.158097221183734e-4,0.7859140344826118,53.96628059485521
14432,3,0.709755101,71.24494903898625,3.884001071918311e-4,0.7341076434709047,50.408896311998994
14434,7,0.709878666,64.40790220415822,3.511271529776363e-4,0.6636587427710212,45.57138867635551
14436,4,0.708618555,94.50265111068974,5.151921689384423e-4,0.9737549039533804,66.86473083784466
14579,4,0.709746116,71.59906096063756,3.90330589425063e-4,0.7377564111637015,50.65944587912123
14584,4,0.709544826,81.76816006544577,4.457686132517141e-4,0.8425387638883525,57.85452523948697
14585,3,0.708561281,93.77252153116129,5.112117828089274e-4,0.9662316519574707,66.34813244363946
14716,7,0.709984137,58.13327595602603,3.1692029985700847e-4,0.5990050213379916,41.1318180372417
14717,3,0.709890979,63.892791117225684,3.48318965111984e-4,0.6583510403829282,45.20692520602395
14719,3,0.709609727,78.04849271699962,4.254904150588307e-4,0.8042113277894196,55.2226990088254
14789,4,0.709543973,81.79608992288043,4.4592087611059465e-4,0.8428265530172719,57.87428682688964
15143,3,0.708753165,96.18561712456741,5.243670534601871e-4,0.9910961784037738,68.05550240038384
15450,3,0.708694629,95.95749221395047,5.231234040375697e-4,0.9887455803219594,67.89409411642002
15451,3,0.709841587,66.5267531938762,3.6267831502674727e-4,0.6854913741071273,47.07056779406142
15454,3,0.709183736,92.15069055122031,5.023701830190053e-4,0.9495203126295265,65.20061657330461
13923,3,0.70912625,92.46027394117691,5.040579127944615e-4,0.9527102585263847,65.41966026994197
13924,4,0.709847625,65.98192934861764,3.597081446111113e-4,0.6798775115871241,46.685081256497696
13927,4,0.706919879,57.489862672790004,3.1341265767958516e-4,0.5923752936800237,40.67657518960264
13937,4,0.706939873,57.12442173072618,3.114204139769165e-4,0.5886097918104182,40.41800984840809
13945,4,0.708157478,82.46227633696422,4.4955266865350597e-4,0.8496909349159489,58.345642653863926
13952,7,0.709628052,76.81273197327519,4.187535219625443e-4,0.7914780544878559,54.348344601430775
13970,3,0.709137888,92.11084288576313,5.021529488467071e-4,0.9491097224588385,65.17242261901873
13973,3,0.709037793,92.88968290280282,5.06398885578839e-4,0.9571348865899402,65.7234857637352
14157,7,0.709701832,73.58180012928948,4.0113972208675444e-4,0.7581865468905167,52.06231997075151
14159,3,0.70922727,90.29661360914703,4.92262467415909e-4,0.9304159119229678,63.88877659604116
14420,7,0.709848896,65.93026295408194,3.594264792657561e-4,0.679345141283673,46.648525037985415
14679,7,0.709978809,58.3576332383786,0.00031814340961693435,0.6013167977946391,41.29056056054344
13980,4,0.708182384,83.48487484662682,4.551274830947349e-4,0.860227785489517,59.069175520933264
13981,4,0.707989788,75.37784030707991,4.109310435345796e-4,0.776692937031596,53.33309641617895
13982,4,0.708200412,84.07326190768634,4.583351434365333e-4,0.8662905231947094,59.485484926053914
13997,4,0.708149699,82.03534669981708,4.4722521219423363e-4,0.845291853800985,58.04357138984081
14002,4,0.708190704,83.61949365567001,4.5586137315385754e-4,0.8616148971094506,59.164424176146554
14004,3,0.709794044,68.78669398993655,3.7499864452767383e-4,0.7087777941910518,48.669574078668674
14005,7,0.709646904,75.25907579112257,4.102835849940005e-4,0.7754691879783165,53.24906536203135
14016,3,0.708065473,79.3340442167163,4.324987482392973e-4,0.8174576448230816,56.13228253898544
14030,4,0.70702308,55.96118064313789,3.050788702014833e-4,0.5766237607286823,39.594966247969715
14152,3,0.707837974,69.24701486590797,3.775081372002295e-4,0.7135209384849011,48.995271094668986
14309,3,0.708173403,83.33501812246074,4.543105217730604e-4,0.8586836624587653,58.96314537883842
14347,4,0.70855134,93.9517688547644,5.121889703940178e-4,0.968078615596349,66.47495771155799
15016,3,0.709330333,88.02609806056245,4.798844884244664e-4,0.9070205296352581,62.28228821465779
14032,4,0.708261834,86.2673045850392,4.702962216962845e-4,0.8888979293515266,61.03786542907398
14033,3,0.70981084,68.10387739597213,3.712761906293208e-4,0.7017420549915789,48.186451677017025
14034,3,0.709798146,68.62142460164726,3.740976592789938e-4,0.7070748591365467,48.55263880718349
14035,4,0.709878555,64.41251333458284,3.511522910902374e-4,0.6637062558387603,45.57465125143755
14041,4,0.708001472,75.87653913207046,4.1364975804972063e-4,0.7818315275443802,53.68594749824104
14045,4,0.709843204,66.1609909866847,3.606843199099543e-4,0.6817225619230505,46.81177514383333
14046,3,0.708203498,84.12231816976855,4.586025793419297e-4,0.8667959987047692,59.520194362471685
14050,4,0.709839927,66.5946124787668,3.630482577929502e-4,0.6861905958820128,47.118581185915836
14053,3,0.709651074,75.11385188658457,4.094918800261366e-4,0.7739728015007615,53.14631314107216
14055,3,0.709795906,68.7117951126538,3.745903246066469e-4,0.7080060364869294,48.61657986939827
14058,3,0.709671847,74.37077886310247,4.054409312099072e-4,0.7663161803149321,52.62055669800902
14061,3,0.708042153,77.43566160056896,4.221494951126054e-4,0.7978967186445332,54.7890943726846
14063,4,0.709884733,64.15497869056635,3.4974831109318695e-4,0.661052619992553,45.39243430354036
14070,3,0.708097119,81.09613502755572,4.421049907735893e-4,0.8356142208354976,57.37903833254106
14074,4,0.709849379,65.91060706329276,3.5931932289618254e-4,0.6791426070709012,46.63461764140395
14087,4,0.709881196,64.30264242395036,3.505533170711309e-4,0.6625741464558723,45.49691280939379
14100,7,0.709661184,74.75625668186117,4.0754240827102527e-4,0.7702881420744163,52.89329899986328
14105,7,0.709680483,0,0,0,0
13542,1,0.70776302,0,0,0,0
13543,1,0.705945841,0,0,0,0
13544,1,0.709258709,0,0,0,0
13545,2,0.709164802,0,0,0,0
13546,1,0.709660707,0,0,0,0
13547,2,0.705946127,0,0,0,0
13548,1,0.707497882,0,0,0,0
13549,1,0.707845234,0,0,0,0
13551,1,0.706558918,0,0,0,0
13555,1,0.707822599,0,0,0,0
13556,1,0.707710764,0,0,0,0
13562,2,0.707949658,0,0,0,0
13566,1,0.706969351,0,0,0,0
13567,1,0.707875031,0,0,0,0
13569,1,0.707920423,0,0,0,0
13571,1,0.709417796,0,0,0,0
13574,1,0.709434889,0,0,0,0
13575,2,0.70760562,0,0,0,0
13576,1,0.707427125,0,0,0,0
13578,1,0.709405963,0,0,0,0
13581,2,0.709364484,0,0,0,0
13582,1,0.709135394,0,0,0,0
13588,2,0.707830355,0,0,0,0
13589,1,0.707932995,0,0,0,0
13591,1,0.707772478,0,0,0,0
13592,1,0.709653581,0,0,0,0
13593,1,0.709780512,0,0,0,0
13597,2,0.708685695,0,0,0,0
13598,1,0.70872998,0,0,0,0
13599,2,0.707917568,0,0,0,0
13600,1,0.709204829,0,0,0,0
13601,1,0.705959614,0,0,0,0
13602,1,0.708059892,0,0,0,0
13603,2,0.709451218,0,0,0,0
13604,2,0.707549937,0,0,0,0
13606,2,0.709405676,0,0,0,0
13607,1,0.707436166,0,0,0,0
13608,2,0.709985615,0,0,0,0
13609,1,0.709434403,0,0,0,0
13610,1,0.707799806,0,0,0,0
13615,2,0.70740685699999994,0,0,0,0
13616,1,0.709617675,0,0,0,0
13617,2,0.707571161,0,0,0,0
13618,2,0.709137895,0,0,0,0
13619,1,0.707533813,0,0,0,0
13620,1,0.709453477,0,0,0,0
13622,1,0.70970247,0,0,0,0
13623,1,0.709237357,0,0,0,0
13624,2,0.709571885,0,0,0,0
13625,2,0.709143203,0,0,0,0
13626,1,0.707598113,0,0,0,0
13628,2,0.709850706,0,0,0,0
13636,1,0.707808871,0,0,0,0
13637,1,0.707757478,0,0,0,0
13640,1,0.709310115,0,0,0,0
13652,1,0.707168791,0,0,0,0
13653,1,0.707322114,0,0,0,0
13657,1,0.709291703,0,0,0,0
13658,2,0.70965622799999994,0,0,0,0
13659,1,0.705796333,0,0,0,0
13660,2,0.709055656,0,0,0,0
13661,2,0.707863297,0,0,0,0
13665,2,0.707556288,0,0,0,0
13666,1,0.707867844,0,0,0,0
13667,1,0.709738777,0,0,0,0
13668,1,0.709576214,0,0,0,0
13670,1,0.707931218,0,0,0,0
13671,2,0.709819965,0,0,0,0
13672,2,0.709245401,0,0,0,0
13673,1,0.709467939,0,0,0,0
13674,1,0.707633629,0,0,0,0
13679,2,0.710003309,0,0,0,0
13684,1,0.70948011,0,0,0,0
13685,2,0.706985217,0,0,0,0
13686,1,0.707259238,0,0,0,0
13687,1,0.708079329,0,0,0,0
13688,1,0.70727528,0,0,0,0
13691,2,0.707871778,0,0,0,0
13698,1,0.709805231,0,0,0,0
13699,1,0.708062603,0,0,0,0
13701,1,0.709428551,0,0,0,0
13728,1,0.70935118,0,0,0,0
13729,1,0.708991565,0,0,0,0
13730,1,0.708037226,0,0,0,0
13731,1,0.70753368,0,0,0,0
13732,1,0.707911351,0,0,0,0
13733,1,0.709776348,0,0,0,0
13735,1,0.709646698,0,0,0,0
13736,1,0.707861872,0,0,0,0
13737,1,0.709220748,0,0,0,0
13741,1,0.709184912,0,0,0,0
13743,1,0.709776821,0,0,0,0
13744,2,0.707988039,0,0,0,0
13745,1,0.707258378,0,0,0,0
13746,2,0.707953933,0,0,0,0
13747,1,0.707847462,0,0,0,0
13750,1,0.707923793,0,0,0,0
13751,2,0.709046337,0,0,0,0
13754,1,0.707925953,0,0,0,0
13755,2,0.709828092,0,0,0,0
13756,1,0.709729908,0,0,0,0
13757,1,0.709611048,0,0,0,0
13758,1,0.708439345,0,0,0,0
13760,1,0.706103116,0,0,0,0
13764,1,0.707883136,0,0,0,0
13765,1,0.706163792,0,0,0,0
13766,1,0.709644956,0,0,0,0
13767,1,0.70952095,0,0,0,0
13768,1,0.707773759,0,0,0,0
13774,1,0.709092109,0,0,0,0
13775,2,0.70982086,0,0,0,0
13776,1,0.709605768,0,0,0,0
13778,1,0.709357433,0,0,0,0
13779,2,0.709245441,0,0,0,0
13780,1,0.707809258,0,0,0,0
13781,1,0.709235835,0,0,0,0
13783,1,0.706848915,0,0,0,0
13784,2,0.706727144,0,0,0,0
13786,1,0.707857903,0,0,0,0
13787,2,0.710021703,0,0,0,0
13788,1,0.707248169,0,0,0,0
13789,1,0.70738947,0,0,0,0
13790,1,0.707350552,0,0,0,0
13792,1,0.709543403,0,0,0,0
13793,1,0.709541763,0,0,0,0
13794,1,0.708800661,0,0,0,0
13795,1,0.707911351,0,0,0,0
13797,1,0.709459332,0,0,0,0
13798,1,0.708131577,0,0,0,0
13806,1,0.70965751,0,0,0,0
13807,1,0.709551546,0,0,0,0
13812,1,0.707860068,0,0,0,0
13813,2,0.70924505,0,0,0,0
13814,1,0.707910629,0,0,0,0
13823,1,0.709555435,0,0,0,0
13824,2,0.709236092,0,0,0,0
13825,1,0.707747332,0,0,0,0
13826,1,0.709632958,0,0,0,0
13827,1,0.708077988,0,0,0,0
13831,2,0.707228542,0,0,0,0
13832,1,0.708146396,0,0,0,0
13833,2,0.707938689,0,0,0,0
13835,2,0.709736117,0,0,0,0
13837,1,0.709060464,0,0,0,0
13839,2,0.708035221,0,0,0,0
13841,2,0.709348353,0,0,0,0
13848,1,0.707831005,0,0,0,0
13849,1,0.709236952,0,0,0,0
13850,2,0.709134668,0,0,0,0
13852,1,0.709396015,0,0,0,0
13854,1,0.707939684,0,0,0,0
13856,1,0.709608905,0,0,0,0
13860,1,0.707973693,0,0,0,0
13864,1,0.708041962,0,0,0,0
13865,1,0.70931365,0,0,0,0
13867,2,0.70943028,0,0,0,0
13868,1,0.709140531,0,0,0,0
13879,1,0.709506354,0,0,0,0
13880,1,0.707827119,0,0,0,0
13881,2,0.706954036,0,0,0,0
13883,1,0.708894427,0,0,0,0
13885,1,0.709204165,0,0,0,0
13886,1,0.708094932,0,0,0,0
13888,2,0.706987975,0,0,0,0
13889,2,0.707238998,0,0,0,0
13891,1,0.707758725,0,0,0,0
13892,1,0.707877312,0,0,0,0
13893,1,0.709541977,0,0,0,0
13894,2,0.707826271,0,0,0,0
13895,1,0.709609821,0,0,0,0
13896,1,0.709544304,0,0,0,0
13897,2,0.708998192,0,0,0,0
13898,1,0.708685138,0,0,0,0
13998,2,0.708025155,0,0,0,0
13920,2,0.708002306,0,0,0,0
14084,2,0.709310463,0,0,0,0
14085,1,0.709191437,0,0,0,0
14135,1,0.708122438,0,0,0,0
15019,1,0.708200725,0,0,0,0
15020,1,0.709510891,0,0,0,0
14236,1,0.708028802,0,0,0,0
14237,2,0.707341136,0,0,0,0
14238,1,0.709766107,0,0,0,0
14371,2,0.709752628,0,0,0,0
14372,1,0.707974777,0,0,0,0
14373,1,0.708296633,0,0,0,0
13999,1,0.709580198,0,0,0,0
14000,1,0.70942895,0,0,0,0
14349,1,0.708344897,0,0,0,0
14350,1,0.709719288,0,0,0,0
14352,1,0.709387301,0,0,0,0
14438,1,0.708205403,0,0,0,0
14259,2,0.708154789,0,0,0,0
14260,1,0.7096817,0,0,0,0
14261,2,0.707973986,0,0,0,0
14442,2,0.709705225,0,0,0,0
14443,2,0.708241601,0,0,0,0
14444,2,0.708257656,0,0,0,0
14545,1,0.708277929,0,0,0,0
13907,1,0.707935249,0,0,0,0
13921,2,0.709745474,0,0,0,0
13922,2,0.709585172,0,0,0,0
14019,1,0.709314457,0,0,0,0
14020,1,0.709807993,0,0,0,0
14021,2,0.708062384,0,0,0,0
14022,1,0.708017712,0,0,0,0
14027,1,0.707430115,0,0,0,0
14028,1,0.707800785,0,0,0,0
14433,1,0.709714716,0,0,0,0
14435,2,0.7087579,0,0,0,0
14440,2,0.709234315,0,0,0,0
14441,1,0.708825377,0,0,0,0
14445,1,0.708053542,0,0,0,0
14578,1,0.708174641,0,0,0,0
14580,1,0.709765115,0,0,0,0
14581,1,0.709716938,0,0,0,0
14582,2,0.707741804,0,0,0,0
14583,1,0.7091751,0,0,0,0
14715,1,0.708316812,0,0,0,0
14718,1,0.709369972,0,0,0,0
14720,1,0.708288219,0,0,0,0
14724,1,0.709711007,0,0,0,0
14725,1,0.709454571,0,0,0,0
14786,1,0.709557838,0,0,0,0
14787,2,0.709699004,0,0,0,0
14788,2,0.709527118,0,0,0,0
14790,1,0.709355366,0,0,0,0
14791,2,0.709420993,0,0,0,0
14792,1,0.709475551,0,0,0,0
14793,1,0.708381084,0,0,0,0
15140,1,0.708191565,0,0,0,0
15141,1,0.709428614,0,0,0,0
15142,2,0.707313366,0,0,0,0
15144,1,0.708142412,0,0,0,0
15145,1,0.709583524,0,0,0,0
15146,1,0.708916338,0,0,0,0
15153,1,0.709430865,0,0,0,0
15452,2,0.708257292,0,0,0,0
15453,1,0.710223966,0,0,0,0
15455,2,0.708066892,0,0,0,0
15456,1,0.705858473,0,0,0,0
15528,2,0.709198879,0,0,0,0
13925,1,0.709741911,0,0,0,0
13926,2,0.709500592,0,0,0,0
13928,1,0.70978622,0,0,0,0
13929,2,0.707993136,0,0,0,0
13930,1,0.709570337,0,0,0,0
13931,1,0.708757329,0,0,0,0
13932,1,0.709772949,0,0,0,0
13933,2,0.707295428,0,0,0,0
13934,1,0.709735386,0,0,0,0
13935,1,0.70791111,0,0,0,0
13936,1,0.707409677,0,0,0,0
13938,2,0.709577123,0,0,0,0
13946,2,0.708020446,0,0,0,0
13947,1,0.709039777,0,0,0,0
13948,1,0.7078969,0,0,0,0
13949,1,0.708204128,0,0,0,0
13950,2,0.709720812,0,0,0,0
13951,1,0.708052638,0,0,0,0
13953,1,0.706119562,0,0,0,0
13954,1,0.709419006,0,0,0,0
13955,1,0.70898149,0,0,0,0
13956,1,0.707383222,0,0,0,0
13957,2,0.708195708,0,0,0,0
13958,1,0.707981007,0,0,0,0
13959,1,0.707938453,0,0,0,0
13960,2,0.709769644,0,0,0,0
13961,1,0.709746951,0,0,0,0
13962,1,0.707881094,0,0,0,0
13969,2,0.709190625,0,0,0,0
13971,1,0.707423299,0,0,0,0
13972,1,0.707939923,0,0,0,0
13974,1,0.707894657,0,0,0,0
13975,1,0.709579271,0,0,0,0
13976,1,0.709674757,0,0,0,0
14158,1,0.709770543,0,0,0,0
14418,1,0.70917251,0,0,0,0
14419,2,0.709331854,0,0,0,0
15437,2,0.708224133,0,0,0,0
14680,1,0.709635319,0,0,0,0
14681,1,0.709371498,0,0,0,0
14721,2,0.709421543,0,0,0,0
14722,2,0.709736674,0,0,0,0
14723,2,0.709717096,0,0,0,0
13977,1,0.709709753,0,0,0,0
13978,2,0.709461892,0,0,0,0
13979,1,0.707911022,0,0,0,0
13983,2,0.709460457,0,0,0,0
13984,1,0.707990094,0,0,0,0
13985,1,0.709335679,0,0,0,0
13986,2,0.709615939,0,0,0,0
13993,2,0.707115476,0,0,0,0
13994,2,0.707151682,0,0,0,0
13995,2,0.709760797,0,0,0,0
13996,1,0.708090956,0,0,0,0
14001,1,0.70805061,0,0,0,0
14003,2,0.70820881,0,0,0,0
14006,2,0.708022794,0,0,0,0
14007,2,0.709758799,0,0,0,0
14008,2,0.708028229,0,0,0,0
14009,2,0.709568071,0,0,0,0
14010,1,0.707358914,0,0,0,0
14011,1,0.708860622,0,0,0,0
14012,2,0.708192632,0,0,0,0
14013,2,0.70801061,0,0,0,0
14014,1,0.707490989,0,0,0,0
14015,1,0.706142388,0,0,0,0
14017,2,0.707999698,0,0,0,0
14018,1,0.709731866,0,0,0,0
14031,1,0.709451478,0,0,0,0
14153,1,0.70965961,0,0,0,0
14154,1,0.708181398,0,0,0,0
14308,1,0.708061374,0,0,0,0
14310,2,0.708025911,0,0,0,0
14348,2,0.708853357,0,0,0,0
14439,2,0.709754052,0,0,0,0
15017,2,0.709567956,0,0,0,0
15018,2,0.70841624,0,0,0,0
15172,1,0.707438183,0,0,0,0
15173,1,0.709803447,0,0,0,0
15174,1,0.708266382,0,0,0,0
14036,1,0.709196555,0,0,0,0
14037,1,0.70967861,0,0,0,0
14038,2,0.708316346,0,0,0,0
14039,1,0.706205059,0,0,0,0
14040,1,0.708220466,0,0,0,0
14042,2,0.708333004,0,0,0,0
14043,1,0.70810093,0,0,0,0
14044,2,0.707211216,0,0,0,0
14047,2,0.70961894700000006,0,0,0,0
14048,2,0.707235919,0,0,0,0
14049,1,0.707986482,0,0,0,0
14051,1,0.709580129,0,0,0,0
14052,1,0.709281068,0,0,0,0
14054,1,0.709733059,0,0,0,0
14056,1,0.709734097,0,0,0,0
14057,1,0.709458761,0,0,0,0
14059,2,0.708200074,0,0,0,0
14060,1,0.708202806,0,0,0,0
14062,1,0.707527541,0,0,0,0
14064,2,0.708374962,0,0,0,0
14065,1,0.709749279,0,0,0,0
14066,2,0.707915445,0,0,0,0
14067,1,0.709246694,0,0,0,0
14068,2,0.709637588,0,0,0,0
14069,1,0.709700996,0,0,0,0
14071,1,0.70784803,0,0,0,0
14072,2,0.707314082,0,0,0,0
14073,1,0.709615922,0,0,0,0
14075,1,0.707885467,0,0,0,0
14082,2,0.709780581,0,0,0,0
14086,1,0.707986513,0,0,0,0
14088,1,0.707421622,0,0,0,0
14092,2,0.708862058,0,0,0,0
14093,2,0.709793475,0,0,0,0
14094,2,0.709758439,0,0,0,0
14095,2,0.709748042,0,0,0,0
14096,1,0.707827931,0,0,0,0
14097,1,0.708519355,0,0,0,0
14098,1,0.70968054,0,0,0,0
14099,2,0.708930698,0,0,0,0
14101,1,0.709726272,0,0,0,0
14102,1,0.706457347,0,0,0,0
14103,2,0.709367919,0,0,0,0
14104,2,0.707920426,0,0,0,0
14109,3,0.708045121,77.78337137358614,4.240450752896312e-4,0.8014795186257888,55.03511414154008
14111,3,0.708911667,95.59667401574237,5.211563617594693e-4,0.9850277111848361,67.63879956731449
14113,3,0.709539534,81.94046519472364,4.467079546588447e-4,0.8443141951872494,57.97643860335282
14120,3,0.708131702,81.72903214798946,4.4555530286916463e-4,0.8421355899979192,57.8268405381774
14133,3,0.709708058,73.35119623208452,3.9988255818108236e-4,0.7558104053417354,51.89915769608996
14773,3,0.70980168,68.47826082350727,3.733171853292527e-4,0.7055997001923915,48.45134421514239
14904,3,0.708375525,89.23715131944637,4.8648668580000435e-4,0.919499217121027,63.139161003239366
15372,4,0.709317781,88.2222262298183,4.809537038985434e-4,0.9090414334339526,62.42105741417635
14141,4,0.708018411,76.45606131623283,4.1680909048640377e-4,0.7878029215967747,54.0959846178684
14150,3,0.707856798,70.47130111782573,3.841824757728929e-4,0.7261359786730462,49.86150680066068
14163,3,0.708180767,83.45824119722623,4.5498228666436845e-4,0.8599533524825146,59.05033105702172
14171,3,0.708214082,84.89237090826208,4.6280061120536163e-4,0.8747306187561423,60.06504012589907
14175,3,0.708208354,84.49919839713812,4.6065718563589615e-4,0.8706793709201617,59.78685349494042
14183,4,0.70840877,90.34394195377969,4.925204833788157e-4,0.9309035829791804,63.92226345580297
14188,4,0.709474012,84.51799882275736,4.607596783378247e-4,0.8708730904235616,59.80015561275292
14189,3,0.70900582,93.09953789978321,5.075429344471641e-4,0.9592972315615055,65.87196729015965
14192,3,0.709258744,89.96268556939174,4.904420199570394e-4,0.9269751188609997,63.652508002144316
14193,4,0.708053472,78.2211800089065,4.264318398698808e-4,0.8059906968903753,55.344882769352346
14195,3,0.709260702,89.9385968642331,4.90310697585532e-4,0.926726908948342,63.635464196835855
14199,4,0.707109268,55.28074657868154,3.013694049392203e-4,0.5696125711028459,39.11352958944165
14203,4,0.707120563,55.35454903365451,3.017717475867929e-4,0.5703730312762811,39.165748032299504
14205,4,0.70713015,55.41780588278184,3.0211659964035013e-4,0.5710248295731801,39.21050500092248
14226,4,0.708475727,92.01542697853542,5.016327779560694e-4,0.9481265573678473,65.10491171980642
14227,3,0.708008115,75.98710727654395,4.142525331200208e-4,0.7829708212217182,53.76417926351502
14228,3,0.709046565,92.60139432445463,5.048272469399884e-4,0.9541643623388112,65.51950907135334
14229,7,0.7097464,71.5879456191311,3.902699928509786e-4,0.7376418787334066,50.65158129215711
14233,4,0.709473489,84.53260315866856,4.608392955697813e-4,0.871023573436952,59.810488814819635
14235,4,0.707265775,54.602857477507314,2.9767381383961596e-4,0.562627604767544,38.633893602988394
14251,4,0.708507381,93.07396223621252,5.074035057493217e-4,0.9590337000358697,65.85387139718146
14258,3,0.708010638,76.0283541294129,4.144773951248607e-4,0.7833958286133811,53.79336320367517
14267,4,0.709460438,85.18995022332136,4.6442289937352144e-4,0.8777968747177307,60.27559041809185
14273,3,0.707159978,54.46480709557011,2.9692121616265024e-4,0.5612051342355107,38.536216960885724
14277,4,0.708057381,78.88845232614963,4.3006955233987717e-4,0.8128662679304595,55.8170069199833
14280,4,0.709466414,84.7277755018744,4.6190330024722937e-4,0.8730346284082052,59.94858172588691
14283,3,0.708004467,75.92674129043516,4.139234409416747e-4,0.7823488103647258,53.72146770605619
14284,3,0.709752962,71.32970712239685,3.8886217571915984e-4,0.7349809903918721,50.46886633788688
14288,3,0.709762972,70.63107062234221,3.8505347776696027e-4,0.7277822429491977,49.97455066546271
14290,4,0.708265907,86.33277600469037,4.7065314673803873e-4,0.8895725465734228,61.084189302543095
14293,4,0.708068141,79.38121979367472,4.3275593137150027e-4,0.8179437417618467,56.165661308981534
14299,7,0.70978703,69.37006196480944,3.78178942738694e-4,0.7147888152541166,49.08233226228413
14312,3,0.708194297,83.67637317035704,4.561714584286659e-4,0.8622009833801534,59.20466890362283
14316,4,0.708074872,79.49832615506388,4.3339435029003307e-4,0.8191504051977038,56.24851914674223
14317,4,0.709470823,84.60667142691126,4.612430873292398e-4,0.8717867725491567,59.862895332112714
14318,3,0.708238031,85.58338115659926,4.665677337613473e-4,0.881850785334456,60.55395989395022
14321,4,0.707309535,56.58641598656047,3.0848741323058373e-4,0.5830661829742719,40.03734741354454
14324,7,0.709815335,67.91843998765259,3.7026525707908024e-4,0.6998313087468406,48.055246655265506
14328,3,0.708225306,85.37909212155695,4.6545402838042086e-4,0.8797457920103708,60.4094165273813
14334,3,0.709775291,69.84001436335157,3.8074094277421847e-4,0.719631202714433,49.41484399889472
14340,4,0.709476593,84.44557157649854,4.6036483280014113e-4,0.8701268003947057,59.74891018979912
14345,4,0.708085506,79.98391523244376,4.360415954947749e-4,0.8241539129284131,56.592094512884856
14346,3,0.709805695,68.31474532969648,3.7242576163985005e-4,0.703914837258926,48.33564990018958
14364,3,0.707298934,55.47810397048591,3.024453216626637e-4,0.5716461408053071,39.25316851731047
14384,4,0.707358086,57.56196758014716,3.13805745949341e-4,0.593118262330246,40.72759254378117
14387,4,0.70948682,84.15281010877956,4.5876880968583636e-4,0.867110187511052,59.54176873388596
14388,3,0.707324797,56.59882349793711,3.0855505421866327e-4,0.5831940299172611,40.04612626682343
14390,3,0.707351472,57.430874685043335,3.1309107781921785e-4,0.5917674817121311,40.634838625845006
14394,4,0.709500976,83.43315432675263,4.5484552267881597e-4,0.8596948574788147,59.03258100639281
14399,4,0.708092197,81.00509549357886,4.416086781895778e-4,0.8346761498753533,57.31462390751255
14402,3,0.709756798,71.1775038060116,3.88032421677696e-4,0.7334126880851515,50.36117587986145
14408,4,0.708576206,93.65962089379897,5.105962918829734e-4,0.9650683242836021,66.26825033832358
14431,4,0.707393191,57.656373049689336,3.143204083216814e-4,0.5940910158757422,40.79438851443774
14447,7,0.709897187,63.333549364841886,3.452701938025519e-4,0.6525886158109302,44.811237372858
14451,4,0.708106123,80.9619512978901,4.413734726001815e-4,0.8342315922715686,57.28409751488716
14463,7,0.70991259,62.68455870155695,3.417321458905739e-4,0.6459014188533183,44.35204828655402
14465,3,0.709034434,92.88472830710451,5.063718750254417e-4,0.9570838344575225,65.71998017205198
14466,3,0.708098813,81.12714187573008,4.422740282045517e-4,0.8359337152635486,57.40097702455594
14468,3,0.709046202,92.60100188442429,5.048251075076229e-4,0.9541603186384539,65.51923140298435
14469,4,0.709508246,83.21507853364137,4.536566571864145e-4,0.857447805459852,58.87828290959599
14475,3,0.708073846,79.48065280358502,4.3329800196357035e-4,0.8189682990613195,56.23601448284394
15470,3,0.709356523,87.5664881057484,4.7737887142109786e-4,0.902284710669907,61.95709420625861
15574,3,0.709845035,66.08695436725024,3.6028070068764667e-4,0.6809596889200276,46.75939101944691
16888,4,0.711662125,2.9821616603406564,1.6257600351512037e-5,0.030728180712487896,2.1100089192213414
15631,3,0.709791746,69.17897597667637,3.771372153001197e-4,0.712819866067671,48.94713062494133
14482,3,0.709813115,68.0101642599683,3.707653025936054e-4,0.7007764352478355,48.12014556241367
14501,4,0.707426759,57.7429921238812,3.147926222562099e-4,0.5949835384375849,40.85567527214445
14508,3,0.708496752,92.62118473836617,5.04935136677974e-4,0.9543682826772476,65.53351164888754
14929,3,0.708491483,92.54464036526574,5.045178461455481e-4,0.9535795697914125,65.4793531798461
14930,3,0.709444238,85.62131023500599,4.6677450853370065e-4,0.882241606392563,60.58079636455487
14931,3,0.708408626,90.34175545281416,4.925085634150732e-4,0.9308810532827894,63.92071641138869
14629,3,0.708113484,81.39940800976065,4.43758318628906e-4,0.8387391443184665,57.593617141571194
14630,4,0.709736823,71.95994394183515,3.922979848751482e-4,0.7414749478244652,50.91478626500598
14633,3,0.709904876,63.01090221119483,3.4351124540337374e-4,0.6492640609501102,44.58295049592226
14634,3,0.708081084,79.90737818416028,4.356243448944385e-4,0.8233652755174597,56.53794122646959
14781,3,0.709028271,92.87276135065393,5.06306635773665e-4,0.9569605269905658,65.71151303052089
14514,3,0.708074415,79.49046198040283,4.333514778292828e-4,0.8190693727763723,56.2429549015513
14516,3,0.708531067,93.39705946278659,5.091649077732894e-4,0.9623628924461622,66.08247672026414
14524,3,0.709817226,67.84009475694451,3.698381489624286e-4,0.6990240398320883,47.99981400123776
14525,3,0.709064375,92.31263056831087,5.03253017814244e-4,0.9511889418577536,65.31519617003947
14541,3,0.709861854,65.09947299032876,3.548973313706673e-4,0.6707846851287197,46.06070504927342
14550,7,0.709918383,62.43778234211077,0.00034038681593028636,0.6433586363242968,44.17744329232815
14558,3,0.7094102,86.44952543149296,4.712896197862529e-4,0.89077553215686,61.16679459357862
14563,4,0.709529492,82.26101815581374,4.484554863242814e-4,0.8476171714971167,58.20324374808319
14589,3,0.708103587,80.91498810763211,4.4111744731872203e-4,0.8337476837644364,57.25086901770766
14593,3,0.709903667,63.061810794551064,3.4378877945314513e-4,0.6497886227704807,44.61897053010589
14595,4,0.709740333,71.82428587207879,3.9155842916564835e-4,0.740077127666686,50.81880228769284
14597,4,0.70974887,71.49105904917192,3.897418044717996e-4,0.7366435599400589,50.58302983517698
14599,3,0.70903804,92.89000354271718,5.064006335845404e-4,0.9571381904622163,65.72371263040316
14944,3,0.708166785,83.22158408518561,4.536921229555842e-4,0.8575148386345266,58.88288586991345
14945,3,0.708181687,83.47341328416145,4.5506499905691633e-4,0.8601096855999748,59.061065967600946
15201,3,0.709487426,84.13517465693631,4.586726679736352e-4,0.8669284718923475,59.52929088562622
15232,3,0.70827281,86.74218544717644,4.728850898230134e-4,0.8937910996791836,61.37386426776961
14106,1,0.709615332,0,0,0,0
14107,1,0.709268378,0,0,0,0
14108,1,0.707882678,0,0,0,0
14110,1,0.708107708,0,0,0,0
14112,1,0.70757139,0,0,0,0
14114,1,0.708365114,0,0,0,0
14115,2,0.709755291,0,0,0,0
14116,1,0.709673828,0,0,0,0
14117,1,0.709702318,0,0,0,0
14118,1,0.709742125,0,0,0,0
14119,1,0.708030838,0,0,0,0
14121,1,0.706208186,0,0,0,0
14122,1,0.709185296,0,0,0,0
14123,1,0.708030268,0,0,0,0
14124,1,0.709188675,0,0,0,0
14131,1,0.707987156,0,0,0,0
14132,1,0.709743541,0,0,0,0
14506,1,0.708272246,0,0,0,0
14507,1,0.709655185,0,0,0,0
14772,2,0.709567334,0,0,0,0
14774,1,0.708084201,0,0,0,0
14908,1,0.70888922,0,0,0,0
14909,1,0.709626172,0,0,0,0
14961,2,0.708364703,0,0,0,0
14962,1,0.709518799,0,0,0,0
14963,2,0.709626445,0,0,0,0
15147,2,0.709581376,0,0,0,0
15148,1,0.70957796,0,0,0,0
15149,1,0.709596423,0,0,0,0
15406,1,0.709359991,0,0,0,0
15407,2,0.709404195,0,0,0,0
14136,2,0.709429614,0,0,0,0
14137,2,0.70942682,0,0,0,0
14138,2,0.709405255,0,0,0,0
14139,1,0.709204656,0,0,0,0
14140,1,0.708113633,0,0,0,0
14142,2,0.706257252,0,0,0,0
14146,2,0.709267326,0,0,0,0
14147,1,0.709409792,0,0,0,0
14148,1,0.709243769,0,0,0,0
14149,1,0.709586125,0,0,0,0
14151,2,0.709233443,0,0,0,0
14215,1,0.709748768,0,0,0,0
14216,1,0.708093075,0,0,0,0
14217,1,0.709759222,0,0,0,0
14218,1,0.706251208,0,0,0,0
14219,2,0.709091097,0,0,0,0
14220,1,0.708003734,0,0,0,0
14296,1,0.707976387,0,0,0,0
14297,1,0.709079234,0,0,0,0
14298,1,0.709330924,0,0,0,0
14341,2,0.709712839,0,0,0,0
14342,1,0.708596213,0,0,0,0
14343,1,0.706439585,0,0,0,0
15052,1,0.708399226,0,0,0,0
15053,2,0.708186774,0,0,0,0
15054,1,0.709692201,0,0,0,0
14155,1,0.709755886,0,0,0,0
14156,2,0.709023643,0,0,0,0
14160,2,0.709660047,0,0,0,0
14161,1,0.706210231,0,0,0,0
14162,2,0.708425105,0,0,0,0
14164,1,0.709599398,0,0,0,0
14165,1,0.70940312,0,0,0,0
14166,1,0.709231216,0,0,0,0
14167,1,0.708227112,0,0,0,0
14168,2,0.708100893,0,0,0,0
14169,1,0.707992648,0,0,0,0
14170,2,0.709793312,0,0,0,0
14172,1,0.707980542,0,0,0,0
14173,2,0.709793241,0,0,0,0
14174,1,0.709722511,0,0,0,0
14176,2,0.709221372,0,0,0,0
14177,1,0.707903149,0,0,0,0
14178,1,0.709790803,0,0,0,0
14179,1,0.708081461,0,0,0,0
14180,1,0.708121677,0,0,0,0
14181,2,0.706284912,0,0,0,0
14182,1,0.709523109,0,0,0,0
14184,1,0.709752405,0,0,0,0
14185,1,0.709364862,0,0,0,0
14186,1,0.709000625,0,0,0,0
14187,1,0.709365395,0,0,0,0
14190,1,0.709595426,0,0,0,0
14191,2,0.709801001,0,0,0,0
14194,1,0.70920584,0,0,0,0
14196,1,0.70922292,0,0,0,0
14197,1,0.709746659,0,0,0,0
14198,2,0.709210815,0,0,0,0
14200,2,0.709772725,0,0,0,0
14201,2,0.709261398,0,0,0,0
14202,2,0.709799642,0,0,0,0
14204,1,0.709338864,0,0,0,0
14206,1,0.708394837,0,0,0,0
14207,2,0.708114599,0,0,0,0
14208,1,0.70927494,0,0,0,0
14209,2,0.709713217,0,0,0,0
14210,1,0.707914665,0,0,0,0
14211,1,0.709683007,0,0,0,0
14212,1,0.709418079,0,0,0,0
14213,2,0.708447675,0,0,0,0
14214,1,0.707917725,0,0,0,0
14221,1,0.709356681,0,0,0,0
14222,2,0.706318356,0,0,0,0
14223,1,0.708237412,0,0,0,0
14224,1,0.709713127,0,0,0,0
14225,1,0.708931964,0,0,0,0
14230,1,0.708387769,0,0,0,0
14231,1,0.70813109,0,0,0,0
14232,1,0.709600177,0,0,0,0
14234,2,0.709031861,0,0,0,0
14239,1,0.707934934,0,0,0,0
14240,1,0.708096561,0,0,0,0
14241,2,0.708129503,0,0,0,0
14242,2,0.709776551,0,0,0,0
14243,1,0.708398034,0,0,0,0
14244,1,0.7092484,0,0,0,0
14245,1,0.7097479,0,0,0,0
14246,1,0.707916812,0,0,0,0
14247,1,0.709361259,0,0,0,0
14248,1,0.708228651,0,0,0,0
14249,1,0.709724139,0,0,0,0
14250,1,0.709222068,0,0,0,0
14252,1,0.708512139,0,0,0,0
14253,1,0.709353699,0,0,0,0
14254,1,0.708899372,0,0,0,0
14255,2,0.709432525,0,0,0,0
14256,1,0.708137504,0,0,0,0
14257,1,0.706287409,0,0,0,0
14262,1,0.708295113,0,0,0,0
14263,2,0.709718519,0,0,0,0
14264,2,0.708738403,0,0,0,0
14265,1,0.709373617,0,0,0,0
14266,1,0.709449104,0,0,0,0
14268,1,0.709309741,0,0,0,0
14269,1,0.709738991,0,0,0,0
14270,2,0.709466474,0,0,0,0
14271,2,0.708122307,0,0,0,0
14272,1,0.709765051,0,0,0,0
14274,1,0.709706096,0,0,0,0
14275,1,0.708133167,0,0,0,0
14276,2,0.709759085,0,0,0,0
14278,1,0.709055713,0,0,0,0
14279,2,0.709588843,0,0,0,0
14281,1,0.709216628,0,0,0,0
14282,1,0.706298121,0,0,0,0
14285,1,0.709752136,0,0,0,0
14286,1,0.709799316,0,0,0,0
14287,1,0.709642955,0,0,0,0
14289,1,0.709246037,0,0,0,0
14291,2,0.707951827,0,0,0,0
14292,2,0.708133898,0,0,0,0
14294,2,0.709239282,0,0,0,0
14295,1,0.709767562,0,0,0,0
14300,1,0.708779936,0,0,0,0
14301,1,0.709375753,0,0,0,0
14302,1,0.708320714,0,0,0,0
14303,2,0.709281573,0,0,0,0
14304,1,0.709680836,0,0,0,0
14305,1,0.70853701,0,0,0,0
14306,1,0.709721464,0,0,0,0
14307,2,0.709692695,0,0,0,0
14311,1,0.709273284,0,0,0,0
14313,2,0.706367522,0,0,0,0
14314,1,0.709356832,0,0,0,0
14315,1,0.708150852,0,0,0,0
14319,1,0.709685179,0,0,0,0
14320,1,0.709614827,0,0,0,0
14322,2,0.709698614,0,0,0,0
14323,2,0.709679186,0,0,0,0
14325,2,0.709135927,0,0,0,0
14326,1,0.708251242,0,0,0,0
14327,1,0.709652892,0,0,0,0
14329,1,0.709735182,0,0,0,0
14330,1,0.708411872,0,0,0,0
14331,2,0.7082199,0,0,0,0
14332,1,0.70970236,0,0,0,0
14333,2,0.707934606,0,0,0,0
14335,1,0.709368427,0,0,0,0
14336,1,0.709255327,0,0,0,0
14337,1,0.706290141,0,0,0,0
14338,2,0.708149381,0,0,0,0
14339,1,0.707987723,0,0,0,0
14344,2,0.709786111,0,0,0,0
14353,1,0.708453497,0,0,0,0
14354,1,0.707917358,0,0,0,0
14355,1,0.70969021,0,0,0,0
14356,1,0.708907153,0,0,0,0
14357,2,0.708829598,0,0,0,0
14358,1,0.709745693,0,0,0,0
14359,2,0.709740655,0,0,0,0
14360,1,0.708027303,0,0,0,0
14361,1,0.70968915,0,0,0,0
14362,1,0.70968686,0,0,0,0
14363,2,0.708350008,0,0,0,0
14365,1,0.707589052,0,0,0,0
14366,1,0.707913588,0,0,0,0
14367,1,0.707739991,0,0,0,0
14368,1,0.70795535,0,0,0,0
14369,2,0.709108399,0,0,0,0
14370,1,0.709392183,0,0,0,0
14374,2,0.707980914,0,0,0,0
14375,1,0.709452715,0,0,0,0
14376,1,0.708220717,0,0,0,0
14377,2,0.709327413,0,0,0,0
14378,1,0.70826483,0,0,0,0
14379,2,0.70928626,0,0,0,0
14380,1,0.70637988,0,0,0,0
14381,1,0.709749566,0,0,0,0
14382,1,0.708089518,0,0,0,0
14383,1,0.709619723,0,0,0,0
14385,2,0.709731133,0,0,0,0
14386,2,0.709732658,0,0,0,0
14389,2,0.709069465,0,0,0,0
14391,1,0.70896289,0,0,0,0
14392,2,0.70798464,0,0,0,0
14393,1,0.70841029,0,0,0,0
14395,1,0.709269191,0,0,0,0
14396,2,0.70798623,0,0,0,0
14397,1,0.707972428,0,0,0,0
14398,1,0.708004247,0,0,0,0
14400,2,0.708171998,0,0,0,0
14401,1,0.709686479,0,0,0,0
14403,1,0.709725899,0,0,0,0
14404,1,0.708409107,0,0,0,0
14405,1,0.709749196,0,0,0,0
14406,1,0.7097087,0,0,0,0
14407,2,0.708970756,0,0,0,0
14409,1,0.70842353,0,0,0,0
14410,1,0.709274061,0,0,0,0
14411,2,0.70835741,0,0,0,0
14412,1,0.707959561,0,0,0,0
14413,2,0.708000517,0,0,0,0
14414,1,0.708295056,0,0,0,0
14421,2,0.709236866,0,0,0,0
14422,1,0.708021269,0,0,0,0
14423,2,0.708491556,0,0,0,0
14424,1,0.709772813,0,0,0,0
14425,1,0.709693722,0,0,0,0
14426,1,0.709282844,0,0,0,0
14427,1,0.707990064,0,0,0,0
14428,2,0.709748437,0,0,0,0
14429,2,0.708866856,0,0,0,0
14430,2,0.708726035,0,0,0,0
14446,1,0.709361864,0,0,0,0
14448,1,0.706437685,0,0,0,0
14449,1,0.709642748,0,0,0,0
14450,2,0.707705855,0,0,0,0
14452,2,0.708216818,0,0,0,0
14453,2,0.708161572,0,0,0,0
14454,2,0.70975672,0,0,0,0
14455,1,0.708029701,0,0,0,0
14456,1,0.709304638,0,0,0,0
14457,2,0.708075722,0,0,0,0
14458,1,0.708520609,0,0,0,0
14459,2,0.70807761,0,0,0,0
14464,1,0.709499449,0,0,0,0
14467,1,0.707961438,0,0,0,0
14470,1,0.709748843,0,0,0,0
14471,1,0.709696019,0,0,0,0
14638,2,0.708299814,0,0,0,0
14639,1,0.709697471,0,0,0,0
14640,2,0.709522862,0,0,0,0
16878,1,0.71169259,0,0,0,0
16879,2,0.711398747,0,0,0,0
16880,1,0.711546917,0,0,0,0
15457,2,0.70819424,0,0,0,0
15458,1,0.709818192,0,0,0,0
15459,2,0.708061503,0,0,0,0
15469,1,0.708089904,0,0,0,0
16871,2,0.710982565,0,0,0,0
15573,1,0.70710885,0,0,0,0
15575,1,0.708097789,0,0,0,0
16887,2,0.710702692,0,0,0,0
16889,1,0.711358036,0,0,0,0
15630,1,0.710594884,0,0,0,0
15632,1,0.709207865,0,0,0,0
14476,1,0.707064221,0,0,0,0
14477,2,0.707881638,0,0,0,0
14478,1,0.70882565,0,0,0,0
14479,1,0.708181183,0,0,0,0
14480,1,0.708257849,0,0,0,0
14481,1,0.708076158,0,0,0,0
14483,2,0.707993679,0,0,0,0
14484,1,0.709678638,0,0,0,0
14485,1,0.7079503,0,0,0,0
14486,1,0.708131251,0,0,0,0
14487,2,0.708083139,0,0,0,0
14488,1,0.707981789,0,0,0,0
14489,1,0.709358825,0,0,0,0
14490,2,0.708145876,0,0,0,0
14491,1,0.709562852,0,0,0,0
14492,1,0.709739956,0,0,0,0
14493,2,0.708454077,0,0,0,0
14494,1,0.708714326,0,0,0,0
14495,1,0.708315494,0,0,0,0
14496,1,0.709703421,0,0,0,0
14497,1,0.708345961,0,0,0,0
14498,2,0.709186394,0,0,0,0
14499,1,0.709699347,0,0,0,0
14500,1,0.706764717,0,0,0,0
14502,1,0.709382029,0,0,0,0
14503,2,0.708802956,0,0,0,0
14504,2,0.708064346,0,0,0,0
14509,2,0.709369408,0,0,0,0
14510,2,0.709803249,0,0,0,0
14511,1,0.709382073,0,0,0,0
14569,1,0.70969628,0,0,0,0
14570,2,0.708318081,0,0,0,0
14571,1,0.709686762,0,0,0,0
14572,2,0.70835058,0,0,0,0
14573,1,0.709371266,0,0,0,0
14574,1,0.709704428,0,0,0,0
14614,1,0.709349937,0,0,0,0
14615,1,0.708019067,0,0,0,0
14616,2,0.709008631,0,0,0,0
14686,1,0.70939862,0,0,0,0
14687,2,0.709514598,0,0,0,0
14688,1,0.709702326,0,0,0,0
14689,2,0.709723545,0,0,0,0
14690,1,0.70939433,0,0,0,0
14691,1,0.708106539,0,0,0,0
14631,1,0.707814698,0,0,0,0
14632,1,0.709709818,0,0,0,0
14695,1,0.709495455,0,0,0,0
14696,1,0.709581957,0,0,0,0
14697,2,0.709705137,0,0,0,0
14737,1,0.709387871,0,0,0,0
14738,1,0.708089904,0,0,0,0
14739,2,0.708066523,0,0,0,0
14779,1,0.708485102,0,0,0,0
14780,2,0.708353103,0,0,0,0
14821,1,0.708258974,0,0,0,0
14822,1,0.709378449,0,0,0,0
14823,1,0.709393606,0,0,0,0
14512,1,0.709734617,0,0,0,0
14513,2,0.708824214,0,0,0,0
14515,2,0.709808066,0,0,0,0
14517,2,0.709815426,0,0,0,0
14518,2,0.709798893,0,0,0,0
14519,1,0.708013698,0,0,0,0
14520,2,0.709421782,0,0,0,0
14521,1,0.70807794,0,0,0,0
14522,1,0.709188899,0,0,0,0
14523,1,0.709568496,0,0,0,0
14526,1,0.709341669,0,0,0,0
14527,2,0.708268488,0,0,0,0
14528,1,0.708091317,0,0,0,0
14529,2,0.709714147,0,0,0,0
14530,1,0.709761013,0,0,0,0
14531,1,0.709465608,0,0,0,0
14532,1,0.70761791,0,0,0,0
14533,1,0.708143268,0,0,0,0
14534,1,0.708228694,0,0,0,0
14535,2,0.708161306,0,0,0,0
14536,1,0.708385919,0,0,0,0
14537,2,0.708239775,0,0,0,0
14538,2,0.708238797,0,0,0,0
14539,1,0.708426989,0,0,0,0
14540,2,0.708435644,0,0,0,0
14542,1,0.709697166,0,0,0,0
14543,2,0.709419137,0,0,0,0
14551,2,0.7082797,0,0,0,0
14552,1,0.709709795,0,0,0,0
14553,2,0.709752903,0,0,0,0
14554,1,0.709718342,0,0,0,0
14555,1,0.708244206,0,0,0,0
14556,1,0.709413621,0,0,0,0
14557,1,0.709076515,0,0,0,0
14559,1,0.708429326,0,0,0,0
14560,2,0.70823658,0,0,0,0
14561,1,0.709726425,0,0,0,0
14562,1,0.709708867,0,0,0,0
14564,1,0.709350349,0,0,0,0
14565,1,0.707993854,0,0,0,0
14566,1,0.70822155,0,0,0,0
14567,2,0.709808686,0,0,0,0
14568,2,0.708368028,0,0,0,0
14575,2,0.709280967,0,0,0,0
14576,1,0.709728203,0,0,0,0
14577,1,0.709730888,0,0,0,0
14590,1,0.708040121,0,0,0,0
14591,1,0.709557023,0,0,0,0
14592,1,0.708343257,0,0,0,0
14594,2,0.70941017,0,0,0,0
14596,1,0.709391614,0,0,0,0
14598,2,0.709744314,0,0,0,0
14600,2,0.708573492,0,0,0,0
14799,2,0.709439713,0,0,0,0
14800,1,0.708118824,0,0,0,0
14801,1,0.709367055,0,0,0,0
15138,1,0.708266404,0,0,0,0
15717,1,0.71011564,0,0,0,0
15718,1,0.709150314,0,0,0,0
14943,1,0.709685349,0,0,0,0
15202,1,0.709539801,0,0,0,0
15203,2,0.708877523,0,0,0,0
15231,1,0.708888743,0,0,0,0
15233,1,0.709040717,0,0,0,0
15402,1,0.710058572,0,0,0,0
15403,7,0.709840595,0,0,0,0
14601,3,0.70990377,63.05747621442888,3.437651489866096e-4,0.6497439592758489,44.61590362637612
14611,5,0.70792351,71.31742074610496,3.8879519511305174e-4,0.7348543916242668,50.460173192942534
14618,3,0.709055838,92.30979120092708,5.032375386734614e-4,0.9511596850286426,65.31318719427387
14619,7,0.709936113,61.075612299961875,3.329607878746747e-4,0.6293228421643292,43.21364881510253
14621,3,0.709245562,90.11477478687264,4.912711519750858e-4,0.9285422454931086,63.760117730238484
14622,7,0.709950184,0,0,0,0
14626,4,0.70973878,71.88440548111517,3.9188617819079375e-4,0.7406965998554013,50.861339522670356
14651,3,0.709740309,71.82521613437876,3.9156350059852747e-4,0.7400867130853586,50.819460488680484
14653,3,0.709474387,84.50751232862171,4.607025099981558e-4,0.8707650376338266,59.79273596262065
14654,3,0.70885074,96.14543773270546,5.241480108428986e-4,0.990682170125661,68.02707373525644
14655,4,0.709735312,72.01809815006955,3.926150192897498e-4,0.7420741685319081,50.95593289353946
14657,5,0.708018892,76.46393562941655,4.168520182184869e-4,0.7878840584853994,54.10155603650454
14660,3,0.70974135,71.78483213738092,3.9134334255259756e-4,0.7396705965568198,50.790887056531425
14668,3,0.708344586,88.76604939034974,4.8391841896526657e-4,0.9146449849029019,62.80583592382609
14670,4,0.709729895,72.22536473628047,3.9374495713639707e-4,0.7442098425302192,51.10258300690443
14673,7,0.70996365,59.60231688534366,3.2492894695568107e-4,0.6141420126521904,42.17122830959002
14698,3,0.709733229,72.09802454009854,3.930507472799225e-4,0.7428977297053916,51.012484286472024
14700,3,0.709253835,90.02137787438319,4.907619878685547e-4,0.9275798841150751,63.69403535750824
14703,3,0.709492795,83.97753136644245,4.5781325728204517e-4,0.865304116116191,59.41775140960751
14704,3,0.708120493,81.52854066573275,4.444623002879298e-4,0.8400697266411368,57.684984105169256
14713,3,0.709697421,73.74356638295745,4.0202160959053074e-4,0.7598533856611968,52.17677662231662
14732,7,0.709988288,0,0,0,0
14741,7,0.709998732,57.21436813085154,3.119107672148856e-4,0.589536599124135,40.48165083375114
14747,3,0.708126588,81.63848090778814,4.4506165227533375e-4,0.8412025504147034,57.76277160220646
14756,3,0.709033382,92.88294904441247,5.063621751684043e-4,0.9570655009425213,65.71872126640652
14759,3,0.709452653,85.40019254418357,4.6556905978293456e-4,0.8799632106728811,60.424345992987945
14760,3,0.709246599,90.1034477869041,4.912094015203337e-4,0.9284255321349455,63.75210338571804
14812,4,0.709527851,82.31259657107823,4.4873667204043023e-4,0.8481486352625418,58.239737717439276
15328,3,0.70688421,57.62049731652858,3.1412482759921365e-4,0.5937213524780742,40.76900487479154
15331,3,0.709457015,85.28306131135992,4.6493050527489046e-4,0.8787562909618717,60.34147055760693
15562,3,0.708014401,76.38983713711697,4.1644806168907505e-4,0.7871205479446448,54.04912813437829
15565,3,0.709093743,91.96871759435139,5.013781363278746e-4,0.9476452640773917,65.07186280144953
15696,7,0.709608415,0,0,0,0
15699,3,0.707843928,69.34953270374405,3.7806702508971085e-4,0.7145772818378366,49.067806918293215
15700,3,0.707924284,71.32922466500457,3.8885954554669985e-4,0.734976019153011,50.468524978323984
15891,3,0.71050252,27.510685645121292,1.4997769522775308e-4,0.28346998463227774,19.46500515282916
16341,3,0.708308803,87.61141351061718,4.776237874790365e-4,0.9027476218452964,61.988880881754234
16509,4,0.712099298,0.8644036996624519,4.712397077050234e-6,0.008906811942829676,0.6116031670420418
14762,4,0.709725811,72.38035736109458,3.945899174164417e-4,0.7458068858587982,51.2122470218103
14763,3,0.708127505,81.65483166745655,4.451507903390638e-4,0.8413710285708541,57.77434047494573
14784,4,0.709719343,72.9265252288486,3.975674149266766e-4,0.7514345971807198,51.59868451367365
14785,3,0.709260034,89.94685853908983,4.903557370647262e-4,0.9268120372099522,63.64130969068256
14830,3,0.70925484,90.00956024202254,4.906975626743825e-4,0.9274581152828885,63.6856738692574
14965,3,0.708139603,81.86588316641686,4.4630136207677847e-4,0.8435457022935902,57.92366857849677
14969,3,0.708425062,90.90427572309598,4.955752079452767e-4,0.9366772596888777,64.31872393838569
14996,3,0.709275004,89.75093752831187,4.892876509391309e-4,0.9247932679713085,63.50268706478604
15257,3,0.708313605,87.68744440197258,4.780382787061433e-4,0.9035310438174753,62.04267604015551
14906,4,0.709539483,81.94211444088221,4.4671694571566225e-4,0.8443311890124581,57.97760551665294
14907,3,0.709458208,85.25072881096152,4.6475424089699544e-4,0.8784231370190988,60.31859390905745
14992,5,0.708479009,92.06437360801044,5.018996161865856e-4,0.948630903224002,65.1395435863922
14994,3,0.709382962,86.73465790895399,4.728440525748726e-4,0.8937135359582439,61.368538207482416
15082,3,0.708017416,76.43972532981368,4.1672003296075645e-4,0.7876345956641199,54.084426197844735
15083,3,0.709358806,87.52322376719252,4.771430108589197e-4,0.9018389151145448,61.92648280733575
15719,7,0.709650329,0,0,0,0
15866,3,0.710407694,32.42827608151619,1.767865101456517e-4,0.3341408149930581,22.94441400576355
15243,3,0.709646436,75.27529081265428,4.1037198306552675e-4,0.7756362674892999,53.260538194142455
14833,4,0.709512587,83.08269701485499,4.529349639747496e-4,0.8560837468689448,58.78461723442685
14836,4,0.709495733,83.89020686211177,4.5733719761325447e-4,0.8644043248052815,59.355965529433846
14837,7,0.710009111,56.775515488789374,3.09518311110733e-4,0.5850146634186446,40.17114352581759
14871,3,0.709221538,90.34658090594573,4.925348699327818e-4,0.9309307747307639,63.92413062909602
14921,4,0.709074375,92.30667536770262,5.032205523470664e-4,0.9511275794967177,65.31098260691635
14987,3,0.709620238,77.08434746011494,4.2023426530823454e-4,0.7942767792769636,54.54052435729453
15371,4,0.709319132,88.20187359836412,4.808427491663824e-4,0.9088317200084143,62.40665704330811
15429,3,0.709394333,86.79865580168638,4.73192944513636e-4,0.8943729699652101,61.41381949664677
14839,7,0.71003429,55.396713530026844,3.0200161223167804e-4,0.5708074940625918,39.19558124510057
14842,7,0.710018326,56.38285395388905,3.0737767118744607e-4,0.5809686806794386,39.89331843273388
14843,3,0.709555037,81.42918336794801,4.439206424492981e-4,0.8390459494790747,57.614684500924604
14844,3,0.708422321,90.85995671220572,4.953335977144799e-4,0.9362205967943922,64.2873663129715
14848,3,0.708449485,91.90964611218857,5.010561012880086e-4,0.9470365917834002,65.03006716176549
14849,3,0.709472199,84.56852152151714,4.6103510869293914e-4,0.871393676090737,59.8359026168218
14852,3,0.70955065,81.57586484798642,4.447202935591445e-4,0.8405573548082146,57.71846801986713
14855,7,0.710024294,0,0,0,0
14863,3,0.709431597,85.94136717809418,4.6851933609944036e-4,0.8855394717351068,60.807250555001964
14868,3,0.709203549,91.39948865662306,4.982749187185899e-4,0.9417799315912597,64.6691086008109
14878,3,0.709548205,81.65693230341957,4.451622421997811e-4,0.8413926735146346,57.77582676614079
14879,5,0.708142632,81.91736364152018,4.4658201386077337e-4,0.8440761568840227,57.960093250934335
14880,3,0.709475654,84.47198977529021,4.605088546765114e-4,0.8703990133995755,59.76760221304571
14884,3,0.709107064,92.23338158373521,5.028209827785085e-4,0.9503723606671002,65.2591240708915
14885,3,0.709644815,75.33132366327848,4.1067745265294683e-4,0.7762136297372002,53.30018387001536
14889,3,0.709349529,87.69584871566013,4.7808409579747606e-4,0.9036176418289747,62.04862245717123
14910,7,0.710029905,0,0,0,0
14912,7,0.710032064,0,0,0,0
14918,3,0.709026136,92.86774819449558,5.062793059711241e-4,0.9569088714514237,65.70796600476831
14922,7,0.710038431,0,0,0,0
14924,3,0.708389202,89.74756537942834,4.892692672781767e-4,0.9247585213639529,63.50030112296544
14934,3,0.708399639,89.9082956768341,4.901455071461737e-4,0.9264146856458356,63.614024790473295
14935,3,0.708393533,89.81503292803899,4.896370744485911e-4,0.9254537066899221,63.548037344384845
14938,3,0.708382509,89.94479639190948,4.90344495030074e-4,0.9267907888544199,63.63985063197318
14947,3,0.709040572,92.59324479023006,5.047828188084636e-4,0.9540803895737846,65.51374292187525
14951,3,0.708414165,90.42773040375548,4.92977265836955e-4,0.931766938801474,63.981547423915046
14954,3,0.709237426,90.19985581329104,4.917349810636968e-4,0.92941892001741655,63.82031625233296
14955,3,0.708357539,89.26524137642066,4.8663982200526526e-4,0.9197886569453024,63.159035938775354
14957,3,0.708207166,84.47997969822944,4.605524126685924e-4,0.8704813415306156,59.773255430605936
14959,3,0.709594365,79.1816915500345,4.316681799973607e-4,0.8158878036115582,56.02448640913746
14973,3,0.708202572,84.10765641986687,4.5852264911094143e-4,0.8666449240978719,59.509820537512645
14974,3,0.709602392,78.30215952731292,4.268733091116117e-4,0.8068251094940564,55.40217929635964
15014,3,0.708088004,80.62792360041875,4.395524818457083e-4,0.8307897723369301,57.0477584088271
15160,5,0.708606554,94.34990976724255,5.143594817800158e-4,0.9721810578181653,66.75665970230112
15161,4,0.708598396,93.94387593867988,5.121459412460623e-4,0.9679972870235158,66.46937313056144
15532,4,0.709675112,74.25106209571872,4.047882813601745e-4,0.7650826192671174,52.53585188461161
15685,5,0.709674034,74.29067539832123,4.050042378761742e-4,0.7654907945639754,52.563880016997146
15686,4,0.708195991,83.70292695040426,4.5631621944198413e-4,0.8624745934136877,59.22345685649735
15396,7,0.709856679,0,0,0,0
14978,3,0.709600312,78.67366873942335,4.288986346926221e-4,0.8106531387916965,55.66503820221666
14979,3,0.709409904,86.45625577291901,4.713263110235487e-4,0.8908448815654944,61.17155660250229
14989,4,0.709509536,83.17590769491727,4.5344311281359293e-4,0.857044189308863,58.85056783962497
14997,3,0.708502434,93.00222807867715,5.070124386652423e-4,0.9582945515901904,65.80311636460713
15000,3,0.709381917,87.05671070487196,4.745997607639194e-4,0.8970319665596215,61.596404550506044
15001,4,0.709066005,92.312343307995,5.032514517812973e-4,0.9511859819287145,65.31499292088745
15002,4,0.709159582,92.3079820036482,5.032276756245502e-4,0.9511410430677893,65.31190710860787
15003,4,0.709054353,92.3085529457756,5.032307881818117e-4,0.9511469260529742,65.31231107496461
15009,3,0.708358699,88.98280976633113,4.851001133085392e-4,0.9168784828695086,62.95920330586207
15010,3,0.708473317,91.97907559951801,5.014346041950185e-4,0.9477519929173516,65.07919154005467
15023,3,0.709592662,79.24101468857616,4.31991586971179e-4,0.8164990689717774,56.06646010664144
15025,3,0.708540507,93.51634040337451,5.098151816626699e-4,0.963591962736578,66.16687316727128
15028,7,0.710023817,0,0,0,0
15030,3,0.708392843,89.8043572576083,4.895788747923971e-4,0.9253437046284698,63.54048384380605
15046,3,0.708511239,93.12889102489956,5.077029564149721e-4,0.9595996860343955,65.89273590127357
15047,3,0.709361196,87.47738576904084,4.7689311969279885e-4,0.9013666005819575,61.89405043244959
15050,3,0.708597982,93.93847569690745,5.121165012013775e-4,0.9679416429558982,66.46555222492198
15058,5,0.708491097,92.23907767476686,5.028520356797613e-4,0.9504310531641914,65.2631543027335
15062,4,0.709037013,92.88863105388245,5.063931513023895e-4,0.9571240483432626,65.72274153493193
15067,5,0.708501147,92.68375929777812,5.052762691499726e-4,0.9550130506639016,65.57778586789834
15077,3,0.708635491,95.30796895158882,5.195824525999203e-4,0.9820528954657891,67.43452819313326
15086,3,0.708693457,95.94599861914857,5.230607453717513e-4,0.9886271503713614,67.88596189881811
15089,3,0.70953021,82.23837927560041,4.483320678417059e-4,0.8473839005743579,58.18722575690364
15093,7,0.71000286,0,0,0,0
15100,3,0.70850911,93.09868921923972,5.075383077666974e-4,0.959288486760895,65.87136681180858
15102,4,0.709182591,92.15945606647247,5.024179692425826e-4,0.9496106324603689,65.20681855611782
15404,2,0.709015075,0,0,0,0
14602,1,0.708250854,0,0,0,0
14603,1,0.70945374,0,0,0,0
14604,2,0.709344979,0,0,0,0
14605,2,0.709096438,0,0,0,0
14606,1,0.70808301,0,0,0,0
14607,1,0.708076419,0,0,0,0
14608,2,0.709539266,0,0,0,0
14609,1,0.708489434,0,0,0,0
14610,1,0.708291005,0,0,0,0
14612,1,0.708354893,0,0,0,0
14613,1,0.708418885,0,0,0,0
14617,1,0.709589107,0,0,0,0
14620,2,0.707826556,0,0,0,0
14623,2,0.708414656,0,0,0,0
14624,1,0.709461116,0,0,0,0
14625,1,0.708478597,0,0,0,0
14627,1,0.709575183,0,0,0,0
14628,1,0.708415705,0,0,0,0
14635,2,0.709725459,0,0,0,0
14647,1,0.708301542,0,0,0,0
14648,2,0.708067632,0,0,0,0
14649,1,0.708225661,0,0,0,0
14650,1,0.70829192,0,0,0,0
14652,1,0.708381576,0,0,0,0
14656,1,0.708894089,0,0,0,0
14658,1,0.708029834,0,0,0,0
14659,1,0.708477723,0,0,0,0
14661,2,0.709568031,0,0,0,0
14662,2,0.709535117,0,0,0,0
14663,1,0.709515671,0,0,0,0
14664,2,0.708941824,0,0,0,0
14665,1,0.709680312,0,0,0,0
14666,1,0.709539643,0,0,0,0
14667,1,0.709464261,0,0,0,0
14669,1,0.709421605,0,0,0,0
14671,1,0.70938127,0,0,0,0
14672,1,0.709700779,0,0,0,0
14674,2,0.708097366,0,0,0,0
14675,1,0.708369542,0,0,0,0
14676,1,0.708264998,0,0,0,0
14677,1,0.709401488,0,0,0,0
14678,2,0.708401094,0,0,0,0
14682,1,0.709428362,0,0,0,0
14683,1,0.709706554,0,0,0,0
14684,1,0.708221671,0,0,0,0
14685,1,0.709564978,0,0,0,0
14692,1,0.709370986,0,0,0,0
14693,2,0.708270822,0,0,0,0
14694,1,0.708353863,0,0,0,0
14699,1,0.708119238,0,0,0,0
14701,1,0.708328437,0,0,0,0
14702,1,0.708056703,0,0,0,0
14705,2,0.709706206,0,0,0,0
14706,2,0.708063289,0,0,0,0
14707,1,0.7093825,0,0,0,0
14708,1,0.709601444,0,0,0,0
14709,1,0.709681171,0,0,0,0
14710,1,0.708382889,0,0,0,0
14711,1,0.709649904,0,0,0,0
14712,1,0.70952593,0,0,0,0
14714,1,0.709702252,0,0,0,0
14726,2,0.709450584,0,0,0,0
14727,2,0.709406638,0,0,0,0
14728,2,0.709466186,0,0,0,0
14729,1,0.708429502,0,0,0,0
14730,1,0.709353094,0,0,0,0
14731,1,0.709422133,0,0,0,0
14733,1,0.709655663,0,0,0,0
14734,1,0.708490342,0,0,0,0
14735,1,0.708983207,0,0,0,0
14736,2,0.709412696,0,0,0,0
14740,1,0.70957093,0,0,0,0
14742,1,0.708058991,0,0,0,0
14743,1,0.708407156,0,0,0,0
14744,2,0.709263169,0,0,0,0
14745,1,0.709374437,0,0,0,0
14746,1,0.709408817,0,0,0,0
14748,1,0.70938173,0,0,0,0
14749,1,0.709537424,0,0,0,0
14750,1,0.709384135,0,0,0,0
14751,1,0.70831137,0,0,0,0
14752,1,0.709702278,0,0,0,0
14753,2,0.709672518,0,0,0,0
14754,1,0.708345305,0,0,0,0
14755,2,0.708370245,0,0,0,0
14757,2,0.709384466,0,0,0,0
14758,1,0.708339666,0,0,0,0
14805,1,0.709692645,0,0,0,0
14806,1,0.709394333,0,0,0,0
14807,2,0.709112593,0,0,0,0
14808,1,0.709595239,0,0,0,0
14809,2,0.7093841,0,0,0,0
14810,1,0.708418789,0,0,0,0
14811,1,0.70938461,0,0,0,0
15324,2,0.709288024,0,0,0,0
15325,2,0.709483495,0,0,0,0
15326,1,0.707991327,0,0,0,0
15327,1,0.70804352,0,0,0,0
15329,1,0.70939582,0,0,0,0
15330,1,0.70936186,0,0,0,0
15563,2,0.710448989,0,0,0,0
15564,1,0.709292732,0,0,0,0
15566,1,0.709199384,0,0,0,0
15567,1,0.710153751,0,0,0,0
15568,1,0.710024599,0,0,0,0
15569,1,0.709686771,0,0,0,0
15695,1,0.710485868,0,0,0,0
15697,1,0.708174385,0,0,0,0
15698,1,0.70803612,0,0,0,0
15701,1,0.710262317,0,0,0,0
15702,1,0.71125959,0,0,0,0
15887,1,0.709850272,0,0,0,0
15888,1,0.70990696,0,0,0,0
15889,1,0.710362028,0,0,0,0
15890,2,0.707734918,0,0,0,0
15895,1,0.710037208,0,0,0,0
15896,1,0.710816337,0,0,0,0
15897,1,0.709946249,0,0,0,0
16337,2,0.71025684,0,0,0,0
16338,1,0.708444572,0,0,0,0
16339,2,0.707256663,0,0,0,0
16340,2,0.708447442,0,0,0,0
16345,1,0.712460034,0,0,0,0
16349,1,0.70800889,0,0,0,0
16350,2,0.712016083,0,0,0,0
16505,1,0.712560546,0,0,0,0
16506,2,0.711946341,0,0,0,0
16507,1,0.708544727,0,0,0,0
16508,1,0.712682754,0,0,0,0
16510,2,0.711688829,0,0,0,0
16511,2,0.712817302,0,0,0,0
16512,2,0.707669118,0,0,0,0
14761,1,0.707780822,0,0,0,0
14764,1,0.708048445,0,0,0,0
14765,1,0.708085575,0,0,0,0
14766,1,0.709672888,0,0,0,0
14767,1,0.708377517,0,0,0,0
14768,2,0.708097858,0,0,0,0
14775,1,0.709396309,0,0,0,0
14776,1,0.709480327,0,0,0,0
14777,1,0.708487321,0,0,0,0
14778,1,0.709692664,0,0,0,0
14782,1,0.708352809,0,0,0,0
14783,1,0.709384214,0,0,0,0
14794,1,0.709759132,0,0,0,0
14795,1,0.709384738,0,0,0,0
14796,2,0.708350132,0,0,0,0
14797,1,0.709668417,0,0,0,0
14798,1,0.709692252,0,0,0,0
14802,2,0.708337559,0,0,0,0
14803,2,0.708363219,0,0,0,0
14804,1,0.709436404,0,0,0,0
14813,1,0.708474178,0,0,0,0
14814,2,0.708388248,0,0,0,0
14815,2,0.708258402,0,0,0,0
14816,1,0.709708872,0,0,0,0
14817,1,0.708364316,0,0,0,0
14818,1,0.709033648,0,0,0,0
14819,2,0.709713355,0,0,0,0
14829,1,0.709666756,0,0,0,0
14831,1,0.709627423,0,0,0,0
14895,1,0.708471702,0,0,0,0
14896,1,0.709660432,0,0,0,0
14897,1,0.708958818,0,0,0,0
14898,2,0.709406526,0,0,0,0
14899,2,0.709402413,0,0,0,0
14900,1,0.709383807,0,0,0,0
14964,1,0.709662359,0,0,0,0
14966,1,0.707145286,0,0,0,0
14967,1,0.709738166,0,0,0,0
14968,2,0.708466971,0,0,0,0
14991,2,0.709370551,0,0,0,0
14995,1,0.709632362,0,0,0,0
15255,2,0.709495097,0,0,0,0
15256,2,0.70810059,0,0,0,0
14820,2,0.709390062,0,0,0,0
14824,2,0.709689071,0,0,0,0
14825,1,0.708079538,0,0,0,0
14826,1,0.708468602,0,0,0,0
14905,2,0.708126669,0,0,0,0
14993,1,0.707494658,0,0,0,0
15084,2,0.708268973,0,0,0,0
15136,1,0.709531705,0,0,0,0
15137,1,0.709368695,0,0,0,0
15864,1,0.711690203,0,0,0,0
15865,2,0.710981013,0,0,0,0
15241,1,0.709356357,0,0,0,0
15242,1,0.709352436,0,0,0,0
14827,1,0.70971212,0,0,0,0
14828,2,0.709403832,0,0,0,0
14832,1,0.709550541,0,0,0,0
14834,1,0.709594328,0,0,0,0
14835,1,0.709730624,0,0,0,0
14872,1,0.709664302,0,0,0,0
14873,1,0.708441824,0,0,0,0
14919,2,0.709674448,0,0,0,0
14920,1,0.709368202,0,0,0,0
14970,1,0.708356658,0,0,0,0
14971,1,0.709635932,0,0,0,0
14972,1,0.709347882,0,0,0,0
14985,1,0.708368782,0,0,0,0
14986,1,0.709406771,0,0,0,0
15150,1,0.709494885,0,0,0,0
15151,2,0.709638001,0,0,0,0
15152,1,0.709920709,0,0,0,0
15360,1,0.707398625,0,0,0,0
15370,1,0.70935805,0,0,0,0
15430,2,0.70700864,0,0,0,0
15431,1,0.709429794,0,0,0,0
14838,2,0.708127533,0,0,0,0
14840,1,0.709454003,0,0,0,0
14841,1,0.708361914,0,0,0,0
14845,2,0.709359213,0,0,0,0
14846,2,0.709660799,0,0,0,0
14847,1,0.709582222,0,0,0,0
14850,1,0.709421716,0,0,0,0
14851,1,0.708432656,0,0,0,0
14853,1,0.708385085,0,0,0,0
14854,2,0.709664895,0,0,0,0
14856,1,0.709690212,0,0,0,0
14857,2,0.709395152,0,0,0,0
14858,1,0.708103117,0,0,0,0
14859,2,0.708443758,0,0,0,0
14860,2,0.709188624,0,0,0,0
14861,2,0.709613276,0,0,0,0
14862,1,0.70810377,0,0,0,0
14864,1,0.709355899,0,0,0,0
14865,1,0.709445064,0,0,0,0
14866,2,0.709574954,0,0,0,0
14867,1,0.707944033,0,0,0,0
14869,1,0.709385661,0,0,0,0
14870,1,0.708179673,0,0,0,0
14874,2,0.709490195,0,0,0,0
14875,2,0.708135752,0,0,0,0
14876,1,0.709390379,0,0,0,0
14877,1,0.709644875,0,0,0,0
14881,1,0.708375268,0,0,0,0
14882,2,0.709403588,0,0,0,0
14883,1,0.707405579,0,0,0,0
14886,2,0.709411814,0,0,0,0
14887,2,0.709663405,0,0,0,0
14888,2,0.7091336,0,0,0,0
14890,1,0.708396248,0,0,0,0
14891,2,0.709597984,0,0,0,0
14892,2,0.708213252,0,0,0,0
14893,2,0.708367785,0,0,0,0
14894,1,0.708405707,0,0,0,0
14901,1,0.709665911,0,0,0,0
14902,1,0.709393613,0,0,0,0
14903,2,0.709676537,0,0,0,0
14911,2,0.709414631,0,0,0,0
14913,2,0.709684554,0,0,0,0
14914,2,0.709665482,0,0,0,0
14915,1,0.709590197,0,0,0,0
14916,1,0.709378117,0,0,0,0
14917,1,0.708188112,0,0,0,0
14923,2,0.709483449,0,0,0,0
14925,2,0.708367937,0,0,0,0
14926,2,0.708353603,0,0,0,0
14927,1,0.709708518,0,0,0,0
14928,1,0.708456192,0,0,0,0
14932,1,0.709713843,0,0,0,0
14933,2,0.709462209,0,0,0,0
14936,1,0.709660939,0,0,0,0
14937,1,0.709593139,0,0,0,0
14939,1,0.708344087,0,0,0,0
14940,1,0.709660671,0,0,0,0
14941,2,0.708367204,0,0,0,0
14942,1,0.708355934,0,0,0,0
14946,1,0.708396123,0,0,0,0
14948,1,0.709504761,0,0,0,0
14949,1,0.708117115,0,0,0,0
14950,1,0.709476294,0,0,0,0
14952,2,0.709432303,0,0,0,0
14953,2,0.709596825,0,0,0,0
14956,1,0.708449553,0,0,0,0
14958,1,0.708450492,0,0,0,0
14960,1,0.709649398,0,0,0,0
14975,1,0.708855857,0,0,0,0
14976,1,0.70831489,0,0,0,0
15013,2,0.708164176,0,0,0,0
15015,1,0.709802299,0,0,0,0
15121,1,0.709325991,0,0,0,0
15122,1,0.709507687,0,0,0,0
15123,1,0.709420269,0,0,0,0
15162,1,0.708838844,0,0,0,0
15163,2,0.708391043,0,0,0,0
15164,2,0.709118667,0,0,0,0
15165,2,0.70840598,0,0,0,0
15531,1,0.709219364,0,0,0,0
15533,1,0.709776296,0,0,0,0
15684,1,0.708226581,0,0,0,0
15394,1,0.710566634,0,0,0,0
15395,1,0.708091127,0,0,0,0
14977,1,0.709418358,0,0,0,0
14980,2,0.709620845,0,0,0,0
14981,1,0.709241886,0,0,0,0
14982,2,0.709717051,0,0,0,0
14983,1,0.708121968,0,0,0,0
14984,1,0.708372683,0,0,0,0
14988,1,0.708359449,0,0,0,0
14990,1,0.708385974,0,0,0,0
14998,1,0.708145819,0,0,0,0
14999,1,0.708147811,0,0,0,0
15004,1,0.70965192,0,0,0,0
15005,2,0.70937757,0,0,0,0
15006,1,0.709536671,0,0,0,0
15007,1,0.709273159,0,0,0,0
15008,1,0.709388426,0,0,0,0
15011,1,0.709625743,0,0,0,0
15012,1,0.709629359,0,0,0,0
15022,1,0.708375003,0,0,0,0
15024,1,0.709383268,0,0,0,0
15026,1,0.709510063,0,0,0,0
15027,2,0.708520536,0,0,0,0
15029,2,0.709415886,0,0,0,0
15031,2,0.70930922,0,0,0,0
15032,1,0.708346464,0,0,0,0
15033,2,0.709544175,0,0,0,0
15034,1,0.70981121,0,0,0,0
15035,1,0.708483384,0,0,0,0
15036,2,0.70938983,0,0,0,0
15037,1,0.708368658,0,0,0,0
15038,1,0.709562058,0,0,0,0
15039,1,0.708142608,0,0,0,0
15040,1,0.709409913,0,0,0,0
15041,1,0.708648919,0,0,0,0
15042,1,0.708158207,0,0,0,0
15043,1,0.708351795,0,0,0,0
15044,1,0.708994332,0,0,0,0
15045,1,0.710889408,0,0,0,0
15048,1,0.70969741,0,0,0,0
15049,1,0.707629068,0,0,0,0
15051,1,0.708294692,0,0,0,0
15055,2,0.70879317,0,0,0,0
15056,2,0.708352479,0,0,0,0
15057,1,0.707838524,0,0,0,0
15059,1,0.708208019,0,0,0,0
15060,1,0.708357941,0,0,0,0
15061,2,0.70808009,0,0,0,0
15063,1,0.7083425,0,0,0,0
15064,1,0.709558203,0,0,0,0
15065,1,0.709603869,0,0,0,0
15066,1,0.707601281,0,0,0,0
15068,1,0.708759438,0,0,0,0
15069,1,0.708975425,0,0,0,0
15070,1,0.709450166,0,0,0,0
15071,1,0.708226127,0,0,0,0
15072,2,0.708358594,0,0,0,0
15073,1,0.709432326,0,0,0,0
15074,2,0.709510827,0,0,0,0
15075,2,0.709509201,0,0,0,0
15076,1,0.70863718,0,0,0,0
15078,1,0.709356384,0,0,0,0
15079,2,0.708421392,0,0,0,0
15080,2,0.708683697,0,0,0,0
15081,1,0.709556514,0,0,0,0
15085,1,0.709243128,0,0,0,0
15087,1,0.708286233,0,0,0,0
15088,2,0.708362008,0,0,0,0
15090,1,0.709392897,0,0,0,0
15091,2,0.709524384,0,0,0,0
15092,1,0.708675809,0,0,0,0
15094,1,0.709389095,0,0,0,0
15095,1,0.709558248,0,0,0,0
15096,2,0.70947148,0,0,0,0
15097,1,0.708343556,0,0,0,0
15098,1,0.709438718,0,0,0,0
15099,2,0.70804354,0,0,0,0
15101,2,0.708982278,0,0,0,0
15109,4,0.709212611,90.72270545956046,4.945853565835829e-4,0.9348063604870899,64.1902550895569
15110,4,0.709006694,93.10283389809356,5.075609029644318e-4,0.9593311935136879,65.87429935214175
15111,3,0.708712027,96.41900678506173,5.256394042777006e-4,0.9935010244453115,68.22063572358564
15112,3,0.707937535,72.1312833070786,3.932320613075746e-4,0.743240427894973,51.03601630886488
15115,3,0.708431152,91.60791912618276,4.99411201610374e-4,0.9439275982385089,64.816582212204
15119,3,0.709569898,80.62791331639093,4.395524257811372e-4,0.8307896663703522,57.04775113243067
15127,3,0.709547406,81.68331802294257,4.4530608701164926e-4,0.8416645518532622,57.79449580889391
15129,3,0.709515377,82.69720098174079,4.508333876159589e-4,0.8521115974288211,58.51186204512484
15130,5,0.708526711,93.34018511648075,5.088548506745109e-4,0.9617768594304368,66.04223564964207
15135,3,0.709505014,83.31259039049442,4.5418825438965583e-4,0.8584525672066207,58.94727678421587
15157,7,0.70998113,0,0,0,0
15166,3,0.70948555,84.18966477750158,4.5896972718911534e-4,0.867489937856464,59.56784501296652
15171,4,0.70860319,94.0055940096774,5.124824044720797e-4,0.9686332297572914,66.51304134681334
15270,7,0.709934102,0,0,0,0
15408,3,0.710042676,55.03810391031836,3.000466102755593e-4,0.5671123821086743,38.94184936122374
15526,7,0.709720384,0,0,0,0
15527,3,0.709403967,86.58950940688666,4.7205275867232753e-4,0.892217926427417,61.2658393370467
15196,3,0.708195412,83.69387000905628,4.562668444752274e-4,0.8623812707296279,59.21704867706187
15210,3,0.709456908,85.28595497813653,4.649462804351141e-4,0.8787861072916892,60.343517952551714
15211,3,0.708167407,83.23235364166956,4.5375083444249237e-4,0.8576258080974613,58.89050579895331
15218,3,0.708067057,79.36210431150354,4.3265172110221867e-4,0.8177467759171128,56.152136274972555
15234,3,0.709057159,92.31070739317009,5.032425334017922e-4,0.9511691254695096,65.313835440085
15235,4,0.709496306,83.873088875612,4.572438769234217e-4,0.8642279411472142,59.34385381038321
15238,3,0.708149031,82.02432209203106,4.4716511026555517e-4,0.8451782562905487,58.035771000925344
15248,4,0.70923213,90.25162232846381,4.920171922283234e-4,0.9299523219634743,63.856943310545184
15250,4,0.708668499,95.98607240521387,5.232792122667845e-4,0.9890400704878074,67.9143158432569
15251,3,0.707886574,70.70565873275163,3.854601035063148e-4,0.7285507985128158,50.027324993670575
15253,3,0.708510709,93.12139786669925,5.076621065935117e-4,0.9595224765650537,65.8874341663455
15277,4,0.708676355,96.0697090446453,5.237351671121246e-4,0.9899018620549153,67.9734923988142
15285,3,0.709428458,86.01857218256468,4.6894022814044213e-4,0.8863349917636913,60.86187644943542
15286,3,0.708444778,91.83401630459929,5.00643796615596e-4,0.9462573025765941,64.97655578755175
15287,3,0.709435157,85.85271073409028,4.6803601520695827e-4,0.8846259561236267,60.74452226965028
15289,3,0.70949047,84.04610539376765,4.5818709654957143e-4,0.866010702593998,59.46627051278268
15294,4,0.708697183,95.98221332549006,5.232581740458495e-4,0.9890003065472022,67.91158537671463
15297,3,0.709433023,85.90599453434507,4.6832649802728036e-4,0.8851749921685372,60.78222287296861
15303,4,0.709136247,92.41768417407003,5.038257297368172e-4,0.9522714137522844,65.38952615962255
15305,3,0.709657597,74.88401715751085,4.082389093297889e-4,0.7716045854570425,52.98369508627598
15551,4,0.709668381,74.49700562618283,4.0612907105662193e-4,0.767616820329948,52.70986761615473
15552,3,0.709297865,89.42576669095402,4.8751494438534644e-4,0.9214427090845639,63.27261457199657
15656,4,0.709258432,89.96648828381655,4.904627508960062e-4,0.9270143020138105,63.65519858778906
15310,3,0.70944288,85.6563925775126,4.669657639949496e-4,0.8826030946963987,60.60561864584853
15318,4,0.70870345,96.04097780505056,5.235785354254033e-4,0.9896058154877214,67.95316379872139
15321,4,0.709243744,90.1343693271375,4.913779738851566e-4,0.9287441475503458,63.77398171865894
15322,3,0.709435084,85.8545403705478,4.6804598968242363e-4,0.8846448086896872,60.74581681692303
15334,7,0.709894048,0,0,0,0
15337,4,0.709474341,84.50879934283977,4.60709526305515e-4,0.8707782990227037,59.79364658108757
15340,4,0.709694746,73.84101046451663,4.025528373088927e-4,0.7608574490516339,52.24572254297195
15341,4,0.709252259,90.03970414499432,4.908618956594339e-4,0.92776871792734406,63.70700199005528
15354,3,0.709430418,85.97047160852604,4.6867800227931653e-4,0.885839363659055,60.82784320382338
15412,3,0.70940127,86.64894491616776,4.7237677824827175e-4,0.8928303496552443,61.3078925417302
15858,3,0.710800025,15.972879177480005,8.707800438316767e-5,0.16458447722390537,11.301505876873799
16016,3,0.711768554,2.3209114832301494,1.2652718277278293e-5,0.02391466177800625,1.6421456943348405
15364,3,0.709439021,85.75516892710768,4.675042547271101e-4,0.8836208857708538,60.67550720401271
15365,4,0.708694498,95.95621218158453,5.231164257925874e-4,0.988732390874056,67.89318843791675
15367,5,0.708724019,96.22778542495988,5.245969388431294e-4,0.9915306803866912,68.0853383046944
15369,3,0.706967423,56.47182589604912,3.0786271205473793e-4,0.5818854471825406,39.956269946736214
15375,5,0.709377413,87.15168245727546,4.7511751029299167e-4,0.8980105550812454,61.66360119088622
15376,4,0.709314376,88.5728376037422,4.8286510248962385e-4,0.9126541314982677,62.669130191718324
15383,4,0.709660537,74.77937297509087,4.0766842942606006e-4,0.7705263322588088,52.90965478149063
15391,3,0.709450845,85.44824037168134,4.658309980901717e-4,0.8804582952773908,60.45834191813102
15398,5,0.709336865,87.91781877998001,4.7929419136127585e-4,0.9059048204014485,62.20567592001455
15400,4,0.709406716,86.52822161634396,4.717186411701407e-4,0.8915864173015671,61.222475562907874
15401,3,0.709396464,86.75315154778009,4.7294487279299775e-4,0.8939040943318685,61.381623260312004
15410,3,0.708493777,92.57817013106711,5.047006375547221e-4,0.953925060351664,65.50307694567717
15411,3,0.709419637,86.23065224287862,4.7009640719973387e-4,0.8885202637781191,61.01193230482466
15418,3,0.707100808,55.22419216100279,3.0106109196847795e-4,0.5690298346302954,39.07351488222088
16315,4,0.708590501,93.84211305210312,5.115911690609781e-4,0.966948722685056,66.39737146774812
16316,3,0.707766085,67.08045169735432,3.6569686667151265e-4,0.6911966810666321,47.46233353782894
16398,4,0.71240503,0.30058948710401756,1.6386984703722822e-6,0.0030972727611792835,0.21268011967573702
16097,4,0.711605801,3.494598834366718,1.905121107066476e-5,0.03600833111368067,2.4725804800172964
16416,3,0.711241067,7.04981897927025,3.843290625042367e-5,0.07264130394614404,4.988053170617486
16419,3,0.711676183,2.9301931255114226,1.597428785328523e-5,0.03019269715677298,2.073238923326477
16421,4,0.708923108,94.46775406493377,5.150019236439319e-4,0.9733953249464532,66.84003966205135
16422,3,0.71076514,16.474127252660796,8.981061643154437e-5,0.1697493351995064,11.656160664184418
16474,5,0.712193687,0.44682315058087124,2.435908256267194e-6,0.004604063790426371,0.31614678894789405
16480,3,0.708238915,85.5972300071671,4.6664323237728553e-4,0.8819934838301708,60.56375855731838
15482,4,0.709399121,86.69581140015298,4.7263227632426307e-4,0.8933132617013646,61.34105261502081
15485,3,0.709490765,84.03743062428481,4.581398050370861e-4,0.8659213178071662,59.46013273654325
15487,4,0.70864444,95.41688006503934,5.201761941733112e-4,0.9831751151027096,67.51158753697737
15514,4,0.708314913,87.70792495830177,4.781499308356052e-4,0.9037420753803664,62.057166923429854
15689,5,0.709648046,75.21943752330877,4.100674923772544e-4,0.7750607554400305,53.22101956567434
15690,7,0.70959771,0,0,0,0
15440,4,0.708671333,96.01671599707045,0.00052344626936377705,0.9893558219243478,67.93599751564717
15442,3,0.709181352,92.16879457278718,5.024688791934293e-4,0.9497068563886152,65.21342595499841
15447,4,0.709372544,87.2521500643099,4.756652211113422e-4,0.899045772864963,61.73468638715666
15449,7,0.70983158,0,0,0,0
16932,4,0.711026918,10.521109577166692,5.735704976520382e-5,0.10840946709312024,7.444142060826743
15499,7,0.709769888,0,0,0,0
15612,3,0.707891722,70.79658346314125,3.8595579022524825e-4,0.7294876865372991,50.091658190174066
15750,4,0.710520138,27.073614092641613,1.475949489401431e-4,0.2789664012660597,19.15575804314541
15596,7,0.709663933,0,0,0,0
15749,4,0.708195064,83.68841696518749,4.5623711657378694e-4,0.8623250825894403,59.21319041164551
16940,4,0.71090652,13.325978388854965,7.264811757862324e-5,0.1373108230680787,9.428708588059196
16058,3,0.712053309,0.9325290898930698,5.083790547394049e-6,0.009608775665975407,0.659804839984084
15548,7,0.709701335,0,0,0,0
15941,3,0.709355202,87.59128886774766,4.7751407565310147e-4,0.902540257613138,61.97464182271343
16617,4,0.712294815,0.3732841528985445,2.035001876686998e-6,0.003846318279762259,0.2641147535676987
16620,4,0.711949446,1.776438520830537,9.684460740265499e-6,0.018304414753447643,1.256907421636098
15599,3,0.710239169,43.9400648861436,2.3954436268113904e-4,0.4527582365154642,31.08950465493431
15907,7,0.709708212,0,0,0,0
16920,4,0.711225456,7.157078345927133,3.901764313449478e-5,0.0737465039913231,5.06394383185354
16922,4,0.711172396,7.837819721618788,4.2728783739618514e-5,0.08076086015078471,5.545597926430128
15636,3,0.710559776,24.93103124570214,1.359144099174639e-4,0.25688923697688026,17.63978760554797
15639,7,0.709617586,0,0,0,0
15747,7,0.709607486,0,0,0,0
15461,3,0.707199565,54.302184655889704,2.960346610614724e-4,0.5595294733279009,38.42115452052426
15465,3,0.709408752,86.48237122212684,4.714686824254306e-4,0.8911139750399757,61.190034417266936
16872,4,0.7117886,2.2592721353548204,1.2316684219496713e-5,0.023279530206937543,1.5985331781116003
16899,4,0.711556584,3.7049669733494928,2.0198057392162504e-5,0.038175963498195346,2.621425076699203
16906,4,0.711460388,4.728581589226179,2.5778411254329954e-5,0.048723284025751754,3.3456768830544674
16913,4,0.711345547,6.058144508393331,3.3026677795165336e-5,0.06242309453304808,4.286400404323328
16914,4,0.711297428,6.369827364587677,3.472585305444576e-5,0.06563467332084263,4.506929564524297
16925,4,0.711139819,8.072944181258105,4.401059201598291e-5,0.08318358155512927,5.7119586953863575
16938,3,0.71045291,29.70396426013312,1.6193460811298778e-4,0.3060695178940727,21.01684504855223
15474,3,0.709236237,90.21172631080884,4.91799694458408e-4,0.9295412335719515,63.82871514497894
15475,3,0.707294089,55.387449370044926,3.0195110758849205e-4,0.5707120361986338,39.18902644948003
15103,1,0.707355571,0,0,0,0
15104,1,0.709576661,0,0,0,0
15105,1,0.708092365,0,0,0,0
15106,2,0.709600098,0,0,0,0
15107,1,0.709600233,0,0,0,0
15108,2,0.709584206,0,0,0,0
15113,1,0.709415687,0,0,0,0
15114,1,0.70835832,0,0,0,0
15116,2,0.709420232,0,0,0,0
15117,2,0.709404314,0,0,0,0
15118,2,0.708204369,0,0,0,0
15120,1,0.708324011,0,0,0,0
15124,1,0.709413656,0,0,0,0
15125,1,0.708879809,0,0,0,0
15126,1,0.708189608,0,0,0,0
15128,2,0.70930345400000006,0,0,0,0
15131,1,0.70747288,0,0,0,0
15132,1,0.708330517,0,0,0,0
15133,1,0.709401123,0,0,0,0
15134,1,0.708281486,0,0,0,0
15139,2,0.708420006,0,0,0,0
15154,1,0.709585023,0,0,0,0
15155,1,0.709383773,0,0,0,0
15156,1,0.709089804,0,0,0,0
15158,1,0.709775942,0,0,0,0
15159,1,0.707948475,0,0,0,0
15167,2,0.709483738,0,0,0,0
15168,2,0.708383847,0,0,0,0
15169,2,0.708326389,0,0,0,0
15170,2,0.708311164,0,0,0,0
15175,1,0.707960695,0,0,0,0
15176,1,0.709484885,0,0,0,0
15177,2,0.70832983,0,0,0,0
15178,1,0.708272585,0,0,0,0
15179,1,0.70941395,0,0,0,0
15180,1,0.709408082,0,0,0,0
15181,1,0.707084597,0,0,0,0
15182,1,0.709798888,0,0,0,0
15183,2,0.709519945,0,0,0,0
15268,1,0.709628107,0,0,0,0
15269,1,0.707972704,0,0,0,0
15358,1,0.710076797,0,0,0,0
15359,1,0.709307721,0,0,0,0
15525,1,0.709235914,0,0,0,0
15184,1,0.70935819,0,0,0,0
15185,2,0.707947917,0,0,0,0
15186,1,0.709042623,0,0,0,0
15187,1,0.708318446,0,0,0,0
15188,1,0.709427675,0,0,0,0
15189,2,0.708900387,0,0,0,0
15190,1,0.708822037,0,0,0,0
15191,2,0.708836759,0,0,0,0
15192,1,0.709383531,0,0,0,0
15193,1,0.708924761,0,0,0,0
15194,2,0.709515943,0,0,0,0
15195,2,0.708943988,0,0,0,0
15197,1,0.709516318,0,0,0,0
15198,1,0.708321854,0,0,0,0
15199,1,0.709877478,0,0,0,0
15200,1,0.709645701,0,0,0,0
15204,1,0.709523495,0,0,0,0
15205,1,0.708869915,0,0,0,0
15206,2,0.706966997,0,0,0,0
15207,2,0.709822672,0,0,0,0
15208,1,0.709154909,0,0,0,0
15209,2,0.707153479,0,0,0,0
15212,2,0.70832731,0,0,0,0
15213,1,0.709411445,0,0,0,0
15214,1,0.708169118,0,0,0,0
15215,1,0.708244269,0,0,0,0
15216,1,0.70952211,0,0,0,0
15217,1,0.708112817,0,0,0,0
15219,2,0.709705243,0,0,0,0
15220,1,0.708868343,0,0,0,0
15229,1,0.709284896,0,0,0,0
15230,1,0.709007741,0,0,0,0
15236,2,0.709863583,0,0,0,0
15237,1,0.706875942,0,0,0,0
15239,2,0.709032811,0,0,0,0
15240,1,0.707814403,0,0,0,0
15244,2,0.709501704,0,0,0,0
15245,2,0.708217964,0,0,0,0
15246,1,0.707909659,0,0,0,0
15247,1,0.709296419,0,0,0,0
15249,1,0.709805768,0,0,0,0
15252,1,0.708984561,0,0,0,0
15254,2,0.708002134,0,0,0,0
15258,1,0.707793651,0,0,0,0
15259,1,0.709494968,0,0,0,0
15260,2,0.707118528,0,0,0,0
15261,2,0.707630179,0,0,0,0
15262,2,0.707861217,0,0,0,0
15263,2,0.708147851,0,0,0,0
15264,1,0.709355744,0,0,0,0
15265,2,0.70830038,0,0,0,0
15266,2,0.709149324,0,0,0,0
15267,1,0.706817263,0,0,0,0
15271,2,0.707168368,0,0,0,0
15272,1,0.70948792,0,0,0,0
15273,2,0.709349443,0,0,0,0
15274,1,0.709697448,0,0,0,0
15275,2,0.707681812,0,0,0,0
15276,1,0.709332165,0,0,0,0
15278,2,0.708209204,0,0,0,0
15279,2,0.709483201,0,0,0,0
15280,1,0.709364906,0,0,0,0
15281,1,0.707881497,0,0,0,0
15282,1,0.709397318,0,0,0,0
15283,1,0.708294661,0,0,0,0
15284,1,0.707995867,0,0,0,0
15288,1,0.706986086,0,0,0,0
15290,1,0.709603893,0,0,0,0
15291,1,0.7095083,0,0,0,0
15292,2,0.707228815,0,0,0,0
15293,1,0.709345482,0,0,0,0
15295,1,0.71013499,0,0,0,0
15296,2,0.709531685,0,0,0,0
15298,1,0.709230086,0,0,0,0
15299,2,0.709638531,0,0,0,0
15300,1,0.709220539,0,0,0,0
15301,1,0.709242162,0,0,0,0
15302,1,0.709367396,0,0,0,0
15304,2,0.708161878,0,0,0,0
15384,2,0.709466194,0,0,0,0
15388,1,0.708999102,0,0,0,0
15389,2,0.709297736,0,0,0,0
15426,1,0.707286305,0,0,0,0
15427,1,0.708238058,0,0,0,0
15428,2,0.709368534,0,0,0,0
15432,1,0.709325645,0,0,0,0
15433,1,0.70943444,0,0,0,0
15434,2,0.709736099,0,0,0,0
16919,1,0.711175614,0,0,0,0
16923,1,0.710336733,0,0,0,0
16924,1,0.710938729,0,0,0,0
15553,1,0.709190135,0,0,0,0
15617,2,0.710094582,0,0,0,0
15618,1,0.707932232,0,0,0,0
15619,1,0.709451965,0,0,0,0
15657,2,0.710650145,0,0,0,0
15658,1,0.710903221,0,0,0,0
15306,2,0.708202009,0,0,0,0
15307,2,0.708275875,0,0,0,0
15308,1,0.710087015,0,0,0,0
15309,2,0.710102721,0,0,0,0
15311,1,0.709414214,0,0,0,0
15312,2,0.709504481,0,0,0,0
15313,1,0.709941752,0,0,0,0
15314,1,0.707538539,0,0,0,0
15315,2,0.709424336,0,0,0,0
15316,2,0.708659708,0,0,0,0
15317,1,0.709322235,0,0,0,0
15319,1,0.709353558,0,0,0,0
15320,1,0.70949521,0,0,0,0
15323,1,0.70945796,0,0,0,0
15332,1,0.708303866,0,0,0,0
15333,2,0.70929047,0,0,0,0
15335,2,0.709277147,0,0,0,0
15336,1,0.710411257,0,0,0,0
15338,2,0.709418634,0,0,0,0
15339,2,0.709504986,0,0,0,0
15342,1,0.709119083,0,0,0,0
15343,2,0.709280864,0,0,0,0
15344,1,0.709898996,0,0,0,0
15345,2,0.709564557,0,0,0,0
15346,1,0.709047423,0,0,0,0
15347,1,0.710269977,0,0,0,0
15348,1,0.709346935,0,0,0,0
15349,1,0.709290231,0,0,0,0
15350,2,0.710102627,0,0,0,0
15351,1,0.709334892,0,0,0,0
15352,1,0.708835433,0,0,0,0
15353,1,0.707321506,0,0,0,0
15355,2,0.709646054,0,0,0,0
15356,1,0.709185739,0,0,0,0
15357,1,0.709054629,0,0,0,0
15385,2,0.70924849,0,0,0,0
15386,1,0.709367042,0,0,0,0
15387,2,0.70926831,0,0,0,0
15413,2,0.706418524,0,0,0,0
15414,2,0.709238342,0,0,0,0
15859,1,0.70913011,0,0,0,0
15860,2,0.709115512,0,0,0,0
16014,1,0.709149729,0,0,0,0
16015,1,0.711848222,0,0,0,0
15361,2,0.709723683,0,0,0,0
15362,2,0.709309853,0,0,0,0
15363,1,0.708259679,0,0,0,0
15366,2,0.708941127,0,0,0,0
15368,2,0.709333025,0,0,0,0
15373,1,0.708223555,0,0,0,0
15374,2,0.709482063,0,0,0,0
15377,1,0.708268699,0,0,0,0
15378,1,0.708289155,0,0,0,0
15379,1,0.708163542,0,0,0,0
15380,1,0.709330812,0,0,0,0
15381,1,0.70941278,0,0,0,0
15382,1,0.708250033,0,0,0,0
15390,1,0.709447513,0,0,0,0
15392,1,0.708560518,0,0,0,0
15393,1,0.708564919,0,0,0,0
15397,1,0.709730872,0,0,0,0
15399,1,0.708199692,0,0,0,0
15405,1,0.709397203,0,0,0,0
15409,1,0.709409081,0,0,0,0
15415,2,0.709345593,0,0,0,0
15416,2,0.708959116,0,0,0,0
15417,2,0.708595186,0,0,0,0
15419,2,0.709965126,0,0,0,0
15420,1,0.709315109,0,0,0,0
15421,2,0.70921566,0,0,0,0
15422,2,0.709378365,0,0,0,0
15423,1,0.710373992,0,0,0,0
16399,1,0.711024311,0,0,0,0
16400,2,0.711968671,0,0,0,0
16089,2,0.711409452,0,0,0,0
16090,2,0.709377128,0,0,0,0
16412,1,0.712601693,0,0,0,0
16417,2,0.71071399,0,0,0,0
16418,1,0.708253892,0,0,0,0
16420,2,0.707857414,0,0,0,0
16473,1,0.711090403,0,0,0,0
16475,1,0.70901519,0,0,0,0
16476,1,0.712852131,0,0,0,0
16477,1,0.708766754,0,0,0,0
16478,1,0.710078003,0,0,0,0
16479,2,0.712871367,0,0,0,0
15424,1,0.710258089,0,0,0,0
15425,1,0.709351317,0,0,0,0
15483,1,0.710254527,0,0,0,0
15484,1,0.709373957,0,0,0,0
15486,2,0.709223131,0,0,0,0
15512,2,0.710177422,0,0,0,0
15513,1,0.708175296,0,0,0,0
15653,1,0.709942966,0,0,0,0
15654,1,0.710687902,0,0,0,0
15655,1,0.709222842,0,0,0,0
15691,1,0.711239575,0,0,0,0
15856,2,0.70903519,0,0,0,0
15863,2,0.710732741,0,0,0,0
15867,1,0.709141249,0,0,0,0
15438,2,0.709143244,0,0,0,0
15439,1,0.710644437,0,0,0,0
15441,2,0.708084576,0,0,0,0
15443,1,0.707880145,0,0,0,0
15444,1,0.709942056,0,0,0,0
15445,1,0.708552427,0,0,0,0
15446,1,0.709422008,0,0,0,0
15448,1,0.710123336,0,0,0,0
15529,1,0.70922022,0,0,0,0
16892,2,0.71149536,0,0,0,0
16893,1,0.710535965,0,0,0,0
16894,1,0.711339177,0,0,0,0
16931,1,0.710584057,0,0,0,0
16933,2,0.710488546,0,0,0,0
15497,1,0.708198242,0,0,0,0
15498,1,0.709152304,0,0,0,0
15611,1,0.710540421,0,0,0,0
15613,1,0.709215137,0,0,0,0
15745,1,0.708115577,0,0,0,0
15746,1,0.710541761,0,0,0,0
15784,2,0.711332681,0,0,0,0
15785,1,0.710799569,0,0,0,0
15786,1,0.71016597,0,0,0,0
15832,1,0.709218212,0,0,0,0
15833,1,0.71066238,0,0,0,0
15834,1,0.710189073,0,0,0,0
15530,1,0.709616429,0,0,0,0
15594,2,0.709170203,0,0,0,0
15595,1,0.707936307,0,0,0,0
15597,2,0.710031101,0,0,0,0
15598,1,0.70965965,0,0,0,0
15813,1,0.708013805,0,0,0,0
15814,2,0.710983024,0,0,0,0
15815,2,0.709118707,0,0,0,0
15816,1,0.710532379,0,0,0,0
15817,1,0.709136632,0,0,0,0
15471,1,0.709273482,0,0,0,0
15472,1,0.709195997,0,0,0,0
15554,1,0.708164612,0,0,0,0
15555,1,0.709674529,0,0,0,0
15556,2,0.708100031,0,0,0,0
15587,1,0.71015817,0,0,0,0
15588,2,0.710145188,0,0,0,0
15589,2,0.709647064,0,0,0,0
16057,1,0.711729533,0,0,0,0
16116,1,0.710483346,0,0,0,0
15892,2,0.710915866,0,0,0,0
15893,1,0.709026704,0,0,0,0
15549,2,0.708109549,0,0,0,0
15550,1,0.709244484,0,0,0,0
15557,1,0.708147648,0,0,0,0
15558,1,0.710010106,0,0,0,0
15559,1,0.709187971,0,0,0,0
15560,1,0.707264753,0,0,0,0
15561,2,0.709151545,0,0,0,0
16687,1,0.712160511,0,0,0,0
16688,1,0.713110724,0,0,0,0
16689,2,0.713088752,0,0,0,0
15931,2,0.711288265,0,0,0,0
16088,1,0.707961701,0,0,0,0
16146,1,0.712311094,0,0,0,0
16147,1,0.712357627,0,0,0,0
16091,1,0.710335715,0,0,0,0
15937,1,0.710077849,0,0,0,0
15938,1,0.708825676,0,0,0,0
15939,1,0.709794959,0,0,0,0
15940,2,0.709261301,0,0,0,0
15942,1,0.709292079,0,0,0,0
15943,1,0.707746797,0,0,0,0
15944,1,0.709346305,0,0,0,0
16613,2,0.709577357,0,0,0,0
16614,2,0.709576073,0,0,0,0
16615,1,0.709875763,0,0,0,0
16616,1,0.711543049,0,0,0,0
16618,1,0.708472651,0,0,0,0
16619,2,0.713014,0,0,0,0
15894,2,0.709198198,0,0,0,0
15806,1,0.710119413,0,0,0,0
15807,1,0.711944659,0,0,0,0
15808,1,0.711468663,0,0,0,0
15857,1,0.71033033,0,0,0,0
15861,2,0.710212789,0,0,0,0
15862,1,0.709945015,0,0,0,0
15905,2,0.709252145,0,0,0,0
15906,2,0.710546361,0,0,0,0
16921,1,0.711094056,0,0,0,0
15637,1,0.708099276,0,0,0,0
15638,2,0.708797054,0,0,0,0
15640,2,0.709572918,0,0,0,0
15641,2,0.708070711,0,0,0,0
15748,1,0.71144414,0,0,0,0
15818,1,0.710536423,0,0,0,0
15460,2,0.707987679,0,0,0,0
15462,1,0.710224393,0,0,0,0
15463,1,0.709927163,0,0,0,0
15464,1,0.708196954,0,0,0,0
15466,1,0.708324534,0,0,0,0
15467,2,0.709943978,0,0,0,0
15468,1,0.709647731,0,0,0,0
16873,2,0.711550158,0,0,0,0
16874,2,0.711280046,0,0,0,0
16875,1,0.711215611,0,0,0,0
16876,1,0.711599933,0,0,0,0
16877,2,0.711646761,0,0,0,0
16881,2,0.711291799,0,0,0,0
16882,2,0.710831574,0,0,0,0
16883,1,0.711384912,0,0,0,0
16884,2,0.711262625,0,0,0,0
16885,2,0.711248935,0,0,0,0
16886,2,0.710511859,0,0,0,0
16890,1,0.711619639,0,0,0,0
16891,1,0.711472048,0,0,0,0
16895,2,0.711221975,0,0,0,0
16896,1,0.710375491,0,0,0,0
16897,2,0.710729294,0,0,0,0
16898,1,0.711442499,0,0,0,0
16900,1,0.71046855,0,0,0,0
16901,2,0.711311388,0,0,0,0
16902,1,0.711274832,0,0,0,0
16903,1,0.711269241,0,0,0,0
16904,1,0.711430963,0,0,0,0
16905,1,0.710174227,0,0,0,0
16907,1,0.710788776,0,0,0,0
16908,1,0.711020702,0,0,0,0
16909,1,0.711283877,0,0,0,0
16910,1,0.711196906,0,0,0,0
16911,2,0.711004139,0,0,0,0
16912,1,0.710786625,0,0,0,0
16915,1,0.71076721,0,0,0,0
16916,2,0.711211083,0,0,0,0
16917,1,0.711163739,0,0,0,0
16918,1,0.711184731,0,0,0,0
16926,1,0.711036976,0,0,0,0
16927,1,0.711028748,0,0,0,0
16928,1,0.710513069,0,0,0,0
16929,1,0.710591302,0,0,0,0
16930,1,0.710327983,0,0,0,0
16934,1,0.710457021,0,0,0,0
16935,2,0.710538594,0,0,0,0
16936,1,0.710522759,0,0,0,0
16937,1,0.71054257,0,0,0,0
16939,1,0.710217956,0,0,0,0
15473,1,0.708134777,0,0,0,0
15476,1,0.707834881,0,0,0,0
15488,3,0.70958141,79.93078712303084,4.357519614411441e-4,0.8236064811212566,56.55450406760033
15503,3,0.707311536,56.327258483592104,3.070745860296351e-4,0.5803958251965184,39.85398222244222
15504,4,0.708624301,94.57244424025549,5.155726542833017e-4,0.9744740520553453,66.91411250881261
15509,3,0.709668909,74.47783402674598,4.060245548575545e-4,0.767419276253154,52.696302876742564
15520,3,0.709325281,88.10693025527343,4.803251545139756e-4,0.9078534242162254,62.339480503750835
15523,4,0.709329874,88.03354718015623,4.79925098164353e-4,0.9070972853309909,62.28755879035872
15524,5,0.708839381,96.06136311007674,5.236896682813335e-4,0.9898158655816027,67.96758728756116
15534,3,0.709595518,79.14139783688066,4.3144851414428327e-4,0.8154726173673533,55.995976856729946
15536,3,0.70931336,88.88885942631784,4.8458793212764024e-4,0.9159104189766885,62.892729359117915
15541,4,0.708244469,85.68321662830134,4.671119984205783e-4,0.8828794895984722,60.624597827013176
15544,3,0.709791872,69.17385288710344,3.7710928618281213e-4,0.7127670777751056,48.94350581652245
15570,5,0.708872357,95.97883507732273,5.232397571339418e-4,0.9889654970928528,67.90919511938577
15571,4,0.709251394,90.04965586287379,4.90916148604285e-4,0.9278712603848732,63.71404326275573
15578,3,0.70928269,89.9425569515551,4.903322864611098e-4,0.9267677136707975,63.638266130641604
15579,3,0.707988543,75.35663391074048,4.10815434404073e-4,0.7764744264164123,53.31809196956702
15582,4,0.709647069,75.2533549300015,4.102523970557309e-4,0.7754102402503323,53.24501760427509
15584,4,0.710130409,50.406135193156274,2.747948953045725e-4,0.5193845966943557,35.66453028199924
15586,3,0.709277764,89.7123589286177,4.890773352261064e-4,0.924395754248695,63.47539102965545
15600,3,0.709247931,90.08873860381327,4.911292127018106e-4,0.9282739687766747,63.74169599971719
15615,3,0.710035992,55.3241020301338,3.0160576221392613e-4,0.5700593054850942,39.14420545469662
15625,4,0.708204395,84.13647304913896,4.586797463093977e-4,0.8669418505199279,59.530209554511494
15627,7,0.709627707,0,0,0,0
15628,4,0.708199449,84.05784007455564,4.582510695236194e-4,0.8661316166935428,59.474573309192465
15644,4,0.708199754,84.06273029953066,4.5827772915254904e-4,0.8661820055503092,59.47803335579273
15645,4,0.709762094,70.96588289784206,3.8687874573960104e-4,0.7312321471724126,50.21144489455986
15646,3,0.707848356,69.42420908496014,3.7847413204761124e-4,0.715346746943461,49.12064370193127
15647,5,0.709328956,88.04838244517286,4.800059743331257e-4,0.9072501478368742,62.298055384799056
15768,4,0.708142067,81.90780242408435,4.4652988977440577e-4,0.843977638141358,57.953328274261025
15869,3,0.710436848,30.42733616208633,1.6587815397901742e-4,0.3135231388097864,21.528662092320754
16219,3,0.712249852,0.40525912093214284,2.2093171254060205e-6,0.004175788210611078,0.2867384324379458
16346,4,0.708631192,94.95490108923332,5.176576621770957e-4,0.9784148857554127,67.18471734331655
16013,4,0.711204233,7.604138674459951,4.145484439388994e-5,0.07835301166232955,5.3802584345054
16017,4,0.711285899,6.4437244888538725,3.512871180265614e-5,0.06639610896626148,4.559214990019529
15664,4,0.709957876,59.84813385683655,3.2626904670121057e-4,0.6166749096519349,42.345154495163314
15665,4,0.709242591,90.14662265510489,4.914447743244887e-4,0.92887040578816,63.782651480478094
15667,5,0.709735328,72.01748312801045,3.926116664256254e-4,0.7420678313472996,50.95549773871622
15668,3,0.709787979,69.3317140477325,3.779698846187266e-4,0.7143936784841829,49.05519944512605
15669,4,0.709811904,68.0600843264167,3.7103744762874283e-4,0.7012908113943086,48.15546617794402
15670,5,0.709312411,88.9038026301036,4.8466939673713844e-4,0.916064393683177,62.90330232492625
15673,5,0.708899081,96.13573372483772,5.240951083179216e-4,0.99058218007101,68.02020772814977
15675,5,0.709686203,73.84916491772181,4.025972922568112e-4,0.7609414725018151,52.2514921728425
15677,4,0.708195059,83.68833856492246,4.562366891656443e-4,0.8623242747534521,59.21313494005231
15678,7,0.709654769,0,0,0,0
15680,6,0.709194809,91.46961297359132,4.986572095700062e-4,0.9425024922467724,64.71872460125283
15683,3,0.709945582,60.67403242039772,3.30771528560538e-4,0.6251849648406912,42.92951360575798
15703,7,0.709646274,0,0,0,0
15884,5,0.711118064,8.227315913123196,4.485216742606538e-5,0.0847742272054755,5.821183401559321
15928,5,0.710795488,16.038428387222208,8.743535350663016e-5,0.1652598959945595,11.347884790211502
15828,3,0.709143595,92.0877844269329,5.020272429826123e-4,0.9488721281998453,65.15610775774131
15835,4,0.708226934,85.40574227438984,4.6559931478116356e-4,0.8800203950686675,60.42827266818809
15841,4,0.708116947,81.46357093828271,4.441081102794282e-4,0.8394002788534882,57.639015200725865
15842,7,0.709494866,0,0,0,0
15850,5,0.710931252,12.721633123140746,6.935345923230549e-5,0.13108365209188091,9.001108059924
16131,4,0.708240764,85.62605218212012,4.66800359808665e-4,0.8822904673948989,60.58415149812739
16210,4,0.712212157,0.4329711478984986,2.3603924562108143e-6,0.00446133281533725,0.30634589532177675
16068,5,0.709878532,64.41346872038211,3.511574994867883e-4,0.6637161001298597,45.575327228392304
16069,4,0.711517423,3.87082647389581,2.110225970629037e-5,0.03988497906681748,2.738777878240602
16357,3,0.708351917,89.17974048373773,4.861737039669904e-4,0.9189076561208401,63.09854034305982
16450,5,0.711526068,3.83437890890668,2.090356157625293e-5,0.03950942351648954,2.712989642735563
15853,3,0.710991862,11.164686642827697,6.086558482152274e-5,0.11504088236447914,7.89950079164615
15872,3,0.710441368,30.00658672692944,1.6358438960806655e-4,0.30918773846911496,21.230963589672527
15875,3,0.710468825,29.28489289540994,1.5964999193773525e-4,0.3017514083838151,20.72033385363091
15877,5,0.711005767,10.727012292943785,5.847955231391292e-5,0.1105310877764429,7.589827176613502
15881,7,0.709724563,0,0,0,0
15902,3,0.71057837,24.209964292832975,1.3198342974884007e-4,0.24945936624645323,17.129601413382957
15904,3,0.710708632,19.50530324215795,1.0633542408624224e-4,0.20098255934537082,13.800849350457035
15909,5,0.710880585,13.960879278204002,7.610935345296451e-5,0.1438528390566445,9.877928547246453
15992,3,0.710846269,14.720621133285237,8.025117433896441e-5,0.15168121581040844,10.415478912756834
15993,4,0.7081972,83.72177495668213,4.5641897153539455e-4,0.8626688031879861,59.236792639692716
16030,3,0.710374179,34.928934570162845,1.9041914008141093e-4,0.3599075891291637,24.713738514606
16600,4,0.712344538,0.3394362381454446,1.850476041583516e-6,0.003497549514102745,0.2401658835329582
16601,4,0.711843522,2.091400493215252,1.1401512481977495e-5,0.021549781540134046,1.4797566989859312
16636,5,0.712415363,0,0,0,0
15977,3,0.71192835,1.837896691237448,1.0019507088053548e-5,0.018937679472673732,1.3003917469301178
16056,4,0.711411946,5.622657630227269,3.0652570543467015e-5,0.05793583964403065,3.97827452055441
16463,4,0.709147894,92.06825388253395,5.019207699534306e-4,0.9486708855557305,65.14228904917594
15912,7,0.709602186,0,0,0,0
15915,5,0.71121803,7.207821165450276,3.929427350349426e-5,0.0742693577818819,5.099846580924506
15918,5,0.710486969,28.804956036904358,1.5703356046008942e-4,0.2968061410916796,20.380757677873167
15924,3,0.710671885,20.48072850882666,1.116530681191467e-4,0.2110333370293341,14.491005098911574
16053,3,0.712344653,0.3393599028830349,1.8500598910422866e-6,0.0034967629558925535,0.2401118730188142
16457,3,0.712196656,0.444585057557079,2.423707032432077e-6,0.004581002489692396,0.3145632409112295
16093,4,0.71078544,16.18323722637773,8.822479569739587e-5,0.1667520056402278,11.45034333438222
16094,3,0.710256235,43.268578861334,2.3588367869537116e-4,0.4458392474510342,30.61439912315744
16095,4,0.708209037,84.51021064409693,4.6071722017809063e-4,0.87079284106468835,59.79464513803367
16319,3,0.710760298,16.543151802782845,9.018691177637789e-5,0.17046056386224304,11.70499853180898
16344,3,0.711022902,10.560340873640245,5.7570923730462244e-5,0.1088137062004954,7.471899907281773
16394,3,0.711235144,7.090604559943868,3.865525357636317e-5,0.07306155839112256,5.016910740661871
16466,4,0.711492104,3.9768925596515476,2.1680491281056512e-5,0.04097788355080721,2.8138242414032004
16096,3,0.710498188,27.617846033808913,1.5056189252193902e-4,0.28457416480889414,19.540825782852377
16214,4,0.711029862,10.492312216609076,5.720005761238047e-5,0.10811273921581394,7.423766677280412
16217,3,0.712237797,0.4140362072551099,2.257166430018575e-6,0.004266227269716422,0.2929486022863908
16218,4,0.708500466,92.67413943332821,5.052238253426022e-4,0.9549139276226601,65.57097939591496
16348,3,0.710771627,16.38142871911457,8.930525961886453e-5,0.16879416991505108,11.590572424893953
15932,6,0.709854814,65.68860375514429,3.581090460997934e-4,0.676855085954163,46.47754065710779
15933,5,0.71086163,14.51400567430994,7.912478618800117e-5,0.14955225102428707,10.26928950019592
15934,3,0.710726222,18.602240328424358,1.0141227181753671e-4,0.19167740302973973,13.16189311011082
15957,4,0.711145809,8.030050368942957,4.377675142060325e-5,0.08274160390053194,5.681609459874414
15973,3,0.711746759,2.3880071016093325,1.3018497826875788e-5,0.024606014736496148,1.6896187589589011
15980,5,0.70933992,87.86572306063103,4.7901018550188066e-4,0.905368026336998,62.16881593554708
15982,5,0.711345719,6.05702267882693,3.302056201110318e-5,0.062411535206099635,4.285606661173038
15984,4,0.710962533,11.765558542971052,6.414130771236978e-5,0.12123226379701751,8.324643762757624
15994,3,0.709500709,83.44107652873697,4.5488871148225286e-4,0.8597764878134317,59.03818630843567
15995,4,0.708237085,85.5685115420157,4.6648667033192447e-4,0.8816975688907853,60.54343899569915
16006,3,0.707063405,55.27356073199312,3.013302304621284e-4,0.5695385281699794,39.10844529075779
16008,3,0.712058789,0.9243147272196817,5.039008996057538e-6,0.00952413490889554,0.6539928215623236
16025,5,0.709459495,85.21570590526134,4.6456330946239406e-4,0.8780622611518568,60.29381368188628
16034,3,0.710252816,43.403333448110104,2.3661830896256087e-4,0.4472277581241342,30.709743847014927
16036,3,0.711988328,1.6652337746568282,9.078215161923185e-6,0.017158561534973322,1.1782252330053626
16037,3,0.707487957,59.04408168183791,3.2188566296426096e-4,0.6083899595554318,41.776252653479574
16040,5,0.709666132,74.57843454001745,4.065729902296791e-4,0.768455863502157,52.76748210994913
16042,5,0.709796983,68.6683808984401,3.743536469799281e-4,0.7075586966134442,48.58586242693695
16045,3,0.711266951,6.870415409342657,3.745486687036398e-5,0.07079273034582124,4.86111735163706
16049,3,0.712185894,0.45271781636374087,2.4680437108195402e-6,0.004664802400886223,0.32031752105242484
16055,3,0.712218008,0.42861928151907774,2.33666775163805e-6,0.0044164912031866305,0.303266760814096
16062,5,0.711587835,3.5715448589594576,1.9470691252810043e-5,0.03680118261473684,2.5270231349372043
16063,3,0.710901451,13.690287321057166,7.463418999816903e-5,0.1410646607130184,9.686472983102366
16065,3,0.712274489,0.38758550136478226,2.1129673374277295e-6,0.003993679311844141,0.2742335788553953
16074,3,0.712411199,0,0,0,0
16080,3,0.712352676,0.3340572130574855,1.8211516621161712e-6,0.0034421240631092756,0.2363599896194094
16083,3,0.710872617,14.365668015650638,7.831610622821439e-5,0.14802378043787703,10.164334162935033
16086,3,0.710222815,44.58053375845158,2.4303595306070862e-4,0.4593576249761001,31.54266420393713
16179,3,0.711487428,4.297228015660043,2.342683719230083e-5,0.04427861868926441,3.0404754918399557
16244,3,0.709820768,67.69282079204999,3.690352678526351e-4,0.6975065295415809,47.8956112735221
16284,4,0.708551726,93.95651368163934,5.122148373683323e-4,0.9681275062717277,66.47831488268638
16285,3,0.7108888,13.854528050556505,7.55295673940866e-5,0.14275699647184847,9.802680433808924
16101,4,0.71091249,13.251880703701119,7.224416544946006e-5,0.1365473208441502,9.376281257023624
16103,3,0.707873888,70.47783901223738,3.842181178629575e-4,0.7262033451084855,49.8661326449618
16106,5,0.70996094,59.717849189692366,3.255587847195989e-4,0.6153324570111832,42.25297243361786
16110,3,0.710552161,25.103009175311232,1.3685196755763076e-4,0.25866129681182026,17.761469461434665
16123,4,0.708213755,84.88699420112069,4.62771299462449e-4,0.8746752171892602,60.06123587203341
16125,3,0.70785547,70.14802370412934,3.8242009143791823e-4,0.722804929615433,49.63277398736165
16127,3,0.710664492,20.92046135613367,1.1405032276433358e-4,0.21556434236581987,14.802135190291798
16129,3,0.709336466,87.92455445098217,4.7933091165337424e-4,0.9059742247260117,62.21044169984483
16139,3,0.709298319,89.41900277324258,4.8747807010303455e-4,0.9213730137060318,63.267828806392444
15477,1,0.708227983,0,0,0,0
15478,1,0.709355798,0,0,0,0
15479,1,0.709416937,0,0,0,0
15480,1,0.707295857,0,0,0,0
15481,1,0.705804207,0,0,0,0
15489,1,0.709878421,0,0,0,0
15490,2,0.710308768,0,0,0,0
15491,2,0.708138364,0,0,0,0
15492,1,0.709276757,0,0,0,0
15493,1,0.709397412,0,0,0,0
15494,1,0.708132559,0,0,0,0
15495,1,0.707784957,0,0,0,0
15496,1,0.710776781,0,0,0,0
15500,1,0.707816742,0,0,0,0
15501,2,0.709183741,0,0,0,0
15502,2,0.710055334,0,0,0,0
15505,2,0.709884634,0,0,0,0
15506,2,0.708107793,0,0,0,0
15507,2,0.707841298,0,0,0,0
15508,1,0.710749298,0,0,0,0
15510,1,0.709680524,0,0,0,0
15511,1,0.710442547,0,0,0,0
15515,1,0.709215542,0,0,0,0
15516,1,0.710525957,0,0,0,0
15517,2,0.710819545,0,0,0,0
15518,1,0.708098532,0,0,0,0
15519,1,0.709224498,0,0,0,0
15521,1,0.70970944,0,0,0,0
15522,1,0.710374807,0,0,0,0
15535,1,0.710229523,0,0,0,0
15537,1,0.709218537,0,0,0,0
15538,1,0.709252752,0,0,0,0
15539,1,0.71024991,0,0,0,0
15540,2,0.709757153,0,0,0,0
15542,2,0.709636289,0,0,0,0
15543,1,0.709614148,0,0,0,0
15545,2,0.709253106,0,0,0,0
15546,1,0.708125466,0,0,0,0
15547,2,0.709268715,0,0,0,0
15572,1,0.710916008,0,0,0,0
15576,1,0.709193011,0,0,0,0
15577,1,0.709202068,0,0,0,0
15580,2,0.709189916,0,0,0,0
15581,1,0.708392575,0,0,0,0
15583,1,0.709165084,0,0,0,0
15585,1,0.709257908,0,0,0,0
15590,1,0.709183579,0,0,0,0
15591,2,0.710392629,0,0,0,0
15592,1,0.710090465,0,0,0,0
15593,2,0.71014263,0,0,0,0
15601,2,0.709259858,0,0,0,0
15602,1,0.710419544,0,0,0,0
15603,2,0.709168653,0,0,0,0
15604,2,0.709178697,0,0,0,0
15605,1,0.709672241,0,0,0,0
15606,2,0.710105915,0,0,0,0
15607,1,0.710141711,0,0,0,0
15608,1,0.709255881,0,0,0,0
15609,1,0.709250296,0,0,0,0
15610,2,0.710108758,0,0,0,0
15614,1,0.710142215,0,0,0,0
15616,2,0.710058962,0,0,0,0
15620,2,0.709693968,0,0,0,0
15621,2,0.708085994,0,0,0,0
15622,2,0.709467191,0,0,0,0
15623,1,0.709182839,0,0,0,0
15624,1,0.708112446,0,0,0,0
15626,1,0.710850777,0,0,0,0
15629,1,0.710160512,0,0,0,0
15633,2,0.710780084,0,0,0,0
15634,2,0.708069018,0,0,0,0
15635,1,0.708105848,0,0,0,0
15642,2,0.70810286,0,0,0,0
15643,1,0.710357051,0,0,0,0
15648,2,0.710525167,0,0,0,0
15649,1,0.709683007,0,0,0,0
15650,1,0.708079155,0,0,0,0
15651,1,0.709231197,0,0,0,0
15652,1,0.710572804,0,0,0,0
15659,2,0.710413587,0,0,0,0
15660,1,0.707671599,0,0,0,0
15661,2,0.710616889,0,0,0,0
15766,1,0.710573155,0,0,0,0
15767,2,0.71093651,0,0,0,0
15802,1,0.710197123,0,0,0,0
15803,2,0.709206416,0,0,0,0
15804,2,0.7091204,0,0,0,0
15868,1,0.707942451,0,0,0,0
15870,2,0.710743175,0,0,0,0
16347,1,0.710260401,0,0,0,0
16012,1,0.710544106,0,0,0,0
16114,1,0.710304587,0,0,0,0
16115,1,0.707975107,0,0,0,0
16119,1,0.707807389,0,0,0,0
15662,1,0.708090712,0,0,0,0
15663,1,0.710943378,0,0,0,0
15666,1,0.709341748,0,0,0,0
15671,2,0.710724868,0,0,0,0
15672,2,0.709695373,0,0,0,0
15674,1,0.708086308,0,0,0,0
15676,1,0.709541451,0,0,0,0
15679,2,0.710780908,0,0,0,0
15681,1,0.709197577,0,0,0,0
15682,1,0.710497843,0,0,0,0
15687,1,0.710850109,0,0,0,0
15688,2,0.710571485,0,0,0,0
15692,1,0.709161575,0,0,0,0
15693,2,0.709865464,0,0,0,0
15694,2,0.710395715,0,0,0,0
15704,1,0.707916947,0,0,0,0
15822,1,0.710721122,0,0,0,0
15823,2,0.710428707,0,0,0,0
15824,1,0.710699844,0,0,0,0
15825,2,0.710839763,0,0,0,0
15826,1,0.711424375,0,0,0,0
15827,2,0.710676454,0,0,0,0
15882,1,0.711897425,0,0,0,0
15883,2,0.707810011,0,0,0,0
15927,1,0.707964238,0,0,0,0
15929,1,0.711863289,0,0,0,0
15930,1,0.71002684,0,0,0,0
15958,2,0.710158993,0,0,0,0
15959,1,0.710321266,0,0,0,0
15948,2,0.712021364,0,0,0,0
15949,2,0.709064948,0,0,0,0
15950,1,0.710717449,0,0,0,0
15951,2,0.710204884,0,0,0,0
15952,1,0.709838175,0,0,0,0
15953,1,0.710183008,0,0,0,0
15999,1,0.710470024,0,0,0,0
16000,1,0.70933438,0,0,0,0
16001,1,0.705686107,0,0,0,0
16002,2,0.710669483,0,0,0,0
16003,1,0.709337289,0,0,0,0
16004,1,0.710454233,0,0,0,0
15829,1,0.710103558,0,0,0,0
15830,2,0.709120316,0,0,0,0
15831,1,0.710969833,0,0,0,0
15836,1,0.709133383,0,0,0,0
15837,1,0.709008479,0,0,0,0
15838,1,0.71013626,0,0,0,0
15839,1,0.711339607,0,0,0,0
15840,1,0.710038178,0,0,0,0
15843,1,0.710043346,0,0,0,0
15844,2,0.710657233,0,0,0,0
15845,1,0.709132066,0,0,0,0
15846,2,0.711214989,0,0,0,0
15847,2,0.711598256,0,0,0,0
15848,1,0.709791834,0,0,0,0
15849,2,0.709129209,0,0,0,0
15851,2,0.711069943,0,0,0,0
16132,2,0.708563566,0,0,0,0
16133,1,0.707995997,0,0,0,0
16209,1,0.71152744,0,0,0,0
16211,2,0.709337156,0,0,0,0
15945,2,0.70894012,0,0,0,0
15946,1,0.709132063,0,0,0,0
15947,1,0.712067101,0,0,0,0
16070,2,0.707852062,0,0,0,0
16356,1,0.711917985,0,0,0,0
16358,2,0.708375453,0,0,0,0
16449,1,0.710846678,0,0,0,0
16451,1,0.712855066,0,0,0,0
16482,1,0.710443449,0,0,0,0
16483,1,0.712527154,0,0,0,0
16484,2,0.707855567,0,0,0,0
15852,1,0.709303181,0,0,0,0
15854,1,0.709126912,0,0,0,0
15855,2,0.711100054,0,0,0,0
15871,1,0.709447202,0,0,0,0
15873,1,0.710162527,0,0,0,0
15874,1,0.707616186,0,0,0,0
15876,2,0.707853447,0,0,0,0
15878,1,0.709261528,0,0,0,0
15879,2,0.710716202,0,0,0,0
15880,1,0.711798744,0,0,0,0
15885,2,0.710579084,0,0,0,0
15886,2,0.707666662,0,0,0,0
15898,1,0.709327741,0,0,0,0
15899,2,0.710584754,0,0,0,0
15900,2,0.710689531,0,0,0,0
15901,1,0.710416826,0,0,0,0
15903,1,0.710251298,0,0,0,0
15908,1,0.707955435,0,0,0,0
15910,1,0.709226977,0,0,0,0
15911,2,0.709269476,0,0,0,0
15975,2,0.709322909,0,0,0,0
15991,1,0.711611321,0,0,0,0
16031,1,0.711963432,0,0,0,0
16032,1,0.709535866,0,0,0,0
16282,2,0.710279818,0,0,0,0
16283,1,0.71083341,0,0,0,0
16287,1,0.707962655,0,0,0,0
16384,1,0.711061801,0,0,0,0
16388,2,0.712856934,0,0,0,0
16389,1,0.710515064,0,0,0,0
16498,1,0.709357658,0,0,0,0
16499,1,0.711581428,0,0,0,0
16500,1,0.71288313699999994,0,0,0,0
16602,1,0.709704236,0,0,0,0
16640,2,0.711585865,0,0,0,0
16641,1,0.713036753,0,0,0,0
15976,1,0.709247525,0,0,0,0
16117,1,0.710589508,0,0,0,0
16118,1,0.708058233,0,0,0,0
16461,2,0.711838322,0,0,0,0
16462,1,0.707248688,0,0,0,0
15913,1,0.709979858,0,0,0,0
15914,2,0.71177824,0,0,0,0
15916,1,0.709258394,0,0,0,0
15917,1,0.710160591,0,0,0,0
15919,2,0.709941728,0,0,0,0
15920,1,0.711863811,0,0,0,0
15921,1,0.710653427,0,0,0,0
15922,1,0.710440485,0,0,0,0
15923,1,0.707961164,0,0,0,0
15925,1,0.711845846,0,0,0,0
15926,2,0.709306813,0,0,0,0
15960,1,0.710615406,0,0,0,0
16051,1,0.712113815,0,0,0,0
16052,2,0.709378676,0,0,0,0
16156,1,0.711020862,0,0,0,0
16157,1,0.712387161,0,0,0,0
16158,1,0.712085819,0,0,0,0
16291,2,0.712700465,0,0,0,0
16292,2,0.710692595,0,0,0,0
16293,1,0.712642051,0,0,0,0
16366,1,0.711244055,0,0,0,0
16367,2,0.712333397,0,0,0,0
16368,1,0.709369424,0,0,0,0
16456,1,0.712219325,0,0,0,0
16458,2,0.712301508,0,0,0,0
16092,1,0.709363895,0,0,0,0
16192,1,0.707402386,0,0,0,0
16193,2,0.707977675,0,0,0,0
16194,2,0.710997726,0,0,0,0
16273,2,0.712650249,0,0,0,0
16274,2,0.711051575,0,0,0,0
16275,2,0.709143142,0,0,0,0
16318,2,0.708091156,0,0,0,0
16320,2,0.708363931,0,0,0,0
16342,2,0.707521554,0,0,0,0
16343,2,0.711276457,0,0,0,0
16393,1,0.711984849,0,0,0,0
16395,1,0.707145022,0,0,0,0
16429,1,0.711000493,0,0,0,0
16430,1,0.712828602,0,0,0,0
16431,2,0.710859437,0,0,0,0
16465,1,0.712589146,0,0,0,0
16467,1,0.712240761,0,0,0,0
16215,2,0.709170864,0,0,0,0
16216,1,0.710781168,0,0,0,0
16385,1,0.708164486,0,0,0,0
16386,1,0.710942627,0,0,0,0
16387,1,0.708074144,0,0,0,0
15935,2,0.710042641,0,0,0,0
15936,1,0.710490312,0,0,0,0
15954,1,0.711908347,0,0,0,0
15955,1,0.712012474,0,0,0,0
15956,1,0.709136165,0,0,0,0
15961,1,0.710646957,0,0,0,0
15962,2,0.711044574,0,0,0,0
15963,2,0.712168325,0,0,0,0
15964,1,0.711307018,0,0,0,0
15965,1,0.710207463,0,0,0,0
15966,1,0.710486409,0,0,0,0
15967,1,0.706478303,0,0,0,0
15968,1,0.711592165,0,0,0,0
15969,1,0.711866062,0,0,0,0
15970,2,0.711262831,0,0,0,0
15971,2,0.710729384,0,0,0,0
15972,1,0.709139398,0,0,0,0
15974,2,0.708692198,0,0,0,0
15978,1,0.711292432,0,0,0,0
15979,2,0.706597572,0,0,0,0
15981,1,0.710323314,0,0,0,0
15983,2,0.708871787,0,0,0,0
15985,1,0.711820863,0,0,0,0
15986,2,0.708826997,0,0,0,0
15987,1,0.707941012,0,0,0,0
15988,1,0.70991221,0,0,0,0
15989,2,0.712188708,0,0,0,0
15990,1,0.710700291,0,0,0,0
15996,1,0.710044745,0,0,0,0
15997,2,0.709983094,0,0,0,0
15998,2,0.711848659,0,0,0,0
16005,1,0.710038657,0,0,0,0
16007,2,0.710050031,0,0,0,0
16009,2,0.711929303,0,0,0,0
16010,1,0.71012609,0,0,0,0
16011,2,0.7119611,0,0,0,0
16018,2,0.710246576,0,0,0,0
16019,2,0.710155301,0,0,0,0
16020,1,0.712136386,0,0,0,0
16021,1,0.710057623,0,0,0,0
16022,2,0.708922702,0,0,0,0
16023,1,0.710327953,0,0,0,0
16024,1,0.708654519,0,0,0,0
16026,1,0.709614049,0,0,0,0
16027,2,0.712022094,0,0,0,0
16028,2,0.712181019,0,0,0,0
16029,2,0.709267207,0,0,0,0
16033,1,0.710307545,0,0,0,0
16035,2,0.71025105,0,0,0,0
16038,1,0.710355973,0,0,0,0
16039,1,0.709123698,0,0,0,0
16041,1,0.710100073,0,0,0,0
16043,2,0.710169869,0,0,0,0
16044,1,0.710240377,0,0,0,0
16046,1,0.71233043,0,0,0,0
16047,1,0.707941324,0,0,0,0
16048,1,0.710097267,0,0,0,0
16050,1,0.709387446,0,0,0,0
16054,1,0.711849533,0,0,0,0
16059,2,0.706435404,0,0,0,0
16060,1,0.710270535,0,0,0,0
16061,1,0.710932136,0,0,0,0
16064,2,0.708422558,0,0,0,0
16066,1,0.710090326,0,0,0,0
16067,1,0.710249826,0,0,0,0
16071,2,0.710119209,0,0,0,0
16072,2,0.710971701,0,0,0,0
16073,1,0.710481107,0,0,0,0
16075,1,0.709553008,0,0,0,0
16076,1,0.705865821,0,0,0,0
16077,1,0.710498506,0,0,0,0
16078,1,0.710765626,0,0,0,0
16079,2,0.712043552,0,0,0,0
16081,1,0.712090951,0,0,0,0
16082,1,0.708741651,0,0,0,0
16084,1,0.711441963,0,0,0,0
16085,2,0.710263212,0,0,0,0
16087,1,0.712251493,0,0,0,0
16148,1,0.710259031,0,0,0,0
16180,2,0.707946696,0,0,0,0
16181,1,0.711907053,0,0,0,0
16242,1,0.710670127,0,0,0,0
16243,1,0.709020076,0,0,0,0
16286,1,0.711750594,0,0,0,0
16314,2,0.712776803,0,0,0,0
16098,1,0.707991142,0,0,0,0
16099,1,0.710287483,0,0,0,0
16100,1,0.71197943,0,0,0,0
16102,2,0.710106672,0,0,0,0
16104,1,0.710557431,0,0,0,0
16105,1,0.711004296,0,0,0,0
16107,1,0.708054669,0,0,0,0
16108,1,0.710251874,0,0,0,0
16109,1,0.712279546,0,0,0,0
16111,1,0.709550953,0,0,0,0
16112,2,0.709365134,0,0,0,0
16113,1,0.706613706,0,0,0,0
16120,2,0.707959119,0,0,0,0
16121,2,0.707979312,0,0,0,0
16122,1,0.711882954,0,0,0,0
16124,1,0.710487521,0,0,0,0
16126,2,0.710322747,0,0,0,0
16128,2,0.710286977,0,0,0,0
16130,2,0.712075588,0,0,0,0
16134,2,0.710749306,0,0,0,0
16135,2,0.707977882,0,0,0,0
16136,2,0.710538844,0,0,0,0
16137,1,0.710959976,0,0,0,0
16138,2,0.709437702,0,0,0,0
16140,1,0.71029434,0,0,0,0
16141,1,0.707992387,0,0,0,0
16144,3,0.709223333,90.33129415611297,4.924515324421422e-4,0.9307732601273089,63.91331458953587
16150,4,0.711807027,2.202743072844301,1.200850947539626e-5,0.022697054993929697,1.5585364107737791
16495,4,0.712082739,0.8887139844334226,4.844927415527171e-6,0.009157305010844337,0.6288037495516094
16496,3,0.70928952,89.54644975335792,4.8817286210451363e-4,0.9226862268320424,63.358003081096406
16563,3,0.709578611,80.02702847529001,4.3627663234115826e-4,0.8245981515942437,56.622599005029564
16765,4,0.713116222,0,0,0,0
16808,3,0.712393447,0.3078212996101434,1.6781235354535057e-6,0.0031717893256306144,0.2177969411723687
16159,3,0.709127237,92.4558345867481,5.04033711138635e-4,0.9526645154377555,65.41651923383888
16163,5,0.711861985,2.0354973130417875,1.109674980806701e-5,0.02097375541599135,1.4402027705897849
16168,4,0.708260133,86.23968106970077,4.7014562889689056e-4,0.8886132967702277,61.01832059201184
16170,4,0.708274816,86.77453181663704,4.730614298097104e-4,0.8941243965287127,61.39675072928307
16174,4,0.712149007,0.7930881057896271,4.323611841348866e-6,0.008171976375299702,0.561144286441304
16175,3,0.7078259,69.03174342529023,3.7633455996087295e-4,0.711302782501773,48.84295719908186
16182,4,0.708449503,91.9099328772737,5.010576646211475e-4,0.9470395466095839,65.03027006052024
16185,3,0.712228742,0.4206826621400242,2.293400350100878e-6,0.0043347123117975115,0.2976512578381926
16196,3,0.71226682,0.39304796595305136,2.142746597013617e-6,0.004049964523084072,0.27809850984000933
16197,3,0.70779951,67.95884397197506,3.704855240882297e-4,0.7002476312246849,48.08383422931498
16200,3,0.707810971,68.15740978198404,3.715680286437445e-4,0.7022936524630442,48.224328165557026
16201,4,0.710999742,10.785323578250821,5.879744305240377e-5,0.11113192700535558,7.631084943999276
16232,4,0.708369046,89.14115625842516,4.859633575852544e-4,0.9185100844318792,63.07124032755983
16414,3,0.708110256,81.3389650124304,4.434288066149496e-4,0.8381163399381849,57.55085109532784
16839,3,0.711748147,2.383733680403001,1.2995200775267163e-5,0.024561981423066138,1.686595127818824
16840,3,0.71181088,2.190945001506693,1.1944190920411031e-5,0.02257548771843886,1.5501887627964661
16481,4,0.709175073,92.21377583365141,5.027140997568089e-4,0.9501703431039376,65.24525215103719
16574,3,0.708440437,91.76313841870302,5.002573975957219e-4,0.9455269771501412,64.92640660435836
16624,4,0.712104894,0.8562477661188952,4.667934058895313e-6,0.008822773239248186,0.6058324897677871
16625,5,0.712302161,0.36818013430392094,2.0071767270307596e-6,0.003793726494474008,0.26050343869441417
16205,3,0.710601677,23.405497678390397,1.2759778664716884e-4,0.24117014576773138,16.560406337789455
16208,4,0.708407365,90.02317744391702,4.907717984306965e-4,0.9275984268716855,63.69530863112638
16223,3,0.712464149,0,0,0,0
16225,4,0.708331337,88.26116904146669,4.811660051553006e-4,0.9094426999949502,62.44861114508584
16227,4,0.711202074,7.62009184541383,4.154181495660514e-5,0.07851739306610363,5.391545995957954
16228,4,0.708410314,90.36731037798421,4.92647879055118e-4,0.9311443711200356,63.93879763104754
16236,4,0.708396751,89.86445556881598,4.899065077099579e-4,0.9259629573644513,63.58300600964459
16237,5,0.710336962,37.05042574138166,2.0198469538634927e-4,0.3817674248839137,26.214785675412728
16238,3,0.707787198,67.44408776249995,3.676792708782178e-4,0.6949435854923622,47.719621850200376
16239,3,0.712277824,0.3852212887365321,2.1000785579335625e-6,0.0039693184752571265,0.27256079571996533
16240,4,0.712453058,0,0,0,0
16247,4,0.712492758,0,0,0,0
16254,4,0.708533413,93.42721143420862,5.093292847444337e-4,0.9626735782278942,66.10381054984107
16255,4,0.708484901,92.15062642930788,5.023698334509588e-4,0.9495196519176212,65.20057120426614
16259,4,0.71229408,0.37379674574368554,2.0377963360652987e-6,0.00385160003419794,0.26447743527257084
16260,4,0.708537141,93.47443415517668,5.095867248876761e-4,0.9631601609383287,66.13722267627192
16266,3,0.708210106,84.527392414316,4.6081088859227086e-4,0.8709698819499205,59.80680198683647
16271,4,0.708568192,93.55654518098643,5.100343626733201e-4,0.9640062325893475,66.19531979391952
16272,4,0.712195293,0.44561198277516284,2.42930543442635e-6,0.004591583922650623,0.3152898351124583
16276,4,0.708548115,93.91177006139011,5.119709123303421e-4,0.9676664682042636,66.44665682770578
16279,3,0.71247146,0,0,0,0
16281,5,0.71073804,18.39883540616868,1.0030338628006205e-4,0.18958151959994338,13.017975291744133
16294,3,0.7082453,85.99600844765973,4.688172193212354e-4,0.8861024951378617,60.84591162682585
16297,5,0.710825427,15.305037784877733,8.343718953281354e-5,0.1577030424338082,10.828979080705738
16303,3,0.708036037,77.03822230330194,4.1998280866334864e-4,0.7938015058627853,54.507888805181366
16309,4,0.712425223,0,0,0,0
16310,3,0.712440831,0,0,0,0
16311,3,0.70827264,86.73943372656649,4.728700884987892e-4,0.893762745962047,61.37191730590386
16323,3,0.708054755,78.54277234109429,4.281850377874687e-4,0.8093043828754899,55.572423314284414
16325,4,0.712502609,0,0,0,0
16332,5,0.710917907,13.184539461027292,7.187704685051724e-5,0.13585343697400196,9.328634402541232
16370,5,0.711050807,9.992215010018038,5.447371965767151e-5,0.10295973978513104,7.069926179490555
16381,4,0.708710292,96.40295856402545,5.255519155384313e-4,0.993335663645904,68.20928091007085
16382,3,0.71078497,16.18999802197718,8.826165295915194e-5,0.16682166884853164,11.455126890956494
16383,3,0.710797291,16.012390952641475,8.729340741054096e-5,0.16499160638245478,11.329462174184469
16396,4,0.708789041,96.81546234835629,5.278007277870506e-4,0.9975861008365071,68.50114525657015
16397,5,0.711217468,7.211653659947182,3.9315166791979824e-5,0.07430884778842538,5.102558237263893
16404,4,0.708830021,96.28897000477491,5.249304936800575e-4,0.9921611260296546,68.12862905275995
16409,3,0.710812557,15.791332106075515,8.608827945606748e-5,0.16271381699373433,11.173053437485173
16411,3,0.710799804,15.976074379467812,8.709542339758628e-5,0.16461740057122085,11.303766621079133
16423,3,0.711307641,6.304084617679805,3.436744884066591e-5,0.06495726034407943,4.460413715234666
16425,3,0.711377376,5.84987997713609,3.189129953529312e-5,0.060277137713341984,4.139044201487553
16426,5,0.711389937,5.767402245707981,3.144166261141677e-5,0.05942728752923443,4.080687623685337
16434,3,0.711887213,1.9597027970827536,1.0683547208863345e-5,0.020192769054863394,1.386574858049538
16441,4,0.712400403,0.3034663789551918,1.6543821801432573e-6,0.003126916242238277,0.2147156456320728
16455,3,0.711710447,2.803516108056986,1.5283693392601135e-5,0.028887417722654622,1.9836094306521308
16459,4,0.709063627,92.31267333289922,5.032532509503599e-4,0.9511893825038851,65.31522642784341
16472,5,0.712160305,0.7772551042080252,4.2372963959115e-6,0.008008833196212291,0.5499417500397699
16710,3,0.712629903,0,0,0,0
16755,4,0.713143942,0,0,0,0
16485,4,0.711541679,3.7683093541112607,2.0543375731350224e-5,0.0388286431126816,2.6662425626690203
16486,5,0.712272134,0.3892591023018206,2.1220911671463294e-6,0.004010924088583718,0.27541772421925353
16491,3,0.712541496,0,0,0,0
16586,4,0.712145356,0.798235615513541,4.35167408794329e-6,0.008225016292994053,0.5647863731778078
16789,3,0.712043758,0.9469032281108327,5.1621528299119896e-6,0.009756886723338824,0.6699751671829575
16791,3,0.711661681,2.9838023247350502,1.6266544623846343e-5,0.030745086111236036,2.1111697605505215
16494,3,0.708332678,88.28163030963408,4.8127755213311024e-4,0.9096535328127066,62.46308838114785
16504,3,0.709285438,89.90374352641982,4.901206905699432e-4,0.9263677803078652,63.61080394631065
16513,4,0.709352462,87.642184783878207,4.77791540646022e-4,0.9030646889104702,62.01065289428461
16516,5,0.711910694,1.8898780671006385,1.0302889590667088e-5,0.01947329534234641,1.3371708284143187
16520,5,0.711776153,2.2975325514882243,1.2525265317916565e-5,0.02367376536753173,1.6256040845511193
16774,4,0.713059586,0,0,0,0
16526,3,0.709389889,86.89215990005985,4.7370269295645204e-4,0.895336435786124,61.479977708046086
16530,4,0.711672467,2.9439333676593264,1.6049194377818882e-5,0.030334276551803464,2.0829607415196016
16532,4,0.709456667,85.29246873058354,4.649817909124569e-4,0.8788532249684301,60.34812671536413
16537,3,0.709542947,81.82960475036865,4.4610358608182104e-4,0.84317188965321,57.898000023215225
16538,3,0.709296046,89.4526620449546,4.876615675287088e-4,0.9217198386946206,63.291644203280995
16539,3,0.708416226,90.46079427906477,4.931575173900479e-4,0.9321076288281316,64.00494155198476
16549,5,0.711989096,1.663066304303181,9.066398945769658e-6,0.017136227929923815,1.1766916535756609
16550,4,0.712145963,0.7973787750405888,4.347002922674313e-6,0.008216187412506185,0.5641801213222084
16570,5,0.71220968,0.4348188437953769,2.370465384805552e-6,0.004480371465782013,0.30765322043237336
16575,5,0.712130057,0.8199659928142548,4.470139761464898e-6,0.008448926005712511,0.5801615590814833
16576,4,0.712157982,0.7804985866268648,4.254978616702516e-6,0.008042254024878062,0.5522366547473527
16578,3,0.708439424,91.74644316731819,5.001663814954238e-4,0.9453549493528504,64.91459398876508
16580,5,0.712337083,0.34440436593875445,1.877560366767163e-6,0.0035487410811682676,0.24368104976124302
16591,4,0.712117186,0.8384425908362666,4.5708670796690665e-6,0.008639308790966185,0.5932345548019294
16595,4,0.711785479,2.2688609142143954,1.2368958560164143e-5,0.023378332942392013,1.6053176556894635
16599,5,0.712417613,0,0,0,0
16626,4,0.712195694,0.4453097632968774,2.4276578498699024e-6,0.004588469854467436,0.31507600170321515
16634,3,0.712161082,0.7761716160117313,4.231389634277754e-6,0.007997668938573836,0.5491751350743725
16644,3,0.711941111,1.8006319517408258,9.81635403636081e-6,0.018553703759792633,1.274025324963124
16649,3,0.712598791,0,0,0,0
16658,3,0.713012893,0,0,0,0
16665,4,0.712628514,0,0,0,0
16670,5,0.712581435,0,0,0,0
16674,5,0.712393398,0.307852103995566,1.6782914691352828e-6,0.003172106733883357,0.21781873661319182
16675,3,0.712937025,0,0,0,0
16679,5,0.712647825,0,0,0,0
16942,4,0.710862204,14.506266864937118,7.90825971706675e-5,0.1494725103663375,10.263813956392253
16691,4,0.71264278700000006,0,0,0,0
16693,3,0.71279515,0,0,0,0
16697,3,0.712536079,0,0,0,0
16704,3,0.712455781,0,0,0,0
16707,3,0.712602319,0,0,0,0
16718,3,0.712464137,0,0,0,0
16719,3,0.712415589,0,0,0,0
16724,4,0.713115257,0,0,0,0
16725,4,0.713128985,0,0,0,0
16726,3,0.713040076,0,0,0,0
16142,1,0.710338383,0,0,0,0
16143,2,0.710480156,0,0,0,0
16145,2,0.712431925,0,0,0,0
16149,1,0.712363989,0,0,0,0
16151,1,0.708140255,0,0,0,0
16152,1,0.710590563,0,0,0,0
16153,2,0.712135201,0,0,0,0
16154,2,0.708326729,0,0,0,0
16155,1,0.710391763,0,0,0,0
16261,1,0.710828133,0,0,0,0
16262,1,0.712578857,0,0,0,0
16263,2,0.709212329,0,0,0,0
16372,2,0.710845292,0,0,0,0
16373,2,0.711188104,0,0,0,0
16374,1,0.708273828,0,0,0,0
16444,1,0.712638072,0,0,0,0
16445,1,0.712529398,0,0,0,0
16446,2,0.708781842,0,0,0,0
16497,1,0.708317934,0,0,0,0
16561,2,0.712861744,0,0,0,0
16562,1,0.709230094,0,0,0,0
16766,1,0.712960092,0,0,0,0
16767,1,0.713020833,0,0,0,0
16807,2,0.712267948,0,0,0,0
16809,2,0.712364924,0,0,0,0
16160,1,0.707949685,0,0,0,0
16161,1,0.712072075,0,0,0,0
16162,1,0.712475291,0,0,0,0
16164,1,0.709415718,0,0,0,0
16165,1,0.71210255,0,0,0,0
16166,1,0.710577803,0,0,0,0
16167,1,0.709870528,0,0,0,0
16169,2,0.710816945,0,0,0,0
16171,2,0.710974945,0,0,0,0
16172,1,0.71137748,0,0,0,0
16173,1,0.710638043,0,0,0,0
16176,1,0.712316437,0,0,0,0
16177,2,0.711455405,0,0,0,0
16178,1,0.71252142,0,0,0,0
16183,1,0.711952634,0,0,0,0
16184,1,0.712718535,0,0,0,0
16186,2,0.710583171,0,0,0,0
16187,1,0.707953361,0,0,0,0
16188,2,0.711602176,0,0,0,0
16189,2,0.712058459,0,0,0,0
16190,1,0.707976136,0,0,0,0
16191,1,0.711388329,0,0,0,0
16195,1,0.709427871,0,0,0,0
16198,1,0.71003277,0,0,0,0
16199,1,0.707954527,0,0,0,0
16202,1,0.711728669,0,0,0,0
16230,1,0.711449996,0,0,0,0
16231,2,0.707696543,0,0,0,0
16413,2,0.709484375,0,0,0,0
16415,1,0.71229329,0,0,0,0
16572,1,0.708389791,0,0,0,0
16573,1,0.7118393,0,0,0,0
16623,1,0.712722489,0,0,0,0
16662,1,0.713037842,0,0,0,0
16663,1,0.713098948,0,0,0,0
16664,1,0.712166271,0,0,0,0
16869,1,0.711812061,0,0,0,0
16946,1,0.709781646,0,0,0,0
17004,1,0.710135825,0,0,0,0
16203,1,0.707955502,0,0,0,0
16204,1,0.712450155,0,0,0,0
16206,2,0.711091606,0,0,0,0
16207,2,0.712185385,0,0,0,0
16212,1,0.710183408,0,0,0,0
16213,1,0.712503559,0,0,0,0
16220,1,0.708934867,0,0,0,0
16221,1,0.707981316,0,0,0,0
16222,1,0.709254485,0,0,0,0
16224,1,0.712144974,0,0,0,0
16226,2,0.710766854,0,0,0,0
16229,1,0.709231456,0,0,0,0
16233,2,0.707499695,0,0,0,0
16234,2,0.712368014,0,0,0,0
16235,2,0.709154717,0,0,0,0
16241,2,0.708263118,0,0,0,0
16245,1,0.710746589,0,0,0,0
16246,1,0.708435392,0,0,0,0
16248,1,0.708430332,0,0,0,0
16249,2,0.70795196,0,0,0,0
16250,1,0.707953908,0,0,0,0
16251,2,0.710555717,0,0,0,0
16252,1,0.70800145,0,0,0,0
16253,1,0.707961465,0,0,0,0
16256,1,0.710668074,0,0,0,0
16257,1,0.712527586,0,0,0,0
16258,2,0.710682071,0,0,0,0
16264,1,0.708340492,0,0,0,0
16265,2,0.712604262,0,0,0,0
16267,1,0.708008043,0,0,0,0
16268,1,0.708598173,0,0,0,0
16269,2,0.711007509,0,0,0,0
16270,2,0.712580223,0,0,0,0
16277,1,0.710902936,0,0,0,0
16278,1,0.710744385,0,0,0,0
16280,2,0.708422707,0,0,0,0
16288,1,0.709736536,0,0,0,0
16289,1,0.708335028,0,0,0,0
16290,1,0.708482713,0,0,0,0
16295,1,0.707991171,0,0,0,0
16296,1,0.710822564,0,0,0,0
16298,1,0.708433712,0,0,0,0
16299,1,0.708738509,0,0,0,0
16300,1,0.708233614,0,0,0,0
16301,1,0.708511475,0,0,0,0
16302,1,0.707987825,0,0,0,0
16304,1,0.708073366,0,0,0,0
16305,2,0.708893262,0,0,0,0
16306,1,0.710871096,0,0,0,0
16307,2,0.707996301,0,0,0,0
16308,2,0.71194504,0,0,0,0
16312,1,0.708824771,0,0,0,0
16313,1,0.712627967,0,0,0,0
16317,2,0.710774172,0,0,0,0
16321,1,0.708419431,0,0,0,0
16322,1,0.710764928,0,0,0,0
16324,2,0.712874872,0,0,0,0
16326,1,0.711346419,0,0,0,0
16327,2,0.708775265,0,0,0,0
16328,1,0.7126444,0,0,0,0
16329,1,0.710220421,0,0,0,0
16330,1,0.710481722,0,0,0,0
16331,1,0.711163854,0,0,0,0
16333,1,0.712687448,0,0,0,0
16334,1,0.711919708,0,0,0,0
16335,1,0.708266944,0,0,0,0
16336,1,0.711845398,0,0,0,0
16351,1,0.708619542,0,0,0,0
16352,1,0.708481897,0,0,0,0
16353,2,0.708392392,0,0,0,0
16354,1,0.71095052,0,0,0,0
16355,1,0.708517551,0,0,0,0
16359,2,0.712760634,0,0,0,0
16360,1,0.710522045,0,0,0,0
16361,2,0.708504265,0,0,0,0
16362,1,0.708440836,0,0,0,0
16363,1,0.710742979,0,0,0,0
16364,1,0.711513394,0,0,0,0
16365,1,0.708142911,0,0,0,0
16369,1,0.712464193,0,0,0,0
16371,1,0.706698074,0,0,0,0
16375,1,0.711549611,0,0,0,0
16376,1,0.708484433,0,0,0,0
16377,1,0.708225297,0,0,0,0
16378,1,0.711621261,0,0,0,0
16379,1,0.712795057,0,0,0,0
16380,1,0.710435999,0,0,0,0
16390,1,0.708278707,0,0,0,0
16391,1,0.712429591,0,0,0,0
16392,1,0.70948558,0,0,0,0
16401,1,0.711300285,0,0,0,0
16402,1,0.710715668,0,0,0,0
16403,1,0.708342426,0,0,0,0
16405,2,0.708398505,0,0,0,0
16406,1,0.708606342,0,0,0,0
16407,1,0.707313711,0,0,0,0
16408,2,0.710577733,0,0,0,0
16410,1,0.712114994,0,0,0,0
16424,1,0.712461299,0,0,0,0
16427,1,0.712521384,0,0,0,0
16428,2,0.711049355,0,0,0,0
16432,1,0.712761958,0,0,0,0
16433,1,0.708426697,0,0,0,0
16435,1,0.708604094,0,0,0,0
16436,1,0.710657334,0,0,0,0
16437,1,0.707715653,0,0,0,0
16438,1,0.711600758,0,0,0,0
16439,1,0.708483229,0,0,0,0
16440,1,0.711227791,0,0,0,0
16442,1,0.708454287,0,0,0,0
16443,2,0.712162357,0,0,0,0
16447,1,0.712788561,0,0,0,0
16448,2,0.708976765,0,0,0,0
16452,2,0.709397225,0,0,0,0
16453,1,0.708939034,0,0,0,0
16454,1,0.709509822,0,0,0,0
16460,1,0.711823864,0,0,0,0
16464,2,0.710721673,0,0,0,0
16468,1,0.711641432,0,0,0,0
16469,2,0.711776551,0,0,0,0
16470,2,0.708771674,0,0,0,0
16471,1,0.70826259,0,0,0,0
16565,1,0.711619571,0,0,0,0
16566,1,0.712860964,0,0,0,0
16567,1,0.712165926,0,0,0,0
16604,2,0.709840602,0,0,0,0
16605,1,0.711919232,0,0,0,0
16606,1,0.709933961,0,0,0,0
16637,1,0.711287995,0,0,0,0
16638,1,0.712020862,0,0,0,0
16639,1,0.710045192,0,0,0,0
16709,1,0.713102537,0,0,0,0
16711,1,0.712631106,0,0,0,0
16712,2,0.712655391,0,0,0,0
16713,1,0.712328019,0,0,0,0
16714,2,0.712694284,0,0,0,0
16754,1,0.713086122,0,0,0,0
16756,2,0.71300922,0,0,0,0
16838,2,0.711759051,0,0,0,0
16487,2,0.708739101,0,0,0,0
16488,1,0.71273318,0,0,0,0
16489,1,0.712586332,0,0,0,0
16490,1,0.712892349,0,0,0,0
16585,2,0.709322408,0,0,0,0
16587,2,0.709281523,0,0,0,0
16630,1,0.708392528,0,0,0,0
16631,1,0.712123273,0,0,0,0
16632,1,0.712984225,0,0,0,0
16790,2,0.711518507,0,0,0,0
16837,1,0.710927026,0,0,0,0
16841,2,0.711664913,0,0,0,0
16842,2,0.711146405,0,0,0,0
16943,1,0.710782068,0,0,0,0
16944,2,0.710259886,0,0,0,0
16945,2,0.71023958,0,0,0,0
16492,2,0.707998907,0,0,0,0
16493,2,0.710872606,0,0,0,0
16501,1,0.70850046,0,0,0,0
16502,2,0.710169316,0,0,0,0
16503,1,0.711281178,0,0,0,0
16514,1,0.708868513,0,0,0,0
16515,1,0.708763862,0,0,0,0
16517,1,0.710445548,0,0,0,0
16518,1,0.712463524,0,0,0,0
16519,1,0.711233171,0,0,0,0
16521,2,0.711817467,0,0,0,0
16522,1,0.707828912,0,0,0,0
16523,2,0.708279547,0,0,0,0
16728,2,0.71264479,0,0,0,0
16729,1,0.713024565,0,0,0,0
16730,1,0.712645995,0,0,0,0
16773,1,0.713003103,0,0,0,0
16775,1,0.712519152,0,0,0,0
16524,1,0.712735364,0,0,0,0
16525,2,0.711791023,0,0,0,0
16527,1,0.70930847,0,0,0,0
16528,2,0.712502917,0,0,0,0
16529,2,0.708284895,0,0,0,0
16531,1,0.708690102,0,0,0,0
16533,2,0.708312637,0,0,0,0
16534,1,0.708384043,0,0,0,0
16535,2,0.708304913,0,0,0,0
16536,1,0.712896438,0,0,0,0
16540,2,0.712939979,0,0,0,0
16541,1,0.712653149,0,0,0,0
16542,1,0.711745724,0,0,0,0
16543,2,0.712185095,0,0,0,0
16544,1,0.712048673,0,0,0,0
16545,1,0.709570518,0,0,0,0
16546,1,0.712191082,0,0,0,0
16547,2,0.709170647,0,0,0,0
16548,1,0.708779076,0,0,0,0
16551,2,0.712607916,0,0,0,0
16552,1,0.708678532,0,0,0,0
16553,1,0.712928157,0,0,0,0
16554,1,0.710213766,0,0,0,0
16555,2,0.712135748,0,0,0,0
16556,2,0.710932237,0,0,0,0
16557,2,0.708826037,0,0,0,0
16558,2,0.712160383,0,0,0,0
16559,1,0.712639264,0,0,0,0
16560,2,0.712454368,0,0,0,0
16564,1,0.708453923,0,0,0,0
16568,2,0.712105068,0,0,0,0
16569,1,0.710623088,0,0,0,0
16571,1,0.709319961,0,0,0,0
16577,1,0.708346217,0,0,0,0
16579,2,0.709698738,0,0,0,0
16581,1,0.712070891,0,0,0,0
16582,1,0.713035966,0,0,0,0
16583,1,0.712115966,0,0,0,0
16584,1,0.710562481,0,0,0,0
16588,2,0.711041213,0,0,0,0
16589,1,0.708344506,0,0,0,0
16590,2,0.708452374,0,0,0,0
16592,2,0.708406772,0,0,0,0
16593,1,0.709246138,0,0,0,0
16594,2,0.710533995,0,0,0,0
16596,1,0.709681241,0,0,0,0
16597,1,0.712935865,0,0,0,0
16598,2,0.712960201,0,0,0,0
16603,1,0.712668178,0,0,0,0
16607,1,0.708012563,0,0,0,0
16608,1,0.708486189,0,0,0,0
16609,2,0.708473046,0,0,0,0
16610,1,0.710463873,0,0,0,0
16611,1,0.708794548,0,0,0,0
16612,1,0.709484928,0,0,0,0
16621,1,0.712856558,0,0,0,0
16622,2,0.71298082,0,0,0,0
16627,2,0.709251783,0,0,0,0
16628,1,0.713025736,0,0,0,0
16629,1,0.710192983,0,0,0,0
16633,2,0.712934964,0,0,0,0
16653,2,0.712964443,0,0,0,0
16654,1,0.713066848,0,0,0,0
16655,1,0.712460826,0,0,0,0
16635,2,0.713006682,0,0,0,0
16642,1,0.709619545,0,0,0,0
16643,2,0.71300907,0,0,0,0
16645,2,0.712957171,0,0,0,0
16646,1,0.713021826,0,0,0,0
16647,1,0.713065893,0,0,0,0
16648,1,0.713078742,0,0,0,0
16650,1,0.709980645,0,0,0,0
16651,2,0.712518989,0,0,0,0
16652,2,0.712105559,0,0,0,0
16656,1,0.713036682,0,0,0,0
16657,2,0.712976286,0,0,0,0
16659,2,0.712604199,0,0,0,0
16660,1,0.713059253,0,0,0,0
16661,2,0.71305269,0,0,0,0
16666,1,0.713058754,0,0,0,0
16667,2,0.7129822,0,0,0,0
16668,1,0.712623169,0,0,0,0
16669,1,0.713021356,0,0,0,0
16671,1,0.713091075,0,0,0,0
16672,1,0.713062854,0,0,0,0
16673,2,0.712175495,0,0,0,0
16676,2,0.712975917,0,0,0,0
16677,1,0.712496431,0,0,0,0
16678,2,0.712989954,0,0,0,0
16680,1,0.712963287,0,0,0,0
16744,1,0.713047038,0,0,0,0
16745,2,0.713055205,0,0,0,0
16746,1,0.713093996,0,0,0,0
16831,1,0.711766148,0,0,0,0
16832,2,0.711764036,0,0,0,0
16833,1,0.711312317,0,0,0,0
16870,1,0.711509301,0,0,0,0
16941,1,0.710302629,0,0,0,0
16681,1,0.713011871,0,0,0,0
16682,2,0.712275606,0,0,0,0
16683,1,0.712825322,0,0,0,0
16684,1,0.712262368,0,0,0,0
16685,1,0.712556531,0,0,0,0
16686,1,0.713138352,0,0,0,0
16690,2,0.713042674,0,0,0,0
16692,1,0.712858868,0,0,0,0
16694,1,0.712498559,0,0,0,0
16695,2,0.712799008,0,0,0,0
16696,1,0.713137849,0,0,0,0
16698,2,0.71284695,0,0,0,0
16699,1,0.712864333,0,0,0,0
16700,1,0.712854103,0,0,0,0
16701,2,0.712762942,0,0,0,0
16702,1,0.712782196,0,0,0,0
16703,1,0.712466364,0,0,0,0
16705,2,0.712301782,0,0,0,0
16706,1,0.712317035,0,0,0,0
16708,1,0.712328376,0,0,0,0
16715,2,0.712346678,0,0,0,0
16716,1,0.712329861,0,0,0,0
16717,1,0.712644095,0,0,0,0
16720,1,0.712372916,0,0,0,0
16721,2,0.712376703,0,0,0,0
16722,1,0.712538151,0,0,0,0
16723,2,0.712478474,0,0,0,0
16758,1,0.713100553,0,0,0,0
16759,2,0.712984164,0,0,0,0
16760,2,0.712966476,0,0,0,0
16727,1,0.713159567,0,0,0,0
16731,1,0.713142406,0,0,0,0
16732,1,0.712368933,0,0,0,0
16733,1,0.712795069,0,0,0,0
16734,1,0.712930147,0,0,0,0
16735,2,0.712658449,0,0,0,0
16736,1,0.712501338,0,0,0,0
16737,2,0.713128033,0,0,0,0
16738,1,0.71311926,0,0,0,0
16739,1,0.712798514,0,0,0,0
16741,4,0.713149126,0,0,0,0
16747,3,0.71312508,0,0,0,0
16748,4,0.713161938,0,0,0,0
16782,4,0.712980629,0,0,0,0
16786,4,0.712923183,0,0,0,0
16787,3,0.712183554,0.45449340216631057,2.4777235228672546e-6,0.004683098029234438,0.3215738251388495
16795,3,0.711493857,3.9695848451331095,2.1640652427347237e-5,0.040902584892352795,2.8086537159356886
16796,4,0.71275684,0,0,0,0
16806,4,0.712673564,0,0,0,0
16812,3,0.711350623,6.02501879493434,3.284608912422337e-5,0.06208176732636616,4.262962523076455
16816,4,0.712437464,0,0,0,0
16819,4,0.712236862,0.4147204022299684,2.2608963983203242e-6,0.004273277211746602,0.2934326999524016
16829,4,0.712072128,0.9044249941182575,4.930577807982959e-6,0.009319191185960715,0.6399199713868764
16843,3,0.711873949,1.999460814274085,1.09002926532372e-5,0.020602435490212134,1.4147053822930433
16846,3,0.711188349,7.721159728856424,4.209279825145281e-5,0.07955879609530693,5.463055913863054
16948,3,0.710148305,49.05842721869065,2.6744770888916365e-4,0.5054978196165798,34.71096834588899
16856,3,0.711035037,10.441615988914696,5.692368124414216e-5,0.10759036550725504,7.3878968939522345
16857,3,0.711004653,10.737805817750608,5.8538394466914585e-5,0.11064230420887161,7.597464064282977
16859,4,0.711803445,2.2137187545998938,1.2068344678142251e-5,0.022810148370762284,1.5663021823973702
16862,4,0.711797727,2.23125310909432,1.2163935246414649e-5,0.022990822282826465,1.5787084998911716
16949,4,0.710792087,16.087499613922873,8.770287099338059e-5,0.1657655256999824,11.382604814746893
16959,4,0.710686824,19.90454310626287,1.0851192653455965e-4,0.20509632515994564,14.08332889721436
16961,4,0.710387317,33.619508041489546,1.832806494100479e-4,0.3464152639014956,23.787262364332477
16962,4,0.710425066,30.741842521743756,1.6759272189507574e-4,0.31676381096492234,21.751189003874302
16963,4,0.710327342,37.37079947734541,2.037312499852118e-4,0.3850685544588625,26.4414640105807
16965,4,0.710600639,23.427907031680878,1.2771995383708935e-4,0.24140105164608047,16.57626192870048
16966,4,0.710338304,37.00566707997146,2.0174068834972453e-4,0.3813062318323926,26.183116978157347
16971,4,0.710483688,28.891895859876044,1.575075229938118e-4,0.2977019686475474,20.44227137927486
16974,3,0.709971138,58.98299983242157,3.215526681740226e-4,0.6077605724460476,41.7330345916337
16975,4,0.710257075,43.23545522200347,2.357031013317812e-4,0.4454979416161629,30.590962709446558
16976,4,0.710550653,25.137023059721418,1.3703739819557952e-4,0.25901177572810086,17.785535762211484
16977,4,0.710202803,45.664374918551886,2.4894463891760385e-4,0.4705255195520737,32.30952890656013
16984,3,0.709962157,59.666000886935606,3.252761276804674e-4,0.6147982123262176,42.21628750713714
16986,4,0.710133606,50.27210454018737,2.7406421164654043e-4,0.5180035454320405,35.5696977727579
16988,3,0.710419594,31.490357226086388,1.7167333666598747e-4,0.324476503206552,22.28079567253185
16992,3,0.70995216,60.39294632178159,3.292391550757468e-4,0.6222886549092376,42.73063298066087
16994,3,0.710005476,56.929631804678834,3.10358494090985e-4,0.5866026772638945,40.280187514092574
16996,3,0.710316603,38.033802361902296,2.0734568714747962e-4,0.3919001332832102,26.91056735212279
16740,2,0.712995616,0,0,0,0
16742,1,0.712757856,0,0,0,0
16743,2,0.71301974,0,0,0,0
16749,1,0.71299006,0,0,0,0
16750,2,0.713115927,0,0,0,0
16751,1,0.712973813,0,0,0,0
16752,2,0.713026366,0,0,0,0
16753,1,0.712666684,0,0,0,0
16757,1,0.712977217,0,0,0,0
16761,1,0.712760093,0,0,0,0
16762,2,0.71271025,0,0,0,0
16763,1,0.712910959,0,0,0,0
16764,1,0.712732121,0,0,0,0
16768,1,0.713010574,0,0,0,0
16769,2,0.712877172,0,0,0,0
16770,2,0.712864591,0,0,0,0
16771,1,0.713033314,0,0,0,0
16772,2,0.713013332,0,0,0,0
16776,1,0.712997344,0,0,0,0
16777,1,0.71282627,0,0,0,0
16778,1,0.712632795,0,0,0,0
16779,2,0.712697917,0,0,0,0
16780,2,0.712645332,0,0,0,0
16781,1,0.712948323,0,0,0,0
16783,1,0.712845504,0,0,0,0
16784,1,0.712888786,0,0,0,0
16785,1,0.712326766,0,0,0,0
16788,1,0.711670653,0,0,0,0
16792,2,0.712541602,0,0,0,0
16793,2,0.711418773,0,0,0,0
16794,1,0.711407467,0,0,0,0
16797,2,0.712471504,0,0,0,0
16798,1,0.712490734,0,0,0,0
16799,1,0.712434625,0,0,0,0
16800,1,0.712462774,0,0,0,0
16801,1,0.712258958,0,0,0,0
16802,1,0.711389229,0,0,0,0
16803,2,0.711371543,0,0,0,0
16804,2,0.712277336,0,0,0,0
16805,1,0.712225439,0,0,0,0
16810,2,0.711324089,0,0,0,0
16811,1,0.711305179,0,0,0,0
16813,1,0.712241833,0,0,0,0
16814,1,0.711298053,0,0,0,0
16815,1,0.711280879,0,0,0,0
16817,1,0.712154579,0,0,0,0
16818,1,0.711131413,0,0,0,0
16820,2,0.711160485,0,0,0,0
16821,1,0.711087647,0,0,0,0
16822,1,0.71182651,0,0,0,0
16823,1,0.711789421,0,0,0,0
16824,1,0.712141486,0,0,0,0
16825,1,0.711816836,0,0,0,0
16826,1,0.71236072,0,0,0,0
16827,2,0.711820242,0,0,0,0
16828,2,0.711819147,0,0,0,0
16830,2,0.711103001,0,0,0,0
16834,1,0.711687502,0,0,0,0
16835,1,0.711772214,0,0,0,0
16836,1,0.711544465,0,0,0,0
16844,1,0.712009991,0,0,0,0
16845,1,0.711624926,0,0,0,0
16847,2,0.711689442,0,0,0,0
16848,1,0.710881088,0,0,0,0
16849,1,0.711699415,0,0,0,0
16850,2,0.711699819,0,0,0,0
16851,1,0.710779699,0,0,0,0
17006,1,0.710172419,0,0,0,0
16947,1,0.710669402,0,0,0,0
16852,2,0.711664042,0,0,0,0
16853,2,0.711646921,0,0,0,0
16854,1,0.711691118,0,0,0,0
16855,2,0.711598519,0,0,0,0
16858,2,0.710772493,0,0,0,0
16860,1,0.71161586,0,0,0,0
16861,1,0.711601925,0,0,0,0
16863,2,0.710827049,0,0,0,0
16864,2,0.710743318,0,0,0,0
16865,1,0.710716479,0,0,0,0
16866,1,0.711106778,0,0,0,0
16867,2,0.711406118,0,0,0,0
16868,1,0.71150463,0,0,0,0
17005,1,0.710189929,0,0,0,0
16950,1,0.710048769,0,0,0,0
16951,1,0.710057768,0,0,0,0
16952,1,0.710583316,0,0,0,0
16953,2,0.71000124,0,0,0,0
16954,1,0.710297648,0,0,0,0
16955,1,0.709932439,0,0,0,0
16956,2,0.709912376,0,0,0,0
16957,1,0.710476503,0,0,0,0
16958,2,0.710024669,0,0,0,0
16960,1,0.710468745,0,0,0,0
16964,1,0.710246134,0,0,0,0
16967,1,0.710370008,0,0,0,0
16968,1,0.710131643,0,0,0,0
16969,2,0.709944659,0,0,0,0
16970,1,0.709887474,0,0,0,0
16972,2,0.709910679,0,0,0,0
16973,1,0.710239123,0,0,0,0
16978,1,0.710308682,0,0,0,0
16979,1,0.709967523,0,0,0,0
16980,2,0.710332026,0,0,0,0
16981,2,0.710340168,0,0,0,0
16982,1,0.709867192,0,0,0,0
16983,1,0.710294492,0,0,0,0
16985,1,0.710119546,0,0,0,0
16987,1,0.710300869,0,0,0,0
16989,2,0.71034079,0,0,0,0
16990,1,0.710159815,0,0,0,0
16991,1,0.70982984,0,0,0,0
16993,2,0.709889502,0,0,0,0
16995,2,0.710251782,0,0,0,0
16997,1,0.709812287,0,0,0,0
16998,1,0.710117311,0,0,0,0
16999,2,0.71022979,0,0,0,0
17000,1,0.710152717,0,0,0,0
17001,2,0.710241785,0,0,0,0
17002,2,0.710161368,0,0,0,0
17003,1,0.71014615,0,0,0,0
17007,1,0.709847035,0,0,0,0
