reachid,Str_Order,iso_pred,assignment_sum,assignment_rescale,assignment_norm,assignment_individuals,GENLMU
902,3,0.708202205909,0,0,0,0,lower
978,3,0.712457288803,0,0,0,0,lower
1003,4,0.71245321383,0,0,0,0,lower
1030,4,0.71244935288,0,0,0,0,lower
1383,6,0.709780052343,15.451231354129757,4.666403139808099e-4,0.5254929689137995,27.759068035373257,lower
925,3,0.708218218016,0,0,0,0,lower
927,4,0.708184113175,0,0,0,0,lower
935,3,0.712462813981,0,0,0,0,lower
947,9,0.714111216186,0,0,0,0,lower
950,3,0.708146882297,0,0,0,0,lower
951,3,0.708117892464,0,0,0,0,lower
959,9,0.714081268719,0,0,0,0,lower
961,3,0.712456972183,0,0,0,0,lower
971,3,0.708202874146,0,0,0,0,lower
976,3,0.708229190948,0,0,0,0,lower
979,3,0.707708163035,0,0,0,0,lower
984,3,0.708119120176,0,0,0,0,lower
992,3,0.712458727581,0,0,0,0,lower
994,3,0.70826036186,0,0,0,0,lower
996,3,0.712322372521,0,0,0,0,lower
1007,9,0.714127112253,0.5728878604740736,1.7301700101459183e-5,0.019483789722346767,1.0292275567596607,lower
1011,3,0.71245463186,0,0,0,0,lower
1013,4,0.708246553669,0,0,0,0,lower
1016,3,0.708257116372,0,0,0,0,lower
1017,9,0.714147709538,0.5726806841878683,1.7295443201602564e-5,0.019476743702568057,1.0288553520795105,lower
1019,3,0.708088349265,0,0,0,0,lower
1021,9,0.714154992216,0,0,0,0,lower
1023,3,0.70954529401,0,0,0,0,lower
1026,4,0.708096677344,0,0,0,0,lower
1027,4,0.708115780276,0,0,0,0,lower
1031,4,0.712448502092,0,0,0,0,lower
1034,4,0.707874615148,0,0,0,0,lower
1038,4,0.712445612132,0,0,0,0,lower
1048,3,0.705024016385,0,0,0,0,lower
1049,9,0.714083669777,0.5732536780626956,1.7312748103427557e-5,0.019496231097815165,1.029884770097443,lower
1055,4,0.712398677577,0,0,0,0,lower
1060,3,0.704651120552,0,0,0,0,lower
1062,3,0.712446357432,0,0,0,0,lower
1066,3,0.711875076698,0,0,0,0,lower
1069,3,0.711612235467,0,0,0,0,lower
1075,9,0.714174271037,0,0,0,0,lower
1076,4,0.707642941533,0,0,0,0,lower
1080,3,0.705023369898,0,0,0,0,lower
1082,4,0.707955937909,0,0,0,0,lower
1083,3,0.7067711295,0,0,0,0,lower
1092,4,0.708265235686,0,0,0,0,lower
1096,3,0.70687973734,0,0,0,0,lower
1097,4,0.708254558534,0,0,0,0,lower
1104,3,0.70385727761,0,0,0,0,lower
1107,3,0.705154811965,0,0,0,0,lower
1110,3,0.706432962307,0,0,0,0,lower
1116,4,0.708063675752,0,0,0,0,lower
1120,4,0.705268401528,0,0,0,0,lower
1126,5,0.710587710094,5.267532110848925,1.5908394494744022e-4,0.17914760476607183,9.463438796059895,lower
1131,4,0.70830029048,0,0,0,0,lower
1132,3,0.708090607281,0,0,0,0,lower
1137,5,0.710856944575,1.6961966907498787,5.122658111860973e-5,0.05768727517277651,3.0473195475981383,lower
1141,3,0.710194085759,0,0,0,0,lower
1142,3,0.707106905464,0,0,0,0,lower
1148,4,0.708284480774,0,0,0,0,lower
1150,4,0.704687747513,0,0,0,0,lower
1156,4,0.705257383911,0,0,0,0,lower
1159,9,0.71417049623,0,0,0,0,lower
1165,5,0.707593531519,22.482542849192573,6.789918948065044e-4,0.7646263213446867,40.391242759569785,lower
1168,3,0.708298833704,0,0,0,0,lower
1171,5,0.708045340625,22.80316155201652,6.886748520236259e-4,0.7755304926805986,40.96725357586788,lower
1174,3,0.703632222295,0,0,0,0,lower
1177,9,0.713996450568,0,0,0,0,lower
1178,3,0.705264484101,0,0,0,0,lower
1179,3,0.703626122971,0,0,0,0,lower
1180,3,0.70800316619,0,0,0,0,lower
1185,4,0.709937446958,0,0,0,0,lower
1187,3,0.708078065937,0,0,0,0,lower
1190,4,0.703962199933,0,0,0,0,lower
1193,4,0.706019896489,0,0,0,0,lower
1201,3,0.70832340615,0,0,0,0,lower
1202,4,0.707926308655,0,0,0,0,lower
1203,3,0.708251802543,0,0,0,0,lower
1208,3,0.707892248729,0,0,0,0,lower
1211,3,0.7082709386,0,0,0,0,lower
1214,3,0.708417499333,0,0,0,0,lower
1216,4,0.707810332898,0,0,0,0,lower
1220,3,0.708281932238,0,0,0,0,lower
1221,5,0.71084544266,0,0,0,0,lower
1225,4,0.706880014511,0,0,0,0,lower
1228,3,0.708312310777,0,0,0,0,lower
1236,3,0.707817737209,0,0,0,0,lower
1242,3,0.708292097484,0,0,0,0,lower
1249,4,0.708707988795,0,0,0,0,lower
1251,3,0.705840817441,0,0,0,0,lower
1254,9,0.71416289116,0.5725141087966311,1.729041248326777e-5,0.019471078510268303,1.0285560893532983,lower
1257,3,0.708275968828,0,0,0,0,lower
1258,4,0.708042199169,0,0,0,0,lower
1259,4,0.708031653315,0,0,0,0,lower
1260,3,0.708771446118,0,0,0,0,lower
1264,3,0.707155683189,0,0,0,0,lower
1265,5,0.710923690847,1.6843370504815827,5.086840990677178e-5,0.057283931424178064,3.0260129893350847,lower
1267,4,0.708769632934,0,0,0,0,lower
1268,3,0.708304994456,0,0,0,0,lower
1276,3,0.712268601834,0,0,0,0,lower
1279,4,0.710793914325,0,0,0,0,lower
1283,3,0.708767842548,0,0,0,0,lower
1284,3,0.708562024289,0,0,0,0,lower
1285,3,0.708070704782,0,0,0,0,lower
1286,4,0.706496758765,0,0,0,0,lower
1287,3,0.708313307013,0,0,0,0,lower
1291,4,0.706696666219,0,0,0,0,lower
1294,3,0.708266143727,0,0,0,0,lower
1295,4,0.708310294043,0,0,0,0,lower
1297,3,0.712052717314,0,0,0,0,lower
1301,3,0.71126375191,0,0,0,0,lower
1304,4,0.71082602742,0,0,0,0,lower
1306,9,0.714149054097,0.5726664064019485,1.729501200033764e-5,0.019476258118219437,1.0288297011768959,lower
1310,3,0.708486973899,0,0,0,0,lower
1318,4,0.708233443067,0,0,0,0,lower
1323,4,0.708003198793,0,0,0,0,lower
1324,3,0.708263100223,0,0,0,0,lower
1325,3,0.708024330598,0,0,0,0,lower
1328,3,0.707651727892,0,0,0,0,lower
1331,3,0.71089590389,0,0,0,0,lower
1332,3,0.712276355547,0,0,0,0,lower
1334,3,0.70825580195,0,0,0,0,lower
1337,3,0.708062112993,0,0,0,0,lower
1340,3,0.708299555837,0,0,0,0,lower
1341,3,0.711138967789,0,0,0,0,lower
1343,9,0.714146296148,0.5726955933435725,1.7295893470771377e-5,0.01947725075966373,1.0288821372759818,lower
1344,4,0.712134163224,0,0,0,0,lower
1345,4,0.70852043172,0,0,0,0,lower
1350,3,0.708030053818,0,0,0,0,lower
1360,5,0.709589222245,16.583508243849842,5.008360380122784e-4,0.5640014560870537,29.793271685312124,lower
1361,6,0.709793346092,15.41381946945728,4.65510443279242e-4,0.5242205989713259,27.691855330563346,lower
1371,3,0.708304996963,0,0,0,0,lower
1374,3,0.708246189238,0,0,0,0,lower
1381,5,0.710788896793,2.4157578852437243,7.295794051847202e-5,0.08215939262046891,4.340054585717312,lower
1382,4,0.706528463638,0,0,0,0,lower
1385,3,0.70808037954,0,0,0,0,lower
1387,4,0.710976624347,0,0,0,0,lower
1388,3,0.712203495994,0,0,0,0,lower
1397,4,0.706986016086,0,0,0,0,lower
1398,3,0.70863291173,0,0,0,0,lower
1399,3,0.70830090647,0,0,0,0,lower
1401,9,0.714152127675,0.572633421540957,1.7294015829512354e-5,0.019475136310375493,1.0287704418868484,lower
1402,6,0.709763309759,0,0,0,0,lower
1412,4,0.712166906298,0,0,0,0,lower
1416,5,0.707989218379,22.870122463117074,6.906971284276391e-4,0.7778078184916576,41.0875528869292,lower
1418,5,0.710449719872,6.337799495658542,1.9140692924846125e-4,0.21554716236022384,11.386238634470864,lower
1420,4,0.708005933833,0,0,0,0,lower
1422,3,0.708290800943,0,0,0,0,lower
1423,4,0.712135541094,0,0,0,0,lower
1425,3,0.712258143199,0,0,0,0,lower
1428,9,0.7141875705,0.5722182286098548,1.728147665025268e-5,0.019461015690404412,1.028024522771529,lower
1431,6,0.709757352558,15.51479101885733,4.685598698547217e-4,0.5276546190862261,27.87325680240681,lower
1438,5,0.709277403221,18.876695336091426,5.700922364481618e-4,0.6419922430837646,33.913120456740955,lower
1439,3,0.708276016043,0,0,0,0,lower
1440,3,0.708268842159,0,0,0,0,lower
1442,3,0.711903557327,0,0,0,0,lower
1443,9,0.714212796872,0,0,0,0,lower
1450,3,0.708246418798,0,0,0,0,lower
1451,3,0.708235204098,0,0,0,0,lower
1453,3,0.711280387499,0,0,0,0,lower
1455,4,0.70864411358,0,0,0,0,lower
1457,5,0.711356089497,1.41721473969651,4.2801089178789176e-5,0.04819916057709315,2.5461116643920034,lower
1458,4,0.708570870951,0,0,0,0,lower
1460,9,0.714198086499,0.5720827212110626,1.7277384211684526e-5,0.019456407113672303,1.0277810755655323,lower
1465,3,0.708274293483,0,0,0,0,lower
1466,3,0.70799562531,0,0,0,0,lower
1467,9,0.714174835746,0,0,0,0,lower
1471,5,0.707964977514,22.89722491922438,6.915156456278352e-4,0.7787295670434893,41.136244082198075,lower
1472,3,0.712262472843,0,0,0,0,lower
1473,9,0.714191835144,0.5721639540384242,1.7279837512084784e-5,0.019459169824206184,1.0279270152340128,lower
1475,3,0.712203617227,0,0,0,0,lower
1476,9,0.714212987406,0.5718810704994173,1.7271294188874048e-5,0.01944954901746512,1.0274187979129847,lower
1479,4,0.70650577073,0,0,0,0,lower
1481,3,0.708022372097,0,0,0,0,lower
1482,3,0.708375514945,0,0,0,0,lower
1484,4,0.711892483058,0,0,0,0,lower
1489,4,0.708076567165,0,0,0,0,lower
1491,3,0.707814809882,0,0,0,0,lower
1493,4,0.708030151046,0,0,0,0,lower
1494,4,0.708005241393,0,0,0,0,lower
1498,3,0.708167375861,0,0,0,0,lower
1502,6,0.709740752946,16.149987505029955,4.877433433885561e-4,0.5492575114196744,29.014425559211634,lower
1503,4,0.7071437383,0,0,0,0,lower
1505,4,0.708360455497,0,0,0,0,lower
1508,6,0.70973032254,16.18046426622232,4.886637674690694e-4,0.5502940193428809,29.069178896861356,lower
1509,4,0.708719934082,0,0,0,0,lower
1510,5,0.709045270111,19.919497825215085,6.015857575657894e-4,0.6774577256359903,35.78657795534369,lower
1511,3,0.708286976859,0,0,0,0,lower
1512,5,0.706946632327,0,0,0,0,lower
1515,3,0.712317558919,0,0,0,0,lower
1516,5,0.710254060861,8.600258391546376,2.597351100483427e-4,0.2924928901793706,15.45088234983403,lower
1519,3,0.708260447754,0,0,0,0,lower
1521,4,0.708831924608,0,0,0,0,lower
1522,3,0.708279728586,0,0,0,0,lower
1523,3,0.708271845492,0,0,0,0,lower
1526,3,0.711335107702,0,0,0,0,lower
1527,4,0.712053332562,0,0,0,0,lower
1529,6,0.709700168997,16.26805634540817,4.913091226771249e-4,0.5532730066280853,29.22654334437705,lower
1531,3,0.707599367684,0,0,0,0,lower
1532,3,0.707980460285,0,0,0,0,lower
1534,3,0.711634855998,0,0,0,0,lower
1535,4,0.708285677749,0,0,0,0,lower
1536,3,0.707250562742,0,0,0,0,lower
1579,3,0.711166677467,0,0,0,0,lower
1753,5,0.711462115102,1.419534020482758,4.2871133428952786e-5,0.04827803880486523,2.550278392056811,lower
1754,4,0.710456048389,0,0,0,0,lower
1781,3,0.703683952918,0,0,0,0,lower
1811,3,0.708050732144,0,0,0,0,lower
1835,3,0.708054417414,0,0,0,0,lower
1836,4,0.704199937764,0,0,0,0,lower
1837,3,0.703681863304,0,0,0,0,lower
1538,9,0.714213194005,0,0,0,0,lower
1558,3,0.707995100363,0,0,0,0,lower
1559,3,0.708286354417,0,0,0,0,lower
1560,6,0.709493803524,0,0,0,0,lower
1564,4,0.707915517828,0,0,0,0,lower
1568,3,0.708220360179,0,0,0,0,lower
1570,4,0.708284310507,0,0,0,0,lower
1571,4,0.708258275952,0,0,0,0,lower
1573,3,0.712256538055,0,0,0,0,lower
1574,3,0.712144011529,0,0,0,0,lower
1575,3,0.708388755225,0,0,0,0,lower
1576,3,0.706372794276,0,0,0,0,lower
1578,5,0.711393248874,0,0,0,0,lower
1584,4,0.707877319758,0,0,0,0,lower
1587,3,0.708256743666,0,0,0,0,lower
1588,4,0.709609715069,0,0,0,0,lower
1589,4,0.708588883253,0,0,0,0,lower
1590,3,0.708264788165,0,0,0,0,lower
1591,3,0.708276032979,0,0,0,0,lower
1597,3,0.70821672517,0,0,0,0,lower
1598,3,0.708278673045,0,0,0,0,lower
1600,4,0.712080145183,0,0,0,0,lower
1601,4,0.71158554152,0,0,0,0,lower
1606,3,0.708007809621,0,0,0,0,lower
1609,9,0.713894900125,0,0,0,0,lower
1610,4,0.706498479286,0,0,0,0,lower
1611,3,0.703694643873,0,0,0,0,lower
1613,4,0.708448660469,0,0,0,0,lower
1614,4,0.711982518688,0,0,0,0,lower
1615,3,0.706611330836,0,0,0,0,lower
1616,3,0.708241289911,0,0,0,0,lower
1617,9,0.714201379236,0,0,0,0,lower
1618,3,0.706591227646,0,0,0,0,lower
1619,3,0.710932766433,0,0,0,0,lower
1620,3,0.712345146488,0,0,0,0,lower
1621,4,0.708191688737,0,0,0,0,lower
1625,3,0.707916807502,0,0,0,0,lower
1628,4,0.706499107829,0,0,0,0,lower
1630,9,0.713909201043,0,0,0,0,lower
1633,9,0.713909122862,0,0,0,0,lower
1636,3,0.705000109396,0,0,0,0,lower
1638,3,0.707648297318,0,0,0,0,lower
1639,3,0.707009309091,0,0,0,0,lower
1640,9,0.713932190418,0,0,0,0,lower
1641,3,0.712205921717,0,0,0,0,lower
1643,3,0.708595632968,0,0,0,0,lower
1644,5,0.711865746716,1.418190920820643,4.283057067808378e-5,0.04823236028172258,2.547865432594588,lower
1647,3,0.712240994304,0,0,0,0,lower
1648,4,0.711272298754,0,0,0,0,lower
1650,3,0.710511170161,0,0,0,0,lower
1651,3,0.703829482102,0,0,0,0,lower
1652,3,0.707951575459,0,0,0,0,lower
1654,3,0.709725458778,0,0,0,0,lower
1655,3,0.712211416938,0,0,0,0,lower
1657,5,0.708481648417,22.088484499163048,6.670909978507812e-4,0.7512244838123697,39.68329319246601,lower
1658,5,0.706435996424,21.836773514348813,6.594891122603011e-4,0.7426638487609183,39.23107924313299,lower
1660,3,0.712026788324,0,0,0,0,lower
1661,5,0.708580509063,0,0,0,0,lower
1664,5,0.705671486071,0,0,0,0,lower
1667,3,0.712193716276,0,0,0,0,lower
1669,4,0.710699363952,0,0,0,0,lower
1672,4,0.704943240253,0,0,0,0,lower
1673,4,0.711609992061,0,0,0,0,lower
1674,6,0.709467597293,0,0,0,0,lower
1677,4,0.711584344663,0,0,0,0,lower
1680,4,0.711358201905,0,0,0,0,lower
1682,6,0.71143397205,0,0,0,0,lower
1683,3,0.71228860794,0,0,0,0,lower
1686,3,0.712199443073,0,0,0,0,lower
1687,5,0.706272916053,0,0,0,0,lower
1688,3,0.707970314272,0,0,0,0,lower
1689,4,0.711164805834,0,0,0,0,lower
1692,3,0.703693645293,0,0,0,0,lower
1693,4,0.705366412929,0,0,0,0,lower
1694,4,0.707968346574,0,0,0,0,lower
1696,3,0.70608083435,0,0,0,0,lower
1697,3,0.708692944164,0,0,0,0,lower
1698,3,0.705469494942,0,0,0,0,lower
1700,4,0.707946876159,0,0,0,0,lower
1701,3,0.708663997001,0,0,0,0,lower
1702,4,0.708559418404,0,0,0,0,lower
1703,4,0.707967832615,0,0,0,0,lower
1704,5,0.70850580407,0,0,0,0,lower
1707,5,0.70436342535,0,0,0,0,lower
1709,3,0.70827466059,0,0,0,0,lower
1715,4,0.709021848073,0,0,0,0,lower
1716,3,0.708858531706,0,0,0,0,lower
1727,3,0.708151393275,0,0,0,0,lower
1730,4,0.704554247668,0,0,0,0,lower
1731,5,0.71187582264,1.4179524605560483,4.2823368975501506e-5,0.04822425030074193,2.547437024362461,lower
1733,9,0.713935708732,0,0,0,0,lower
1735,3,0.70585606424,0,0,0,0,lower
1736,3,0.712259449468,0,0,0,0,lower
1737,9,0.713928181342,0,0,0,0,lower
1739,3,0.708056488937,0,0,0,0,lower
1742,5,0.709215991247,0,0,0,0,lower
1743,5,0.707650243115,22.447423727238387,6.779312674869186e-4,0.7634319277563454,40.32814914111793,lower
1744,9,0.714185315008,0,0,0,0,lower
1747,3,0.709707928243,0,0,0,0,lower
1748,3,0.708259606877,0,0,0,0,lower
1749,5,0.711630566305,1.4209286947101198,4.291325377550906e-5,0.04832547136759157,2.5527840083327704,lower
1750,3,0.70779653444,0,0,0,0,lower
1752,3,0.70778669072,0,0,0,0,lower
1756,4,0.7103319954,0,0,0,0,lower
1757,3,0.707970214835,0,0,0,0,lower
1758,5,0.7064506977,0,0,0,0,lower
1760,3,0.707501875833,0,0,0,0,lower
1763,3,0.708669944692,0,0,0,0,lower
1764,5,0.709226624725,19.01915582021846,5.743946641006434e-4,0.6468372927138579,34.16905929945186,lower
1768,3,0.703680010003,0,0,0,0,lower
1769,9,0.713855284057,0,0,0,0,lower
1772,4,0.707318435324,0,0,0,0,lower
1776,5,0.709268365147,0,0,0,0,lower
1777,3,0.70763981533,0,0,0,0,lower
1778,3,0.707969512852,0,0,0,0,lower
1783,3,0.703821579936,0,0,0,0,lower
1787,3,0.712250298046,0,0,0,0,lower
1788,4,0.704414948425,0,0,0,0,lower
1789,4,0.707909317187,0,0,0,0,lower
1790,3,0.703252246724,0,0,0,0,lower
1792,4,0.703686282279,0,0,0,0,lower
1794,3,0.708258133739,0,0,0,0,lower
1797,3,0.708224474306,0,0,0,0,lower
1518,3,0.707936662863,0,0,0,0,lower
1801,4,0.705366452419,0,0,0,0,lower
1802,3,0.703640174243,0,0,0,0,lower
1804,5,0.709267098688,18.905850401704356,5.709727441992876e-4,0.6429838004319574,33.965499288652545,lower
1805,3,0.703685072174,0,0,0,0,lower
1806,4,0.707526890277,0,0,0,0,lower
1807,3,0.708228633767,0,0,0,0,lower
1808,4,0.707414915928,0,0,0,0,lower
1809,4,0.704339115093,0,0,0,0,lower
1814,7,0.709149617677,0,0,0,0,lower
1815,4,0.708257079103,0,0,0,0,lower
1816,3,0.708100544874,0,0,0,0,lower
1817,9,0.714171230474,0,0,0,0,lower
1818,3,0.708258921584,0,0,0,0,lower
1821,4,0.708045413075,0,0,0,0,lower
1826,3,0.707978479919,0,0,0,0,lower
1828,4,0.710045032146,0,0,0,0,lower
1829,4,0.705445577684,0,0,0,0,lower
1830,3,0.703730595844,0,0,0,0,lower
1832,5,0.711502026132,1.4201185308937443,4.288878613995402e-5,0.04829791787496588,2.5513285002258024,lower
1833,4,0.707429721964,0,0,0,0,lower
1834,4,0.709740759529,0,0,0,0,lower
1840,4,0.705688668798,0,0,0,0,lower
1841,3,0.70562660293,0,0,0,0,lower
1842,5,0.706202216712,0,0,0,0,lower
1843,5,0.709289041626,18.843617784905078,5.690932663002462e-4,0.6408672828667482,33.85369464317432,lower
1844,9,0.714541562072,0,0,0,0,lower
1846,5,0.709260921888,18.923267175908435,5.714987455772264e-4,0.6435761410794849,33.99678957283812,lower
1847,5,0.70921974631,19.038217969173992,5.749703571939567e-4,0.6474855921936169,34.20330559850916,lower
1852,3,0.709226508748,0,0,0,0,lower
1853,3,0.712230690062,0,0,0,0,lower
1854,3,0.709860258101,0,0,0,0,lower
1855,4,0.712214336738,0,0,0,0,lower
1856,9,0.713900896583,0.5737325200656809,1.73272095387332e-5,0.0195125164086763,1.0307450386051376,lower
1857,6,0.709519546737,16.775834558472262,5.066444561108263e-4,0.5705424316089931,30.138797496830662,lower
1858,4,0.709223652637,0,0,0,0,lower
1861,3,0.708087196764,0,0,0,0,lower
1862,3,0.712118576628,0,0,0,0,lower
1863,3,0.712194775388,0,0,0,0,lower
1865,5,0.709347772122,17.843889926511412,5.389006356260899e-4,0.606866759000881,32.057623313843635,lower
1866,5,0.709280838052,18.866949533231853,5.697979049219452e-4,0.6416607904790013,33.8956115347374,lower
1870,3,0.709255265393,0,0,0,0,lower
1872,5,0.706145763396,0,0,0,0,lower
1879,4,0.70850505613,0,0,0,0,lower
1880,3,0.704120895866,0,0,0,0,lower
1881,4,0.704089862773,0,0,0,0,lower
1882,3,0.703681293941,0,0,0,0,lower
1884,4,0.706818252009,0,0,0,0,lower
1892,4,0.706974097056,0,0,0,0,lower
1933,5,0.709386227269,17.739171408127422,5.357380474039383e-4,0.6033053052976364,31.869490186472675,lower
1958,3,0.707764052567,0,0,0,0,lower
2009,4,0.705218353877,0,0,0,0,lower
2331,5,0.708033553366,22.8177116170865,6.89114276350211e-4,0.7760253371830382,40.993393644380205,lower
2362,3,0.707954630775,0,0,0,0,lower
1894,3,0.704087855503,0,0,0,0,lower
1897,3,0.712223761183,0,0,0,0,lower
1899,3,0.70809745348,0,0,0,0,lower
1906,3,0.708234047701,0,0,0,0,lower
1907,7,0.709177761298,19.557353837111442,5.906487014540913e-4,0.6651412885106085,35.135964462220144,lower
1909,3,0.708072653693,0,0,0,0,lower
1911,3,0.70993396089,0,0,0,0,lower
1915,4,0.708527083621,0,0,0,0,lower
1916,3,0.706167412004,0,0,0,0,lower
1918,4,0.71218833422,0,0,0,0,lower
1919,3,0.703681322939,0,0,0,0,lower
1927,3,0.707766258632,0,0,0,0,lower
1932,3,0.705238576723,0,0,0,0,lower
1936,4,0.704258270379,0,0,0,0,lower
1939,5,0.70937557001,0,0,0,0,lower
1941,3,0.703673368232,0,0,0,0,lower
1942,3,0.708340323837,0,0,0,0,lower
1943,4,0.704408795319,0,0,0,0,lower
1945,3,0.707885534468,0,0,0,0,lower
1948,3,0.707631335689,0,0,0,0,lower
1949,3,0.708361051763,0,0,0,0,lower
1951,5,0.711540710939,1.4205344489354614,4.290134721817031e-5,0.04831206315578898,2.5520757220460286,lower
1952,3,0.709368868919,0,0,0,0,lower
1954,3,0.709226090271,0,0,0,0,lower
1955,3,0.707751714334,0,0,0,0,lower
1962,4,0.70379430365,0,0,0,0,lower
1968,3,0.707920574947,0,0,0,0,lower
1969,4,0.705714683885,0,0,0,0,lower
1970,5,0.706412102466,21.79690684020359,6.582851048311117e-4,0.741307991970146,39.15945636113883,lower
1971,3,0.7122276864,0,0,0,0,lower
1975,5,0.706209201964,21.41846802942174,6.468559312307456e-4,0.7284373715210637,38.47956823734141,lower
1976,5,0.706212214264,21.424597956791096,6.470410602451754e-4,0.7286458489982771,38.49058102117707,lower
1983,5,0.704147702942,3.7268094861043495,1.1255281271013903e-4,0.12674796827151563,6.695437775060857,lower
1984,3,0.703677288435,0,0,0,0,lower
1985,7,0.709164285668,19.59520729919588,5.917919081686565e-4,0.6664286764034252,35.20397048745486,lower
1988,6,0.707752448436,0,0,0,0,lower
1989,3,0.707423476192,0,0,0,0,lower
1992,3,0.709814644809,0,0,0,0,lower
1995,4,0.707763471089,0,0,0,0,lower
1997,4,0.705545784278,0,0,0,0,lower
1999,3,0.711720772252,0,0,0,0,lower
2001,3,0.707887076589,0,0,0,0,lower
2003,4,0.704566815419,0,0,0,0,lower
2004,3,0.711392711934,0,0,0,0,lower
2005,7,0.709271836611,0,0,0,0,lower
2006,3,0.70597236731,0,0,0,0,lower
2008,3,0.709403525063,0,0,0,0,lower
2011,3,0.708569246729,0,0,0,0,lower
2012,3,0.703675353435,0,0,0,0,lower
2013,5,0.709406028349,17.684630036276513,5.340908516366799e-4,0.6014503652759852,31.77150332592726,lower
2017,3,0.707827479431,0,0,0,0,lower
2018,7,0.709205954341,19.076268167174643,5.761195055003348e-4,0.6487796710315327,34.27166507167031,lower
2020,3,0.707640453404,0,0,0,0,lower
2021,5,0.704501414632,8.167020544180613,2.4665095898687435e-4,0.27775856658792364,14.672544455274544,lower
2022,3,0.703667571863,0,0,0,0,lower
2023,3,0.70926646847,0,0,0,0,lower
2025,4,0.704650668632,0,0,0,0,lower
2026,6,0.707739765331,23.095754826026226,6.975114174806612e-4,0.7854815253665777,41.49291502082173,lower
2027,3,0.70367761898,0,0,0,0,lower
2031,3,0.705214640007,0,0,0,0,lower
2032,5,0.704530455308,0,0,0,0,lower
2033,4,0.710952891062,0,0,0,0,lower
2035,3,0.703808551011,0,0,0,0,lower
2036,3,0.710035535763,0,0,0,0,lower
2038,4,0.704807826532,0,0,0,0,lower
2041,3,0.703674993648,0,0,0,0,lower
2044,3,0.703674563803,0,0,0,0,lower
2046,3,0.707417850707,0,0,0,0,lower
2047,3,0.709209889483,0,0,0,0,lower
2048,4,0.705560164384,0,0,0,0,lower
2052,4,0.705664087064,0,0,0,0,lower
2053,3,0.709178419041,0,0,0,0,lower
2054,3,0.708680660757,0,0,0,0,lower
2056,3,0.712204555102,0,0,0,0,lower
2058,3,0.703675984384,0,0,0,0,lower
2059,3,0.70959223507,0,0,0,0,lower
2061,6,0.707758387552,0,0,0,0,lower
2063,7,0.709147781048,19.641260189259675,5.931827445742838e-4,0.6679949250325493,35.28670727905463,lower
2064,4,0.707814495769,0,0,0,0,lower
2066,3,0.707876622894,0,0,0,0,lower
2068,4,0.705735619608,0,0,0,0,lower
2071,4,0.707253104539,0,0,0,0,lower
2073,3,0.708089134643,0,0,0,0,lower
2074,3,0.70921385001,0,0,0,0,lower
2076,3,0.703673309561,0,0,0,0,lower
2081,4,0.709738518639,0,0,0,0,lower
2084,4,0.709266922374,0,0,0,0,lower
2085,3,0.707851956113,0,0,0,0,lower
2087,4,0.709142842568,0,0,0,0,lower
2089,3,0.704003671659,0,0,0,0,lower
2090,5,0.704404353472,8.004856035505838,2.41753453052869e-4,0.2722433874308154,14.381206145333133,lower
2092,3,0.709150942976,0,0,0,0,lower
2093,3,0.712184479345,0,0,0,0,lower
2098,3,0.709206876613,0,0,0,0,lower
2100,9,0.713670523501,0,0,0,0,lower
2101,7,0.706682198739,22.187686615518988,6.700869860450505e-4,0.7545983258998795,39.86151577124071,lower
2102,4,0.709214534676,0,0,0,0,lower
2103,6,0.705007828276,14.498752628564564,4.378746472600803e-4,0.49309937762952244,26.04788261984047,lower
2109,3,0.707999146472,0,0,0,0,lower
2110,3,0.70528678094,0,0,0,0,lower
2111,3,0.703660746228,0,0,0,0,lower
2113,4,0.705957125969,0,0,0,0,lower
2114,3,0.709156194827,0,0,0,0,lower
2115,4,0.712172733098,0,0,0,0,lower
2116,7,0.709243009704,18.973520406051883,5.730164358217919e-4,0.6452852423478787,34.08707252845358,lower
2118,3,0.709154097928,0,0,0,0,lower
2123,3,0.712201704504,0,0,0,0,lower
2124,3,0.709214413855,0,0,0,0,lower
2125,4,0.709141308141,0,0,0,0,lower
2126,6,0.70776960313,0,0,0,0,lower
2127,3,0.70866318344,0,0,0,0,lower
2130,3,0.707870816408,0,0,0,0,lower
2134,7,0.706672962306,22.17652776014016,6.697499791322487e-4,0.7542188156907381,39.84146821525256,lower
2135,6,0.705015486371,14.519077333119007,4.3848847060512513e-4,0.49379061634660737,26.08439717609782,lower
2136,3,0.708242263486,0,0,0,0,lower
2138,4,0.707856186768,0,0,0,0,lower
2139,3,0.704591070762,0,0,0,0,lower
2140,4,0.707903964345,0,0,0,0,lower
2141,5,0.711573569883,1.4207713025324087,4.2908500398024635e-5,0.048320118494357474,2.552501243802929,lower
2142,5,0.708678468637,21.65970415166361,6.54141467072287e-4,0.7366417588077929,38.91296346497237,lower
2144,5,0.709353398522,0,0,0,0,lower
2145,6,0.707740321349,23.095384353992102,6.975002289104843e-4,0.7854689256944448,41.492249445492185,lower
2147,6,0.704989582993,0,0,0,0,lower
2151,3,0.71216159561,0,0,0,0,lower
2153,3,0.703670949284,0,0,0,0,lower
2155,4,0.712179791133,0,0,0,0,lower
2156,7,0.70667344501,22.17711486108725,6.697677100796411e-4,0.7542387828643999,39.84252297747574,lower
2159,7,0.70667741745,22.181929987970513,6.699131310023602e-4,0.7544025442672028,39.85117364302387,lower
2160,9,0.714524540929,0.5651025633993217,1.7066577515554397e-5,0.019219013486723717,1.0152408015153374,lower
2163,3,0.707795328215,0,0,0,0,lower
2164,3,0.707774773619,0,0,0,0,lower
2165,4,0.705173588489,0,0,0,0,lower
2166,3,0.709200998135,0,0,0,0,lower
2167,5,0.711571903433,1.4207618639346709,4.2908215344354094e-5,0.04831979748973112,2.552484286793435,lower
2168,9,0.714520014278,0,0,0,0,lower
2169,3,0.708228806658,0,0,0,0,lower
2170,3,0.709222092872,0,0,0,0,lower
2172,3,0.707933570803,0,0,0,0,lower
2173,5,0.706214423036,21.429083122001664,6.471765160450496e-4,0.7287983884774003,38.49863889070065,lower
2174,3,0.703665042045,0,0,0,0,lower
2175,9,0.714522153019,0,0,0,0,lower
2176,3,0.704821285074,0,0,0,0,lower
2177,4,0.706806477852,0,0,0,0,lower
2178,6,0.705318064608,18.445280234564454,5.570631338595967e-4,0.627319910676091,33.138057234897865,lower
2179,3,0.70574812172,0,0,0,0,lower
2180,5,0.709381267998,0,0,0,0,lower
2184,4,0.712187429312,0,0,0,0,lower
2185,9,0.714524372351,0,0,0,0,lower
2186,9,0.713672160247,0,0,0,0,lower
2187,7,0.709284226289,18.857322513475562,5.695071607463637e-4,0.6413333776613702,33.87831601373536,lower
2189,3,0.709251750116,0,0,0,0,lower
2190,4,0.709588446903,0,0,0,0,lower
2191,6,0.706551220892,22.014725716644364,6.648634199545923e-4,0.7487159638943859,39.55078109584303,lower
2194,3,0.707930321159,0,0,0,0,lower
2195,3,0.706990315191,0,0,0,0,lower
2197,5,0.706620808159,0,0,0,0,lower
2199,4,0.70388650637,0,0,0,0,lower
2200,3,0.710303724223,0,0,0,0,lower
2201,3,0.708652094378,0,0,0,0,lower
2203,3,0.708212452441,0,0,0,0,lower
2204,3,0.708231803321,0,0,0,0,lower
2207,5,0.707087530232,0,0,0,0,lower
2209,9,0.713670161592,0,0,0,0,lower
2210,4,0.707695530176,0,0,0,0,lower
2211,9,0.714523931725,0,0,0,0,lower
2212,5,0.706641697706,22.137580484529256,6.685737383198999e-4,0.752894227441245,39.771497088117336,lower
2213,3,0.707867280147,0,0,0,0,lower
2214,5,0.706263137127,0,0,0,0,lower
2215,3,0.712205253087,0,0,0,0,lower
2217,6,0.705333351909,0,0,0,0,lower
2219,3,0.703640042056,0,0,0,0,lower
2220,4,0.708165877021,0,0,0,0,lower
2221,3,0.709142839316,0,0,0,0,lower
2222,3,0.706078904561,0,0,0,0,lower
2225,5,0.706050306615,0,0,0,0,lower
2226,3,0.709166607574,0,0,0,0,lower
2227,3,0.703663895615,0,0,0,0,lower
2228,4,0.709133235766,0,0,0,0,lower
2231,4,0.706778868643,0,0,0,0,lower
2232,5,0.708559529816,0,0,0,0,lower
2233,3,0.708472379144,0,0,0,0,lower
2237,5,0.706924087929,0,0,0,0,lower
2240,3,0.707840495733,0,0,0,0,lower
2241,4,0.707898184702,0,0,0,0,lower
2242,5,0.705532298656,0,0,0,0,lower
2243,5,0.707318644013,0,0,0,0,lower
2244,6,0.711546761514,0,0,0,0,lower
2245,3,0.708264500789,0,0,0,0,lower
2246,4,0.709125799911,0,0,0,0,lower
2250,3,0.706408553638,0,0,0,0,lower
2252,5,0.709299776646,0,0,0,0,lower
2254,3,0.70914177153,0,0,0,0,lower
2255,9,0.713668630368,0,0,0,0,lower
2256,7,0.709112989097,0,0,0,0,lower
2257,4,0.70817607034,0,0,0,0,lower
2258,3,0.709191267845,0,0,0,0,lower
2259,4,0.707876982496,0,0,0,0,lower
2262,3,0.705554755099,0,0,0,0,lower
2265,3,0.707862393275,0,0,0,0,lower
2266,3,0.712180996583,0,0,0,0,lower
2267,5,0.707540343919,22.509811905928068,6.798154434872126e-4,0.7655537359471211,40.44023326290457,lower
2268,5,0.70969865882,16.272422905935596,4.914409965148038e-4,0.553421512388106,29.234388133441648,lower
2271,3,0.709141245611,0,0,0,0,lower
2272,3,0.707934937594,0,0,0,0,lower
2273,9,0.713667826262,0.5718574154336737,1.727057978579168e-5,0.019448744513898865,1.0273763001622032,lower
2274,5,0.704670828744,0,0,0,0,lower
2275,3,0.707881489399,0,0,0,0,lower
2277,3,0.708221144456,0,0,0,0,lower
2279,3,0.707808985451,0,0,0,0,lower
2281,3,0.707845273846,0,0,0,0,lower
2284,5,0.706946195056,0,0,0,0,lower
2285,3,0.707805616501,0,0,0,0,lower
2293,5,0.706709676233,22.21994310011148,6.710611592842684e-4,0.755695361823214,39.91946648920376,lower
2295,4,0.710141637666,0,0,0,0,lower
2297,3,0.70913699536,0,0,0,0,lower
2301,9,0.713668822238,0.5718713319222243,1.72710000755691e-5,0.01944921781060368,1.0274013019723265,lower
2042,3,0.707897268755,0,0,0,0,lower
2075,4,0.709296335437,0,0,0,0,lower
2230,3,0.709276341477,0,0,0,0,lower
2303,3,0.707791220566,0,0,0,0,lower
2304,3,0.708801903963,0,0,0,0,lower
2305,3,0.703652491434,0,0,0,0,lower
2306,5,0.70689666525,22.40166190558836,6.765492215946735e-4,0.761875578299747,40.24593527145982,lower
2308,3,0.703664880311,0,0,0,0,lower
2310,4,0.705253317294,0,0,0,0,lower
2311,4,0.705269068495,0,0,0,0,lower
2317,4,0.706428506529,0,0,0,0,lower
2319,3,0.70851663961,0,0,0,0,lower
2320,5,0.70797019667,0,0,0,0,lower
2323,5,0.708654922868,0,0,0,0,lower
2324,3,0.70924983182,0,0,0,0,lower
2328,3,0.703632592559,0,0,0,0,lower
2329,7,0.709332668558,0,0,0,0,lower
2330,5,0.709188987963,0,0,0,0,lower
2333,3,0.703659166653,0,0,0,0,lower
2336,6,0.706559223989,22.02619639535037,6.652098441967944e-4,0.7491060791460785,39.57138886122523,lower
2337,4,0.709187920793,0,0,0,0,lower
2343,3,0.708085031324,0,0,0,0,lower
2344,3,0.708730832857,0,0,0,0,lower
2345,3,0.703743612512,0,0,0,0,lower
2346,3,0.703640059731,0,0,0,0,lower
2348,3,0.705992000672,0,0,0,0,lower
2349,9,0.71367164034,0,0,0,0,lower
2350,3,0.703649504818,0,0,0,0,lower
2351,3,0.707542685934,0,0,0,0,lower
2353,4,0.708925950289,0,0,0,0,lower
2357,3,0.70898661784499994,0,0,0,0,lower
2358,3,0.707790824163,0,0,0,0,lower
2360,3,0.713897975628,0,0,0,0,lower
2363,3,0.708767917266,0,0,0,0,lower
2364,3,0.707717298771,0,0,0,0,lower
2365,6,0.708574526646,21.893969483158983,6.612164791110266e-4,0.7446090710393954,39.333835247050196,lower
2366,3,0.709179978262,0,0,0,0,lower
2367,7,0.709343188754,17.856263637822142,5.392743322201548e-4,0.6072875861921987,32.07985343170623,lower
2368,6,0.70855064357,21.94534218422909,6.627679783286595e-4,0.7463562452669844,39.42612939963143,lower
2369,7,0.709093249251,19.790964460334184,5.977039407467691e-4,0.6730863342583255,35.55566002144124,lower
2370,3,0.703658888794,0,0,0,0,lower
2372,4,0.706700362556,0,0,0,0,lower
2373,4,0.710714452865,0,0,0,0,lower
2374,4,0.707405949823,0,0,0,0,lower
2375,5,0.707508862698,0,0,0,0,lower
2376,4,0.707129485554,0,0,0,0,lower
2377,3,0.708080829993,0,0,0,0,lower
2378,4,0.710588479137,0,0,0,0,lower
2380,3,0.70510404784,0,0,0,0,lower
2381,4,0.708814216283,0,0,0,0,lower
2382,6,0.708583455586,21.874525096496768,6.606292421142292e-4,0.7439477717395758,39.29890223492373,lower
2385,3,0.707807432194,0,0,0,0,lower
2386,9,0.713670784419,0,0,0,0,lower
2387,3,0.7076193187,0,0,0,0,lower
2388,4,0.707990866886,0,0,0,0,lower
2392,4,0.705266781657,0,0,0,0,lower
2393,4,0.708074842343,0,0,0,0,lower
2397,5,0.708055476279,0,0,0,0,lower
2398,5,0.706735848086,22.24935403860369,6.719493946137334e-4,0.7566956213515708,39.972305012158834,lower
2400,3,0.708360545689,0,0,0,0,lower
2402,4,0.708767446366,0,0,0,0,lower
2403,4,0.708241090005,0,0,0,0,lower
2405,6,0.70778709259000006,0,0,0,0,lower
2407,3,0.709080130454,0,0,0,0,lower
2408,5,0.707490563535,0,0,0,0,lower
2410,3,0.708008759692,0,0,0,0,lower
2412,3,0.708365891903,0,0,0,0,lower
2413,3,0.708108590462,0,0,0,0,lower
2420,5,0.708067420187,0,0,0,0,lower
2422,3,0.703640871854,0,0,0,0,lower
2423,3,0.70808549894,0,0,0,0,lower
2424,4,0.704513021294,0,0,0,0,lower
2426,5,0.707220675048,0,0,0,0,lower
2431,3,0.707942634365,0,0,0,0,lower
2432,3,0.709089665958,0,0,0,0,lower
2433,9,0.71367777368,0,0,0,0,lower
2434,3,0.705891868464,0,0,0,0,lower
2435,4,0.709244604317,0,0,0,0,lower
2436,5,0.707818639433,0,0,0,0,lower
2437,3,0.707748035292,0,0,0,0,lower
2439,3,0.709247346584,0,0,0,0,lower
2440,4,0.70807929605,0,0,0,0,lower
2448,3,0.708084926761,0,0,0,0,lower
2449,3,0.707848368022,0,0,0,0,lower
2451,3,0.707695482136,0,0,0,0,lower
2452,4,0.707840637601,0,0,0,0,lower
2453,4,0.709183174087,0,0,0,0,lower
2456,4,0.707843863745,0,0,0,0,lower
2457,3,0.703648189223,0,0,0,0,lower
2459,4,0.708211253694,0,0,0,0,lower
2461,4,0.707838904184,0,0,0,0,lower
2463,3,0.703640706618,0,0,0,0,lower
2465,3,0.707816564527,0,0,0,0,lower
2466,4,0.709177511798,0,0,0,0,lower
2468,4,0.705728091197,0,0,0,0,lower
2470,3,0.707923126513,0,0,0,0,lower
2471,3,0.703606377569,0,0,0,0,lower
2472,3,0.70793967293,0,0,0,0,lower
2473,7,0.709083675316,19.816852925210647,5.984857943804088e-4,0.6739667952362732,35.602170208323216,lower
2474,6,0.70656798445,22.038618936192986,6.655850154842069e-4,0.749528567019001,39.59370670428375,lower
2475,3,0.707841274498,0,0,0,0,lower
2476,3,0.709192606852,0,0,0,0,lower
2477,6,0.706573892269,22.046917377495916,6.658356354617607e-4,0.7498107951765949,39.608615354049974,lower
2478,5,0.708266514289,22.48300608715049,6.79005884986392e-4,0.7646420759654181,40.3920749944704,lower
2523,3,0.703801925361,0,0,0,0,lower
2524,3,0.709175790867,0,0,0,0,lower
2642,6,0.707811155491,23.043315179354757,6.959276955994095e-4,0.7836980645545165,41.39870403618618,lower
2667,3,0.709193598108,0,0,0,0,lower
2668,3,0.707845879316,0,0,0,0,lower
2703,3,0.708499500256,0,0,0,0,lower
2811,3,0.705299261991,0,0,0,0,lower
2812,3,0.708097294538,0,0,0,0,lower
2479,6,0.707798684275,23.05318254309561,6.962256983675167e-4,0.7840336514180287,41.41643134963676,lower
2480,4,0.709187151487,0,0,0,0,lower
2482,4,0.707715619899,0,0,0,0,lower
2484,3,0.708033072051,0,0,0,0,lower
2485,3,0.708062864143,0,0,0,0,lower
2486,5,0.707837325527,0,0,0,0,lower
2488,3,0.703648929028,0,0,0,0,lower
2489,3,0.709179487987,0,0,0,0,lower
2492,5,0.707836507634,0,0,0,0,lower
2493,4,0.709184641171,0,0,0,0,lower
2495,4,0.707696272517,0,0,0,0,lower
2496,3,0.707844484334,0,0,0,0,lower
2497,3,0.708193725621,0,0,0,0,lower
2504,6,0.706631882608,22.124980322543852,6.681932027230715e-4,0.75246569871245,39.748860137974454,lower
2506,5,0.707988164121,0,0,0,0,lower
2507,3,0.708105732835,0,0,0,0,lower
2510,6,0.708609722923,21.816576602929878,6.588791483765194e-4,0.7419769562601735,39.19479427494288,lower
2515,3,0.709143590787,0,0,0,0,lower
2516,3,0.707952607301,0,0,0,0,lower
2518,4,0.708741831307,0,0,0,0,lower
2520,7,0.708650833008,21.723665990233258,6.56073168937909e-4,0.7388170868238454,39.02787476154343,lower
2521,4,0.708209636411,0,0,0,0,lower
2522,3,0.708277086611,0,0,0,0,lower
2529,3,0.708629111273,0,0,0,0,lower
2531,4,0.70827459113,0,0,0,0,lower
2534,3,0.712292186417,0,0,0,0,lower
2538,3,0.707758351835,0,0,0,0,lower
2543,4,0.709947153939,0,0,0,0,lower
2544,3,0.707903247964,0,0,0,0,lower
2546,4,0.707981339579,0,0,0,0,lower
2547,4,0.704397576014,0,0,0,0,lower
2548,6,0.707843087241,23.01669200307054,6.951236530570582e-4,0.7827926162037112,41.3508738959952,lower
2553,3,0.709233431415,0,0,0,0,lower
2554,3,0.709244993394,0,0,0,0,lower
2555,3,0.70912220518,0,0,0,0,lower
2556,4,0.708908108012,0,0,0,0,lower
2557,5,0.707845220666,23.014843750898223,6.950678342712127e-4,0.7827297575551627,41.347553399613915,lower
2561,5,0.707262691541,22.56247792171903,6.814060019081921e-4,0.767344895522986,40.534850933301605,lower
2563,3,0.707540927899,0,0,0,0,lower
2566,3,0.708052962141,0,0,0,0,lower
2567,3,0.70810276094,0,0,0,0,lower
2570,4,0.709187744918,0,0,0,0,lower
2573,3,0.709993948857,0,0,0,0,lower
2575,3,0.709199713322,0,0,0,0,lower
2578,3,0.708057989549,0,0,0,0,lower
2579,3,0.709321152258,0,0,0,0,lower
2582,7,0.709077786027,19.832718664861684,5.989649531971149e-4,0.6745063855409001,35.63067396548732,lower
2583,6,0.707835957202,23.022805872177013,6.953082970983061e-4,0.7830005475429473,41.36185783019412,lower
2584,4,0.707846665081,0,0,0,0,lower
2586,3,0.708099541028,0,0,0,0,lower
2588,3,0.709175537965,0,0,0,0,lower
2589,5,0.707844840838,23.015173443808646,6.950777912772086e-4,0.7827409703382967,41.34814571279087,lower
2592,4,0.708267109919,0,0,0,0,lower
2595,3,0.709242127298,0,0,0,0,lower
2596,4,0.709210785612,0,0,0,0,lower
2598,7,0.709077007954,19.834811409556224,5.99028155864848e-4,0.6745775593261802,35.634433707415006,lower
2600,3,0.703629731387,0,0,0,0,lower
2602,4,0.708035735182,0,0,0,0,lower
2603,4,0.708019008977,0,0,0,0,lower
2604,4,0.708056581846,0,0,0,0,lower
2605,3,0.708059810404,0,0,0,0,lower
2607,3,0.709241310184,0,0,0,0,lower
2608,5,0.707360980636,0,0,0,0,lower
2609,3,0.709236645478,0,0,0,0,lower
2610,5,0.706922699714,22.421679946798868,6.771537834461958e-4,0.7625563874641723,40.2818988885439,lower
2611,4,0.7080530477,0,0,0,0,lower
2613,4,0.709239553392,0,0,0,0,lower
2614,4,0.709236451762,0,0,0,0,lower
2615,3,0.708082653436,0,0,0,0,lower
2617,4,0.70653037537,0,0,0,0,lower
2619,3,0.70810937279,0,0,0,0,lower
2620,3,0.70923771453,0,0,0,0,lower
2621,4,0.709162680934,0,0,0,0,lower
2622,3,0.709240098782,0,0,0,0,lower
2623,4,0.708670556366,0,0,0,0,lower
2624,3,0.705179715507,0,0,0,0,lower
2628,3,0.709175978736,0,0,0,0,lower
2631,3,0.708741888627,0,0,0,0,lower
2634,4,0.706584743314,0,0,0,0,lower
2635,9,0.714521379992,0.5651955924784561,1.7069387072780073e-5,0.019222177385177452,1.0154079338608293,lower
2636,5,0.707500140956,22.52677064325828,6.80327611762421e-4,0.7661304988616381,40.470700656250386,lower
2640,4,0.707840435893,0,0,0,0,lower
2644,6,0.708613632374,21.807857093950886,6.58615811797417e-4,0.7416804076838286,39.17912915172808,lower
2646,3,0.707842236058,0,0,0,0,lower
2650,3,0.708544010356,0,0,0,0,lower
2652,5,0.707518693427,22.519336097451824,6.801030821628106e-4,0.7658776515992536,40.45734404679166,lower
2654,3,0.708071213393,0,0,0,0,lower
2655,3,0.709239719678,0,0,0,0,lower
2659,5,0.707519377644,22.519049079935748,6.800944139899802e-4,0.7658678901968646,40.45682840253176,lower
2660,7,0.708685275103,21.64376686960423,6.536601476140678e-4,0.7360997353616446,38.88433117756138,lower
2662,3,0.707923576571,0,0,0,0,lower
2663,3,0.707839633715,0,0,0,0,lower
2664,3,0.707189965787,0,0,0,0,lower
2665,4,0.708673646546,0,0,0,0,lower
2666,7,0.708672841448,21.67282542211807,6.545377405876052e-4,0.7370880103206338,38.93653661787572,lower
2670,5,0.706964842564,22.451320300600493,6.780489473129122e-4,0.7635644493565799,40.335149569924184,lower
2671,3,0.705083153855,0,0,0,0,lower
2672,3,0.708058610946,0,0,0,0,lower
2674,3,0.707832591157,0,0,0,0,lower
2676,3,0.709029571812,0,0,0,0,lower
2677,3,0.707848268664,0,0,0,0,lower
2680,3,0.708581527985,0,0,0,0,lower
2681,4,0.705081954564,0,0,0,0,lower
2682,3,0.707781978633,0,0,0,0,lower
2683,3,0.707787845617,0,0,0,0,lower
2684,4,0.708529784234,0,0,0,0,lower
2686,6,0.707829565318,23.028204158584398,6.954713299340954e-4,0.7831841420724865,41.371556176961604,lower
2690,4,0.708104249086,0,0,0,0,lower
2691,3,0.70814669691,0,0,0,0,lower
2692,3,0.708664451106,0,0,0,0,lower
2693,3,0.707923253557,0,0,0,0,lower
2694,4,0.708480121611,0,0,0,0,lower
2695,3,0.707841302574,0,0,0,0,lower
2696,6,0.708634756663,21.760319515305568,6.571801365352633e-4,0.7400636651236556,39.0937250276419,lower
2697,3,0.709127565229,0,0,0,0,lower
2698,4,0.709233720536,0,0,0,0,lower
2700,4,0.706532848389,0,0,0,0,lower
2701,3,0.708114241054,0,0,0,0,lower
2702,3,0.706199607786,0,0,0,0,lower
2705,6,0.706654168946,22.15333350830432,6.690494930213903e-4,0.7534299843038018,39.79979834441935,lower
2706,5,0.707036459062,22.493820417673,6.793324869558311e-4,0.7650098689602186,40.4115035907972,lower
2708,3,0.703752226117,0,0,0,0,lower
2709,3,0.709237366185,0,0,0,0,lower
2710,3,0.709189963916,0,0,0,0,lower
2712,6,0.707839614009,23.019682369124826,6.952139646524585e-4,0.7828943178933688,41.35624626877567,lower
2714,4,0.708367661049,0,0,0,0,lower
2717,4,0.709101927709,0,0,0,0,lower
2718,3,0.709175302397,0,0,0,0,lower
2721,3,0.707790856214,0,0,0,0,lower
2722,3,0.708015757822,0,0,0,0,lower
2723,3,0.709222937778,0,0,0,0,lower
2724,3,0.708189239078,0,0,0,0,lower
2725,5,0.707547710268,0,0,0,0,lower
2729,4,0.709099361344,0,0,0,0,lower
2730,4,0.709089024254,0,0,0,0,lower
2738,4,0.709233818571,0,0,0,0,lower
2739,5,0.706934533696,22.43034856420796,6.774155830566506e-4,0.7628512052294544,40.29747258198725,lower
2740,3,0.707985777514,0,0,0,0,lower
2741,5,0.707555839351,0,0,0,0,lower
2742,9,0.713679013299,0,0,0,0,lower
2744,3,0.708103222327,0,0,0,0,lower
2745,4,0.70716461639,0,0,0,0,lower
2746,3,0.709232484092,0,0,0,0,lower
2747,6,0.707851302219,23.009527409889447,6.949072762560807e-4,0.7825489499705481,41.33800227269208,lower
2748,3,0.714081484512,0,0,0,0,lower
2750,6,0.706663592996,22.165046349120356,6.694032307650519e-4,0.7538283354354215,39.820841168622024,lower
2751,4,0.708228938344,0,0,0,0,lower
2753,3,0.707770875132,0,0,0,0,lower
2754,3,0.708235564185,0,0,0,0,lower
2757,3,0.709200173953,0,0,0,0,lower
2759,3,0.709234202097,0,0,0,0,lower
2762,3,0.705020906163,0,0,0,0,lower
2765,5,0.707572162,0,0,0,0,lower
2767,3,0.709235976934,0,0,0,0,lower
2769,4,0.703897951309,0,0,0,0,lower
2770,3,0.707731770063,0,0,0,0,lower
2771,5,0.706920887483,22.420328671186684,6.771129737746886e-4,0.7625104308787719,40.27947124049479,lower
2775,3,0.709230003856,0,0,0,0,lower
2778,5,0.707280365815,22.5636252405647,6.814406519120727e-4,0.7673839155837621,40.53691216073166,lower
2780,4,0.70923075748,0,0,0,0,lower
2781,4,0.708634161599,0,0,0,0,lower
2783,3,0.703585650091,0,0,0,0,lower
2784,3,0.707846307299,0,0,0,0,lower
2786,4,0.707716113608,0,0,0,0,lower
2788,5,0.707212073462,22.555805235030117,6.812044811011933e-4,0.7671179589210789,40.52286304964813,lower
2791,7,0.709075123659,19.839876228764084,5.991811177079039e-4,0.6747498127098459,35.64353296026777,lower
2792,4,0.707753020257,0,0,0,0,lower
2793,3,0.70923234355,0,0,0,0,lower
2795,3,0.708061486173,0,0,0,0,lower
2796,7,0.708677597083,21.661739655035735,6.542029410034519e-4,0.7367109858283284,38.91662036941565,lower
2799,4,0.709228943424,0,0,0,0,lower
2756,4,0.709034321661,0,0,0,0,lower
2772,3,0.707932107685,0,0,0,0,lower
2779,4,0.709131273815,0,0,0,0,lower
2802,5,0.709344167033,0,0,0,0,lower
2804,3,0.709234303774,0,0,0,0,lower
2807,3,0.707774544937,0,0,0,0,lower
2816,3,0.709213497213,0,0,0,0,lower
2818,5,0.706959112393,22.447491191295185,6.779333049587501e-4,0.7634342221940306,40.328270344360554,lower
2820,3,0.708903568566,0,0,0,0,lower
2821,4,0.708065668533,0,0,0,0,lower
2822,3,0.707844513627,0,0,0,0,lower
2823,3,0.708224503016,0,0,0,0,lower
2824,3,0.709151013404,0,0,0,0,lower
2829,3,0.711375339827,0,0,0,0,lower
2832,3,0.708063359462,0,0,0,0,lower
2833,4,0.707694532955,0,0,0,0,lower
2839,4,0.709225225742,0,0,0,0,lower
2841,3,0.709215753416,0,0,0,0,lower
2844,4,0.70912844793,0,0,0,0,lower
2847,4,0.708495326516,0,0,0,0,lower
2848,3,0.708533256211,0,0,0,0,lower
2850,3,0.708017395656,0,0,0,0,lower
2852,3,0.707845737795,0,0,0,0,lower
2853,3,0.709188818681,0,0,0,0,lower
2854,3,0.709232772707,0,0,0,0,lower
2855,3,0.707938208269,0,0,0,0,lower
2856,3,0.709225710627,0,0,0,0,lower
2857,3,0.709227743304,0,0,0,0,lower
2860,4,0.70921541928,0,0,0,0,lower
2864,3,0.708258288334,0,0,0,0,lower
2866,5,0.707369059731,22.56013620427676,6.813352800519549e-4,0.7672652542294935,40.530643896832494,lower
2874,3,0.706941427095,0,0,0,0,lower
2875,3,0.707849653425,0,0,0,0,lower
2877,5,0.706978143704,0,0,0,0,lower
2878,7,0.708680502309,21.654949913481015,6.53997885040058e-4,0.7364800682162641,38.90442218964341,lower
2881,5,0.709079756331,0,0,0,0,lower
2884,4,0.708092480967,0,0,0,0,lower
2885,3,0.709208041528,0,0,0,0,lower
2887,3,0.709233486013,0,0,0,0,lower
2888,3,0.707866921676,0,0,0,0,lower
2889,3,0.709198988625,0,0,0,0,lower
2890,9,0.714504930949,0,0,0,0,lower
2893,4,0.709226955605,0,0,0,0,lower
2894,3,0.708099503604,0,0,0,0,lower
2895,3,0.708299257666,0,0,0,0,lower
2897,3,0.707913355367,0,0,0,0,lower
2898,3,0.709275791132,0,0,0,0,lower
2899,3,0.70815126345,0,0,0,0,lower
2900,5,0.707833062312,23.025260442943022,6.953824272207984e-4,0.7830840269530782,41.36626761445853,lower
2902,3,0.709226728692,0,0,0,0,lower
2903,3,0.708212954395,0,0,0,0,lower
2904,3,0.707809959789,0,0,0,0,lower
2906,3,0.709088521453,0,0,0,0,lower
2907,4,0.707843207222,0,0,0,0,lower
2909,4,0.708335794102,0,0,0,0,lower
2911,4,0.707842008616,0,0,0,0,lower
2912,4,0.70784495696,0,0,0,0,lower
2914,5,0.70921779966,0,0,0,0,lower
2915,5,0.707841289198,0,0,0,0,lower
2917,3,0.707763129447,0,0,0,0,lower
2918,4,0.708077398468,0,0,0,0,lower
2919,6,0.708658855754,21.70522142782288,6.555161274829497e-4,0.7381897913262117,38.99473799392293,lower
2920,4,0.707841226777,0,0,0,0,lower
2923,7,0.708863152867,20.3790031902684,6.154632099778286e-4,0.6930854017078488,36.61210702799748,lower
2935,3,0.70923248108900006,0,0,0,0,lower
2937,5,0.707836009529,23.022761356773263,6.953069526952933e-4,0.7829990335838884,41.36177785558931,lower
2938,3,0.70916591797,0,0,0,0,lower
2939,4,0.707554209464,0,0,0,0,lower
2940,3,0.707407042774,0,0,0,0,lower
2941,4,0.709158762758,0,0,0,0,lower
2943,4,0.709139258583,0,0,0,0,lower
2947,3,0.709191021382,0,0,0,0,lower
2948,7,0.709055570859,19.892157682960256,6.007600620420042e-4,0.6765278934307288,35.73745974259065,lower
2950,3,0.713883398995,0,0,0,0,lower
2971,4,0.707975324549,0,0,0,0,lower
2972,3,0.709159933538,0,0,0,0,lower
3053,5,0.70910700801,19.753552202226576,5.96574058767143e-4,0.6718139516154055,35.488446645732616,lower
3054,5,0.709073736245,19.84360250899878,5.99293654536772e-4,0.6748765426783939,35.650227447210796,lower
3156,3,0.709313351272,0,0,0,0,lower
2955,3,0.708784356663,0,0,0,0,lower
2960,4,0.709196848769,0,0,0,0,lower
2961,6,0.706691050693,22.198231919955063,6.704054631981195e-4,0.7549569693768431,39.88046104599491,lower
2963,3,0.708203989156,0,0,0,0,lower
2965,4,0.707839243737,0,0,0,0,lower
2966,3,0.709249513926,0,0,0,0,lower
2967,4,0.70839815072,0,0,0,0,lower
2969,5,0.707461164479,0,0,0,0,lower
2970,3,0.709217072893,0,0,0,0,lower
2973,4,0.709200477927,0,0,0,0,lower
2976,3,0.70923188209,0,0,0,0,lower
2978,6,0.709061840049,19.87544946831723,6.002554597647885e-4,0.6759596507375232,35.70744242834589,lower
2979,3,0.709206582194,0,0,0,0,lower
2980,4,0.708488924921,0,0,0,0,lower
2982,3,0.709232101386,0,0,0,0,lower
2983,5,0.707768691947,23.07568925983544,6.969054203343581e-4,0.7847990998880597,41.45686602224729,lower
2987,3,0.708462073888,0,0,0,0,lower
2989,3,0.707994758856,0,0,0,0,lower
2990,4,0.709227870255,0,0,0,0,lower
2994,3,0.714387186748,0,0,0,0,lower
2995,3,0.709229769072,0,0,0,0,lower
3001,3,0.707773592492,0,0,0,0,lower
3004,3,0.708197666746,0,0,0,0,lower
3005,5,0.707461681776,22.540042932671547,6.807284461785981e-4,0.7665818864959444,40.49454512381184,lower
3006,4,0.70761532755,0,0,0,0,lower
3007,5,0.707036019374,22.49358981554338,6.793255225756011e-4,0.7650020262326743,40.41108930017799,lower
3008,6,0.708534115448,21.980348424515427,6.63825196525974e-4,0.7475467997747104,39.48902021936608,lower
3009,3,0.707995306922,0,0,0,0,lower
3010,4,0.708515349542,0,0,0,0,lower
3011,3,0.708106383172,0,0,0,0,lower
3013,4,0.709226983006,0,0,0,0,lower
3014,5,0.708159744999,0,0,0,0,lower
3015,3,0.70923073735,0,0,0,0,lower
3016,3,0.709164990797,0,0,0,0,lower
3019,3,0.709231233764,0,0,0,0,lower
3020,9,0.714495606974,0,0,0,0,lower
3021,3,0.708176633467,0,0,0,0,lower
3025,3,0.708178638747,0,0,0,0,lower
3026,4,0.709229933176,0,0,0,0,lower
3034,3,0.707765963252,0,0,0,0,lower
3036,3,0.708092472097,0,0,0,0,lower
3037,5,0.7079072074,0,0,0,0,lower
3038,4,0.707839934246,0,0,0,0,lower
3039,3,0.709218321325,0,0,0,0,lower
3040,3,0.709224440765,0,0,0,0,lower
3041,4,0.709203144832,0,0,0,0,lower
3043,3,0.707862380194,0,0,0,0,lower
3044,3,0.707842496552,0,0,0,0,lower
3045,3,0.708178699656,0,0,0,0,lower
3048,3,0.709205330194,0,0,0,0,lower
3049,4,0.70843101268,0,0,0,0,lower
3051,6,0.70854420517,21.959031857631867,6.631814180959217e-4,0.7468218280386748,39.450723722676635,lower
3057,5,0.70782392226,0,0,0,0,lower
3058,4,0.707852262909,0,0,0,0,lower
3061,5,0.709114730906,0,0,0,0,lower
3062,3,0.709211288696,0,0,0,0,lower
3063,3,0.707782306124,0,0,0,0,lower
3065,3,0.709208121645,0,0,0,0,lower
3067,5,0.709128615393,0,0,0,0,lower
3068,4,0.709146199294,0,0,0,0,lower
3070,3,0.712850786246,0,0,0,0,lower
3072,3,0.709155971346,0,0,0,0,lower
3073,3,0.707732167527,0,0,0,0,lower
3074,3,0.708748049599,0,0,0,0,lower
3075,3,0.707958455115,0,0,0,0,lower
3078,5,0.709095653113,19.78444560858682,5.975070658857005e-4,0.6728646295488355,35.54394851152853,lower
3083,6,0.708549767778,21.9472083284132,6.628243374684619e-4,0.7464197124189061,39.42948204008987,lower
3084,6,0.70787252307,22.990424132604232,6.943303410522691e-4,0.7818992517253718,41.303682084112594,lower
3085,5,0.708256646413,22.499169083928408,6.794940212208742e-4,0.7651917759193381,40.421112791972135,lower
3086,5,0.709206128609,0,0,0,0,lower
3088,5,0.707143522314,22.538772677006648,6.80690083378332e-4,0.7665386853810735,40.492263032979324,lower
3090,3,0.709126345136,0,0,0,0,lower
3092,3,0.708112905504,0,0,0,0,lower
3093,5,0.709203099042,0,0,0,0,lower
3095,9,0.714493792888,0,0,0,0,lower
3096,4,0.708642868014,0,0,0,0,lower
3098,4,0.708267192933,0,0,0,0,lower
3099,5,0.709205324982,0,0,0,0,lower
3101,3,0.707953350707,0,0,0,0,lower
3102,4,0.709141451891,0,0,0,0,lower
3107,3,0.713000450801,0,0,0,0,lower
3109,3,0.709174305412,0,0,0,0,lower
3111,3,0.707862258478,0,0,0,0,lower
3112,3,0.708794177248,0,0,0,0,lower
3115,3,0.714387588784,0,0,0,0,lower
3121,3,0.709180384405,0,0,0,0,lower
3123,4,0.709075543137,0,0,0,0,lower
3124,3,0.708412445103,0,0,0,0,lower
3125,9,0.7136809037,0.5720361242060243,1.72759769425444e-5,0.01945482235981296,1.0276973612385991,lower
3126,3,0.708247013742,0,0,0,0,lower
3127,4,0.708945455302,0,0,0,0,lower
3128,4,0.709228575166,0,0,0,0,lower
3129,3,0.709221785155,0,0,0,0,lower
3130,3,0.707957323273,0,0,0,0,lower
3132,3,0.70833678254,0,0,0,0,lower
3134,6,0.707883755094,22.979965858960046,6.940144923030549e-4,0.7815435681464364,41.28489316541947,lower
3135,6,0.708124635218,22.698612400272463,6.855173788178912e-4,0.7719747990994059,40.77942472586959,lower
3137,6,0.707879874364,22.98360638338496,6.941244392336109e-4,0.7816673815788163,41.29143358688359,lower
3139,3,0.708622767236,0,0,0,0,lower
3141,3,0.709160228549,0,0,0,0,lower
3142,3,0.707810171526,0,0,0,0,lower
3143,4,0.708556862101,0,0,0,0,lower
3146,4,0.709154505436,0,0,0,0,lower
3147,3,0.707792171231,0,0,0,0,lower
3150,3,0.709217961155,0,0,0,0,lower
3151,3,0.708182657385,0,0,0,0,lower
3154,5,0.707203538189,22.55418563801273,6.811555678952879e-4,0.7670628767838947,40.519953346028714,lower
3158,4,0.708381450678,0,0,0,0,lower
3159,3,0.707858009373,0,0,0,0,lower
3160,6,0.708156118923,22.653905592188185,6.841671952316522e-4,0.7704543304213812,40.699106251644935,lower
3161,4,0.709206479508,0,0,0,0,lower
3164,4,0.710275020762,0,0,0,0,lower
3166,4,0.708231000866,0,0,0,0,lower
3167,3,0.709176048044,0,0,0,0,lower
3168,9,0.714492296418,0.5660285053725566,1.7094541749809604e-5,0.019250504568916787,1.0169043120565189,lower
3172,3,0.709031819883,0,0,0,0,lower
3173,3,0.709161468157,0,0,0,0,lower
3174,3,0.707959388905,0,0,0,0,lower
3177,3,0.709218276624,0,0,0,0,lower
3180,3,0.70778119301,0,0,0,0,lower
3181,4,0.707640694354,0,0,0,0,lower
3183,6,0.706711094493,22.221569762133697,6.711102858593219e-4,0.7557506842396533,39.92238888553,lower
3184,3,0.707844736512,0,0,0,0,lower
3185,3,0.708047014274,0,0,0,0,lower
3188,5,0.707506175746,22.524425974323538,6.802568007686035e-4,0.7660507571885378,40.46648831724722,lower
3190,4,0.709173556653,0,0,0,0,lower
3191,6,0.708091310879,22.743959759352006,6.868869075883877e-4,0.7735170527754367,40.86089398854923,lower
3196,6,0.70861031953,21.815247534793883,6.588390093896602e-4,0.7419317549461381,39.19240652396271,lower
3197,4,0.709145841187,0,0,0,0,lower
3199,3,0.708156606982,0,0,0,0,lower
3200,3,0.70797782608,0,0,0,0,lower
3201,3,0.708120084188,0,0,0,0,lower
3202,6,0.708349869112,0,0,0,0,lower
3203,3,0.707327118945,0,0,0,0,lower
3205,6,0.708165332963,22.640480755034087,6.837617537441002e-4,0.7699977546720702,40.67498772287637,lower
3209,3,0.709226883151,0,0,0,0,lower
3210,3,0.707734570394,0,0,0,0,lower
3211,4,0.707849352212,0,0,0,0,lower
3213,6,0.708271670492,0,0,0,0,lower
3214,6,0.706727519406,22.240133864060812,6.716709375092453e-4,0.7563820452498741,39.955740413094354,lower
3217,7,0.709068370361,19.85799034367985,5.997281793677839e-4,0.6753658697611041,35.67607605905537,lower
3221,3,0.708104320987,0,0,0,0,lower
3223,3,0.709562402867,0,0,0,0,lower
3224,3,0.708570722077,0,0,0,0,lower
3226,6,0.708262343133,22.489859265685926,6.792128568004985e-4,0.7648751510551987,40.40438714260045,lower
3227,6,0.708268769621,22.47928775253744,6.788935881220483e-4,0.7645156162257093,40.38539478231538,lower
3228,6,0.708558322471,21.92892623165781,6.622722026143112e-4,0.7457979423423491,39.39663715180681,lower
3229,3,0.714386370607,0,0,0,0,lower
3232,3,0.714383625276,0,0,0,0,lower
3235,4,0.71109053677,0,0,0,0,lower
3239,3,0.713311370087,0,0,0,0,lower
3243,4,0.714381869849,0,0,0,0,lower
3248,4,0.714380583276,0,0,0,0,lower
3250,6,0.708252929846,22.50521179557135,6.796765162462693e-4,0.765397287208941,40.43196888750071,lower
3254,4,0.709161283825,0,0,0,0,lower
3255,3,0.714380331079,0,0,0,0,lower
3256,3,0.708074499909,0,0,0,0,lower
3257,3,0.707837056319,0,0,0,0,lower
3259,4,0.707670064211,0,0,0,0,lower
3260,3,0.708093133648,0,0,0,0,lower
3262,4,0.707692926396,0,0,0,0,lower
3264,3,0.708225141478,0,0,0,0,lower
3267,4,0.708852747036,0,0,0,0,lower
3273,6,0.70850997491,22.0306696359084,6.65344939862031e-4,0.7492582130704001,39.57942530739207,lower
3274,4,0.707714469715,0,0,0,0,lower
3275,4,0.707725373774,0,0,0,0,lower
3278,9,0.713682801314,0,0,0,0,lower
3279,4,0.708587534851,0,0,0,0,lower
3280,3,0.707989913952,0,0,0,0,lower
3281,3,0.709203831654,0,0,0,0,lower
3282,3,0.709326946978,0,0,0,0,lower
3285,6,0.708520397966,22.00906070984883,6.6469233193648e-4,0.7485232982632997,39.54060356982882,lower
3286,4,0.707697735115,0,0,0,0,lower
3289,3,0.707877820058,0,0,0,0,lower
3293,3,0.707801367293,0,0,0,0,lower
3295,9,0.713683690401,0,0,0,0,lower
3296,3,0.708231641479,0,0,0,0,lower
3299,3,0.708098500228,0,0,0,0,lower
3300,6,0.708550465514,21.945721688925197,6.627794396929023e-4,0.7463691521379583,39.42681120268244,lower
3599,5,0.707707046782,22.406023905104668,6.766809576859418e-4,0.7620239289407857,40.25377186639315,lower
3625,4,0.708562206567,0,0,0,0,lower
2808,3,0.709005434048,0,0,0,0,lower
2840,3,0.707934455815,0,0,0,0,lower
3297,4,0.707951529717,0,0,0,0,lower
3097,3,0.70935444084,0,0,0,0,lower
3122,3,0.707931622154,0,0,0,0,lower
3176,4,0.709375908702,0,0,0,0,lower
3288,5,0.709405578698,17.685873209623978,5.341283965279509e-4,0.6014926453272161,31.773736761744846,lower
3525,3,0.707942088974,0,0,0,0,lower
3742,3,0.709160003822,0,0,0,0,lower
3833,3,0.709219682019,0,0,0,0,lower
3834,3,0.707912271648,0,0,0,0,lower
3302,6,0.707899130047,22.9652613574005,6.935704038632787e-4,0.7810434712930644,41.258475642449135,lower
3305,6,0.708511052488,22.028443951662926,6.652777223069167e-4,0.7491825180403269,39.57542673155178,lower
3311,9,0.714507109873,0,0,0,0,lower
3312,5,0.707580541479,0,0,0,0,lower
3313,3,0.708506602992,0,0,0,0,lower
3316,3,0.709212100139,0,0,0,0,lower
3317,4,0.707725101239,0,0,0,0,lower
3321,6,0.708662237413,21.6974164669968,6.552804110350488e-4,0.7379243463307448,38.98071591156464,lower
3322,3,0.707784346905,0,0,0,0,lower
3323,3,0.708798357588,0,0,0,0,lower
3324,3,0.707868431652,0,0,0,0,lower
3325,6,0.708570898674,21.90183310063884,6.614539670397051e-4,0.744876510934714,39.347962709620944,lower
3326,5,0.708420305313,22.209074007766702,6.707329034612723e-4,0.7553257063909219,39.89993950996396,lower
3327,3,0.708195187571,0,0,0,0,lower
3328,3,0.708580075226,0,0,0,0,lower
3333,3,0.70797913258,0,0,0,0,lower
3334,3,0.708964454349,0,0,0,0,lower
3335,6,0.707919707673,22.944879582164457,6.929548569351633e-4,0.7803502916146914,41.22185855527389,lower
3336,3,0.707862294285,0,0,0,0,lower
3338,4,0.707860554454,0,0,0,0,lower
3341,9,0.713684949673,0,0,0,0,lower
3346,6,0.707930150635,22.93422951154093,6.926332157542259e-4,0.7799880850628101,41.20272506175197,lower
3347,3,0.709187503125,0,0,0,0,lower
3348,3,0.714449640463,0,0,0,0,lower
3349,3,0.709198989098,0,0,0,0,lower
3353,3,0.70945337201,0,0,0,0,lower
3355,6,0.707924238404,22.940284310392904,6.928160758236029e-4,0.7801940074357251,41.2136028726798,lower
3359,3,0.714442701507,0,0,0,0,lower
3361,5,0.707604837719,0,0,0,0,lower
3362,3,0.708206348749,0,0,0,0,lower
3363,4,0.707734067625,0,0,0,0,lower
3364,3,0.708009394497,0,0,0,0,lower
3365,3,0.709162802054,0,0,0,0,lower
3366,3,0.707869406243,0,0,0,0,lower
3367,3,0.707764581359,0,0,0,0,lower
3368,3,0.707846802119,0,0,0,0,lower
3370,6,0.708780433085,20.5721819136604,6.21297371545409e-4,0.6996553674639507,36.95916424322661,lower
3371,6,0.708721750867,20.703078888157822,6.25250571382928e-4,0.7041071446831236,37.194328544208176,lower
3373,4,0.707763993884,0,0,0,0,lower
3375,4,0.708424897785,0,0,0,0,lower
3376,5,0.709219516788,19.03885306451491,5.749895376128178e-4,0.6475071916460226,34.20444658555242,lower
3377,3,0.708096535451,0,0,0,0,lower
3380,4,0.71437197193,0,0,0,0,lower
3384,3,0.708565357096,0,0,0,0,lower
3385,9,0.713687334607,0.572120812947377,1.727853461448327e-5,0.019457702605219104,1.027849509664777,lower
3386,6,0.708499779342,22.051632750935546,6.659780437457333e-4,0.749971163986791,39.61708680652665,lower
3389,3,0.707923955376,0,0,0,0,lower
3390,3,0.709177561628,0,0,0,0,lower
3391,3,0.709203383061,0,0,0,0,lower
3392,6,0.708493001291,22.065473507684853,6.663960463584185e-4,0.7504418850697592,39.64195255990639,lower
3394,5,0.708753059246,20.633885836277063,6.231608824309664e-4,0.70175390425667,37.07001905775293,lower
3398,3,0.709220751209,0,0,0,0,lower
3399,3,0.707838941029,0,0,0,0,lower
3400,4,0.708401782068,0,0,0,0,lower
3404,4,0.70767644552,0,0,0,0,lower
3405,5,0.708537278784,21.973683233115167,6.636239020830605e-4,0.7473201180859166,39.47704580145025,lower
3408,3,0.714404279105,0,0,0,0,lower
3412,4,0.709204357598,0,0,0,0,lower
3413,4,0.709220134748,0,0,0,0,lower
3416,3,0.709215912643,0,0,0,0,lower
3417,3,0.708159404089,0,0,0,0,lower
3421,3,0.714400697118,0,0,0,0,lower
3426,3,0.707823976597,0,0,0,0,lower
3430,3,0.708074178007,0,0,0,0,lower
3435,4,0.708706221399,0,0,0,0,lower
3436,3,0.713140021009,0,0,0,0,lower
3446,9,0.71368934206,0.5721468178755148,1.7279319985406348e-5,0.01945858702708687,1.0278962290849245,lower
3447,4,0.708429457476,0,0,0,0,lower
3448,4,0.70718882028,0,0,0,0,lower
3451,3,0.708130890871,0,0,0,0,lower
3452,3,0.707787221766,0,0,0,0,lower
3454,3,0.708585825488,0,0,0,0,lower
3456,7,0.709078356005,19.831185121507456,5.989186388849466e-4,0.6744542300698118,35.627918862458344,lower
3457,3,0.708135992651,0,0,0,0,lower
3458,3,0.709217106358,0,0,0,0,lower
3459,5,0.708761685274,20.614562587480517,6.225773039006288e-4,0.7010967248289318,37.03530367710047,lower
3460,3,0.706515545649,0,0,0,0,lower
3462,9,0.713701120594,0,0,0,0,lower
3465,5,0.708759586255,20.61927488529421,6.227196192980851e-4,0.7012569890377686,37.04376960402987,lower
3466,4,0.708154310991,0,0,0,0,lower
3470,3,0.707814745552,0,0,0,0,lower
3473,4,0.708580260556,0,0,0,0,lower
3477,5,0.708714107525,0,0,0,0,lower
3478,4,0.714373521202,0,0,0,0,lower
3481,6,0.706767377845,0,0,0,0,lower
3482,3,0.707986765013,0,0,0,0,lower
3485,4,0.707802607336,0,0,0,0,lower
3488,3,0.709168305526,0,0,0,0,lower
3494,6,0.708490570498,22.07041854089287,6.665453905625111e-4,0.7506100645580018,39.65083660999356,lower
3495,6,0.707949643352,22.91379942727701,6.920162098524262e-4,0.7792932624050588,41.16602118449761,lower
3498,3,0.707832725624,0,0,0,0,lower
3499,3,0.707911789094,0,0,0,0,lower
3500,4,0.70739337023,0,0,0,0,lower
3504,9,0.714501163166,0,0,0,0,lower
3510,3,0.70753999415,0,0,0,0,lower
3512,3,0.708590220269,0,0,0,0,lower
3513,6,0.708484212738,22.083305721568294,6.66934594367624e-4,0.7510483547291116,39.6739892065054,lower
3515,3,0.70779463372,0,0,0,0,lower
3518,5,0.707644893304,22.451002347047073,6.780393448454714e-4,0.7635536358263871,40.33457834720936,lower
3520,3,0.708551352944,0,0,0,0,lower
3521,3,0.714438286168,0,0,0,0,lower
3528,3,0.714451293381,0,0,0,0,lower
3537,3,0.708073056774,0,0,0,0,lower
3538,5,0.707637512827,22.455848588139762,6.781857054437492e-4,0.7637184554165869,40.343284911309304,lower
3539,7,0.709064415709,19.868570000003107,6.000476939770304e-4,0.6757256815381706,35.69508304904452,lower
3540,6,0.707972949327,0,0,0,0,lower
3541,4,0.71153606765,0,0,0,0,lower
3545,3,0.70803813985,0,0,0,0,lower
3546,4,0.709150523363,0,0,0,0,lower
3548,3,0.70920482305699994,0,0,0,0,lower
3551,6,0.70847528606,22.101286114275087,6.67477617503185e-4,0.7516598639175495,39.70629206528806,lower
3552,3,0.70921640334,0,0,0,0,lower
3553,3,0.707899094761,0,0,0,0,lower
3554,6,0.706829538772,22.34406192031254,6.748096531034403e-4,0.7599166155104226,40.14245342762084,lower
3557,3,0.709218805645,0,0,0,0,lower
3559,4,0.709205493199,0,0,0,0,lower
3561,3,0.709191601241,0,0,0,0,lower
3564,3,0.707840700273,0,0,0,0,lower
3565,5,0.711534498695,1.4204776506792884,4.2899631862579115e-5,0.048310131459629535,2.551973680556826,lower
3567,4,0.707546911693,0,0,0,0,lower
3574,3,0.706912177072,0,0,0,0,lower
3577,3,0.710079130293,0,0,0,0,lower
3578,3,0.709015998892,0,0,0,0,lower
3582,6,0.708452941639,22.14570699126816,6.688191657275476e-4,0.7531706081422552,39.78609684708055,lower
3586,3,0.707909950347,0,0,0,0,lower
3587,6,0.70798078093,22.87968094191285,6.909858026079818e-4,0.7781329002463456,41.10472526996621,lower
3591,3,0.70932248189,0,0,0,0,lower
3594,4,0.709012106937,0,0,0,0,lower
3596,4,0.70921800705,0,0,0,0,lower
3597,4,0.707781080091,0,0,0,0,lower
3603,6,0.706834795914,22.348883270516005,6.749552619757167e-4,0.7600805885669721,40.15111527373867,lower
3607,3,0.714316108575,0,0,0,0,lower
3608,4,0.710744065903,0,0,0,0,lower
3609,3,0.709221878138,0,0,0,0,lower
3615,3,0.709189910423,0,0,0,0,lower
3616,4,0.708701127332,0,0,0,0,lower
3617,4,0.71436587656,0,0,0,0,lower
3623,5,0.707767282542,23.076704314825967,6.969360758574443e-4,0.7848336216843075,41.458689629692934,lower
3624,3,0.713910515318,0,0,0,0,lower
3627,3,0.708606767338,0,0,0,0,lower
3632,3,0.709217050884,0,0,0,0,lower
3633,3,0.714428126667,0,0,0,0,lower
3634,3,0.707849732076,0,0,0,0,lower
3635,6,0.708376031647,22.292135258397852,6.73241423797666e-4,0.7581506011967453,40.04916405100722,lower
3639,4,0.709218304426,0,0,0,0,lower
3641,4,0.709179777828,0,0,0,0,lower
3643,4,0.708685676852,0,0,0,0,lower
3645,4,0.709219085679,0,0,0,0,lower
3649,3,0.709209888557,0,0,0,0,lower
3650,3,0.70919234341,0,0,0,0,lower
3659,3,0.707858792293,0,0,0,0,lower
3660,4,0.709206108089,0,0,0,0,lower
3662,4,0.708724254708,0,0,0,0,lower
3663,7,0.709058249745,19.88502443752621,6.005446319696199e-4,0.6762852933275255,35.72464443740375,lower
3665,4,0.709003013427,0,0,0,0,lower
3677,3,0.709087551348,0,0,0,0,lower
3679,3,0.714371939447,0,0,0,0,lower
3680,4,0.708403985835,0,0,0,0,lower
3682,3,0.709219918217,0,0,0,0,lower
3686,3,0.708019661876,0,0,0,0,lower
3689,3,0.708279391187,0,0,0,0,lower
3690,5,0.70838071582,22.28350639671851,6.729808248440254e-4,0.7578571355150596,40.03366178112757,lower
3692,3,0.70776121386,0,0,0,0,lower
3694,7,0.709053287635,19.898229897510944,6.009434480802784e-4,0.676734408107714,35.74836884187049,lower
3697,3,0.709215241313,0,0,0,0,lower
3699,4,0.709219493273,0,0,0,0,lower
3700,4,0.708118556214,0,0,0,0,lower
3701,3,0.709223221389,0,0,0,0,lower
3702,3,0.70922147498,0,0,0,0,lower
3704,3,0.708233430652,0,0,0,0,lower
3706,3,0.708747445261,0,0,0,0,lower
3707,5,0.707298122597,22.564161307433732,6.814568415869501e-4,0.7674021470996902,40.53787523715889,lower
3708,3,0.708541387987,0,0,0,0,lower
3709,4,0.709182542829,0,0,0,0,lower
3710,3,0.707884024743,0,0,0,0,lower
3711,4,0.708111143028,0,0,0,0,lower
3715,3,0.708116313459,0,0,0,0,lower
3716,5,0.708282073415,22.457170872571574,6.782256395569787e-4,0.7637634260183399,40.345660474956205,lower
3718,9,0.714488372613,0.5661376895208144,1.7097839203847865e-5,0.019254217897706667,1.0171004679570042,lower
3719,3,0.708110031631,0,0,0,0,lower
3723,5,0.707527949405,0,0,0,0,lower
3727,5,0.707407283578,0,0,0,0,lower
3728,5,0.707307654298,22.564194119425476,6.814578325369773e-4,0.7674032630282893,40.537934185878925,lower
3730,4,0.714364087519,0,0,0,0,lower
3733,3,0.708174698039,0,0,0,0,lower
3735,3,0.709223184872,0,0,0,0,lower
3736,4,0.709219790014,0,0,0,0,lower
3745,3,0.709216485983,0,0,0,0,lower
3747,5,0.707314536426,22.56410708736463,6.814552040947988e-4,0.7674003030871042,40.53777782753809,lower
3750,3,0.708243834312,0,0,0,0,lower
3751,3,0.714370970486,0,0,0,0,lower
3752,3,0.709211399549,0,0,0,0,lower
3754,4,0.708800131477,0,0,0,0,lower
3755,3,0.709222088183,0,0,0,0,lower
3758,3,0.714357936775,0,0,0,0,lower
3759,4,0.714358948164,0,0,0,0,lower
3766,5,0.708336702249,22.363089228183128,6.753842939663879e-4,0.7605637300525706,40.17663713256992,lower
3768,4,0.709218531336,0,0,0,0,lower
3770,5,0.707323801338,22.56384328762767,6.814472371186232e-4,0.7673913313162598,40.53730389541721,lower
3774,4,0.708778207602,0,0,0,0,lower
3776,3,0.708200418689,0,0,0,0,lower
3777,3,0.708124829468,0,0,0,0,lower
3778,6,0.707092001301,22.51992822666942,6.801209649682443e-4,0.7658977897832859,40.45840784260575,lower
3780,4,0.709219513866,0,0,0,0,lower
3781,5,0.708744788108,20.65230918577415,6.237172832379222e-4,0.7023804783078037,37.103117715096666,lower
3785,3,0.707599131151,0,0,0,0,lower
3791,3,0.709086979468,0,0,0,0,lower
3792,4,0.709212477095,0,0,0,0,lower
3793,5,0.707334270828,0,0,0,0,lower
3794,7,0.709035749952,19.944641011503016,6.023451031528802e-4,0.6783128398535938,35.83174920433974,lower
3795,3,0.709244052785,0,0,0,0,lower
3796,3,0.708868033679,0,0,0,0,lower
3800,6,0.70711434251,22.528735742423372,6.803869594267193e-4,0.7661973314506276,40.47423107529401,lower
3314,6,0.709379636337,17.757232940481504,5.362835210257821e-4,0.6039195740275743,31.9019388175202,lower
3320,3,0.707927185712,0,0,0,0,lower
3337,4,0.707932503057,0,0,0,0,lower
3339,4,0.70793673842,0,0,0,0,lower
3378,3,0.707933197583,0,0,0,0,lower
3397,3,0.707929824449,0,0,0,0,lower
3402,3,0.707941165418,0,0,0,0,lower
3410,3,0.707924158362,0,0,0,0,lower
3464,4,0.707936718071,0,0,0,0,lower
3472,3,0.707926565008,0,0,0,0,lower
3529,3,0.707984995404,0,0,0,0,lower
3549,4,0.707955825699,0,0,0,0,lower
3555,3,0.707936479887,0,0,0,0,lower
3568,6,0.709371304827,0,0,0,0,lower
3581,4,0.707943195738,0,0,0,0,lower
3705,6,0.709365838671,0,0,0,0,lower
3714,3,0.707952854743,0,0,0,0,lower
3786,3,0.707996859914,0,0,0,0,lower
3790,3,0.707951874456,0,0,0,0,lower
3806,6,0.707146972741,22.539849588821603,6.807226070300684e-4,0.7665753109142708,40.49419776993681,lower
3812,4,0.709219558954,0,0,0,0,lower
3813,4,0.714441258967,0,0,0,0,lower
3815,5,0.711884061739,1.4177501153735435,4.281725797908106e-5,0.04821736858573405,2.5470734990511734,lower
3819,3,0.708960550028,0,0,0,0,lower
3821,3,0.709197550187,0,0,0,0,lower
3824,3,0.70919126293800006,0,0,0,0,lower
3825,5,0.708090296334,0,0,0,0,lower
3827,7,0.709018348164,19.990287446144947,6.0372366425945e-4,0.6798652650235079,35.91375577428594,lower
3830,3,0.707050634706,0,0,0,0,lower
3832,6,0.70716379918,0,0,0,0,lower
3835,5,0.708202213804,0,0,0,0,lower
3840,9,0.714480687863,0.5663493255654604,1.710423079219832e-5,0.01926141559288586,1.017480684861885,lower
3842,3,0.708805927978,0,0,0,0,lower
3843,4,0.709349403198,0,0,0,0,lower
3844,6,0.708042373243,22.80684874144783,6.887862082770209e-4,0.7756558931795492,40.97387783382747,lower
3846,6,0.708013776917,22.841543284249916,6.898340129454986e-4,0.7768358469246144,41.036208670252485,lower
3856,3,0.709222018154,0,0,0,0,lower
3859,3,0.708282589617,0,0,0,0,lower
3861,5,0.708253150893,22.50485308493121,6.79665682880183e-4,0.7653850875392222,40.43132444222406,lower
3864,3,0.709186945258,0,0,0,0,lower
3866,6,0.707203160302,22.55411063570001,6.811533027617231e-4,0.767060325971789,40.51981859985516,lower
3874,3,0.707946508983,0,0,0,0,lower
3875,9,0.714484385318,0,0,0,0,lower
3877,6,0.707130345063,22.534445949828566,6.805594125416449e-4,0.7663915343444745,40.48448980692672,lower
3878,3,0.714431524844,0,0,0,0,lower
3881,6,0.707292541414,22.564059419484213,6.814537644843125e-4,0.7673986819130096,40.53769218931903,lower
3883,3,0.708900571548,0,0,0,0,lower
3886,3,0.7029110544,0,0,0,0,lower
3895,5,0.708131680619,22.68876483100892,6.852199738598159e-4,0.7716398854416993,40.76173297439007,lower
3896,3,0.708060647728,0,0,0,0,lower
3897,3,0.708681839887,0,0,0,0,lower
3900,4,0.708201206399,0,0,0,0,lower
3902,9,0.713725269962,0.5725775021790614,1.729232701727503e-5,0.019473234505216486,1.0286699793841665,lower
3908,3,0.708433662436,0,0,0,0,lower
3914,4,0.707820745352,0,0,0,0,lower
3915,3,0.708060551794,0,0,0,0,lower
3916,3,0.709100975834,0,0,0,0,lower
3917,5,0.708203852878,22.582694834981808,6.82016569864651e-4,0.7680324682820264,40.57117183600925,lower
3920,4,0.707878437497,0,0,0,0,lower
3921,4,0.71017980962,0,0,0,0,lower
3924,3,0.707926053069,0,0,0,0,lower
3928,5,0.708703420411,0,0,0,0,lower
3931,4,0.708487471333,0,0,0,0,lower
3932,3,0.709077944803,0,0,0,0,lower
3940,6,0.708058275266,22.786898729685095,6.881837009726179e-4,0.7749773976816313,40.938036435744976,lower
3942,3,0.707648114353,0,0,0,0,lower
3943,4,0.709177411723,0,0,0,0,lower
3949,4,0.704691100331,0,0,0,0,lower
3951,3,0.707838386502,0,0,0,0,lower
3955,6,0.707149210145,22.54053547285808,6.807433213106846e-4,0.7665986376790054,40.49543000193156,lower
3956,3,0.707852962081,0,0,0,0,lower
3957,3,0.708149698138,0,0,0,0,lower
3958,4,0.709216819709,0,0,0,0,lower
3959,3,0.706288685505,0,0,0,0,lower
3963,4,0.708585370476,0,0,0,0,lower
3969,5,0.708161396425,22.64623512266311,6.839355405353031e-4,0.7701934594453852,40.68532579101175,lower
3974,3,0.708115576459,0,0,0,0,lower
3978,5,0.708111492347,22.716740100516912,6.860648507662392e-4,0.7725913181846948,40.811992231518644,lower
3981,5,0.707737865516,23.09701615679581,6.975495107415064e-4,0.7855244229477283,41.4951810775421,lower
3982,3,0.707834929299,0,0,0,0,lower
3987,6,0.707182422128,22.549566027956963,6.810160517468668e-4,0.7669057648652527,40.5116539382407,lower
3991,3,0.709186619492,0,0,0,0,lower
3993,3,0.709701241006,0,0,0,0,lower
4002,4,0.709177089222,0,0,0,0,lower
4004,3,0.70815274832,0,0,0,0,lower
4005,3,0.709079810133,0,0,0,0,lower
4013,3,0.709082019369,0,0,0,0,lower
4017,3,0.714446851496,0,0,0,0,lower
4019,3,0.708135685477,0,0,0,0,lower
4021,3,0.707893557588,0,0,0,0,lower
4023,3,0.709187964016,0,0,0,0,lower
4025,6,0.707219813867,22.557150668201405,6.812451143260218e-4,0.7671637168063535,40.52528020140017,lower
4026,3,0.709168230569,0,0,0,0,lower
4036,6,0.707130984773,22.534663828307913,6.805659926568268e-4,0.7663989443434804,40.484881238741636,lower
4037,3,0.70916802328,0,0,0,0,lower
4041,3,0.707888907045,0,0,0,0,lower
4042,5,0.708050613689,22.79656910398631,6.884757544922893e-4,0.7753062849777687,40.955409845799,lower
4047,6,0.707243379129,22.560524314091914,6.813470012981036e-4,0.7672784537586673,40.5313411594983,lower
4048,3,0.70793579946,0,0,0,0,lower
4052,3,0.708623199148,0,0,0,0,lower
4054,4,0.709217167339,0,0,0,0,lower
4055,3,0.707910948727,0,0,0,0,lower
4056,4,0.708255137205,0,0,0,0,lower
4060,5,0.708328807372,0,0,0,0,lower
4061,4,0.709079099996,0,0,0,0,lower
4062,3,0.708405571782,0,0,0,0,lower
4063,3,0.709084595308,0,0,0,0,lower
4064,4,0.708140090473,0,0,0,0,lower
4066,3,0.708059852311,0,0,0,0,lower
4071,5,0.708498272647,22.05471602453826,6.660711612280286e-4,0.7500760254416698,39.62262609331538,lower
4072,7,0.709004229352,20.02702355772225,6.048331260394191e-4,0.6811146520721295,35.97975441201632,lower
4073,3,0.708637569389,0,0,0,0,lower
4074,4,0.708098943656,0,0,0,0,lower
4075,5,0.708363410768,0,0,0,0,lower
4078,3,0.709078311242,0,0,0,0,lower
4079,3,0.708620422119,0,0,0,0,lower
4082,3,0.708144768818,0,0,0,0,lower
4083,9,0.714473467301,0,0,0,0,lower
4084,9,0.713743065259,0,0,0,0,lower
4093,5,0.707783128574,0,0,0,0,lower
4097,3,0.70922160978,0,0,0,0,lower
4098,4,0.708142296471,0,0,0,0,lower
4099,4,0.708055992162,0,0,0,0,lower
4100,3,0.708104604539,0,0,0,0,lower
4110,5,0.707919664965,22.944922713866976,6.929561595492233e-4,0.7803517585143767,41.22193604397607,lower
4111,3,0.714394804131,0,0,0,0,lower
4112,6,0.707264851807,22.562650998314755,6.814112289684257e-4,0.767350781819816,40.53516187583337,lower
4113,3,0.708143837116,0,0,0,0,lower
4114,4,0.709074236515,0,0,0,0,lower
4115,3,0.709176490063,0,0,0,0,lower
4116,4,0.705689516046,0,0,0,0,lower
4124,3,0.709837268842,0,0,0,0,lower
4125,4,0.707860847627,0,0,0,0,lower
4126,3,0.708059585873,0,0,0,0,lower
4128,5,0.708382778721,22.27969428334771,6.728656957815248e-4,0.7577274863804925,40.02681308978425,lower
4131,3,0.707826118631,0,0,0,0,lower
4134,3,0.709199074673,0,0,0,0,lower
4135,3,0.70906167839,0,0,0,0,lower
4140,3,0.707963754587,0,0,0,0,lower
4141,5,0.708224611971,0,0,0,0,lower
4144,3,0.708145998324,0,0,0,0,lower
4145,3,0.708777668766,0,0,0,0,lower
4147,3,0.708145127634,0,0,0,0,lower
4148,3,0.708853861064,0,0,0,0,lower
4149,4,0.709364894359,0,0,0,0,lower
4153,4,0.708787872664,0,0,0,0,lower
4154,6,0.708099468433,22.73304731738308,6.865573425699133e-4,0.7731459230319928,40.841289129097916,lower
4159,3,0.712753289033,0,0,0,0,lower
4162,3,0.708245708115,0,0,0,0,lower
4170,3,0.714385378206,0,0,0,0,lower
4173,6,0.706986297074,22.465093779072333,6.784649180644595e-4,0.7640328823201769,40.35989445382506,lower
4174,4,0.709167592192,0,0,0,0,lower
4180,4,0.707802469389,0,0,0,0,lower
4181,7,0.708999981996,20.038022200071072,6.051652943826007e-4,0.6814887134714729,35.99951413564353,lower
4184,3,0.706852508201,0,0,0,0,lower
4189,4,0.709258884378,0,0,0,0,lower
4193,3,0.714201601773,0,0,0,0,lower
4196,5,0.712283845304,1.4000916750571712,4.22839580792358e-5,0.047616808927053035,2.515349047134936,lower
4197,4,0.713144999697,0,0,0,0,lower
4200,4,0.706521734655,0,0,0,0,lower
4206,3,0.71445601812,0,0,0,0,lower
4209,5,0.708346058336,22.346453050878466,6.748818672779925e-4,0.7599979373333473,40.146749237743656,lower
4212,7,0.70897241464,20.10881227250726,6.07303214712136e-4,0.6838962682146211,36.126692765744096,lower
4213,4,0.708415015118,0,0,0,0,lower
4219,3,0.707880674516,0,0,0,0,lower
4221,3,0.714344574339,0,0,0,0,lower
4224,5,0.714352582592,0.569445416571368,1.719773537095953e-5,0.01936671296481906,1.0230429988876681,lower
4226,3,0.709156532648,0,0,0,0,lower
4229,3,0.707945914972,0,0,0,0,lower
4230,4,0.709157714375,0,0,0,0,lower
4231,3,0.709184506068,0,0,0,0,lower
4235,3,0.708372602115,0,0,0,0,lower
4241,4,0.709052602745,0,0,0,0,lower
4247,4,0.709187557837,0,0,0,0,lower
4248,4,0.709186826831,0,0,0,0,lower
4249,9,0.71375424238,0.5728768251019035,1.7301366823844194e-5,0.019483414411774307,1.0292077310486967,lower
4251,5,0.708170683264,0,0,0,0,lower
4253,6,0.713239141405,0,0,0,0,lower
4258,5,0.7085329734,21.982750692506496,6.638977470602277e-4,0.7476285003790067,39.49333603854418,lower
4260,3,0.706269418286,0,0,0,0,lower
4263,6,0.706931118744,22.427874704391325,6.773408703884418e-4,0.762767069802968,40.293028143781264,lower
4266,3,0.708146477453,0,0,0,0,lower
4267,3,0.708170757142,0,0,0,0,lower
4272,4,0.708173600975,0,0,0,0,lower
4274,7,0.708961833927,20.135706209560265,6.081154344597382e-4,0.6848109250794273,36.17500934396903,lower
4281,9,0.713860087458,0,0,0,0,lower
4286,3,0.708001275057,0,0,0,0,lower
4288,3,0.709058295292,0,0,0,0,lower
4291,3,0.714472728102,0,0,0,0,lower
4292,4,0.70635042399,0,0,0,0,lower
4293,4,0.707722776664,0,0,0,0,lower
4298,5,0.708101717935,22.73001663698539,6.864658134470918e-4,0.7730428502604116,40.83584432917066,lower
4299,6,0.707363579201,22.560798736498302,6.813552890879208e-4,0.7672877868041551,40.53183417588482,lower
4302,5,0.706726851866,22.239389237826636,6.716484491643523e-4,0.7563567206759576,39.95440264720232,lower
4304,3,0.709137168862,0,0,0,0,lower
4305,3,0.709243655971,0,0,0,0,lower
3870,4,0.707968811473,0,0,0,0,lower
3876,3,0.707977493129,0,0,0,0,lower
3882,4,0.707977287763,0,0,0,0,lower
3936,3,0.707953099668,0,0,0,0,lower
3941,5,0.707984820398,0,0,0,0,lower
3953,5,0.70797987736,22.88069665706827,6.910164780686087e-4,0.7781674444946557,41.106550063437865,lower
3954,5,0.707992638409,0,0,0,0,lower
3964,6,0.709374401991,17.77154364997301,5.36715716610545e-4,0.6044062780996058,31.927648869315064,lower
3972,3,0.707969155366,0,0,0,0,lower
4014,6,0.709404870761,0,0,0,0,lower
4016,3,0.707960972243,0,0,0,0,lower
4032,3,0.707991585115,0,0,0,0,lower
4050,5,0.707979753975,22.880835237046266,6.910206633016793e-4,0.7781721575691286,41.10679903071752,lower
4070,4,0.707976913374,0,0,0,0,lower
4102,3,0.707960935864,0,0,0,0,lower
4136,3,0.70797981807,0,0,0,0,lower
4143,4,0.707998604132,0,0,0,0,lower
4156,4,0.708000444607,0,0,0,0,lower
4157,3,0.707992940549,0,0,0,0,lower
4185,3,0.708058649793,0,0,0,0,lower
4211,3,0.708005191619,0,0,0,0,lower
4246,3,0.70806308488,0,0,0,0,lower
4255,3,0.707967985623,0,0,0,0,lower
4269,9,0.713881577911,0,0,0,0,lower
4282,4,0.70798154871,0,0,0,0,lower
4303,4,0.708063718897,0,0,0,0,lower
4309,5,0.708794417224,20.540229543128703,6.203323828091968e-4,0.6985686743927187,36.90175988449607,lower
4313,3,0.709160943523,0,0,0,0,lower
4316,4,0.70915351069,0,0,0,0,lower
4318,3,0.703791703125,0,0,0,0,lower
4320,3,0.709065405906,0,0,0,0,lower
4322,5,0.707354237201,22.561792400236392,6.813852985770099e-4,0.7673215810886275,40.533619352656665,lower
4323,4,0.706425729652,0,0,0,0,lower
4324,5,0.708452834208,0,0,0,0,lower
4325,3,0.709152753448,0,0,0,0,lower
4327,3,0.71450093482,0,0,0,0,lower
4328,3,0.708139822798,0,0,0,0,lower
4337,7,0.708963249635,20.132116707452383,6.080070284465042e-4,0.6846888469047911,36.16856058717146,lower
4342,4,0.714369783574,0,0,0,0,lower
4344,4,0.709673825469,0,0,0,0,lower
4346,6,0.706932827514,22.42911537727894,6.77378339763701e-4,0.7628092648141112,40.29525708737208,lower
4347,3,0.707876875006,0,0,0,0,lower
4348,6,0.706932537981,22.42890555378414,6.773720029158958e-4,0.7628021287633524,40.29488012682219,lower
4350,3,0.709186614547,0,0,0,0,lower
4352,3,0.714398607732,0,0,0,0,lower
4353,4,0.707740204583,0,0,0,0,lower
4358,3,0.709182862521,0,0,0,0,lower
4361,3,0.706666256333,0,0,0,0,lower
4362,3,0.709071946998,0,0,0,0,lower
4363,3,0.708474332023,0,0,0,0,lower
4370,3,0.714461042492,0,0,0,0,lower
4372,3,0.708465044921,0,0,0,0,lower
4373,5,0.708126043139,22.6966517534804,6.85458165619041e-4,0.7719081179346405,40.77590230578236,lower
4374,4,0.708424716686,0,0,0,0,lower
4375,3,0.710521879131,0,0,0,0,lower
4377,3,0.708146519421,0,0,0,0,lower
4378,3,0.708113247279,0,0,0,0,lower
4383,5,0.708134986795,22.6841124601065,6.850794683059928e-4,0.7714816593338916,40.753374709767265,lower
4384,7,0.708958088376,0,0,0,0,lower
4385,4,0.708177453173,0,0,0,0,lower
4387,3,0.708174762547,0,0,0,0,lower
4388,3,0.707981828418,0,0,0,0,lower
4390,3,0.709222268374,0,0,0,0,lower
4391,3,0.708609996135,0,0,0,0,lower
4393,3,0.70792737699,0,0,0,0,lower
4395,6,0.707427594198,22.549390324563127,6.810107453550985e-4,0.7668997892315988,40.51133827650787,lower
4397,4,0.708172737383,0,0,0,0,lower
4399,4,0.70737908059,0,0,0,0,lower
4401,3,0.709056582384,0,0,0,0,lower
4404,4,0.714388123758,0,0,0,0,lower
4469,3,0.708556993472,0,0,0,0,lower
4470,5,0.708880177459,20.33801299032718,6.142252711150729e-4,0.6916913340526697,36.5384656642205,lower
4573,4,0.708142068127,0,0,0,0,lower
4576,6,0.706908805546,22.411158579713522,6.768360292214555e-4,0.762198558091225,40.26299661868246,lower
4603,4,0.709021961156,0,0,0,0,lower
4604,5,0.708169542576,0,0,0,0,lower
4641,3,0.708205200293,0,0,0,0,lower
4405,3,0.707989003091,0,0,0,0,lower
4406,9,0.714450541669,0,0,0,0,lower
4407,4,0.714382370645,0,0,0,0,lower
4408,4,0.708464958178,0,0,0,0,lower
4412,4,0.714366296994,0,0,0,0,lower
4413,5,0.708140497835,22.67631316503179,6.848439229685968e-4,0.7712164070293787,40.739362806272666,lower
4414,3,0.708184404116,0,0,0,0,lower
4419,3,0.708150456357,0,0,0,0,lower
4423,3,0.704525413049,0,0,0,0,lower
4427,6,0.713375731764,0.5656190019423696,1.7082174398311266e-5,0.0192365774476164,1.0161686144723752,lower
4434,3,0.709250490412,0,0,0,0,lower
4435,4,0.707994553886,0,0,0,0,lower
4437,4,0.709055862584,0,0,0,0,lower
4438,3,0.708139298225,0,0,0,0,lower
4439,4,0.706318473581,0,0,0,0,lower
4442,3,0.708100603686,0,0,0,0,lower
4444,7,0.708956278446,20.149765316861664,6.085400314446032e-4,0.6852890722164914,36.20026737727081,lower
4451,3,0.707999848523,0,0,0,0,lower
4456,3,0.708175686255,0,0,0,0,lower
4459,4,0.707039021151,0,0,0,0,lower
4460,3,0.708340819948,0,0,0,0,lower
4463,3,0.708169922369,0,0,0,0,lower
4467,3,0.708195973783,0,0,0,0,lower
4473,3,0.708840042371,0,0,0,0,lower
4474,4,0.708169074863,0,0,0,0,lower
4476,3,0.706059651949,0,0,0,0,lower
4477,4,0.708477487125,0,0,0,0,lower
4478,4,0.70809740667,0,0,0,0,lower
4479,3,0.707196108081,0,0,0,0,lower
4480,6,0.706936927308,22.4320691636326,6.774675466210649e-4,0.7629097224362222,40.30056374251651,lower
4483,6,0.70744983825,22.54354820837765,6.808343084829411e-4,0.7667011001492413,40.50084256280413,lower
4487,5,0.707539300892,22.510291669699523,6.798299327607092e-4,0.7655700526071246,40.44109518742486,lower
4488,3,0.708172398063,0,0,0,0,lower
4489,3,0.709153290615,0,0,0,0,lower
4490,4,0.707776075348,0,0,0,0,lower
4492,4,0.708462168989,0,0,0,0,lower
4496,3,0.708868700811,0,0,0,0,lower
4497,6,0.706928377078,22.425872345701496,6.772803974548413e-4,0.7626989700257637,40.28943078575663,lower
4500,3,0.708095455065,0,0,0,0,lower
4501,4,0.709055641243,0,0,0,0,lower
4504,4,0.708165902472,0,0,0,0,lower
4505,3,0.709055334835,0,0,0,0,lower
4507,3,0.708167478519,0,0,0,0,lower
4510,3,0.708197550994,0,0,0,0,lower
4511,3,0.70805906867,0,0,0,0,lower
4512,4,0.706855671663,0,0,0,0,lower
4514,3,0.707351881224,0,0,0,0,lower
4520,4,0.706895662247,0,0,0,0,lower
4522,5,0.708210378463,22.57264068300563,6.817129259331453e-4,0.7676905287918473,40.55310894624027,lower
4523,4,0.7139391837,0,0,0,0,lower
4526,7,0.708959608285,20.14134369715738,6.082856913746784e-4,0.6850026547886477,36.1851374300853,lower
4527,4,0.708461113667,0,0,0,0,lower
4529,3,0.714330010846,0,0,0,0,lower
4530,4,0.709727667341,0,0,0,0,lower
4532,6,0.706916830128,22.417280448537564,6.770209148609705e-4,0.7624067614990905,40.273994924855955,lower
4534,3,0.708908975165,0,0,0,0,lower
4535,3,0.707932511207,0,0,0,0,lower
4536,5,0.707955773513,0,0,0,0,lower
4538,6,0.707472739129,22.536522895247366,6.806221380578278e-4,0.766462170799873,40.48822116450365,lower
4540,3,0.709230547431,0,0,0,0,lower
4542,3,0.71450640405,0,0,0,0,lower
4545,4,0.707803295148,0,0,0,0,lower
4546,3,0.708050488011,0,0,0,0,lower
4547,4,0.707937398679,0,0,0,0,lower
4548,3,0.709138641627,0,0,0,0,lower
4549,5,0.708155407695,22.654935445676518,6.841982976819448e-4,0.770489355511274,40.70095644548346,lower
4554,5,0.708166481929,22.638795920102446,6.837108702977593e-4,0.7699404538078175,40.67196081541353,lower
4558,3,0.707775108175,0,0,0,0,lower
4560,3,0.707994974892,0,0,0,0,lower
4563,4,0.706279419708,0,0,0,0,lower
4565,3,0.709223981524,0,0,0,0,lower
4566,3,0.708187657402,0,0,0,0,lower
4571,4,0.708173270532,0,0,0,0,lower
4572,3,0.708169182858,0,0,0,0,lower
4581,3,0.708269338638,0,0,0,0,lower
4582,7,0.708962255603,20.134637346542075,6.080831538885021e-4,0.684774573284032,36.17308906715986,lower
4584,3,0.708421397029,0,0,0,0,lower
4585,3,0.709051159061,0,0,0,0,lower
4587,3,0.708437799676,0,0,0,0,lower
4589,7,0.708966379852,20.124170297867813,6.077670401259247e-4,0.68441859126826,36.15428438359652,lower
4591,3,0.708260196064,0,0,0,0,lower
4592,4,0.706614575124,0,0,0,0,lower
4593,3,0.708716332472,0,0,0,0,lower
4594,3,0.709050723613,0,0,0,0,lower
4600,3,0.708000364658,0,0,0,0,lower
4602,3,0.709052037491,0,0,0,0,lower
4607,5,0.708194740857,0,0,0,0,lower
4611,6,0.706880675084,22.388722514422593,6.761584409883952e-4,0.7614355124613813,40.222688875656495,lower
4615,3,0.708029219755,0,0,0,0,lower
4618,3,0.709209460707,0,0,0,0,lower
4629,3,0.708182338015,0,0,0,0,lower
4630,4,0.708236426846,0,0,0,0,lower
4631,4,0.709029109839,0,0,0,0,lower
4632,4,0.709128459244,0,0,0,0,lower
4638,5,0.708193576452,22.59837281630684,6.824900582203957e-4,0.7685656729674163,40.59933827402861,lower
4639,3,0.708102570697,0,0,0,0,lower
4643,3,0.707664301178,0,0,0,0,lower
4644,3,0.709225722251,0,0,0,0,lower
4647,6,0.707500989146,0,0,0,0,lower
4649,4,0.705914192259,0,0,0,0,lower
4650,6,0.71353495371,0.5695502040152486,1.7200900040790237e-5,0.01937027676266323,1.0232312558438466,lower
4651,5,0.708146724227,22.667434945673754,6.845757932012099e-4,0.7709144607480634,40.723412550299905,lower
4652,3,0.708899449939,0,0,0,0,lower
4653,3,0.709055343568,0,0,0,0,lower
4657,5,0.708975379318,0,0,0,0,lower
4661,3,0.713578760114,0,0,0,0,lower
4662,6,0.707565151405,22.497777294421162,6.794519879953163e-4,0.7651444414653064,40.41861235826966,lower
4664,3,0.708202065282,0,0,0,0,lower
4667,3,0.706264722154,0,0,0,0,lower
4668,3,0.709059381566,0,0,0,0,lower
4672,4,0.705653786201,0,0,0,0,lower
4675,3,0.708232492315,0,0,0,0,lower
4677,4,0.709134817361,0,0,0,0,lower
4680,3,0.706019242892,0,0,0,0,lower
4686,3,0.70914262977,0,0,0,0,lower
4853,4,0.706818294766,0,0,0,0,lower
4935,5,0.706817455582,22.33278112474389,6.744689634933076e-4,0.7595329581423322,40.12218679873501,lower
4936,4,0.714258785216,0,0,0,0,lower
5024,5,0.70880622321,20.51302895360647,6.195109018964976e-4,0.6976435883450994,36.852892386634934,lower
5043,4,0.708213280875,0,0,0,0,lower
5044,3,0.708033660612,0,0,0,0,lower
5059,4,0.705927628061,0,0,0,0,lower
5060,3,0.708216661967,0,0,0,0,lower
5087,4,0.708210617768,0,0,0,0,lower
5088,3,0.709046641956,0,0,0,0,lower
4692,3,0.708158782861,0,0,0,0,lower
4694,3,0.707999625517,0,0,0,0,lower
4701,4,0.709085878254,0,0,0,0,lower
4702,4,0.707832141102,0,0,0,0,lower
4703,3,0.709214191162,0,0,0,0,lower
4706,4,0.707857065929,0,0,0,0,lower
4708,5,0.708196766497,0,0,0,0,lower
4709,3,0.708029950305,0,0,0,0,lower
4711,4,0.707314059306,0,0,0,0,lower
4712,3,0.708205853859,0,0,0,0,lower
4714,3,0.708288818869,0,0,0,0,lower
4717,4,0.709217366551,0,0,0,0,lower
4720,4,0.708199998927,0,0,0,0,lower
4721,5,0.708855569628,20.397127372229914,6.160105756710429e-4,0.6937018011371116,36.644668212839285,lower
4722,3,0.709137756728,0,0,0,0,lower
4724,4,0.708419088507,0,0,0,0,lower
4726,3,0.708092564731,0,0,0,0,lower
4729,3,0.704263918603,0,0,0,0,lower
4733,4,0.71449228606,0,0,0,0,lower
4738,3,0.70842104659,0,0,0,0,lower
4739,4,0.70882530581,0,0,0,0,lower
4742,3,0.707258304417,0,0,0,0,lower
4747,3,0.71442365138,0,0,0,0,lower
4748,3,0.708157512766,0,0,0,0,lower
4749,6,0.706867309686,22.377531586705988,6.758204654637443e-4,0.761054911479109,40.20258369978123,lower
4750,4,0.707554061402,0,0,0,0,lower
4757,3,0.708166682329,0,0,0,0,lower
4758,5,0.708154752597,22.655883210662438,6.842269209897234e-4,0.7705215887893129,40.70265916238172,lower
4761,3,0.708528399738,0,0,0,0,lower
4763,5,0.70931260596,17.938233916822057,5.417499042864155e-4,0.6100753772935756,32.22711797648499,lower
4766,4,0.714514850263,0,0,0,0,lower
4768,7,0.708959533685,20.1415325384518,6.082913945422058e-4,0.6850090772394013,36.18547669484805,lower
4774,5,0.707157179921,22.54289915405274,6.80814706490904e-4,0.7666790259548703,40.49967649760512,lower
4776,3,0.705157581856,0,0,0,0,lower
4777,3,0.709195785809,0,0,0,0,lower
4780,3,0.708751240537,0,0,0,0,lower
4781,3,0.708003445805,0,0,0,0,lower
4783,4,0.706965144043,0,0,0,0,lower
4785,3,0.709065815532,0,0,0,0,lower
4789,4,0.706570522718,0,0,0,0,lower
4790,3,0.708243836696,0,0,0,0,lower
4795,4,0.706196723935,0,0,0,0,lower
4797,6,0.70666795984,22.170417887456814,6.695654557863746e-4,0.7540110202689707,39.83049146086857,lower
4335,5,0.707991357006,22.86767851568011,6.906233191387094e-4,0.7777247003786035,41.08316218811546,lower
4336,5,0.70798904448,22.87032081243969,6.907031187456961e-4,0.7778145643083524,41.08790923343746,lower
4339,9,0.713904219528,0,0,0,0,lower
4355,3,0.708016396628,0,0,0,0,lower
4379,3,0.707983076779,0,0,0,0,lower
4400,4,0.70800129894,0,0,0,0,lower
4642,3,0.708003274457,0,0,0,0,lower
4433,5,0.70799231049,22.866586149400256,6.905903287490031e-4,0.7776875492424651,41.08119968628068,lower
4550,4,0.707991936091,0,0,0,0,lower
4598,3,0.70799622082,0,0,0,0,lower
4798,6,0.707595158299,22.481622223103827,6.78964091116477e-4,0.764595011054552,40.38958879933536,lower
4799,3,0.708205550375,0,0,0,0,lower
4802,3,0.708225297567,0,0,0,0,lower
4804,6,0.713600518875,0.5708002593467434,1.7238652773825733e-5,0.019412790868652472,1.0254770555603636,lower
4807,5,0.70714501395,22.539241085131582,6.80704229701656e-4,0.7665546158380444,40.49310455639648,lower
4808,3,0.712464571097,0,0,0,0,lower
4811,5,0.708843953566,20.424729161948644,6.168441731705288e-4,0.6946405319148856,36.69425649102499,lower
4813,3,0.714537672599,0,0,0,0,lower
4816,3,0.709234725106,0,0,0,0,lower
4820,3,0.708439725823,0,0,0,0,lower
4821,3,0.709060219379,0,0,0,0,lower
4823,4,0.708246169099,0,0,0,0,lower
4824,3,0.70905193366099994,0,0,0,0,lower
4825,4,0.706749167058,0,0,0,0,lower
4826,5,0.707634713664,22.45765906991069,6.782403835313837e-4,0.7637800295021185,40.346537550888904,lower
4828,3,0.70804963612,0,0,0,0,lower
4829,3,0.709182291633,0,0,0,0,lower
4834,3,0.708371827876,0,0,0,0,lower
4840,7,0.708980308514,0,0,0,0,lower
4841,4,0.70794116107,0,0,0,0,lower
4844,3,0.708343661462,0,0,0,0,lower
4845,4,0.708409885636,0,0,0,0,lower
4847,7,0.708964221412,20.129651185889177,6.079325676006329e-4,0.6846049950604639,36.16413112914011,lower
4848,3,0.714382500992,0,0,0,0,lower
4850,3,0.708182240759,0,0,0,0,lower
4851,3,0.709117964227,0,0,0,0,lower
4852,3,0.70872891802,0,0,0,0,lower
4855,5,0.708160704658,22.647243433927265,6.839659923921236e-4,0.770227751888987,40.687137282946665,lower
4856,4,0.708451023206,0,0,0,0,lower
4857,7,0.708985947789,20.07419006798788,6.062575947212533e-4,0.6827187746785887,36.06449188940221,lower
4863,4,0.708350878118,0,0,0,0,lower
4868,3,0.708210289114,0,0,0,0,lower
4875,3,0.708016768455,0,0,0,0,lower
4876,4,0.70820489305,0,0,0,0,lower
4878,3,0.7080986355,0,0,0,0,lower
4879,3,0.708358259022,0,0,0,0,lower
4881,7,0.708957241372,20.14733151897144,6.084665286806079e-4,0.6852062992872822,36.19589491272928,lower
4883,9,0.714420673139,0,0,0,0,lower
4884,4,0.708236602818,0,0,0,0,lower
4885,4,0.708203499304,0,0,0,0,lower
4887,3,0.70821119523,0,0,0,0,lower
4888,5,0.708144655422,22.67039268430634,6.846651194207551e-4,0.7710150527863083,40.72872630595154,lower
4889,5,0.707559684338,22.500532294725662,6.795351913451105e-4,0.7652381384177492,40.4235618823003,lower
4892,3,0.709048153619,0,0,0,0,lower
4893,3,0.70904768922,0,0,0,0,lower
4895,6,0.707633754612,22.458275895264038,6.782590121810984e-4,0.7638010075962783,40.34764571479876,lower
4900,5,0.707129786702,22.534255124951496,6.80553649468236e-4,0.7663850444325124,40.48414697853822,lower
4902,3,0.714525866079,0,0,0,0,lower
4904,4,0.709045150655,0,0,0,0,lower
4906,3,0.70845010584,0,0,0,0,lower
4907,3,0.708784151026,0,0,0,0,lower
4909,4,0.705512412344,0,0,0,0,lower
4911,3,0.704315468632,0,0,0,0,lower
4912,3,0.709045489592,0,0,0,0,lower
4913,4,0.707929754655,0,0,0,0,lower
4916,4,0.708942402598,0,0,0,0,lower
4920,3,0.7082120557,0,0,0,0,lower
4924,3,0.707718743158,0,0,0,0,lower
4926,3,0.714332536772,0,0,0,0,lower
4928,3,0.70841111841,0,0,0,0,lower
4929,3,0.708178626416,0,0,0,0,lower
4930,4,0.708670727868,0,0,0,0,lower
4933,6,0.710615086547,4.812514555570523,1.4534202820336512e-4,0.16367255811438616,8.645972344048845,lower
4934,6,0.706625085453,22.116150238433864,6.679265266810705e-4,0.7521653895002993,39.73299635987488,lower
4937,3,0.708086238407,0,0,0,0,lower
4938,3,0.708156603314,0,0,0,0,lower
4939,4,0.708207280465,0,0,0,0,lower
4941,5,0.707048279775,22.49987926725954,6.795154693608334e-4,0.7652159290977223,40.42238867911374,lower
4942,5,0.70815383439,22.657210317621445,6.842670007473715e-4,0.7705667234041518,40.705043389989285,lower
4945,5,0.708828491466,20.461166204069777,6.179446027988375e-4,0.6958797476772949,36.759717832458975,lower
4948,3,0.709112238152,0,0,0,0,lower
4950,3,0.70820535778,0,0,0,0,lower
4952,4,0.708208962245,0,0,0,0,lower
4954,5,0.708692713414,0,0,0,0,lower
4955,3,0.708185938155,0,0,0,0,lower
4961,3,0.703721508652,0,0,0,0,lower
4963,3,0.708533660299,0,0,0,0,lower
4967,4,0.708209971359,0,0,0,0,lower
4971,3,0.707901310779,0,0,0,0,lower
4973,3,0.708214036435,0,0,0,0,lower
4976,5,0.707725510398,22.39123144257272,6.762342127500689e-4,0.7615208405541517,40.227196316236416,lower
4977,3,0.708105794763,0,0,0,0,lower
4982,4,0.708700389694,0,0,0,0,lower
4983,6,0.707771987141,0,0,0,0,lower
4985,6,0.707814577891,23.040555168412574,6.958443409241004e-4,0.7836041971913918,41.39374551024308,lower
4986,3,0.709044840432,0,0,0,0,lower
4987,6,0.707659631924,22.44100976690742,6.777375604357389e-4,0.7632137903807819,40.316626074954286,lower
4990,3,0.708427300227,0,0,0,0,lower
4996,5,0.707663826757,22.438089105015443,6.776493539652598e-4,0.7631144593143034,40.31137892990095,lower
4997,3,0.708302886637,0,0,0,0,lower
4999,3,0.70907575001,0,0,0,0,lower
5004,3,0.709318689247,0,0,0,0,lower
5014,3,0.708441186813,0,0,0,0,lower
5016,3,0.7081473138,0,0,0,0,lower
5017,7,0.708957158456,20.14754113978244,6.0847285940719e-4,0.6852134284448097,36.19627150914549,lower
5018,6,0.70664266710800006,22.138815298145083,6.686110307401732e-4,0.7529362231798477,39.77371550517337,lower
5019,7,0.708958872206,20.143206660203614,6.083419544414142e-4,0.685066013750772,36.18848435543788,lower
5029,3,0.710583447429,0,0,0,0,lower
5035,3,0.708189088415,0,0,0,0,lower
5037,3,0.70817097651,0,0,0,0,lower
5038,3,0.708384437486,0,0,0,0,lower
5040,5,0.706685147751,22.19121597946443,6.701935758346865e-4,0.7547183587888812,39.86785648620624,lower
5050,5,0.706591898769,22.07181694197589,6.665876234632746e-4,0.7506576238702668,39.65334892179025,lower
5051,3,0.714311064803,0,0,0,0,lower
5055,5,0.708670012997,0,0,0,0,lower
5058,4,0.708504542258,0,0,0,0,lower
5062,4,0.708371014187,0,0,0,0,lower
5064,3,0.714426070714,0,0,0,0,lower
5067,3,0.708435322629,0,0,0,0,lower
5069,4,0.708152648993,0,0,0,0,lower
5072,6,0.713617835232,0.5710941785590891,1.7247529383747006e-5,0.019422786996208675,1.026005099133423,lower
5073,4,0.70816013925,0,0,0,0,lower
5076,5,0.709495628731,16.840778711393178,5.086058247044131e-4,0.5727511679193767,30.25547358031637,lower
5078,3,0.714352569703,0,0,0,0,lower
5080,5,0.708170397751,0,0,0,0,lower
5089,6,0.706682673551,22.18825596212798,6.701041807963486e-4,0.7546176892524205,39.86253863672582,lower
5130,4,0.708212995079,0,0,0,0,lower
5309,5,0.708242610697,22.521860772932666,6.801793295072505e-4,0.7659635152552668,40.46187977839995,lower
5310,4,0.704972163688,0,0,0,0,lower
5500,4,0.708191661451,0,0,0,0,lower
5543,3,0.714430797731,0,0,0,0,lower
5645,5,0.708767447287,0,0,0,0,lower
5092,3,0.707513068653,0,0,0,0,lower
5093,4,0.708322831053,0,0,0,0,lower
5094,4,0.70827501561,0,0,0,0,lower
5095,3,0.708400869905,0,0,0,0,lower
5097,3,0.708281140058,0,0,0,0,lower
5100,3,0.708108196004,0,0,0,0,lower
5107,3,0.714432544628,0,0,0,0,lower
5110,3,0.70696887437,0,0,0,0,lower
5114,3,0.708665902913,0,0,0,0,lower
5117,4,0.708205189492,0,0,0,0,lower
5121,5,0.707933240158,22.931039222140026,6.925368663039065e-4,0.7798795840242487,41.19699351463429,lower
5124,3,0.708128230491,0,0,0,0,lower
5125,3,0.705862151873,0,0,0,0,lower
5127,5,0.707800811652,23.051520455202123,6.961755019010536e-4,0.7839771241755245,41.41344530859844,lower
5128,4,0.707996180867,0,0,0,0,lower
5132,4,0.708071360364,0,0,0,0,lower
5134,5,0.707889113059,0,0,0,0,lower
5136,3,0.70821674485,0,0,0,0,lower
5137,5,0.707953573742,22.909593280027764,6.918891806320326e-4,0.7791502122652327,41.15846458755187,lower
5139,3,0.703993190509,0,0,0,0,lower
5141,5,0.707937969843,0,0,0,0,lower
5144,7,0.708624014124,21.784583251854038,6.579129219930578e-4,0.7408888694496778,39.13731629219579,lower
5148,4,0.707424240348,0,0,0,0,lower
5150,3,0.709044000799,0,0,0,0,lower
5151,4,0.705640388315,0,0,0,0,lower
5152,3,0.703608381543,0,0,0,0,lower
5155,4,0.714226613889,0,0,0,0,lower
5162,6,0.706703614104,22.21294779728621,6.708498951958627e-4,0.7554574531176971,39.90689900622429,lower
5167,4,0.708191180038,0,0,0,0,lower
5172,4,0.708672028928,0,0,0,0,lower
5178,4,0.708352477203,0,0,0,0,lower
5179,3,0.708369853178,0,0,0,0,lower
5184,3,0.70436878917,0,0,0,0,lower
5185,3,0.708192748555,0,0,0,0,lower
5186,3,0.703619975331,0,0,0,0,lower
5190,3,0.708214460155,0,0,0,0,lower
5192,3,0.714508690444,0,0,0,0,lower
5193,3,0.707424100668,0,0,0,0,lower
5197,3,0.708120498447,0,0,0,0,lower
5198,4,0.7083701792,0,0,0,0,lower
5201,5,0.708205449094,0,0,0,0,lower
5202,5,0.709579139049,16.61162481542678,5.016851823612316e-4,0.5649576944822348,29.843784800120748,lower
5203,3,0.708192323237,0,0,0,0,lower
5204,3,0.708212641545,0,0,0,0,lower
5205,3,0.708407548052,0,0,0,0,lower
5207,4,0.709002072945,0,0,0,0,lower
5210,3,0.708215504589,0,0,0,0,lower
5215,4,0.708727641189,0,0,0,0,lower
5218,6,0.713640227256,0,0,0,0,lower
5221,5,0.708187661524,22.607310559331363,6.827599856530809e-4,0.7688696436354946,40.615395467854405,lower
5222,3,0.708057176272,0,0,0,0,lower
5224,4,0.708783028033,0,0,0,0,lower
5228,9,0.714387621479,0,0,0,0,lower
5229,3,0.709047468738,0,0,0,0,lower
5232,3,0.709280050119,0,0,0,0,lower
5234,6,0.706711017854,22.22148195780092,6.711076340938751e-4,0.7557476980336703,39.922231139756114,lower
5235,3,0.703629356786,0,0,0,0,lower
5236,4,0.708132108143,0,0,0,0,lower
5238,3,0.708198338073,0,0,0,0,lower
5239,5,0.70773019298,23.102039167380237,6.977012099286149e-4,0.7856952544293365,41.504205218683985,lower
5240,3,0.703613083754,0,0,0,0,lower
5247,3,0.714375646466,0,0,0,0,lower
5248,3,0.708066375767,0,0,0,0,lower
5252,3,0.709040317476,0,0,0,0,lower
5257,5,0.706255055106,0,0,0,0,lower
5259,4,0.708216258992,0,0,0,0,lower
5265,4,0.708792482297,0,0,0,0,lower
5266,6,0.710603319017,4.822961616749566,1.4565753832660605e-4,0.16402786035985623,8.664741118872817,lower
5267,3,0.708219506931,0,0,0,0,lower
5270,6,0.706735476338,22.24894527499383,6.719370496054374e-4,0.7566817193913963,39.971570643706485,lower
5271,3,0.710417523138,0,0,0,0,lower
5273,4,0.70802368622,0,0,0,0,lower
5277,5,0.706076997733,21.134755159716402,6.382875615283329e-4,0.7187883594259427,37.96986097374805,lower
5280,3,0.708118564977,0,0,0,0,lower
5282,5,0.708224297502,22.55094002584974,6.810575476505524e-4,0.7669524942304023,40.51412240823586,lower
5283,3,0.703765491981,0,0,0,0,lower
5285,5,0.708070476165,0,0,0,0,lower
5286,3,0.708249047872,0,0,0,0,lower
5290,3,0.708095526557,0,0,0,0,lower
5291,3,0.708595732961,0,0,0,0,lower
5292,5,0.707745736895,23.09174477370503,6.973903104936934e-4,0.7853451443719845,41.48571072022858,lower
5297,5,0.705972107939,20.889779927676777,6.308891013942194e-4,0.7104568058400569,37.52974821009107,lower
5300,6,0.707854995764,23.00626414827554,6.948087229829328e-4,0.7824379671631245,41.33213962659732,lower
5302,3,0.708192557057,0,0,0,0,lower
5304,3,0.708270326737,0,0,0,0,lower
5313,3,0.708124464487,0,0,0,0,lower
5314,3,0.708862522268,0,0,0,0,lower
5317,4,0.708057606433,0,0,0,0,lower
5318,3,0.708219140078,0,0,0,0,lower
5320,3,0.708609794568,0,0,0,0,lower
5326,3,0.706870064494,0,0,0,0,lower
5331,3,0.703640714417,0,0,0,0,lower
5332,6,0.710474483593,0,0,0,0,lower
5334,3,0.705434288064,0,0,0,0,lower
5336,5,0.7062205824,0,0,0,0,lower
5343,3,0.714493166101,0,0,0,0,lower
5344,6,0.7079112865,22.953317549032636,6.932096907033261e-4,0.7806372650059721,41.237017871124245,lower
5354,5,0.708457848568,22.13602392135351,6.685267287895645e-4,0.7528412890711063,39.7687006285921,lower
5358,3,0.708109927333,0,0,0,0,lower
5359,4,0.708293247983,0,0,0,0,lower
5362,4,0.709266037387,0,0,0,0,lower
5363,3,0.707371106322,0,0,0,0,lower
5366,4,0.708382734249,0,0,0,0,lower
5367,3,0.708260461077,0,0,0,0,lower
5368,4,0.707817180994,0,0,0,0,lower
5371,6,0.710535956018,5.814968547358102,1.7561699042209107e-4,0.19776579717543666,10.446941336266113,lower
5373,3,0.709188645672,0,0,0,0,lower
5374,3,0.708041229688,0,0,0,0,lower
5375,4,0.708164371412,0,0,0,0,lower
5382,3,0.708251630416,0,0,0,0,lower
5384,5,0.708062036473,22.782111617512616,6.880391261179653e-4,0.7748145890529606,40.92943610031259,lower
5386,5,0.705807456833,0,0,0,0,lower
5391,3,0.708116106261,0,0,0,0,lower
5394,3,0.708219412507,0,0,0,0,lower
5395,3,0.708082009476,0,0,0,0,lower
5398,4,0.706041971515,0,0,0,0,lower
5400,4,0.708144776029,0,0,0,0,lower
5401,4,0.708445281034,0,0,0,0,lower
5409,3,0.704681450959,0,0,0,0,lower
5410,4,0.707437028938,0,0,0,0,lower
5411,6,0.70682505321,22.339906619628316,6.746841594925085e-4,0.759775294651053,40.13498817959256,lower
5412,3,0.708058547727,0,0,0,0,lower
5416,3,0.709197423487,0,0,0,0,lower
5420,4,0.708187998722,0,0,0,0,lower
5422,4,0.708190781246,0,0,0,0,lower
5424,3,0.703624185396,0,0,0,0,lower
5425,4,0.708275545223,0,0,0,0,lower
5426,3,0.712471468135,0,0,0,0,lower
5429,6,0.706859889147,22.371170902423128,6.756283673944799e-4,0.7608385860101857,40.191156347247784,lower
5430,4,0.708060416807,0,0,0,0,lower
5433,6,0.71053745935,5.813311292069662,1.7556693990440614e-4,0.1977094342887637,10.443963977293912,lower
5436,3,0.708081708525,0,0,0,0,lower
5440,5,0.70808302715,22.754915766516316,6.872177883127749e-4,0.7738896641615626,40.880577115498774,lower
5448,3,0.708041099536,0,0,0,0,lower
5450,3,0.714559728587,0,0,0,0,lower
5456,3,0.714362027383,0,0,0,0,lower
5462,3,0.708286663975,0,0,0,0,lower
5463,4,0.705746500954,0,0,0,0,lower
5465,3,0.703594347958,0,0,0,0,lower
5466,6,0.71054514376,5.804830777782536,1.753108211680437e-4,0.19742101386915314,10.428728222442023,lower
5470,3,0.706216345364,0,0,0,0,lower
5471,3,0.707013728441,0,0,0,0,lower
5476,3,0.708249643829,0,0,0,0,lower
5479,3,0.708237990404,0,0,0,0,lower
5487,3,0.708585120097,0,0,0,0,lower
5490,4,0.708578968186,0,0,0,0,lower
5495,4,0.709001461407,0,0,0,0,lower
5498,4,0.710584229291,0,0,0,0,lower
5505,4,0.704775259902,0,0,0,0,lower
5512,3,0.709185096012,0,0,0,0,lower
5513,3,0.708148728165,0,0,0,0,lower
5516,5,0.706527793639,21.9804796084109,6.638291583910688e-4,0.7475512613100487,39.48925589913788,lower
5522,3,0.704606101736,0,0,0,0,lower
5523,4,0.714347106807,0,0,0,0,lower
5524,3,0.708080963768,0,0,0,0,lower
5526,3,0.706434756797,0,0,0,0,lower
5532,3,0.70858011446,0,0,0,0,lower
5534,3,0.708112035971,0,0,0,0,lower
5542,5,0.708614080499,0,0,0,0,lower
5545,5,0.708121853116,0,0,0,0,lower
5555,3,0.714487620725,0,0,0,0,lower
5557,3,0.708575361998,0,0,0,0,lower
5559,3,0.712286697619,0,0,0,0,lower
5560,7,0.708646235563,21.73418982734094,6.563909977594223e-4,0.7391750002017072,39.0467814689488,lower
5561,9,0.71437559524,0,0,0,0,lower
5563,4,0.707820417783,0,0,0,0,lower
5564,3,0.708206340979,0,0,0,0,lower
5578,3,0.707806893446,0,0,0,0,lower
5579,3,0.7081027711,0,0,0,0,lower
5580,3,0.709055528313,0,0,0,0,lower
5590,4,0.707916892107,0,0,0,0,lower
5591,5,0.706130331081,0,0,0,0,lower
5592,3,0.70869450003,0,0,0,0,lower
5593,3,0.714575078981,0,0,0,0,lower
5594,3,0.708205797837,0,0,0,0,lower
5599,4,0.708376128882,0,0,0,0,lower
5602,3,0.708265600667,0,0,0,0,lower
5605,4,0.707305391574,0,0,0,0,lower
5609,3,0.708234632066,0,0,0,0,lower
5613,3,0.712392262405,0,0,0,0,lower
5614,3,0.708323086638,0,0,0,0,lower
5616,3,0.708150293922,0,0,0,0,lower
5623,5,0.708305879121,0,0,0,0,lower
5625,3,0.709012004658,0,0,0,0,lower
5631,5,0.708796580456,20.535260918591717,6.201823261269265e-4,0.6983996925685834,36.89283345116508,lower
5635,5,0.709157172226,0,0,0,0,lower
5638,9,0.714374287508,0,0,0,0,lower
5642,4,0.707656735876,0,0,0,0,lower
5644,4,0.70901899948,0,0,0,0,lower
5647,3,0.70357841495,0,0,0,0,lower
5648,5,0.706347274459,0,0,0,0,lower
5652,3,0.714542798912,0,0,0,0,lower
5657,6,0.706896378861,22.40143446610951,6.765423527291838e-4,0.7618678431332576,40.24552666273326,lower
5659,4,0.703810351102,0,0,0,0,lower
5660,5,0.706994851169,0,0,0,0,lower
5661,3,0.70742538433,0,0,0,0,lower
5662,4,0.70893258484,0,0,0,0,lower
5663,3,0.709107607723,0,0,0,0,lower
5665,3,0.707709791773,0,0,0,0,lower
5667,4,0.714569082923,0,0,0,0,lower
5669,3,0.708761391193,0,0,0,0,lower
5670,3,0.708354922236,0,0,0,0,lower
5771,3,0.708110321174,0,0,0,0,lower
5862,3,0.708236413773,0,0,0,0,lower
5672,3,0.708328107734,0,0,0,0,lower
5674,4,0.708744865409,0,0,0,0,lower
5676,3,0.708160937901,0,0,0,0,lower
5678,4,0.708077448956,0,0,0,0,lower
5682,4,0.70909594207,0,0,0,0,lower
5683,3,0.703583953639,0,0,0,0,lower
5684,3,0.70815278653,0,0,0,0,lower
5686,3,0.70610071093,0,0,0,0,lower
5687,3,0.709054571041,0,0,0,0,lower
5688,4,0.714570325533,0,0,0,0,lower
5690,3,0.709108056896,0,0,0,0,lower
5692,3,0.708255537242,0,0,0,0,lower
5696,5,0.709276236821,18.880001695809323,5.701920913206656e-4,0.6421046916481951,33.919060531176115,lower
5699,3,0.707908445969,0,0,0,0,lower
5702,3,0.708248794771,0,0,0,0,lower
5703,9,0.714374546995,0,0,0,0,lower
5707,3,0.714587524321,0,0,0,0,lower
5710,3,0.70445008593,0,0,0,0,lower
5712,3,0.703880926296,0,0,0,0,lower
5714,3,0.708056888811,0,0,0,0,lower
5715,3,0.70839507134,0,0,0,0,lower
5716,7,0.708675703744,21.666157425987922,6.543363614394661e-4,0.7368612332435951,38.92455716109366,lower
5721,6,0.706912877341,22.414280366063846,6.769303098214485e-4,0.762304729356152,40.26860509594258,lower
5730,4,0.708280822119,0,0,0,0,lower
5731,5,0.708123917473,0,0,0,0,lower
5733,4,0.705794398449,0,0,0,0,lower
5734,4,0.708089306844,0,0,0,0,lower
5737,5,0.708775500479,0,0,0,0,lower
5741,3,0.707978874725,0,0,0,0,lower
5742,3,0.708391377612,0,0,0,0,lower
5751,4,0.704855340863,0,0,0,0,lower
5752,3,0.708067006279,0,0,0,0,lower
5754,3,0.70829744084,0,0,0,0,lower
5755,3,0.706303146426,0,0,0,0,lower
5757,3,0.709123592653,0,0,0,0,lower
5760,3,0.708667992166,0,0,0,0,lower
5761,7,0.708712224503,20.723838028890807,6.258775150696538e-4,0.7048131584787787,37.23162359123423,lower
5764,3,0.708817758174,0,0,0,0,lower
5768,3,0.708502459352,0,0,0,0,lower
5774,3,0.70920102125,0,0,0,0,lower
5775,4,0.707071842216,0,0,0,0,lower
5777,4,0.708349202899,0,0,0,0,lower
5781,3,0.708231972942,0,0,0,0,lower
5783,3,0.714463474495,0,0,0,0,lower
5787,4,0.708102712675,0,0,0,0,lower
5788,3,0.708049089722,0,0,0,0,lower
5805,3,0.708082371468,0,0,0,0,lower
5807,3,0.707294958392,0,0,0,0,lower
5808,4,0.707954165812,0,0,0,0,lower
5812,3,0.7114765142,0,0,0,0,lower
5814,3,0.707892304012,0,0,0,0,lower
5821,3,0.708279009654,0,0,0,0,lower
5823,4,0.714318416927,0,0,0,0,lower
5826,4,0.709096911378,0,0,0,0,lower
5829,3,0.70806063878,0,0,0,0,lower
5830,5,0.709319732366,17.91922602000236,5.41175849653696e-4,0.609428922916985,32.19296914465831,lower
5839,3,0.706436418233,0,0,0,0,lower
5842,3,0.709090181652,0,0,0,0,lower
5843,3,0.709292756317,0,0,0,0,lower
5844,4,0.707624540863,0,0,0,0,lower
5858,3,0.708217431953,0,0,0,0,lower
5863,4,0.707552841264,0,0,0,0,lower
5865,4,0.707511879266,0,0,0,0,lower
5866,3,0.704364485362,0,0,0,0,lower
5870,6,0.707001914082,0,0,0,0,lower
5872,4,0.711645167768,0,0,0,0,lower
5873,4,0.708291323434,0,0,0,0,lower
5874,4,0.714557967443,0,0,0,0,lower
5877,4,0.705532211209,0,0,0,0,lower
5882,3,0.714398548569,0,0,0,0,lower
5887,6,0.707057625156,0,0,0,0,lower
5891,3,0.714589241687,0,0,0,0,lower
5893,9,0.714375575321,0,0,0,0,lower
5895,5,0.707273692466,0,0,0,0,lower
5896,6,0.706643905016,22.140389605377635,6.686585761560991e-4,0.752989765021443,39.77654384296571,lower
5897,5,0.707013830291,0,0,0,0,lower
5903,4,0.708047474644,0,0,0,0,lower
5909,3,0.708791971805,0,0,0,0,lower
5914,4,0.714547583648,0,0,0,0,lower
5915,3,0.703601716708,0,0,0,0,lower
5916,3,0.714540466158,0,0,0,0,lower
5919,4,0.706410798072,0,0,0,0,lower
5929,4,0.708699935756,0,0,0,0,lower
5930,3,0.709762099187,0,0,0,0,lower
5934,3,0.704833121388,0,0,0,0,lower
5936,5,0.70819443812,22.59706553347836,6.824505771683319e-4,0.7685212125668824,40.596989661665916,lower
5937,3,0.708138625593,0,0,0,0,lower
5938,5,0.708149692889,22.663177094960005,6.844472024922619e-4,0.7707696521848182,40.71576306496514,lower
5939,4,0.708276869392,0,0,0,0,lower
5941,3,0.709089649219,0,0,0,0,lower
5942,3,0.708230799468,0,0,0,0,lower
5943,3,0.708051251052,0,0,0,0,lower
5944,4,0.708109743633,0,0,0,0,lower
5947,4,0.70798299575800006,0,0,0,0,lower
5952,5,0.707952039206,0,0,0,0,lower
5957,5,0.714522424963,0,0,0,0,lower
5960,3,0.70791742742,0,0,0,0,lower
6019,4,0.708263416506,0,0,0,0,lower
6158,6,0.706614022164,22.101596018190108,6.674869768647073e-4,0.7516704036813164,39.70684882634252,lower
6177,3,0.70850423485,0,0,0,0,lower
6261,3,0.714677365719,0,0,0,0,lower
6279,3,0.707689899161,0,0,0,0,lower
5961,4,0.708267094694,0,0,0,0,lower
5966,4,0.708276824635,0,0,0,0,lower
5969,4,0.708576609259,0,0,0,0,lower
5970,5,0.708198873834,0,0,0,0,lower
5972,4,0.708275806861,0,0,0,0,lower
5973,4,0.708223665612,0,0,0,0,lower
5979,4,0.707381755813,0,0,0,0,lower
5982,7,0.708794323762,20.5404440557119,6.203388612714554e-4,0.6985759699183394,36.90214526927578,lower
5983,4,0.707804907918,0,0,0,0,lower
5989,4,0.708272387086,0,0,0,0,lower
5991,3,0.703257866755,0,0,0,0,lower
6000,5,0.708942024166,20.185642847479997,6.096235633501765e-4,0.6865092591161512,36.26472352258051,lower
6004,3,0.709134621096,0,0,0,0,lower
6008,6,0.706580702345,22.056404123172854,6.661221432409714e-4,0.7501334373037397,39.6256588642172,lower
6012,4,0.708269529579,0,0,0,0,lower
6013,3,0.708710756147,0,0,0,0,lower
6014,3,0.708050407842,0,0,0,0,lower
6016,3,0.706409107648,0,0,0,0,lower
6027,3,0.706342071463,0,0,0,0,lower
6029,3,0.708196529482,0,0,0,0,lower
6030,4,0.714544621317,0,0,0,0,lower
6036,3,0.70846510217,0,0,0,0,lower
6038,4,0.707699913544,0,0,0,0,lower
6040,3,0.713997402726,0,0,0,0,lower
6041,4,0.707830902566,0,0,0,0,lower
6043,4,0.708266722955,0,0,0,0,lower
6044,3,0.708234834741,0,0,0,0,lower
6049,4,0.709231311741,0,0,0,0,lower
6060,3,0.708076163955,0,0,0,0,lower
6068,3,0.708065640733,0,0,0,0,lower
6070,3,0.708667282605,0,0,0,0,lower
6071,4,0.705797720047,0,0,0,0,lower
6078,3,0.70805965544,0,0,0,0,lower
6079,3,0.708047669879,0,0,0,0,lower
6084,3,0.704555174328,0,0,0,0,lower
6085,4,0.708173255266,0,0,0,0,lower
6086,3,0.707914976365,0,0,0,0,lower
6088,3,0.703990788119,0,0,0,0,lower
6091,4,0.708082471903,0,0,0,0,lower
6095,3,0.714560330879,0,0,0,0,lower
6097,5,0.709734151311,0,0,0,0,lower
6098,3,0.708313833359,0,0,0,0,lower
6112,5,0.708029898407,22.822170849472112,6.892489489567394e-4,0.7761769946925069,41.00140492402134,lower
6126,4,0.708200943766,0,0,0,0,lower
6127,3,0.709097179814,0,0,0,0,lower
6128,3,0.708073921106,0,0,0,0,lower
6132,3,0.706840310468,0,0,0,0,lower
6135,5,0.708911766371,20.260861822759875,6.118952403083068e-4,0.6890674398677398,36.39985894347284,lower
6137,3,0.704090916032,0,0,0,0,lower
6139,4,0.707755717613,0,0,0,0,lower
6140,3,0.707037773576,0,0,0,0,lower
6143,4,0.708895599795,0,0,0,0,lower
6146,4,0.708868589363,0,0,0,0,lower
6149,3,0.704113520453,0,0,0,0,lower
6155,3,0.708038369552,0,0,0,0,lower
6156,9,0.714380852681,0,0,0,0,lower
6169,4,0.707972942506,0,0,0,0,lower
6170,9,0.714378380493,0,0,0,0,lower
6173,7,0.708712455138,20.723337077826613,6.258623859219162e-4,0.7047961212436245,37.23072360246606,lower
6175,3,0.70821278566,0,0,0,0,lower
6176,3,0.708147840452,0,0,0,0,lower
6180,4,0.708497109334,0,0,0,0,lower
6186,4,0.708292775732,0,0,0,0,lower
6188,3,0.70443521514,0,0,0,0,lower
6192,5,0.707946482451,0,0,0,0,lower
6194,3,0.708195687684,0,0,0,0,lower
6195,4,0.706587176978,0,0,0,0,lower
6197,3,0.708325922039,0,0,0,0,lower
6198,4,0.708296846233,0,0,0,0,lower
6199,3,0.708297172852,0,0,0,0,lower
6200,3,0.708331733567,0,0,0,0,lower
6202,3,0.703621217397,0,0,0,0,lower
6203,4,0.70520230255,0,0,0,0,lower
6206,4,0.704541066615,0,0,0,0,lower
6207,3,0.703965294471,0,0,0,0,lower
6208,4,0.70827378387,0,0,0,0,lower
6210,3,0.706591991513,0,0,0,0,lower
6213,4,0.704508268184,0,0,0,0,lower
6215,4,0.705567425457,0,0,0,0,lower
6223,3,0.707513174342,0,0,0,0,lower
6224,4,0.708696836047,0,0,0,0,lower
6227,3,0.708232978065,0,0,0,0,lower
6229,3,0.709002216267,0,0,0,0,lower
6233,4,0.708992715492,0,0,0,0,lower
6236,3,0.70809451007,0,0,0,0,lower
6237,3,0.708315251111,0,0,0,0,lower
6243,5,0.708065689262,0,0,0,0,lower
6244,6,0.709057814374,0,0,0,0,lower
6245,5,0.708079723262,22.759250225175002,6.873486926467448e-4,0.7740370781441109,40.888364231622106,lower
6249,3,0.707842468578,0,0,0,0,lower
6252,3,0.706676043795,0,0,0,0,lower
6260,3,0.705575317705,0,0,0,0,lower
6264,7,0.708683124569,21.648810151090096,6.538124589996214e-4,0.7362712562521376,38.89339173659897,lower
6271,3,0.708201931735,0,0,0,0,lower
6272,5,0.708188012826,22.606781486671213,6.827440072092538e-4,0.768851649991067,40.614444956944816,lower
6273,3,0.708398550456,0,0,0,0,lower
6562,3,0.708821986935,0,0,0,0,lower
6603,3,0.702003402339,0,0,0,0,lower
6648,3,0.707247634456,0,0,0,0,lower
6649,9,0.714412204591,0,0,0,0,lower
6650,4,0.706799589705,0,0,0,0,lower
6675,3,0.703611444611,0,0,0,0,lower
6286,3,0.70357921712,0,0,0,0,lower
6288,3,0.708125882583,0,0,0,0,lower
6290,4,0.706947438207,0,0,0,0,lower
6296,5,0.70814027304,0,0,0,0,lower
6300,3,0.706255511805,0,0,0,0,lower
6305,3,0.714522891127,0,0,0,0,lower
6306,4,0.706243366871,0,0,0,0,lower
6309,3,0.708483397108,0,0,0,0,lower
6311,3,0.708059456562,0,0,0,0,lower
6315,3,0.708228607407,0,0,0,0,lower
6317,6,0.70667740089,22.1819099759623,6.699125266227102e-4,0.7544018636632192,39.85113769024543,lower
6319,3,0.709287830827,0,0,0,0,lower
6320,5,0.708183236532,0,0,0,0,lower
6326,5,0.706165497066,0,0,0,0,lower
6329,3,0.708391126243,0,0,0,0,lower
6332,3,0.709099392339,0,0,0,0,lower
6333,3,0.708260276595,0,0,0,0,lower
6337,3,0.708122118328,0,0,0,0,lower
6338,3,0.708078433748,0,0,0,0,lower
6343,3,0.708886968074,0,0,0,0,lower
6345,7,0.708682656575,21.649906700650103,6.538455757279422e-4,0.7363085496607108,38.89536175394857,lower
6350,4,0.706949964942,0,0,0,0,lower
6353,3,0.708226057155,0,0,0,0,lower
6354,3,0.709064776436,0,0,0,0,lower
6357,3,0.708226613898,0,0,0,0,lower
6358,6,0.70675702524,0,0,0,0,lower
6359,3,0.707550038285,0,0,0,0,lower
6364,3,0.708100974444,0,0,0,0,lower
6370,4,0.708068904135,0,0,0,0,lower
6372,3,0.708323879112,0,0,0,0,lower
6382,4,0.705373794102,0,0,0,0,lower
6385,4,0.708107639249,0,0,0,0,lower
6388,4,0.707139998939,0,0,0,0,lower
6389,3,0.706085169092,0,0,0,0,lower
6393,3,0.703601365476,0,0,0,0,lower
6396,3,0.705316897539,0,0,0,0,lower
6408,3,0.708064877336,0,0,0,0,lower
6409,6,0.706700720097,22.209584084539543,6.707483082131641e-4,0.7553430539894136,39.90085589361753,lower
6410,3,0.703923935675,0,0,0,0,lower
6417,5,0.706938045036,0,0,0,0,lower
6419,3,0.708388876533,0,0,0,0,lower
6428,3,0.706196074968,0,0,0,0,lower
6430,3,0.708192180619,0,0,0,0,lower
6431,5,0.708169758079,22.633978668985137,6.835653852213674e-4,0.7697766201602836,40.66330633355095,lower
6432,4,0.707506657878,0,0,0,0,lower
6433,3,0.708109294366,0,0,0,0,lower
6435,6,0.706737526312,22.25119613827698,6.720050275888813e-4,0.756758270754985,39.975614455204955,lower
6437,4,0.708159632098,0,0,0,0,lower
6450,3,0.708595461445,0,0,0,0,lower
6453,3,0.708250887566,0,0,0,0,lower
6459,3,0.707585332663,0,0,0,0,lower
6466,3,0.708100907726,0,0,0,0,lower
6477,3,0.708138056222,0,0,0,0,lower
6480,3,0.706235460495,0,0,0,0,lower
6482,9,0.714394757951,0,0,0,0,lower
6489,4,0.708109392222,0,0,0,0,lower
6498,5,0.708066184011,22.776802478503015,6.878787856093271e-4,0.7746340264067488,40.919897912216186,lower
6499,3,0.70811405419,0,0,0,0,lower
6505,3,0.708472968436,0,0,0,0,lower
6506,4,0.70824437654,0,0,0,0,lower
6511,3,0.708125073661,0,0,0,0,lower
6512,4,0.708465803701,0,0,0,0,lower
6515,4,0.708099372377,0,0,0,0,lower
6522,4,0.705632921342,0,0,0,0,lower
6523,4,0.707535486381,0,0,0,0,lower
6524,4,0.707354178537,0,0,0,0,lower
6528,3,0.703611138661,0,0,0,0,lower
6531,3,0.706148465901,0,0,0,0,lower
6532,3,0.708036644622,0,0,0,0,lower
6533,6,0.708097303229,22.735955651000115,6.866451767160152e-4,0.7732448348165607,40.84651412566256,lower
6537,4,0.70804622667,0,0,0,0,lower
6540,5,0.708083901643,22.753765130654234,6.871830381321807e-4,0.7738505312897904,40.87850992884889,lower
6550,3,0.708246298497,0,0,0,0,lower
6555,3,0.708174196391,0,0,0,0,lower
6559,4,0.708503821075,0,0,0,0,lower
6566,3,0.710588932976,0,0,0,0,lower
6571,4,0.707445726926,0,0,0,0,lower
6578,4,0.708193583273,0,0,0,0,lower
6581,5,0.706813547826,22.329073498316923,6.74356990025281e-4,0.7594068625856691,40.11552582448143,lower
6593,3,0.707542966665,0,0,0,0,lower
6608,3,0.707912632945,0,0,0,0,lower
6613,4,0.706932726963,0,0,0,0,lower
6615,5,0.70709952244,22.523001917072605,6.802137930297721e-4,0.7660023253156634,40.46392991259914,lower
6621,3,0.704725313586,0,0,0,0,lower
6622,4,0.708480071094,0,0,0,0,lower
6624,3,0.705848173435,0,0,0,0,lower
6626,3,0.708229379001,0,0,0,0,lower
6627,5,0.707676997419,22.428698567639653,6.773657517584805e-4,0.7627950892102514,40.2945082637431,lower
6629,5,0.706987287904,0,0,0,0,lower
6630,3,0.70818105536,0,0,0,0,lower
6634,3,0.710370316423,0,0,0,0,lower
6635,4,0.708168268453,0,0,0,0,lower
6639,3,0.707318580538,0,0,0,0,lower
6643,4,0.708158558053,0,0,0,0,lower
6644,3,0.708003150303,0,0,0,0,lower
6652,3,0.709110162084,0,0,0,0,lower
6653,5,0.70716698043,22.545635589908144,6.808973491785635e-4,0.7667720915344957,40.50459266948448,lower
6659,4,0.706214192056,0,0,0,0,lower
6661,5,0.707220356379,22.55724056752744,6.812478293620449e-4,0.767166774262595,40.52544171095566,lower
6662,5,0.707365046202,22.560627161799495,6.813501073862501e-4,0.767281951586508,40.53152593160136,lower
6664,4,0.704621924222,0,0,0,0,lower
6665,6,0.70911759662,0,0,0,0,lower
6666,6,0.708082337946,22.75582161140085,6.872451455978774e-4,0.7739204717462036,40.882204520409296,lower
6668,4,0.708630563919,0,0,0,0,lower
6674,3,0.708132310554,0,0,0,0,lower
6677,3,0.708139245066,0,0,0,0,lower
6678,3,0.706045967254,0,0,0,0,lower
6679,4,0.706202475261,0,0,0,0,lower
6680,7,0.708587021823,21.866722890949163,6.603936088780791e-4,0.743682420450522,39.28488510258923,lower
6689,3,0.704162902957,0,0,0,0,lower
6691,4,0.707851934922,0,0,0,0,lower
6700,3,0.714582277977,0,0,0,0,lower
6702,4,0.706787875853,0,0,0,0,lower
6707,4,0.705869430227,0,0,0,0,lower
6708,3,0.706651053319,0,0,0,0,lower
6710,6,0.708063325662,0,0,0,0,lower
6717,4,0.706726813192,0,0,0,0,lower
6732,3,0.706237742324,0,0,0,0,lower
6734,3,0.708133659786,0,0,0,0,lower
6737,3,0.707926675745,0,0,0,0,lower
6739,3,0.70583844191,0,0,0,0,lower
6745,3,0.708472004664,0,0,0,0,lower
6747,3,0.706282605687,0,0,0,0,lower
6753,3,0.706140199204,0,0,0,0,lower
6756,3,0.708327178012,0,0,0,0,lower
6757,4,0.708260762298,0,0,0,0,lower
6763,3,0.70805046332,0,0,0,0,lower
6764,3,0.707911987994,0,0,0,0,lower
6765,3,0.704877264504,0,0,0,0,lower
6770,3,0.705687264573,0,0,0,0,lower
6771,3,0.708152393604,0,0,0,0,lower
6772,4,0.706580932114,0,0,0,0,lower
6773,3,0.706179466798,0,0,0,0,lower
6774,4,0.706540738252,0,0,0,0,lower
6777,3,0.707226235295,0,0,0,0,lower
6790,3,0.71461134109,0,0,0,0,lower
6793,3,0.708147620292,0,0,0,0,lower
6794,4,0.706036058674,0,0,0,0,lower
6802,4,0.706540543817,0,0,0,0,lower
6806,7,0.7086824386,0,0,0,0,lower
6807,3,0.70821811298,0,0,0,0,lower
6813,3,0.708166743376,0,0,0,0,lower
6814,3,0.711394721161,0,0,0,0,lower
6816,3,0.708364573754,0,0,0,0,lower
6822,7,0.708598782564,0,0,0,0,lower
6823,3,0.70711404428,0,0,0,0,lower
6824,4,0.708148800769,0,0,0,0,lower
6825,3,0.708895199742,0,0,0,0,lower
6828,3,0.70403428587,0,0,0,0,lower
6830,4,0.70814371646,0,0,0,0,lower
6831,4,0.708292181175,0,0,0,0,lower
6834,3,0.708160062255,0,0,0,0,lower
6837,9,0.714424653793,0,0,0,0,lower
6838,5,0.708304183229,22.419723933009045,6.770947101679493e-4,0.7624898638667909,40.278384791924324,lower
6846,3,0.708150458743,0,0,0,0,lower
6849,7,0.708325517593,0,0,0,0,lower
6851,4,0.708140123645,0,0,0,0,lower
6852,7,0.708625201149,21.78191120530108,6.578322239170362e-4,0.7407979937360205,39.13251579957762,lower
6855,4,0.704098131191,0,0,0,0,lower
6857,4,0.708106244327,0,0,0,0,lower
6861,3,0.703593449918,0,0,0,0,lower
6870,6,0.708058758197,22.786285538700945,6.881651820839406e-4,0.7749565431915658,40.93693480119834,lower
6875,5,0.709112539583,0,0,0,0,lower
6880,4,0.706981254847,0,0,0,0,lower
6883,5,0.708694326855,21.622460251178442,6.530166696358921e-4,0.7353751019704624,38.84605255387568,lower
6884,3,0.707043251543,0,0,0,0,lower
6890,4,0.707766928346,0,0,0,0,lower
6894,7,0.708616491563,21.801464553418555,6.584227516423541e-4,0.7414629987908903,39.167644567523176,lower
6898,4,0.706532244382,0,0,0,0,lower
6899,3,0.705054066862,0,0,0,0,lower
6903,4,0.708138502195,0,0,0,0,lower
6904,4,0.708129575058,0,0,0,0,lower
6906,3,0.708964400235,0,0,0,0,lower
6924,4,0.708320315856,0,0,0,0,lower
6910,4,0.706161875874,0,0,0,0,lower
6926,4,0.707878966407,0,0,0,0,lower
6928,7,0.708653044774,21.718591212719563,6.559199063455565e-4,0.7386444947603957,39.01875761799426,lower
6929,3,0.707608246147,0,0,0,0,lower
6931,4,0.706505670296,0,0,0,0,lower
6942,7,0.708366931286,0,0,0,0,lower
6953,3,0.708150375874,0,0,0,0,lower
6958,4,0.707427712188,0,0,0,0,lower
6961,3,0.706966730703,0,0,0,0,lower
6966,3,0.714751469062,0,0,0,0,lower
6967,7,0.708694739144,21.621486738966297,6.52987268740007e-4,0.7353419930349409,38.84430358053428,lower
6979,3,0.708148092293,0,0,0,0,lower
6983,3,0.708533743266,0,0,0,0,lower
6988,4,0.706563217088,0,0,0,0,lower
6995,4,0.706466122077,0,0,0,0,lower
7000,4,0.708631199218,0,0,0,0,lower
7012,5,0.705804064702,20.462449995784166,6.179833743992982e-4,0.6959234091502222,36.762024241619926,lower
7019,3,0.707692435931,0,0,0,0,lower
7023,3,0.711854211699,0,0,0,0,lower
7032,7,0.708673015278,21.672420834609703,6.545255217011223e-4,0.7370742503887496,38.9358097520413,lower
7033,5,0.70647132062,0,0,0,0,lower
7036,3,0.708127873207,0,0,0,0,lower
7037,3,0.714733474467,0,0,0,0,lower
7038,3,0.71483573253,0,0,0,0,lower
7040,3,0.708136331224,0,0,0,0,lower
7043,3,0.706439557634,0,0,0,0,lower
7044,6,0.70803049617,22.821443247180312,6.892269747493694e-4,0.7761522490991142,41.00009774266745,lower
7051,7,0.708494153184,0,0,0,0,lower
7053,7,0.708685259102,21.643804420694874,6.536612816889079e-4,0.7361010124659514,38.8843986403581,lower
7054,3,0.707789148071,0,0,0,0,lower
7057,4,0.714356416037,0,0,0,0,lower
7061,5,0.706446594005,21.854131984149095,6.600133527957109e-4,0.743254206488538,39.26226477994441,lower
7064,3,0.708207973819,0,0,0,0,lower
7070,4,0.708293316862,0,0,0,0,lower
7081,4,0.707512257137,0,0,0,0,lower
7086,7,0.708715130617,20.717519878508796,6.256867015603311e-4,0.704598279578438,37.22027265341626,lower
7088,4,0.705529897771,0,0,0,0,lower
7093,4,0.70599790801,0,0,0,0,lower
7098,5,0.705944456345,20.822360983497457,6.288529920020911e-4,0.7081639024250579,37.40862601500812,lower
7102,3,0.708212462479,0,0,0,0,lower
7103,3,0.708299394285,0,0,0,0,lower
7106,3,0.703594171375,0,0,0,0,lower
7123,3,0.705865526301,0,0,0,0,lower
7125,4,0.707519198596,0,0,0,0,lower
7131,5,0.708569408977,21.905055820888965,6.615512959292236e-4,0.7449861149393012,39.35375252071314,lower
7133,4,0.707858462592,0,0,0,0,lower
7142,4,0.706341841521,0,0,0,0,lower
7147,4,0.708311625389,0,0,0,0,lower
7148,9,0.714453514406,0,0,0,0,lower
7152,4,0.706855820325,0,0,0,0,lower
7154,4,0.708110849922,0,0,0,0,lower
7155,4,0.711660301519,0,0,0,0,lower
7156,9,0.714479275031,0,0,0,0,lower
7162,3,0.709286538007,0,0,0,0,lower
7217,6,0.711950000953,1.4158928393486625,4.276116666522161e-5,0.04815420303795094,2.5437367907750814,lower
7170,3,0.708128908068,0,0,0,0,lower
7172,5,0.708593287022,0,0,0,0,lower
7186,3,0.704770214147,0,0,0,0,lower
7188,3,0.707588423318,0,0,0,0,lower
7198,3,0.70846899475,0,0,0,0,lower
7200,3,0.711474277223,0,0,0,0,lower
7212,3,0.701959730495,0,0,0,0,lower
7214,3,0.714572627575,0,0,0,0,lower
7222,3,0.706134457331,0,0,0,0,lower
7223,3,0.708152020197,0,0,0,0,lower
7230,5,0.708233117057,22.537010327780518,6.806368589344429e-4,0.7664787482727695,40.48909686641635,lower
7239,4,0.706288905035,0,0,0,0,lower
7244,3,0.708054440407,0,0,0,0,lower
7247,6,0.708481861475,22.088054636232002,6.670780156250598e-4,0.7512098642689375,39.68252091781195,lower
7250,3,0.712487740103,0,0,0,0,lower
7252,3,0.708133152367,0,0,0,0,lower
7253,3,0.709739326841,0,0,0,0,lower
7258,9,0.714486847402,0,0,0,0,lower
7263,4,0.70822535476,0,0,0,0,lower
7264,3,0.706349855933,0,0,0,0,lower
7272,3,0.714446173823,0,0,0,0,lower
7276,5,0.707323928104,22.56383851129617,6.81447092869354e-4,0.7673911688742794,40.537295314449906,lower
7280,6,0.711900615499,1.4173235820204069,4.280437630944133e-5,0.04820286228051193,2.5463072061844296,lower
7288,4,0.711551986782,0,0,0,0,lower
7295,3,0.711485391447,0,0,0,0,lower
7303,4,0.706351389457,0,0,0,0,lower
7304,4,0.714691443099,0,0,0,0,lower
7305,4,0.708925186804,0,0,0,0,lower
7308,3,0.707550865619,0,0,0,0,lower
7316,3,0.712252087038,0,0,0,0,lower
7319,5,0.708391705525,0,0,0,0,lower
7329,5,0.708227867432,0,0,0,0,lower
7331,9,0.71449938723,0,0,0,0,lower
7332,3,0.708136346286,0,0,0,0,lower
7333,3,0.708203786553,0,0,0,0,lower
7334,3,0.714845901747,0,0,0,0,lower
7340,3,0.714484919013,0,0,0,0,lower
7343,5,0.708168281664,22.636151995696515,6.8363102153447e-4,0.7698505345221753,40.66721084592679,lower
7346,5,0.708093033918,22.741665019899816,6.868176045073625e-4,0.7734390091930207,40.85677135086963,lower
7347,3,0.70831348319,0,0,0,0,lower
7352,4,0.70817846969,0,0,0,0,lower
7355,4,0.708312090607,0,0,0,0,lower
7358,3,0.708233971452,0,0,0,0,lower
7364,3,0.712293377411,0,0,0,0,lower
7368,5,0.708215905721,0,0,0,0,lower
7383,4,0.708415190203,0,0,0,0,lower
7384,3,0.71157091942,0,0,0,0,lower
7385,5,0.708180854633,22.617518008497612,6.830682592899654e-4,0.7692167967292818,40.63373376526122,lower
7386,7,0.708787082347,20.55702515179113,6.208396244600468e-4,0.6991398893372399,36.93193420736201,lower
7387,4,0.711302226878,0,0,0,0,lower
7389,5,0.708696297905,21.617803744659145,6.528760391829258e-4,0.7352167352112373,38.837686859368,lower
7398,3,0.709038574911,0,0,0,0,lower
7399,7,0.708724680421,20.6966672947415,6.250569358145815e-4,0.7038890878058047,37.182809730349284,lower
7400,3,0.708149976242,0,0,0,0,lower
7403,4,0.705585526048,0,0,0,0,lower
7415,4,0.711247594394,0,0,0,0,lower
7418,3,0.708320755303,0,0,0,0,lower
7429,3,0.714723561992,0,0,0,0,lower
7433,4,0.712011370761,0,0,0,0,lower
7434,4,0.712129652766,0,0,0,0,lower
7439,3,0.71292234023,0,0,0,0,lower
7455,3,0.70818740971,0,0,0,0,lower
7462,3,0.712251812867,0,0,0,0,lower
7464,3,0.711414114484,0,0,0,0,lower
7474,3,0.712233503994,0,0,0,0,lower
7476,5,0.708921614778,20.23652012222973,6.111601002720289e-4,0.6882395840039042,36.356127611928684,lower
7487,3,0.707835656623,0,0,0,0,lower
7489,3,0.708298389303,0,0,0,0,lower
7497,3,0.708194486527,0,0,0,0,lower
7502,5,0.707891627882,22.972492450097153,6.937887890061229e-4,0.781289399160078,41.27146673613843,lower
7508,5,0.704983255002,0,0,0,0,lower
7517,3,0.708168504397,0,0,0,0,lower
7529,5,0.704985761693,14.439932327236868,4.360982241873221e-4,0.4910989121605465,25.942208404692543,lower
7534,3,0.708101365376,0,0,0,0,lower
7535,5,0.708243014658,0,0,0,0,lower
7538,3,0.701894026886,0,0,0,0,lower
7539,4,0.709462989186,0,0,0,0,lower
7544,4,0.70817292806,0,0,0,0,lower
7549,3,0.711509587288,0,0,0,0,lower
7553,3,0.70776234139,0,0,0,0,lower
7557,7,0.708686037115,21.641978119779207,6.536061258496625e-4,0.7360389003747977,38.881117580731896,lower
7562,3,0.709629568746,0,0,0,0,lower
7564,3,0.708775827524,0,0,0,0,lower
7565,6,0.709848197457,15.258011757386287,4.6080491800328996e-4,0.5189216130640332,27.411937388705685,lower
7571,3,0.708172264312,0,0,0,0,lower
7574,6,0.711872388719,1.418034841076352,4.282585693720367e-5,0.04822705204405951,2.5475850259304575,lower
7582,4,0.708324422797,0,0,0,0,lower
7586,5,0.707387853309,22.557417375999393,6.812531691281112e-4,0.767172787479712,40.525759358027905,lower
7594,4,0.710807288109,0,0,0,0,lower
7596,4,0.708869979369,0,0,0,0,lower
7598,9,0.714529431165,0,0,0,0,lower
7610,4,0.708223397479,0,0,0,0,lower
7612,4,0.707605802854,0,0,0,0,lower
7621,3,0.714784717228,0,0,0,0,lower
7634,4,0.707547802845,0,0,0,0,lower
7639,3,0.708344791495,0,0,0,0,lower
7671,4,0.708298590365,0,0,0,0,lower
8226,5,0.710105613295,10.687897318042475,3.227835792487166e-4,0.3634930294149558,19.201451457610023,lower
7652,3,0.708258771662,0,0,0,0,lower
7661,3,0.709609313659,0,0,0,0,lower
7673,3,0.712090040928,0,0,0,0,lower
7675,3,0.711593770424,0,0,0,0,lower
7681,4,0.713815392772,0,0,0,0,lower
7689,3,0.708885184032,0,0,0,0,lower
7695,3,0.708567565562,0,0,0,0,lower
7696,5,0.704812462459,0,0,0,0,lower
8218,5,0.71242885256,1.389979764223674,4.1978569781168025e-05,0.047272905070881346,2.4971823900989154,lower
8223,3,0.709144460776,0,0,0,0,lower
8234,4,0.708375316428,0,0,0,0,lower
8255,3,0.708508274616,0,0,0,0,lower
8256,4,0.70887901901000006,0,0,0,0,lower
8268,3,0.70843967793,0,0,0,0,lower
8273,6,0.708937725283,20.19640760069725,6.099486680428767e-4,0.6868753659977394,36.28406305029147,lower
8282,3,0.702990656892,0,0,0,0,lower
8293,5,0.71020831321,8.673911166164675,2.6195948641587766e-4,0.29499780479205384,15.583203996877193,lower
8304,3,0.712868099776,0,0,0,0,lower
8305,4,0.711515949573,0,0,0,0,lower
8308,3,0.710671134915,0,0,0,0,lower
8311,4,0.706459963475,0,0,0,0,lower
8315,3,0.711516335485,0,0,0,0,lower
8320,4,0.708374062212,0,0,0,0,lower
8322,6,0.709487986167,0,0,0,0,lower
8332,6,0.706884657018,22.391990527578745,6.762571377621557e-4,0.7615466568677083,40.228560058183184,lower
8333,3,0.70832115316,0,0,0,0,lower
8341,3,0.712193933984,0,0,0,0,lower
8351,4,0.714095614051,0,0,0,0,lower
8352,3,0.709423672723,0,0,0,0,lower
8356,3,0.70857038327,0,0,0,0,lower
8358,3,0.709079321174,0,0,0,0,lower
8360,3,0.712782128084,0,0,0,0,lower
8362,3,0.706550746263,0,0,0,0,lower
8364,3,0.708278893677,0,0,0,0,lower
8366,4,0.708457172236,0,0,0,0,lower
8380,6,0.706532994129,21.98816759314847,6.640613420617159e-4,0.747812727974557,39.50306782690558,lower
8382,5,0.710305872221,8.045171222482848,2.429710059506268e-4,0.2736144980440288,14.453634807651655,lower
8386,3,0.711386216271,0,0,0,0,lower
8387,4,0.708499590817,0,0,0,0,lower
8403,4,0.708414895277,0,0,0,0,lower
8406,9,0.714694245646,0,0,0,0,lower
8410,4,0.708384811066,0,0,0,0,lower
8418,3,0.706013700314,0,0,0,0,lower
8420,5,0.710450779766,0,0,0,0,lower
9164,4,0.701716415971,0,0,0,0,lower
9176,6,0.707969272932,22.892502800490416,6.91373033630243e-4,0.7785689688273212,41.127760511393724,lower
9177,4,0.702246046155,0,0,0,0,lower
7723,3,0.709285229667,0,0,0,0,lower
7911,9,0.714606305024,0,0,0,0,lower
8018,9,0.714632943325,0,0,0,0,lower
9185,3,0.712069083068,0,0,0,0,lower
9200,3,0.706446972949,0,0,0,0,lower
9202,5,0.710313134166,0,0,0,0,lower
9206,3,0.70861719414,0,0,0,0,lower
9218,3,0.701790736252,0,0,0,0,lower
9233,3,0.707227210538,0,0,0,0,lower
9236,4,0.702928821346,0,0,0,0,lower
9247,4,0.70973186037,0,0,0,0,lower
9253,6,0.711688845073,1.4207576118986793,4.29080869292547e-5,0.0483196528789253,2.5524766477545993,lower
9255,4,0.712436093617,0,0,0,0,lower
10300,4,0.714204289233,0,0,0,0,lower
10309,4,0.714081310013,0,0,0,0,lower
10312,9,0.715191023024,0.5350295514216918,1.6158347004344096e-5,0.018196236985219764,0.9612128236550159,lower
10317,5,0.713286642279,1.2934467593057082,3.9063191019954224e-5,0.04398983887441578,2.323755030831486,lower
10319,4,0.713940443921,0,0,0,0,lower
10328,4,0.707522819613,0,0,0,0,lower
10330,3,0.707765024864,0,0,0,0,lower
10331,5,0.712213311319,1.404308451617076,4.2411308313841855e-5,0.04776022056738927,2.5229247402776753,lower
10335,3,0.714212672437,0,0,0,0,lower
10338,3,0.71067503842,0,0,0,0,lower
10339,3,0.70942428479,0,0,0,0,lower
10344,5,0.71128513597,1.4150412532538181,4.2735448041665194e-5,0.04812524078277469,2.5422068650492298,lower
10354,4,0.709097714337,0,0,0,0,lower
10355,4,0.709081141301,0,0,0,0,lower
10373,3,0.709113301704,0,0,0,0,lower
10374,3,0.709056898204,0,0,0,0,lower
10385,3,0.711961491442,0,0,0,0,lower
10395,5,0.710772737602,2.4212811997028547,7.312474930764562e-5,0.0823472393264596,4.349977552912466,lower
11032,3,0.706692500602,0,0,0,0,lower
11036,9,0.715205341736,0.5341682035956541,1.6132333568212257e-5,0.018166942735719643,0.9596653603909499,lower
11037,5,0.711166838715,2.043363956116109,6.171132747968583e-5,0.06949435726259487,3.6710264560044976,lower
11038,4,0.711209699875,0,0,0,0,lower
11055,4,0.711178885967,0,0,0,0,lower
11057,3,0.710812065477,0,0,0,0,lower
11059,5,0.711232455742,2.0360380814708963,6.149007984147009e-5,0.06924520588242514,3.657865080834179,lower
11062,9,0.715279666163,0,0,0,0,lower
11067,9,0.715353464146,0.5247733083431319,1.584859974985337e-5,0.017847424421241584,0.9427868650449938,lower
11074,3,0.711169930886,0,0,0,0,lower
11096,3,0.71525059234,0,0,0,0,lower
11097,4,0.713463275464,0,0,0,0,lower
11105,3,0.70924771702,0,0,0,0,lower
11106,4,0.709236138604,0,0,0,0,lower
11108,3,0.709214268875,0,0,0,0,lower
11109,4,0.711269992731,0,0,0,0,lower
11116,3,0.711177539224,0,0,0,0,lower
11117,4,0.714723781004,0,0,0,0,lower
11123,3,0.711188054968,0,0,0,0,lower
7709,3,0.712703669453,0,0,0,0,lower
7711,3,0.712078341924,0,0,0,0,lower
7722,5,0.709334414996,0,0,0,0,lower
7726,3,0.712280596974,0,0,0,0,lower
7730,3,0.708193375522,0,0,0,0,lower
7731,3,0.706841704728,0,0,0,0,lower
7747,3,0.701483597667,0,0,0,0,lower
7750,3,0.706142479188,0,0,0,0,lower
7755,3,0.712260059267,0,0,0,0,lower
7757,4,0.712141733128,0,0,0,0,lower
7766,9,0.714570310009,0,0,0,0,lower
7779,5,0.707409258833,22.553477979327585,6.811341960017825e-4,0.7670388094681636,40.51868199456574,lower
7793,3,0.714444225704,0,0,0,0,lower
7799,3,0.708363190771,0,0,0,0,lower
7805,6,0.706570627965,22.042340031228232,6.656973957156462e-4,0.7496551206400596,39.60039187570355,lower
7807,5,0.711830072281,1.418955530852082,4.2853662550632065e-5,0.04825836450017439,2.5492391005823873,lower
7812,3,0.707610619571,0,0,0,0,lower
7819,4,0.711853713316,0,0,0,0,lower
7829,4,0.701652947768,0,0,0,0,lower
7836,3,0.701685253549,0,0,0,0,lower
7837,4,0.708944351602,0,0,0,0,lower
7839,3,0.711755970225,0,0,0,0,lower
7841,3,0.710823445083,0,0,0,0,lower
7856,4,0.712341126962,0,0,0,0,lower
7862,3,0.708387873601,0,0,0,0,lower
7874,6,0.710070718619,0,0,0,0,lower
7889,3,0.71414126112,0,0,0,0,lower
7893,3,0.71154107351,0,0,0,0,lower
7895,5,0.7123290315,1.397147520291392,4.219504210400875e-5,0.04751667887312063,2.5100596957184167,lower
7899,3,0.70925399032,0,0,0,0,lower
7906,3,0.714436499897,0,0,0,0,lower
7924,6,0.70652357358,21.97420506597123,6.636396618786533e-4,0.7473378655062045,39.477983305615616,lower
7929,3,0.707750057176,0,0,0,0,lower
7939,4,0.702359777133,0,0,0,0,lower
7944,3,0.712709014566,0,0,0,0,lower
7947,3,0.708948938297,0,0,0,0,lower
7949,3,0.701726171573,0,0,0,0,lower
7958,3,0.712451749417,0,0,0,0,lower
7963,3,0.711538856357,0,0,0,0,lower
7964,5,0.710955311963,1.678535825818002,5.069320799331633e-5,0.0570866330534572,3.0155907397140678,lower
7966,3,0.711306227099,0,0,0,0,lower
7967,4,0.712778251818,0,0,0,0,lower
7968,9,0.714623206559,0,0,0,0,lower
7970,4,0.709660708967,0,0,0,0,lower
7973,3,0.701620066916,0,0,0,0,lower
7979,4,0.708855490479,0,0,0,0,lower
7983,4,0.711485756704,0,0,0,0,lower
7989,3,0.707747139009,0,0,0,0,lower
7995,4,0.708415932189,0,0,0,0,lower
7998,5,0.709529738266,16.747992225973928,5.058035940150356e-4,0.5695955200243624,30.088777069049154,lower
8003,4,0.711111367999,0,0,0,0,lower
8004,3,0.708581583341,0,0,0,0,lower
8006,3,0.705993229366,0,0,0,0,lower
8007,4,0.707246990771,0,0,0,0,lower
8008,4,0.708424098654,0,0,0,0,lower
8014,3,0.711480184786,0,0,0,0,lower
8015,4,0.711592429883,0,0,0,0,lower
8029,3,0.711711906084,0,0,0,0,lower
8030,5,0.710462386546,5.895324200600862,1.7804379941872888e-4,0.20049867521109296,10.591305108593968,lower
8034,5,0.709682479076,16.319082356872514,4.928501515741225e-4,0.5550083900186823,29.318214648194132,lower
8035,4,0.708978705011,0,0,0,0,lower
8038,3,0.703672621115,0,0,0,0,lower
8048,3,0.708502342138,0,0,0,0,lower
8056,5,0.707651971278,22.446255908277344,6.778959983621372e-4,0.763392210491169,40.32605108399551,lower
8058,3,0.708548152823,0,0,0,0,lower
8059,4,0.708274770512,0,0,0,0,lower
8060,3,0.711810850456,0,0,0,0,lower
8063,3,0.707627538221,0,0,0,0,lower
8066,4,0.71128149618,0,0,0,0,lower
8067,3,0.712456336602,0,0,0,0,lower
8078,4,0.708412383062,0,0,0,0,lower
8082,3,0.702133980189,0,0,0,0,lower
8088,3,0.712823823887,0,0,0,0,lower
8090,3,0.708380335488,0,0,0,0,lower
8094,6,0.708498382222,22.054491919517552,6.660643930660078e-4,0.7500684036793662,39.62222347514378,lower
8096,5,0.709541586257,16.715498575073436,5.04822258151824e-4,0.5684904181272257,30.030400267524964,lower
8097,4,0.708375821112,0,0,0,0,lower
8099,4,0.708363033349,0,0,0,0,lower
8100,4,0.706010658848,0,0,0,0,lower
8111,4,0.708325787051,0,0,0,0,lower
8123,6,0.710199885285,0,0,0,0,lower
8124,3,0.708373581488,0,0,0,0,lower
8127,3,0.707589920273,0,0,0,0,lower
8128,4,0.707329199447,0,0,0,0,lower
8129,5,0.710486498633,5.8691515311546745,1.7725336256562847e-4,0.199608548498441,10.544284331079698,lower
8135,3,0.708273735633,0,0,0,0,lower
8139,3,0.708275149874,0,0,0,0,lower
8144,5,0.709993921883,0,0,0,0,lower
8153,3,0.708478034047,0,0,0,0,lower
8161,3,0.712212424413,0,0,0,0,lower
8165,3,0.711470372075,0,0,0,0,lower
8177,4,0.711312491023,0,0,0,0,lower
8183,3,0.708367872791,0,0,0,0,lower
8185,6,0.708680145923,21.655783526181153,6.540230608518244e-4,0.7365084192002525,38.90591982508281,lower
8195,4,0.712847612861,0,0,0,0,lower
8206,3,0.712522155135,0,0,0,0,lower
8213,4,0.708403596838,0,0,0,0,lower
8215,5,0.709643098631,16.431694320322197,4.962511285433859e-4,0.5588382980468583,29.52052882519085,lower
8433,6,0.707014766921,22.48199628239123,6.789753880247505e-4,0.7646077327283773,40.390260819381545,lower
8436,4,0.708479771255,0,0,0,0,lower
8438,3,0.712356512178,0,0,0,0,lower
8441,3,0.709514732968,0,0,0,0,lower
8451,3,0.708515945207,0,0,0,0,lower
8459,3,0.712579569991,0,0,0,0,lower
8471,5,0.713154523114,1.312090275910205,3.962624106060381e-5,0.044623900760290804,2.3572492316483364,lower
8474,3,0.71241119848,0,0,0,0,lower
8477,3,0.709405857572,0,0,0,0,lower
8478,3,0.714369829044,0,0,0,0,lower
8479,3,0.713034619055,0,0,0,0,lower
8480,5,0.710512278281,5.84099118994552,1.7640289633659653e-4,0.1986508215077265,10.493692581489764,lower
8484,3,0.709595810118,0,0,0,0,lower
8504,6,0.706770937957,0,0,0,0,lower
8511,3,0.702609527228,0,0,0,0,lower
8517,3,0.712777556434,0,0,0,0,lower
8525,3,0.701812940168,0,0,0,0,lower
8527,4,0.708669534174,0,0,0,0,lower
8529,3,0.708356747602,0,0,0,0,lower
8641,4,0.708504654928,0,0,0,0,lower
8642,3,0.708944618012,0,0,0,0,lower
8756,4,0.711504267995,0,0,0,0,lower
8538,3,0.712624699249,0,0,0,0,lower
8544,3,0.71079308732,0,0,0,0,lower
8548,4,0.711174715465,0,0,0,0,lower
8550,3,0.709445352845,0,0,0,0,lower
8552,4,0.70852898875,0,0,0,0,lower
8563,3,0.712665458678,0,0,0,0,lower
8577,5,0.710610803375,4.816320699706915,1.454569769899152e-4,0.1638020042366081,8.65281031130291,lower
8581,3,0.708337415464,0,0,0,0,lower
8588,4,0.711160868019,0,0,0,0,lower
8591,5,0.710544717624,5.805301468330935,1.753250364224955e-4,0.19743702195084248,10.429573846370445,lower
8604,4,0.708475353028,0,0,0,0,lower
8612,4,0.711313893998,0,0,0,0,lower
8616,4,0.705536371683,0,0,0,0,lower
8618,6,0.706817723802,0,0,0,0,lower
8629,3,0.711791565355,0,0,0,0,lower
8635,3,0.711585182046,0,0,0,0,lower
8668,6,0.711457924213,1.41946348577119,4.286900322073842e-5,0.04827563993488886,2.550151672197895,lower
8671,3,0.708360219297,0,0,0,0,lower
8697,9,0.714813228641,0.5545750549867414,1.6748637817514143e-5,0.01886097524859241,0.9963274983895204,lower
8706,4,0.711359685002,0,0,0,0,lower
8713,6,0.706845549427,22.358581454720838,6.752481553781042e-4,0.7604104216717952,40.168538645960034,lower
8714,4,0.709297305914,0,0,0,0,lower
8726,3,0.70189697525,0,0,0,0,lower
8750,4,0.711877804255,0,0,0,0,lower
8758,3,0.711734918302,0,0,0,0,lower
8760,3,0.711917874888,0,0,0,0,lower
8782,6,0.706831081747,22.3454824428616,6.748525540912721e-4,0.7599649271688661,40.14500548196404,lower
8784,4,0.707327726782,0,0,0,0,lower
9029,3,0.711552650441,0,0,0,0,lower
9030,3,0.70840095939,0,0,0,0,lower
8789,3,0.712990339115,0,0,0,0,lower
8790,6,0.707591232531,22.48383513795962,6.790309230251743e-4,0.7646702718004997,40.393564434197756,lower
8794,4,0.714304431951,0,0,0,0,lower
8795,4,0.711576638167,0,0,0,0,lower
8810,4,0.711985078929,0,0,0,0,lower
8813,3,0.712802838156,0,0,0,0,lower
8826,3,0.711656630287,0,0,0,0,lower
8835,4,0.712831945446,0,0,0,0,lower
8836,3,0.711998156573,0,0,0,0,lower
8839,3,0.701345866111,0,0,0,0,lower
8842,4,0.706363320662,0,0,0,0,lower
8844,3,0.714420335041,0,0,0,0,lower
8847,3,0.711998710508,0,0,0,0,lower
8852,3,0.708598924672,0,0,0,0,lower
8857,3,0.708391838649,0,0,0,0,lower
8859,3,0.711727257677,0,0,0,0,lower
8866,3,0.714363066472,0,0,0,0,lower
8872,3,0.709492752532,0,0,0,0,lower
8875,4,0.712083546575,0,0,0,0,lower
8876,4,0.714879819961,0,0,0,0,lower
8886,3,0.711989202045,0,0,0,0,lower
8889,3,0.712689812847,0,0,0,0,lower
8895,4,0.711949731967,0,0,0,0,lower
8899,3,0.707617457684,0,0,0,0,lower
8908,9,0.714887021483,0.5512552713169466,1.664837753025831e-5,0.01874807013852002,0.9903633070160008,lower
8915,5,0.712786063172,1.3570900047139705,4.098527110143145e-5,0.04615433160734987,2.4380939555934735,lower
8928,3,0.714357261464,0,0,0,0,lower
8930,5,0.710089784111,0,0,0,0,lower
8938,4,0.712137539109,0,0,0,0,lower
8947,3,0.712573769484,0,0,0,0,lower
8949,3,0.701524636191,0,0,0,0,lower
8950,4,0.705134133039,0,0,0,0,lower
8960,3,0.708569645181,0,0,0,0,lower
8962,3,0.712755750911,0,0,0,0,lower
8972,5,0.712347319544,1.3959024508930427,4.21574399503902e-5,0.04747433433761748,2.5078228535311884,lower
8990,4,0.709661681591,0,0,0,0,lower
9000,3,0.70193042774,0,0,0,0,lower
9022,3,0.709745710652,0,0,0,0,lower
9055,3,0.709061975843,0,0,0,0,lower
9057,3,0.714217545651,0,0,0,0,lower
9075,3,0.711978024901,0,0,0,0,lower
9080,3,0.710121598721,0,0,0,0,lower
9087,3,0.701530403957,0,0,0,0,lower
9100,3,0.707681597131,0,0,0,0,lower
9107,3,0.709209650691,0,0,0,0,lower
9127,4,0.70890309679,0,0,0,0,lower
9130,3,0.708196502501,0,0,0,0,lower
9134,4,0.712124880483,0,0,0,0,lower
9145,3,0.71530777442,0,0,0,0,lower
9149,3,0.712776736495,0,0,0,0,lower
9268,3,0.712635003105,0,0,0,0,lower
9275,5,0.710259645956,8.591207422608075,2.594617630968669e-4,0.2921850687229491,15.434621738832488,lower
9277,6,0.708236658859,22.531377267979963,6.804667357427206e-4,0.7662871691519332,40.47897673510337,lower
9282,3,0.71010211355,0,0,0,0,lower
9289,5,0.712373411632,1.3940729911543404,4.2102188712005554e-5,0.047412114815589414,2.504536118889095,lower
9319,3,0.707239613704,0,0,0,0,lower
9427,3,0.707621956673,0,0,0,0,lower
9315,3,0.71300752866,0,0,0,0,lower
9323,3,0.711004141278,0,0,0,0,lower
9329,5,0.710300936497,8.052665478506551,2.4319733884952668e-4,0.27386937603772626,14.467098690113088,lower
9332,3,0.705810495994,0,0,0,0,lower
9334,5,0.713589020969,0.570596721348387,1.7232505753353175e-5,0.01940586858624069,1.025111387283534,lower
9345,4,0.713873730478,0,0,0,0,lower
9354,3,0.712695552851,0,0,0,0,lower
9362,4,0.707302088277,0,0,0,0,lower
9366,4,0.712212512619,0,0,0,0,lower
9368,3,0.712944528191,0,0,0,0,lower
9372,4,0.70747664227,0,0,0,0,lower
9386,4,0.711607409305,0,0,0,0,lower
9390,3,0.714471020689,0,0,0,0,lower
9395,4,0.711753212271,0,0,0,0,lower
9411,4,0.712283176933,0,0,0,0,lower
9413,4,0.703126812164,0,0,0,0,lower
9421,3,0.714088295098,0,0,0,0,lower
9430,5,0.710430797395,6.360201856873538,1.9208349958979416e-4,0.21630906172188225,11.426485826093806,lower
9446,3,0.702073992827,0,0,0,0,lower
9450,3,0.707911866486,0,0,0,0,lower
9451,5,0.712342655758,1.396222884484851,4.216711731709738e-5,0.047485232213368596,2.508398531784394,lower
9459,3,0.715362323261,0,0,0,0,lower
9460,3,0.708687474725,0,0,0,0,lower
9470,4,0.713698640724,0,0,0,0,lower
9486,4,0.710879802829,0,0,0,0,lower
9488,9,0.714988150767,0,0,0,0,lower
9494,3,0.713045692601,0,0,0,0,lower
9496,4,0.710654978503,0,0,0,0,lower
9504,3,0.707220663414,0,0,0,0,lower
9511,3,0.713981895101,0,0,0,0,lower
9512,4,0.713303875303,0,0,0,0,lower
9523,3,0.712300300869,0,0,0,0,lower
9529,5,0.710378402609,0,0,0,0,lower
9540,3,0.706996214738,0,0,0,0,lower
9544,4,0.710970855621,0,0,0,0,lower
9549,5,0.71075364186,2.42776026303468,7.33204225247615e-5,0.08256759084071681,4.361617580539491,lower
9552,5,0.710493679091,5.861326251153608,1.7701703246138023e-4,0.19934241245231657,10.530225744099354,lower
9554,5,0.711043934051,1.6616651945978647,5.018370059748569e-5,0.05651286660830263,2.9852816343032353,lower
9557,3,0.715600250802,0,0,0,0,lower
9560,4,0.704817046092,0,0,0,0,lower
9564,3,0.713476823177,0,0,0,0,lower
9566,3,0.710187582536,0,0,0,0,lower
9569,3,0.711726493486,0,0,0,0,lower
9590,3,0.712168237105,0,0,0,0,lower
9592,4,0.704029262883,0,0,0,0,lower
9595,5,0.711085291301,0,0,0,0,lower
9596,3,0.707864069622,0,0,0,0,lower
9600,5,0.711264773406,0,0,0,0,lower
9609,3,0.707775322636,0,0,0,0,lower
9613,4,0.708143737695,0,0,0,0,lower
9623,4,0.711424981872,0,0,0,0,lower
9629,9,0.715022502958,0.544520397312828,1.6444978613507047e-5,0.018519018559744794,0.9782637001040878,lower
9632,3,0.712804935687,0,0,0,0,lower
9640,4,0.713728606789,0,0,0,0,lower
9641,3,0.715245385464,0,0,0,0,lower
9643,3,0.715627147345,0,0,0,0,lower
9659,4,0.715232706406,0,0,0,0,lower
9664,3,0.714516944045,0,0,0,0,lower
9668,3,0.711947106625,0,0,0,0,lower
9669,6,0.712056003531,1.4120257712596995,4.264437792354397e-5,0.048022684905545406,2.536789369969667,lower
9690,3,0.713960317524,0,0,0,0,lower
9692,4,0.712082649229,0,0,0,0,lower
9712,5,0.709976147389,12.446019635722491,3.7588036691150664e-4,0.4232863814952319,22.36002412489091,lower
9718,3,0.711920178068,0,0,0,0,lower
9719,3,0.708883455982,0,0,0,0,lower
9720,3,0.713853496691,0,0,0,0,lower
9722,4,0.707460476843,0,0,0,0,lower
9728,6,0.70949016763,16.855528270781175,5.09051273928889e-4,0.573252797179552,30.28197205239017,lower
9942,5,0.714090246121,0,0,0,0,lower
9740,5,0.712229373401,1.403389039102859,4.2383541274796296e-5,0.047728951550656616,2.521272960303007,lower
9743,4,0.705961337199,0,0,0,0,lower
9752,3,0.712083484971,0,0,0,0,lower
9755,4,0.715140651998,0,0,0,0,lower
9765,3,0.714268490522,0,0,0,0,lower
9786,3,0.713162640256,0,0,0,0,lower
9790,3,0.707317913005,0,0,0,0,lower
9794,3,0.714512815059,0,0,0,0,lower
9796,5,0.706862225401,22.373184820687396,6.756891894370492e-4,0.760907078925966,40.194774472744335,lower
9801,9,0.715069886282,0,0,0,0,lower
9803,3,0.707717432421,0,0,0,0,lower
9814,3,0.713315747541,0,0,0,0,lower
9818,3,0.712539841601,0,0,0,0,lower
9826,3,0.715643759685,0,0,0,0,lower
9828,4,0.713565074122,0,0,0,0,lower
9838,3,0.71530758391,0,0,0,0,lower
9840,3,0.710436190218,0,0,0,0,lower
9849,4,0.715179715625,0,0,0,0,lower
9850,3,0.715263170539,0,0,0,0,lower
9853,3,0.715287737927,0,0,0,0,lower
9858,9,0.715078825004,0.5414829647618579,1.6353245569920112e-5,0.018415716148920555,0.9728067695266617,lower
9860,3,0.712173960953,0,0,0,0,lower
9861,4,0.707259441849,0,0,0,0,lower
9862,3,0.71483296892,0,0,0,0,lower
9873,4,0.714504795265,0,0,0,0,lower
9907,5,0.712217593311,0,0,0,0,lower
9909,3,0.714335085077,0,0,0,0,lower
9914,4,0.714813321256,0,0,0,0,lower
9919,3,0.711441824823,0,0,0,0,lower
9921,6,0.710070003849,10.759218464764224,3.2493753847286685e-4,0.36591864587737005,19.329584194660825,lower
9925,5,0.714373212354,0.5690021566340997,1.718434854426842e-5,0.01935163779216148,1.0222466557047867,lower
9926,3,0.706541072154,0,0,0,0,lower
9928,5,0.714274751942,0,0,0,0,lower
9946,3,0.714062218287,0,0,0,0,lower
9949,3,0.715345302314,0,0,0,0,lower
9955,6,0.709832264737,0,0,0,0,lower
9957,3,0.71535248099,0,0,0,0,lower
9958,3,0.71134935791,0,0,0,0,lower
9965,3,0.707766690547,0,0,0,0,lower
9971,4,0.713724308877,0,0,0,0,lower
9976,3,0.711845104215,0,0,0,0,lower
9984,5,0.712229823393,1.4033629332557678,4.2382752856035084e-5,0.04772806369655751,2.521226059575879,lower
9992,4,0.715348138834,0,0,0,0,lower
10001,4,0.711184430095,0,0,0,0,lower
10002,5,0.710185557137,9.328341519931712,2.8172383909180857e-4,0.3172548367182784,16.758927555619785,lower
10006,3,0.713351045013,0,0,0,0,lower
10010,4,0.711276914347,0,0,0,0,lower
10020,4,0.7112180048,0,0,0,0,lower
10030,3,0.712627305154,0,0,0,0,lower
10041,3,0.715370683085,0,0,0,0,lower
10043,4,0.71526761438,0,0,0,0,lower
10050,6,0.712016503449,0,0,0,0,lower
10053,3,0.714268720786,0,0,0,0,lower
10059,3,0.714335499016,0,0,0,0,lower
10067,3,0.710726165277,0,0,0,0,lower
10069,6,0.712008061326,1.41390878409404,4.270124651091463e-5,0.048086725756539196,2.540172315974548,lower
10077,3,0.711925768245,0,0,0,0,lower
10079,3,0.707453281945,0,0,0,0,lower
10082,5,0.715294757229,0,0,0,0,lower
10088,4,0.71414731665,0,0,0,0,lower
10096,3,0.708761918409,0,0,0,0,lower
10102,3,0.70722371904,0,0,0,0,lower
10104,3,0.714052317941,0,0,0,0,lower
10110,9,0.715116924991,0.5393509979519101,1.628885836097933e-5,0.018343208428150085,0.968976562705593,lower
10114,3,0.706540519429,0,0,0,0,lower
10115,3,0.713115368599,0,0,0,0,lower
10117,3,0.715386497411,0,0,0,0,lower
10119,4,0.715196532261,0,0,0,0,lower
10121,5,0.714250306143,0,0,0,0,lower
10126,6,0.711779658905,1.4198236804409903,4.287988140578125e-5,0.048287890076128874,2.550798783623244,lower
10159,3,0.713663617666,0,0,0,0,lower
10163,6,0.709844825505,15.267655735422345,4.6109617433332786e-4,0.5192496026290171,27.429263376279035,lower
10168,3,0.714816280895,0,0,0,0,lower
10171,4,0.71407374826,0,0,0,0,lower
10172,3,0.712449281802,0,0,0,0,lower
10176,3,0.713924891718,0,0,0,0,lower
10178,6,0.7106840156,4.750708592056569,1.4347543559601738e-4,0.16157055093326625,8.534934206902765,lower
10539,4,0.709041697167,0,0,0,0,lower
10180,4,0.714443679012,0,0,0,0,lower
10181,4,0.714135714081,0,0,0,0,lower
10186,3,0.708970420148,0,0,0,0,lower
10201,5,0.713735326719,0.5726862603048092,1.7295611605071546e-5,0.0194769333450748,1.0288653699095454,lower
10205,6,0.710149329809,10.59945196208944,3.2011245435736364e-4,0.3604850223751819,19.042554046973756,lower
10210,3,0.707573641549,0,0,0,0,lower
10212,3,0.706673297086,0,0,0,0,lower
10224,4,0.713683360946,0,0,0,0,lower
10228,5,0.713711512126,0.5724203574916028,1.7287581114206504e-5,0.019467890049071276,1.028387659485475,lower
10230,6,0.710219983018,8.655205898769802,2.6139457144889637e-4,0.294361642775424,15.549598857045064,lower
10234,5,0.712361401435,1.3949228300647574,4.2127854569107886e-5,0.04744101764940882,2.506062905692858,lower
10253,5,0.713362376086,1.2822040035453666,3.87236502443504e-5,0.043607475231812264,2.303556742753106,lower
10254,3,0.714201105052,0,0,0,0,lower
10260,4,0.712891164093,0,0,0,0,lower
10264,6,0.710568073699,5.779433597695319,1.745438047524259e-4,0.19655726137848173,10.383100658282924,lower
10281,5,0.711829949961,0,0,0,0,lower
10283,4,0.713027386627,0,0,0,0,lower
10287,3,0.707568552407,0,0,0,0,lower
10288,6,0.712099106967,1.4101448844880922,4.258757354507412e-5,0.04795871636147604,2.5334102435645787,lower
10295,6,0.710724958841,3.2788187327023213,9.902311135257391e-5,0.11151190160112431,5.89059539597233,lower
10402,3,0.712616565895,0,0,0,0,lower
10414,3,0.707037050787,0,0,0,0,lower
10418,3,0.712902376695,0,0,0,0,lower
10421,3,0.709088193216,0,0,0,0,lower
10422,4,0.713397891771,0,0,0,0,lower
10446,6,0.710683840066,4.750867282718591,1.4348022818883117e-4,0.16157594796766525,8.535219304237902,lower
10464,6,0.710642388435,4.788157592527878,1.4460642722624294e-4,0.16284418317586827,8.60221359248144,lower
10466,3,0.712088534409,0,0,0,0,lower
10473,3,0.706686063694,0,0,0,0,lower
10474,3,0.709138531763,0,0,0,0,lower
10475,3,0.707778805096,0,0,0,0,lower
10478,5,0.71083797336,1.6994707255021388,5.132545974968857e-5,0.057798624372258425,3.0532015482850206,lower
10483,4,0.709095095262,0,0,0,0,lower
10485,4,0.709065986598,0,0,0,0,lower
10487,3,0.712181371283,0,0,0,0,lower
10501,3,0.709078631102,0,0,0,0,lower
10502,3,0.707759180437,0,0,0,0,lower
10510,6,0.710806302128,2.4097673743650367,7.27770220005062e-5,0.08195565666733982,4.329292272006717,lower
10513,3,0.707489255593,0,0,0,0,lower
10524,3,0.714199225158,0,0,0,0,lower
10528,3,0.710815059242,0,0,0,0,lower
10532,3,0.710790258359,0,0,0,0,lower
10546,4,0.714425546049,0,0,0,0,lower
10550,3,0.709008862792,0,0,0,0,lower
10565,3,0.709113082488,0,0,0,0,lower
10586,3,0.707034365944,0,0,0,0,lower
10590,5,0.710863214885,1.6951050792230176,5.1193613523085155e-5,0.05765014970562094,3.045358401722587,lower
10591,4,0.709095319646,0,0,0,0,lower
10598,3,0.711656098363,0,0,0,0,lower
10605,3,0.709109924948,0,0,0,0,lower
10608,3,0.710851654513,0,0,0,0,lower
10618,3,0.709124975292,0,0,0,0,lower
10621,4,0.709030364518,0,0,0,0,lower
10623,4,0.713140913,0,0,0,0,lower
10626,4,0.709116611826,0,0,0,0,lower
10628,3,0.709119331245,0,0,0,0,lower
10641,4,0.712883121853,0,0,0,0,lower
10642,5,0.710940261369,1.681311520738221,5.077703633808703e-5,0.05718103382521413,3.020577442868649,lower
10643,4,0.710880810389,0,0,0,0,lower
10644,3,0.710866989913,0,0,0,0,lower
10653,3,0.711867631062,0,0,0,0,lower
10654,3,0.706716167024,0,0,0,0,lower
10660,4,0.708495491604,0,0,0,0,lower
10668,4,0.707617181211,0,0,0,0,lower
10671,4,0.711964958712,0,0,0,0,lower
10672,4,0.710714764155,0,0,0,0,lower
10677,4,0.70913658527,0,0,0,0,lower
10678,3,0.714608118154,0,0,0,0,lower
10683,3,0.709173180275,0,0,0,0,lower
10684,3,0.709199009065,0,0,0,0,lower
10692,4,0.711978419961,0,0,0,0,lower
10693,3,0.711005510854,0,0,0,0,lower
10694,7,0.710639426514,4.790807965289079,1.4468647073533986e-4,0.16293432176865036,8.60697514682692,lower
10695,4,0.707692494924,0,0,0,0,lower
10699,5,0.712200682371,1.405014363424334,4.243262745015092e-5,0.04778422847218892,2.5241929533692753,lower
10703,3,0.714511797893,0,0,0,0,lower
10706,3,0.70678241843,0,0,0,0,lower
10715,4,0.713531056111,0,0,0,0,lower
10716,4,0.709175374145,0,0,0,0,lower
10724,3,0.709423352167,0,0,0,0,lower
10726,4,0.709187029599,0,0,0,0,lower
10733,3,0.712062982479,0,0,0,0,lower
10786,4,0.714543286663,0,0,0,0,lower
10787,3,0.710996921264,0,0,0,0,lower
10789,3,0.706525286658,0,0,0,0,lower
10801,3,0.710999010938,0,0,0,0,lower
11194,3,0.707798775304,0,0,0,0,lower
11644,4,0.708945421393,0,0,0,0,lower
11689,3,0.708131921616,0,0,0,0,lower
10828,4,0.712652514711,0,0,0,0,lower
10840,4,0.711053317741,0,0,0,0,lower
10856,4,0.714559993002,0,0,0,0,lower
10860,3,0.707784291716,0,0,0,0,lower
10862,3,0.711113914398,0,0,0,0,lower
10871,3,0.71204790934,0,0,0,0,lower
10875,4,0.712086018125,0,0,0,0,lower
10879,5,0.711117184619,1.6470564623623205,4.9742504472658145e-5,0.05601602684850763,2.959036166693391,lower
10880,4,0.712116278489,0,0,0,0,lower
10881,3,0.709251125281,0,0,0,0,lower
10882,3,0.712082048367,0,0,0,0,lower
10883,5,0.711025807638,1.665188297232386,5.029010129021237e-5,0.05663268655150139,2.991611100446472,lower
10885,3,0.709163979938,0,0,0,0,lower
10886,3,0.710969175544,0,0,0,0,lower
10887,3,0.711062750913,0,0,0,0,lower
10888,3,0.709192002379,0,0,0,0,lower
10893,4,0.714560122092,0,0,0,0,lower
10894,4,0.709131775624,0,0,0,0,lower
10897,4,0.709200059712,0,0,0,0,lower
10901,3,0.710700331059,0,0,0,0,lower
10909,3,0.709209358554,0,0,0,0,lower
10911,4,0.707811453237,0,0,0,0,lower
10925,3,0.707186394765,0,0,0,0,lower
10929,3,0.707818556289,0,0,0,0,lower
10930,3,0.709161316825,0,0,0,0,lower
10932,3,0.709210005021,0,0,0,0,lower
10940,4,0.710957628112,0,0,0,0,lower
10944,3,0.714365586017,0,0,0,0,lower
10950,3,0.710981613807,0,0,0,0,lower
10956,4,0.706774165862,0,0,0,0,lower
10958,3,0.711055604282,0,0,0,0,lower
10959,3,0.711117000831,0,0,0,0,lower
10960,3,0.711590667751,0,0,0,0,lower
10978,4,0.711469863797,0,0,0,0,lower
10981,4,0.713472291571,0,0,0,0,lower
10990,9,0.715264580447,0.5305159009267955,1.602203092468258e-5,0.01804272872786212,0.9531037786019667,lower
11020,7,0.710792918996,2.4143773245998155,7.291624641412668e-5,0.08211244005760154,4.3375743253443435,lower
11139,3,0.706907255543,0,0,0,0,lower
11146,4,0.710959226032,0,0,0,0,lower
11148,3,0.709297426452,0,0,0,0,lower
11155,3,0.711308605459,0,0,0,0,lower
11161,3,0.707956322172,0,0,0,0,lower
11169,9,0.715311761024,0,0,0,0,lower
11184,4,0.70918003568,0,0,0,0,lower
11185,5,0.711298017611,1.4154728172895286,4.274848164219263e-5,0.04813991818040109,2.5429821958403065,lower
11188,4,0.709227992865,0,0,0,0,lower
11198,5,0.712592413943,1.3762978458931423,4.1565364223676155e-5,0.04680758604748678,2.4726019995082242,lower
11209,4,0.70925981966,0,0,0,0,lower
11219,3,0.709207770001,0,0,0,0,lower
11235,3,0.709252994193,0,0,0,0,lower
11237,3,0.708348512416,0,0,0,0,lower
11242,4,0.712383389379,0,0,0,0,lower
11267,9,0.71510571543,0.5399846657558275,1.6307995667010318e-5,0.018364759330337353,0.970114985092626,lower
11288,9,0.715383882637,0.5227374228887656,1.578711427948013e-5,0.01777818440617331,0.9391292741679484,lower
11293,3,0.709276845535,0,0,0,0,lower
11300,9,0.71535746896,0,0,0,0,lower
11304,3,0.714509593848,0,0,0,0,lower
11318,3,0.709252755011,0,0,0,0,lower
11333,3,0.709234104406,0,0,0,0,lower
11334,3,0.709276906003,0,0,0,0,lower
11336,4,0.712335606623,0,0,0,0,lower
11347,7,0.710996217362,1.670859913590808,5.046138892273917e-5,0.056825576972362936,3.001800500938614,lower
11356,4,0.709051490453,0,0,0,0,lower
11357,3,0.708376856309,0,0,0,0,lower
11359,3,0.708027281225,0,0,0,0,lower
11361,3,0.70888497927,0,0,0,0,lower
11368,3,0.708248096791,0,0,0,0,lower
11372,9,0.715420085385,0.5202685222493315,1.5712551382635986e-5,0.017694217640209207,0.9346937454225769,lower
11373,4,0.711351960697,0,0,0,0,lower
11376,3,0.70922974439,0,0,0,0,lower
11377,9,0.715432437436,0.5194148820410484,1.5686770723108586e-5,0.017665185525088167,0.9331601293581765,lower
11379,3,0.70924883957,0,0,0,0,lower
11402,9,0.714871750551,0,0,0,0,lower
11408,3,0.709244310463,0,0,0,0,lower
11409,4,0.711510883192,0,0,0,0,lower
11410,3,0.708383728332,0,0,0,0,lower
11414,3,0.711459970191,0,0,0,0,lower
11415,4,0.711412275691,0,0,0,0,lower
11422,9,0.715428503932,0,0,0,0,lower
11429,3,0.709312738986,0,0,0,0,lower
11450,3,0.70929616727,0,0,0,0,lower
11462,4,0.709263321366,0,0,0,0,lower
11463,3,0.711434654644,0,0,0,0,lower
11464,3,0.709252857649,0,0,0,0,lower
11469,5,0.710599961154,5.25537036989697,1.587166500382965e-4,0.1787339866398831,9.44158949571765,lower
11481,4,0.709256388773,0,0,0,0,lower
11488,3,0.70919273507,0,0,0,0,lower
11492,3,0.711689033343,0,0,0,0,lower
11493,4,0.709156654005,0,0,0,0,lower
11500,5,0.707649774969,22.447739087923846,6.779407916475441e-4,0.7634426531036709,40.32871570558925,lower
11507,3,0.711638211518,0,0,0,0,lower
11513,4,0.709212825156,0,0,0,0,lower
11519,3,0.709313746621,0,0,0,0,lower
11524,5,0.711249767622,2.0340218412711657,6.14291876744771e-5,0.06917663399813213,3.654242783840677,lower
11526,3,0.711567004342,0,0,0,0,lower
11532,4,0.707258879942,0,0,0,0,lower
11543,9,0.715458243986,0,0,0,0,lower
11548,3,0.7092908686,0,0,0,0,lower
11553,4,0.707208439122,0,0,0,0,lower
11554,3,0.711589308459,0,0,0,0,lower
11563,9,0.714656754718,0,0,0,0,lower
11564,3,0.711921643142,0,0,0,0,lower
11596,3,0.709176003567,0,0,0,0,lower
11623,9,0.714644468908,0,0,0,0,lower
11631,4,0.70906695420700006,0,0,0,0,lower
11648,3,0.706908665042,0,0,0,0,lower
11649,4,0.708718508504,0,0,0,0,lower
11656,3,0.708949542562,0,0,0,0,lower
11659,3,0.708203249447,0,0,0,0,lower
11662,4,0.708866993617,0,0,0,0,lower
11663,7,0.711147681045,2.0454077082565996,6.177305053066341e-5,0.06956386482192238,3.6746981798571174,lower
11669,4,0.708639570932,0,0,0,0,lower
11673,7,0.711136768113,2.0465525498250776,6.18076257186681e-5,0.06960280063104769,3.676754956709443,lower
11681,3,0.708218486184,0,0,0,0,lower
11692,3,0.711671058437,0,0,0,0,lower
11694,4,0.708686641333,0,0,0,0,lower
11695,4,0.711550668984,0,0,0,0,lower
11697,4,0.711749440012,0,0,0,0,lower
11704,5,0.711308855769,1.4158232226756717,4.275906418255222e-5,0.048151835390264006,2.5436117202277795,lower
11707,4,0.711709219534,0,0,0,0,lower
11713,3,0.711694378292,0,0,0,0,lower
11718,4,0.714969258778,0,0,0,0,lower
11735,9,0.715428258559,0,0,0,0,lower
11736,3,0.707016666897,0,0,0,0,lower
11742,3,0.707014383392,0,0,0,0,lower
11744,4,0.711787218844,0,0,0,0,lower
11746,4,0.707482554917,0,0,0,0,lower
11750,3,0.708861663602,0,0,0,0,lower
11752,7,0.711200073879,2.0397161724193,6.160116131295129e-5,0.0693702969439796,3.664472992821061,lower
11754,9,0.71542792466,0,0,0,0,lower
11759,4,0.711756917024,0,0,0,0,lower
11762,5,0.708794024319,20.541131245847463,6.203596149973737e-4,0.6985993411032158,36.90337984775623,lower
11772,7,0.71129099501,0,0,0,0,lower
11780,3,0.709346264996,0,0,0,0,lower
11789,5,0.708707742451,20.733557175266416,6.261710415474078e-4,0.7051437045024044,37.24908462325834,lower
11792,5,0.711394668096,1.4181874917044688,4.2830467115862004e-5,0.04823224365823816,2.5478592719807835,lower
11816,3,0.708028116163,0,0,0,0,lower
11819,3,0.71178505497,0,0,0,0,lower
11833,3,0.708805113609,0,0,0,0,lower
11855,3,0.708649029675,0,0,0,0,lower
11858,3,0.711789543966,0,0,0,0,lower
11860,3,0.709277377245,0,0,0,0,lower
11861,3,0.705009986457,0,0,0,0,lower
11862,5,0.708732301291,20.67992738270849,6.245513762492588e-4,0.7033197670913603,37.15273546983372,lower
11880,3,0.711826385122,0,0,0,0,lower
11881,4,0.707151939486,0,0,0,0,lower
11882,5,0.708658220189,21.706686317418406,6.555603683932782e-4,0.7382396118981156,38.99736975633814,lower
11909,3,0.704992155341,0,0,0,0,lower
11916,5,0.707797528511,23.054081881195508,6.96252859142195e-4,0.78406423770836,41.41804706471666,lower
11918,9,0.714646870433,0,0,0,0,lower
11936,3,0.707937758984,0,0,0,0,lower
11946,5,0.707758307942,23.08307803824391,6.971285677196662e-4,0.7850503906113377,41.47014040781814,lower
11959,4,0.707232622981,0,0,0,0,lower
11979,3,0.718487570854,0,0,0,0,lower
11984,3,0.708883498274,0,0,0,0,lower
11990,5,0.707697385806,22.413503227684544,6.769068395821509e-4,0.7622782990513539,40.26720892002304,lower
11992,5,0.707715900856,22.399011898322136,6.764691891238354e-4,0.7617854521373683,40.24117437374809,lower
11998,4,0.711941791569,0,0,0,0,lower
12004,3,0.708910227721,0,0,0,0,lower
12016,9,0.715520821887,0,0,0,0,lower
12023,3,0.7088993504,0,0,0,0,lower
12024,9,0.71539161537,0,0,0,0,lower
12034,3,0.705159665758,0,0,0,0,lower
12042,9,0.715559535009,0,0,0,0,lower
12044,4,0.711897635265,0,0,0,0,lower
12048,4,0.712009210349,0,0,0,0,lower
12056,9,0.715587413533,0,0,0,0,lower
12073,3,0.70517469511,0,0,0,0,lower
12098,3,0.704968319818,0,0,0,0,lower
12103,7,0.711391245747,0,0,0,0,lower
12105,3,0.708798767249,0,0,0,0,lower
12109,3,0.712192050202,0,0,0,0,lower
12113,3,0.706503861747,0,0,0,0,lower
12115,9,0.714667139362,0.5604000337185805,1.692455712401203e-5,0.019059081489933214,1.0067924236253012,lower
12118,3,0.705154703323,0,0,0,0,lower
12130,3,0.705107397712,0,0,0,0,lower
12136,3,0.708365886815,0,0,0,0,lower
12142,3,0.707856652295,0,0,0,0,lower
12143,9,0.714635194857,0,0,0,0,lower
12144,9,0.714623101047,0.5619572814130797,1.697158732739532e-5,0.019112043140403732,1.009590112929719,lower
12158,9,0.714621117618,0.5620252232166683,1.6973639227585823e-5,0.01911435382615187,1.009712174473232,lower
12165,3,0.70888757056,0,0,0,0,lower
12173,3,0.70834395071,0,0,0,0,lower
12180,3,0.706558955473,0,0,0,0,lower
12189,3,0.711997133809,0,0,0,0,lower
12195,4,0.705093600473,0,0,0,0,lower
12196,3,0.706901028864,0,0,0,0,lower
12213,4,0.705082599541,0,0,0,0,lower
12226,4,0.70507389916,0,0,0,0,lower
12229,4,0.705074008188,0,0,0,0,lower
12231,9,0.714744642069,0,0,0,0,lower
12239,3,0.712211332962,0,0,0,0,lower
12255,3,0.705043706419,0,0,0,0,lower
12258,3,0.706859070503,0,0,0,0,lower
12267,8,0.711462938807,0,0,0,0,lower
12272,4,0.705007700469,0,0,0,0,lower
12274,3,0.708927849191,0,0,0,0,lower
12281,3,0.718140346827,0,0,0,0,lower
12292,3,0.705092868231,0,0,0,0,lower
12294,3,0.705001655946,0,0,0,0,lower
12300,3,0.705000091408,0,0,0,0,lower
12304,3,0.707541583854,0,0,0,0,lower
12307,3,0.706578736465,0,0,0,0,lower
12341,3,0.70900274625,0,0,0,0,lower
12345,9,0.714796325053,0.5553002134408288,1.677053821890906e-5,0.018885637727603797,0.9976302892417236,lower
12384,3,0.705065132186,0,0,0,0,lower
12388,5,0.711405861295,1.418442144581406,4.2838157849093977e-5,0.04824090434639156,2.548316771216559,lower
12404,3,0.707209286986,0,0,0,0,lower
12405,4,0.71210543417,0,0,0,0,lower
12438,3,0.705040754611,0,0,0,0,lower
12447,4,0.707162617856,0,0,0,0,lower
12451,3,0.708935821183,0,0,0,0,lower
12452,3,0.705091021941,0,0,0,0,lower
12455,3,0.706551838323,0,0,0,0,lower
12460,5,0.711561957994,1.420699817219409,4.290634148083942e-5,0.048317687294636175,2.5523728161312693,lower
12481,3,0.706386510354,0,0,0,0,lower
12482,8,0.711524770745,1.4203810280543816,4.2896713777218094e-5,0.04830684534547702,2.5518000921898483,lower
12490,3,0.70508245227,0,0,0,0,lower
12494,3,0.709365685106,0,0,0,0,lower
12497,3,0.705091484915,0,0,0,0,lower
12504,4,0.707011895718,0,0,0,0,lower
12516,3,0.70897936499,0,0,0,0,lower
12517,4,0.705100098986,0,0,0,0,lower
12523,8,0.711540141108,1.4205293982379483,4.2901194682814427e-5,0.048311891382681035,2.552066648163651,lower
12526,3,0.709164322666,0,0,0,0,lower
12530,3,0.709082898423,0,0,0,0,lower
12533,3,0.7093892865,0,0,0,0,lower
12536,4,0.705112859573,0,0,0,0,lower
12776,3,0.70880018929,0,0,0,0,lower
12537,4,0.70899349934,0,0,0,0,lower
12543,3,0.709272466369,0,0,0,0,lower
12544,4,0.705107505909,0,0,0,0,lower
12547,3,0.708714110845,0,0,0,0,lower
12549,4,0.705133342518,0,0,0,0,lower
12555,3,0.706481562233,0,0,0,0,lower
12580,3,0.70917384858,0,0,0,0,lower
12591,3,0.705057410665,0,0,0,0,lower
12621,3,0.71189848482,0,0,0,0,lower
12622,3,0.709279901655,0,0,0,0,lower
12623,3,0.706643458578,0,0,0,0,lower
12630,3,0.705105882904,0,0,0,0,lower
12637,3,0.705727655208,0,0,0,0,lower
12643,4,0.707074720722,0,0,0,0,lower
12653,4,0.706517263328,0,0,0,0,lower
12655,3,0.709289292584,0,0,0,0,lower
12658,9,0.714917408185,0.5498161063763322,1.6604913526363305e-5,0.018699124456453196,0.9877777604932014,lower
12662,4,0.712393418938,0,0,0,0,lower
12665,3,0.713161869937,0,0,0,0,lower
12673,3,0.707259502036,0,0,0,0,lower
12687,4,0.707051874134,0,0,0,0,lower
12689,4,0.705158063911,0,0,0,0,lower
12694,4,0.70930548396,0,0,0,0,lower
12697,3,0.709311120258,0,0,0,0,lower
12705,3,0.706772733614,0,0,0,0,lower
12710,9,0.715034759895,0.5438710852660273,1.6425368838049922e-5,0.0184969356003091,0.9770971718921787,lower
12711,4,0.709326829623,0,0,0,0,lower
12715,8,0.711567635122,1.420736434751702,4.290744736142426e-5,0.048318932648829506,2.552438601734171,lower
12718,4,0.708725373618,0,0,0,0,lower
12734,3,0.705120085327,0,0,0,0,lower
12755,3,0.705138265262,0,0,0,0,lower
12760,3,0.709342579698,0,0,0,0,lower
12762,4,0.709461165909,0,0,0,0,lower
12763,4,0.707039368957,0,0,0,0,lower
12765,3,0.713942056434,0,0,0,0,lower
12766,5,0.711605958749,1.4209001649658348,4.291239215299329e-5,0.048324501077283755,2.5527327529282986,lower
12769,4,0.707023433371,0,0,0,0,lower
12772,8,0.711677936067,1.420815144623684,4.29098244664286e-5,0.04832160955420764,2.552580008761309,lower
12774,4,0.707284171181,0,0,0,0,lower
12788,3,0.706449470241,0,0,0,0,lower
12789,4,0.705168639916,0,0,0,0,lower
12790,3,0.706805433192,0,0,0,0,lower
12799,9,0.71510578739,0,0,0,0,lower
12803,9,0.715137958149,0,0,0,0,lower
12814,3,0.709448846931,0,0,0,0,lower
12822,3,0.705137647022,0,0,0,0,lower
12827,3,0.70673771835,0,0,0,0,lower
12828,4,0.712479928053,0,0,0,0,lower
12839,3,0.709389489282,0,0,0,0,lower
12845,3,0.712118257247,0,0,0,0,lower
12855,4,0.705166834835,0,0,0,0,lower
12863,3,0.705142480402,0,0,0,0,lower
12870,4,0.707271347123,0,0,0,0,lower
12871,9,0.715163450649,0,0,0,0,lower
12881,8,0.711708564706,1.4206238307389552,4.290404662457298e-5,0.04831510301120298,2.552236301841091,lower
12883,3,0.707220766338,0,0,0,0,lower
12885,5,0.711748955004,1.420230232876437,4.289215963473132e-5,0.04830171683474931,2.5515291795675448,lower
12895,3,0.708447811641,0,0,0,0,lower
12896,3,0.705145216622,0,0,0,0,lower
12908,4,0.712324183775,0,0,0,0,lower
12911,4,0.707248756353,0,0,0,0,lower
12914,3,0.705137854176,0,0,0,0,lower
12927,4,0.705154253647,0,0,0,0,lower
12942,3,0.717201940614,0,0,0,0,lower
12943,4,0.705156334491,0,0,0,0,lower
12957,3,0.709444999916,0,0,0,0,lower
12958,3,0.705266815364,0,0,0,0,lower
12964,4,0.705783261719,0,0,0,0,lower
12968,4,0.712527036321,0,0,0,0,lower
12976,4,0.705164905391,0,0,0,0,lower
12991,3,0.7051810227,0,0,0,0,lower
12992,3,0.709472641844,0,0,0,0,lower
13272,5,0.705247722106,18.22322952595133,5.503570138092232e-4,0.6197680150734577,32.7391297587361,lower
13336,5,0.705199402103,0,0,0,0,lower
13620,4,0.706524956117,0,0,0,0,lower
12999,9,0.715375322044,0.523313959708938,1.5804526181264568e-5,0.017797792296209824,0.9401650573006493,lower
13000,9,0.715366300541,0.5239185061378179,1.582278399702843e-5,0.017818352786857932,0.9412511613829193,lower
13003,5,0.705188427914,18.0321014297847,5.445847829260249e-4,0.61326779069680315,32.3957566188638,lower
13006,4,0.705189836537,0,0,0,0,lower
13010,4,0.712560044589,0,0,0,0,lower
13012,9,0.715177307942,0.5358466678251923,1.6183024613937096e-5,0.01822402693379942,0.9626808225036336,lower
13013,5,0.707164563545,22.544978206456236,6.808774956398149e-4,0.7667497340683533,40.50341164050701,lower
13026,3,0.709045642307,0,0,0,0,lower
13027,4,0.707033347543,0,0,0,0,lower
13029,4,0.707047964645,0,0,0,0,lower
13032,9,0.715276639087,0.5297551149348309,1.599905454137526e-5,0.01801685456414903,0.9517369807314746,lower
13046,9,0.715261707408,0,0,0,0,lower
13050,4,0.712615300923,0,0,0,0,lower
13052,3,0.705153047703,0,0,0,0,lower
13053,5,0.707449726967,0,0,0,0,lower
13056,3,0.715516228514,0,0,0,0,lower
13061,3,0.70694469592,0,0,0,0,lower
13065,3,0.707245062585,0,0,0,0,lower
13072,3,0.705149569651,0,0,0,0,lower
13086,9,0.715342011321,0,0,0,0,lower
13097,5,0.711794924166,1.4195871000360358,4.28727364765572e-5,0.048279844028759775,2.5503737526722183,lower
13098,3,0.716288049295,0,0,0,0,lower
13104,3,0.706641797435,0,0,0,0,lower
13109,3,0.705192123832,0,0,0,0,lower
13115,4,0.706305048504,0,0,0,0,lower
13125,3,0.714068032341,0,0,0,0,lower
13127,9,0.715392639938,0,0,0,0,lower
13128,3,0.70516739468,0,0,0,0,lower
13134,4,0.705222765809,0,0,0,0,lower
13135,3,0.707132017623,0,0,0,0,lower
13136,9,0.715378139119,0,0,0,0,lower
13137,9,0.715178116906,0.5357986871971917,1.6181575558208007e-5,0.018222395123228437,0.9625946224146879,lower
13149,3,0.70514389476,0,0,0,0,lower
13152,5,0.705223321816,18.145005975250154,5.47994596120737e-4,0.617107649374775,32.59859643707937,lower
13158,3,0.718833379352,0,0,0,0,lower
13162,9,0.715368506887,0.5237709431454001,1.5818327469290566e-5,0.017813334202046775,0.9409860555766474,lower
13165,4,0.705176075741,0,0,0,0,lower
13168,3,0.706451945891,0,0,0,0,lower
13171,3,0.71881046674,0,0,0,0,lower
13175,3,0.706711294336,0,0,0,0,lower
13181,3,0.706690687078,0,0,0,0,lower
13196,4,0.70653777777,0,0,0,0,lower
13210,4,0.706527323383,0,0,0,0,lower
13216,3,0.706868549365,0,0,0,0,lower
13218,9,0.715449816573,0.5182042097427525,1.565020739113481e-5,0.017624010827367836,0.9309850836335551,lower
13239,5,0.705242855423,18.207676121366557,5.498872877768725e-4,0.6192390472155153,32.71118713033613,lower
13243,3,0.706011557253,0,0,0,0,lower
13246,5,0.707465830392,22.53875024867371,6.806894060236225e-4,0.7665379225984192,40.49222273912794,lower
13261,5,0.705246402222,0,0,0,0,lower
13273,4,0.706759680229,0,0,0,0,lower
13276,4,0.706446487696,0,0,0,0,lower
13278,3,0.705169003397,0,0,0,0,lower
13282,4,0.707012903977,0,0,0,0,lower
13286,9,0.715256578728,0.5310175211755674,1.6037180282362964e-5,0.018059788721836254,0.9540049696005638,lower
13290,4,0.707094640707,0,0,0,0,lower
13297,3,0.705327968167,0,0,0,0,lower
13305,5,0.707465410208,22.53888270618717,6.806934063530625e-4,0.7665424274492242,40.492460707031185,lower
13326,6,0.713952240531,0.5737712501201375,1.7328379219282143e-5,0.019513833609282272,1.030814619481382,lower
13328,9,0.715107784187,0,0,0,0,lower
13337,5,0.705214672963,0,0,0,0,lower
13341,9,0.715451331761,0.5180981280289783,1.564700363325373e-5,0.01762040301169017,0.9307945014435357,lower
13345,3,0.706724295547,0,0,0,0,lower
13348,3,0.718939477047,0,0,0,0,lower
13349,3,0.705213426131,0,0,0,0,lower
13351,4,0.706744895109,0,0,0,0,lower
13356,5,0.705237169667,0,0,0,0,lower
13359,3,0.707130370678,0,0,0,0,lower
13361,4,0.706516391225,0,0,0,0,lower
13362,3,0.705180330795,0,0,0,0,lower
13365,5,0.711849076277,1.4185636940261677,4.284182874559199e-5,0.04824503821618704,2.5485351421171996,lower
13367,5,0.705246097802,18.21804111968618,5.502003195320399e-4,0.6195915585212443,32.72980847428902,lower
13370,3,0.708757820342,0,0,0,0,lower
13371,4,0.705186980748,0,0,0,0,lower
13380,3,0.710413993862,0,0,0,0,lower
13388,3,0.706499379976,0,0,0,0,lower
13390,3,0.705170887076,0,0,0,0,lower
13391,3,0.707243430201,0,0,0,0,lower
13392,3,0.705223874074,0,0,0,0,lower
13393,3,0.706856856988,0,0,0,0,lower
13398,3,0.718949199874,0,0,0,0,lower
13406,4,0.706464023317,0,0,0,0,lower
13408,9,0.715543521535,0,0,0,0,lower
13410,9,0.715525570338,0,0,0,0,lower
13420,4,0.706483328587,0,0,0,0,lower
13422,9,0.715551557708,0.5108958519968418,1.542948877816004e-5,0.017375455193078128,0.917855178628194,lower
13425,3,0.705231705884,0,0,0,0,lower
13432,3,0.705223013563,0,0,0,0,lower
13433,3,0.705433536682,0,0,0,0,lower
13443,4,0.705238839327,0,0,0,0,lower
13453,3,0.710760544224,0,0,0,0,lower
13465,5,0.707402994557,22.55472370050922,6.811718178398101e-4,0.7670811761706726,40.52092000772092,lower
13466,5,0.70690903771,22.411337432353548,6.768414307231343e-4,0.762204640830047,40.2633179382258,lower
13470,3,0.71880321908,0,0,0,0,lower
13501,4,0.711916917733,0,0,0,0,lower
13510,5,0.707416524678,22.551936855518456,6.81087652753436e-4,0.7669863961874767,40.51591327279282,lower
13513,5,0.706575980382,22.049835218494053,6.659237567388492e-4,0.749910030305096,39.61385743119756,lower
13514,5,0.707301834666,22.564195260533292,6.814578669994027e-4,0.7674033018371142,40.53793623594787,lower
13516,3,0.705204755535,0,0,0,0,lower
13520,3,0.706561808904,0,0,0,0,lower
13529,5,0.70729915662,22.564173479565593,6.814572091956735e-4,0.767402561071209,40.53789710512713,lower
13531,5,0.707423419158,22.5503789538791,6.810406028003624e-4,0.7669334122964859,40.51311440863707,lower
13535,3,0.718910053701,0,0,0,0,lower
13553,6,0.714024849594,0.5735949004485421,1.732305330937648e-5,0.019507835995864305,1.0304977966716242,lower
13556,3,0.707304970531,0,0,0,0,lower
13559,3,0.706744180291,0,0,0,0,lower
13560,3,0.719069999584,0,0,0,0,lower
13569,3,0.70529914707,0,0,0,0,lower
13572,4,0.706504515008,0,0,0,0,lower
13573,3,0.705232896968,0,0,0,0,lower
13574,3,0.706920461634,0,0,0,0,lower
13585,3,0.710822766543,0,0,0,0,lower
13594,3,0.705226754418,0,0,0,0,lower
13600,4,0.7065114905,0,0,0,0,lower
13608,3,0.705277420075,0,0,0,0,lower
13614,3,0.707376343962,0,0,0,0,lower
13616,5,0.707372275127,22.559720106715748,6.813227135521033e-4,0.7672511028432587,40.52989635249503,lower
13622,4,0.705262785803,0,0,0,0,lower
14041,5,0.706684067453,22.18992496356123,6.701545860575861e-4,0.7546744516228864,39.86553709835486,lower
14044,5,0.706172684836,21.342959184868498,6.445754999742921e-4,0.7258693323794501,38.34391204883539,lower
13624,3,0.71073205168,0,0,0,0,lower
13632,3,0.705259786411,0,0,0,0,lower
13635,5,0.706589308948,22.06827223303552,6.664805702417549e-4,0.7505370691013737,39.64698063861681,lower
13642,4,0.70653434877,0,0,0,0,lower
13645,5,0.711853952781,0,0,0,0,lower
13647,4,0.706751802781,0,0,0,0,lower
13648,4,0.706853711476,0,0,0,0,lower
13654,4,0.710795045242,0,0,0,0,lower
13656,6,0.714096956207,0.5731520508601665,1.7309678875570552e-5,0.019492774779082022,1.0297021907052513,lower
13662,3,0.705304456878,0,0,0,0,lower
13667,3,0.70729642875,0,0,0,0,lower
13670,3,0.713530699207,0,0,0,0,lower
13674,3,0.710868859756,0,0,0,0,lower
13680,5,0.706584684732,0,0,0,0,lower
13685,3,0.706709516431,0,0,0,0,lower
13688,3,0.705285574996,0,0,0,0,lower
13695,4,0.706544956191,0,0,0,0,lower
13697,4,0.712058166151,0,0,0,0,lower
13698,3,0.705525973188,0,0,0,0,lower
13708,3,0.706914674593,0,0,0,0,lower
13719,4,0.707092829454,0,0,0,0,lower
13727,3,0.706876821153,0,0,0,0,lower
13732,3,0.719066305415,0,0,0,0,lower
13740,4,0.719110081191,0,0,0,0,lower
13751,3,0.705038588233,0,0,0,0,lower
13755,3,0.719203265984,0,0,0,0,lower
13762,3,0.712860198486,0,0,0,0,lower
13763,3,0.707560276429,0,0,0,0,lower
13772,4,0.705651659639,0,0,0,0,lower
13779,4,0.713312365722,0,0,0,0,lower
13785,3,0.705545470121,0,0,0,0,lower
13787,5,0.706427099313,21.82204670590963,6.590443501338082e-4,0.742162993255492,39.20462164450944,lower
13800,8,0.711716053097,1.4205629875248347,4.290220910781525e-5,0.04831303374691629,2.552126993341234,lower
13801,3,0.707996001059,0,0,0,0,lower
13811,3,0.706810722518,0,0,0,0,lower
13817,5,0.706601708624,22.08513230670167,6.669897587904856e-4,0.7511104764864468,39.67727077674584,lower
13818,5,0.71205391242,1.412112502716266,4.264699728721775e-5,0.04802563462324523,2.5369451882567966,lower
13826,4,0.706750987855,0,0,0,0,lower
13827,3,0.718121866639,0,0,0,0,lower
13837,5,0.706641065916,22.136774782202117,6.685494054251103e-4,0.7528668256828839,39.77004959534459,lower
13846,4,0.706816857013,0,0,0,0,lower
13847,3,0.707141274648,0,0,0,0,lower
13850,4,0.706810431322,0,0,0,0,lower
13855,3,0.719209888357,0,0,0,0,lower
13865,3,0.707036262544,0,0,0,0,lower
13875,5,0.707503350943,22.52553232564237,6.802902135183682e-4,0.7660883839527658,40.468475944047086,lower
13881,5,0.707512632563,0,0,0,0,lower
13882,3,0.706594767029,0,0,0,0,lower
13890,4,0.707360207978,0,0,0,0,lower
13899,3,0.707057599571,0,0,0,0,lower
13911,3,0.706944872578,0,0,0,0,lower
13915,3,0.714653266264,0,0,0,0,lower
13921,6,0.707610810233,22.47250234388103,6.786886630158644e-4,0.7642848459745604,40.373204386856,lower
13941,3,0.706492002124,0,0,0,0,lower
13948,6,0.714081151686,0.5732719196172992,1.731329901387428e-5,0.019496851489062085,1.0299175421493076,lower
13954,3,0.706902684086,0,0,0,0,lower
13955,3,0.706953897299,0,0,0,0,lower
13961,3,0.706717040041,0,0,0,0,lower
13968,3,0.707170804511,0,0,0,0,lower
13978,3,0.716346592231,0,0,0,0,lower
13980,3,0.705506086367,0,0,0,0,lower
13983,4,0.707087999005,0,0,0,0,lower
13997,6,0.713902636922,0.5737360498000309,1.732731613970937e-5,0.019512636454162683,1.0307513799855574,lower
14004,3,0.717016050804,0,0,0,0,lower
14021,4,0.706921037211,0,0,0,0,lower
14029,3,0.706698801496,0,0,0,0,lower
14034,4,0.705086977133,0,0,0,0,lower
14035,3,0.705238658837,0,0,0,0,lower
14045,6,0.707626958845,0,0,0,0,lower
14050,4,0.707596725507,0,0,0,0,lower
14053,4,0.7065390982,0,0,0,0,lower
14076,4,0.706571747488,0,0,0,0,lower
14079,3,0.707259313647,0,0,0,0,lower
14089,3,0.71198253073,0,0,0,0,lower
14090,4,0.70660708147,0,0,0,0,lower
14092,4,0.705508575862,0,0,0,0,lower
14101,3,0.705479369508,0,0,0,0,lower
14110,3,0.711639777058,0,0,0,0,lower
14112,3,0.707616824082,0,0,0,0,lower
14122,5,0.712327668071,1.3972391124136276,4.2197808263915266e-5,0.04751979390098732,2.5102242464842663,lower
14123,8,0.71198548177,1.4147190535462602,4.272571733676191e-5,0.04811428284181664,2.5416280138626743,lower
14192,3,0.705254059985,0,0,0,0,lower
14437,3,0.706919313628,0,0,0,0,lower
14481,5,0.713973999618,0.573746811897124,1.7327641164184864e-5,0.019513002470710077,1.0307707147413812,lower
14132,3,0.70649958164,0,0,0,0,lower
14133,3,0.706908272643,0,0,0,0,lower
14134,3,0.705604204643,0,0,0,0,lower
14145,3,0.707232346796,0,0,0,0,lower
14147,3,0.716343041163,0,0,0,0,lower
14148,3,0.706925444852,0,0,0,0,lower
14168,6,0.713900291519,0.5737312564427046,1.7327171376245767e-5,0.019512473433137712,1.0307427684303299,lower
14171,4,0.714515989021,0,0,0,0,lower
14172,3,0.714577827592,0,0,0,0,lower
14174,4,0.706693368096,0,0,0,0,lower
14178,3,0.706541642711,0,0,0,0,lower
14179,3,0.706495031865,0,0,0,0,lower
14189,3,0.707365451894,0,0,0,0,lower
14190,8,0.712053028354,1.4121490445056675,4.264810088030292e-5,0.04802687740143953,2.5370108377830305,lower
14199,5,0.706648196842,22.14582577596742,6.688227531263827e-4,0.7531746479836663,39.78631025094933,lower
14200,3,0.71270431159,0,0,0,0,lower
14201,3,0.707036283414,0,0,0,0,lower
14219,5,0.705719546438,20.232091702066633,6.110263582207978e-4,0.6880889744113242,36.348171688301676,lower
14223,8,0.713107737794,0,0,0,0,lower
14232,3,0.705321926013,0,0,0,0,lower
14235,4,0.711790032583,0,0,0,0,lower
14238,3,0.705297633308,0,0,0,0,lower
14239,3,0.706859414924,0,0,0,0,lower
14245,8,0.712961656937,1.336976947444025,4.037783968419021e-5,0.04547029096770907,2.4019596364340785,lower
14248,5,0.705741700792,20.29343871261439,6.128790900586482e-4,0.6901753727033355,36.458385288792925,lower
14252,3,0.706900034565,0,0,0,0,lower
14257,4,0.707025755087,0,0,0,0,lower
14260,8,0.712983425932,1.334311375338912,4.0297337141994055e-05,0.04537963544859439,2.3971707755515284,lower
14265,4,0.706735309409,0,0,0,0,lower
14271,3,0.705527592755,0,0,0,0,lower
14273,3,0.705642480999,0,0,0,0,lower
14282,5,0.70574447752,0,0,0,0,lower
14304,5,0.712752410978,1.3606560870147375,4.109296981659351e-5,0.046275613279513836,2.444500637296565,lower
14309,5,0.713034468193,1.3279163201121846,4.010420104102388e-5,0.04516214103145446,2.385681673546642,lower
14311,8,0.712101745448,1.4100239923861013,4.2583922500886256e-5,0.047954604847763156,2.5331930536198293,lower
14316,6,0.714025056341,0.5735940118644772,1.7323026473382792e-5,0.01950780577531633,1.030496200276816,lower
14318,3,0.715591182529,0,0,0,0,lower
14319,8,0.713388499617,0.5659806086368031,1.7093095227697652e-5,0.01924887561150262,1.0168182626850495,lower
14321,5,0.706885340562,22.392548465993272,6.762739879762888e-4,0.7615656322300727,40.22956242815962,lower
14336,8,0.712745018966,1.361426722575077,4.111624366523376e-5,0.04630182242487396,2.44588513051006,lower
14352,3,0.710667267255,0,0,0,0,lower
14362,3,0.706129455329,0,0,0,0,lower
14363,5,0.706658190272,22.158351625479614,6.692010444233857e-4,0.7536006493616452,39.808813694256905,lower
14364,3,0.707014983695,0,0,0,0,lower
14370,8,0.712619274912,1.3738255261812888,4.149069806794016e-5,0.046723502999624134,2.4681603281932585,lower
14387,5,0.706761201656,22.276618974708768,6.727728188479022e-4,0.7576228958122739,40.021288112532815,lower
14389,6,0.714021675715,0.5736082662378578,1.732345696756914e-5,0.01950829056340966,1.0305218091173936,lower
14397,3,0.713992780977,0,0,0,0,lower
14402,3,0.707552498282,0,0,0,0,lower
14418,5,0.714725927091,0.5581769001624549,1.6857416601883065e-5,0.018983473208241924,1.002798430252099,lower
14421,5,0.714383615117,0.5687705503994689,1.717735383921411e-5,0.01934376091522749,1.0218305611504315,lower
14424,3,0.712574733491,0,0,0,0,lower
14429,4,0.706610812923,0,0,0,0,lower
14431,3,0.707221489927,0,0,0,0,lower
14452,5,0.713951106251,0.573771857166417,1.732839755259552e-5,0.01951385425479229,1.0308157100765967,lower
14456,3,0.71406590191,0,0,0,0,lower
14460,3,0.718842512842,0,0,0,0,lower
14462,3,0.718802398019,0,0,0,0,lower
14471,3,0.707254231086,0,0,0,0,lower
14472,3,0.711879749281,0,0,0,0,lower
14474,4,0.712985709447,0,0,0,0,lower
14475,3,0.712086315823,0,0,0,0,lower
14479,5,0.714919951545,0.5496937583731208,1.6601218512721676e-5,0.01869496342786106,0.9875579549341946,lower
14483,4,0.70515454027,0,0,0,0,lower
14484,3,0.709828314423,0,0,0,0,lower
14485,5,0.713252376536,1.2984021879230796,3.9212849174241175e-5,0.04415837190823686,2.332657756897864,lower
14486,4,0.712849503384,0,0,0,0,lower
14487,4,0.713126138896,0,0,0,0,lower
14496,5,0.71424990828,0.5713328019841037,1.7254736013912585e-5,0.019430902526239222,1.0264338004930753,lower
14501,3,0.707338937041,0,0,0,0,lower
14502,5,0.713894273652,0.5737176652847623,1.7326760911729106e-5,0.01951201120085509,1.0307183510962448,lower
14506,5,0.705775266165,20.385084235894904,6.156468627220952e-4,0.693292216727774,36.623031992837085,lower
14507,4,0.714567443458,0,0,0,0,lower
14510,4,0.714616301143,0,0,0,0,lower
14522,3,0.712755283894,0,0,0,0,lower
14524,5,0.715437705662,0.5190490687217136,1.5675722850076313e-5,0.017652744294817283,0.932502923690426,lower
14526,5,0.713793883375,0.5732168299604183,1.7311635259433304e-5,0.01949497790198755,1.0298185702616727,lower
14527,4,0.706134968367,0,0,0,0,lower
14531,5,0.713007274294,1.331348609596982,4.02078590994757e-5,0.04527887243946977,2.391847988395078,lower
14535,4,0.712945950518,0,0,0,0,lower
14537,8,0.71300084757,1.3321513876166744,4.0232103677696064e-5,0.045306174742779995,2.393290227473324,lower
14538,5,0.713622595001,0.5711723085428092,1.724988897563317e-5,0.01942544417971498,1.0261454643563612,lower
14542,4,0.713760913073,0,0,0,0,lower
14544,3,0.70534742062,0,0,0,0,lower
14551,3,0.707282856767,0,0,0,0,lower
14552,3,0.706758441902,0,0,0,0,lower
14561,4,0.706612701617,0,0,0,0,lower
14563,8,0.712931853187,1.3405657135949969,4.048622347090024e-5,0.04559234411261312,2.4084070710407226,lower
14570,3,0.718804524203,0,0,0,0,lower
14573,3,0.713775345128,0,0,0,0,lower
14578,4,0.706772946497,0,0,0,0,lower
14581,4,0.707410300119,0,0,0,0,lower
14588,3,0.718315915781,0,0,0,0,lower
14589,3,0.718740554359,0,0,0,0,lower
14605,3,0.705199374716,0,0,0,0,lower
14607,3,0.70735892413300006,0,0,0,0,lower
14610,4,0.715149907376,0,0,0,0,lower
14722,4,0.705343673359,0,0,0,0,lower
14765,4,0.713161060139,0,0,0,0,lower
14806,5,0.718911756716,0,0,0,0,lower
15003,4,0.706921604701,0,0,0,0,lower
15004,3,0.706987056709,0,0,0,0,lower
14616,3,0.705208582628,0,0,0,0,lower
14617,3,0.707203734451,0,0,0,0,lower
14634,4,0.713703785092,0,0,0,0,lower
14635,3,0.705786866424,0,0,0,0,lower
14637,5,0.713721352416,0.5725337387479317,1.7291005324474295e-5,0.019471746120580523,1.0285913557434774,lower
14641,3,0.706636082868,0,0,0,0,lower
14644,3,0.707623945185,0,0,0,0,lower
14657,3,0.707411668762,0,0,0,0,lower
14659,4,0.707557293839,0,0,0,0,lower
14660,4,0.707353982216,0,0,0,0,lower
14666,4,0.707225093549,0,0,0,0,lower
14667,3,0.719414280136,0,0,0,0,lower
14669,3,0.719055288282,0,0,0,0,lower
14672,3,0.705289854726,0,0,0,0,lower
14673,3,0.718731042319,0,0,0,0,lower
14674,3,0.708631868036,0,0,0,0,lower
14675,4,0.718777260847,0,0,0,0,lower
14677,4,0.707036144154,0,0,0,0,lower
14683,3,0.718819733971,0,0,0,0,lower
14685,3,0.705219323144,0,0,0,0,lower
14687,5,0.706358737126,21.704245656932308,6.554866583730572e-4,0.738156605573535,38.99298496272965,lower
14691,5,0.714234712728,0.5715668356267655,1.7261804028751712e-5,0.01943886195878472,1.026854256032205,lower
14698,5,0.706364109052,0,0,0,0,lower
14701,3,0.706770480079,0,0,0,0,lower
14704,3,0.707276041471,0,0,0,0,lower
14705,3,0.719381587046,0,0,0,0,lower
14708,4,0.718869215217,0,0,0,0,lower
14709,3,0.719270150445,0,0,0,0,lower
14710,5,0.71404960859,0.5734728933300528,1.7319368590743063e-5,0.019503686560686347,1.0302786035325584,lower
14712,3,0.70726419858,0,0,0,0,lower
14714,5,0.714197900949,0.5720851609839075,1.7277457894897228e-5,0.0194564900898084,1.02778545876444,lower
14715,4,0.707499122916,0,0,0,0,lower
14716,5,0.706390643145,0,0,0,0,lower
14733,5,0.705900071185,0,0,0,0,lower
14744,3,0.705465079748,0,0,0,0,lower
14750,5,0.70604482709,21.061453077855106,6.360737763800016e-4,0.7162953717965419,37.83816936737142,lower
14755,3,0.707976961289,0,0,0,0,lower
14757,3,0.706284289527,0,0,0,0,lower
14758,3,0.706280137998,0,0,0,0,lower
14762,3,0.710819317822,0,0,0,0,lower
14764,5,0.706917182623,22.41754652699585,6.770289506564661e-4,0.7624158107687443,40.27447295083699,lower
14771,4,0.706262042239,0,0,0,0,lower
14774,5,0.706454154688,21.866394242070342,6.603836834027247e-4,0.7436712431746725,39.28429466507795,lower
14777,5,0.715945952671,0.47930988357007165,1.4475565696805328e-5,0.01630122337658509,0.8611090833542068,lower
14782,3,0.705877772084,0,0,0,0,lower
14784,4,0.712877633111,0,0,0,0,lower
14788,5,0.718841580227,0,0,0,0,lower
14789,4,0.713192334172,0,0,0,0,lower
14790,5,0.706520785822,21.97004247264778,6.635139480238212e-4,0.7471962966257841,39.470504955921605,lower
14800,5,0.706498954651,0,0,0,0,lower
14803,3,0.717148229097,0,0,0,0,lower
14817,4,0.705107442482,0,0,0,0,lower
14821,3,0.719567560051,0,0,0,0,lower
14825,4,0.711785629146,0,0,0,0,lower
14826,3,0.705256269511,0,0,0,0,lower
14830,4,0.705188677126,0,0,0,0,lower
14832,4,0.71124238686,0,0,0,0,lower
14833,3,0.705215253273,0,0,0,0,lower
14838,3,0.719236428093,0,0,0,0,lower
14842,3,0.709899299091,0,0,0,0,lower
14850,3,0.713397742045,0,0,0,0,lower
14851,4,0.706728272594,0,0,0,0,lower
14853,4,0.705258427571,0,0,0,0,lower
14854,4,0.71921103473,0,0,0,0,lower
14855,3,0.705522868098,0,0,0,0,lower
14856,3,0.719294073846,0,0,0,0,lower
14859,3,0.705253661968,0,0,0,0,lower
14867,5,0.706580165294,22.055659064205617,6.660996418271722e-4,0.7501080980126673,39.62432032089416,lower
14870,3,0.705251176964,0,0,0,0,lower
14871,3,0.707668165179,0,0,0,0,lower
14875,4,0.7051457942,0,0,0,0,lower
14881,4,0.707410097053,0,0,0,0,lower
14884,3,0.709848756347,0,0,0,0,lower
14887,5,0.706557716741,22.02404499136806,6.651448699687349e-4,0.749032910371365,39.56752373435296,lower
14888,4,0.707252890226,0,0,0,0,lower
14893,3,0.705231770238,0,0,0,0,lower
14896,3,0.707673696885,0,0,0,0,lower
14902,3,0.705173078595,0,0,0,0,lower
14904,3,0.706045974302,0,0,0,0,lower
14908,3,0.719274121949,0,0,0,0,lower
14911,3,0.705224057905,0,0,0,0,lower
14915,3,0.705695505301,0,0,0,0,lower
14918,4,0.707352802356,0,0,0,0,lower
14919,3,0.71014589013,0,0,0,0,lower
14920,4,0.71187875784,0,0,0,0,lower
14939,4,0.705068181201,0,0,0,0,lower
14940,3,0.714450647767,0,0,0,0,lower
14945,3,0.705191740428,0,0,0,0,lower
14948,3,0.706460271178,0,0,0,0,lower
14950,3,0.70790278852,0,0,0,0,lower
14951,3,0.713900388365,0,0,0,0,lower
14952,3,0.705668936763,0,0,0,0,lower
14954,3,0.717892786031,0,0,0,0,lower
14955,3,0.713152636543,0,0,0,0,lower
14959,4,0.71145798521,0,0,0,0,lower
14965,3,0.712317714605,0,0,0,0,lower
14972,3,0.705611184446,0,0,0,0,lower
14992,3,0.712498629985,0,0,0,0,lower
14995,3,0.707248180828,0,0,0,0,lower
14996,3,0.705128880829,0,0,0,0,lower
15002,5,0.707383557264,0,0,0,0,lower
15007,3,0.709985997414,0,0,0,0,lower
15008,8,0.713575852043,0.5703553986843587,1.7225217603876157e-5,0.0193976612556869,1.0246778365783695,lower
15012,4,0.705761688508,0,0,0,0,lower
15014,7,0.706698616708,0,0,0,0,lower
15015,3,0.707683236961,0,0,0,0,lower
15016,4,0.706712500188,0,0,0,0,lower
15017,4,0.706814874686,0,0,0,0,lower
15022,3,0.710601702347,0,0,0,0,lower
15026,3,0.705338650551,0,0,0,0,lower
15033,3,0.70564858411,0,0,0,0,lower
15040,3,0.705175922092,0,0,0,0,lower
15043,8,0.713939506045,0.573774271437674,1.7328470465638602e-5,0.01951393636362501,1.030820047460365,lower
15048,8,0.713891286654,0.5737102286312997,1.732653631847649e-5,0.019511758281911786,1.0307049907002548,lower
15051,8,0.713987800833,0.5737187083685945,1.7326792413747026e-5,0.019512046675906062,1.0307202250591931,lower
15053,4,0.707580350017,0,0,0,0,lower
15054,7,0.706706966487,0,0,0,0,lower
15057,3,0.705481255106,0,0,0,0,lower
15061,4,0.709481522904,0,0,0,0,lower
15062,3,0.710614635166,0,0,0,0,lower
15064,4,0.710707773134,0,0,0,0,lower
15065,3,0.705649713364,0,0,0,0,lower
15066,3,0.705168785227,0,0,0,0,lower
15071,3,0.705714307783,0,0,0,0,lower
15077,3,0.705608545453,0,0,0,0,lower
15079,4,0.705786409644,0,0,0,0,lower
15081,4,0.705669958085,0,0,0,0,lower
15092,3,0.705627012658,0,0,0,0,lower
15095,3,0.705608173902,0,0,0,0,lower
15105,3,0.705604390867,0,0,0,0,lower
15113,3,0.705563859022,0,0,0,0,lower
15141,8,0.714090926244,0.573199294164178,1.7311105663488752e-5,0.019494381513426834,1.0297870661472284,lower
15191,5,0.707295773693,22.564125868431617,6.814557712989779e-4,0.7674009418270483,40.53781156885647,lower
15293,5,0.706258795201,21.517454793780324,6.498454156117357e-4,0.7318038895346627,38.657403923278316,lower
15115,5,0.705823525134,20.514059767372693,6.195420333479982e-4,0.6976786460938312,36.85474430567055,lower
15119,4,0.709362469162,0,0,0,0,lower
15121,4,0.705700952606,0,0,0,0,lower
15127,3,0.705649318781,0,0,0,0,lower
15130,8,0.714063885498,0.5733882474860151,1.7316812214339552e-5,0.019500807774208425,1.0301265321739916,lower
15134,5,0.705828101943,20.526118556023746,6.199062190101883e-4,0.6980887628349836,36.87640864600154,lower
15137,4,0.705675628405,0,0,0,0,lower
15138,3,0.705515877725,0,0,0,0,lower
15139,3,0.705326673313,0,0,0,0,lower
15140,3,0.705279377372,0,0,0,0,lower
15145,4,0.707077660098,0,0,0,0,lower
15146,7,0.706718763695,0,0,0,0,lower
15150,3,0.705550369505,0,0,0,0,lower
15151,3,0.70659703224,0,0,0,0,lower
15154,5,0.707354764288,22.56174088919863,6.813837428999066e-4,0.7673198292095995,40.53352680997388,lower
15157,3,0.711261865579,0,0,0,0,lower
15159,4,0.705405638377,0,0,0,0,lower
15164,4,0.70756502009,0,0,0,0,lower
15165,8,0.714111616708,0.5730294251578844,1.7305975475181057e-5,0.01948860430600577,1.029481886243133,lower
15167,3,0.705505943155,0,0,0,0,lower
15169,4,0.705559934888,0,0,0,0,lower
15170,4,0.705598641747,0,0,0,0,lower
15172,3,0.705560096402,0,0,0,0,lower
15174,3,0.705658755745,0,0,0,0,lower
15183,3,0.70563926528,0,0,0,0,lower
15190,3,0.705420366768,0,0,0,0,lower
15199,3,0.705650051054,0,0,0,0,lower
15200,3,0.70562001743,0,0,0,0,lower
15203,4,0.70562154773,0,0,0,0,lower
15207,4,0.705655637439,0,0,0,0,lower
15210,3,0.705609752993,0,0,0,0,lower
15212,8,0.714096748334,0.573153710479602,1.7309728997487484e-5,0.019492831222372813,1.029705172311556,lower
15214,3,0.705653751115,0,0,0,0,lower
15217,8,0.713863866806,0,0,0,0,lower
15219,5,0.706750601722,22.26536705251264,6.7243300123815e-4,0.757240220421212,40.00107335640028,lower
15220,3,0.705377508506,0,0,0,0,lower
15223,4,0.705677177968,0,0,0,0,lower
15224,5,0.706746733997,22.261208757969385,6.72307417210132e-4,0.7570987977413575,39.99360272972389,lower
15225,5,0.705655236514,20.050224315081742,6.055338086226186e-4,0.6819037047104896,36.021435970414714,lower
15231,5,0.705621233627,19.33815594980001,5.840287390307341e-4,0.6576864167309473,34.742162251404,lower
15232,3,0.705621235481,0,0,0,0,lower
15235,3,0.705425715252,0,0,0,0,lower
15239,4,0.705476424832,0,0,0,0,lower
15241,3,0.712856622694,0,0,0,0,lower
15242,3,0.708376829931,0,0,0,0,lower
15243,4,0.705668231695,0,0,0,0,lower
15244,3,0.705319690799,0,0,0,0,lower
15246,4,0.70874354782,0,0,0,0,lower
15247,3,0.705444320697,0,0,0,0,lower
15248,6,0.706717104277,22.228420874152544,6.713171952628717e-4,0.7559836890476606,39.93469732103849,lower
15250,7,0.706702649085,0,0,0,0,lower
15253,5,0.705695692572,20.165285860803866,6.090087650576305e-4,0.685816922491231,36.22815096954661,lower
15259,6,0.706712032341,22.22264335282538,6.71142709210314e-4,0.755787196822181,39.92431765588944,lower
15260,6,0.70670733921,22.217254464235786,6.709799601966062e-4,0.7556039219103511,39.91463619286781,lower
15261,6,0.706698398022,22.206873820245267,6.706664559288855e-4,0.7552508784988071,39.89598674052453,lower
15263,4,0.708300803275,0,0,0,0,lower
15264,4,0.705512143363,0,0,0,0,lower
15267,6,0.706721985404,22.23393556134662,6.71483743501311e-4,0.7561712423422704,39.9446047888322,lower
15268,3,0.7054762749,0,0,0,0,lower
15273,8,0.713851632827,0.573568099773855,1.732224390623156e-5,0.019506924510831986,1.0304496476448586,lower
15280,3,0.705531280789,0,0,0,0,lower
15283,3,0.705611487958,0,0,0,0,lower
15285,3,0.705614746718,0,0,0,0,lower
15290,3,0.705372771539,0,0,0,0,lower
15291,4,0.705549757051,0,0,0,0,lower
15292,3,0.709138535294,0,0,0,0,lower
15295,3,0.705406459318,0,0,0,0,lower
15297,5,0.706244699393,21.489740162998718,6.490084102162832e-4,0.7308613210572394,38.60761291932468,lower
15299,4,0.705715300945,0,0,0,0,lower
15302,3,0.705530978742,0,0,0,0,lower
15305,3,0.706288068401,0,0,0,0,lower
15306,8,0.714386871891,0.5686969288080033,1.7175130404604277e-5,0.019341257061146946,1.021698295525801,lower
15307,6,0.706717831432,22.229245240971444,6.713420918411696e-4,0.7560117255812681,39.936178345695204,lower
15308,3,0.705426530631,0,0,0,0,lower
15311,6,0.70672113744,22.232980736538977,6.714549069809184e-4,0.7561387689612523,39.942889388538866,lower
15312,6,0.706721492779,0,0,0,0,lower
15317,3,0.705645988184,0,0,0,0,lower
15322,6,0.706718131541,22.22958518227197,6.713523583572534e-4,0.7560232869098882,39.936789070722426,lower
15323,5,0.707888641122,22.975341555555943,6.938748344115267e-4,0.7813862966080531,41.2765853257484,lower
15325,6,0.706721397894,22.233274156420816,6.714637685106341e-4,0.7561487481066882,39.943416535034594,lower
15330,3,0.70561875642,0,0,0,0,lower
15333,4,0.705704226152,0,0,0,0,lower
15336,3,0.705396462155,0,0,0,0,lower
15337,6,0.706712981854,22.223728620549274,6.711754852175994e-4,0.7558241065379975,39.926267404740756,lower
15338,3,0.705538898716,0,0,0,0,lower
15339,4,0.707409715198,0,0,0,0,lower
15341,3,0.705466026431,0,0,0,0,lower
15343,4,0.705628539191,0,0,0,0,lower
15345,7,0.706722844517,0,0,0,0,lower
15346,6,0.70671225615,22.22289931240937,6.711504394072091e-4,0.7557959019511529,39.92477750270316,lower
15347,4,0.705477136401,0,0,0,0,lower
15350,6,0.706696679053,22.204861001423005,6.706056670903988e-4,0.7551824229748069,39.892370590241775,lower
15352,5,0.706220417651,21.441214848789166,6.475429045009274e-4,0.7292109858284788,38.52043426878815,lower
15354,3,0.70566139457,0,0,0,0,lower
15355,3,0.705613905954,0,0,0,0,lower
15356,3,0.705610082648,0,0,0,0,lower
15360,4,0.706310133259,0,0,0,0,lower
15361,6,0.706683415364,22.189144629161692,6.701310192957622e-4,0.7546479126221454,39.86413518059241,lower
15369,3,0.705617254704,0,0,0,0,lower
15371,3,0.705400998987,0,0,0,0,lower
15372,3,0.708106185534,0,0,0,0,lower
15374,7,0.706715071254,0,0,0,0,lower
15375,4,0.705667643666,0,0,0,0,lower
15376,8,0.714137544889,0.5727856340426528,1.729861277638055e-5,0.019480313023971237,1.0290439008166627,lower
15377,3,0.708177714532,0,0,0,0,lower
15380,6,0.706707768861,22.21774952377711,6.709949114153477e-4,0.7556207587761125,39.9155255971602,lower
15547,4,0.705549419942,0,0,0,0,lower
15825,3,0.705463319423,0,0,0,0,lower
15384,3,0.705617462833,0,0,0,0,lower
15385,5,0.706220534772,21.44145127714299,6.47550044838078e-4,0.7292190267046224,38.52085902657016,lower
15386,4,0.705438582099,0,0,0,0,lower
15387,3,0.705542580993,0,0,0,0,lower
15393,3,0.705383787838,0,0,0,0,lower
15397,3,0.705465791491,0,0,0,0,lower
15399,3,0.705352011807,0,0,0,0,lower
15400,8,0.714153430688,0.5726192923391824,1.7293589115614847e-5,0.019474655779340863,1.0287450579246027,lower
15407,8,0.714179364644,0,0,0,0,lower
15408,3,0.707125956124,0,0,0,0,lower
15411,3,0.705374831978,0,0,0,0,lower
15415,8,0.714125691685,0.5729013498254601,1.7302107491331365e-5,0.019484248492210886,1.0292517911921348,lower
15417,3,0.705495636108,0,0,0,0,lower
15419,4,0.705687720893,0,0,0,0,lower
15421,4,0.706604708182,0,0,0,0,lower
15422,5,0.70624356953,21.487504173178312,6.489408814240505e-4,0.7307852755368368,38.603595828898136,lower
15425,4,0.705923031827,0,0,0,0,lower
15426,8,0.714116675253,0.572984561396673,1.7304620551477035e-5,0.019487078499386523,1.0294012857931596,lower
15427,8,0.714125982359,0.5728985980556964,1.7302024385546647e-5,0.019484154905128424,1.0292468474719652,lower
15428,6,0.708150734745,0,0,0,0,lower
15429,3,0.705462660077,0,0,0,0,lower
15430,4,0.705689444108,0,0,0,0,lower
15431,4,0.705658585666,0,0,0,0,lower
15439,3,0.705617455037,0,0,0,0,lower
15442,8,0.714130183543,0.5728583436199861,1.7300808667388756e-5,0.019482785860652385,1.0291745279529574,lower
15447,3,0.705453767624,0,0,0,0,lower
15448,6,0.706207634481,21.41527227703658,6.467594167936605e-4,0.7283286846876131,38.47382687564338,lower
15450,3,0.705377921534,0,0,0,0,lower
15452,4,0.70674175866,0,0,0,0,lower
15454,3,0.705589765817,0,0,0,0,lower
15460,3,0.705804313014,0,0,0,0,lower
15461,3,0.705440396814,0,0,0,0,lower
15462,3,0.705648033801,0,0,0,0,lower
15465,3,0.705594030583,0,0,0,0,lower
15466,3,0.705627637067,0,0,0,0,lower
15467,5,0.706229462245,21.45940535087346,6.480922731181939e-4,0.7298296407904831,38.553114601726186,lower
15471,4,0.706403208844,0,0,0,0,lower
15476,5,0.705557706659,19.160238061892425,5.786554676601123e-4,0.6516354686222426,34.42252204655931,lower
15477,4,0.706301984172,0,0,0,0,lower
15478,8,0.71421945568,0.5717900211934307,1.7268544422479413e-5,0.019446452450659287,1.0272552223492304,lower
15479,4,0.705672105785,0,0,0,0,lower
15482,3,0.705660148007,0,0,0,0,lower
15483,3,0.705599712495,0,0,0,0,lower
15484,3,0.707266336983,0,0,0,0,lower
15486,3,0.705519173608,0,0,0,0,lower
15488,8,0.714513023117,0,0,0,0,lower
15495,4,0.705433285066,0,0,0,0,lower
15496,3,0.705397658499,0,0,0,0,lower
15498,3,0.705939059278,0,0,0,0,lower
15502,3,0.705465375012,0,0,0,0,lower
15503,3,0.705686179472,0,0,0,0,lower
15507,4,0.705637827475,0,0,0,0,lower
15510,5,0.705519898383,0,0,0,0,lower
15512,3,0.705588516371,0,0,0,0,lower
15519,3,0.705564330975,0,0,0,0,lower
15522,4,0.705640092891,0,0,0,0,lower
15525,4,0.705578027399,0,0,0,0,lower
15526,4,0.705578694653,0,0,0,0,lower
15530,3,0.705548201594,0,0,0,0,lower
15532,6,0.70621065165,21.421419977830208,6.469450825806033e-4,0.7285377666350643,38.48487159050658,lower
15534,3,0.705555745495,0,0,0,0,lower
15537,4,0.705572637867,0,0,0,0,lower
15539,6,0.707921635397,22.942929141493757,6.928959519698492e-4,0.7802839575578616,41.21835447109859,lower
15546,3,0.706090182338,0,0,0,0,lower
15549,3,0.705482815304,0,0,0,0,lower
15551,3,0.705585047652,0,0,0,0,lower
15552,3,0.706038323713,0,0,0,0,lower
15554,3,0.705610774273,0,0,0,0,lower
15558,3,0.705388008389,0,0,0,0,lower
15559,4,0.705619482799,0,0,0,0,lower
15562,3,0.70544283954,0,0,0,0,lower
15563,5,0.706191888821,21.38294380672899,6.457830695246889e-4,0.7272292005459926,38.41574683100616,lower
15569,8,0.714693470155,0,0,0,0,lower
15570,3,0.705592703481,0,0,0,0,lower
15574,5,0.706425197264,0,0,0,0,lower
15578,3,0.707789284898,0,0,0,0,lower
15582,3,0.705838006014,0,0,0,0,lower
15585,3,0.705607128691,0,0,0,0,lower
15586,3,0.705401460305,0,0,0,0,lower
15588,4,0.70550513097,0,0,0,0,lower
15591,4,0.705763227178,0,0,0,0,lower
15593,4,0.705542006438,0,0,0,0,lower
15595,3,0.705432489344,0,0,0,0,lower
15597,3,0.705415934533,0,0,0,0,lower
15600,5,0.706192623546,21.38446146929333,6.458289042235106e-4,0.7272808159149212,38.418473403239325,lower
15608,6,0.70698300568,22.463038522374998,6.78402847566091e-4,0.7639629834934095,40.35620206134294,lower
15610,3,0.705532432765,0,0,0,0,lower
15613,5,0.705459687483,18.875912743265648,5.700686014799467e-4,0.6419656272744453,33.91171448157969,lower
15614,3,0.70551440946,0,0,0,0,lower
15615,5,0.706028628926,21.023926424091798,6.349404395543849e-4,0.7150190985826138,37.77075047297521,lower
15618,6,0.707120119991,0,0,0,0,lower
15619,5,0.706185014284,21.368700333238337,6.453529045242742e-4,0.7267447831555139,38.39015757273767,lower
15620,5,0.706164055122,21.32479332030964,6.440268754312254e-4,0.7252515153342495,38.31127597869618,lower
15627,6,0.70788434507,22.979409893706176,6.9399770168005e-4,0.7815246598908305,41.28389434034503,lower
15638,4,0.705982058545,0,0,0,0,lower
15639,8,0.714711690765,0,0,0,0,lower
15641,6,0.707891344577,22.97276342528471,6.937969726870028e-4,0.7812986149664141,41.27195355938863,lower
15644,3,0.705428713524,0,0,0,0,lower
15647,3,0.705495658081,0,0,0,0,lower
15654,4,0.70576478585,0,0,0,0,lower
15658,5,0.706549349757,22.012027062604194,6.647819183098516e-4,0.7486241832659597,39.54593280127102,lower
15662,3,0.7053976192,0,0,0,0,lower
15664,3,0.707832333837,0,0,0,0,lower
15666,4,0.705933361473,0,0,0,0,lower
15668,3,0.706243635324,0,0,0,0,lower
15669,6,0.707892978153,22.97119885073648,6.93749721206412e-4,0.7812454041312648,41.26914270695005,lower
15670,3,0.705355658192,0,0,0,0,lower
15672,3,0.705653391071,0,0,0,0,lower
15674,3,0.707237635903,0,0,0,0,lower
15679,3,0.705329062881,0,0,0,0,lower
15683,3,0.705448985623,0,0,0,0,lower
15685,3,0.705593311762,0,0,0,0,lower
15691,3,0.705559710508,0,0,0,0,lower
15692,3,0.705700949432,0,0,0,0,lower
15694,3,0.705496027097,0,0,0,0,lower
15697,3,0.705402404364,0,0,0,0,lower
15700,5,0.705819605194,20.503707674552995,6.192293913498929e-4,0.697326573701307,36.836146147225804,lower
15706,4,0.705627748531,0,0,0,0,lower
15707,5,0.706241521952,21.483446559372194,6.488183380398306e-4,0.7306472769866363,38.59630608123184,lower
15713,4,0.705884357901,0,0,0,0,lower
15714,3,0.705432221985,0,0,0,0,lower
15717,4,0.705981166041,0,0,0,0,lower
15719,4,0.705690720997,0,0,0,0,lower
15723,4,0.70603961168,0,0,0,0,lower
15728,5,0.705438287639,18.81230906229227,5.681477162780161e-4,0.6398024801192115,33.797446636708656,lower
15731,3,0.705347072176,0,0,0,0,lower
15733,3,0.705602248386,0,0,0,0,lower
15736,4,0.705394925906,0,0,0,0,lower
15737,3,0.707554144488,0,0,0,0,lower
15738,4,0.705746630713,0,0,0,0,lower
15740,6,0.707915508776,0,0,0,0,lower
15742,3,0.706033030063,0,0,0,0,lower
15744,3,0.705760430795,0,0,0,0,lower
15745,4,0.707833221419,0,0,0,0,lower
15749,3,0.70570685145,0,0,0,0,lower
15751,4,0.705503228794,0,0,0,0,lower
15761,4,0.705780341714,0,0,0,0,lower
15763,4,0.705880281224,0,0,0,0,lower
15764,4,0.705726421844,0,0,0,0,lower
15765,4,0.705496814752,0,0,0,0,lower
15776,3,0.70543440415,0,0,0,0,lower
15780,3,0.705409313938,0,0,0,0,lower
15782,3,0.70550486994,0,0,0,0,lower
15783,4,0.70538656045399994,0,0,0,0,lower
15789,3,0.705619361662,0,0,0,0,lower
15797,3,0.707634282928,0,0,0,0,lower
15799,3,0.705684049353,0,0,0,0,lower
15802,3,0.705778431805,0,0,0,0,lower
15815,4,0.705728886604,0,0,0,0,lower
15827,6,0.707944340572,0,0,0,0,lower
15831,3,0.70559582457,0,0,0,0,lower
15832,3,0.705914242128,0,0,0,0,lower
15834,8,0.714766669524,0,0,0,0,lower
15838,4,0.705634648218,0,0,0,0,lower
15843,4,0.705480781572,0,0,0,0,lower
15850,4,0.705576378859,0,0,0,0,lower
15853,3,0.707616576408,0,0,0,0,lower
15866,3,0.705633813465,0,0,0,0,lower
15867,4,0.707618938184,0,0,0,0,lower
15868,3,0.706270765388,0,0,0,0,lower
15870,6,0.708150050535,22.66266305397135,6.844316780176846e-4,0.7707521697642215,40.71483955935902,lower
15871,3,0.70745991179,0,0,0,0,lower
15875,4,0.705732755668,0,0,0,0,lower
15876,3,0.705457267089,0,0,0,0,lower
15882,4,0.707668138428,0,0,0,0,lower
15883,3,0.705647532663,0,0,0,0,lower
15889,3,0.705595329073,0,0,0,0,lower
15893,3,0.705398362979,0,0,0,0,lower
15900,3,0.707760819161,0,0,0,0,lower
15903,3,0.707790014169,0,0,0,0,lower
15909,8,0.714811016269,0,0,0,0,lower
15910,3,0.705544019307,0,0,0,0,lower
15914,4,0.705700483584,0,0,0,0,lower
15922,6,0.708215408339,22.564838853023005,6.814773040393766e-4,0.7674251902756755,40.53909248863088,lower
15925,3,0.705360044863,0,0,0,0,lower
15926,3,0.707670857188,0,0,0,0,lower
15927,3,0.705361201555,0,0,0,0,lower
15928,4,0.707699134611,0,0,0,0,lower
15930,4,0.705456018965,0,0,0,0,lower
15931,3,0.705274723443,0,0,0,0,lower
15932,3,0.70565366468,0,0,0,0,lower
16050,4,0.70533324655,0,0,0,0,lower
15933,3,0.70772767296,0,0,0,0,lower
15934,6,0.708197461384,22.59246820307765,6.823117338844219e-4,0.7683648583743927,40.58873028062052,lower
15935,3,0.705364419225,0,0,0,0,lower
15938,4,0.705470958693,0,0,0,0,lower
15939,3,0.707640780939,0,0,0,0,lower
15940,3,0.710083088725,0,0,0,0,lower
15941,3,0.705463135375,0,0,0,0,lower
15951,4,0.706477704808,0,0,0,0,lower
15955,4,0.70559101078,0,0,0,0,lower
15956,3,0.707040291277,0,0,0,0,lower
15958,6,0.708130247724,0,0,0,0,lower
15960,3,0.707797731334,0,0,0,0,lower
15961,8,0.714877604253,0,0,0,0,lower
15962,8,0.714843278579,0,0,0,0,lower
15963,3,0.707572594695,0,0,0,0,lower
15964,4,0.707765732236,0,0,0,0,lower
15967,6,0.707981680862,0,0,0,0,lower
15968,4,0.705366577482,0,0,0,0,lower
15970,6,0.70809025376800006,22.745364915421817,6.869293444954911e-4,0.7735648418233119,40.86341843608666,lower
15975,3,0.707865701323,0,0,0,0,lower
15976,3,0.705507808907,0,0,0,0,lower
15977,5,0.707470361172,22.537300065022357,6.806456092453019e-4,0.7664886021724315,40.48961739682744,lower
15979,3,0.705626421434,0,0,0,0,lower
15980,3,0.707585758001,0,0,0,0,lower
15981,4,0.7078826722,0,0,0,0,lower
15994,4,0.706380065151,0,0,0,0,lower
15999,6,0.708183925412,22.612923495964175,6.82929501108041e-4,0.7690605383718363,40.625479446684146,lower
16004,3,0.705541469297,0,0,0,0,lower
16006,3,0.70770781172,0,0,0,0,lower
16007,3,0.705453972684,0,0,0,0,lower
16011,3,0.705802435556,0,0,0,0,lower
16018,3,0.705385944825,0,0,0,0,lower
16019,6,0.707977291321,22.883595199424146,6.911040165103053e-4,0.7782660232805921,41.11175746941193,lower
16024,6,0.708179890135,22.61895758025843,6.831117355801762e-4,0.769265756247214,40.63632004266103,lower
16028,3,0.707775601924,0,0,0,0,lower
16030,5,0.707744948055,23.092278446582547,6.974064278679931e-4,0.7853632944687896,41.48666949570583,lower
16032,3,0.705428624825,0,0,0,0,lower
16034,3,0.707882657213,0,0,0,0,lower
16035,3,0.707788650906,0,0,0,0,lower
16036,5,0.707753517485,0,0,0,0,lower
16046,3,0.706836645425,0,0,0,0,lower
16048,6,0.70799369821,22.864993258313024,6.905422220848773e-4,0.7776333753680728,41.07833796147377,lower
16052,5,0.707762734176,23.079953947019824,6.970342175105275e-4,0.7849441409581628,41.464527789713436,lower
16057,3,0.705376293801,0,0,0,0,lower
16058,3,0.705936546363,0,0,0,0,lower
16067,6,0.708053727085,22.79265251095269,6.883574700552074e-4,0.7751730825129233,40.94837345044672,lower
16070,4,0.705305286003,0,0,0,0,lower
16079,3,0.707601138058,0,0,0,0,lower
16082,4,0.705301637729,0,0,0,0,lower
16083,6,0.70801257725,22.84296551448195,6.898769655068071e-4,0.7768842166609792,41.03876379255104,lower
16084,3,0.705350337286,0,0,0,0,lower
16090,3,0.70774272831,0,0,0,0,lower
16091,5,0.70846135802,22.129073688900135,6.683168258646811e-4,0.7526049131989924,39.756214117251155,lower
16095,5,0.707782713062,23.065382947829484,6.965941609557224e-4,0.784448584490909,41.43835011179265,lower
16098,6,0.708167650216,22.637080300786238,6.836590571368508e-4,0.7698821059734386,40.66887860194912,lower
16107,6,0.708095920672,22.737808217357355,6.867011257939106e-4,0.7733078401895864,40.84984237273698,lower
16108,6,0.708080281913,22.75851872879752,6.873266008346787e-4,0.7740122001137233,40.887050054308666,lower
16122,4,0.707660094111,0,0,0,0,lower
16135,3,0.705358933862,0,0,0,0,lower
16146,3,0.707710037889,0,0,0,0,lower
16149,3,0.707320704542,0,0,0,0,lower
16158,3,0.707813981557,0,0,0,0,lower
16174,6,0.707513707199,22.521400180521667,6.801654192251274e-4,0.7659478506090023,40.46105229638376,lower
16181,5,0.708483963208,22.083810142747375,6.669498283157794e-4,0.7510655099821075,39.67489542954405,lower
16182,4,0.707833667036,0,0,0,0,lower
16191,4,0.707790072839,0,0,0,0,lower
16192,3,0.707807084781,0,0,0,0,lower
16196,5,0.708536300766,0,0,0,0,lower
16205,5,0.707839120692,0,0,0,0,lower
16209,3,0.705229645241,0,0,0,0,lower
16214,3,0.707797339926,0,0,0,0,lower
16225,4,0.707868299829,0,0,0,0,lower
16229,3,0.707899161389,0,0,0,0,lower
16231,4,0.707887229254,0,0,0,0,lower
16235,3,0.707710445068,0,0,0,0,lower
16240,3,0.707310930829,0,0,0,0,lower
16241,6,0.707403476271,22.554630633267568,6.811690071300439e-4,0.7670780109743199,40.52075280681416,lower
16245,4,0.707800538111,0,0,0,0,lower
16248,3,0.707922425407,0,0,0,0,lower
16252,3,0.707851097388,0,0,0,0,lower
16255,3,0.707660468885,0,0,0,0,lower
16263,3,0.707798880719,0,0,0,0,lower
16264,3,0.707870091374,0,0,0,0,lower
16271,4,0.707907026157,0,0,0,0,lower
16279,3,0.707922210454,0,0,0,0,lower
16287,3,0.707660421119,0,0,0,0,lower
16294,3,0.707844273026,0,0,0,0,lower
16297,3,0.707413292916,0,0,0,0,lower
16307,5,0.70855774072,21.93017327054355,6.62309864248122e-4,0.7458403538596836,39.39887753229678,lower
16309,3,0.707722946563,0,0,0,0,lower
16323,4,0.707907505635,0,0,0,0,lower
16330,3,0.70791379413,0,0,0,0,lower
16337,6,0.707321088805,22.563937942515942,6.81450095776666e-4,0.7673945505081236,40.53747394862677,lower
16354,6,0.707309566149,22.56417925606461,6.814573836508514e-4,0.7674027575286659,40.537907482955646,lower
16358,3,0.707465756339,0,0,0,0,lower
16366,5,0.707234293111,22.559352398683618,6.813116084571349e-4,0.7672385971742238,40.529235742861594,lower
16367,3,0.707699714954,0,0,0,0,lower
16382,5,0.708544083121,21.959290708943282,6.631892356254418e-4,0.7468306315146583,39.4511887646529,lower
16393,3,0.707810186949,0,0,0,0,lower
16407,5,0.70739060905,22.55696054360775,6.81239372401767e-4,0.7671572507108759,40.52493863111302,lower
16420,4,0.707300106879,0,0,0,0,lower
16430,3,0.707492412046,0,0,0,0,lower
16431,4,0.707436388502,0,0,0,0,lower
16441,5,0.708580428824,21.88113089403363,6.608287428120084e-4,0.7441724334561816,39.310769948185616,lower
16450,3,0.707813663788,0,0,0,0,lower
16455,5,0.708595246351,21.848650956417313,6.598478211016293e-4,0.7430677979448135,39.252417783402635,lower
16463,4,0.707721808127,0,0,0,0,lower
16464,3,0.707856896169,0,0,0,0,lower
16478,5,0.707096821667,22.521910868895063,6.801808424478755e-4,0.7659652190078938,40.46196977881458,lower
16497,4,0.707354070461,0,0,0,0,lower
16504,3,0.707341145403,0,0,0,0,lower
16506,4,0.70692417996,0,0,0,0,lower
16514,3,0.707354408947,0,0,0,0,lower
16518,3,0.707357290938,0,0,0,0,lower
16534,3,0.707426004371,0,0,0,0,lower
16535,3,0.707483628398,0,0,0,0,lower
16590,3,0.706849988529,0,0,0,0,lower
16596,3,0.707757792551,0,0,0,0,lower
16622,3,0.70715751088,0,0,0,0,lower
16641,5,0.708632434755,21.765579481773173,6.573389919913572e-4,0.7402425554225645,39.10317487430406,lower
16657,3,0.707757274789,0,0,0,0,lower
16697,5,0.708668102086,21.683837967768987,6.548703288223221e-4,0.7374625445682135,38.95632131962279,lower
16745,3,0.707678347419,0,0,0,0,lower
16748,4,0.707928755025,0,0,0,0,lower
16820,4,0.707881299923,0,0,0,0,lower
16859,3,0.707744733689,0,0,0,0,lower
16869,4,0.709068967375,0,0,0,0,lower
16931,3,0.707763184717,0,0,0,0,lower
16953,4,0.709125659904,0,0,0,0,lower
16972,3,0.707842555096,0,0,0,0,lower
17032,4,0.71089509578,0,0,0,0,lower
17043,3,0.71153375509,0,0,0,0,lower
17087,3,0.712108719745,0,0,0,0,lower
17122,3,0.709188762232,0,0,0,0,lower
2395,3,0.704959694988,0,0,0,0,middle
2430,3,0.706337668197,0,0,0,0,middle
2500,3,0.705430355864,0,0,0,0,middle
2572,3,0.70528694638,0,0,0,0,middle
2591,4,0.705569129132,0,0,0,0,middle
2599,4,0.704954683151,0,0,0,0,middle
2669,3,0.704804970265,0,0,0,0,middle
2732,3,0.706335244115,0,0,0,0,middle
2737,4,0.704517664502,0,0,0,0,middle
2752,5,0.705258305628,0,0,0,0,middle
2755,3,0.702311847765,0,0,0,0,middle
2763,3,0.702756593617,0,0,0,0,middle
2777,3,0.705424802545,0,0,0,0,middle
2797,4,0.706104578559,0,0,0,0,middle
2814,3,0.704979198318,0,0,0,0,middle
2834,3,0.704517517927,0,0,0,0,middle
2842,4,0.704478201416,0,0,0,0,middle
2886,5,0.705630210984,0,0,0,0,middle
2927,5,0.705587325962,0,0,0,0,middle
2928,5,0.705674976211,0,0,0,0,middle
2997,5,0.704978521481,0,0,0,0,middle
2954,3,0.702907545209,0,0,0,0,middle
2985,3,0.710755479281,0,0,0,0,middle
3018,3,0.70234551945,0,0,0,0,middle
3024,3,0.709532097425,0,0,0,0,middle
3028,5,0.704948875358,0,0,0,0,middle
3030,4,0.706744404413,0,0,0,0,middle
3042,5,0.70471951353,0,0,0,0,middle
3046,3,0.70221515376,0,0,0,0,middle
3104,4,0.709607667254,0,0,0,0,middle
3136,3,0.706845689169,0,0,0,0,middle
3140,3,0.707731159952,0,0,0,0,middle
3212,3,0.708523600261,0,0,0,0,middle
3220,3,0.707084520214,0,0,0,0,middle
3233,4,0.708856815811,0,0,0,0,middle
3251,5,0.704472945726,0,0,0,0,middle
3253,4,0.709284890664,0,0,0,0,middle
3269,3,0.704207581604,0,0,0,0,middle
3270,4,0.706599806495,0,0,0,0,middle
3600,5,0.70441181863,0,0,0,0,middle
3331,5,0.70679653255,1.6250822844396315,4.907886563052968e-5,0.05526868990613847,2.9195582321523172,middle
3345,3,0.709321335109,0,0,0,0,middle
3369,5,0.706916927347,0,0,0,0,middle
3414,3,0.709290884428,0,0,0,0,middle
3442,3,0.706979298689,0,0,0,0,middle
3486,3,0.702468814528,0,0,0,0,middle
3502,3,0.709410857519,0,0,0,0,middle
3507,3,0.707332547206,0,0,0,0,middle
3523,5,0.704399324376,0,0,0,0,middle
3543,4,0.706641058473,0,0,0,0,middle
3604,5,0.706993932555,2.3027861694878653,6.95460987239231e-5,0.07831724949574216,4.137094092028144,middle
3614,3,0.709375086166,0,0,0,0,middle
3648,5,0.704497759928,0,0,0,0,middle
3652,4,0.709332090982,0,0,0,0,middle
3653,3,0.709671462346,0,0,0,0,middle
3667,3,0.702975075496,0,0,0,0,middle
3725,3,0.70948173414,0,0,0,0,middle
3737,5,0.704865765387,0,0,0,0,middle
3744,3,0.709503321797,0,0,0,0,middle
3772,5,0.707028605057,0,0,0,0,middle
3782,5,0.707184173845,3.240420437418638,9.786345021251101e-5,0.11020598405142312,5.821610545069997,middle
3788,3,0.709483380454,0,0,0,0,middle
3801,3,0.716402382577,0,0,0,0,middle
3865,3,0.709509000323,0,0,0,0,middle
3922,4,0.709898406834,0,0,0,0,middle
3927,3,0.71080983357,0,0,0,0,middle
3990,3,0.709719611501,0,0,0,0,middle
4033,5,0.705441020706,0,0,0,0,middle
4117,4,0.709317055523,0,0,0,0,middle
4175,4,0.709267437039,0,0,0,0,middle
3929,5,0.705409996542,0,0,0,0,middle
4007,3,0.711150663982,0,0,0,0,middle
4044,5,0.70566113346,0,0,0,0,middle
4049,3,0.710523996547,0,0,0,0,middle
4081,5,0.705687709187,0,0,0,0,middle
4091,5,0.705805141097,0,0,0,0,middle
4096,3,0.715206158176,0,0,0,0,middle
4106,3,0.70858807462,0,0,0,0,middle
4122,4,0.709397970396,0,0,0,0,middle
4132,5,0.705861184909,0,0,0,0,middle
4133,3,0.711945038389,0,0,0,0,middle
4152,4,0.710844250348,0,0,0,0,middle
4163,4,0.709468666528,0,0,0,0,middle
4191,4,0.708904943452,0,0,0,0,middle
4198,4,0.70884982075,0,0,0,0,middle
4202,4,0.709201690012,0,0,0,0,middle
4204,5,0.70607630926,0,0,0,0,middle
4207,3,0.715631758963,0,0,0,0,middle
4233,3,0.709787857257,0,0,0,0,middle
4244,3,0.711713261978,0,0,0,0,middle
4275,4,0.710190372512,0,0,0,0,middle
4278,4,0.710206621989,0,0,0,0,middle
4295,5,0.70750694099,6.736994793382938,2.034629663888272e-4,0.229123706350134,12.103417037599936,middle
4297,3,0.709882985362,0,0,0,0,middle
4312,3,0.709375843801,0,0,0,0,middle
4326,3,0.710941921079,0,0,0,0,middle
4332,3,0.710338139507,0,0,0,0,middle
4345,3,0.709080721767,0,0,0,0,middle
4357,5,0.708066524869,10.003132309157197,3.021030942164416e-4,0.34020432256174876,17.97122986334149,middle
4369,3,0.709706226726,0,0,0,0,middle
4371,3,0.710257285904,0,0,0,0,middle
4398,3,0.716192763473,0,0,0,0,middle
4574,3,0.718065131656,0,0,0,0,middle
4575,4,0.716260577522,0,0,0,0,middle
4502,3,0.710212393491,0,0,0,0,middle
4555,3,0.710216980644,0,0,0,0,middle
4556,4,0.716457956449,0,0,0,0,middle
4577,3,0.718049412817,0,0,0,0,middle
4583,4,0.715968382267,0,0,0,0,middle
4606,5,0.710834220806,0,0,0,0,middle
4612,3,0.713485433495,0,0,0,0,middle
4619,3,0.709963188732,0,0,0,0,middle
4621,3,0.716565700322,0,0,0,0,middle
4663,5,0.70628890736,0.8767062519465889,2.6477273642527563e-5,0.02981658617632227,1.5750556015276969,middle
4671,5,0.706274333854,0.873672081558417,2.6385639119028607e-5,0.02971339471093497,1.5696045316222766,middle
4684,3,0.7098074653,0,0,0,0,middle
4854,4,0.715662420042,0,0,0,0,middle
4695,4,0.710664330686,0,0,0,0,middle
4697,5,0.7065974546,1.557128938631497,4.702661685519313e-5,0.05295761160966351,2.7974759523465025,middle
4699,3,0.713463242689,0,0,0,0,middle
4705,3,0.711488752853,0,0,0,0,middle
4730,3,0.710574409597,0,0,0,0,middle
4737,4,0.716515549361,0,0,0,0,middle
4751,3,0.716216118784,0,0,0,0,middle
4767,3,0.709869620852,0,0,0,0,middle
4786,3,0.718271007447,0,0,0,0,middle
4791,3,0.711624869993,0,0,0,0,middle
4801,3,0.718241019798,0,0,0,0,middle
4810,4,0.710899769391,0,0,0,0,middle
4818,3,0.71585352139,0,0,0,0,middle
4822,3,0.709803834562,0,0,0,0,middle
4846,3,0.712455455635,0,0,0,0,middle
4861,4,0.712551161283,0,0,0,0,middle
4864,5,0.711871534254,0,0,0,0,middle
4880,5,0.706767774649,1.6154387690215208,4.878762327194683e-5,0.05494071607468881,2.9022330756999835,middle
4886,3,0.713162759949,0,0,0,0,middle
4898,3,0.718099375275,0,0,0,0,middle
4923,3,0.717349140648,0,0,0,0,middle
4925,3,0.718102921679,0,0,0,0,middle
4944,3,0.709161323799,0,0,0,0,middle
4947,3,0.717938839498,0,0,0,0,middle
4974,3,0.712152596743,0,0,0,0,middle
4980,3,0.717121525863,0,0,0,0,middle
4981,5,0.708468817626,0,0,0,0,middle
4989,3,0.713605863748,0,0,0,0,middle
5001,4,0.711197363142,0,0,0,0,middle
5005,5,0.716256252225,0,0,0,0,middle
5008,4,0.716188028368,0,0,0,0,middle
5015,4,0.721611760958,0,0,0,0,middle
5021,5,0.716154579375,23.445039600603383,7.080601144189047e-4,0.797360623477414,42.120426162101474,middle
5025,5,0.708749795123,13.794008551585026,4.165907773975046e-4,0.4691311870789739,24.78176742603926,middle
5031,4,0.722038402149,0,0,0,0,middle
5036,4,0.722056714937,0,0,0,0,middle
5042,4,0.71808390616,0,0,0,0,middle
5047,3,0.718219484562,0,0,0,0,middle
5057,3,0.711357214936,0,0,0,0,middle
5071,3,0.724202593752,0,0,0,0,middle
5079,5,0.707045713087,2.3268712847229933,7.027348966630129e-5,0.07913637895031184,4.180364452631023,middle
5084,3,0.712546560854,0,0,0,0,middle
5112,4,0.722170073092,0,0,0,0,middle
5126,3,0.726556242714,0,0,0,0,middle
5135,3,0.708878548583,0,0,0,0,middle
5156,4,0.711068590327,0,0,0,0,middle
5157,3,0.718166630249,0,0,0,0,middle
5169,3,0.710054761226,0,0,0,0,middle
5189,3,0.721016256475,0,0,0,0,middle
5195,3,0.708914642144,0,0,0,0,middle
5226,3,0.713393428147,0,0,0,0,middle
5230,4,0.718004350837,0,0,0,0,middle
5231,3,0.710669304354,0,0,0,0,middle
5242,6,0.717267883077,0,0,0,0,middle
5249,4,0.710004329707,0,0,0,0,middle
5258,6,0.717340881315,0,0,0,0,middle
5260,3,0.71443662718,0,0,0,0,middle
5261,3,0.710367381284,0,0,0,0,middle
5264,3,0.713859516381,0,0,0,0,middle
5274,3,0.718103237713,0,0,0,0,middle
5275,4,0.710884446657,0,0,0,0,middle
5288,3,0.718185706339,0,0,0,0,middle
5295,6,0.716535407107,0,0,0,0,middle
5296,3,0.72381783085,0,0,0,0,middle
5308,6,0.716105515843,0,0,0,0,middle
5312,3,0.713843836751,0,0,0,0,middle
5323,4,0.71047172917,0,0,0,0,middle
5329,6,0.715618933227,0,0,0,0,middle
5335,3,0.708542053425,0,0,0,0,middle
5337,6,0.714354770921,0,0,0,0,middle
5339,3,0.712643770392,0,0,0,0,middle
5350,3,0.713947920648,0,0,0,0,middle
5352,3,0.71817672151,0,0,0,0,middle
5353,3,0.711155432828,0,0,0,0,middle
5356,5,0.707189032241,3.8475880143737684,1.1620042687512388e-4,0.13085561936719173,6.912423677776433,middle
5361,6,0.707851651427,9.048158477227542,2.7326207316370814e-4,0.307725873260582,16.255561838899467,middle
5376,4,0.709776093398,0,0,0,0,middle
5379,4,0.7101516875,0,0,0,0,middle
5385,4,0.714282144532,0,0,0,0,middle
5387,3,0.7095039842,0,0,0,0,middle
5393,4,0.712375901924,0,0,0,0,middle
5396,3,0.72566642772,0,0,0,0,middle
5399,6,0.714408260968,19.01303732166095,5.74209880246041e-4,0.6466292039280135,34.15806704816524,middle
5414,3,0.708226774115,0,0,0,0,middle
5421,3,0.723432228127,0,0,0,0,middle
5432,5,0.710873988904,21.70096121320183,6.553874653819928e-4,0.7380449023670007,38.98708426168628,middle
5435,3,0.714412233909,0,0,0,0,middle
5438,3,0.711565328529,0,0,0,0,middle
5444,3,0.710126934918,0,0,0,0,middle
5446,3,0.712283820762,0,0,0,0,middle
5457,3,0.715535430117,0,0,0,0,middle
5458,3,0.709066797753,0,0,0,0,middle
5459,3,0.714496765012,0,0,0,0,middle
5468,3,0.708903308395,0,0,0,0,middle
5474,3,0.717684835047,0,0,0,0,middle
5481,4,0.715408514279,0,0,0,0,middle
5482,3,0.710019979527,0,0,0,0,middle
5485,4,0.710494162931,0,0,0,0,middle
5486,4,0.710106879535,0,0,0,0,middle
5488,4,0.710031669601,0,0,0,0,middle
5491,3,0.726169188473,0,0,0,0,middle
5494,3,0.715807601355,0,0,0,0,middle
5496,4,0.711690485139,0,0,0,0,middle
5502,4,0.720167418029,0,0,0,0,middle
5507,3,0.710655292863,0,0,0,0,middle
5515,3,0.705636269284,0,0,0,0,middle
5518,6,0.714256132564,0,0,0,0,middle
5520,3,0.708896934602,0,0,0,0,middle
5531,4,0.710564254835,0,0,0,0,middle
5548,4,0.717809567715,0,0,0,0,middle
5550,3,0.710067690354,0,0,0,0,middle
5552,4,0.708714785108,0,0,0,0,middle
5556,4,0.708927487813,0,0,0,0,middle
5565,4,0.711832645894,0,0,0,0,middle
5568,3,0.705758310531,0,0,0,0,middle
5570,5,0.717260574727,0,0,0,0,middle
5572,3,0.712190531913,0,0,0,0,middle
5587,4,0.711887354868,0,0,0,0,middle
5596,3,0.7125039769,0,0,0,0,middle
5603,3,0.715983186088,0,0,0,0,middle
5606,3,0.707040825343,0,0,0,0,middle
5608,6,0.715243004619,0,0,0,0,middle
5619,4,0.718022486308,0,0,0,0,middle
5620,3,0.71295955785,0,0,0,0,middle
5622,6,0.715058449516,0,0,0,0,middle
5626,3,0.710746651126,0,0,0,0,middle
5630,3,0.718290969591,0,0,0,0,middle
5637,3,0.709097996954,0,0,0,0,middle
5640,3,0.72260223245,0,0,0,0,middle
5643,3,0.707990433104,0,0,0,0,middle
5664,3,0.70604980056,0,0,0,0,middle
5727,3,0.708588705908,0,0,0,0,middle
5743,3,0.70879170856,0,0,0,0,middle
5744,5,0.711244801539,22.304607821617587,6.736181058033656e-4,0.7585747903196757,40.07157176227999,middle
5745,5,0.716325717894,23.00935597302245,6.949020987170477e-4,0.7825431194405306,41.33769427603177,middle
5746,3,0.717446603665,0,0,0,0,middle
5924,4,0.708965399974,0,0,0,0,middle
5704,3,0.707116683868,0,0,0,0,middle
5725,6,0.713968847804,19.785553616223396,5.975405286576682e-4,0.6729023126440645,35.54593911400301,middle
5729,4,0.710294390879,0,0,0,0,middle
5736,3,0.709326760989,0,0,0,0,middle
5747,5,0.711311030671,22.28412573382348,6.72999529350773e-4,0.7578781990333378,40.03477445755054,middle
5749,5,0.710922540036,21.710027809572303,6.556612842951971e-4,0.7383532553089421,39.00337294831124,middle
5750,4,0.709684406233,0,0,0,0,middle
5758,3,0.711639767295,0,0,0,0,middle
5769,6,0.714285184057,18.999500890410886,5.738010685219824e-4,0.6461688328881227,34.13374803387994,middle
5770,3,0.708308660822,0,0,0,0,middle
5773,3,0.708475486791,0,0,0,0,middle
5790,3,0.706983927786,0,0,0,0,middle
5794,3,0.706500055368,0,0,0,0,middle
5798,4,0.718040009512,0,0,0,0,middle
5799,3,0.711102840215,0,0,0,0,middle
5800,3,0.712765138236,0,0,0,0,middle
5802,3,0.717398435271,0,0,0,0,middle
5803,3,0.710068385796,0,0,0,0,middle
5806,3,0.718240965405,0,0,0,0,middle
5809,4,0.716320809231,0,0,0,0,middle
5810,5,0.710993581207,21.71607470760878,6.558439057532336e-4,0.7385589089768653,39.01423656494803,middle
5815,3,0.708626256171,0,0,0,0,middle
5828,3,0.709568909636,0,0,0,0,middle
5831,3,0.718378219709,0,0,0,0,middle
5835,3,0.716598411821,0,0,0,0,middle
5840,4,0.708111926592,0,0,0,0,middle
5845,4,0.71484591587,0,0,0,0,middle
5847,3,0.709571341681,0,0,0,0,middle
5851,4,0.70840506557,0,0,0,0,middle
5852,4,0.709449687283,0,0,0,0,middle
5853,3,0.70873006449,0,0,0,0,middle
5855,4,0.718006237555,0,0,0,0,middle
5856,4,0.709177989374,0,0,0,0,middle
5857,4,0.709395026915,0,0,0,0,middle
5867,3,0.709057436225,0,0,0,0,middle
5871,3,0.717672472436,0,0,0,0,middle
5875,3,0.708359296505,0,0,0,0,middle
5878,3,0.711200469895,0,0,0,0,middle
5879,3,0.708832233003,0,0,0,0,middle
5880,4,0.709609323825,0,0,0,0,middle
5883,3,0.709314397008,0,0,0,0,middle
5884,4,0.708281891836,0,0,0,0,middle
5885,4,0.71023396958,0,0,0,0,middle
5888,4,0.708043087128,0,0,0,0,middle
5890,5,0.714538657013,0,0,0,0,middle
5892,4,0.708017312623,0,0,0,0,middle
5894,5,0.714627784212,0,0,0,0,middle
5900,3,0.708292858463,0,0,0,0,middle
5902,4,0.715057015001,0,0,0,0,middle
5904,5,0.709873179657,19.450521306857002,5.874222682774259e-4,0.6615079377301236,34.94403338515868,middle
5906,3,0.709994533061,0,0,0,0,middle
5907,4,0.717754558203,0,0,0,0,middle
5908,5,0.717221740217,0,0,0,0,middle
5912,4,0.708992631914,0,0,0,0,middle
5921,3,0.709377110801,0,0,0,0,middle
5922,5,0.714662807332,0,0,0,0,middle
5926,3,0.712009576558,0,0,0,0,middle
5933,3,0.708800428621,0,0,0,0,middle
5935,3,0.708991334032,0,0,0,0,middle
5940,5,0.709933968108,0,0,0,0,middle
5946,3,0.708367381851,0,0,0,0,middle
5950,3,0.708499866595,0,0,0,0,middle
5956,3,0.709602740438,0,0,0,0,middle
6103,4,0.709506185479,0,0,0,0,middle
6141,3,0.714910387187,0,0,0,0,middle
6142,5,0.713282675256,20.135741544217154,6.081165015963958e-4,0.6848121268033112,36.17507282480897,middle
6157,3,0.716166571691,0,0,0,0,middle
5962,3,0.714803867277,0,0,0,0,middle
5964,3,0.711841812885,0,0,0,0,middle
5965,3,0.701596926601,0,0,0,0,middle
5967,3,0.713147250354,0,0,0,0,middle
5971,3,0.709376233066,0,0,0,0,middle
5975,4,0.709385288295,0,0,0,0,middle
5976,3,0.713624292796,0,0,0,0,middle
5978,4,0.70885678168,0,0,0,0,middle
5980,3,0.713566963587,0,0,0,0,middle
5990,3,0.71339169146900006,0,0,0,0,middle
5997,4,0.709665181495,0,0,0,0,middle
6001,5,0.714905447219,0,0,0,0,middle
6003,4,0.709304848341,0,0,0,0,middle
6005,3,0.709765765164,0,0,0,0,middle
6007,4,0.708533499515,0,0,0,0,middle
6009,5,0.709684116641,17.879560941859946,5.399779305950638e-4,0.6080799223617844,32.12170844202898,middle
6015,3,0.705091774939,0,0,0,0,middle
6018,4,0.709319422853,0,0,0,0,middle
6031,5,0.717204205948,0,0,0,0,middle
6032,5,0.708976362306,14.183687615688083,4.283594161976865e-4,0.4823840860632568,25.481849342132385,middle
6035,3,0.713049267648,0,0,0,0,middle
6037,3,0.715393288764,0,0,0,0,middle
6045,3,0.709984159547,0,0,0,0,middle
6046,3,0.715130576123,0,0,0,0,middle
6047,6,0.714453188482,19.012889347824597,5.742054113104673e-4,0.6466241713704908,34.15780120425309,middle
6055,4,0.715014833335,0,0,0,0,middle
6059,5,0.708776684502,13.842888129385903,4.180669821742944e-4,0.47079357073430445,24.869582532461326,middle
6063,3,0.709547202794,0,0,0,0,middle
6065,3,0.709556610421,0,0,0,0,middle
6066,3,0.709556668085,0,0,0,0,middle
6069,3,0.714724734831,0,0,0,0,middle
6072,5,0.709425120001,16.40152842805088,4.953400929683968e-4,0.5578123627070608,29.46633398228706,middle
6074,4,0.713206087654,0,0,0,0,middle
6075,3,0.709656046879,0,0,0,0,middle
6076,4,0.715075311189,0,0,0,0,middle
6080,5,0.707756009375,0,0,0,0,middle
6081,4,0.711489322712,0,0,0,0,middle
6101,3,0.709738891612,0,0,0,0,middle
6105,5,0.709317329794,0,0,0,0,middle
6109,3,0.719865725459,0,0,0,0,middle
6111,3,0.718071941017,0,0,0,0,middle
6114,5,0.708740330129,13.776640209029528,4.1606623869649956e-4,0.4685404935811278,24.75056415222828,middle
6116,3,0.706856706453,0,0,0,0,middle
6117,4,0.713214406909,0,0,0,0,middle
6118,3,0.710539819948,0,0,0,0,middle
6120,4,0.711986772918,0,0,0,0,middle
6122,4,0.712651907174,0,0,0,0,middle
6123,3,0.713345246364,0,0,0,0,middle
6124,3,0.710332062022,0,0,0,0,middle
6125,4,0.71313707215,0,0,0,0,middle
6129,4,0.715846351518,0,0,0,0,middle
6131,4,0.713315921492,0,0,0,0,middle
6145,4,0.713080958942,0,0,0,0,middle
6147,3,0.718246413704,0,0,0,0,middle
6153,4,0.710465014874,0,0,0,0,middle
6154,4,0.715286267323,0,0,0,0,middle
6159,3,0.715007045291,0,0,0,0,middle
6162,3,0.709967827554,0,0,0,0,middle
6163,3,0.713899953711,0,0,0,0,middle
6164,5,0.713448880931,20.67200365600492,6.243120729709564e-4,0.7030502828946068,37.1385000174211,middle
6166,6,0.714557581573,19.002029747721306,5.738774421612285e-4,0.6462548387672371,34.138291278397006,middle
6171,3,0.710165835712,0,0,0,0,middle
6174,3,0.709883412907,0,0,0,0,middle
6179,6,0.712278224822,23.313307185988865,7.040816835800747e-4,0.7928804331242054,41.883760942615844,middle
6182,3,0.710691006393,0,0,0,0,middle
6183,3,0.718477179639,0,0,0,0,middle
6185,4,0.708284216519,0,0,0,0,middle
6191,5,0.714015555823,19.803017951661815,5.980679664252913e-4,0.6734962708386771,35.57731484481155,middle
6193,4,0.709445110692,0,0,0,0,middle
6201,4,0.708675669243,0,0,0,0,middle
6204,5,0.714059022656,19.816615849286062,5.984786344860709e-4,0.6739587323363908,35.601744287141315,middle
6205,5,0.711320517568,22.28057923236899,6.728924219938041e-4,0.757757583301435,40.028402954017494,middle
6209,4,0.703498616573,0,0,0,0,middle
6211,3,0.702013429442,0,0,0,0,middle
6212,5,0.708781234632,13.851091233926171,4.1831472290061944e-4,0.4710725565096371,24.884319903989564,middle
6214,3,0.712100217466,0,0,0,0,middle
6217,3,0.716280521537,0,0,0,0,middle
6220,5,0.70949367350400006,0,0,0,0,middle
6221,5,0.708731963203,13.76121670772051,4.1560043585344006e-4,0.4680159437049294,24.722854902889633,middle
6226,6,0.708906291704,14.068646048529914,4.248850631322796e-4,0.47847154774906703,25.275170235694308,middle
6230,4,0.712753827774,0,0,0,0,middle
6238,4,0.709326145386,0,0,0,0,middle
6240,3,0.713302247861,0,0,0,0,middle
6247,3,0.70883404198,0,0,0,0,middle
6248,3,0.71530024422,0,0,0,0,middle
6251,4,0.71502839515,0,0,0,0,middle
6254,4,0.715420182701,0,0,0,0,middle
6257,3,0.709196216648,0,0,0,0,middle
6259,5,0.7084576361,0,0,0,0,middle
6265,5,0.709671835034,17.862067074769307,5.394496009464541e-4,0.6074849598021962,32.090279655828,middle
6267,6,0.714627187074,18.98662572975998,5.734122277318219e-4,0.6457309515153945,34.11061703206632,middle
6275,3,0.712402277835,0,0,0,0,middle
6281,4,0.718376424252,0,0,0,0,middle
6647,3,0.728134467651,0,0,0,0,middle
6865,5,0.70848316865,12.439654222163503,3.756881260140852e-4,0.4230698951846711,22.348588275927966,middle
6291,3,0.713145358586,0,0,0,0,middle
6295,3,0.715014007258,0,0,0,0,middle
6297,4,0.718024416553,0,0,0,0,middle
6298,6,0.714644900207,18.98166484075856,5.732624046692978e-4,0.6455622327751169,34.10170449609103,middle
6301,4,0.713841290817,0,0,0,0,middle
6304,5,0.714158553461,19.838083680693146,5.991269812332453e-4,0.6746888485454938,35.640312539660684,middle
6310,3,0.709760165032,0,0,0,0,middle
6313,5,0.709513596741,0,0,0,0,middle
6322,3,0.710923969533,0,0,0,0,middle
6327,5,0.714971899915,18.51633758641082,5.592091262543951e-4,0.6297365555330021,33.2657160485619,middle
6335,3,0.706356872736,0,0,0,0,middle
6346,4,0.717963576074,0,0,0,0,middle
6347,4,0.713568369201,0,0,0,0,middle
6351,3,0.712230360545,0,0,0,0,middle
6352,5,0.709137606537,14.4288275702685,4.357628510924771e-4,0.4907212418264074,25.922258039758113,middle
6356,6,0.714533643874,19.00581874236199,5.739918730184383e-4,0.6463837016388942,34.14509843554881,middle
6360,3,0.710137633769,0,0,0,0,middle
6361,3,0.718200593804,0,0,0,0,middle
6363,3,0.715097092469,0,0,0,0,middle
6365,4,0.713797546569,0,0,0,0,middle
6369,3,0.71523198276,0,0,0,0,middle
6375,4,0.713749377505,0,0,0,0,middle
6377,4,0.710144324365,0,0,0,0,middle
6379,5,0.717595055141,0,0,0,0,middle
6387,3,0.708896340839,0,0,0,0,middle
6392,6,0.711915590125,23.365942838966117,7.056713250182843e-4,0.7946705600674757,41.978324064388744,middle
6399,3,0.709625674766,0,0,0,0,middle
6400,3,0.712044072326,0,0,0,0,middle
6406,5,0.709135904531,14.426386578661239,4.356891310721156e-4,0.4906382242404692,25.917872651270507,middle
6407,6,0.708740429069,13.77682220086445,4.1607173500453115e-4,0.4685466830832755,24.750891111524382,middle
6411,4,0.702688097945,0,0,0,0,middle
6415,3,0.715975274963,0,0,0,0,middle
6416,4,0.712212529457,0,0,0,0,middle
6424,3,0.708600805833,0,0,0,0,middle
6429,4,0.715460709645,0,0,0,0,middle
6436,3,0.71104255675,0,0,0,0,middle
6441,3,0.7108857445,0,0,0,0,middle
6443,3,0.709625320453,0,0,0,0,middle
6445,6,0.713599130455,0,0,0,0,middle
6447,4,0.715791498169,0,0,0,0,middle
6449,3,0.70950370071,0,0,0,0,middle
6454,3,0.708578755511,0,0,0,0,middle
6456,3,0.715027069865,0,0,0,0,middle
6458,3,0.71848107115,0,0,0,0,middle
6462,6,0.714508441941,0,0,0,0,middle
6463,3,0.709425561364,0,0,0,0,middle
6464,5,0.708739892889,0,0,0,0,middle
6465,4,0.718198437882,0,0,0,0,middle
6468,7,0.708750969233,0,0,0,0,middle
6475,4,0.714042688573,0,0,0,0,middle
6476,3,0.71231143518,0,0,0,0,middle
6481,5,0.710060078347,0,0,0,0,middle
6483,6,0.708466016866,0,0,0,0,middle
6485,3,0.715334003623,0,0,0,0,middle
6486,4,0.716808161473,0,0,0,0,middle
6488,3,0.713533133124,0,0,0,0,middle
6492,5,0.716286315122,22.976001385329816,6.93894761831277e-4,0.7814087372730657,41.27777074969067,middle
6493,3,0.70940652638,0,0,0,0,middle
6497,5,0.714985067702,18.51305414914581,5.591099636594431e-4,0.6296248865561364,33.25981715569437,middle
6500,3,0.709657376687,0,0,0,0,middle
6501,3,0.7125168303,0,0,0,0,middle
6507,3,0.709157187254,0,0,0,0,middle
6508,4,0.71200802784,0,0,0,0,middle
6509,3,0.71612066093,0,0,0,0,middle
6514,5,0.717073999325,0,0,0,0,middle
6516,3,0.709068091385,0,0,0,0,middle
6518,4,0.713568663659,0,0,0,0,middle
6525,5,0.710541387901,20.948149908619715,6.32651924408774e-4,0.7124419560121142,37.63461339753683,middle
6535,5,0.71135876061,22.264729412537882,6.72413743969185e-4,0.757218534426371,39.999927797769026,middle
6542,4,0.709609155675,0,0,0,0,middle
6543,4,0.716924427835,0,0,0,0,middle
6544,4,0.711229669675,0,0,0,0,middle
6545,3,0.713385351057,0,0,0,0,middle
6546,4,0.708838076933,0,0,0,0,middle
6551,3,0.708913339909,0,0,0,0,middle
6552,3,0.726170163005,0,0,0,0,middle
6556,3,0.709437477642,0,0,0,0,middle
6563,3,0.715960453707,0,0,0,0,middle
6565,3,0.709471591751,0,0,0,0,middle
6567,3,0.719090070624,0,0,0,0,middle
6570,3,0.730981344242,0,0,0,0,middle
6575,3,0.715293642778,0,0,0,0,middle
6577,3,0.716001481317,0,0,0,0,middle
6582,3,0.714980174019,0,0,0,0,middle
6583,3,0.714307985845,0,0,0,0,middle
6588,3,0.71873874881,0,0,0,0,middle
6589,3,0.704621432523,0,0,0,0,middle
6594,3,0.710993028654,0,0,0,0,middle
6596,3,0.71582164032,0,0,0,0,middle
6601,4,0.714083352658,0,0,0,0,middle
6607,4,0.709488113232,0,0,0,0,middle
6609,3,0.71120860352,0,0,0,0,middle
6612,4,0.729707253572,0,0,0,0,middle
6614,4,0.713302811942,0,0,0,0,middle
6617,3,0.709520146585,0,0,0,0,middle
6618,5,0.710463603932,20.893515901193503,6.3100193096844e-4,0.7105838654749878,37.53646011159926,middle
6628,3,0.709404453232,0,0,0,0,middle
6640,3,0.718956562895,0,0,0,0,middle
6657,3,0.722181548968,0,0,0,0,middle
6663,5,0.716109230925,0,0,0,0,middle
6671,3,0.732126723218,0,0,0,0,middle
6673,4,0.712573487094,0,0,0,0,middle
6681,3,0.731315304736,0,0,0,0,middle
6683,3,0.732740764979,0,0,0,0,middle
6686,5,0.708467064671,12.40980153466351,3.7478654948928323e-4,0.4220546118700352,22.29495612426586,middle
6697,3,0.711291953161,0,0,0,0,middle
6699,3,0.708088599331,0,0,0,0,middle
6701,3,0.710934751817,0,0,0,0,middle
6705,3,0.711187795927,0,0,0,0,middle
6711,3,0.712875659716,0,0,0,0,middle
6715,4,0.714995824625,0,0,0,0,middle
6716,3,0.719014176086,0,0,0,0,middle
6722,3,0.711043843221,0,0,0,0,middle
6740,3,0.709481907193,0,0,0,0,middle
6746,3,0.705888649425,0,0,0,0,middle
6748,4,0.709452151107,0,0,0,0,middle
6750,4,0.709473589798,0,0,0,0,middle
6752,4,0.712400845333,0,0,0,0,middle
6761,4,0.71878539469,0,0,0,0,middle
6762,3,0.709552430507,0,0,0,0,middle
6766,4,0.710900525487,0,0,0,0,middle
6769,3,0.715993528711,0,0,0,0,middle
6781,4,0.709437346148,0,0,0,0,middle
6782,4,0.711349238551,0,0,0,0,middle
6783,3,0.709429576065,0,0,0,0,middle
6785,4,0.709568358044,0,0,0,0,middle
6786,3,0.71423776694,0,0,0,0,middle
6787,5,0.715823148456,22.98420340004271,6.941424696438894e-4,0.7816876859836098,41.29250616327837,middle
6789,3,0.720028763346,0,0,0,0,middle
6792,3,0.718624993637,0,0,0,0,middle
6797,3,0.708993453071,0,0,0,0,middle
6799,3,0.711205170777,0,0,0,0,middle
6803,3,0.726414090589,0,0,0,0,middle
6804,7,0.709218545043,0,0,0,0,middle
6805,7,0.709091329477,0,0,0,0,middle
6812,4,0.709493830165,0,0,0,0,middle
6827,6,0.713460616517,20.667234326007158,6.241680351530876e-4,0.7028880790337744,37.129931628736934,middle
6833,3,0.708799373361,0,0,0,0,middle
6841,4,0.714976210976,0,0,0,0,middle
6847,3,0.711237879229,0,0,0,0,middle
6848,3,0.709428781499,0,0,0,0,middle
6854,3,0.711148599133,0,0,0,0,middle
6856,3,0.720192455318,0,0,0,0,middle
6862,3,0.709230861172,0,0,0,0,middle
6863,6,0.714902829579,18.5298229881578,5.596163968441068e-4,0.6301951910707531,33.28994338527048,middle
6874,3,0.70941892192,0,0,0,0,middle
6876,4,0.709913230379,0,0,0,0,middle
6886,3,0.724114651904,0,0,0,0,middle
6891,3,0.711359560782,0,0,0,0,middle
6893,3,0.713143609895,0,0,0,0,middle
6895,3,0.709534086345,0,0,0,0,middle
6901,3,0.715057778247,0,0,0,0,middle
6905,3,0.713061898713,0,0,0,0,middle
6948,3,0.708204915022,0,0,0,0,middle
6992,5,0.708496764682,12.464695735653232,3.7644440099629094e-4,0.42392155153284267,22.39357686361644,middle
6994,3,0.712896094353,0,0,0,0,middle
7013,3,0.709400972626,0,0,0,0,middle
7122,3,0.711416882279,0,0,0,0,middle
6908,4,0.716014388949,0,0,0,0,middle
6912,5,0.709520817018,0,0,0,0,middle
6917,5,0.709540710617,0,0,0,0,middle
6918,3,0.728723091495,0,0,0,0,middle
6919,3,0.721111735614,0,0,0,0,middle
6920,4,0.712233081947,0,0,0,0,middle
6922,6,0.710754945832,21.661809017733678,6.542050358158591e-4,0.73671334483838,38.91674498368148,middle
6927,4,0.709435365075,0,0,0,0,middle
6937,5,0.715087900117,17.00889875616322,5.136831928882111e-4,0.5784688935449475,30.557511369662798,middle
6950,3,0.714795279162,0,0,0,0,middle
6954,3,0.712848123549,0,0,0,0,middle
6955,4,0.718855125123,0,0,0,0,middle
6957,4,0.711151432008,0,0,0,0,middle
6968,4,0.709501850595,0,0,0,0,middle
6970,4,0.7211707776,0,0,0,0,middle
6972,4,0.722255565047,0,0,0,0,middle
6981,4,0.709558633877,0,0,0,0,middle
6996,3,0.721746721507,0,0,0,0,middle
6998,3,0.718781748071,0,0,0,0,middle
7004,3,0.712952900739,0,0,0,0,middle
7016,3,0.711362193746,0,0,0,0,middle
7020,4,0.716085810433,0,0,0,0,middle
7022,4,0.711742775107,0,0,0,0,middle
7024,3,0.711409956832,0,0,0,0,middle
7025,3,0.730631954473,0,0,0,0,middle
7029,3,0.711341111902,0,0,0,0,middle
7045,3,0.731522996842,0,0,0,0,middle
7046,3,0.731745220909,0,0,0,0,middle
7048,3,0.712775504606,0,0,0,0,middle
7049,3,0.711358144928,0,0,0,0,middle
7060,4,0.72288603139,0,0,0,0,middle
7063,4,0.71744580927,0,0,0,0,middle
7067,3,0.717543687518,0,0,0,0,middle
7069,3,0.71455359526,0,0,0,0,middle
7072,4,0.711414529618,0,0,0,0,middle
7073,3,0.725598382346,0,0,0,0,middle
7075,3,0.709441379991,0,0,0,0,middle
7078,4,0.712481659518,0,0,0,0,middle
7083,4,0.718394747536,0,0,0,0,middle
7089,4,0.711394255774,0,0,0,0,middle
7092,5,0.715159956078,17.00417714890872,5.135405963377333e-4,0.578308312724083,30.54902871776212,middle
7096,4,0.712500095824,0,0,0,0,middle
7104,5,0.70857022783,12.597386887598574,3.804517865170379e-4,0.4284343483311195,22.63196451247902,middle
7107,4,0.71735713494,0,0,0,0,middle
7110,3,0.720342887154,0,0,0,0,middle
7115,3,0.709676503388,0,0,0,0,middle
7119,5,0.715205411218,0,0,0,0,middle
7128,4,0.711453017666,0,0,0,0,middle
7129,4,0.72838274407,0,0,0,0,middle
7134,4,0.719724108794,0,0,0,0,middle
7149,4,0.711487332594,0,0,0,0,middle
7218,3,0.711502534036,0,0,0,0,middle
7420,3,0.71155454789000006,0,0,0,0,middle
7577,3,0.711525951067,0,0,0,0,middle
7578,4,0.715621388101,0,0,0,0,middle
7623,4,0.716107909924,0,0,0,0,middle
7164,5,0.708636652396,13.580960818728554,4.1015655486374697e-4,0.4618854806952442,24.399014338236704,middle
7168,3,0.711346439082,0,0,0,0,middle
7174,4,0.718241197227,0,0,0,0,middle
7175,3,0.728484096788,0,0,0,0,middle
7187,3,0.711289708323,0,0,0,0,middle
7196,3,0.711552092599,0,0,0,0,middle
7201,4,0.722550147881,0,0,0,0,middle
7209,3,0.727889875209,0,0,0,0,middle
7216,5,0.711544761319,0,0,0,0,middle
7227,4,0.720256085155,0,0,0,0,middle
7233,3,0.709563684897,0,0,0,0,middle
7236,3,0.71148858494,0,0,0,0,middle
7237,4,0.722409511845,0,0,0,0,middle
7240,3,0.711504671703,0,0,0,0,middle
7242,3,0.712955123865,0,0,0,0,middle
7245,3,0.714061786849,0,0,0,0,middle
7246,3,0.711186692308,0,0,0,0,middle
7249,3,0.709599841366,0,0,0,0,middle
7251,5,0.715813225313,0,0,0,0,middle
7257,3,0.716267483182,0,0,0,0,middle
7260,3,0.717722471042,0,0,0,0,middle
7265,7,0.709320668762,0,0,0,0,middle
7268,5,0.713712873646,0,0,0,0,middle
7269,3,0.709863407469,0,0,0,0,middle
7270,5,0.71524965916,20.63456497299118,6.231813929367148e-4,0.7017770015464598,37.07123916777655,middle
7273,3,0.711505244617,0,0,0,0,middle
7274,5,0.714031996029,19.808462269923254,5.982323894621809e-4,0.6736814309014155,35.58709589057818,middle
7278,4,0.712068174772,0,0,0,0,middle
7281,6,0.71072694754,21.649117738160292,6.538217483904618e-4,0.7362817172205235,38.89394433530212,middle
7283,7,0.709238534463,0,0,0,0,middle
7285,4,0.711396437423,0,0,0,0,middle
7287,5,0.711591702565,0,0,0,0,middle
7293,3,0.71145061753,0,0,0,0,middle
7294,6,0.708338528005,12.164283198279069,3.6737168714254476e-4,0.4137045874252227,21.853867640932407,middle
7296,5,0.708703764261,13.708753974313442,4.1401601673315925e-4,0.4662316977180848,24.628602441542647,middle
7300,4,0.712795240692,0,0,0,0,middle
7302,4,0.711429758969,0,0,0,0,middle
7320,6,0.710795157698,0,0,0,0,middle
7322,3,0.711513194893,0,0,0,0,middle
7326,5,0.714447584219,19.01305648827613,5.742104590941031e-4,0.6466298557803666,34.15810148214417,middle
7338,7,0.709882509194,0,0,0,0,middle
7339,3,0.732218279435,0,0,0,0,middle
7341,5,0.722172183613,26.136003571424094,7.893295125319037e-4,0.8888797143418901,46.954905061207796,middle
7344,5,0.716098553459,0,0,0,0,middle
7350,4,0.712962417147,0,0,0,0,middle
7356,3,0.722371655084,0,0,0,0,middle
7357,5,0.711624041723,0,0,0,0,middle
7360,3,0.727947610324,0,0,0,0,middle
7369,4,0.711458613812,0,0,0,0,middle
7371,5,0.71147756481,22.19967382854613,6.70449010062589e-4,0.7550060083698563,39.88305152165105,middle
7372,3,0.716687957622,0,0,0,0,middle
7374,5,0.711543016862,23.112234886486856,6.980091293077329e-4,0.7860420085863841,41.522522442331955,middle
7375,3,0.713770692992,0,0,0,0,middle
7379,3,0.711595891391,0,0,0,0,middle
7381,6,0.709402268501,0,0,0,0,middle
7382,3,0.713786826994,0,0,0,0,middle
7391,3,0.711420703055,0,0,0,0,middle
7393,3,0.711651257933,0,0,0,0,middle
7397,6,0.70963588339,17.8096775272742,5.378673921028919e-4,0.6057032028520684,31.99615867738116,middle
7407,7,0.709429835517,0,0,0,0,middle
7408,3,0.711416506268,0,0,0,0,middle
7410,3,0.709771822969,0,0,0,0,middle
7414,7,0.709343980919,0,0,0,0,middle
7425,4,0.719311141939,0,0,0,0,middle
7440,3,0.717764755063,0,0,0,0,middle
7444,3,0.711529572193,0,0,0,0,middle
7445,3,0.724509767146,0,0,0,0,middle
7449,4,0.711584185855,0,0,0,0,middle
7453,7,0.709555799073,0,0,0,0,middle
7456,4,0.712248175361,0,0,0,0,middle
7457,3,0.72768913111,0,0,0,0,middle
7461,4,0.712980142867,0,0,0,0,middle
7465,5,0.711599228951,23.080308454914842,6.970449239501405e-4,0.7849561976934473,41.465164684505275,middle
7467,3,0.722419733931,0,0,0,0,middle
7473,6,0.712481744148,23.11025007261149,6.979491862424349e-4,0.7859745055044481,41.518956604623554,middle
7479,3,0.709903239773,0,0,0,0,middle
7480,3,0.709629345457,0,0,0,0,middle
7483,4,0.711757078692,0,0,0,0,middle
7486,3,0.718528263581,0,0,0,0,middle
7492,3,0.709793435875,0,0,0,0,middle
7493,3,0.716798028449,0,0,0,0,middle
7494,5,0.718742970356,20.129588171662895,6.079306645174635e-4,0.6846028519605327,36.16401792028611,middle
7496,3,0.721245508461,0,0,0,0,middle
7499,3,0.711495095971,0,0,0,0,middle
7500,4,0.719429555363,0,0,0,0,middle
7503,3,0.7193489115,0,0,0,0,middle
7504,4,0.724945026111,0,0,0,0,middle
7510,3,0.711524920576,0,0,0,0,middle
7518,4,0.724506978132,0,0,0,0,middle
7520,7,0.709580012785,0,0,0,0,middle
7528,5,0.719911986238,24.56019654681854,7.417388016117307e-4,0.8352868651497207,44.12387280208929,middle
7537,6,0.71090630932,21.70744241244786,6.555832031055324e-4,0.7382653265232288,38.99872812661186,middle
7543,3,0.731563994644,0,0,0,0,middle
7545,4,0.712826140561,0,0,0,0,middle
7546,4,0.711606886342,0,0,0,0,middle
7554,3,0.711567879299,0,0,0,0,middle
7558,7,0.71016126857,0,0,0,0,middle
7561,3,0.728132915585,0,0,0,0,middle
7567,3,0.72024261764,0,0,0,0,middle
7568,5,0.719650611412,22.156215278387098,6.691365249261898e-4,0.7535279926684311,39.804975617994295,middle
7569,3,0.715900786908,0,0,0,0,middle
7572,3,0.711559346985,0,0,0,0,middle
7573,3,0.7125185438,0,0,0,0,middle
7575,3,0.728819374731,0,0,0,0,middle
7576,3,0.710940677598,0,0,0,0,middle
7581,3,0.721726622935,0,0,0,0,middle
7583,5,0.711685125967,24.105998702444108,7.280216408333671e-4,0.8198396966850032,43.307879010103264,middle
7588,5,0.711779573593,0,0,0,0,middle
7591,3,0.709771343605,0,0,0,0,middle
7593,6,0.711009969583,21.71625161175791,6.55849248408832e-4,0.73856492544794206,39.01455438391009,middle
7597,3,0.720352857706,0,0,0,0,middle
7601,3,0.714201077132,0,0,0,0,middle
7604,4,0.711628628588,0,0,0,0,middle
7606,3,0.71160823505,0,0,0,0,middle
7607,4,0.711673643629,0,0,0,0,middle
7608,4,0.709857471904,0,0,0,0,middle
7618,3,0.710877520645,0,0,0,0,middle
7619,4,0.711558540114,0,0,0,0,middle
7622,5,0.713228393853,20.770472768047394,6.272859238122118e-4,0.7063991956671589,37.31540570978452,middle
7626,4,0.725241936911,0,0,0,0,middle
7627,3,0.71556547593,0,0,0,0,middle
7642,3,0.716517371129,0,0,0,0,middle
7646,3,0.716230916312,0,0,0,0,middle
8225,3,0.722207387333,0,0,0,0,middle
8275,4,0.71204342853,0,0,0,0,middle
7653,5,0.7126699225,23.13369419819785,6.986572187528472e-4,0.7867718350425029,41.561075388704,middle
7659,3,0.716123435897,0,0,0,0,middle
7660,3,0.716180715335,0,0,0,0,middle
7662,3,0.711365533699,0,0,0,0,middle
7664,3,0.729183833923,0,0,0,0,middle
7668,3,0.719519221085,0,0,0,0,middle
7676,4,0.719320921669,0,0,0,0,middle
7677,3,0.71180793059,0,0,0,0,middle
7679,3,0.721269055321,0,0,0,0,middle
7682,5,0.711738622354,24.293459045461073,7.33683102455389e-4,0.8262151815863574,43.64466281046695,middle
7684,4,0.725219017678,0,0,0,0,middle
7688,4,0.719171429156,0,0,0,0,middle
7691,3,0.717420605134,0,0,0,0,middle
7694,3,0.71088236769,0,0,0,0,middle
8220,6,0.707641903045,7.538304635371516,2.2766320439519957e-4,0.2563760772606168,13.543018446145922,middle
8221,7,0.710377024655,0,0,0,0,middle
8227,4,0.719903980326,0,0,0,0,middle
8229,7,0.714491857414,0,0,0,0,middle
8230,5,0.713183048429,20.78724849026922,6.277925648756605e-4,0.7069697342782234,37.3455443054618,middle
8232,4,0.718561550499,0,0,0,0,middle
8233,3,0.722495226443,0,0,0,0,middle
8240,6,0.707367985311,5.953958759851338,1.79814612922952e-4,0.2024928236330082,10.696645626909557,middle
8246,3,0.713766713733,0,0,0,0,middle
8258,4,0.719498852643,0,0,0,0,middle
8260,3,0.71239390476,0,0,0,0,middle
8264,6,0.722278041383,26.199299325782246,7.912410980884455e-4,0.8910323889808865,47.06861969736257,middle
8265,7,0.714705540293,18.96148976827303,5.726531003398588e-4,0.6448760830116782,34.06545876286054,middle
8271,3,0.717478052259,0,0,0,0,middle
8277,4,0.72079273783,0,0,0,0,middle
8278,4,0.712074649283,0,0,0,0,middle
8279,3,0.719998200786,0,0,0,0,middle
8283,3,0.714230821093,0,0,0,0,middle
8287,4,0.721233127927,0,0,0,0,middle
8289,3,0.722403786729,0,0,0,0,middle
8292,3,0.712118179921,0,0,0,0,middle
8303,3,0.712047375834,0,0,0,0,middle
8306,3,0.723832353347,0,0,0,0,middle
8309,4,0.719593099659,0,0,0,0,middle
8313,4,0.71973671004,0,0,0,0,middle
8314,6,0.71288101632,21.614586879613018,6.527788871255425e-4,0.7351073303408461,38.83190756750255,middle
8317,6,0.707398174441,5.9914340202237035,1.8094639762449938e-4,0.20376734896905063,10.763972189982589,middle
8323,5,0.713183363019,0,0,0,0,middle
8324,7,0.71465964204,0,0,0,0,middle
8340,3,0.722507473038,0,0,0,0,middle
8347,3,0.714368900069,0,0,0,0,middle
8350,3,0.722100195916,0,0,0,0,middle
8353,4,0.712179167113,0,0,0,0,middle
8367,3,0.724256177854,0,0,0,0,middle
8369,4,0.719762565757,0,0,0,0,middle
8371,3,0.712086524482,0,0,0,0,middle
8374,6,0.72178823737,26.149613167122826,7.897405338844713e-4,0.8893425736885358,46.97935551983316,middle
8376,3,0.712487439932,0,0,0,0,middle
8378,7,0.710066617118,0,0,0,0,middle
8391,4,0.71881643773,0,0,0,0,middle
8392,3,0.712038710457,0,0,0,0,middle
8397,3,0.720776990649,0,0,0,0,middle
8399,3,0.721257962152,0,0,0,0,middle
8400,4,0.712219518446,0,0,0,0,middle
8402,3,0.712093556758,0,0,0,0,middle
8413,3,0.712025756801,0,0,0,0,middle
8414,3,0.715565164144,0,0,0,0,middle
9153,3,0.713322042682,0,0,0,0,middle
9169,3,0.732272096882,0,0,0,0,middle
10326,3,0.732667038002,0,0,0,0,middle
7724,3,0.711694407774,0,0,0,0,middle
8017,6,0.723690161893,27.785242923788786,8.391379421371773e-4,0.9449699807977059,49.91786292130548,middle
8149,4,0.719439986987,0,0,0,0,middle
8150,6,0.707616971183,7.5016163165026075,2.265551859956278e-4,0.2551283156314618,13.477105670895599,middle
8469,3,0.713840248631,0,0,0,0,middle
9186,3,0.711176587363,0,0,0,0,middle
9194,7,0.712215281207,23.36281697249557,7.055769211951943e-4,0.7945642500385605,41.972708256946824,middle
9203,3,0.710463741674,0,0,0,0,middle
9208,5,0.729818578589,0,0,0,0,middle
9213,4,0.714840001407,0,0,0,0,middle
9219,3,0.731585842388,0,0,0,0,middle
9222,3,0.713626211652,0,0,0,0,middle
9225,3,0.712550927826,0,0,0,0,middle
9228,3,0.712814321471,0,0,0,0,middle
9242,4,0.721143798366,0,0,0,0,middle
9248,3,0.713805876359,0,0,0,0,middle
10305,5,0.724388040286,25.387419701486362,7.66721643676497e-4,0.8634205421064409,45.61002903809197,middle
10306,3,0.713402819539,0,0,0,0,middle
10310,3,0.733082929572,0,0,0,0,middle
10313,3,0.713227497304,0,0,0,0,middle
10314,3,0.715444194606,0,0,0,0,middle
10315,4,0.720995818175,0,0,0,0,middle
10320,3,0.719888796124,0,0,0,0,middle
10329,4,0.712728063886,0,0,0,0,middle
10336,4,0.728852692104,0,0,0,0,middle
10340,3,0.733050173274,0,0,0,0,middle
10341,3,0.733375804705,0,0,0,0,middle
10346,3,0.732490951866,0,0,0,0,middle
10349,4,0.715431147012,0,0,0,0,middle
10352,5,0.712562758717,22.715929150576702,6.860403593890764e-4,0.772563737956171,40.81053531109284,middle
10362,3,0.713720041864,0,0,0,0,middle
10367,3,0.715914610939,0,0,0,0,middle
10368,4,0.713744567247,0,0,0,0,middle
10372,4,0.728977774018,0,0,0,0,middle
10384,3,0.717618903346,0,0,0,0,middle
11026,3,0.733388002697,0,0,0,0,middle
11035,3,0.734305019272,0,0,0,0,middle
11046,3,0.731303515543,0,0,0,0,middle
11047,7,0.717871038485,20.93253233621724,6.321802604538128e-4,0.7119108058208506,37.60655548778636,middle
11050,4,0.708143515316,0,0,0,0,middle
11054,3,0.734928204415,0,0,0,0,middle
11058,3,0.717944613581,0,0,0,0,middle
11060,7,0.718069407824,20.80125787864889,6.28215660306849e-4,0.7074461904857303,37.37071301572523,middle
11071,4,0.713877141281,0,0,0,0,middle
11078,3,0.70952321787,0,0,0,0,middle
11081,4,0.730308763761,0,0,0,0,middle
11086,3,0.714688246162,0,0,0,0,middle
11089,7,0.719635903606,0,0,0,0,middle
11090,5,0.711483811823,22.195593630761653,6.703257846230359e-4,0.7548672417435353,39.87572120050698,middle
11094,3,0.733756501857,0,0,0,0,middle
11095,3,0.718231247318,0,0,0,0,middle
11099,3,0.713939975706,0,0,0,0,middle
11102,3,0.728537675569,0,0,0,0,middle
11110,4,0.718942811297,0,0,0,0,middle
11118,3,0.734786558296,0,0,0,0,middle
11126,3,0.718645371999,0,0,0,0,middle
7698,3,0.711813492057,0,0,0,0,middle
7699,4,0.718928939746,0,0,0,0,middle
7700,3,0.718489434965,0,0,0,0,middle
7705,3,0.717171234112,0,0,0,0,middle
7707,3,0.721089627558,0,0,0,0,middle
7708,3,0.711606876652,0,0,0,0,middle
7710,5,0.711606090176,23.076045242205225,6.969161713043619e-4,0.7848112067699059,41.45750556602189,middle
7713,6,0.710969150586,0,0,0,0,middle
7715,3,0.711096905408,0,0,0,0,middle
7718,4,0.711626619407,0,0,0,0,middle
7721,3,0.718561116456,0,0,0,0,middle
7728,5,0.711881497405,0,0,0,0,middle
7732,6,0.711048934185,22.321252545863516,6.741207906166487e-4,0.7591408737184857,40.101475012201185,middle
7733,4,0.718413623943,0,0,0,0,middle
7734,4,0.720415689548,0,0,0,0,middle
7738,3,0.720431299884,0,0,0,0,middle
7740,5,0.711724519353,24.300741388554698,7.339030354037632e-4,0.8264628524680633,43.65774597858214,middle
7741,3,0.721141376174,0,0,0,0,middle
7743,5,0.711734133116,24.295813945882042,7.337542224487829e-4,0.8262952712300465,43.64889353095155,middle
7744,4,0.718805495044,0,0,0,0,middle
7745,4,0.70992193392,0,0,0,0,middle
7748,4,0.72515221603,0,0,0,0,middle
7758,3,0.726231361931,0,0,0,0,middle
7760,3,0.716886140019,0,0,0,0,middle
7762,4,0.712982537122,0,0,0,0,middle
7763,3,0.716314825549,0,0,0,0,middle
7764,3,0.71946516348,0,0,0,0,middle
7770,7,0.709532553905,17.649437999327684,5.330280222223086e-4,0.6002534918647654,31.708278711294536,middle
7773,3,0.711816532823,0,0,0,0,middle
7774,4,0.71094087858,0,0,0,0,middle
7776,4,0.728274172152,0,0,0,0,middle
7777,3,0.710373303435,0,0,0,0,middle
7780,4,0.711847839042,0,0,0,0,middle
7782,3,0.717097654439,0,0,0,0,middle
7785,4,0.709980452391,0,0,0,0,middle
7787,6,0.711392538888,22.248663336535248,6.719285348244585e-4,0.7566721307266321,39.97106412427938,middle
7788,4,0.710937836739,0,0,0,0,middle
7790,7,0.704748775579,0,0,0,0,middle
7795,7,0.704741068697,0,0,0,0,middle
7796,3,0.722066673088,0,0,0,0,middle
7798,6,0.706821235843,0,0,0,0,middle
7803,4,0.728323234521,0,0,0,0,middle
7809,4,0.722094771628,0,0,0,0,middle
7810,3,0.730760678884,0,0,0,0,middle
7811,5,0.713924448722,0,0,0,0,middle
7814,4,0.71671971461,0,0,0,0,middle
7823,4,0.718761750959,0,0,0,0,middle
7830,3,0.719324267285,0,0,0,0,middle
7838,3,0.717816963396,0,0,0,0,middle
7840,3,0.729082863335,0,0,0,0,middle
7844,3,0.717582524682,0,0,0,0,middle
7850,3,0.730823170787,0,0,0,0,middle
7852,3,0.70954546166,0,0,0,0,middle
7855,5,0.722846796762,28.346609690046364,8.560916954051855e-4,0.964061940647973,50.9263921381809,middle
7861,3,0.711641926777,0,0,0,0,middle
7863,3,0.716787360968,0,0,0,0,middle
7865,6,0.70694062551,1.979091189357374,5.977023531859439e-5,0.0673084546474402,3.5555565582089055,middle
7868,5,0.722207849629,0,0,0,0,middle
7871,4,0.720147825397,0,0,0,0,middle
7876,3,0.715747743961,0,0,0,0,middle
7879,4,0.717315634016,0,0,0,0,middle
7885,3,0.716475235395,0,0,0,0,middle
7886,3,0.712059950174,0,0,0,0,middle
7887,3,0.710983345039,0,0,0,0,middle
7890,4,0.71245915298,0,0,0,0,middle
7894,4,0.713862892858,0,0,0,0,middle
7907,6,0.713029832939,21.436528097451685,6.474013606287564e-4,0.7290515904496608,38.51201423764239,middle
7913,5,0.722980702305,0,0,0,0,middle
7915,4,0.730580291863,0,0,0,0,middle
7918,4,0.718464028109,0,0,0,0,middle
7923,3,0.730715421912,0,0,0,0,middle
7932,3,0.715776242074,0,0,0,0,middle
7943,3,0.722415877282,0,0,0,0,middle
7945,3,0.719961282975,0,0,0,0,middle
7951,3,0.713002052287,0,0,0,0,middle
7954,3,0.709738597743,0,0,0,0,middle
7955,4,0.719435225207,0,0,0,0,middle
7959,7,0.709732466324,17.946418796799797,5.419970946154689e-4,0.610353743255558,32.24182260648865,middle
7972,7,0.710232853485,0,0,0,0,middle
7981,3,0.711860163355,0,0,0,0,middle
7982,4,0.718278529384,0,0,0,0,middle
7987,3,0.721285963711,0,0,0,0,middle
7988,5,0.713755139255,19.91142293196384,6.013418889293189e-4,0.6771831002983065,35.77207092312067,middle
7993,3,0.720133511615,0,0,0,0,middle
7994,5,0.713141202404,20.800204709964266,6.281838537178203e-4,0.7074103724511565,37.368820934731865,middle
8001,4,0.71406400068,0,0,0,0,middle
8013,3,0.720130948489,0,0,0,0,middle
8022,3,0.712385409949,0,0,0,0,middle
8025,4,0.718044501806,0,0,0,0,middle
8032,3,0.719682192917,0,0,0,0,middle
8037,3,0.719103417155,0,0,0,0,middle
8042,6,0.707063171379,0,0,0,0,middle
8044,3,0.711984879452,0,0,0,0,middle
8053,3,0.718987021856,0,0,0,0,middle
8057,6,0.713049238459,21.430881709799383,6.472308349245883e-4,0.7288595580515276,38.50187016204078,middle
8074,4,0.720260133985,0,0,0,0,middle
8075,3,0.714951071318,0,0,0,0,middle
8076,4,0.717099235516,0,0,0,0,middle
8079,3,0.711871704589,0,0,0,0,middle
8081,3,0.721011847199,0,0,0,0,middle
8089,3,0.712441583159,0,0,0,0,middle
8098,4,0.719348581973,0,0,0,0,middle
8101,4,0.718862006846,0,0,0,0,middle
8106,5,0.729003797407,3.4207732505259534,1.033102583928329e-4,0.1163397434288845,6.145625239735662,middle
8108,3,0.721780201988,0,0,0,0,middle
8113,4,0.719549653502,0,0,0,0,middle
8122,3,0.715244269464,0,0,0,0,middle
8125,5,0.711631525563,23.0595475709076,6.96417927615051e-4,0.7842501246094192,41.42786650558198,middle
8131,3,0.720787158062,0,0,0,0,middle
8134,6,0.712993748222,21.44561495176892,6.476757913491636e-4,0.7293606323599016,38.52833931888922,middle
8137,7,0.709769385494,0,0,0,0,middle
8140,4,0.715594634661,0,0,0,0,middle
8142,3,0.721664826395,0,0,0,0,middle
8146,6,0.707320431699,5.8944433567418555,1.7801719718583793e-4,0.20046871790581355,10.589722619532075,middle
8148,3,0.711994148794,0,0,0,0,middle
8151,6,0.707683096398,7.598406788980037,2.2947834049587718e-4,0.2584201382428124,13.650995586145541,middle
8157,3,0.716405416592,0,0,0,0,middle
8158,6,0.707671110625,7.580986557667428,2.2895223471032362e-4,0.2578276800197866,13.61969909105621,middle
8163,3,0.712377227637,0,0,0,0,middle
8167,3,0.711012236662,0,0,0,0,middle
8175,3,0.711330826807,0,0,0,0,middle
8176,3,0.7156252623,0,0,0,0,middle
8178,3,0.716418519807,0,0,0,0,middle
8181,3,0.710977736316,0,0,0,0,middle
8188,4,0.717552438065,0,0,0,0,middle
8192,5,0.718101961395,20.773689005792846,6.273830569245818e-4,0.7065085792031928,37.32118387466652,middle
8197,4,0.719273830368,0,0,0,0,middle
8204,3,0.712865627966,0,0,0,0,middle
8205,4,0.718428751508,0,0,0,0,middle
8210,7,0.710239822921,0,0,0,0,middle
8214,3,0.71015997903999994,0,0,0,0,middle
8425,3,0.717931650099,0,0,0,0,middle
8428,7,0.710329166391,0,0,0,0,middle
8435,4,0.720004088437,0,0,0,0,middle
8437,5,0.727032397756,7.713515556030874,2.329547230551345e-4,0.2623349620105236,13.857795421239466,middle
8444,3,0.710155454119,0,0,0,0,middle
8445,3,0.715426488816,0,0,0,0,middle
8456,3,0.730002905534,0,0,0,0,middle
8462,4,0.724688557433,0,0,0,0,middle
8463,5,0.71097209612,0,0,0,0,middle
8465,3,0.719939980215,0,0,0,0,middle
8466,3,0.721266731289,0,0,0,0,middle
8473,7,0.709783341787,18.718940703784924,5.653279125270292e-4,0.636627042848866,33.6297047553819,middle
8481,5,0.713262224101,0,0,0,0,middle
8486,4,0.712516664965,0,0,0,0,middle
8487,5,0.713364120313,0,0,0,0,middle
8489,4,0.712118470544,0,0,0,0,middle
8491,7,0.709828077541,18.782666963457856,5.67252499709827e-4,0.6387943588786238,33.74419282027183,middle
8502,4,0.712251500961,0,0,0,0,middle
8513,7,0.709825107859,18.778525226358266,5.671274157306746e-4,0.6386534993137747,33.736751940040534,middle
8514,4,0.725511919095,0,0,0,0,middle
8516,3,0.725699910814,0,0,0,0,middle
8518,3,0.7156330905,0,0,0,0,middle
8520,3,0.712171715464,0,0,0,0,middle
8522,3,0.712369365845,0,0,0,0,middle
8528,7,0.714839221106,19.688056512018626,5.945960332789117e-4,0.6695864576435911,35.37077969228167,middle
8530,3,0.712526158209,0,0,0,0,middle
8690,4,0.72688536789,0,0,0,0,middle
8710,3,0.711909806122,0,0,0,0,middle
8755,5,0.718411962354,0,0,0,0,middle
8533,3,0.713015642318,0,0,0,0,middle
8534,5,0.721838454546,26.216568721389407,7.917626485075473e-4,0.8916197173148532,47.0996452070195,middle
8539,3,0.712443995307,0,0,0,0,middle
8542,3,0.712155377493,0,0,0,0,middle
8553,3,0.712534377439,0,0,0,0,middle
8555,4,0.725255816044,0,0,0,0,middle
8557,5,0.710992574524,21.71604895401402,6.558431279727921e-4,0.7385580331027903,39.014190297063436,middle
8562,4,0.712617482891,0,0,0,0,middle
8565,3,0.722185271226,0,0,0,0,middle
8569,3,0.719655129219,0,0,0,0,middle
8574,4,0.714335501338,0,0,0,0,middle
8576,3,0.717884758079,0,0,0,0,middle
8578,4,0.726179280513,0,0,0,0,middle
8579,4,0.721272850279,0,0,0,0,middle
8587,7,0.715158532202,17.00433437170672,5.135453445998065e-4,0.5783136598367505,30.5493111779911,middle
8590,3,0.717680061651,0,0,0,0,middle
8592,3,0.710147040581,0,0,0,0,middle
8595,3,0.722524049944,0,0,0,0,middle
8603,7,0.709922371557,19.521540239849624,5.895671003902012e-4,0.6639232759702961,35.07162317703729,middle
8607,3,0.719793852133,0,0,0,0,middle
8608,3,0.718254496093,0,0,0,0,middle
8622,4,0.712166773195,0,0,0,0,middle
8625,3,0.712651761552,0,0,0,0,middle
8631,3,0.731571590588,0,0,0,0,middle
8633,3,0.715917508609,0,0,0,0,middle
8639,3,0.716694412224,0,0,0,0,middle
8652,4,0.72068239217,0,0,0,0,middle
8655,3,0.712208197239,0,0,0,0,middle
8659,3,0.712683212513,0,0,0,0,middle
8666,3,0.717151830684,0,0,0,0,middle
8672,3,0.715451869351,0,0,0,0,middle
8680,5,0.713160569437,0,0,0,0,middle
8681,3,0.7152328895,0,0,0,0,middle
8682,3,0.71279400314,0,0,0,0,middle
8686,4,0.712673755875,0,0,0,0,middle
8692,3,0.712864526078,0,0,0,0,middle
8694,4,0.722560103837,0,0,0,0,middle
8699,3,0.715296380544,0,0,0,0,middle
8700,4,0.711242457035,0,0,0,0,middle
8702,4,0.715612787187,0,0,0,0,middle
8704,5,0.72557548823,0,0,0,0,middle
8705,3,0.712935830345,0,0,0,0,middle
8712,5,0.719265880307,20.72295208816691,6.258507589071129e-4,0.704783027830249,37.23003194534749,middle
8716,3,0.725850432716,0,0,0,0,middle
8727,4,0.715905170293,0,0,0,0,middle
8732,6,0.721546200389,25.210075330129207,7.613656929929476e-4,0.8573890991690654,45.29141919028344,middle
8735,4,0.726011219547,0,0,0,0,middle
8736,3,0.712805373126,0,0,0,0,middle
8738,4,0.715875143871,0,0,0,0,middle
8746,4,0.715046697713,0,0,0,0,middle
8747,4,0.712311875668,0,0,0,0,middle
8748,3,0.711317290961,0,0,0,0,middle
8759,3,0.71929120405,0,0,0,0,middle
8763,3,0.713669449534,0,0,0,0,middle
8764,4,0.716887222957,0,0,0,0,middle
8765,4,0.71953650035,0,0,0,0,middle
8767,4,0.715224328987,0,0,0,0,middle
8768,4,0.712869752939,0,0,0,0,middle
8770,3,0.7247489107,0,0,0,0,middle
8772,3,0.711388329651,0,0,0,0,middle
8777,3,0.719947917911,0,0,0,0,middle
8873,3,0.717156529247,0,0,0,0,middle
8874,4,0.71841253951,0,0,0,0,middle
8977,4,0.711228134558,0,0,0,0,middle
8788,4,0.72140103815,0,0,0,0,middle
8791,4,0.712702240439,0,0,0,0,middle
8792,4,0.726024753283,0,0,0,0,middle
8796,4,0.721226457119,0,0,0,0,middle
8798,3,0.715357912531,0,0,0,0,middle
8799,7,0.712278669477,23.312934893770375,7.040704400387835e-4,0.7928677715480039,41.883092097215425,middle
8800,4,0.712749371591,0,0,0,0,middle
8801,3,0.712811682002,0,0,0,0,middle
8806,5,0.718781013563,20.537474779187473,6.202491865977741e-4,0.6984749854789386,36.8968107851063,middle
8811,5,0.722716172705,0,0,0,0,middle
8818,4,0.719467496641,0,0,0,0,middle
8819,3,0.711163133903,0,0,0,0,middle
8820,4,0.724150148662,0,0,0,0,middle
8823,5,0.719259391602,20.724914273900282,6.259100185832982e-4,0.7048497613340688,37.2335571302355,middle
8824,5,0.723438347844,28.111594892136008,8.489940488439802e-4,0.9560691392289726,50.50417389453462,middle
8830,4,0.729999194209,0,0,0,0,middle
8837,4,0.712640229943,0,0,0,0,middle
8841,3,0.712760274161,0,0,0,0,middle
8843,3,0.712951138904,0,0,0,0,middle
8862,3,0.710799125402,0,0,0,0,middle
8868,6,0.712895118472,20.53581166306805,6.201989590780142e-4,0.6984184232666971,36.893822896798135,middle
8869,5,0.713642224056,0,0,0,0,middle
8877,3,0.71237803371,0,0,0,0,middle
8878,4,0.711643432824,0,0,0,0,middle
8881,4,0.721050462319,0,0,0,0,middle
8882,3,0.712345988539,0,0,0,0,middle
8887,4,0.720847087226,0,0,0,0,middle
8888,5,0.71537555858,20.709285492890785,6.254380161188823e-4,0.7043182299405537,37.205479083547225,middle
8896,5,0.715477060027,0,0,0,0,middle
8900,3,0.712948713229,0,0,0,0,middle
8906,3,0.711906846586,0,0,0,0,middle
8907,3,0.725527972682,0,0,0,0,middle
8916,3,0.713032398072,0,0,0,0,middle
8917,3,0.711337010834,0,0,0,0,middle
8919,4,0.712334616587,0,0,0,0,middle
8935,4,0.713997144913,0,0,0,0,middle
8944,5,0.719254067109,20.726478477296666,6.259572588547879e-4,0.7049029595464256,37.23636731587742,middle
8951,3,0.711395029897,0,0,0,0,middle
8952,3,0.724379785673,0,0,0,0,middle
8957,3,0.71281624785,0,0,0,0,middle
8964,3,0.717100676051,0,0,0,0,middle
8968,3,0.732311192234,0,0,0,0,middle
8975,3,0.712329761976,0,0,0,0,middle
8984,7,0.712275610146,23.315489971236982,7.041476055490225e-4,0.7929546691688445,41.8876824478228,middle
8986,3,0.718504753311,0,0,0,0,middle
8998,5,0.711630052515,23.06053277231218,6.964476815344786e-4,0.7842836310917962,41.42963647926184,middle
9003,3,0.713338319339,0,0,0,0,middle
9007,3,0.713352621427,0,0,0,0,middle
9009,4,0.712388955517,0,0,0,0,middle
9018,3,0.713363477043,0,0,0,0,middle
9019,3,0.715390566259,0,0,0,0,middle
9028,4,0.713392085525,0,0,0,0,middle
9031,4,0.714853879224,0,0,0,0,middle
9032,3,0.713178991397,0,0,0,0,middle
9039,4,0.721044574869,0,0,0,0,middle
9046,3,0.713351015128,0,0,0,0,middle
9050,3,0.710060618001,0,0,0,0,middle
9051,3,0.732245551832,0,0,0,0,middle
9052,3,0.72118774417,0,0,0,0,middle
9059,3,0.713381595442,0,0,0,0,middle
9061,4,0.71335767735,0,0,0,0,middle
9067,4,0.726598910617,0,0,0,0,middle
9069,5,0.718570890333,21.16209761512379,6.391133269112905e-4,0.7197182703010122,38.01898334221902,middle
9078,4,0.712837327129,0,0,0,0,middle
9084,3,0.712758060882,0,0,0,0,middle
9089,5,0.716463524514,0,0,0,0,middle
9095,3,0.712075056682,0,0,0,0,middle
9096,3,0.713613742643,0,0,0,0,middle
9102,4,0.72106567624,0,0,0,0,middle
9109,3,0.71919056022,0,0,0,0,middle
9110,3,0.713608095143,0,0,0,0,middle
9113,3,0.713784294927,0,0,0,0,middle
9114,3,0.714977235408,0,0,0,0,middle
9116,3,0.71324864972,0,0,0,0,middle
9119,5,0.713142758862,20.799766268443502,6.281706124114013e-4,0.707395461151781,37.368033248124526,middle
9123,7,0.712281107876,23.310887711529144,7.040086133958494e-4,0.7927981473317071,41.879414210980165,middle
9124,5,0.718560743085,0,0,0,0,middle
9126,5,0.715658854434,21.744428878445728,6.56700225801699e-4,0.739523228070451,39.06517654114216,middle
9129,5,0.718517372952,21.18897214549337,6.399249605605657e-4,0.7206322671487975,38.067265055167965,middle
9143,4,0.723362001184,0,0,0,0,middle
9262,3,0.710472952238,0,0,0,0,middle
9263,4,0.726005983574,0,0,0,0,middle
9269,6,0.719964632914,24.57817279956866,7.422816997170829e-4,0.8358982335391456,44.156168223190356,middle
9286,4,0.713689576925,0,0,0,0,middle
9294,4,0.715146197895,0,0,0,0,middle
9428,4,0.715506770289,0,0,0,0,middle
9508,3,0.714761192307,0,0,0,0,middle
9647,3,0.712897472688,0,0,0,0,middle
9648,4,0.729751018965,0,0,0,0,middle
9678,4,0.714778136029,0,0,0,0,middle
9311,5,0.718605092096,21.142610269353327,6.385247925129268e-4,0.7190555099714006,37.983973151466394,middle
9314,6,0.718472637598,21.208036715862043,6.40500726782613e-4,0.7212806489802831,38.10151570443986,middle
9328,3,0.713311082868,0,0,0,0,middle
9331,7,0.712262504535,23.326266357299094,7.044730615635206e-4,0.7933211716809195,41.90704287464041,middle
9349,5,0.716566774889,0,0,0,0,middle
9353,4,0.715467689177,0,0,0,0,middle
9397,3,0.714644315639,0,0,0,0,middle
9399,7,0.715980867142,22.326704108146977,6.742854324291577e-4,0.7593262801488145,40.111269072289815,middle
9405,4,0.72540621168,0,0,0,0,middle
9406,3,0.714104274802,0,0,0,0,middle
9407,3,0.713381001602,0,0,0,0,middle
9416,3,0.714071126095,0,0,0,0,middle
9440,7,0.712236458035,23.34686830589807,7.050952579142518e-4,0.7940218394067828,41.9440555165272,middle
9455,3,0.710101408998,0,0,0,0,middle
9492,7,0.71616275664,23.452667630716036,7.082904874089429e-4,0.7976200510983583,42.134130377773346,middle
9500,4,0.712723682025,0,0,0,0,middle
9501,3,0.711407367252,0,0,0,0,middle
9510,3,0.725516985132,0,0,0,0,middle
9522,7,0.716201549913,23.48740495906329,7.093395842372346e-4,0.7988014599703738,42.196538081008,middle
9525,3,0.726782326969,0,0,0,0,middle
9526,4,0.724428104581,0,0,0,0,middle
9528,4,0.710963477242,0,0,0,0,middle
9542,3,0.713942039333,0,0,0,0,middle
9553,3,0.714168325693,0,0,0,0,middle
9555,7,0.716101599728,23.39305081927445,7.064900090540447e-4,0.7955924964961654,42.02702518421758,middle
9577,4,0.716086252093,0,0,0,0,middle
9589,7,0.716351143289,23.029554387591176,6.955121079972302e-4,0.7832300630630681,41.373981944721045,middle
9611,4,0.721404075177,0,0,0,0,middle
9628,3,0.712857938879,0,0,0,0,middle
9637,3,0.732577381077,0,0,0,0,middle
9644,3,0.71424322216,0,0,0,0,middle
9649,3,0.716474504665,0,0,0,0,middle
9651,7,0.712266643841,23.322892357706333,7.043711639093303e-4,0.7932064226992702,41.90098128109488,middle
9663,4,0.714265554238,0,0,0,0,middle
9674,3,0.714296666733,0,0,0,0,middle
9687,3,0.714531740111,0,0,0,0,middle
9693,5,0.718983567781,20.92676713171759,6.320061463799101e-4,0.7117147324879568,37.59619795055999,middle
9713,7,0.717924074372,20.9036482139085,6.313079354206622e-4,0.7109284631946474,37.55466342184458,middle
9723,7,0.717315983154,22.118184779477893,6.679879715491094e-4,0.7522345837922687,39.73665153543775,middle
9729,3,0.71264824299,0,0,0,0,middle
9731,3,0.711580889104,0,0,0,0,middle
9732,3,0.714555827932,0,0,0,0,middle
9746,3,0.713844273239,0,0,0,0,middle
9767,3,0.716269098638,0,0,0,0,middle
10142,4,0.712647544515,0,0,0,0,middle
10156,3,0.714983824516,0,0,0,0,middle
9736,5,0.719182180352,0,0,0,0,middle
9766,5,0.71188186503,23.385650297591766,7.062665070118785e-4,0.7953408063867228,42.0137297011471,middle
9779,4,0.711078985886,0,0,0,0,middle
9787,3,0.729876713974,0,0,0,0,middle
9791,3,0.720889098798,0,0,0,0,middle
9798,5,0.719270050206,20.721658670071808,6.258116965817763e-4,0.7047390389662379,37.22770824181363,middle
9804,3,0.713558421084,0,0,0,0,middle
9812,7,0.716525054354,23.551945080503884,7.112887507368578e-4,0.8009964552592644,42.31248829759717,middle
9834,7,0.712274156551,23.31669874428477,7.041841115220175e-4,0.7929957792734742,41.88985408142946,middle
9839,7,0.717475497757,21.916063336458322,6.618837322512039e-4,0.7453604781149171,39.37352818561564,middle
9845,3,0.712186728186,0,0,0,0,middle
9871,5,0.713258753795,20.143007649360182,6.083359441448666e-4,0.6850592454359002,36.18812682046762,middle
9878,3,0.712672581495,0,0,0,0,middle
9880,7,0.717458284382,21.916805307652286,6.61906140411627e-4,0.7453857123915019,39.37486118156797,middle
9897,3,0.713414211086,0,0,0,0,middle
9953,3,0.713109256443,0,0,0,0,middle
9970,3,0.714557825193,0,0,0,0,middle
9972,5,0.720815353603,29.40330750013201,8.880048670210778e-4,1,52.82481341805886,middle
9985,3,0.715089656482,0,0,0,0,middle
9989,6,0.723466379031,28.081811307099965,8.480945592722977e-4,0.9550562060738876,50.45066588961228,middle
9990,3,0.72534963626,0,0,0,0,middle
9995,3,0.71093686156,0,0,0,0,middle
9996,3,0.709793711705,0,0,0,0,middle
9999,7,0.718147135949,0,0,0,0,middle
10000,3,0.732595473628,0,0,0,0,middle
10004,4,0.710845982074,0,0,0,0,middle
10005,3,0.715723077449,0,0,0,0,middle
10013,7,0.712332657119,23.26539485487042,7.026346904748494e-4,0.7912509453151134,41.79768355313356,middle
10040,7,0.718162284656,21.739095989329957,6.565391680196769e-4,0.7393418576883691,39.05559568454912,middle
10044,4,0.721027065618,0,0,0,0,middle
10048,7,0.718227252415,0,0,0,0,middle
10051,7,0.717924793663,20.903225183206978,6.31295159534077e-4,0.7109140760138338,37.553903421702486,middle
10052,3,0.713633464595,0,0,0,0,middle
10054,4,0.721026465959,0,0,0,0,middle
10064,3,0.713317231748,0,0,0,0,middle
10065,4,0.720743389063,0,0,0,0,middle
10068,4,0.732863597995,0,0,0,0,middle
10071,7,0.718562321938,0,0,0,0,middle
10083,5,0.720885254058,25.85868447088809,7.809542400904352e-4,0.8794481529253807,46.456684589139726,middle
10087,3,0.732985868864,0,0,0,0,middle
10089,6,0.723606629485,0,0,0,0,middle
10091,3,0.711993372267,0,0,0,0,middle
10097,7,0.712549682226,22.731557997746318,6.865123638515841e-4,0.7730952715997771,40.83861347664176,middle
10100,3,0.732706189262,0,0,0,0,middle
10107,4,0.712596959187,0,0,0,0,middle
10111,4,0.728658869864,0,0,0,0,middle
10128,7,0.718255171332,0,0,0,0,middle
10129,5,0.720221358828,27.93786046942765,8.437471216765714e-4,0.950160469848578,50.19204953696627,middle
10132,5,0.719452844488,22.94547090805665,6.929727154794873e-4,0.780370402477804,41.22292090786549,middle
10144,5,0.719105762564,0,0,0,0,middle
10150,3,0.732985482695,0,0,0,0,middle
10157,5,0.728416941228,0,0,0,0,middle
10161,3,0.712095098676,0,0,0,0,middle
10166,5,0.728090009897,5.333146872206176,1.6106556648554112e-4,0.18137914832139995,9.581319668004376,middle
10170,3,0.710723465783,0,0,0,0,middle
10175,3,0.71234073467,0,0,0,0,middle
10177,4,0.720835845229,0,0,0,0,middle
10269,7,0.7117475169,24.288691829678662,7.335391284886201e-4,0.8260530496295226,43.63609822009805,middle
10270,3,0.724172472913,0,0,0,0,middle
10540,3,0.717499149755,0,0,0,0,middle
10657,4,0.712831778705,0,0,0,0,middle
10183,5,0.712409850465,23.18941102472386,7.003399142499386e-4,0.7886667520182805,41.66117402439216,middle
10185,7,0.712577457301,22.698051626695637,6.85500442979448e-4,0.7719557273137972,40.77841726235326,middle
10191,3,0.715272289823,0,0,0,0,middle
10196,4,0.728685483539,0,0,0,0,middle
10198,3,0.732377588326,0,0,0,0,middle
10200,4,0.731913347026,0,0,0,0,middle
10203,3,0.732362261811,0,0,0,0,middle
10222,3,0.710998417601,0,0,0,0,middle
10226,4,0.711318951956,0,0,0,0,middle
10239,4,0.713830333734,0,0,0,0,middle
10259,7,0.718996590231,0,0,0,0,middle
10261,3,0.711745836984,0,0,0,0,middle
10267,4,0.73147300472,0,0,0,0,middle
10272,5,0.720315656758,27.995726641004428,8.454947292202406e-4,0.9521284855752619,50.29600960053215,middle
10291,3,0.713062595338,0,0,0,0,middle
10401,4,0.715598268586,0,0,0,0,middle
10425,3,0.721496552842,0,0,0,0,middle
10441,4,0.721909222605,0,0,0,0,middle
10445,5,0.713126692345,20.804130343642978,6.283024111900646e-4,0.7075438823863464,37.375873572147725,middle
10455,3,0.713464740448,0,0,0,0,middle
10459,3,0.713856052914,0,0,0,0,middle
10467,6,0.71321476446,20.77581372442959,6.274472252325338e-4,0.7065808404151919,37.32500105970773,middle
10468,3,0.712697646283,0,0,0,0,middle
10469,3,0.717004145352,0,0,0,0,middle
10490,4,0.717956196951,0,0,0,0,middle
10505,7,0.711947902453,23.34529020853922,7.050475980332916e-4,0.7939681686638284,41.94122036954462,middle
10514,3,0.71323913329,0,0,0,0,middle
10516,3,0.713516472352,0,0,0,0,middle
10517,4,0.713801966319,0,0,0,0,middle
10518,4,0.71309891403,0,0,0,0,middle
10520,3,0.732671268037,0,0,0,0,middle
10531,3,0.707653448306,0,0,0,0,middle
10557,7,0.719549692049,22.12894014289945,6.683127926620021e-4,0.7526003713289772,39.75597419381503,middle
10558,4,0.731865493066,0,0,0,0,middle
10560,3,0.730084127994,0,0,0,0,middle
10563,3,0.73408034633,0,0,0,0,middle
10580,3,0.716142884248,0,0,0,0,middle
10582,3,0.732607132838,0,0,0,0,middle
10583,3,0.707698827316,0,0,0,0,middle
10585,5,0.713417799929,20.683727233838894,6.246661349816816e-4,0.7034489991898372,37.15956213132338,middle
10592,4,0.713177483979,0,0,0,0,middle
10595,4,0.711081472226,0,0,0,0,middle
10597,3,0.732868084453,0,0,0,0,middle
10609,3,0.715807494582,0,0,0,0,middle
10613,4,0.714022731145,0,0,0,0,middle
10625,6,0.713217149365,20.77489766866402,6.274195595701494e-4,0.7065496855607402,37.32335531033425,middle
10632,3,0.734322371322,0,0,0,0,middle
10633,4,0.733406234976,0,0,0,0,middle
10636,3,0.713373845613,0,0,0,0,middle
10637,5,0.724293210204,25.56559210862613,7.721026017441657e-4,0.8694801463580705,45.93012650207158,middle
10638,3,0.720584666902,0,0,0,0,middle
10639,4,0.711311299094,0,0,0,0,middle
10647,4,0.729318261939,0,0,0,0,middle
10648,3,0.708972076343,0,0,0,0,middle
10649,3,0.712061192941,0,0,0,0,middle
10651,3,0.733972961779,0,0,0,0,middle
10663,3,0.711569405115,0,0,0,0,middle
10669,3,0.732710381246,0,0,0,0,middle
10685,6,0.713183435044,20.787117479228606,6.277886082309294e-4,0.7069652786216408,37.34530893623417,middle
10688,4,0.72978650455,0,0,0,0,middle
10697,3,0.713601161628,0,0,0,0,middle
10708,3,0.734044617338,0,0,0,0,middle
10719,4,0.731910706411,0,0,0,0,middle
10723,3,0.725847247841,0,0,0,0,middle
10735,6,0.712751189379,22.64456376247892,6.838850640377833e-4,0.7701366168543201,40.682323091744536,middle
10737,3,0.709696496776,0,0,0,0,middle
10745,3,0.733229532814,0,0,0,0,middle
10746,3,0.713934403692,0,0,0,0,middle
10749,4,0.733976338843,0,0,0,0,middle
10750,3,0.734050182633,0,0,0,0,middle
10753,4,0.710875616013,0,0,0,0,middle
10766,3,0.713737058282,0,0,0,0,middle
10767,5,0.724307967594,25.538907491360952,7.712967036319901e-4,0.86857260841306,45.882185979456594,middle
10769,3,0.733284438664,0,0,0,0,middle
10771,3,0.714521784655,0,0,0,0,middle
10773,5,0.711305651395,22.2860685518592,6.730582041060347e-4,0.7579442738460339,40.038264847202846,middle
10775,4,0.730388185504,0,0,0,0,middle
10780,3,0.719949035333,0,0,0,0,middle
10782,3,0.7321765788,0,0,0,0,middle
10793,4,0.733937850054,0,0,0,0,middle
10796,4,0.713974335798,0,0,0,0,middle
10802,4,0.733824186452,0,0,0,0,middle
10804,4,0.713289301174,0,0,0,0,middle
10806,3,0.716373022249,0,0,0,0,middle
10816,3,0.732284164474,0,0,0,0,middle
11193,4,0.729037538097,0,0,0,0,middle
11622,3,0.727636678435,0,0,0,0,middle
10818,3,0.713836345698,0,0,0,0,middle
10822,7,0.712455070458,23.140558580752366,6.988645289378486e-4,0.7870052911785,41.573407665529345,middle
10826,4,0.733780280703,0,0,0,0,middle
10832,6,0.72294258174,28.360060265543165,8.56497914212554e-4,0.96451939175264,50.950556907432826,middle
10833,3,0.714683259431,0,0,0,0,middle
10841,4,0.717729766551,0,0,0,0,middle
10857,7,0.718538083978,21.179096495345277,6.3962670753592e-4,0.7202963984664035,38.049522854687545,middle
10865,4,0.718218567489,0,0,0,0,middle
10870,5,0.724376490406,25.409964000688067,7.674025006656165e-4,0.8641872687477076,45.65053122985954,middle
10873,3,0.713426522509,0,0,0,0,middle
10884,3,0.734246867704,0,0,0,0,middle
10892,3,0.721333392091,0,0,0,0,middle
10898,7,0.717319165515,0,0,0,0,middle
10902,4,0.720122231571,0,0,0,0,middle
10913,3,0.734908321437,0,0,0,0,middle
10914,3,0.716384868292,0,0,0,0,middle
10916,3,0.718585881694,0,0,0,0,middle
10933,5,0.711362423376,0,0,0,0,middle
10939,7,0.71762703614,21.88815833124925,6.610409773863034e-4,0.7444114350452234,39.32339516253337,middle
10941,4,0.734163125706,0,0,0,0,middle
10945,7,0.717739301117,21.842786555001087,6.596707111965701e-4,0.7428683509466756,39.2418820329392,middle
10948,4,0.725957046584,0,0,0,0,middle
10951,7,0.719465473084,22.945031394038168,6.92959441782726e-4,0.7803554547030177,41.222131294451394,middle
10952,7,0.718809551145,20.522207263883463,6.197880946645888e-4,0.697955740652351,36.869381774023516,middle
10969,3,0.71920049396,0,0,0,0,middle
10972,4,0.713871294889,0,0,0,0,middle
10973,3,0.727290108928,0,0,0,0,middle
10974,3,0.716783894293,0,0,0,0,middle
10997,3,0.710262073302,0,0,0,0,middle
11001,3,0.732690343238,0,0,0,0,middle
11002,3,0.708169021761,0,0,0,0,middle
11003,6,0.722937823526,28.359864031399663,8.564919877747033e-4,0.9645127178727203,50.95020436097129,middle
11007,5,0.714426782767,19.013306276725377,5.742180029174861e-4,0.6466383510304075,34.158550242142525,middle
11011,5,0.714209995144,19.843890660795715,5.99302356965848e-4,0.6748863426574246,35.6507451292746,middle
11016,6,0.722742802163,28.30938662237147,8.5496752713736e-4,0.9627959923299231,50.85951865448301,middle
11017,4,0.714454455377,0,0,0,0,middle
11132,3,0.712662493077,0,0,0,0,middle
11134,4,0.733209792401,0,0,0,0,middle
11144,6,0.722781289612,28.325904334882782,8.554663760883508e-4,0.9633577560876649,50.88919372017075,middle
11149,6,0.72285912959,28.34946278562656,8.561778613156457e-4,0.9641589737990967,50.93151789628438,middle
11156,4,0.733559386297,0,0,0,0,middle
11170,4,0.719881524273,0,0,0,0,middle
11171,7,0.719979709021,24.582520486337774,7.424130035512261e-4,0.8360460974068108,44.16397910441104,middle
11173,3,0.734558257854,0,0,0,0,middle
11179,3,0.735224172828,0,0,0,0,middle
11212,4,0.70823615787,0,0,0,0,middle
11213,4,0.714430493173,0,0,0,0,middle
11218,3,0.735093635712,0,0,0,0,middle
11223,3,0.714361469438,0,0,0,0,middle
11228,5,0.713974829682,19.787954988851702,5.976130521512058e-4,0.6729839827972708,35.55025332460796,middle
11240,6,0.722537154722,26.453108204628077,7.989063418610125e-4,0.8996643729454352,47.524602639717536,middle
11252,3,0.717123184343,0,0,0,0,middle
11260,3,0.730425268409,0,0,0,0,middle
11261,5,0.713957622278,19.780916779865187,5.974004922602782e-4,0.6727446148626776,35.537608758124804,middle
11262,3,0.717088475277,0,0,0,0,middle
11281,3,0.731558683113,0,0,0,0,middle
11282,3,0.714069769391,0,0,0,0,middle
11301,4,0.720495797083,0,0,0,0,middle
11305,4,0.734143605323,0,0,0,0,middle
11309,5,0.724844378432,22.05833911971217,6.661805817803967e-4,0.7501992461090691,39.629135202079986,middle
11315,6,0.722561920321,26.463796782931585,7.992291460066008e-4,0.9000278891350155,47.54380531460656,middle
11332,3,0.734774279194,0,0,0,0,middle
11338,5,0.724874763627,21.99469140334573,6.642583666721841e-4,0.7480346013198339,39.51478824497227,middle
11341,4,0.71398433322,0,0,0,0,middle
11342,5,0.714510181036,19.00878270708001,5.740813872710532e-4,0.6464845054249311,34.15042337673804,middle
11346,7,0.717837509223,20.94843894287902,6.326606534889632e-4,0.7124517860034952,37.635132664997435,middle
11348,7,0.718524180816,21.185799130831132,6.398291328220304e-4,0.7205243536202862,38.061564543159086,middle
11374,4,0.720667297473,0,0,0,0,middle
11380,4,0.72225037903,0,0,0,0,middle
11384,5,0.711585235984,23.08875628511308,6.973000555992508e-4,0.7852435065344068,41.480341720422324,middle
11388,7,0.720174591503,0,0,0,0,middle
11394,7,0.718331922805,21.61751283601238,6.528672534946428e-4,0.7352068414723523,38.83716422445739,middle
11397,4,0.714020196039,0,0,0,0,middle
11398,3,0.714408617037,0,0,0,0,middle
11401,5,0.724841402138,22.06450078845763,6.663666694113517e-4,0.7504088031034797,39.640205011210185,middle
11411,3,0.725684937386,0,0,0,0,middle
11412,3,0.730952785079,0,0,0,0,middle
11419,3,0.708278829889,0,0,0,0,middle
11424,7,0.720480930356,27.58245888982746,8.330136920299057e-4,0.9380733405486313,49.553549186936635,middle
11425,4,0.735042087784,0,0,0,0,middle
11426,3,0.735474231113,0,0,0,0,middle
11432,4,0.734112171158,0,0,0,0,middle
11433,5,0.71463883727,18.98341037005231,5.73315121136939e-4,0.6456215978412321,34.10484044463212,middle
11436,3,0.713378324573,0,0,0,0,middle
11437,4,0.710282861172,0,0,0,0,middle
11440,3,0.713842222363,0,0,0,0,middle
11444,3,0.734520208216,0,0,0,0,middle
11452,6,0.722616450784,26.482760363179633,7.99801862241206e-4,0.9006728363147831,47.57787452904228,middle
11458,3,0.714020524466,0,0,0,0,middle
11465,5,0.724473341926,0,0,0,0,middle
11467,5,0.723471559673,28.076125454605172,8.479228416963578e-4,0.9548628314851695,50.440450913043456,middle
11470,6,0.722242836423,26.180824554502184,7.906831442999569e-4,0.8904040660862607,47.03542865768767,middle
11473,5,0.714020773052,19.804785356851443,5.981213435635735e-4,0.673556379899184,35.58049009471756,middle
11476,3,0.724536296181,0,0,0,0,middle
11477,3,0.729399175388,0,0,0,0,middle
11479,4,0.715521198257,0,0,0,0,middle
11480,4,0.732032665914,0,0,0,0,middle
11490,5,0.724409304703,24.916995020594253,7.525144186492734e-4,0.847421502512341,44.76488275666551,middle
11497,3,0.714576871162,0,0,0,0,middle
11501,5,0.724620757977,0,0,0,0,middle
11510,3,0.735582613608,0,0,0,0,middle
11511,3,0.726008462028,0,0,0,0,middle
11534,5,0.724560624098,0,0,0,0,middle
11536,3,0.733764517112,0,0,0,0,middle
11549,5,0.71415609187,0,0,0,0,middle
11575,6,0.72217554528,26.13836977335163,7.894009738403976e-4,0.8889601883473238,46.95915608552984,middle
11579,6,0.7222861121,26.203172075924215,7.913580584329513e-4,0.8911641003586611,47.07557732631855,middle
11584,3,0.731668369555,0,0,0,0,middle
11590,3,0.726384447544,0,0,0,0,middle
11591,3,0.735162648608,0,0,0,0,middle
11605,3,0.708298660949,0,0,0,0,middle
11617,8,0.716339379985,0,0,0,0,middle
11618,3,0.73439066646,0,0,0,0,middle
11625,3,0.713873049392,0,0,0,0,middle
11633,3,0.71596198874,0,0,0,0,middle
11639,5,0.711225864279,22.309086886891038,6.737533773799565e-4,0.7587271223412835,40.07961867289902,middle
11641,4,0.714373913479,0,0,0,0,middle
11682,4,0.725007826299,0,0,0,0,middle
11696,5,0.733271815857,1.700293384623016,5.135030475405533e-5,0.05782660282743301,3.0546795049593434,middle
11701,4,0.724131549617,0,0,0,0,middle
11709,3,0.735591013028,0,0,0,0,middle
11714,3,0.735238733694,0,0,0,0,middle
11717,6,0.722142304285,26.113949331602484,7.886634557524087e-4,0.8881296545120049,46.91528329064173,middle
11720,3,0.712152966589,0,0,0,0,middle
11721,3,0.708413868967,0,0,0,0,middle
11723,3,0.726395353222,0,0,0,0,middle
11776,3,0.708001118126,0,0,0,0,middle
11849,3,0.71736269981,0,0,0,0,middle
11871,3,0.715706908332,0,0,0,0,middle
11730,8,0.716247112604,0,0,0,0,middle
11731,4,0.721145327269,0,0,0,0,middle
11732,3,0.724736846917,0,0,0,0,middle
11751,7,0.719162174552,0,0,0,0,middle
11763,5,0.733496139505,2.7347291664268925,8.259114420242255e-5,0.09300753550989507,4.913105709783691,middle
11766,5,0.714858152252,19.681115218774654,5.943864003257468e-4,0.6693503857920164,35.35830924076898,middle
11770,3,0.726648099016,0,0,0,0,middle
11778,5,0.734300708072,0,0,0,0,middle
11781,3,0.711776173826,0,0,0,0,middle
11786,5,0.725689438914,14.888158087915324,4.496350229642932e-4,0.5063429713765528,26.74747298851192,middle
11790,6,0.722119460106,26.09584956584387,7.881168274492656e-4,0.8875140854724153,46.88276597097948,middle
11793,3,0.735614559476,0,0,0,0,middle
11797,3,0.735801091799,0,0,0,0,middle
11798,3,0.713554895911,0,0,0,0,middle
11813,7,0.720492658434,0,0,0,0,middle
11818,3,0.715944939996,0,0,0,0,middle
11826,5,0.725815376793,12.672000415158902,3.8270517843966035e-4,0.4309719379393631,22.766012210066098,middle
11832,3,0.721771554623,0,0,0,0,middle
11835,3,0.735992899044,0,0,0,0,middle
11836,4,0.717030747512,0,0,0,0,middle
11838,4,0.715480022049,0,0,0,0,middle
11840,3,0.735808626733,0,0,0,0,middle
11841,6,0.721860687915,26.244611827173063,7.92609574127128e-4,0.8925734571546154,47.15002633610431,middle
11845,7,0.719791489767,0,0,0,0,middle
11848,4,0.716446268236,0,0,0,0,middle
11879,3,0.734398221314,0,0,0,0,middle
11884,5,0.736079212117,3.118351060941907,9.41768513349841e-5,0.1060544314930525,5.602305555778804,middle
11885,7,0.717496045854,21.914528848390624,6.618373894078862e-4,0.745308290514332,39.37077138535199,middle
11886,3,0.735175575115,0,0,0,0,middle
11891,3,0.715125963148,0,0,0,0,middle
11894,5,0.714134154829,19.834068434186545,5.990057173774653e-4,0.6745522908978011,35.6330989074005,middle
11895,5,0.711738106466,0,0,0,0,middle
11901,3,0.711652452615,0,0,0,0,middle
11904,8,0.716473368727,0,0,0,0,middle
11913,5,0.736312704424,3.1109525309218014,9.395340944271991e-5,0.10580280911961468,5.5890136508501405,middle
11920,4,0.733758543574,0,0,0,0,middle
11932,8,0.716220302705,0,0,0,0,middle
11934,6,0.721110472206,26.78376983182535,8.088926039264952e-4,0.910910101923231,48.11865617471965,middle
11938,3,0.70845593714,0,0,0,0,middle
11940,3,0.726320807139,0,0,0,0,middle
11942,3,0.713609329211,0,0,0,0,middle
11950,8,0.716230553993,22.924556996078145,6.92341097569656e-4,0.7796591249462402,41.185347804972174,middle
11952,3,0.711735587302,0,0,0,0,middle
11954,6,0.721691997489,25.40430181453665,7.67231497833353e-4,0.8639946990461055,45.64035877130243,middle
11956,6,0.719752738074,23.24122798572699,7.019048304949839e-4,0.7904290354281621,41.7542663167089,middle
11960,3,0.716810849057,0,0,0,0,middle
11970,3,0.708873061158,0,0,0,0,middle
11971,3,0.708437210268,0,0,0,0,middle
11982,7,0.717510808239,21.912990599378883,6.617909329808631e-4,0.7452559750048698,39.36800782832578,middle
11986,3,0.724036468699,0,0,0,0,middle
11987,3,0.708784511357,0,0,0,0,middle
11995,3,0.7281858414,0,0,0,0,middle
12002,7,0.718671827552,20.165989804419894,6.090300247528922e-4,0.6858408634582812,36.22941564666409,middle
12007,4,0.73320093578,0,0,0,0,middle
12008,3,0.729123863927,0,0,0,0,middle
12011,7,0.719377018209,22.943041052573314,6.928993317795294e-4,0.7802877636289831,41.21855552609545,middle
12032,3,0.718088052403,0,0,0,0,middle
12045,8,0.716425258402,0,0,0,0,middle
12050,3,0.720365288657,0,0,0,0,middle
12053,3,0.71357967354,0,0,0,0,middle
12085,3,0.734930378259,0,0,0,0,middle
12087,7,0.717447582209,21.917016820816393,6.619125282888807e-4,0.7453929059075409,39.37524117771055,middle
12220,3,0.712883642285,0,0,0,0,middle
12312,5,0.717203487433,23.18178924569003,7.001097300477916e-4,0.7884075369951477,41.64748103916001,middle
12329,7,0.716967667519,0,0,0,0,middle
12464,3,0.730329486102,0,0,0,0,middle
12089,3,0.70844284636,0,0,0,0,middle
12092,5,0.718022951601,20.837673230921215,6.293154348832964e-4,0.7086846685811677,37.43613539003906,middle
12097,3,0.734768058556,0,0,0,0,middle
12101,3,0.727299406499,0,0,0,0,middle
12111,3,0.70879034303,0,0,0,0,middle
12123,3,0.732643922811,0,0,0,0,middle
12124,4,0.71569158315900006,0,0,0,0,middle
12127,3,0.723457171792,0,0,0,0,middle
12129,3,0.732913930972,0,0,0,0,middle
12133,3,0.719742496619,0,0,0,0,middle
12147,4,0.724270723119,0,0,0,0,middle
12150,4,0.716761266499,0,0,0,0,middle
12154,4,0.718566085736,0,0,0,0,middle
12164,5,0.7202488638,27.956287691312752,8.443036394329352e-4,0.9507871755987737,50.225155151288384,middle
12167,4,0.717590642073,0,0,0,0,middle
12169,3,0.735299993122,0,0,0,0,middle
12170,3,0.718679488419,0,0,0,0,middle
12172,3,0.707821217933,0,0,0,0,middle
12174,5,0.736490839908,3.0958481727959004,9.34972449949288e-5,0.10528911323265251,5.561877761467741,middle
12179,3,0.713065916023,0,0,0,0,middle
12193,6,0.72361124754,27.901651432613885,8.426535780022543e-4,0.948929008496361,50.12699782080386,middle
12197,6,0.723565209192,27.963642717627323,8.445257674763323e-4,0.9510373184207858,50.23836889918904,middle
12199,8,0.716658633641,23.61630327760463,7.132324229668581e-4,0.8031852633415,42.42811167614921,middle
12210,3,0.711734167214,0,0,0,0,middle
12215,8,0.716261385815,22.953614791320977,6.932186676729656e-4,0.7806473741506096,41.23755188480353,middle
12217,3,0.713710391717,0,0,0,0,middle
12218,6,0.724702724126,22.33694117880035,6.745946006601192e-4,0.7596744406628426,40.129660586482885,middle
12223,3,0.715092023547,0,0,0,0,middle
12235,4,0.712903979405,0,0,0,0,middle
12243,7,0.716502172202,0,0,0,0,middle
12244,3,0.735444799239,0,0,0,0,middle
12250,3,0.718410195152,0,0,0,0,middle
12262,3,0.736109304846,0,0,0,0,middle
12266,5,0.723807689973,26.59271673046088,8.031226379500362e-4,0.9044124281032495,47.77541776752773,middle
12269,3,0.733808651091,0,0,0,0,middle
12273,6,0.725115308002,19.3105113435225,5.831938484347968e-4,0.6567462297714569,34.69249705069082,middle
12288,4,0.716898894575,0,0,0,0,middle
12308,4,0.718837615681,0,0,0,0,middle
12314,3,0.721816097105,0,0,0,0,middle
12321,5,0.717123013547,24.117449590423462,7.283674673788104e-4,0.8202291388584493,43.328451220252674,middle
12335,3,0.73268192502,0,0,0,0,middle
12346,3,0.716966248919,0,0,0,0,middle
12347,6,0.725320780712,18.931663752823276,5.717523293336342e-4,0.6438617068075855,34.01187452914362,middle
12348,3,0.731956116221,0,0,0,0,middle
12357,6,0.725421142731,0,0,0,0,middle
12359,3,0.707528658006,0,0,0,0,middle
12361,6,0.725365208179,18.8490716646667,5.692579781025645e-4,0.6410527681139979,33.86349286675209,middle
12369,4,0.736428653637,0,0,0,0,middle
12377,3,0.734239188402,0,0,0,0,middle
12378,4,0.708856446983,0,0,0,0,middle
12379,6,0.72366923176,27.817359399817324,8.40107886998815e-4,0.9460622550606742,49.97556210544813,middle
12386,8,0.716329910802,23.012758546022344,6.950048593124088e-4,0.7826588401974514,41.34380720342471,middle
12391,4,0.716269426417,0,0,0,0,middle
12392,4,0.719341479282,0,0,0,0,middle
12395,3,0.726109440748,0,0,0,0,middle
12397,4,0.721269044025,0,0,0,0,middle
12399,3,0.708224286252,0,0,0,0,middle
12400,3,0.708145975106,0,0,0,0,middle
12411,3,0.735758952125,0,0,0,0,middle
12413,4,0.717662294464,0,0,0,0,middle
12415,6,0.725443801643,17.23863336924437,5.20621373381625e-4,0.5862821170430222,30.9702434431422,middle
12417,5,0.723138173216,28.325471737499186,8.554533112798393e-4,0.9633430435461049,50.88841653290795,middle
12418,4,0.708843024312,0,0,0,0,middle
12419,5,0.716660548355,23.617010208533575,7.132537728815079e-4,0.8032093059064033,42.42938172015431,middle
12421,8,0.716087638017,23.37861217528305,7.060539497386942e-4,0.7951014414000224,42.00108529038584,middle
12424,8,0.716732580868,0,0,0,0,middle
12430,5,0.719591574146,0,0,0,0,middle
12431,3,0.71447122977,0,0,0,0,middle
12433,3,0.713172755905,0,0,0,0,middle
12437,8,0.716313910303,0,0,0,0,middle
12441,6,0.730541579129,2.1772960977369125,6.575619194295397e-5,0.07404935984589955,3.9116436175863436,middle
12450,3,0.723646973755,0,0,0,0,middle
12453,3,0.736153314885,0,0,0,0,middle
12454,8,0.716811929485,24.043098199187366,7.26121992195886e-4,0.8177004644487502,43.194874466365306,middle
12456,3,0.720149118503,0,0,0,0,middle
12458,3,0.720534035093,0,0,0,0,middle
12467,3,0.708762631273,0,0,0,0,middle
12480,3,0.7086517334,0,0,0,0,middle
12485,3,0.73603462449,0,0,0,0,middle
12489,3,0.712785193322,0,0,0,0,middle
12491,3,0.722036961894,0,0,0,0,middle
12501,8,0.715813187258,22.974074106131457,6.938365563621051e-4,0.7813431909327994,41.274308276495866,middle
12503,8,0.716181486173,23.4697383940749,7.088060389653918e-4,0.7982006239933901,42.164799032628984,middle
12506,4,0.708739798956,0,0,0,0,middle
12507,3,0.736870867042,0,0,0,0,middle
12508,4,0.736240248686,0,0,0,0,middle
12512,3,0.712752059712,0,0,0,0,middle
12513,3,0.717298021124,0,0,0,0,middle
12521,8,0.716016894896,0,0,0,0,middle
12527,5,0.722811605809,28.33664757887953,8.557908311843179e-4,0.9637231314454099,50.90849460527119,middle
12752,3,0.737419991714,0,0,0,0,middle
12793,5,0.719221536289,0,0,0,0,middle
12949,3,0.73787656083,0,0,0,0,middle
12556,3,0.717460228159,0,0,0,0,middle
12557,8,0.716967996705,24.1010929583656,7.278734831943649e-4,0.8196728534113856,43.29906554530435,middle
12564,3,0.715563517868,0,0,0,0,middle
12589,5,0.733578750449,2.736025372646156,8.263029073147763e-5,0.09305161919739377,4.9154344223505895,middle
12599,3,0.711169457925,0,0,0,0,middle
12601,3,0.713850036099,0,0,0,0,middle
12602,6,0.724090622112,25.892163216082274,7.819653266382347e-4,0.880586757662077,46.51683117191262,middle
12603,5,0.719575058381,22.137225567765782,6.685630195321122e-4,0.7528821568004346,39.77085945876869,middle
12606,3,0.735996396372,0,0,0,0,middle
12609,4,0.708678247013,0,0,0,0,middle
12617,6,0.730866165513,2.1388178344472557,6.45941157011713e-5,0.07274072260196078,3.842515099343355,middle
12632,4,0.736340414229,0,0,0,0,middle
12645,5,0.722022930999,26.419153834090366,7.978808910237559e-4,0.8985095922957563,47.46360156735946,middle
12650,6,0.724555825589,23.56999552140851,7.11833889387505e-4,0.8016103467714538,42.344917002187515,middle
12657,5,0.736004844485,3.1177420329374783,9.415845817183119e-5,0.10603371858500887,5.601211400276053,middle
12663,5,0.736602358709,0,0,0,0,middle
12682,4,0.713967575029,0,0,0,0,middle
12686,3,0.72101226728,0,0,0,0,middle
12699,3,0.712308337264,0,0,0,0,middle
12706,5,0.710445185561,20.879128175117746,6.305674094174009e-4,0.7100945420859204,37.51061169487068,middle
12714,3,0.725914759222,0,0,0,0,middle
12717,4,0.713317088144,0,0,0,0,middle
12725,4,0.713768275897,0,0,0,0,middle
12731,6,0.709168165675,0,0,0,0,middle
12736,4,0.728184370613,0,0,0,0,middle
12747,3,0.728846923859,0,0,0,0,middle
12748,6,0.724660946973,23.365065645196054,7.056448330211805e-4,0.794640726900916,41.97674813293155,middle
12756,3,0.713831019257,0,0,0,0,middle
12757,3,0.71324372528,0,0,0,0,middle
12759,3,0.71920436323,0,0,0,0,middle
12768,5,0.716049905696,0,0,0,0,middle
12771,3,0.718844183334,0,0,0,0,middle
12773,4,0.72724540748,0,0,0,0,middle
12783,3,0.736034910051,0,0,0,0,middle
12785,5,0.719528666708,22.121345723842033,6.680834347543874e-4,0.752342086812605,39.742330362428895,middle
12786,4,0.714965449,0,0,0,0,middle
12792,3,0.718322266738,0,0,0,0,middle
12797,5,0.723541488407,0,0,0,0,middle
12804,5,0.736144568353,3.1177032998154757,9.415728839863975e-5,0.10603240128007634,5.601141813888778,middle
12806,3,0.71296776824,0,0,0,0,middle
12807,3,0.737086006869,0,0,0,0,middle
12809,4,0.719619894943,0,0,0,0,middle
12826,9,0.716846704312,0,0,0,0,middle
12829,6,0.731251568698,1.9048854763183014,5.752915974098565e-5,0.06478473472107685,3.422241523979324,middle
12831,3,0.727492846307,0,0,0,0,middle
12832,6,0.727605627743,0,0,0,0,middle
12833,3,0.713555701557,0,0,0,0,middle
12835,6,0.726390261269,10.099726481309126,3.0502032028008764e-4,0.34348946904234434,18.144767113229946,middle
12836,6,0.726555551823,9.937200005441264,3.0011188262933023e-4,0.33796197946087014,17.852778507418304,middle
12837,4,0.713699050117,0,0,0,0,middle
12838,4,0.718675163188,0,0,0,0,middle
12840,6,0.731031574357,1.8919066066392596,5.713718685006616e-5,0.06434332622718603,3.398924202648395,middle
12842,3,0.726381036766,0,0,0,0,middle
12847,6,0.727374132887,0,0,0,0,middle
12868,3,0.713723331734,0,0,0,0,middle
12894,4,0.718878917163,0,0,0,0,middle
12899,3,0.732812268377,0,0,0,0,middle
12902,9,0.716810093342,0,0,0,0,middle
12907,3,0.737144328751,0,0,0,0,middle
12941,3,0.723092766552,0,0,0,0,middle
12944,8,0.717132301734,23.172178691647975,6.99819483150769e-4,0.7880806841728245,41.63021509980562,middle
12945,4,0.715717575649,0,0,0,0,middle
12946,3,0.71992899792,0,0,0,0,middle
12948,3,0.718407273262,0,0,0,0,middle
12951,5,0.715984660581,22.330378786363404,6.743964108332338e-4,0.7594512551441075,40.11787085309809,middle
12955,3,0.718368789308,0,0,0,0,middle
12967,4,0.73571430471,0,0,0,0,middle
12980,4,0.734431234733,0,0,0,0,middle
12983,4,0.711366563669,0,0,0,0,middle
13543,3,0.738192275753,0,0,0,0,middle
13584,3,0.715346783008,0,0,0,0,middle
13619,4,0.739309589096,0,0,0,0,middle
13002,3,0.713758474223,0,0,0,0,middle
13014,9,0.7166236733,0,0,0,0,middle
13016,5,0.715455096965,20.047605957671458,6.054547320043191e-4,0.68181465495272775,36.01673193357602,middle
13028,3,0.716238459998,0,0,0,0,middle
13033,5,0.736861481516,2.7031991438887526,8.16389107344351e-5,0.09193520640072946,4.856460124669264,middle
13034,3,0.730832938144,0,0,0,0,middle
13035,3,0.718681455137,0,0,0,0,middle
13036,5,0.716167550533,23.457090114617316,7.084240501800238e-4,0.7977704587999838,42.14207563654835,middle
13040,4,0.724053755201,0,0,0,0,middle
13045,6,0.726563756966,9.928648270319478,2.9985361296325317e-4,0.3376711368363883,17.837414800046034,middle
13047,3,0.719835102233,0,0,0,0,middle
13049,3,0.723601268034,0,0,0,0,middle
13063,3,0.719157083889,0,0,0,0,middle
13067,4,0.726461239813,0,0,0,0,middle
13069,3,0.727537877242,0,0,0,0,middle
13074,8,0.717382413326,0,0,0,0,middle
13078,3,0.72414487813,0,0,0,0,middle
13082,6,0.726783940489,8.989281633687938,2.7148394246811304e-4,0.3057234848034555,16.14978604226129,middle
13083,3,0.715958321741,0,0,0,0,middle
13088,4,0.733603797946,0,0,0,0,middle
13090,3,0.738377260041,0,0,0,0,middle
13094,3,0.737811696944,0,0,0,0,middle
13096,3,0.711591426101,0,0,0,0,middle
13100,4,0.720195991903,0,0,0,0,middle
13105,5,0.710703405746,21.637423087358165,6.534685600006741e-4,0.7358839847272631,38.87293419055534,middle
13110,3,0.717719174744,0,0,0,0,middle
13117,3,0.734266938885,0,0,0,0,middle
13120,3,0.713687522754,0,0,0,0,middle
13121,3,0.718729807638,0,0,0,0,middle
13124,4,0.711247541031,0,0,0,0,middle
13130,3,0.734660523086,0,0,0,0,middle
13138,5,0.727794214597,5.58361676402009,1.6862997001300143e-4,0.18989757407376778,10.031303918988792,middle
13141,3,0.713917017456,0,0,0,0,middle
13144,5,0.711185476588,22.316589597216012,6.739799656059374e-4,0.7589822878639017,40.093097744022046,middle
13145,3,0.7361797446,0,0,0,0,middle
13153,4,0.715845384826,0,0,0,0,middle
13155,6,0.734369024013,2.7662387141443685,8.354275931343095e-5,0.09407916827492789,4.9697145106492275,middle
13156,4,0.71989626088,0,0,0,0,middle
13157,3,0.707542490878,0,0,0,0,middle
13169,4,0.738031980434,0,0,0,0,middle
13170,3,0.729360266031,0,0,0,0,middle
13173,5,0.720088675264,27.25381803471382,8.2308845899816e-4,0.9268963375835001,48.96312609073048,middle
13177,3,0.727435371408,0,0,0,0,middle
13189,5,0.720896085957,25.871046306528555,7.813275780291688e-4,0.8798685762277731,46.478893371645206,middle
13200,3,0.73818778108,0,0,0,0,middle
13204,3,0.705135277251,0,0,0,0,middle
13213,3,0.713307723537,0,0,0,0,middle
13215,6,0.732127029898,1.8850477966724102,5.693004496194668e-5,0.06411005961366581,3.3866019373125273,middle
13221,3,0.726821812946,0,0,0,0,middle
13222,4,0.739489383791,0,0,0,0,middle
13224,4,0.713123908842,0,0,0,0,middle
13225,6,0.731669010429,1.9096274634869617,5.7672371782185536e-5,0.06494600865832485,3.4307607896236454,middle
13226,3,0.720308473259,0,0,0,0,middle
13234,4,0.713027070122,0,0,0,0,middle
13237,9,0.71650485708,0,0,0,0,middle
13242,3,0.737492463588,0,0,0,0,middle
13247,9,0.71646817075,0,0,0,0,middle
13248,3,0.711488503988,0,0,0,0,middle
13252,3,0.7355429213,0,0,0,0,middle
13254,3,0.71312426473,0,0,0,0,middle
13255,3,0.713178191926,0,0,0,0,middle
13257,4,0.720899651238,0,0,0,0,middle
13269,4,0.715026228302,0,0,0,0,middle
13274,3,0.71321856326,0,0,0,0,middle
13277,4,0.716007022967,0,0,0,0,middle
13280,3,0.705305231733,0,0,0,0,middle
13289,9,0.71643714108,0,0,0,0,middle
13291,4,0.739777593302,0,0,0,0,middle
13298,3,0.73114564103,0,0,0,0,middle
13301,8,0.717517949423,21.91211571652203,6.617645107753016e-4,0.7452262204319584,39.3664360485634,middle
13307,3,0.724299513851,0,0,0,0,middle
13315,3,0.718506929877,0,0,0,0,middle
13321,3,0.711330424707,0,0,0,0,middle
13325,3,0.717839494386,0,0,0,0,middle
13329,4,0.715660767821,0,0,0,0,middle
13330,4,0.712490936351,0,0,0,0,middle
13331,9,0.716384742649,0,0,0,0,middle
13338,3,0.727198142539,0,0,0,0,middle
13339,3,0.736958736913,0,0,0,0,middle
13340,4,0.73469992235,0,0,0,0,middle
13352,3,0.715709511004,0,0,0,0,middle
13353,3,0.738457988545,0,0,0,0,middle
13358,4,0.736137329201,0,0,0,0,middle
13360,3,0.705249725434,0,0,0,0,middle
13363,9,0.716315808981,0,0,0,0,middle
13374,3,0.724106325803,0,0,0,0,middle
13377,9,0.716443134328,0,0,0,0,middle
13378,3,0.738325193158,0,0,0,0,middle
13379,4,0.737120036858,0,0,0,0,middle
13385,3,0.738415692603,0,0,0,0,middle
13387,3,0.733784081025,0,0,0,0,middle
13396,4,0.740165215412,0,0,0,0,middle
13402,3,0.713168122991,0,0,0,0,middle
13403,6,0.728828813356,0,0,0,0,middle
13404,4,0.70653184034,0,0,0,0,middle
13405,3,0.718934449103,0,0,0,0,middle
13407,3,0.710697274518,0,0,0,0,middle
13412,5,0.719403464019,0,0,0,0,middle
13413,3,0.708892425959,0,0,0,0,middle
13415,3,0.714797300362,0,0,0,0,middle
13416,3,0.715739267611,0,0,0,0,middle
13419,4,0.711791282706,0,0,0,0,middle
13426,4,0.740385780983,0,0,0,0,middle
13434,3,0.722535880474,0,0,0,0,middle
13435,4,0.715374338693,0,0,0,0,middle
13437,4,0.715469455666,0,0,0,0,middle
13444,3,0.726797525119,0,0,0,0,middle
13445,3,0.738535487998,0,0,0,0,middle
13450,3,0.715073800678,0,0,0,0,middle
13451,9,0.716225220472,0,0,0,0,middle
13454,3,0.712288554988,0,0,0,0,middle
13457,3,0.725362948352,0,0,0,0,middle
13460,4,0.740380784557,0,0,0,0,middle
13468,5,0.724974620822,0,0,0,0,middle
13471,3,0.739112200178,0,0,0,0,middle
13472,5,0.737497383443,0,0,0,0,middle
13473,3,0.725496315415,0,0,0,0,middle
13475,5,0.736833676391,2.706105024212624,8.172667078899927e-5,0.09203403474933813,4.861680713744932,middle
13476,9,0.715043238618,0,0,0,0,middle
13477,3,0.717798746394,0,0,0,0,middle
13478,4,0.719726192411,0,0,0,0,middle
13479,5,0.72495947641,0,0,0,0,middle
13481,4,0.724857420777,0,0,0,0,middle
13483,4,0.724912930828,0,0,0,0,middle
13484,3,0.713187819946,0,0,0,0,middle
13486,5,0.730336763907,0,0,0,0,middle
13487,4,0.737529982176,0,0,0,0,middle
13488,4,0.725255313006,0,0,0,0,middle
13494,3,0.712459920865,0,0,0,0,middle
13496,9,0.715215881954,20.61081415884584,6.224640981712645e-4,0.7009692415981877,37.02856939922249,middle
13497,3,0.711439755312,0,0,0,0,middle
13498,3,0.739149653702,0,0,0,0,middle
13502,4,0.724424653348,0,0,0,0,middle
13503,3,0.714575010701,0,0,0,0,middle
13505,5,0.720203150927,0,0,0,0,middle
13508,9,0.716111805056,0,0,0,0,middle
13511,4,0.712035756405,0,0,0,0,middle
13512,3,0.713084395862,0,0,0,0,middle
13517,4,0.70863796501,0,0,0,0,middle
13522,5,0.721093596678,26.767722708370265,8.084079671648064e-4,0.9103643427954521,48.089826550623535,middle
13524,3,0.714898650712,0,0,0,0,middle
13525,9,0.716130611713,0,0,0,0,middle
13526,9,0.71607982924,23.370402881406697,7.05806022089161e-4,0.7948222451267352,41.98633679934243,middle
13534,3,0.737642743834,0,0,0,0,middle
13539,4,0.711587357472,0,0,0,0,middle
13540,3,0.71355620123,0,0,0,0,middle
13542,4,0.716534451232,0,0,0,0,middle
13550,3,0.724046053307,0,0,0,0,middle
13551,5,0.724171675447,25.77048789572521,7.782906285903046e-4,0.8764486068653845,46.298234128181555,middle
13555,5,0.721097417716,0,0,0,0,middle
13557,3,0.71266902759,0,0,0,0,middle
13561,3,0.725403840005,0,0,0,0,middle
13563,4,0.716171402027,0,0,0,0,middle
13564,3,0.726343542691,0,0,0,0,middle
13565,3,0.738938779439,0,0,0,0,middle
13567,9,0.715904307403,0,0,0,0,middle
13570,4,0.712596796078,0,0,0,0,middle
13571,3,0.712542146829,0,0,0,0,middle
13575,3,0.724838574311,0,0,0,0,middle
13576,5,0.738504779548,2.244247575927681,6.777818346507751e-5,0.07632636484577816,4.031925981856919,middle
13577,3,0.712123707034,0,0,0,0,middle
13579,3,0.723163896868,0,0,0,0,middle
13581,4,0.73875416901,0,0,0,0,middle
13582,4,0.724491313378,0,0,0,0,middle
13586,3,0.723307143252,0,0,0,0,middle
13587,3,0.716077612662,0,0,0,0,middle
13588,3,0.735113384561,0,0,0,0,middle
13589,4,0.711368107369,0,0,0,0,middle
13590,4,0.736794381309,0,0,0,0,middle
13591,3,0.726657620312,0,0,0,0,middle
13592,4,0.724643030699,0,0,0,0,middle
13593,4,0.724376011625,0,0,0,0,middle
13595,5,0.737392622856,2.6134252534893117,7.892766297410193e-5,0.08888201619758519,4.695175921858323,middle
13596,5,0.730774429726,0,0,0,0,middle
13597,3,0.708595964853,0,0,0,0,middle
13599,3,0.715636976141,0,0,0,0,middle
13602,4,0.740655214244,0,0,0,0,middle
13606,3,0.712278212318,0,0,0,0,middle
13609,3,0.724566120996,0,0,0,0,middle
13611,3,0.72647025936,0,0,0,0,middle
13612,4,0.707923439143,0,0,0,0,middle
13615,4,0.724942887582,0,0,0,0,middle
13621,3,0.726776115818,0,0,0,0,middle
13639,3,0.724017203896,0,0,0,0,middle
13733,3,0.735010770215,0,0,0,0,middle
13924,3,0.712898110293,0,0,0,0,middle
14001,4,0.725286535799,0,0,0,0,middle
14002,3,0.717301702803,0,0,0,0,middle
13627,4,0.709159904372,0,0,0,0,middle
13629,3,0.738578362871,0,0,0,0,middle
13631,3,0.710151719889,0,0,0,0,middle
13633,3,0.708207476097,0,0,0,0,middle
13637,3,0.723268636636,0,0,0,0,middle
13643,4,0.724107797112,0,0,0,0,middle
13655,3,0.72290003814,0,0,0,0,middle
13658,4,0.737990314307,0,0,0,0,middle
13663,3,0.715496690968,0,0,0,0,middle
13665,4,0.738881904854,0,0,0,0,middle
13671,3,0.710245300287,0,0,0,0,middle
13675,3,0.724866869363,0,0,0,0,middle
13677,4,0.724350996157,0,0,0,0,middle
13679,3,0.711971237485,0,0,0,0,middle
13681,4,0.741004393204,0,0,0,0,middle
13683,4,0.738959872174,0,0,0,0,middle
13687,4,0.726189454622,0,0,0,0,middle
13689,3,0.726550723526,0,0,0,0,middle
13692,3,0.710453942497,0,0,0,0,middle
13693,3,0.739208383196,0,0,0,0,middle
13701,3,0.723892394269,0,0,0,0,middle
13704,9,0.715708367206,21.7913014583139,6.581158175358121e-4,0.7411173541689506,39.149385954860264,middle
13705,3,0.716416010099,0,0,0,0,middle
13710,3,0.716296392158,0,0,0,0,middle
13711,4,0.724204559506,0,0,0,0,middle
13712,3,0.739160453844,0,0,0,0,middle
13715,3,0.712946762632,0,0,0,0,middle
13716,9,0.714379857817,0,0,0,0,middle
13717,4,0.740955337602,0,0,0,0,middle
13718,3,0.726132566619,0,0,0,0,middle
13720,5,0.724359340325,25.4430100654252,7.684005198960155e-4,0.8653111581175338,45.70990047612315,middle
13722,9,0.714615994426,18.989542843876634,5.735003270564722e-4,0.645830161922817,34.11585780332754,middle
13724,3,0.724522999359,0,0,0,0,middle
13725,3,0.726615946919,0,0,0,0,middle
13726,4,0.739309652781,0,0,0,0,middle
13735,3,0.708788582897,0,0,0,0,middle
13736,5,0.723296977893,0,0,0,0,middle
13738,5,0.723202850595,0,0,0,0,middle
13742,3,0.718048189915,0,0,0,0,middle
13743,3,0.725811107351,0,0,0,0,middle
13744,4,0.721237441786,0,0,0,0,middle
13745,3,0.738018924478,0,0,0,0,middle
13748,5,0.721997010944,26.39484748686455,7.971468186873042e-4,0.8976829387899999,47.419933750156495,middle
13753,5,0.723345561614,0,0,0,0,middle
13756,3,0.716623786608,0,0,0,0,middle
13757,5,0.723279865837,0,0,0,0,middle
13764,3,0.72508215734399994,0,0,0,0,middle
13766,3,0.739269839822,0,0,0,0,middle
13767,3,0.724301860188,0,0,0,0,middle
13769,5,0.720183204981,0,0,0,0,middle
13774,3,0.72256576173,0,0,0,0,middle
13775,3,0.72480938618,0,0,0,0,middle
13776,4,0.71223220932,0,0,0,0,middle
13781,3,0.71595954865,0,0,0,0,middle
13786,3,0.711478168102,0,0,0,0,middle
13788,3,0.717936506758,0,0,0,0,middle
13790,5,0.72023405769,27.946526339479412,8.440088383145008e-4,0.9504551941768437,50.207618294616665,middle
13796,5,0.72302257123,0,0,0,0,middle
13797,4,0.738132783708,0,0,0,0,middle
13802,9,0.715505739224,0,0,0,0,middle
13803,6,0.720866355927,25.836636769865944,7.802883807882392e-4,0.8786983154786224,46.41707456592085,middle
13805,3,0.723096582302,0,0,0,0,middle
13806,4,0.71852963874,0,0,0,0,middle
13807,3,0.713736046927,0,0,0,0,middle
13809,4,0.730263227005,0,0,0,0,middle
13812,3,0.722995908442,0,0,0,0,middle
13815,5,0.7245435789,23.592711713353864,7.125199376835196e-4,0.8023829194470025,42.385728009625254,middle
13819,3,0.722265838772,0,0,0,0,middle
13820,5,0.724500664313,0,0,0,0,middle
13822,5,0.72303848662,0,0,0,0,middle
13823,5,0.722863037925,0,0,0,0,middle
13825,3,0.721398918412,0,0,0,0,middle
13830,5,0.720178285503,27.9064503097355,8.427985081683662e-4,0.9490922172483559,50.13561929267618,middle
13832,3,0.738488915019,0,0,0,0,middle
13836,3,0.721814309018,0,0,0,0,middle
13838,5,0.722969130017,0,0,0,0,middle
13839,3,0.709752631464,0,0,0,0,middle
13843,9,0.715243078405,0,0,0,0,middle
13844,9,0.714254505904,18.992950922782846,5.736032539348819e-4,0.6459460699343968,34.12198062241291,middle
13845,4,0.741201975699,0,0,0,0,middle
13848,3,0.705256515111,0,0,0,0,middle
13852,5,0.708808692585,0,0,0,0,middle
13854,3,0.740032752536,0,0,0,0,middle
13857,3,0.709624089892,0,0,0,0,middle
13858,4,0.716113266678,0,0,0,0,middle
13859,3,0.716666258054,0,0,0,0,middle
13864,3,0.73904909014,0,0,0,0,middle
13868,5,0.722872346433,28.352152579420952,8.562590953734364e-4,0.964250453092519,50.936350272891026,middle
13871,3,0.739203355674,0,0,0,0,middle
13874,3,0.739518354014,0,0,0,0,middle
13885,3,0.713795309215,0,0,0,0,middle
13886,3,0.711728408252,0,0,0,0,middle
13887,3,0.738978530003,0,0,0,0,middle
13888,4,0.709072472731,0,0,0,0,middle
13895,3,0.739487700474,0,0,0,0,middle
13896,4,0.738497625506,0,0,0,0,middle
13900,5,0.722796165034,0,0,0,0,middle
13901,4,0.708368909312,0,0,0,0,middle
13902,4,0.722792420747,0,0,0,0,middle
13903,3,0.717665307523,0,0,0,0,middle
13910,4,0.709919593301,0,0,0,0,middle
13912,4,0.723360047853,0,0,0,0,middle
13913,3,0.730510880199,0,0,0,0,middle
13916,3,0.719590149161,0,0,0,0,middle
13919,4,0.732100936165,0,0,0,0,middle
13920,3,0.725901698938,0,0,0,0,middle
13926,3,0.738991431239,0,0,0,0,middle
13930,5,0.724566047397,23.55084856678147,7.112556350908628e-4,0.8009591630695199,42.31051834463196,middle
13932,3,0.709889810427,0,0,0,0,middle
13933,4,0.715860898353,0,0,0,0,middle
13934,3,0.706365956494,0,0,0,0,middle
13939,4,0.738181252114,0,0,0,0,middle
13946,3,0.728747723762,0,0,0,0,middle
13950,3,0.726335273009,0,0,0,0,middle
13957,3,0.738712195532,0,0,0,0,middle
13960,4,0.708688778331,0,0,0,0,middle
13962,4,0.721338702002,0,0,0,0,middle
13964,3,0.716352130924,0,0,0,0,middle
13966,3,0.73911645635,0,0,0,0,middle
13969,9,0.714651036946,0,0,0,0,middle
13970,3,0.738211120814,0,0,0,0,middle
13976,3,0.732751870581,0,0,0,0,middle
13977,3,0.740420608621,0,0,0,0,middle
13979,3,0.718009313574,0,0,0,0,middle
13989,3,0.737769641437,0,0,0,0,middle
13991,3,0.723714987826,0,0,0,0,middle
13998,3,0.738911450126,0,0,0,0,middle
13999,3,0.710248486382,0,0,0,0,middle
14006,9,0.714144115197,19.835805544010643,5.990581795699701e-4,0.6746113696196112,35.6362197298571,middle
14010,4,0.741543268721,0,0,0,0,middle
14013,3,0.717212257864,0,0,0,0,middle
14014,3,0.717337007883,0,0,0,0,middle
14015,3,0.708159454835,0,0,0,0,middle
14016,4,0.728311195084,0,0,0,0,middle
14020,5,0.708951184873,14.142931367864515,4.2712854288764535e-4,0.4809979750679756,25.408628287429934,middle
14024,4,0.733338973709,0,0,0,0,middle
14026,3,0.714219510451,0,0,0,0,middle
14030,4,0.731505298812,0,0,0,0,middle
14031,4,0.741726181133,0,0,0,0,middle
14032,3,0.717987930308,0,0,0,0,middle
14036,3,0.710767583374,0,0,0,0,middle
14037,5,0.70845438697,12.386154976646683,3.74072403347488e-4,0.4212503976496887,22.252473658127908,middle
14038,5,0.708153343394,11.38779334003844,3.439210337319688e-4,0.38729633868527596,20.45885682854703,middle
14046,3,0.729502030091,0,0,0,0,middle
14047,5,0.707699295681,0,0,0,0,middle
14048,3,0.738828854803,0,0,0,0,middle
14055,3,0.71518842358,0,0,0,0,middle
14056,5,0.707864022067,9.068972133706398,2.738906632722749e-4,0.3084337411247249,16.292954826747458,middle
14057,5,0.707623239711,7.5108624883800195,2.268344282417057e-4,0.2554427758967694,13.493716975737865,middle
14061,3,0.738514607517,0,0,0,0,middle
14062,3,0.721585632322,0,0,0,0,middle
14067,3,0.714919069036,0,0,0,0,middle
14075,3,0.71022737457,0,0,0,0,middle
14077,3,0.716054114567,0,0,0,0,middle
14085,3,0.716623990173,0,0,0,0,middle
14086,3,0.713025120515,0,0,0,0,middle
14093,3,0.729113768396,0,0,0,0,middle
14095,4,0.73134754361,0,0,0,0,middle
14098,4,0.707013449625,0,0,0,0,middle
14099,3,0.740378925409,0,0,0,0,middle
14103,3,0.732167788897,0,0,0,0,middle
14105,3,0.714794827085,0,0,0,0,middle
14107,4,0.717398145628,0,0,0,0,middle
14109,6,0.720322935048,0,0,0,0,middle
14113,9,0.713953532881,0,0,0,0,middle
14116,5,0.707376312508,5.964320058015321,1.801275329302754e-4,0.20284520909726036,10.715260323309913,middle
14117,3,0.732222386759,0,0,0,0,middle
14119,3,0.718283468085,0,0,0,0,middle
14121,3,0.716139094669,0,0,0,0,middle
14124,5,0.720176194222,0,0,0,0,middle
14125,4,0.717969622652,0,0,0,0,middle
14191,4,0.719333790303,0,0,0,0,middle
14327,5,0.738079160434,2.4101612906354832,7.278891860653781e-5,0.08196905367277686,4.32999996631929,middle
14328,4,0.715739974366,0,0,0,0,middle
14438,6,0.712829514646,23.089144767964587,6.973117881114142e-4,0.7852567187504645,41.481039653270415,middle
14463,3,0.719662159416,0,0,0,0,middle
14482,4,0.714694217979,0,0,0,0,middle
14131,4,0.717047284478,0,0,0,0,middle
14135,4,0.741761617099,0,0,0,0,middle
14137,5,0.70745664516,6.668310406117191,2.0138863954039118e-4,0.22678776549499585,11.980021397771642,middle
14140,3,0.717662480545,0,0,0,0,middle
14141,5,0.707378288679,5.966776248888205,1.8020171198137173e-4,0.20292874360686858,10.719673018193937,middle
14146,4,0.738946274401,0,0,0,0,middle
14149,5,0.707500242709,6.727893328617606,2.0318809442047467e-4,0.2288141675417774,12.08706570780285,middle
14150,3,0.725597383491,0,0,0,0,middle
14151,3,0.716685241725,0,0,0,0,middle
14154,3,0.736326806634,0,0,0,0,middle
14155,3,0.704344385635,0,0,0,0,middle
14157,4,0.721408544242,0,0,0,0,middle
14158,3,0.705785963041,0,0,0,0,middle
14159,3,0.727918365551,0,0,0,0,middle
14162,9,0.714274911746,0,0,0,0,middle
14163,4,0.716591984893,0,0,0,0,middle
14164,6,0.720189270032,0,0,0,0,middle
14165,4,0.717611839722,0,0,0,0,middle
14170,5,0.723148634268,28.321280065971425,8.553267192385328e-4,0.9632004857223723,50.88088594246798,middle
14175,4,0.74174996272,0,0,0,0,middle
14177,3,0.715825081236,0,0,0,0,middle
14184,3,0.715867044024,0,0,0,0,middle
14186,3,0.736298359881,0,0,0,0,middle
14194,3,0.73794762410900006,0,0,0,0,middle
14195,3,0.736492652498,0,0,0,0,middle
14197,3,0.740089766894,0,0,0,0,middle
14198,4,0.741606194704,0,0,0,0,middle
14203,5,0.723256473641,28.2642767345539,8.536051702007264e-4,0.961261814999112,50.7784760232327,middle
14209,9,0.713865461042,19.73643034179314,5.96056964035631e-4,0.6712316409201425,35.45768619190401,middle
14212,9,0.713768694548,19.9101371599738,6.01303057522851e-4,0.6771393714766413,35.76976095627521,middle
14215,3,0.712334673277,0,0,0,0,middle
14225,3,0.712870986733,0,0,0,0,middle
14226,3,0.740630490598,0,0,0,0,middle
14228,3,0.740885680683,0,0,0,0,middle
14230,3,0.716099871025,0,0,0,0,middle
14233,9,0.714014597777,0,0,0,0,middle
14236,3,0.739909873118,0,0,0,0,middle
14242,3,0.737695306805,0,0,0,0,middle
14246,4,0.718606463785,0,0,0,0,middle
14247,3,0.71164383838,0,0,0,0,middle
14249,3,0.717489637982,0,0,0,0,middle
14253,4,0.741522774245,0,0,0,0,middle
14255,4,0.738946997451,0,0,0,0,middle
14259,4,0.711592975006,0,0,0,0,middle
14270,4,0.741430534462,0,0,0,0,middle
14272,3,0.719214054848,0,0,0,0,middle
14275,3,0.731690122863,0,0,0,0,middle
14276,3,0.741302828687,0,0,0,0,middle
14278,3,0.717632639022,0,0,0,0,middle
14281,3,0.716200335343,0,0,0,0,middle
14286,3,0.739642931069,0,0,0,0,middle
14288,3,0.735181224593,0,0,0,0,middle
14294,3,0.740230879342,0,0,0,0,middle
14295,3,0.730605339579,0,0,0,0,middle
14296,3,0.722923263041,0,0,0,0,middle
14303,4,0.739918228936,0,0,0,0,middle
14305,3,0.717494730809,0,0,0,0,middle
14306,3,0.718670710249,0,0,0,0,middle
14310,4,0.739931498815,0,0,0,0,middle
14314,3,0.71655127152,0,0,0,0,middle
14315,3,0.740443321941,0,0,0,0,middle
14317,4,0.740461564771,0,0,0,0,middle
14324,6,0.719727817352,22.16681324415302,6.694565924961603e-4,0.7538884271456026,39.824015502000314,middle
14325,9,0.713677866453,0,0,0,0,middle
14331,5,0.739614768326,0,0,0,0,middle
14332,5,0.740113201575,0,0,0,0,middle
14333,3,0.714604500588,0,0,0,0,middle
14337,5,0.739839823611,0,0,0,0,middle
14339,3,0.717635202064,0,0,0,0,middle
14341,9,0.713085557272,0,0,0,0,middle
14342,3,0.738932051755,0,0,0,0,middle
14349,3,0.717124448751,0,0,0,0,middle
14351,5,0.739393946057,0.8505818430017446,2.5688294297568952e-5,0.028928100792671906,1.528121526911694,middle
14356,3,0.707562011448,0,0,0,0,middle
14357,6,0.712835955523,0,0,0,0,middle
14360,4,0.713760061449,0,0,0,0,middle
14361,4,0.740561266366,0,0,0,0,middle
14366,6,0.712759762159,0,0,0,0,middle
14371,5,0.739996032498,0,0,0,0,middle
14373,9,0.712403452517,0,0,0,0,middle
14374,3,0.74006735074,0,0,0,0,middle
14376,4,0.725670446043,0,0,0,0,middle
14377,3,0.715846168438,0,0,0,0,middle
14382,3,0.710030972852,0,0,0,0,middle
14386,3,0.712388684092,0,0,0,0,middle
14390,3,0.711342978608,0,0,0,0,middle
14394,6,0.719364192677,22.941770388349042,6.928609566404231e-4,0.7802445486190981,41.21627270126141,middle
14395,9,0.713608108186,0,0,0,0,middle
14398,6,0.712663272405,0,0,0,0,middle
14399,9,0.713542164348,0,0,0,0,middle
14400,3,0.707719258166,0,0,0,0,middle
14401,4,0.739894698028,0,0,0,0,middle
14406,4,0.715629755124,0,0,0,0,middle
14407,3,0.7411088169,0,0,0,0,middle
14408,9,0.713495446615,0,0,0,0,middle
14410,5,0.740518560511,0,0,0,0,middle
14412,3,0.716573964856,0,0,0,0,middle
14413,4,0.739588140176,0,0,0,0,middle
14414,5,0.736446193059,3.1003978147477005,9.363464804716651e-5,0.10544384555151766,5.5700514673415364,middle
14422,6,0.712612193682,0,0,0,0,middle
14425,5,0.723552007496,27.980608078525957,8.450381357889341e-4,0.9516143066014031,50.26884819217457,middle
14426,4,0.734307957452,0,0,0,0,middle
14427,3,0.737000523097,0,0,0,0,middle
14428,3,0.715183046857,0,0,0,0,middle
14432,4,0.737805363584,0,0,0,0,middle
14439,6,0.712393862135,0,0,0,0,middle
14444,3,0.714639595941,0,0,0,0,middle
14445,6,0.712289593342,0,0,0,0,middle
14446,3,0.739098251957,0,0,0,0,middle
14449,3,0.739606358032,0,0,0,0,middle
14451,3,0.718275355778,0,0,0,0,middle
14453,3,0.713326513867,0,0,0,0,middle
14459,5,0.723520139187,28.020065656484014,8.462297881657105e-4,0.9529562501211204,50.33973610822121,middle
14461,3,0.721821849533,0,0,0,0,middle
14466,5,0.738727805343,0,0,0,0,middle
14467,3,0.718518721758,0,0,0,0,middle
14468,3,0.74098146491,0,0,0,0,middle
14470,3,0.72069601872,0,0,0,0,middle
14478,5,0.724324698514,0,0,0,0,middle
14488,9,0.713481921869,0,0,0,0,middle
14489,5,0.730936950946,0,0,0,0,middle
14490,5,0.722131192745,26.105279357166765,7.884016151585969e-4,0.8878347905945466,46.89970715921828,middle
14492,3,0.721335408971,0,0,0,0,middle
14494,5,0.724646424291,0,0,0,0,middle
14503,9,0.713483044926,0,0,0,0,middle
14504,4,0.722443189615,0,0,0,0,middle
14509,4,0.728913074204,0,0,0,0,middle
14512,3,0.718172262883,0,0,0,0,middle
14513,3,0.738996452807,0,0,0,0,middle
14516,5,0.734544000617,2.831331628263412,8.550862062158602e-5,0.09629296392083442,5.086657852589952,middle
14518,6,0.712326701579,0,0,0,0,middle
14520,4,0.732215808517,0,0,0,0,middle
14521,3,0.731624794316,0,0,0,0,middle
14525,4,0.713013451283,0,0,0,0,middle
14528,5,0.721621556517,0,0,0,0,middle
14529,3,0.718095923962,0,0,0,0,middle
14532,3,0.722778299102,0,0,0,0,middle
14533,5,0.722336010339,0,0,0,0,middle
14534,3,0.738281240948,0,0,0,0,middle
14539,3,0.727505836767,0,0,0,0,middle
14540,3,0.715938192552,0,0,0,0,middle
14545,4,0.723008514304,0,0,0,0,middle
14546,3,0.711672815757,0,0,0,0,middle
14547,6,0.712284432741,0,0,0,0,middle
14548,4,0.712681711777,0,0,0,0,middle
14549,4,0.738008820916,0,0,0,0,middle
14559,3,0.715899048085,0,0,0,0,middle
14562,6,0.718720340346,20.14198983210408,6.083052051990132e-4,0.68502462969561,36.186298250445454,middle
14566,3,0.72303198341,0,0,0,0,middle
14567,3,0.713065191746,0,0,0,0,middle
14568,3,0.714934728076,0,0,0,0,middle
14575,3,0.720782511111,0,0,0,0,middle
14577,4,0.722820077988,0,0,0,0,middle
14584,6,0.732669688799,1.8177023309969311,5.489615468306027e-5,0.061819655186368755,3.265611750788664,middle
14585,4,0.714160907091,0,0,0,0,middle
14592,3,0.720087792171,0,0,0,0,middle
14593,5,0.73720339257,2.652711337061613,8.011413607472993e-5,0.09021812723108456,4.765755737908737,middle
14594,3,0.711341681183,0,0,0,0,middle
14596,3,0.71560820976,0,0,0,0,middle
14598,3,0.721886931718,0,0,0,0,middle
14599,4,0.717244974224,0,0,0,0,middle
14602,4,0.720176526282,0,0,0,0,middle
14603,3,0.740144539679,0,0,0,0,middle
14606,4,0.711870646411,0,0,0,0,middle
14611,4,0.740130095576,0,0,0,0,middle
14664,4,0.715891646516,0,0,0,0,middle
14721,3,0.721593747766,0,0,0,0,middle
14805,3,0.716024555447,0,0,0,0,middle
15023,3,0.716646930646,0,0,0,0,middle
15024,4,0.724117956983,0,0,0,0,middle
14613,3,0.711792620546,0,0,0,0,middle
14614,4,0.714734535439,0,0,0,0,middle
14618,4,0.713080717679,0,0,0,0,middle
14620,3,0.713879837295,0,0,0,0,middle
14623,9,0.713465841682,0,0,0,0,middle
14624,3,0.709620429501,0,0,0,0,middle
14626,5,0.737508337423,2.585613566397269,7.8087726395617e-5,0.0879361468564603,4.645210550395538,middle
14628,3,0.737844030077,0,0,0,0,middle
14630,3,0.712322042469,0,0,0,0,middle
14631,3,0.718130378884,0,0,0,0,middle
14639,4,0.715909979699,0,0,0,0,middle
14642,3,0.710767854611,0,0,0,0,middle
14643,3,0.715507218992,0,0,0,0,middle
14647,9,0.712077513051,23.245149612342583,7.020232669505178e-4,0.7905624090840196,41.761311755194455,middle
14648,6,0.713087486141,0,0,0,0,middle
14649,3,0.739753397461,0,0,0,0,middle
14653,3,0.718564062995,0,0,0,0,middle
14661,4,0.721134087382,0,0,0,0,middle
14662,3,0.727467216795,0,0,0,0,middle
14665,3,0.712431986214,0,0,0,0,middle
14668,4,0.710470223021,0,0,0,0,middle
14670,4,0.717228382561,0,0,0,0,middle
14676,5,0.714230343632,0,0,0,0,middle
14682,5,0.714233501417,0,0,0,0,middle
14696,6,0.718346907352,21.608918365426128,6.526076931812315e-4,0.7349145454241538,38.82172374024846,middle
14699,3,0.712081723471,0,0,0,0,middle
14700,4,0.711982215848,0,0,0,0,middle
14703,3,0.723196013517,0,0,0,0,middle
14713,4,0.715488206999,0,0,0,0,middle
14717,4,0.736062426695,0,0,0,0,middle
14718,3,0.720247997479,0,0,0,0,middle
14720,3,0.742666428758,0,0,0,0,middle
14723,3,0.711636132805,0,0,0,0,middle
14724,3,0.739281470969,0,0,0,0,middle
14728,3,0.712287548452,0,0,0,0,middle
14731,3,0.712440172792,0,0,0,0,middle
14732,3,0.723643320241,0,0,0,0,middle
14734,9,0.71192139074,23.362362796013542,7.05563204679577e-4,0.7945488035966245,41.97189230153358,middle
14735,3,0.723409240596,0,0,0,0,middle
14736,3,0.736730291286,0,0,0,0,middle
14737,4,0.717256448548,0,0,0,0,middle
14738,5,0.718318612197,0,0,0,0,middle
14739,4,0.711182729114,0,0,0,0,middle
14741,4,0.711229033949,0,0,0,0,middle
14746,3,0.711414118717,0,0,0,0,middle
14747,3,0.720609087917,0,0,0,0,middle
14748,3,0.713426083557,0,0,0,0,middle
14749,5,0.726067154376,0,0,0,0,middle
14751,3,0.718991318632,0,0,0,0,middle
14752,4,0.731520706484,0,0,0,0,middle
14753,3,0.713194492564,0,0,0,0,middle
14756,5,0.714160462429,0,0,0,0,middle
14760,3,0.71164244404,0,0,0,0,middle
14761,5,0.714016591984,0,0,0,0,middle
14763,9,0.711841259188,0,0,0,0,middle
14767,3,0.739580471408,0,0,0,0,middle
14770,4,0.714618579638,0,0,0,0,middle
14772,3,0.716524808932,0,0,0,0,middle
14778,4,0.71042734353,0,0,0,0,middle
14780,3,0.717404839879,0,0,0,0,middle
14785,3,0.713485028212,0,0,0,0,middle
14786,3,0.714952296468,0,0,0,0,middle
14787,3,0.717555367148,0,0,0,0,middle
14791,3,0.710385716564,0,0,0,0,middle
14793,9,0.711612091696,23.072251002937907,6.96801582054972e-4,0.7846821655296542,41.45068898658236,middle
14795,3,0.719093579166,0,0,0,0,middle
14797,3,0.712789742001,0,0,0,0,middle
14799,5,0.736088422578,0,0,0,0,middle
14801,9,0.711577981943,23.09300529289504,6.974283792441459e-4,0.785388014351493,41.48797531889735,middle
14804,3,0.71321485351,0,0,0,0,middle
14809,9,0.711354836763,22.266470145002945,6.724663155685247e-4,0.757277736353401,40.003055128518376,middle
14811,3,0.741377558813,0,0,0,0,middle
14812,3,0.712042006764,0,0,0,0,middle
14824,3,0.712250373922,0,0,0,0,middle
14827,3,0.730152754049,0,0,0,0,middle
14828,3,0.71130748665,0,0,0,0,middle
14835,3,0.73103957994,0,0,0,0,middle
14836,3,0.720604915445,0,0,0,0,middle
14837,4,0.731789446695,0,0,0,0,middle
14839,5,0.713967523876,0,0,0,0,middle
14841,9,0.713329001089,0,0,0,0,middle
14843,3,0.743605127519,0,0,0,0,middle
14844,3,0.711569349626,0,0,0,0,middle
14845,4,0.714471520846,0,0,0,0,middle
14846,3,0.711670741666,0,0,0,0,middle
14847,4,0.714695264824,0,0,0,0,middle
14849,3,0.739070615593,0,0,0,0,middle
14852,3,0.72516880942,0,0,0,0,middle
14858,4,0.711416532527,0,0,0,0,middle
14861,3,0.722945801029,0,0,0,0,middle
14862,4,0.711318857027,0,0,0,0,middle
14865,3,0.710374814087,0,0,0,0,middle
14866,5,0.713392313949,0,0,0,0,middle
14868,4,0.73173850837,0,0,0,0,middle
14874,3,0.731851568427,0,0,0,0,middle
14877,3,0.73622283457,0,0,0,0,middle
14880,3,0.717930930534,0,0,0,0,middle
14882,3,0.715713677628,0,0,0,0,middle
14883,9,0.712231985496,0,0,0,0,middle
14885,4,0.744612700309,0,0,0,0,middle
14886,3,0.724302616472,0,0,0,0,middle
14895,9,0.712917468775,0,0,0,0,middle
14897,6,0.718241128979,21.677769522950758,6.546870566331709e-4,0.7372561580989974,38.94541899289443,middle
14898,3,0.730064462984,0,0,0,0,middle
14901,3,0.731274729452,0,0,0,0,middle
14903,3,0.711411520529,0,0,0,0,middle
14905,9,0.712237672745,23.345931663696994,7.05066970524025e-4,0.7939899844122019,41.94237278238203,middle
14906,3,0.711533943873,0,0,0,0,middle
14907,5,0.713943863224,0,0,0,0,middle
14909,3,0.73062825796,0,0,0,0,middle
14910,3,0.717069152111,0,0,0,0,middle
14913,3,0.724330582505,0,0,0,0,middle
14917,4,0.743974506421,0,0,0,0,middle
14921,3,0.710281077789,0,0,0,0,middle
14922,3,0.715147651756,0,0,0,0,middle
14923,4,0.718591054112,0,0,0,0,middle
14924,5,0.713894181335,0,0,0,0,middle
14926,9,0.712658018859,23.146428126880437,6.990417942175763e-4,0.7872049131471526,41.58395265877756,middle
14928,9,0.712498573368,23.090560655719056,6.973545491245118e-4,0.7853048727805669,41.48358338092589,middle
14929,4,0.730423159485,0,0,0,0,middle
14930,3,0.712254785036,0,0,0,0,middle
14933,9,0.713584071916,0,0,0,0,middle
14935,4,0.714874964298,0,0,0,0,middle
14936,6,0.717733812744,0,0,0,0,middle
14938,4,0.717143377865,0,0,0,0,middle
14942,9,0.712387197799,0,0,0,0,middle
14943,4,0.713829685259,0,0,0,0,middle
14946,3,0.715983567074,0,0,0,0,middle
14947,3,0.723253966941,0,0,0,0,middle
14957,3,0.715609476065,0,0,0,0,middle
14958,4,0.727739630224,0,0,0,0,middle
14960,9,0.711121477648,22.32275615905705,6.74166201012536e-4,0.7591920112714132,40.10417634389324,middle
14961,4,0.719743573945,0,0,0,0,middle
14964,5,0.714237570104,0,0,0,0,middle
14966,4,0.743270206254,0,0,0,0,middle
14967,5,0.72568701878,14.89144954444024,4.497344277477075e-4,0.5064549130866786,26.75338628846301,middle
14968,6,0.712967397709,20.508503790883797,6.193742381377767e-4,0.6974896885594154,36.8447626591711,middle
14969,5,0.715869040991,23.0289269100119,6.954931576412424e-4,0.783208722689055,41.37285464344553,middle
14970,4,0.723388554939,0,0,0,0,middle
14971,9,0.711078657959,22.322960365425253,6.741723682183457e-4,0.759198956284936,40.10454321293677,middle
14974,4,0.725127383676,0,0,0,0,middle
14975,3,0.729451334085,0,0,0,0,middle
14976,5,0.714861988654,19.679649662708094,5.943421392874268e-4,0.6693005425535797,35.35567628099841,middle
14978,3,0.710218743287,0,0,0,0,middle
14979,3,0.716574200315,0,0,0,0,middle
14980,4,0.710401349074,0,0,0,0,middle
14981,9,0.711133694065,22.32212129427622,6.741470275567852e-4,0.7591704196603053,40.103035771065066,middle
14982,5,0.714040038716,0,0,0,0,middle
14983,3,0.716024963662,0,0,0,0,middle
14984,9,0.711086088435,22.323150475607616,6.741781097073672e-4,0.7592054218902888,40.10488475733317,middle
14985,3,0.715593854367,0,0,0,0,middle
14987,3,0.724658101554,0,0,0,0,middle
14988,4,0.712325622628,0,0,0,0,middle
14989,3,0.729236038434,0,0,0,0,middle
14990,9,0.712918870706,0,0,0,0,middle
14991,3,0.726588582814,0,0,0,0,middle
14993,9,0.710981058545,0,0,0,0,middle
14994,4,0.71627367207,0,0,0,0,middle
14997,4,0.716571810171,0,0,0,0,middle
14998,3,0.719258426113,0,0,0,0,middle
15000,4,0.714290461382,0,0,0,0,middle
15001,9,0.711103951522,0,0,0,0,middle
15005,9,0.713006368192,0,0,0,0,middle
15006,3,0.712682218932,0,0,0,0,middle
15010,3,0.717019503049,0,0,0,0,middle
15011,9,0.711040005708,22.320443517392317,6.740963572694826e-4,0.7591133588386989,40.10002154381023,middle
15018,3,0.720669869802,0,0,0,0,middle
15021,6,0.717396671976,21.915400765344778,6.618637220406665e-4,0.7453379442175472,39.372337836691486,middle
15025,3,0.716851171155,0,0,0,0,middle
15027,3,0.735478481486,0,0,0,0,middle
15029,3,0.725433232439,0,0,0,0,middle
15030,5,0.713606859682,20.528608043346185,6.199814036423493e-4,0.698173429749494,36.880881159963245,middle
15031,3,0.711421399317,0,0,0,0,middle
15035,9,0.710939538441,21.7122555289607,6.557285633133567e-4,0.7384290195537772,39.00737518040841,middle
15038,3,0.711279229276,0,0,0,0,middle
15041,6,0.713417105931,20.6839739515996,6.246735860676619e-4,0.7034573900064385,37.160005374644776,middle
15042,5,0.71405960093,0,0,0,0,middle
15044,3,0.731158060836,0,0,0,0,middle
15045,3,0.710776538469,0,0,0,0,middle
15046,3,0.716675763196,0,0,0,0,middle
15047,3,0.720667182719,0,0,0,0,middle
15049,3,0.725617051804,0,0,0,0,middle
15050,3,0.715867863677,0,0,0,0,middle
15052,5,0.71445883635,19.012678029489688,5.741990293172208e-4,0.6466169844805496,34.15742155813289,middle
15055,3,0.728864564535,0,0,0,0,middle
15056,3,0.731019098488,0,0,0,0,middle
15058,3,0.716587445645,0,0,0,0,middle
15059,9,0.710997566999,21.716159757660037,6.558464743370386e-4,0.7385618015103416,39.01438936248921,middle
15060,3,0.718666731018,0,0,0,0,middle
15063,3,0.709653246327,0,0,0,0,middle
15067,9,0.712923308165,20.526027834792373,6.199034791519257e-4,0.6980856774259229,36.8762456598436,middle
15068,3,0.728140904735,0,0,0,0,middle
15069,3,0.729131546991,0,0,0,0,middle
15072,6,0.73124682816,0,0,0,0,middle
15073,5,0.716836394937,24.05493100897303,7.264793531043537e-4,0.8181028956985547,43.216132822049815,middle
15074,4,0.734241407489,0,0,0,0,middle
15080,9,0.711363120439,22.26276458762375,6.723544045874986e-4,0.757151711164596,39.99639787143378,middle
15082,3,0.710297405168,0,0,0,0,middle
15083,9,0.713450770714,0,0,0,0,middle
15085,4,0.715178412939,0,0,0,0,middle
15086,3,0.714313492444,0,0,0,0,middle
15087,5,0.718413806647,22.17652811522885,6.697499898562289e-4,0.7542188277672262,39.84146885319079,middle
15089,3,0.710883956651,0,0,0,0,middle
15090,4,0.729793494683,0,0,0,0,middle
15091,4,0.729089429226,0,0,0,0,middle
15093,6,0.713761371748,19.910862344963054,6.013249587256304e-4,0.6771640348581077,35.771063794799446,middle
15096,3,0.715449661361,0,0,0,0,middle
15097,4,0.715129843289,0,0,0,0,middle
15098,3,0.710515693534,0,0,0,0,middle
15099,3,0.710266470774,0,0,0,0,middle
15101,3,0.713321580398,0,0,0,0,middle
15102,9,0.713337894341,0,0,0,0,middle
15103,5,0.714633695489,0,0,0,0,middle
15104,5,0.718963849877,20.934347035347958,6.32235065909296e-4,0.7119725233378582,37.609815704106914,middle
15106,3,0.726230414762,0,0,0,0,middle
15107,5,0.714264567349,18.995238556494737,5.736723424165131e-4,0.6460238718521532,34.12609049420196,middle
15108,9,0.712794533012,23.118548006337456,6.981997908907332e-4,0.7862567163994616,41.533864342497175,middle
15109,3,0.710218151284,0,0,0,0,middle
15110,4,0.710396085507,0,0,0,0,middle
15111,3,0.718295877317,0,0,0,0,middle
15112,3,0.72102453142,0,0,0,0,middle
15126,4,0.721432404468,0,0,0,0,middle
15142,5,0.715248453445,0,0,0,0,middle
15192,4,0.715652906386,0,0,0,0,middle
15229,4,0.717467618447,0,0,0,0,middle
15230,3,0.710069320654,0,0,0,0,middle
15294,4,0.717491849857,0,0,0,0,middle
15357,3,0.72152479404,0,0,0,0,middle
15358,3,0.723287606305,0,0,0,0,middle
15116,3,0.736918020217,0,0,0,0,middle
15117,4,0.741487918722,0,0,0,0,middle
15118,3,0.731098703364,0,0,0,0,middle
15120,3,0.725751787939,0,0,0,0,middle
15122,3,0.712095266456,0,0,0,0,middle
15123,3,0.710834691199,0,0,0,0,middle
15128,4,0.73204520737,0,0,0,0,middle
15129,3,0.710320963517,0,0,0,0,middle
15131,3,0.712108607839,0,0,0,0,middle
15133,3,0.727008089584,0,0,0,0,middle
15135,3,0.717309053884,0,0,0,0,middle
15136,3,0.728365072758,0,0,0,0,middle
15143,3,0.710455400043,0,0,0,0,middle
15147,9,0.713167415369,0,0,0,0,middle
15148,4,0.726619199869,0,0,0,0,middle
15149,3,0.710153678062,0,0,0,0,middle
15152,4,0.723670675157,0,0,0,0,middle
15153,4,0.715376250512,0,0,0,0,middle
15155,3,0.717354595791,0,0,0,0,middle
15158,3,0.715797932443,0,0,0,0,middle
15160,3,0.71514056137,0,0,0,0,middle
15161,3,0.7127870322,0,0,0,0,middle
15162,9,0.713113023399,0,0,0,0,middle
15163,3,0.710141016098,0,0,0,0,middle
15166,3,0.722140099607,0,0,0,0,middle
15168,3,0.710225272499,0,0,0,0,middle
15171,4,0.716091282064,0,0,0,0,middle
15173,4,0.714889560247,0,0,0,0,middle
15175,4,0.715126892757,0,0,0,0,middle
15176,3,0.710149288357,0,0,0,0,middle
15178,5,0.727317269968,6.530217264033414,1.9721810932803066e-4,0.2220912482041041,11.731928748165599,middle
15179,6,0.713621021687,20.52793597987305,6.199611067544876e-4,0.6981505730190689,36.879673757443186,middle
15180,3,0.726111603849,0,0,0,0,middle
15181,3,0.725633302584,0,0,0,0,middle
15182,4,0.725375233413,0,0,0,0,middle
15184,5,0.714148263782,19.83648920499839,5.99078826712626e-4,0.6746346207789492,35.63744796801088,middle
15186,4,0.728497489499,0,0,0,0,middle
15187,3,0.712837668397,0,0,0,0,middle
15188,4,0.726064837079,0,0,0,0,middle
15189,4,0.710995225551,0,0,0,0,middle
15193,3,0.713343697736,0,0,0,0,middle
15194,4,0.711037413194,0,0,0,0,middle
15195,9,0.712857330306,0,0,0,0,middle
15196,3,0.714085926935,0,0,0,0,middle
15197,3,0.710467304095,0,0,0,0,middle
15198,6,0.713754083818,19.91151270845112,6.013446002555072e-4,0.6771861535768289,35.772232211988936,middle
15201,4,0.710193838558,0,0,0,0,middle
15202,4,0.712831369491,0,0,0,0,middle
15204,3,0.714771580572,0,0,0,0,middle
15205,3,0.724973371581,0,0,0,0,middle
15206,3,0.710944154335,0,0,0,0,middle
15208,3,0.71641770102,0,0,0,0,middle
15209,3,0.729737727637,0,0,0,0,middle
15211,3,0.721812945841,0,0,0,0,middle
15213,5,0.71379510577,18.68010329606084,5.641549898182043e-4,0.6353061911819605,33.55993101252469,middle
15215,3,0.728755375497,0,0,0,0,middle
15216,3,0.71058850487,0,0,0,0,middle
15218,5,0.735518804931,3.0788193633537775,9.298296048240886e-5,0.10470996718107153,5.531284479351171,middle
15221,3,0.716177115171,0,0,0,0,middle
15222,5,0.735026553272,2.980113471343369,9.00019586849578e-5,0.10135300157405726,5.3539533975098,middle
15226,4,0.72844618397,0,0,0,0,middle
15227,9,0.713136572275,0,0,0,0,middle
15228,9,0.713136134168,20.801609101145935,6.28226267524652e-4,0.7074581354853546,37.37134400810166,middle
15233,3,0.725398500408,0,0,0,0,middle
15234,5,0.735569524331,0,0,0,0,middle
15236,6,0.713697364011,20.51962144623954,6.197100007748785e-4,0.6978677975648628,36.86473619683555,middle
15237,5,0.713854002356,19.73010176184702,5.958658355446114e-4,0.6710164073126277,35.446316516745746,middle
15238,3,0.717199427748,0,0,0,0,middle
15240,4,0.710748836001,0,0,0,0,middle
15245,3,0.711728225326,0,0,0,0,middle
15249,3,0.714147789795,0,0,0,0,middle
15251,3,0.71497280129,0,0,0,0,middle
15252,3,0.710077243273,0,0,0,0,middle
15254,6,0.729904398687,2.20315281909154,6.653708689526552e-5,0.0749287412336741,3.958096775318848,middle
15255,4,0.717857335073,0,0,0,0,middle
15256,4,0.713744383322,0,0,0,0,middle
15257,3,0.724037210203,0,0,0,0,middle
15258,4,0.710105110403,0,0,0,0,middle
15262,3,0.713602161877,0,0,0,0,middle
15265,4,0.711528143876,0,0,0,0,middle
15266,5,0.713811608873,18.28235322866645,5.521425998616461e-4,0.6217787991566721,32.8453490527559,middle
15269,3,0.723058020232,0,0,0,0,middle
15270,4,0.711063052163,0,0,0,0,middle
15271,4,0.715399815233,0,0,0,0,middle
15272,3,0.72668794378,0,0,0,0,middle
15274,3,0.715598476697,0,0,0,0,middle
15275,9,0.713224148464,0,0,0,0,middle
15276,3,0.717096158139,0,0,0,0,middle
15277,3,0.722306155712,0,0,0,0,middle
15278,9,0.713523265615,0,0,0,0,middle
15279,4,0.71111914773,0,0,0,0,middle
15281,3,0.716727555848,0,0,0,0,middle
15282,3,0.713938551282,0,0,0,0,middle
15284,4,0.715271632878,0,0,0,0,middle
15286,4,0.7174490848,0,0,0,0,middle
15287,3,0.717180188479,0,0,0,0,middle
15288,4,0.722631520571,0,0,0,0,middle
15289,3,0.711416770116,0,0,0,0,middle
15296,3,0.717243898627,0,0,0,0,middle
15298,3,0.716490057532,0,0,0,0,middle
15300,3,0.710757919554,0,0,0,0,middle
15301,3,0.713624392112,0,0,0,0,middle
15303,5,0.712446269292,23.15031661833117,6.991592299629803e-4,0.7873371598833646,41.590938567943105,middle
15304,3,0.713329316852,0,0,0,0,middle
15309,3,0.712311480063,0,0,0,0,middle
15310,3,0.710074472675,0,0,0,0,middle
15313,3,0.709889523304,0,0,0,0,middle
15314,4,0.716031622916,0,0,0,0,middle
15315,4,0.71718233054,0,0,0,0,middle
15316,3,0.716272344804,0,0,0,0,middle
15318,4,0.714741485579,0,0,0,0,middle
15319,5,0.735475127794,3.072406444828836,9.278928489465628e-5,0.10449186523710102,5.519763284854812,middle
15320,6,0.713789315625,18.67908387502022,5.641242024366959e-4,0.6352715208973125,33.558099561207015,middle
15321,3,0.716518068194,0,0,0,0,middle
15324,3,0.708755289748,0,0,0,0,middle
15326,3,0.713648014139,0,0,0,0,middle
15327,3,0.713483634127,0,0,0,0,middle
15328,4,0.716190953341,0,0,0,0,middle
15331,3,0.713877566506,0,0,0,0,middle
15332,4,0.723124235129,0,0,0,0,middle
15334,5,0.734819516239,2.9221435007001206,8.82512163212954e-5,0.09938145566402695,5.249806852667312,middle
15340,3,0.714494491018,0,0,0,0,middle
15342,3,0.722402267427,0,0,0,0,middle
15344,4,0.71553596744,0,0,0,0,middle
15348,5,0.712498094225,0,0,0,0,middle
15349,5,0.712311631172,0,0,0,0,middle
15351,3,0.709839976975,0,0,0,0,middle
15353,5,0.73395407422,2.5919459348598712,7.827896930305305e-5,0.08815150931058467,4.656587031851913,middle
15359,3,0.718233785208,0,0,0,0,middle
15362,4,0.719882071561,0,0,0,0,middle
15363,3,0.710501860802,0,0,0,0,middle
15364,4,0.716786780208,0,0,0,0,middle
15365,4,0.715486195015,0,0,0,0,middle
15366,3,0.717428666476,0,0,0,0,middle
15367,3,0.722480950152,0,0,0,0,middle
15368,3,0.717063456256,0,0,0,0,middle
15370,9,0.712552401289,0,0,0,0,middle
15373,6,0.729224721346,3.3914684561630617,1.0242522870625146e-4,0.11534309383894432,6.092977411103888,middle
15378,5,0.713532706368,20.527678359937827,6.199533264135747e-4,0.698141811421918,36.87921092770845,middle
15379,3,0.710410402428,0,0,0,0,middle
15395,4,0.723247416406,0,0,0,0,middle
15396,3,0.724805342285,0,0,0,0,middle
15435,4,0.711898494667,0,0,0,0,middle
15436,4,0.709526374019,0,0,0,0,middle
15548,4,0.714842320951,0,0,0,0,middle
15633,3,0.7115528405,0,0,0,0,middle
15634,3,0.709017780698,0,0,0,0,middle
15808,6,0.713423299625,20.68174881419491,6.246063850276039e-4,0.7033817135742997,37.156007781236895,middle
15826,4,0.721679782157,0,0,0,0,middle
15862,6,0.712767283292,22.198481489690945,6.704130004161731e-4,0.7549654571884908,39.88090941306153,middle
15381,3,0.715552405749,0,0,0,0,middle
15382,3,0.711807262695,0,0,0,0,middle
15388,6,0.713657594793,20.52494019139993,6.198706313974319e-4,0.6980486869141433,36.87429164296061,middle
15389,3,0.709802581297,0,0,0,0,middle
15390,3,0.717167966606,0,0,0,0,middle
15391,3,0.723815123258,0,0,0,0,middle
15392,4,0.723163073094,0,0,0,0,middle
15394,6,0.713652767915,20.52543962519726,6.198857147224211e-4,0.6980656725473864,36.87518890586746,middle
15398,4,0.708524875747,0,0,0,0,middle
15401,4,0.716064913052,0,0,0,0,middle
15402,4,0.714634497741,0,0,0,0,middle
15403,3,0.728692034533,0,0,0,0,middle
15404,3,0.71595909839,0,0,0,0,middle
15405,5,0.712271813274,0,0,0,0,middle
15406,4,0.725592268322,0,0,0,0,middle
15409,3,0.709674039321,0,0,0,0,middle
15410,3,0.709655251367,0,0,0,0,middle
15412,3,0.724560470943,0,0,0,0,middle
15413,3,0.70964803981,0,0,0,0,middle
15414,5,0.713137117139,20.8013395089109,6.282181256101133e-4,0.7074489667129288,37.37085966940899,middle
15416,5,0.733504775328,2.734902307552476,8.259637321151274e-5,0.09301342400137118,4.91341676824723,middle
15418,3,0.724528203732,0,0,0,0,middle
15420,3,0.710716970499,0,0,0,0,middle
15423,9,0.714188514961,0,0,0,0,middle
15424,4,0.723512776378,0,0,0,0,middle
15432,9,0.714054587627,0,0,0,0,middle
15433,3,0.711682758542,0,0,0,0,middle
15434,3,0.711895459243,0,0,0,0,middle
15437,3,0.713432770802,0,0,0,0,middle
15438,4,0.711633551862,0,0,0,0,middle
15440,3,0.720329817192,0,0,0,0,middle
15441,3,0.71793514655,0,0,0,0,middle
15443,3,0.708712628247,0,0,0,0,middle
15444,3,0.715531130729,0,0,0,0,middle
15445,4,0.713702239263,0,0,0,0,middle
15446,3,0.709478825912,0,0,0,0,middle
15449,5,0.7121777867,0,0,0,0,middle
15453,4,0.712240043044,0,0,0,0,middle
15455,4,0.709576840232,0,0,0,0,middle
15456,4,0.708370641276,0,0,0,0,middle
15457,4,0.71023052994,0,0,0,0,middle
15458,3,0.715198749,0,0,0,0,middle
15459,4,0.709436395891,0,0,0,0,middle
15463,3,0.724523789294,0,0,0,0,middle
15464,3,0.709797744482,0,0,0,0,middle
15468,3,0.708104541958,0,0,0,0,middle
15469,4,0.717889706946,0,0,0,0,middle
15470,3,0.70784986777,0,0,0,0,middle
15472,3,0.713617819023,0,0,0,0,middle
15473,3,0.711070611467,0,0,0,0,middle
15474,4,0.712808817058,0,0,0,0,middle
15475,3,0.71362453507,0,0,0,0,middle
15480,5,0.712545663573,0,0,0,0,middle
15481,4,0.712369989802,0,0,0,0,middle
15485,4,0.712726680742,0,0,0,0,middle
15487,3,0.712760383701,0,0,0,0,middle
15489,4,0.72551846271,0,0,0,0,middle
15490,3,0.725763863129,0,0,0,0,middle
15491,3,0.715770423804,0,0,0,0,middle
15492,3,0.708372149916,0,0,0,0,middle
15493,3,0.712458449401,0,0,0,0,middle
15494,3,0.712077160005,0,0,0,0,middle
15497,5,0.732848503492,1.7871628903842396,5.3973837630801796e-5,0.06078101554990764,3.210745805784005,middle
15499,4,0.710573248339,0,0,0,0,middle
15500,6,0.713589499165,20.52906016186227,6.199950580056466e-4,0.6981888062004623,36.88169341811668,middle
15501,3,0.713042270812,0,0,0,0,middle
15505,4,0.712244245397,0,0,0,0,middle
15506,3,0.710025588232,0,0,0,0,middle
15508,3,0.709237469074,0,0,0,0,middle
15509,4,0.712374697683,0,0,0,0,middle
15511,3,0.70957947178,0,0,0,0,middle
15513,6,0.728430396456,3.448914359024427,1.041601437776625e-4,0.1172968163193526,6.196182436602123,middle
15515,5,0.733173143895,0,0,0,0,middle
15516,3,0.715443769254,0,0,0,0,middle
15517,3,0.721702198078,0,0,0,0,middle
15518,5,0.712905829455,0,0,0,0,middle
15520,3,0.728587044798,0,0,0,0,middle
15521,3,0.720903485806,0,0,0,0,middle
15523,3,0.709585779955,0,0,0,0,middle
15524,3,0.71536868486,0,0,0,0,middle
15527,3,0.709510146426,0,0,0,0,middle
15528,3,0.712695802485,0,0,0,0,middle
15529,3,0.708712209392,0,0,0,0,middle
15531,5,0.709897880207,19.486627257673305,5.885126986670396e-4,0.6627358931503138,35.00889990111592,middle
15533,5,0.732526674476,1.8392565480254515,5.554711034939368e-5,0.06255270935139504,3.304335200281508,middle
15535,3,0.716084342056,0,0,0,0,middle
15536,3,0.714598527413,0,0,0,0,middle
15538,5,0.713252868672,20.144675836007302,6.083863247988707e-4,0.6851159800956698,36.19112381828428,middle
15540,4,0.714258449736,0,0,0,0,middle
15541,9,0.714278751201,0,0,0,0,middle
15542,5,0.709695252098,17.89524388153585,5.404515686972173e-4,0.6086132956795934,32.14988378802441,middle
15543,9,0.713930851771,0,0,0,0,middle
15544,4,0.712984847242,0,0,0,0,middle
15545,3,0.722458557069,0,0,0,0,middle
15550,3,0.713014037895,0,0,0,0,middle
15553,3,0.70811280911,0,0,0,0,middle
15555,6,0.713539965694,20.528099241812164,6.199660374037533e-4,0.6981561255215932,36.879967067353036,middle
15556,4,0.711629271978,0,0,0,0,middle
15557,4,0.711581846558,0,0,0,0,middle
15560,3,0.708124842435,0,0,0,0,middle
15561,3,0.724087182794,0,0,0,0,middle
15564,3,0.711763843732,0,0,0,0,middle
15565,3,0.713506767177,0,0,0,0,middle
15566,3,0.722815736029,0,0,0,0,middle
15568,4,0.715048331654,0,0,0,0,middle
15571,3,0.710688368499,0,0,0,0,middle
15575,3,0.71576676469,0,0,0,0,middle
15576,5,0.708560679883,12.580394071077496,3.799385890213124e-4,0.42785642639084104,22.601435893813612,middle
15577,5,0.708397107173,12.277745864758513,3.707983560660488e-4,0.41756342767572635,22.057710157175357,middle
15580,4,0.713030389692,0,0,0,0,middle
15581,3,0.722167791132,0,0,0,0,middle
15583,3,0.727982169737,0,0,0,0,middle
15584,4,0.721608777498,0,0,0,0,middle
15587,3,0.710333890396,0,0,0,0,middle
15589,3,0.721877386246,0,0,0,0,middle
15590,4,0.707441104741,0,0,0,0,middle
15592,4,0.710129528952,0,0,0,0,middle
15594,4,0.71586737657,0,0,0,0,middle
15596,6,0.728085238498,0,0,0,0,middle
15598,3,0.71043495455,0,0,0,0,middle
15599,3,0.712800390011,0,0,0,0,middle
15601,3,0.71295073281,0,0,0,0,middle
15602,3,0.70813857271,0,0,0,0,middle
15603,6,0.713407394024,20.687357507560044,6.247757723322751e-4,0.703572463998044,37.166084136780604,middle
15604,3,0.714729192576,0,0,0,0,middle
15605,3,0.708062927206,0,0,0,0,middle
15606,4,0.70810791064,0,0,0,0,middle
15607,5,0.70907650587,14.339216471614685,4.330565197811668e-4,0.48767358813461065,25.76126630212609,middle
15609,4,0.710328041242,0,0,0,0,middle
15611,3,0.715416861226,0,0,0,0,middle
15612,3,0.704798316054,0,0,0,0,middle
15616,3,0.710106914222,0,0,0,0,middle
15621,4,0.712477252133,0,0,0,0,middle
15622,4,0.709271977859,0,0,0,0,middle
15623,9,0.71460120413,0,0,0,0,middle
15624,3,0.708066357759,0,0,0,0,middle
15625,3,0.712492874351,0,0,0,0,middle
15626,9,0.712006507065,0,0,0,0,middle
15628,3,0.708092260242,0,0,0,0,middle
15629,9,0.714872977109,0,0,0,0,middle
15630,3,0.714125725353,0,0,0,0,middle
15631,3,0.715809879037,0,0,0,0,middle
15632,3,0.712469042502,0,0,0,0,middle
15635,4,0.714495678924,0,0,0,0,middle
15636,3,0.712268906783,0,0,0,0,middle
15637,3,0.709941691719,0,0,0,0,middle
15640,3,0.707186241202,0,0,0,0,middle
15642,3,0.708146459362,0,0,0,0,middle
15643,4,0.708116867561,0,0,0,0,middle
15645,5,0.730776845903,0,0,0,0,middle
15646,3,0.710899230936,0,0,0,0,middle
15648,3,0.723839904245,0,0,0,0,middle
15649,4,0.709131458186,0,0,0,0,middle
15650,5,0.71306770683,0,0,0,0,middle
15651,3,0.727073684272,0,0,0,0,middle
15652,4,0.712447369432,0,0,0,0,middle
15655,4,0.712530820092,0,0,0,0,middle
15656,4,0.715773728141,0,0,0,0,middle
15659,4,0.712371401534,0,0,0,0,middle
15660,3,0.711928227161,0,0,0,0,middle
15661,3,0.707656315084,0,0,0,0,middle
15663,3,0.712364423857,0,0,0,0,middle
15665,4,0.713188552269,0,0,0,0,middle
15667,6,0.72728324339,6.55610070174994,1.9799981113716926e-4,0.22297153820945162,11.778429903451862,middle
15671,3,0.723160627298,0,0,0,0,middle
15673,5,0.708096501511,0,0,0,0,middle
15675,5,0.715795064174,22.95526066403478,6.93268374427226e-4,0.7807033499184307,41.24050879429462,middle
15676,5,0.708080842612,10.0277960773598,3.0284796097005063e-4,0.34104313187605784,18.015539808863196,middle
15678,9,0.715281876603,0,0,0,0,middle
15680,3,0.713106344482,0,0,0,0,middle
15684,3,0.709236792569,0,0,0,0,middle
15686,4,0.708092308754,0,0,0,0,middle
15687,4,0.70854687169,0,0,0,0,middle
15688,3,0.70784120679,0,0,0,0,middle
15689,3,0.708989787647,0,0,0,0,middle
15690,5,0.709111474522,0,0,0,0,middle
15693,3,0.717913457221,0,0,0,0,middle
15695,9,0.711711027469,0,0,0,0,middle
15696,3,0.708138206376,0,0,0,0,middle
15698,3,0.718017868346,0,0,0,0,middle
15701,6,0.713479884771,21.128571261467908,6.381008025475005e-4,0.718578046411039,37.95875122797637,middle
15702,3,0.72619684643,0,0,0,0,middle
15703,5,0.708076936018,10.021078306820614,3.026450785924711e-4,0.3408146619823509,18.003470929356485,middle
15704,3,0.713310619416,0,0,0,0,middle
15705,4,0.712023305632,0,0,0,0,middle
15708,3,0.720849778406,0,0,0,0,middle
15709,3,0.716241171824,0,0,0,0,middle
15710,4,0.708531357571,0,0,0,0,middle
15711,5,0.713049310849,21.430859652774792,6.472301687837065e-4,0.7288588078969883,38.50183053526721,middle
15712,3,0.715129176119,0,0,0,0,middle
15715,3,0.714870475841,0,0,0,0,middle
15716,4,0.707597042314,0,0,0,0,middle
15718,3,0.722884414301,0,0,0,0,middle
15720,3,0.714778965187,0,0,0,0,middle
15721,4,0.70795994217,0,0,0,0,middle
15722,3,0.716331434179,0,0,0,0,middle
15725,3,0.708945963298,0,0,0,0,middle
15726,4,0.712454446707,0,0,0,0,middle
15727,3,0.715145848633,0,0,0,0,middle
15729,3,0.716684079817,0,0,0,0,middle
15730,4,0.707997452766,0,0,0,0,middle
15732,4,0.709020292659,0,0,0,0,middle
15734,4,0.717875782211,0,0,0,0,middle
15735,3,0.708084608883,0,0,0,0,middle
15739,5,0.712751485294,22.644238725248048,6.838752476372651e-4,0.7701255624098201,40.68173914277639,middle
15743,5,0.712591228367,22.681005288887086,6.849856290953701e-4,0.7713759851263419,40.747792489470356,middle
15746,3,0.713125289707,0,0,0,0,middle
15747,3,0.709278356077,0,0,0,0,middle
15750,3,0.716247586355,0,0,0,0,middle
15752,5,0.712849933614,22.46980488072716,6.786071973369018e-4,0.7641931058479146,40.368358231782985,middle
15754,5,0.731564529241,0,0,0,0,middle
15755,4,0.721493613486,0,0,0,0,middle
15757,3,0.708124608558,0,0,0,0,middle
15758,4,0.720406669948,0,0,0,0,middle
15759,3,0.716026028832,0,0,0,0,middle
15760,5,0.714963974698,18.518203840689406,5.592654887191442e-4,0.6298000264292126,33.269068886811695,middle
15762,5,0.707842310784,8.429600872340732,2.5458110798079724e-4,0.2866888656081594,15.144285834785972,middle
15767,4,0.714755402624,0,0,0,0,middle
15769,3,0.710214335611,0,0,0,0,middle
15770,5,0.714247886918,18.991371798948975,5.73555563053504e-4,0.6458923642812534,34.119143631306116,middle
15773,4,0.71773354902,0,0,0,0,middle
15774,4,0.708920181664,0,0,0,0,middle
15777,5,0.729570361357,2.1899724154869773,6.613902750857572e-5,0.07448047861544642,3.934417386148679,middle
15778,3,0.716023096549,0,0,0,0,middle
15779,4,0.713100348245,0,0,0,0,middle
15781,5,0.718420258217,0,0,0,0,middle
15784,4,0.716583422479,0,0,0,0,middle
15785,4,0.711876676695,0,0,0,0,middle
15786,3,0.707965811765,0,0,0,0,middle
15788,3,0.71278245234,0,0,0,0,middle
15790,5,0.712390070362,0,0,0,0,middle
15791,3,0.708758656923,0,0,0,0,middle
15792,4,0.712184577068,0,0,0,0,middle
15793,4,0.715773831049,0,0,0,0,middle
15794,5,0.713063188657,0,0,0,0,middle
15795,3,0.717637915564,0,0,0,0,middle
15796,4,0.715918991897,0,0,0,0,middle
15798,3,0.715835671946,0,0,0,0,middle
15800,3,0.712141424946,0,0,0,0,middle
15803,3,0.711798447263,0,0,0,0,middle
15804,3,0.716472489459,0,0,0,0,middle
15805,3,0.717746463177,0,0,0,0,middle
15806,3,0.715232359432,0,0,0,0,middle
15809,6,0.713113596291,20.807422497624437,6.284018370372591e-4,0.7076558478168152,37.38178812512152,middle
15810,4,0.712297641966,0,0,0,0,middle
15811,4,0.712574588509,0,0,0,0,middle
15813,5,0.713170375231,20.79142844603322,6.279188030909479e-4,0.7071118936514157,37.35305384782631,middle
15814,4,0.717481333699,0,0,0,0,middle
15817,4,0.71165925637,0,0,0,0,middle
15818,4,0.707790665245,0,0,0,0,middle
15819,3,0.7129748473,0,0,0,0,middle
15820,3,0.708768183235,0,0,0,0,middle
15823,4,0.715501404564,0,0,0,0,middle
15824,3,0.707925852637,0,0,0,0,middle
15829,3,0.708031299148,0,0,0,0,middle
15830,3,0.708942406896,0,0,0,0,middle
15833,3,0.713482852225,0,0,0,0,middle
15835,4,0.71615944684,0,0,0,0,middle
15836,9,0.715226105698,0,0,0,0,middle
15837,6,0.713429177842,20.67958855705025,6.245411434265197e-4,0.7033082437054881,37.152126749125074,middle
15841,3,0.716139424674,0,0,0,0,middle
15842,3,0.715987137429,0,0,0,0,middle
15845,3,0.717049390813,0,0,0,0,middle
15846,4,0.711370380943,0,0,0,0,middle
15847,3,0.70771078748,0,0,0,0,middle
15848,3,0.708737073164,0,0,0,0,middle
15849,3,0.708070503015,0,0,0,0,middle
15851,3,0.717057338741,0,0,0,0,middle
15852,3,0.712703568214,0,0,0,0,middle
15854,4,0.713006275774,0,0,0,0,middle
15855,5,0.729379116505,3.365118176901026,1.0162942788581834e-4,0.11444692665564642,6.045637546854788,middle
15856,4,0.712657322263,0,0,0,0,middle
15857,3,0.711114200411,0,0,0,0,middle
15858,4,0.708070159347,0,0,0,0,middle
15859,5,0.710135180268,19.787015904043006,5.975846909921536e-4,0.6729520447301437,35.54856620217104,middle
15860,4,0.716593766985,0,0,0,0,middle
15863,3,0.717518831084,0,0,0,0,middle
15864,3,0.715098266489,0,0,0,0,middle
15865,5,0.712531132056,22.753282245999184,6.871684546053482e-4,0.7738341084892246,40.8776423974732,middle
15869,4,0.713025517541,0,0,0,0,middle
15872,4,0.708227425331,0,0,0,0,middle
15873,3,0.712734120194,0,0,0,0,middle
15877,3,0.715359373491,0,0,0,0,middle
15878,3,0.710444416931,0,0,0,0,middle
15879,3,0.7124911974,0,0,0,0,middle
15880,5,0.707863781006,9.068567249555352,2.73878435426931e-4,0.30841997110408875,16.29222742797659,middle
15881,5,0.718054829739,0,0,0,0,middle
15884,4,0.721321653317,0,0,0,0,middle
15887,3,0.709203425639,0,0,0,0,middle
15888,4,0.715922654128,0,0,0,0,middle
15890,5,0.712708495939,0,0,0,0,middle
15891,4,0.715942855166,0,0,0,0,middle
15892,4,0.72238113766,0,0,0,0,middle
15894,3,0.716314658711,0,0,0,0,middle
15895,3,0.707772678844,0,0,0,0,middle
15896,3,0.716225329897,0,0,0,0,middle
15897,4,0.720751364771,0,0,0,0,middle
15901,4,0.715564962012,0,0,0,0,middle
15904,3,0.708014973069,0,0,0,0,middle
15905,3,0.714868696627,0,0,0,0,middle
15906,4,0.720164330851,0,0,0,0,middle
15907,3,0.707948353951,0,0,0,0,middle
15908,5,0.71256604969,22.711954898098856,6.859203335877926e-4,0.7724285745063506,40.803395327075144,middle
15913,5,0.728566461728,3.4486136071987703,1.0415106081701436e-4,0.11728658781612535,6.195642117827597,middle
15915,3,0.709016051806,0,0,0,0,middle
15917,3,0.710214452352,0,0,0,0,middle
15918,3,0.713066785127,0,0,0,0,middle
15919,4,0.716155195436,0,0,0,0,middle
15920,4,0.712520651752,0,0,0,0,middle
15921,3,0.708781505959,0,0,0,0,middle
16049,3,0.708422716426,0,0,0,0,middle
16217,6,0.712708905691,0,0,0,0,middle
16218,6,0.711322412586,22.27985244631347,6.728704724374632e-4,0.7577328654680581,40.02709723908126,middle
16289,4,0.708998550883,0,0,0,0,middle
16290,3,0.712741171647,0,0,0,0,middle
16597,4,0.711947338968,0,0,0,0,middle
16598,6,0.716609731246,0,0,0,0,middle
16825,5,0.713072795597,21.423314267787795,6.470022917466768e-4,0.7286021910185312,38.48827479654279,middle
16826,3,0.707835807091,0,0,0,0,middle
16975,3,0.707921158337,0,0,0,0,middle
16976,3,0.711999909163,0,0,0,0,middle
15936,4,0.709235486427,0,0,0,0,middle
15937,3,0.709655445117,0,0,0,0,middle
15942,3,0.709115909403,0,0,0,0,middle
15943,3,0.708091039466,0,0,0,0,middle
15944,3,0.708465422359,0,0,0,0,middle
15945,3,0.714869793102,0,0,0,0,middle
15947,4,0.715181474712,0,0,0,0,middle
15950,3,0.715144826504,0,0,0,0,middle
15952,3,0.707320564598,0,0,0,0,middle
15953,4,0.707586485984,0,0,0,0,middle
15954,6,0.71336318937,0,0,0,0,middle
15957,3,0.708203264784,0,0,0,0,middle
15959,3,0.716142110548,0,0,0,0,middle
15965,3,0.708116086336,0,0,0,0,middle
15966,4,0.707739833346,0,0,0,0,middle
15969,3,0.712446231517,0,0,0,0,middle
15971,5,0.707850987751,9.047039769495672,2.732282872397719e-4,0.3076878262574731,16.253552013059124,middle
15972,4,0.719749331576,0,0,0,0,middle
15973,3,0.707318010631,0,0,0,0,middle
15974,6,0.712684276678,23.11805523294908,6.981849087157528e-4,0.7862399572852573,41.53297904541628,middle
15978,5,0.712794766147,23.11835802938367,6.981940534253279e-4,0.7862502553251833,41.533523037453946,middle
15982,4,0.715385339746,0,0,0,0,middle
15983,3,0.707976140517,0,0,0,0,middle
15984,3,0.707624145044,0,0,0,0,middle
15985,3,0.709224318999,0,0,0,0,middle
15986,6,0.71263512286,23.170320103255147,6.997633522022826e-4,0.7880174739916971,41.62687603378144,middle
15987,5,0.715891239966,0,0,0,0,middle
15988,3,0.707638955338,0,0,0,0,middle
15989,3,0.714786650957,0,0,0,0,middle
15991,8,0.714919075278,18.527216162542466,5.59537668495812e-4,0.630106533506793,33.28526006599619,middle
15993,6,0.712638547183,23.166797202096276,6.996569575942917e-4,0.7878976609006407,41.62054692960135,middle
15995,3,0.709248086804,0,0,0,0,middle
15996,5,0.710028882563,19.66298084768707,5.938387269122687e-4,0.6687336398328245,35.325729750548334,middle
15997,4,0.716040105175,0,0,0,0,middle
15998,6,0.713487641428,0,0,0,0,middle
16000,9,0.715428498685,0,0,0,0,middle
16001,6,0.712768977033,22.196762795691335,6.703610943972135e-4,0.7549070047848079,39.87782167574314,middle
16002,9,0.715857404251,23.017889460644074,6.951598172931172e-4,0.7828333414715584,41.35302520067063,middle
16003,3,0.715977343396,0,0,0,0,middle
16005,5,0.710417099069,20.856123162670126,6.298726384968411e-4,0.7093121466888203,37.46928180399973,middle
16008,3,0.709003647224,0,0,0,0,middle
16010,6,0.71274943251,22.64649087230913,6.839432643918932e-4,0.770202157434413,40.68578526065926,middle
16012,3,0.708096614174,0,0,0,0,middle
16014,3,0.709636794987,0,0,0,0,middle
16015,4,0.707917828475,0,0,0,0,middle
16016,3,0.711572986002,0,0,0,0,middle
16017,3,0.716904139066,0,0,0,0,middle
16022,5,0.717739527307,0,0,0,0,middle
16023,6,0.712651180791,23.153646563316897,6.992597971306101e-4,0.7874504105775497,41.59692101473291,middle
16025,5,0.72706459535,0,0,0,0,middle
16029,3,0.71009945475,0,0,0,0,middle
16033,4,0.714004061387,0,0,0,0,middle
16037,3,0.71573929989,0,0,0,0,middle
16038,5,0.727933755643,0,0,0,0,middle
16039,4,0.71503036917,0,0,0,0,middle
16041,6,0.712739069378,22.657765491567105,6.842837674721961e-4,0.77058560474754,40.706040793430844,middle
16042,3,0.71250714303,0,0,0,0,middle
16043,8,0.714943935258,18.522554113767384,5.593968706620124e-4,0.6299479782566715,33.276884414492066,middle
16044,5,0.714987286506,0,0,0,0,middle
16045,4,0.707928188715,0,0,0,0,middle
16054,3,0.707905489311,0,0,0,0,middle
16055,3,0.715683316749,0,0,0,0,middle
16056,3,0.716958336418,0,0,0,0,middle
16060,5,0.714309723528,0,0,0,0,middle
16061,3,0.707921515249,0,0,0,0,middle
16062,5,0.71034748271,20.79358176638755,6.279838351950707e-4,0.7071851276015189,37.35692241757638,middle
16063,5,0.710416016501,20.85521075674115,6.298450830626225e-4,0.7092811159645056,37.46764261177758,middle
16064,3,0.708058324396,0,0,0,0,middle
16065,3,0.711760745902,0,0,0,0,middle
16066,4,0.71143178871,0,0,0,0,middle
16068,4,0.71354182149,0,0,0,0,middle
16069,3,0.70800711792,0,0,0,0,middle
16072,3,0.714276178419,0,0,0,0,middle
16074,3,0.707898900817,0,0,0,0,middle
16075,3,0.708424871555,0,0,0,0,middle
16076,4,0.720793779598,0,0,0,0,middle
16077,4,0.710413779257,0,0,0,0,middle
16078,3,0.711948657453,0,0,0,0,middle
16080,9,0.715785322778,0,0,0,0,middle
16081,5,0.728470394665,3.44924156368804,1.0417002563649076e-4,0.1173079444777617,6.196770279493769,middle
16085,8,0.714989824675,18.511811924699472,5.590724474257924e-4,0.6295826387768234,33.25758542463485,middle
16086,4,0.70795167322,0,0,0,0,middle
16087,3,0.714411648889,0,0,0,0,middle
16089,9,0.711706503495,0,0,0,0,middle
16092,4,0.711520545196,0,0,0,0,middle
16093,5,0.711039154789,22.32035927597434,6.740938131070896e-4,0.7591104938066621,40.09987019902744,middle
16094,4,0.713221205482,0,0,0,0,middle
16096,3,0.709347517384,0,0,0,0,middle
16097,8,0.715009591497,18.50633152874199,5.589069348118312e-4,0.6293962517196033,33.247739563113655,middle
16099,3,0.716241183308,0,0,0,0,middle
16100,8,0.715017816689,18.503899848681037,5.588334960080792e-4,0.6293135508173004,33.24337090338,middle
16101,3,0.712609313899,0,0,0,0,middle
16102,3,0.708087354807,0,0,0,0,middle
16104,3,0.707613116394,0,0,0,0,middle
16105,4,0.720067338501,0,0,0,0,middle
16106,6,0.712065289461,23.255769979804697,7.023440110707453e-4,0.7909236054379354,41.78039188519734,middle
16110,3,0.708306655709,0,0,0,0,middle
16111,4,0.710254665178,0,0,0,0,middle
16112,3,0.713586484019,0,0,0,0,middle
16113,5,0.710941092866,21.71243473419607,6.557339754637144e-4,0.7384351142842889,39.00769713341053,middle
16115,3,0.714753874116,0,0,0,0,middle
16116,3,0.712893123595,0,0,0,0,middle
16117,3,0.712970316332,0,0,0,0,middle
16118,5,0.728877037956,3.433018069242728,1.0368006232105553e-4,0.11675618701152295,6.167623794287687,middle
16120,4,0.707998350759,0,0,0,0,middle
16123,4,0.708585402167,0,0,0,0,middle
16124,4,0.707969413103,0,0,0,0,middle
16125,6,0.713711209095,0,0,0,0,middle
16126,4,0.712708146058,0,0,0,0,middle
16127,4,0.707931689856,0,0,0,0,middle
16128,8,0.715101982502,17.00849494312623,5.136709973914218e-4,0.57845515995266406,30.556785895212872,middle
16129,3,0.708002216896,0,0,0,0,middle
16130,3,0.709239126756,0,0,0,0,middle
16131,3,0.708004635096,0,0,0,0,middle
16133,3,0.712757517954,0,0,0,0,middle
16134,3,0.70424355164,0,0,0,0,middle
16136,3,0.708074832823,0,0,0,0,middle
16137,8,0.715052059736,18.088614996628372,5.462915406576058e-4,0.6151898046349772,32.49728664653475,middle
16138,3,0.71165103284,0,0,0,0,middle
16139,6,0.712045400428,0,0,0,0,middle
16140,5,0.709377997677,15.928340830184098,4.810494255012138e-4,0.5417193569163123,28.616223954055034,middle
16141,3,0.707900385076,0,0,0,0,middle
16142,3,0.709461514315,0,0,0,0,middle
16145,5,0.709355752923,0,0,0,0,middle
16147,4,0.707921119661,0,0,0,0,middle
16148,3,0.70806917148,0,0,0,0,middle
16150,4,0.713503945278,0,0,0,0,middle
16151,4,0.71270456387,0,0,0,0,middle
16152,5,0.70936878191,15.91499259210338,4.8064629737075497e-4,0.5412653862845846,28.592243040136744,middle
16153,3,0.7080291956,0,0,0,0,middle
16155,8,0.715083098672,0,0,0,0,middle
16156,4,0.709126414872,0,0,0,0,middle
16157,6,0.728664319979,3.4459273653525964,1.0406993403107753e-4,0.11719522932367815,6.1908161225099185,middle
16160,5,0.721801160113,26.167320811452132,7.902753197873099e-4,0.8899448067648393,47.01116836972308,middle
16161,3,0.715078153625,0,0,0,0,middle
16162,4,0.713091548982,0,0,0,0,middle
16165,6,0.710419313538,20.857983617193273,6.299288258040486e-4,0.709375420336628,37.47262422263945,middle
16166,3,0.711460949674,0,0,0,0,middle
16167,3,0.707980664791,0,0,0,0,middle
16169,4,0.7146887243,0,0,0,0,middle
16170,3,0.708255216567,0,0,0,0,middle
16171,5,0.712824215136,0,0,0,0,middle
16172,4,0.714501798993,0,0,0,0,middle
16173,4,0.71279515657900006,0,0,0,0,middle
16175,3,0.707776144832,0,0,0,0,middle
16176,6,0.712758624744,22.636357519234902,6.836372285199384e-4,0.7698575243323654,40.66758008134592,middle
16178,3,0.707545609701,0,0,0,0,middle
16179,3,0.707911301205,0,0,0,0,middle
16180,3,0.707947320072,0,0,0,0,middle
16183,6,0.711996637803,23.31087528262299,7.040082380323242e-4,0.7927977246273513,41.879391881701444,middle
16186,4,0.713195974426,0,0,0,0,middle
16187,3,0.711784719417,0,0,0,0,middle
16188,3,0.714640099077,0,0,0,0,middle
16189,4,0.712752545577,0,0,0,0,middle
16190,3,0.709319848566,0,0,0,0,middle
16194,3,0.713714983381,0,0,0,0,middle
16195,5,0.710637650999,21.599818760632093,6.523328773855924e-4,0.7346050698730107,38.80537575200188,middle
16197,3,0.707518646995,0,0,0,0,middle
16198,4,0.708965646252,0,0,0,0,middle
16199,3,0.711192731861,0,0,0,0,middle
16200,5,0.709328800878,0,0,0,0,middle
16201,3,0.712064371059,0,0,0,0,middle
16202,9,0.71169184112,24.31631045651177,7.343732344832646e-4,0.8269923530338414,43.68571674717413,middle
16203,3,0.708294839072,0,0,0,0,middle
16206,3,0.712642440881,0,0,0,0,middle
16207,4,0.709359701719,0,0,0,0,middle
16208,3,0.707936615245,0,0,0,0,middle
16210,3,0.713594469655,0,0,0,0,middle
16212,3,0.709137257781,0,0,0,0,middle
16213,4,0.714334886735,0,0,0,0,middle
16216,4,0.709368526897,0,0,0,0,middle
16220,5,0.709597570197,17.75192459529138,5.361232044911665e-4,0.6037390383789879,31.89240205556831,middle
16221,5,0.709442882879,17.499003647399036,5.284847769877648e-4,0.5951372527502381,31.438014334667464,middle
16222,3,0.713650028168,0,0,0,0,middle
16223,8,0.715146050413,17.005602303651507,5.135836372217511e-4,0.5783567819224132,30.551589094120438,middle
16226,5,0.729571834807,2.1900704951737753,6.614198959844375e-5,0.07448381428395233,3.934593592215129,middle
16227,4,0.711821577599,0,0,0,0,middle
16228,4,0.710738251343,0,0,0,0,middle
16230,3,0.712468923206,0,0,0,0,middle
16232,3,0.70802859793,0,0,0,0,middle
16234,4,0.709772876994,0,0,0,0,middle
16236,3,0.714852434176,0,0,0,0,middle
16238,3,0.7128544936,0,0,0,0,middle
16239,4,0.708626340734,0,0,0,0,middle
16242,3,0.713037572705,0,0,0,0,middle
16247,5,0.714707042908,0,0,0,0,middle
16253,6,0.712627063267,23.17854166742383,7.000116504250687e-4,0.7882970875749188,41.641646569144285,middle
16254,3,0.707965061803,0,0,0,0,middle
16256,4,0.709474460419,0,0,0,0,middle
16257,5,0.714404578376,19.01292868650486,5.742065993720326e-4,0.6466255092703261,34.15787187856226,middle
16258,4,0.712222958274,0,0,0,0,middle
16260,3,0.71447867117,0,0,0,0,middle
16261,8,0.715168787831,17.003144407150064,5.135094066592232e-4,0.5782731894047541,30.547173334971944,middle
16262,4,0.709550324352,0,0,0,0,middle
16266,3,0.711205257154,0,0,0,0,middle
16267,3,0.712023618847,0,0,0,0,middle
16268,3,0.706677639749,0,0,0,0,middle
16269,3,0.709641946939,0,0,0,0,middle
16272,3,0.709326039528,0,0,0,0,middle
16273,4,0.709456579184,0,0,0,0,middle
16275,8,0.715217473493,20.61196826107201,6.224989530389991e-4,0.7010084923602378,37.0306428134043,middle
16276,3,0.710919417722,0,0,0,0,middle
16277,3,0.707397378841,0,0,0,0,middle
16280,3,0.710057554721,0,0,0,0,middle
16282,3,0.70725247104,0,0,0,0,middle
16283,3,0.707951457973,0,0,0,0,middle
16284,5,0.721798852732,26.16418329131736,7.901805640136596e-4,0.8898381003973751,47.00553162577126,middle
16285,3,0.712598765976,0,0,0,0,middle
16286,3,0.716381394897,0,0,0,0,middle
16288,3,0.711875473734,0,0,0,0,middle
16291,6,0.712583380379,22.690754981823467,6.852800781052112e-4,0.7717075700317589,40.765308400231255,middle
16295,3,0.714421023498,0,0,0,0,middle
16296,3,0.711947778741,0,0,0,0,middle
16298,3,0.712993271158,0,0,0,0,middle
16299,3,0.712682351357,0,0,0,0,middle
16300,9,0.71153575828,0,0,0,0,middle
16301,4,0.708979843546,0,0,0,0,middle
16302,3,0.714907547606,0,0,0,0,middle
16303,4,0.714778741653,0,0,0,0,middle
16304,4,0.712899104149,0,0,0,0,middle
16305,3,0.715484517926,0,0,0,0,middle
16306,4,0.707989666885,0,0,0,0,middle
16311,3,0.713901810426,0,0,0,0,middle
16312,4,0.708024175391,0,0,0,0,middle
16313,5,0.714592247076,0,0,0,0,middle
16314,4,0.709771190821,0,0,0,0,middle
16315,3,0.71161728355,0,0,0,0,middle
16316,3,0.70711164813,0,0,0,0,middle
16317,4,0.706996852848,0,0,0,0,middle
16318,5,0.709527930745,17.641937797871556,5.328015097662984e-4,0.5999984116682231,31.694804147505554,middle
16319,9,0.716579001403,23.58149958419937,7.121813218574322e-4,0.8020015974085057,42.365584744089475,middle
16320,4,0.709860706919,0,0,0,0,middle
16321,4,0.712215518794,0,0,0,0,middle
16322,4,0.711148319645,0,0,0,0,middle
16324,4,0.711719133262,0,0,0,0,middle
16325,3,0.707567441047,0,0,0,0,middle
16328,4,0.70741952118,0,0,0,0,middle
16329,3,0.714291300483,0,0,0,0,middle
16331,3,0.70861319821,0,0,0,0,middle
16332,3,0.706931543709,0,0,0,0,middle
16333,3,0.71120815104,0,0,0,0,middle
16334,3,0.712734505725,0,0,0,0,middle
16335,3,0.712968241236,0,0,0,0,middle
16336,3,0.714468843971,0,0,0,0,middle
16339,5,0.711249032295,0,0,0,0,middle
16340,3,0.715393529811,0,0,0,0,middle
16341,3,0.711093291273,0,0,0,0,middle
16342,3,0.713053611768,0,0,0,0,middle
16344,3,0.714704938141,0,0,0,0,middle
16345,4,0.70735442636800006,0,0,0,0,middle
16346,3,0.707921992367,0,0,0,0,middle
16347,4,0.710977744788,0,0,0,0,middle
16349,6,0.711490531339,0,0,0,0,middle
16350,3,0.714282978582,0,0,0,0,middle
16351,3,0.712784079248,0,0,0,0,middle
16352,6,0.712536785034,22.746717591647606,6.869701964667192e-4,0.7736108460432719,40.865848600422495,middle
16353,3,0.707802945162,0,0,0,0,middle
16356,8,0.715646984071,21.732662275324167,6.563448643907352e-4,0.7391230484946837,39.04403712971853,middle
16359,3,0.714505077332,0,0,0,0,middle
16360,3,0.707560727009,0,0,0,0,middle
16361,6,0.712507979671,22.77965876029128,6.879650477459779e-4,0.7747311679201058,40.92502939453441,middle
16362,3,0.709528125559,0,0,0,0,middle
16363,4,0.708019939663,0,0,0,0,middle
16365,3,0.70804455178,0,0,0,0,middle
16370,5,0.714467968493,0,0,0,0,middle
16372,3,0.707883700764,0,0,0,0,middle
16373,3,0.707735183481,0,0,0,0,middle
16374,3,0.710152182446,0,0,0,0,middle
16377,4,0.712881716173,0,0,0,0,middle
16379,3,0.70981737558,0,0,0,0,middle
16380,3,0.706547158904,0,0,0,0,middle
16381,3,0.712863271993,0,0,0,0,middle
16383,3,0.712641414506,0,0,0,0,middle
16384,3,0.707312432466,0,0,0,0,middle
16385,6,0.71232923761,23.268543263264878,7.027297750831929e-4,0.791358021989887,41.8033398584999,middle
16386,3,0.714333589743,0,0,0,0,middle
16387,3,0.712662314353,0,0,0,0,middle
16389,4,0.715526973439,0,0,0,0,middle
16390,3,0.712916611468,0,0,0,0,middle
16391,3,0.708017283222,0,0,0,0,middle
16392,4,0.715567977352,0,0,0,0,middle
16394,8,0.714936727344,18.523989597557048,5.594402234920212e-4,0.6299967987436067,33.2794633476054,middle
16395,4,0.715549647208,0,0,0,0,middle
16396,4,0.707861866156,0,0,0,0,middle
16397,4,0.713598141745,0,0,0,0,middle
16398,3,0.713994179309,0,0,0,0,middle
16399,3,0.714340806583,0,0,0,0,middle
16400,3,0.707565250356,0,0,0,0,middle
16401,5,0.714406702768,0,0,0,0,middle
16402,3,0.708687656335,0,0,0,0,middle
16403,4,0.70801185539,0,0,0,0,middle
16404,4,0.712684646351,0,0,0,0,middle
16405,3,0.709071793397,0,0,0,0,middle
16406,3,0.713509979519,0,0,0,0,middle
16409,3,0.712162436924,0,0,0,0,middle
16410,3,0.711819632585,0,0,0,0,middle
16412,3,0.707557853774,0,0,0,0,middle
16413,4,0.714166787804,0,0,0,0,middle
16415,3,0.707930440446,0,0,0,0,middle
16417,5,0.712566133417,22.711853573035416,6.859172734847927e-4,0.7724251284633011,40.80321329049403,middle
16421,4,0.707980769139,0,0,0,0,middle
16422,3,0.714848610208,0,0,0,0,middle
16425,3,0.712261960461,0,0,0,0,middle
16427,3,0.708022380487,0,0,0,0,middle
16428,8,0.714880707072,0,0,0,0,middle
16429,3,0.711125442321,0,0,0,0,middle
16432,4,0.711131026246,0,0,0,0,middle
16433,3,0.711586559802,0,0,0,0,middle
16435,3,0.71677758992,0,0,0,0,middle
16436,4,0.712315692234,0,0,0,0,middle
16437,5,0.712948719922,20.516258081719393,6.196084243089166e-4,0.6977534102796865,36.85869370983871,middle
16439,4,0.70729757492,0,0,0,0,middle
16442,3,0.714015210506,0,0,0,0,middle
16443,5,0.714355212892,19.00970635107759,5.741092821044913e-4,0.6465159183534792,34.15208275882751,middle
16444,4,0.707899846356,0,0,0,0,middle
16446,6,0.71682299975,24.048578248696693,7.262874943468184e-4,0.8178868397233449,43.2047197054715,middle
16447,7,0.714109557824,0,0,0,0,middle
16449,4,0.713009756633,0,0,0,0,middle
16451,8,0.715621064985,21.70626135708577,6.55547534230194e-4,0.7382251590909735,38.99660628949749,middle
16452,8,0.714900111908,18.530225123219726,5.596285416646237e-4,0.6302088675954749,33.29066584513712,middle
16453,3,0.707953340699,0,0,0,0,middle
16454,8,0.715584085633,21.666918674187936,6.543593517818492e-4,0.736887123126902,38.925924789348755,middle
16456,5,0.70786496485,9.07055535565573,2.7393847792022135e-4,0.30848758615387084,16.29579918036558,middle
16457,8,0.714987964411,18.512301251398743,5.590872255078333e-4,0.6295992806698916,33.258464529531096,middle
16458,5,0.714220990709,19.844663723711257,5.993257041226775e-4,0.6749126343565995,35.65213398337796,middle
16460,3,0.714335476016,0,0,0,0,middle
16465,5,0.715694098327,0,0,0,0,middle
16466,4,0.71235453542,0,0,0,0,middle
16467,4,0.714638059523,0,0,0,0,middle
16468,6,0.712504671412,22.783360687349766,6.880768490882343e-4,0.7748570696425046,40.93168012952914,middle
16469,5,0.714347262446,19.00888016848385,5.740843306882506e-4,0.6464878200657701,34.15059847202191,middle
16472,6,0.712439980487,0,0,0,0,middle
16473,9,0.716786279755,0,0,0,0,middle
16474,4,0.707813462171,0,0,0,0,middle
16475,3,0.708613876072,0,0,0,0,middle
16477,6,0.712482256102,23.10965756820147,6.979312921058713e-4,0.7859543545602043,41.51789213475367,middle
16479,3,0.71323062013,0,0,0,0,middle
16480,3,0.708009521358,0,0,0,0,middle
16482,5,0.707866301618,9.072799464587773,2.740062519165233e-4,0.30856390780346865,16.299830857265345,middle
16483,3,0.730754044007,0,0,0,0,middle
16484,4,0.707859610087,0,0,0,0,middle
16485,3,0.714330123895,0,0,0,0,middle
16486,3,0.707882071418,0,0,0,0,middle
16488,8,0.714876195153,18.53334436354078,5.597227453723695e-4,0.630314952270508,33.296269748302265,middle
16490,4,0.714300634103,0,0,0,0,middle
16491,4,0.714341240657,0,0,0,0,middle
16493,3,0.714156303213,0,0,0,0,middle
16494,3,0.708022516091,0,0,0,0,middle
16495,3,0.707217586295,0,0,0,0,middle
16496,3,0.710515728335,0,0,0,0,middle
16499,5,0.713653496855,20.52536623038035,0.00061988349813659545,0.6980631764058584,36.87505704765697,middle
16502,3,0.707779307842,0,0,0,0,middle
16503,4,0.716481766067,0,0,0,0,middle
16505,5,0.713509359463,20.525839440919146,6.198977894968982e-4,0.6980792701918651,36.875907198899974,middle
16507,4,0.710696751748,0,0,0,0,middle
16508,3,0.707352038519,0,0,0,0,middle
16509,7,0.714121510977,0,0,0,0,middle
16510,5,0.712250070854,0,0,0,0,middle
16511,4,0.712887252035,0,0,0,0,middle
16512,4,0.70793909481,0,0,0,0,middle
16515,3,0.707958007463,0,0,0,0,middle
16516,4,0.707790408495,0,0,0,0,middle
16517,9,0.716557317065,0,0,0,0,middle
16519,5,0.713682373438,20.521878374509182,6.19778161926067e-4,0.6979445551973038,36.86879090444765,middle
16520,5,0.713838296414,18.288623068337607,5.523319543464571e-4,0.6219920350203969,32.8566131974712,middle
16521,3,0.730474014693,0,0,0,0,middle
16522,5,0.713659674541,20.524715249187544,6.198638379515109e-4,0.6980410366791354,36.873887520723706,middle
16524,3,0.713529292874,0,0,0,0,middle
16525,5,0.707880593094,0,0,0,0,middle
16526,4,0.716700658358,0,0,0,0,middle
16528,3,0.716350181065,0,0,0,0,middle
16529,3,0.713421781373,0,0,0,0,middle
16530,3,0.716667661101,0,0,0,0,middle
16531,5,0.712134871278,0,0,0,0,middle
16533,3,0.70798936538,0,0,0,0,middle
16536,3,0.711401212612,0,0,0,0,middle
16538,3,0.712408486005,0,0,0,0,middle
16539,8,0.715318358379,20.67804529877248,6.244945357154069e-4,0.7032557578319937,37.14935419265065,middle
16540,6,0.712365287616,23.234421094796186,7.016992566058625e-4,0.7901975345696015,41.74203732704931,middle
16543,7,0.714175530564,0,0,0,0,middle
16544,5,0.716271829337,22.963113939474937,6.935055500175193e-4,0.7809704380832613,41.254617676767964,middle
16545,3,0.711626356033,0,0,0,0,middle
16546,5,0.713569512643,20.529073600086793,6.199954638514442e-4,0.6981892632315132,36.881717560696664,middle
16547,4,0.711423098671,0,0,0,0,middle
16549,3,0.707467359182,0,0,0,0,middle
16550,5,0.707877614827,9.091756965539723,2.745787845512214e-4,0.3092086482277174,16.333889149879365,middle
16551,3,0.707986333169,0,0,0,0,middle
16552,4,0.713839811457,0,0,0,0,middle
16554,3,0.713877034654,0,0,0,0,middle
16555,3,0.708721008741,0,0,0,0,middle
16556,4,0.713515668111,0,0,0,0,middle
16557,6,0.712468925345,0,0,0,0,middle
16558,3,0.713792600037,0,0,0,0,middle
16559,3,0.71294407007,0,0,0,0,middle
16560,4,0.716455811554,0,0,0,0,middle
16561,3,0.714351462798,0,0,0,0,middle
16562,5,0.713533042287,20.527699415547506,6.199539623108754e-4,0.6981425275185571,36.8792487553798,middle
16563,3,0.707875835977,0,0,0,0,middle
16564,6,0.718702563552,20.1511941348769,6.085831829625611e-4,0.685337666001909,36.202834334918784,middle
16566,5,0.713522409012,0,0,0,0,middle
16567,8,0.715306403075,20.670945153818863,6.242801053056531e-4,0.703014283468826,37.13659835447107,middle
16569,9,0.711273324122,0,0,0,0,middle
16570,5,0.713573201277,20.529111959247718,6.199966223306933e-4,0.698190567818112,36.88178647524033,middle
16571,3,0.713491669686,0,0,0,0,middle
16572,3,0.714759889608,0,0,0,0,middle
16573,5,0.716039789873,23.326807016531315,7.04489389931668e-4,0.7933395593821065,41.90801420152481,middle
16574,3,0.713661779236,0,0,0,0,middle
16577,5,0.713392892593,0,0,0,0,middle
16578,3,0.710304881263,0,0,0,0,middle
16580,5,0.716124470063,23.41603814552305,7.071842458363681e-4,0.7963742903895393,42.06832330076644,middle
16581,3,0.713592704675,0,0,0,0,middle
16582,6,0.717124481714,24.11740731981364,7.283661907704815e-4,0.8202277012443366,43.3283752785554,middle
16583,3,0.730721025861,0,0,0,0,middle
16586,3,0.70688859054,0,0,0,0,middle
16587,3,0.714350068217,0,0,0,0,middle
16588,3,0.714525804746,0,0,0,0,middle
16589,3,0.711637686386,0,0,0,0,middle
16591,3,0.713723784512,0,0,0,0,middle
16593,3,0.707948784121,0,0,0,0,middle
16595,3,0.711524694194,0,0,0,0,middle
16599,3,0.712386487905,0,0,0,0,middle
16600,4,0.712940883312,0,0,0,0,middle
16601,6,0.716183691489,23.471711635151802,7.088656325223441e-4,0.7982677334870039,42.16834407910771,middle
16602,3,0.710559871745,0,0,0,0,middle
16603,5,0.707885073147,0,0,0,0,middle
16604,3,0.730711779401,0,0,0,0,middle
16605,3,0.710254054842,0,0,0,0,middle
16606,3,0.711351180909,0,0,0,0,middle
16607,5,0.713151578624,0,0,0,0,middle
16608,7,0.714212918254,0,0,0,0,middle
16609,3,0.711418634856,0,0,0,0,middle
16610,3,0.711546558007,0,0,0,0,middle
16611,4,0.712929725366,0,0,0,0,middle
16612,6,0.713458356947,0,0,0,0,middle
16614,3,0.710644755879,0,0,0,0,middle
16615,3,0.714764350023,0,0,0,0,middle
16617,4,0.71379579562,0,0,0,0,middle
16618,6,0.718795869561,20.529679103589977,6.200137505716651e-4,0.6982098562720472,36.88280538422058,middle
16619,4,0.713229380858,0,0,0,0,middle
16620,3,0.713569119438,0,0,0,0,middle
16621,5,0.713488142648,21.128378104571073,6.380949690451135e-4,0.7185714771875993,37.958404209973864,middle
16623,6,0.715723015289,22.875583750771643,6.908620639546181e-4,0.7779935556797118,41.09736441923296,middle
16624,3,0.71616781757,0,0,0,0,middle
16626,5,0.713556572028,20.5287928413774,6.199869846998929e-4,0.6981797146897584,36.88121316076005,middle
16627,9,0.716322146677,0,0,0,0,middle
16628,3,0.714259507729,0,0,0,0,middle
16629,6,0.715002349894,18.508398867445404,5.589693701970479e-4,0.6294665614527315,33.251453661647616,middle
16631,3,0.707898036034,0,0,0,0,middle
16632,6,0.727844132148,0,0,0,0,middle
16633,7,0.714233844961,0,0,0,0,middle
16634,3,0.707983421516,0,0,0,0,middle
16635,3,0.714289195362,0,0,0,0,middle
16636,3,0.730732615924,0,0,0,0,middle
16637,3,0.716430815587,0,0,0,0,middle
16638,3,0.71275441556,0,0,0,0,middle
16639,3,0.711542550363,0,0,0,0,middle
16640,6,0.712563328839,0,0,0,0,middle
16644,6,0.71084003182,21.692241417823137,6.551241201533763e-4,0.7377483440502653,38.97141862393716,middle
16645,4,0.710763007187,0,0,0,0,middle
16646,6,0.716807654685,24.040926426343145,7.260564028108917e-4,0.8176266029335376,43.19097274560542,middle
16648,3,0.712024956105,0,0,0,0,middle
16652,4,0.707749139173,0,0,0,0,middle
16653,6,0.715403253082,20.722783697253092,6.258456733584537e-4,0.704777300892427,37.22972942092558,middle
16655,4,0.716848373306,0,0,0,0,middle
16656,4,0.717058442747,0,0,0,0,middle
16658,7,0.714317343375,0,0,0,0,middle
16659,3,0.7079793414,0,0,0,0,middle
16660,6,0.708463445199,12.403063473778301,3.7458305432601553e-4,0.4218254519061373,22.282850791930063,middle
16661,3,0.713553735345,0,0,0,0,middle
16662,3,0.707932807386,0,0,0,0,middle
16663,6,0.715379109181,20.711075473818592,6.254920750636374e-4,0.7043791067969345,37.20869489212702,middle
16664,4,0.710981941489,0,0,0,0,middle
16665,4,0.716513460605,0,0,0,0,middle
16666,3,0.710969318119,0,0,0,0,middle
16667,4,0.712630705216,0,0,0,0,middle
16668,3,0.712692252546,0,0,0,0,middle
16669,6,0.716769453282,0,0,0,0,middle
16670,3,0.707742787555,0,0,0,0,middle
16671,4,0.71699614323,0,0,0,0,middle
16672,6,0.717037632698,24.113540437314565,7.282494076337762e-4,0.8200961894238022,43.3214281911734,middle
16673,4,0.713887658616,0,0,0,0,middle
16674,4,0.716811184822,0,0,0,0,middle
16675,6,0.716106648245,23.398196176726817,7.066454032205086e-4,0.7957674889677554,42.03626912887889,middle
16676,8,0.715189669857,17.00030839412545,5.134237566564547e-4,0.5781767372275765,30.54207826670877,middle
16677,3,0.71572572164,0,0,0,0,middle
16678,3,0.713452034655,0,0,0,0,middle
16679,3,0.712358690059,0,0,0,0,middle
16680,4,0.713358379693,0,0,0,0,middle
16681,6,0.715424824697,20.029581538818388,6.049103792417368e-4,0.6812016484447698,35.98434997916909,middle
16682,6,0.716107925518,23.399491578081747,7.06684525441977e-4,0.7958115452819956,42.03859639545851,middle
16683,9,0.715971942618,0,0,0,0,middle
16684,3,0.715681839682,0,0,0,0,middle
16686,3,0.70956954108900006,0,0,0,0,middle
16687,4,0.713200861331,0,0,0,0,middle
16688,3,0.711167982833,0,0,0,0,middle
16689,3,0.714323458549,0,0,0,0,middle
16690,6,0.715187581975,17.000616875350076,5.134330730515184e-4,0.5781872286059571,30.54263247181422,middle
16691,6,0.712757266659,22.637862489120444,6.836826798890769e-4,0.7699087080260889,40.6702838504169,middle
16692,3,0.707908052392,0,0,0,0,middle
16693,3,0.711189947384,0,0,0,0,middle
16694,3,0.709647145571,0,0,0,0,middle
16695,6,0.711525240166,23.121215612028738,6.982803548489594e-4,0.7863474410803931,41.5386568568398,middle
16696,6,0.717000724708,24.107978050127024,7.28081418815009e-4,0.81990701386294,43.3114350274676,middle
16698,3,0.712017374361,0,0,0,0,middle
16699,3,0.707797788846,0,0,0,0,middle
16700,3,0.707957925689,0,0,0,0,middle
16701,6,0.715418323973,20.729681939467948,6.26054006133964e-4,0.7050119085880009,37.24212252867071,middle
16702,4,0.707892802228,0,0,0,0,middle
16704,4,0.713361326674,0,0,0,0,middle
16705,6,0.708549340084,12.560113160442633,3.7932608828984547e-4,0.42716667709529765,22.565000015971293,middle
16706,3,0.730065073413,0,0,0,0,middle
16707,5,0.714323066506,0,0,0,0,middle
16708,6,0.716106393127,23.39793712944033,7.066375797723748e-4,0.7957586788267028,42.0358037348216,middle
16709,3,0.713506094456,0,0,0,0,middle
16710,3,0.710884842011,0,0,0,0,middle
16711,4,0.705647080663,0,0,0,0,middle
16712,5,0.713186371451,20.786115675331903,6.277583529021345e-4,0.7069312074921701,37.34350913517693,middle
16714,3,0.706743291872,0,0,0,0,middle
16715,3,0.711553792613,0,0,0,0,middle
16716,3,0.708055958919,0,0,0,0,middle
16717,3,0.712240055299,0,0,0,0,middle
16720,3,0.71069785035,0,0,0,0,middle
16722,4,0.710354742769,0,0,0,0,middle
16723,8,0.715173633895,17.002535620592255,5.134910207879633e-4,0.5782524847082566,30.54607961324259,middle
16724,3,0.707946857515,0,0,0,0,middle
16725,4,0.707891690707,0,0,0,0,middle
16726,5,0.715536743607,0,0,0,0,middle
16728,3,0.717823678206,0,0,0,0,middle
16729,5,0.715017058335,18.504127764912006,5.58840379271888e-4,0.6293213021980242,33.24378036862046,middle
16730,7,0.71437924014,0,0,0,0,middle
16732,4,0.713730325102,0,0,0,0,middle
16735,5,0.708402022368,12.287148095814231,3.7108231143189656e-4,0.41788319547925235,22.07460183173372,middle
16738,4,0.715655958687,0,0,0,0,middle
16741,3,0.71355989017200006,0,0,0,0,middle
16744,6,0.713544395281,0,0,0,0,middle
16749,3,0.707272198449,0,0,0,0,middle
16750,3,0.711697421048,0,0,0,0,middle
16752,3,0.710675789948,0,0,0,0,middle
16753,6,0.716241805859,22.935336752222316,6.926666553634953e-4,0.7800257420740624,41.20471428634525,middle
16754,9,0.715142453771,0,0,0,0,middle
16756,3,0.716670843862,0,0,0,0,middle
16757,4,0.707495358279,0,0,0,0,middle
16758,3,0.725538819219,0,0,0,0,middle
16759,3,0.712827753802,0,0,0,0,middle
16762,3,0.71387590233,0,0,0,0,middle
16763,4,0.707942725833,0,0,0,0,middle
16765,4,0.710997709262,0,0,0,0,middle
16767,5,0.713299262191,20.130246268022127,6.07950539586619e-4,0.6846252336724958,36.16520023004454,middle
16768,7,0.714454792936,0,0,0,0,middle
16769,3,0.707960102798,0,0,0,0,middle
16770,3,0.71220954734,0,0,0,0,middle
16771,3,0.707906659988,0,0,0,0,middle
16773,4,0.712071240442,0,0,0,0,middle
16774,3,0.712726643269,0,0,0,0,middle
16776,3,0.710992973371,0,0,0,0,middle
16777,3,0.707842338418,0,0,0,0,middle
16778,3,0.711164433415,0,0,0,0,middle
16780,4,0.707883770762,0,0,0,0,middle
16781,4,0.710176600098,0,0,0,0,middle
16782,4,0.70989812144,0,0,0,0,middle
16783,5,0.714129866351,19.833278908281823,5.989818730243758e-4,0.6745254392959968,35.63168047654522,middle
16785,3,0.708125607787,0,0,0,0,middle
16786,3,0.730176508599,0,0,0,0,middle
16787,8,0.715221455235,20.614840471148142,6.225856962234759e-4,0.7011061755911504,37.035802911851334,middle
16790,6,0.716388947201,23.057658581740824,6.963608785373634e-4,0.7841858805046781,41.424472822735815,middle
16791,3,0.707451212782,0,0,0,0,middle
16792,5,0.713375758359,0,0,0,0,middle
16793,5,0.713266173015,20.140837398679803,6.082704007305135e-4,0.6849854356891442,36.184227834366794,middle
16794,5,0.708392462223,12.268843602266706,3.7052950017559536e-4,0.41726066369273673,22.04171670626422,middle
16795,4,0.729879248226,0,0,0,0,middle
16796,3,0.712775542996,0,0,0,0,middle
16797,4,0.727559424634,0,0,0,0,middle
16798,5,0.708294441212,12.07721570380673,3.6474217483851496e-4,0.4107434411503708,21.697445641459776,middle
16800,4,0.7139945074,0,0,0,0,middle
16801,5,0.713227057187,20.771007911872832,6.273020856103885e-4,0.7064173957905782,37.31636712790833,middle
16805,3,0.709597883913,0,0,0,0,middle
16806,3,0.725695423646,0,0,0,0,middle
16807,3,0.708509053311,0,0,0,0,middle
16808,3,0.712623630923,0,0,0,0,middle
16809,3,0.715132789019,0,0,0,0,middle
16810,3,0.714550368956,0,0,0,0,middle
16811,5,0.713174208305,20.790187657285934,6.278813302166283e-4,0.7070696946999107,37.350824696086626,middle
16812,4,0.711862724497,0,0,0,0,middle
16813,3,0.707717796752,0,0,0,0,middle
16814,6,0.716379672916,23.050977719999974,6.961591108368508e-4,0.7839586658710583,41.412470252109,middle
16818,3,0.711951270975,0,0,0,0,middle
16819,3,0.70789796154,0,0,0,0,middle
16824,9,0.714743491415,18.946354486639084,5.721960019758527e-4,0.644361335423031,34.03826731753284,middle
16828,3,0.711392433963,0,0,0,0,middle
16829,3,0.710948243045,0,0,0,0,middle
16830,9,0.714488758734,0,0,0,0,middle
16831,4,0.712275426986,0,0,0,0,middle
16833,4,0.709795958178,0,0,0,0,middle
16834,3,0.708146210302,0,0,0,0,middle
16836,9,0.714383882055,0,0,0,0,middle
16837,4,0.708295041037,0,0,0,0,middle
16838,4,0.714481947124,0,0,0,0,middle
16839,3,0.711825519917,0,0,0,0,middle
16840,4,0.709572696361,0,0,0,0,middle
16842,3,0.711827709362,0,0,0,0,middle
16843,3,0.725882611422,0,0,0,0,middle
16844,5,0.711731630781,24.297111670156774,7.337934148244029e-4,0.8263394065462767,43.651224970796555,middle
16845,3,0.715216157271,0,0,0,0,middle
16846,6,0.711657779344,24.11878596329423,7.284078269748658e-4,0.8202745886049025,43.330852094628966,middle
16847,3,0.71848125182,0,0,0,0,middle
16848,3,0.713380446347,0,0,0,0,middle
16849,6,0.713973893976,19.7875825476844,5.97601804111534e-4,0.672971316155353,35.54958421161202,middle
16852,3,0.71158145803,0,0,0,0,middle
16854,5,0.711649340668,24.12247389902075,7.2851920576701e-4,0.8204000144851884,43.33747769335286,middle
16860,3,0.709548818627,0,0,0,0,middle
16861,3,0.708296189378,0,0,0,0,middle
16862,5,0.711811197524,23.420798605307773,7.073280157662671e-4,0.7965361925763835,42.076875753578456,middle
16866,4,0.727028381473,0,0,0,0,middle
16868,3,0.729967506409,0,0,0,0,middle
16870,4,0.70801423895,0,0,0,0,middle
16871,3,0.708909418369,0,0,0,0,middle
16872,3,0.706744800198,0,0,0,0,middle
16874,4,0.705683352892,0,0,0,0,middle
16875,5,0.727178286926,7.58108447930395,2.2895519202693903e-4,0.2578310103130375,13.619875013175816,middle
16876,4,0.705814492345,0,0,0,0,middle
16877,6,0.713170872113,0,0,0,0,middle
16878,5,0.712524965404,22.76038776028503,6.87383047173497e-4,0.7740757654621966,40.89040788198163,middle
16879,3,0.7118451341,0,0,0,0,middle
16880,3,0.710543736444,0,0,0,0,middle
16881,3,0.70777951168,0,0,0,0,middle
16882,3,0.708044430415,0,0,0,0,middle
16883,3,0.707854880691,0,0,0,0,middle
16884,7,0.714621028629,0,0,0,0,middle
16885,5,0.711834899709,23.40993927890824,7.070000548831144e-4,0.7961668692817344,42.057366319447674,middle
16887,4,0.707959771517,0,0,0,0,middle
16888,3,0.711265303201,0,0,0,0,middle
16891,3,0.713790119288,0,0,0,0,middle
16892,8,0.713986131406,19.79235997221416,5.97746086391146e-4,0.6731337953094324,35.55816714261059,middle
16898,4,0.709632631857,0,0,0,0,middle
16902,3,0.721869901852,0,0,0,0,middle
16903,3,0.707609858529,0,0,0,0,middle
16904,5,0.709440936971,0,0,0,0,middle
16906,4,0.712367416397,0,0,0,0,middle
16908,3,0.71236692756,0,0,0,0,middle
16911,3,0.707914541444,0,0,0,0,middle
16912,3,0.712380538407,0,0,0,0,middle
16913,8,0.713612288302,20.52838262925832,6.19974595945388e-4,0.6981657634661051,36.88047618997362,middle
16915,6,0.716402081801,23.066881987827404,6.966394332372168e-4,0.7844995665104629,41.441043227463254,middle
16916,3,0.70785058032,0,0,0,0,middle
16917,8,0.71458277495,18.997207811521562,5.737318155913666e-4,0.6460908457810833,34.12962837950157,middle
16918,3,0.712081064715,0,0,0,0,middle
16919,3,0.708059545748,0,0,0,0,middle
16920,3,0.710910918269,0,0,0,0,middle
16921,5,0.7093731524,0,0,0,0,middle
16923,4,0.708004119457,0,0,0,0,middle
16924,3,0.70669231274,0,0,0,0,middle
16927,4,0.711857826084,0,0,0,0,middle
16928,3,0.714798755473,0,0,0,0,middle
16930,5,0.70997104241,19.58828023023134,5.915827048008152e-4,0.6661930883164554,35.19152559071716,middle
16932,3,0.717678519674,0,0,0,0,middle
16934,6,0.716502105218,0,0,0,0,middle
16935,8,0.715332356521,20.68610821004177,6.247380424858427e-4,0.7035299756651151,37.163839698521194,middle
16938,3,0.708148129301,0,0,0,0,middle
16939,5,0.709335721225,0,0,0,0,middle
16940,3,0.730407124874,0,0,0,0,middle
16941,3,0.707846420478,0,0,0,0,middle
16943,6,0.716515496487,23.54620731260494,7.111154652716061e-4,0.8008013150391066,42.302180051876974,middle
16944,3,0.709166533022,0,0,0,0,middle
16945,4,0.710699594273,0,0,0,0,middle
16948,4,0.710706205102,0,0,0,0,middle
16949,3,0.716539312209,0,0,0,0,middle
16951,5,0.712214451775,23.363426976514337,7.055953438348094e-4,0.7945849961406364,41.97380416591813,middle
16952,5,0.709185241355,0,0,0,0,middle
16954,6,0.716551653933,23.56711916674312,7.117470210329114e-4,0.8015125225839751,42.33974945773616,middle
16957,3,0.707968485143,0,0,0,0,middle
16959,4,0.7099856007,0,0,0,0,middle
16960,6,0.711241809028,0,0,0,0,middle
16962,3,0.710797024163,0,0,0,0,middle
16963,3,0.710833758891,0,0,0,0,middle
16968,3,0.712295620372,0,0,0,0,middle
16969,5,0.709111968143,0,0,0,0,middle
16973,3,0.7062844627,0,0,0,0,middle
16974,4,0.710044503693,0,0,0,0,middle
16978,3,0.711961405287,0,0,0,0,middle
16979,8,0.713412383436,20.685635333738688,6.247237612197425e-4,0.7035138932463914,37.1629901477528,middle
16980,4,0.70961193439,0,0,0,0,middle
16981,3,0.712283180643,0,0,0,0,middle
16983,5,0.709178670208,0,0,0,0,middle
16985,3,0.707912348925,0,0,0,0,middle
16987,4,0.711889139399,0,0,0,0,middle
16988,3,0.70789676971,0,0,0,0,middle
16989,3,0.707880079131,0,0,0,0,middle
16990,4,0.709469315964,0,0,0,0,middle
16991,4,0.712110581743,0,0,0,0,middle
16992,4,0.714214243323,0,0,0,0,middle
16994,3,0.708064877214,0,0,0,0,middle
16995,3,0.712252486449,0,0,0,0,middle
16998,4,0.710241362516,0,0,0,0,middle
16999,5,0.727434182428,5.847668924696901,1.7660456959937065e-4,0.19887792979312435,10.505689534291603,middle
17000,5,0.712020158006,23.29286649600312,7.034643573764654e-4,0.7921852497681952,41.84703801154326,middle
17004,5,0.709172908999,0,0,0,0,middle
17005,3,0.710652076648,0,0,0,0,middle
17006,6,0.712918071262,0,0,0,0,middle
17007,6,0.716603732053,23.593436474360345,7.125418260816592e-4,0.8024075684089085,42.387030086438884,middle
17008,5,0.712180921006,23.387160037013274,7.063121024250554e-4,0.795392152291312,42.016442038976805,middle
17009,3,0.71146285982,0,0,0,0,middle
17010,6,0.716295252047,22.983784789230864,6.941298272417275e-4,0.7816734491222688,41.29175410373437,middle
17011,3,0.711769150054,0,0,0,0,middle
17012,5,0.709139301999,0,0,0,0,middle
17013,3,0.707890189126,0,0,0,0,middle
17015,3,0.71306361272,0,0,0,0,middle
17016,3,0.71488578662,0,0,0,0,middle
17019,4,0.709505865307,0,0,0,0,middle
17020,5,0.709174952394,0,0,0,0,middle
17021,5,0.709055301087,0,0,0,0,middle
17022,5,0.708895329149,0,0,0,0,middle
17023,3,0.710385893925,0,0,0,0,middle
17024,5,0.708950042593,0,0,0,0,middle
17025,5,0.711364287093,0,0,0,0,middle
17028,4,0.70823260801,0,0,0,0,middle
17029,5,0.708252016818,11.99211377246936,3.6217202421106806e-4,0.4078491432440218,21.54455489458061,middle
17031,4,0.709850874765,0,0,0,0,middle
17034,3,0.707948492148,0,0,0,0,middle
17035,8,0.713183884608,0,0,0,0,middle
17037,3,0.706464421499,0,0,0,0,middle
17038,4,0.708319540609,0,0,0,0,middle
17040,3,0.711054259745,0,0,0,0,middle
17041,3,0.714079258398,0,0,0,0,middle
17042,3,0.705884140825,0,0,0,0,middle
17045,4,0.708244301757,0,0,0,0,middle
17046,8,0.715445830079,20.042222167628353,6.052921369710468e-4,0.6816315534413389,36.00705963040034,middle
17048,5,0.712214224916,23.36359362690528,7.056003768181991e-4,0.7945906638836595,41.97410356338584,middle
17050,3,0.70636534602,0,0,0,0,middle
17052,4,0.711805078735,0,0,0,0,middle
17054,3,0.712357266049,0,0,0,0,middle
17055,3,0.708199575722,0,0,0,0,middle
17056,4,0.712596786443,0,0,0,0,middle
17057,3,0.708544000116,0,0,0,0,middle
17059,6,0.714975857228,18.51537478095323,5.591800487115939e-4,0.6297038107318405,33.26398631055012,middle
17060,3,0.710156474792,0,0,0,0,middle
17061,3,0.707990738163,0,0,0,0,middle
17064,3,0.726331018698,0,0,0,0,middle
17065,5,0.71276217877,22.632406246844234,6.835178967368108e-4,0.7697231424302393,40.66048138243933,middle
17066,3,0.713379621953,0,0,0,0,middle
17067,6,0.713389885789,20.693131470774436,6.249501509268042e-4,0.7037688352128934,37.1764574095657,middle
17068,3,0.7082412396,0,0,0,0,middle
17070,3,0.708884142775,0,0,0,0,middle
17072,3,0.709225561462,0,0,0,0,middle
17074,4,0.713019954916,0,0,0,0,middle
17075,4,0.708233500899,0,0,0,0,middle
17076,5,0.708233516002,11.95460629910343,3.610392666497475e-4,0.4065735223511763,21.47717045892387,middle
17077,4,0.712075379279,0,0,0,0,middle
17078,6,0.716614062914,23.598122251695283,7.126833405381258e-4,0.8025669306621147,42.39544836773039,middle
17393,4,0.711914186108,0,0,0,0,middle
17394,5,0.71680646913,0,0,0,0,middle
17512,3,0.718570464974,0,0,0,0,middle
17563,3,0.713114576925,0,0,0,0,middle
17564,6,0.714076984035,19.821486124109466,5.98625720923435e-4,0.674124369308469,35.61049402928648,middle
17645,3,0.718277741069,0,0,0,0,middle
17646,3,0.715267948346,0,0,0,0,middle
17675,7,0.716797137822,24.03545155833141,7.258910571455887e-4,0.8174404038805329,43.18113681537182,middle
17079,6,0.715910191603,23.066301321895917,6.966218966327626e-4,0.7844798181902617,41.44000002613331,middle
17080,6,0.712601248042,22.668422449624448,6.846056166594863e-4,0.7709480455395256,40.725186660642585,middle
17081,3,0.710995357949,0,0,0,0,middle
17083,7,0.714575241344,0,0,0,0,middle
17084,3,0.706546305252,0,0,0,0,middle
17085,3,0.708016176429,0,0,0,0,middle
17086,5,0.712292439853,23.301249470273877,7.037175303214652e-4,0.7924703528733719,41.862098529879134,middle
17088,3,0.712729427689,0,0,0,0,middle
17089,3,0.712036315616,0,0,0,0,middle
17090,3,0.707984001419,0,0,0,0,middle
17092,3,0.71213168437,0,0,0,0,middle
17093,6,0.716518921974,23.54828102597,7.111780931770202e-4,0.8008718415730705,42.30590560287464,middle
17094,6,0.716214541425,23.498501318488103,7.096747037191297e-4,0.7991788447059094,42.2164733592495,middle
17095,3,0.709054916463,0,0,0,0,middle
17096,4,0.711204723225,0,0,0,0,middle
17097,3,0.707975411223,0,0,0,0,middle
17100,3,0.726292557025,0,0,0,0,middle
17101,6,0.716245965364,22.939270756841115,6.927854656452421e-4,0.7801595367030776,41.211781962659316,middle
17102,3,0.709857941089,0,0,0,0,middle
17103,4,0.708205254289,0,0,0,0,middle
17104,3,0.712909032312,0,0,0,0,middle
17105,6,0.716315154577,23.000658497057028,6.94639427553674e-4,0.7822473202021155,41.32206873645329,middle
17106,3,0.713579702394,0,0,0,0,middle
17107,8,0.713517824272,20.526591723596983,6.199205090728946e-4,0.698104855159741,36.87725872005432,middle
17110,5,0.712470979396,23.122614545421314,6.983226038259236e-4,0.7863950184963886,41.54117012496267,middle
17111,3,0.713581505892,0,0,0,0,middle
17112,4,0.70805372676,0,0,0,0,middle
17113,4,0.714818628724,0,0,0,0,middle
17114,4,0.710805279336,0,0,0,0,middle
17115,3,0.712734352992,0,0,0,0,middle
17116,3,0.707618124429,0,0,0,0,middle
17121,3,0.708070527086,0,0,0,0,middle
17123,6,0.716553555774,0,0,0,0,middle
17124,4,0.708190228428,0,0,0,0,middle
17125,7,0.71462126602,18.988189919091152,5.734594675785303e-4,0.6457841492493965,34.11342719243925,middle
17127,3,0.71206749541,0,0,0,0,middle
17128,7,0.714692356483,0,0,0,0,middle
17129,7,0.714410436107,19.01309289280809,5.742115585418969e-4,0.6466310938904655,34.15816688507913,middle
17130,3,0.709220499895,0,0,0,0,middle
17131,3,0.707807909505,0,0,0,0,middle
17132,3,0.70727940752,0,0,0,0,middle
17137,7,0.715388925342,0,0,0,0,middle
17139,8,0.714410914404,19.013104256385564,5.742119017315909e-4,0.6466314803632279,34.158187300430704,middle
17140,3,0.708241945603,0,0,0,0,middle
17141,3,0.707890940588,0,0,0,0,middle
17143,3,0.710238470207,0,0,0,0,middle
17144,3,0.728025439122,0,0,0,0,middle
17147,3,0.708667623114,0,0,0,0,middle
17149,7,0.714574942042,18.99879862232205,5.737798594290653e-4,0.6461449489053824,34.132486366948,middle
17150,3,0.730492800277,0,0,0,0,middle
17152,7,0.714783704467,18.92821488181568,5.716481704991065e-4,0.6437444114656387,34.00567842459047,middle
17157,4,0.71416819616,0,0,0,0,middle
17158,4,0.712597875803,0,0,0,0,middle
17159,7,0.714559293788,19.001729125500813,5.738683631147664e-4,0.6462446146718529,34.13775119246597,middle
17161,6,0.717544000434,21.90820136967744,6.616462941750368e-4,0.7450930943595062,39.35940368862504,middle
17162,3,0.707280610688,0,0,0,0,middle
17164,4,0.712748395122,0,0,0,0,middle
17167,4,0.716681535766,0,0,0,0,middle
17168,4,0.712243159764,0,0,0,0,middle
17171,3,0.712903834022,0,0,0,0,middle
17173,3,0.713952182141,0,0,0,0,middle
17175,6,0.712435936417,23.16161897208173,6.995005706485221e-4,0.7877215504404647,41.61124392740159,middle
17176,3,0.713759253181,0,0,0,0,middle
17179,4,0.712364149405,0,0,0,0,middle
17180,3,0.712223239511,0,0,0,0,middle
17182,3,0.709245544934,0,0,0,0,middle
17185,3,0.707308523302,0,0,0,0,middle
17186,4,0.712837079192,0,0,0,0,middle
17189,3,0.711972964231,0,0,0,0,middle
17190,3,0.708826074874,0,0,0,0,middle
17193,4,0.71274753808,0,0,0,0,middle
17194,4,0.708161295355,0,0,0,0,middle
17196,3,0.716352835199,0,0,0,0,middle
17197,4,0.712299896493,0,0,0,0,middle
17198,5,0.712019017698,23.2937605631352,7.034913589634375e-4,0.792215656794074,41.84864425701191,middle
17201,3,0.714117465317,0,0,0,0,middle
17202,8,0.713398543043,20.690328829771136,6.248655087874315e-4,0.7036735180107967,37.17142229614941,middle
17203,6,0.717248838713,23.18342799462424,7.001592216578561e-4,0.7884632704847968,41.650425150351865,middle
17204,3,0.71534287838,0,0,0,0,middle
17205,3,0.708104213637,0,0,0,0,middle
17207,3,0.709065446803,0,0,0,0,middle
17209,3,0.709417004553,0,0,0,0,middle
17211,3,0.709516130629,0,0,0,0,middle
17213,3,0.718313152143,0,0,0,0,middle
17216,3,0.707183566872,0,0,0,0,middle
17217,7,0.715994005798,22.339337715537592,6.746669781056381e-4,0.7597559463484609,40.13396610911818,middle
17218,6,0.716497205126,23.53480671152475,7.107711574332404e-4,0.800413583112005,42.28169818517161,middle
17219,7,0.715010213523,18.50615073967707,5.589014748284756e-4,0.629390103123398,33.247414764666324,middle
17220,3,0.709494989596,0,0,0,0,middle
17222,4,0.711834639364,0,0,0,0,middle
17223,3,0.724841001761,0,0,0,0,middle
17225,7,0.714654881099,0,0,0,0,middle
17226,3,0.707592718509,0,0,0,0,middle
17227,3,0.712920203088,0,0,0,0,middle
17228,4,0.716195873138,0,0,0,0,middle
17229,4,0.715598104194,0,0,0,0,middle
17230,3,0.711103496234,0,0,0,0,middle
17232,3,0.722764493748,0,0,0,0,middle
17235,7,0.714632897816,0,0,0,0,middle
17236,3,0.709968644822,0,0,0,0,middle
17239,4,0.723757443933,0,0,0,0,middle
17240,6,0.716225729493,22.919873305808547,6.921996461443357e-4,0.7794998336736656,41.176933273219305,middle
17241,3,0.713475320179,0,0,0,0,middle
17242,3,0.707308059116,0,0,0,0,middle
17243,3,0.713733394462,0,0,0,0,middle
17245,5,0.714666080377,18.975179269673234,5.730665349124972e-4,0.645341659933599,34.090052776892755,middle
17247,4,0.716744362828,0,0,0,0,middle
17248,3,0.70974205012,0,0,0,0,middle
17249,4,0.712065676637,0,0,0,0,middle
17251,3,0.713850833169,0,0,0,0,middle
17253,6,0.716816122362,0,0,0,0,middle
17254,3,0.713254544986,0,0,0,0,middle
17255,6,0.713161107834,20.79434426656917,6.280068633483618e-4,0.7072110600644437,37.35829229509186,middle
17257,7,0.710553050186,20.955484032845522,6.328734211913324e-4,0.7126913879586996,37.6477895935757,middle
17258,4,0.715930909098,0,0,0,0,middle
17259,4,0.709586061823,0,0,0,0,middle
17260,3,0.712750883319,0,0,0,0,middle
17261,3,0.710322861021,0,0,0,0,middle
17262,4,0.712391741713,0,0,0,0,middle
17263,3,0.71276210534,0,0,0,0,middle
17264,4,0.708117441885,0,0,0,0,middle
17267,4,0.716917627332,0,0,0,0,middle
17269,4,0.718409920807,0,0,0,0,middle
17273,3,0.712917126634,0,0,0,0,middle
17275,3,0.714490191015,0,0,0,0,middle
17276,3,0.716916708453,0,0,0,0,middle
17279,4,0.710211193598,0,0,0,0,middle
17280,3,0.708046510554,0,0,0,0,middle
17283,7,0.714657898112,18.97775621017132,5.731443607048614e-4,0.645429301111316,34.094682405753396,middle
17284,3,0.716704839346,0,0,0,0,middle
17286,7,0.716269033024,22.96058755533532,6.934292510701326e-4,0.7808845163161401,41.25007887545124,middle
17287,3,0.71308064855,0,0,0,0,middle
17289,6,0.716222190024,0,0,0,0,middle
17290,4,0.71776970617,0,0,0,0,middle
17291,3,0.725437450875,0,0,0,0,middle
17292,4,0.713204185718,0,0,0,0,middle
17293,5,0.712649987695,23.154898795905808,6.992976156186694e-4,0.7874929987315833,41.599170726023544,middle
17294,8,0.713265800556,20.140948136173126,6.082737450968924e-4,0.6849892018468569,36.184426780945266,middle
17295,3,0.714222505742,0,0,0,0,middle
17296,3,0.712694447626,0,0,0,0,middle
17298,6,0.716449931963,23.5027930994922,7.098043191516729e-4,0.7993248072308424,42.22418380239512,middle
17300,3,0.713464097632,0,0,0,0,middle
17302,4,0.71690076751,0,0,0,0,middle
17305,3,0.708020014075,0,0,0,0,middle
17308,3,0.709648009826,0,0,0,0,middle
17310,4,0.712764921481,0,0,0,0,middle
17311,3,0.709948196335,0,0,0,0,middle
17312,3,0.711816690177,0,0,0,0,middle
17314,4,0.713448918902,0,0,0,0,middle
17317,3,0.7134891722,0,0,0,0,middle
17318,3,0.70982270031,0,0,0,0,middle
17319,4,0.713441392586,0,0,0,0,middle
17320,6,0.716475716786,0,0,0,0,middle
17321,7,0.714709711011,18.959920809675328,5.726057164572494e-4,0.6448227230759739,34.062640034212954,middle
17322,3,0.721873413768,0,0,0,0,middle
17323,4,0.710463061836,0,0,0,0,middle
17324,5,0.712038775258,0,0,0,0,middle
17325,4,0.712596419951,0,0,0,0,middle
17327,3,0.710135251926,0,0,0,0,middle
17328,4,0.712207273689,0,0,0,0,middle
17329,6,0.716217047421,23.500610688776742,7.097384084939295e-4,0.7992505839239764,42.22026297005865,middle
17330,5,0.714141797638,19.835413418464572,5.99046337045336e-4,0.6745980335163151,35.63551525268876,middle
17331,3,0.713681097492,0,0,0,0,middle
17332,7,0.716421027516,23.079693344387803,6.970263470896372e-4,0.7849352779201518,41.46405960138419,middle
17334,3,0.711635761184,0,0,0,0,middle
17336,3,0.718325978417,0,0,0,0,middle
17337,4,0.709643549641,0,0,0,0,middle
17338,3,0.714346933984,0,0,0,0,middle
17339,3,0.705521444604,0,0,0,0,middle
17343,6,0.7163092101,22.995685215772628,6.944892302336755e-4,0.7820781800030281,41.31313393699501,middle
17345,5,0.713643555451,20.526305015837256,6.199118502549691e-4,0.698095104292097,36.87674363229036,middle
17346,3,0.725392659705,0,0,0,0,middle
17348,4,0.713478994954,0,0,0,0,middle
17355,3,0.713562746353,0,0,0,0,middle
17357,4,0.709791964093,0,0,0,0,middle
17358,4,0.710075016793,0,0,0,0,middle
17359,4,0.719283666878,0,0,0,0,middle
17361,3,0.712328152726,0,0,0,0,middle
17362,6,0.716212031889,0,0,0,0,middle
17364,5,0.710581343386,21.561856159281856,6.511863745724772e-4,0.7333139701778465,38.73717365150072,middle
17365,6,0.716467809977,23.5153317674383,7.101829975762701e-4,0.7997512445609299,42.24671027479148,middle
17368,5,0.713189010537,20.78520512590662,6.277308535359047e-4,0.7069002399071364,37.34187327827552,middle
17369,3,0.715504136446,0,0,0,0,middle
17371,5,0.711839755718,23.407598531354004,7.069293623183197e-4,0.7960872609739197,42.053161025440836,middle
17374,3,0.709757779049,0,0,0,0,middle
17375,3,0.714976850589,0,0,0,0,middle
17377,5,0.712167579815,0,0,0,0,middle
17378,3,0.719255884247,0,0,0,0,middle
17379,3,0.712627389079,0,0,0,0,middle
17380,3,0.719234003762,0,0,0,0,middle
17383,3,0.719187172844,0,0,0,0,middle
17384,4,0.711214155949,0,0,0,0,middle
17385,4,0.714787541295,0,0,0,0,middle
17386,3,0.707516285235,0,0,0,0,middle
17387,5,0.71276303188,22.202777080427463,6.70542730905872e-4,0.7551115492815828,39.88862670062096,middle
17388,3,0.710345542004,0,0,0,0,middle
17389,3,0.713456855309,0,0,0,0,middle
17390,3,0.7233608632,0,0,0,0,middle
17391,5,0.712639360871,23.1659574818568,6.996315973296485e-4,0.7878691022005873,41.61903832159957,middle
17396,3,0.715851365618,0,0,0,0,middle
17397,4,0.715242113759,0,0,0,0,middle
17398,3,0.712658555743,0,0,0,0,middle
17400,5,0.716243632057,22.937067336401242,6.927189204759719e-4,0.7800845988601202,41.20782338508714,middle
17404,5,0.712726570553,0,0,0,0,middle
17405,3,0.713208143829,0,0,0,0,middle
17406,4,0.712826494609,0,0,0,0,middle
17407,3,0.708821454032,0,0,0,0,middle
17408,4,0.715308513339,0,0,0,0,middle
17410,3,0.714042997256,0,0,0,0,middle
17412,5,0.710763080197,0,0,0,0,middle
17413,6,0.71611729547,0,0,0,0,middle
17418,5,0.714877222941,18.53322582166952,5.597191653071465e-4,0.6303109206876238,33.29605678068862,middle
17419,3,0.717984287338,0,0,0,0,middle
17420,5,0.710981434379,21.71564892007271,6.558310466079029e-4,0.738544428036717,39.013471611986574,middle
17421,6,0.713534631186,20.527796931454308,6.199569073741085e-4,0.6981458440130296,36.87942394858151,middle
17422,3,0.71438411711,0,0,0,0,middle
17423,3,0.712112902186,0,0,0,0,middle
17424,3,0.711906887867,0,0,0,0,middle
17426,6,0.713746158515,19.91213913301589,6.013635188095622e-4,0.677207458138051,35.77335762146045,middle
17427,3,0.707471235696,0,0,0,0,middle
17428,3,0.713707368148,0,0,0,0,middle
17429,3,0.705592158417,0,0,0,0,middle
17430,4,0.713772220951,0,0,0,0,middle
17432,4,0.708337322045,0,0,0,0,middle
17433,6,0.715770601949,0,0,0,0,middle
17434,4,0.714224474482,0,0,0,0,middle
17437,3,0.710958610487,0,0,0,0,middle
17438,4,0.711147260593,0,0,0,0,middle
17439,5,0.715452086779,20.045870085148756,6.054023071793677e-4,0.6817556183112651,36.01361333400593,middle
17442,3,0.714070814419,0,0,0,0,middle
17443,6,0.715776271666,0,0,0,0,middle
17444,3,0.710045201689,0,0,0,0,middle
17446,3,0.709748370849,0,0,0,0,middle
17447,4,0.71838295599,0,0,0,0,middle
17448,3,0.707035643955,0,0,0,0,middle
17449,4,0.712766343858,0,0,0,0,middle
17450,3,0.711784175551,0,0,0,0,middle
17451,3,0.706677713257,0,0,0,0,middle
17452,3,0.707374206439,0,0,0,0,middle
17453,3,0.712564058633,0,0,0,0,middle
17454,4,0.712937660694,0,0,0,0,middle
17455,4,0.713069860021,0,0,0,0,middle
17456,3,0.708562609733,0,0,0,0,middle
17457,5,0.712858061309,0,0,0,0,middle
17459,4,0.712616213022,0,0,0,0,middle
17460,3,0.710834302902,0,0,0,0,middle
17462,3,0.711932166614,0,0,0,0,middle
17465,4,0.712337389226,0,0,0,0,middle
17467,3,0.708707035654,0,0,0,0,middle
17469,4,0.711964115332,0,0,0,0,middle
17471,3,0.716504767124,0,0,0,0,middle
17477,3,0.712818388957,0,0,0,0,middle
17483,4,0.711987950744,0,0,0,0,middle
17484,6,0.714106204267,19.82847249761304,5.988367153387391e-4,0.6743619743297252,35.62304547020153,middle
17485,3,0.710320215861,0,0,0,0,middle
17486,3,0.708485688379,0,0,0,0,middle
17487,6,0.715576123214,20.58808197622717,6.217775669433303e-4,0.7001961250833681,36.98772966357672,middle
17488,3,0.712044531478,0,0,0,0,middle
17489,5,0.715572912288,20.585406087542356,6.216967528316624e-4,0.7001051186996543,36.982922268337184,middle
17491,4,0.712919288171,0,0,0,0,middle
17495,3,0.712065538411,0,0,0,0,middle
17496,3,0.706949989603,0,0,0,0,middle
17497,3,0.711917201139,0,0,0,0,middle
17498,3,0.713410107636,0,0,0,0,middle
17499,6,0.715816054572,22.9770051892609,6.939250775628094e-4,0.7814428764232644,41.27957414393016,middle
17500,8,0.71318715906,20.785844939860418,6.277501764608837e-4,0.7069219998385249,37.34302274259111,middle
17501,4,0.715431079039,0,0,0,0,middle
17503,3,0.713075249773,0,0,0,0,middle
17504,5,0.71198431524,23.319947035361466,7.042822126722228e-4,0.7931062529362306,41.89568983205218,middle
17506,3,0.710247887064,0,0,0,0,middle
17507,6,0.715821306171,22.982341341170144,6.940862338839666e-4,0.7816243577722324,41.28916086232826,middle
17508,3,0.718285283356,0,0,0,0,middle
17509,3,0.711388254004,0,0,0,0,middle
17510,3,0.717121525358,0,0,0,0,middle
17514,3,0.723121534058,0,0,0,0,middle
17515,6,0.713720089723,0,0,0,0,middle
17517,3,0.720113773518,0,0,0,0,middle
17521,4,0.712600092141,0,0,0,0,middle
17524,3,0.719410040022,0,0,0,0,middle
17526,5,0.716109677227,23.401263962911916,7.067380529696342e-4,0.7958718236989786,42.041780591588775,middle
17527,3,0.709825145257,0,0,0,0,middle
17530,6,0.713702180158,0,0,0,0,middle
17533,6,0.715844731795,23.005635344595014,6.947897325775607e-4,0.7824165816887004,41.331009942901005,middle
17535,3,0.713485199969,0,0,0,0,middle
17538,3,0.71832586255,0,0,0,0,middle
17539,3,0.716288379533,0,0,0,0,middle
17540,4,0.711607451034,0,0,0,0,middle
17541,4,0.712718828883,0,0,0,0,middle
17542,3,0.713075164817,0,0,0,0,middle
17543,3,0.716162636311,0,0,0,0,middle
17546,4,0.712771354648,0,0,0,0,middle
17547,3,0.712446954009,0,0,0,0,middle
17548,3,0.712899861164,0,0,0,0,middle
17553,3,0.712429736514,0,0,0,0,middle
17556,3,0.721502364116,0,0,0,0,middle
17557,7,0.71654776837,23.564975535644265,7.116822815525359e-4,0.8014396181633127,42.33589829531733,middle
17558,4,0.717317467486,0,0,0,0,middle
17559,8,0.714240967668,18.989658114954345,5.735038083409513e-4,0.6458340822667343,34.11606489476352,middle
17560,8,0.714546622651,19.00386026867756,5.739327254492848e-4,0.64631709438104,34.14157991958037,middle
17561,3,0.711044978424,0,0,0,0,middle
17562,6,0.713802540935,0,0,0,0,middle
17565,3,0.714711306846,0,0,0,0,middle
17566,3,0.714415517268,0,0,0,0,middle
17569,3,0.711920067802,0,0,0,0,middle
17571,4,0.716393071133,0,0,0,0,middle
17572,3,0.708534228139,0,0,0,0,middle
17574,4,0.712699324022,0,0,0,0,middle
17576,4,0.712912737075,0,0,0,0,middle
17579,7,0.710465581328,20.895027626533597,6.310475863580453e-4,0.7106352789202298,37.53917601725136,middle
17580,8,0.714450046409,19.012988276113443,5.742083990288382e-4,0.6466275358997652,34.15797893488425,middle
17581,3,0.716609213936,0,0,0,0,middle
17585,6,0.713738086364,0,0,0,0,middle
17590,6,0.717905879906,0,0,0,0,middle
17593,3,0.725024392333,0,0,0,0,middle
17595,3,0.717623325119,0,0,0,0,middle
17596,3,0.710909007903,0,0,0,0,middle
17597,3,0.712986106569,0,0,0,0,middle
17598,3,0.722967180512,0,0,0,0,middle
17599,3,0.71153950418,0,0,0,0,middle
17601,5,0.715598018664,21.681972937207536,6.548140033148701e-4,0.7373991152903526,38.95297067985455,middle
17605,3,0.712820133274,0,0,0,0,middle
17606,3,0.711134663173,0,0,0,0,middle
17607,3,0.71571640448,0,0,0,0,middle
17608,4,0.713978766264,0,0,0,0,middle
17610,3,0.709544975316,0,0,0,0,middle
17611,6,0.714300439731,19.002286752565254,5.738852039258624e-4,0.6462635794452696,34.138753003083224,middle
17613,6,0.714372218127,0,0,0,0,middle
17614,3,0.712701130403,0,0,0,0,middle
17615,4,0.715317699155,0,0,0,0,middle
17616,5,0.715814405632,22.975321095533115,6.938742165014548e-4,0.7813856007671914,41.27654856808471,middle
17618,3,0.71237054759,0,0,0,0,middle
17620,4,0.711907860856,0,0,0,0,middle
17621,6,0.714376902449,19.011526904806285,5.741642643738074e-4,0.6465778349840722,34.15535349328606,middle
17622,6,0.715962469619,22.30857140097288,6.737378092672807e-4,0.7587095907789532,40.078692571389986,middle
17623,5,0.715765534081,22.923545601850133,6.923105526047078e-4,0.7796247276517179,41.18353077430695,middle
17624,3,0.710594717546,0,0,0,0,middle
17626,3,0.711759802146,0,0,0,0,middle
17627,4,0.716290352118,0,0,0,0,middle
17628,3,0.715907095939,0,0,0,0,middle
17629,3,0.718506224974,0,0,0,0,middle
17630,4,0.712162562872,0,0,0,0,middle
17631,3,0.717990018834,0,0,0,0,middle
17634,5,0.715904571158,23.061349280294806,6.964723407692443e-4,0.7843114003481162,41.4311033850457,middle
17635,7,0.716906910296,24.0833402026922,7.273373348906087e-4,0.8190690861082235,43.26717165016689,middle
17637,8,0.71463895497,18.983376954454286,5.733141119574894e-4,0.6456204613841167,34.10478041149703,middle
17638,3,0.719567615332,0,0,0,0,middle
17639,4,0.716907155284,0,0,0,0,middle
17641,7,0.716812224682,0,0,0,0,middle
17642,7,0.716836913155,24.055170653561287,7.264865905745168e-4,0.8181110459581218,43.21656335799076,middle
17643,4,0.715905997225,0,0,0,0,middle
17644,8,0.714749216465,18.943903926943165,5.721219929910848e-4,0.6442779924285087,34.03386473939751,middle
17649,3,0.71320476384,0,0,0,0,middle
17651,3,0.712644321405,0,0,0,0,middle
17652,8,0.714704459943,18.961892376607974,5.726652594536228e-4,0.6448897756323108,34.06618207299066,middle
17655,4,0.715053483643,0,0,0,0,middle
17660,3,0.72299760615,0,0,0,0,middle
17661,3,0.718412855397,0,0,0,0,middle
17662,3,0.718289409686,0,0,0,0,middle
17663,3,0.715516764407,0,0,0,0,middle
17665,7,0.716891152738,24.077726820110577,7.271678059676157e-4,0.8188781762052612,43.25708687016324,middle
17666,3,0.717709082725,0,0,0,0,middle
17669,3,0.718818110109,0,0,0,0,middle
17670,3,0.716308237379,0,0,0,0,middle
17671,3,0.716936572989,0,0,0,0,middle
17672,3,0.715899665376,0,0,0,0,middle
17674,6,0.717978068724,0,0,0,0,middle
17678,3,0.715379770845,0,0,0,0,middle
17681,3,0.712262724366,0,0,0,0,middle
17683,4,0.718221133301,0,0,0,0,middle
17685,4,0.716587255908,0,0,0,0,middle
17688,4,0.711897384866,0,0,0,0,middle
17689,4,0.716190882948,0,0,0,0,middle
17692,3,0.717802298322,0,0,0,0,middle
17693,3,0.715124585666,0,0,0,0,middle
17695,3,0.715587413798,0,0,0,0,middle
17698,3,0.709969067326,0,0,0,0,middle
17701,3,0.708391328486,0,0,0,0,middle
17702,3,0.7103664726,0,0,0,0,middle
17703,7,0.716630896732,23.605377525964606,7.129024559850088e-4,0.802813680939079,42.408482905071885,middle
17706,7,0.716804919066,0,0,0,0,middle
17707,4,0.71040098704,0,0,0,0,middle
17709,3,0.715095224822,0,0,0,0,middle
17711,4,0.716865864415,0,0,0,0,middle
17712,4,0.711531426974,0,0,0,0,middle
17715,3,0.715305916331,0,0,0,0,middle
17717,6,0.71773037896,0,0,0,0,middle
17718,3,0.71558006871,0,0,0,0,middle
17719,3,0.712801122738,0,0,0,0,middle
17725,5,0.713304637822,20.128385075976414,6.078943300056035e-4,0.6845619349417084,36.16185648640109,middle
17728,5,0.713703267566,20.518648941251254,6.196806302980097e-4,0.6978347228848024,36.86298903303249,middle
17730,3,0.714743005216,0,0,0,0,middle
17731,6,0.716514050685,0,0,0,0,middle
17732,4,0.717097720932,0,0,0,0,middle
17733,7,0.716725314049,23.99305956582788,7.246107829565137e-4,0.8159986615696265,43.10497704680128,middle
17734,6,0.717728076103,0,0,0,0,middle
17736,5,0.715721871005,0,0,0,0,middle
17737,3,0.705552754181,0,0,0,0,middle
17738,3,0.717793270297,0,0,0,0,middle
17739,7,0.716704259004,23.978983248655517,7.241856662189243e-4,0.8155199291286485,43.07968809492944,middle
17740,4,0.715868561785,0,0,0,0,middle
17741,3,0.710273058158,0,0,0,0,middle
17873,4,0.714608002094,0,0,0,0,middle
17889,8,0.713332837534,0,0,0,0,middle
17890,3,0.719388951072,0,0,0,0,middle
17931,4,0.716137220979,0,0,0,0,middle
17932,4,0.71481701409,0,0,0,0,middle
17977,3,0.715673410655,0,0,0,0,middle
18037,3,0.708998648354,0,0,0,0,middle
18038,4,0.715394007846,0,0,0,0,middle
17743,4,0.716875069964,0,0,0,0,middle
17744,4,0.71558920093,0,0,0,0,middle
17746,7,0.716598376657,23.59093765611793,7.124663596477875e-4,0.8023225841518685,42.38254080891728,middle
17747,4,0.715657386766,0,0,0,0,middle
17748,6,0.716581010846,23.582507364595724,7.12211757681594e-4,0.8020358717974109,42.3673952822884,middle
17749,4,0.712368821747,0,0,0,0,middle
17753,3,0.71010559967,0,0,0,0,middle
17754,6,0.714467009628,19.01229600509617,5.741874918559756e-4,0.646603991915223,34.15673522829369,middle
17755,3,0.711488443927,0,0,0,0,middle
17756,4,0.716969095638,0,0,0,0,middle
17757,4,0.715574724936,0,0,0,0,middle
17758,3,0.715257384638,0,0,0,0,middle
17761,4,0.710728090354,0,0,0,0,middle
17762,7,0.716825468759,24.049772099735748,7.263235496624721e-4,0.8179274423337501,43.20686453079045,middle
17764,4,0.710687229206,0,0,0,0,middle
17767,3,0.714821146035,0,0,0,0,middle
17768,6,0.716616787122,23.599328324140437,7.127197649506267e-4,0.8026079489198447,42.39761514954171,middle
17769,3,0.712423239444,0,0,0,0,middle
17770,6,0.716625111162,23.602937130368577,7.128287539646929e-4,0.8027306836233512,42.404098587354355,middle
17771,3,0.715775925223,0,0,0,0,middle
17772,3,0.712493423903,0,0,0,0,middle
17774,3,0.719186987994,0,0,0,0,middle
17775,3,0.714880046189,0,0,0,0,middle
17778,4,0.717480907321,0,0,0,0,middle
17780,3,0.719474984091,0,0,0,0,middle
17781,4,0.715711971656,0,0,0,0,middle
17788,5,0.713793759232,18.679870138920915,5.641479482744924e-4,0.6352982615590796,33.55951213167553,middle
17792,3,0.715343213954,0,0,0,0,middle
17793,5,0.713871181844,19.739524062502934,5.961503970294357e-4,0.6713368576788278,35.46324424755001,middle
17794,3,0.718065751602,0,0,0,0,middle
17795,3,0.714759697373,0,0,0,0,middle
17796,3,0.716162854099,0,0,0,0,middle
17797,3,0.718630306627,0,0,0,0,middle
17798,5,0.715597777307,21.681714529614553,6.548061991860235e-4,0.7373903269051351,38.95250643504518,middle
17800,3,0.716249981811,0,0,0,0,middle
17801,4,0.711829388688,0,0,0,0,middle
17802,3,0.715258424314,0,0,0,0,middle
17803,4,0.716917987711,0,0,0,0,middle
17807,6,0.716224755889,22.918923636539567,6.921709653255907e-4,0.7794675356313798,41.175227135161784,middle
17809,4,0.717842804746,0,0,0,0,middle
17810,4,0.713196521489,0,0,0,0,middle
17811,3,0.716414451975,0,0,0,0,middle
17813,5,0.717152218585,0,0,0,0,middle
17814,3,0.714248270584,0,0,0,0,middle
17815,3,0.719154920653,0,0,0,0,middle
17817,4,0.716872529466,0,0,0,0,middle
17820,4,0.714370126665,0,0,0,0,middle
17821,4,0.714089769642,0,0,0,0,middle
17822,6,0.714530726021,19.006227768090774,5.740042259429484e-4,0.6463976125136752,34.1458332749136,middle
17825,3,0.714949853259,0,0,0,0,middle
17828,3,0.716174293647,0,0,0,0,middle
17829,6,0.714289846364,19.000385513999028,5.738277849059045e-4,0.646198918741156,34.13533731345294,middle
17831,4,0.713577427652,0,0,0,0,middle
17837,5,0.717290359539,22.113659166559923,6.67851294194108e-4,0.7520806686955419,39.72852099917094,middle
17840,3,0.711971002477,0,0,0,0,middle
17842,5,0.715709314836,21.792163726292756,6.581418587613408e-4,0.7411466797126451,39.15093507123431,middle
17843,5,0.717720044606,0,0,0,0,middle
17844,5,0.713818329199,18.284019306606126,5.521929168308938e-4,0.6218354620997667,32.848342262152585,middle
17847,4,0.714830184758,0,0,0,0,middle
17849,3,0.719135532314,0,0,0,0,middle
17851,3,0.71825952826,0,0,0,0,middle
17852,4,0.717776500579,0,0,0,0,middle
17854,3,0.714419763063,0,0,0,0,middle
17857,7,0.710504534359,20.92350239237217,6.319075484780151e-4,0.7116036994232106,37.59033264963153,middle
17861,4,0.717931495567,0,0,0,0,middle
17862,4,0.716552737319,0,0,0,0,middle
17864,3,0.714967492021,0,0,0,0,middle
17865,3,0.715675089712,0,0,0,0,middle
17868,3,0.711525367167,0,0,0,0,middle
17869,3,0.719249088036,0,0,0,0,middle
17870,4,0.71713957901,0,0,0,0,middle
17871,3,0.722896600136,0,0,0,0,middle
17872,3,0.71328772047,0,0,0,0,middle
17875,3,0.718495251315,0,0,0,0,middle
17881,3,0.718028750866,0,0,0,0,middle
17882,3,0.715723119412,0,0,0,0,middle
17883,3,0.716718833251,0,0,0,0,middle
17884,3,0.717459028877,0,0,0,0,middle
17885,3,0.716881687776,0,0,0,0,middle
17887,3,0.715339816828,0,0,0,0,middle
17888,4,0.711010176955,0,0,0,0,middle
17891,5,0.717077870135,24.116942105033175,7.283521408888734e-4,0.8202118793923064,43.32753949217398,middle
17893,3,0.717364269527,0,0,0,0,middle
17895,4,0.715749409928,0,0,0,0,middle
17896,3,0.714911270373,0,0,0,0,middle
17898,6,0.716300336341,22.98815574626929,6.942618338577739e-4,0.7818221044066583,41.29960679139586,middle
17899,3,0.717626311055,0,0,0,0,middle
17900,3,0.715170144012,0,0,0,0,middle
17903,5,0.71644523694,0,0,0,0,middle
17904,3,0.719362183853,0,0,0,0,middle
17906,3,0.715182713911,0,0,0,0,middle
17907,4,0.722199444234,0,0,0,0,middle
17909,3,0.715964057393,0,0,0,0,middle
17911,4,0.712818061418,0,0,0,0,middle
17915,8,0.713459559326,20.667671660824418,6.241812430361207e-4,0.702902952694408,37.130717327084746,middle
17916,3,0.723095069814,0,0,0,0,middle
17920,8,0.713398542513,20.69032900448759,6.248655140640169e-4,0.7036735239528648,37.17142261003805,middle
17926,3,0.713519727649,0,0,0,0,middle
17927,8,0.713427382522,20.68025334547443,6.245612206017222e-4,0.7033308530131034,37.15332108158137,middle
17930,5,0.715648343407,21.73402007686025,6.563858711506885e-4,0.7391692270253158,39.04647650198309,middle
17933,6,0.716047954934,23.335901085143078,7.047640385298991e-4,0.7936488466489122,41.9243522436864,middle
17934,5,0.717682938575,21.868186557817047,6.604378128609941e-4,0.7437321994377287,39.28751466830056,middle
17935,3,0.715948584152,0,0,0,0,middle
17936,6,0.715897627644,23.055164748998028,6.96285562669816e-4,0.7841010658033801,41.41999250196464,middle
17937,5,0.716066007956,23.355637869858775,7.053601061963276e-4,0.7943200903420106,41.95981056653236,middle
17938,3,0.711992031435,0,0,0,0,middle
17940,5,0.717130871404,24.11718022068768,7.283593321839382e-4,0.8202199776531739,43.32796728129332,middle
17941,3,0.711849079645,0,0,0,0,middle
17942,7,0.713132732257,20.802531768829223,6.28254132872569e-4,0.7074895152096691,37.37300163618368,middle
17944,4,0.718182965393,0,0,0,0,middle
17945,6,0.714322039657,19.005695310904017,5.739881452835424e-4,0.6463795037622446,34.14487668349805,middle
17948,6,0.714462164945,19.0125333288571,5.741946592351816e-4,0.6466120632439647,34.15716159472851,middle
17949,4,0.713916084324,0,0,0,0,middle
17951,3,0.716436284537,0,0,0,0,middle
17952,4,0.716543306773,0,0,0,0,middle
17954,3,0.718852530304,0,0,0,0,middle
17956,3,0.717761729453,0,0,0,0,middle
17957,4,0.713237020745,0,0,0,0,middle
17958,3,0.714620325134,0,0,0,0,middle
17961,3,0.712466683313,0,0,0,0,middle
17964,4,0.718541202315,0,0,0,0,middle
17966,3,0.719430505089,0,0,0,0,middle
17967,7,0.716618935926,23.60027094846122,7.127482330059508e-4,0.8026400073649967,42.39930863092534,middle
17969,5,0.714917134399,18.527545888156766,5.595476264894927e-4,0.6301177474021786,33.28585243792763,middle
17970,3,0.718655398107,0,0,0,0,middle
17972,3,0.716938161176,0,0,0,0,middle
17975,4,0.715611852894,0,0,0,0,middle
17979,3,0.715056081988,0,0,0,0,middle
17981,7,0.716508466444,23.54189087604711,7.109851052203934e-4,0.8006545139842317,42.29442531354364,middle
17982,4,0.714512689852,0,0,0,0,middle
17989,3,0.715357076064,0,0,0,0,middle
17991,3,0.715598217235,0,0,0,0,middle
17992,4,0.712376215171,0,0,0,0,middle
17993,5,0.715567751452,20.581074878694164,6.215659466447305e-4,0.6999578152424438,36.975140990694214,middle
17994,7,0.710613642804,21.58428079660139,6.518636176710926e-4,0.7340766271449048,38.77746086348756,middle
17995,4,0.712299282353,0,0,0,0,middle
17996,4,0.718094683101,0,0,0,0,middle
17997,3,0.713011001236,0,0,0,0,middle
18000,7,0.713028020834,21.437028251955173,6.47416465719684e-4,0.7290686005939614,38.512912795341286,middle
18003,3,0.718139769834,0,0,0,0,middle
18008,4,0.710336820435,0,0,0,0,middle
18014,4,0.711801234342,0,0,0,0,middle
18016,3,0.713864751713,0,0,0,0,middle
18022,3,0.722965987269,0,0,0,0,middle
18026,4,0.715406359878,0,0,0,0,middle
18028,4,0.72175914472,0,0,0,0,middle
18033,7,0.716368578299,23.042802813581137,6.959122217177495e-4,0.7836806391076134,41.3977835402048,middle
18035,4,0.718564651987,0,0,0,0,middle
18039,5,0.718103875239,21.176576749188772,6.395506090612628e-4,0.7202107024556232,38.0449959789074,middle
18042,3,0.711926625244,0,0,0,0,middle
18043,3,0.714933188907,0,0,0,0,middle
18044,5,0.718182491255,21.72432618305119,6.560931073218984e-4,0.7388395398359063,39.02906083771622,middle
18045,3,0.727170086372,0,0,0,0,middle
18046,3,0.715155740243,0,0,0,0,middle
18048,4,0.714235944726,0,0,0,0,middle
18049,5,0.71460977481,18.99109098197293,5.735470821422505e-4,0.6458828137578627,34.118639126689956,middle
18050,3,0.712176139673,0,0,0,0,middle
18051,4,0.711813936345,0,0,0,0,middle
18055,5,0.715583954954,21.666776160787947,6.543550477560927e-4,0.736882276277615,38.92566875543951,middle
18056,4,0.716115762762,0,0,0,0,middle
18057,4,0.713295449573,0,0,0,0,middle
18073,3,0.715184103431,0,0,0,0,middle
18074,4,0.71422551077,0,0,0,0,middle
18097,3,0.71303130561,0,0,0,0,middle
18098,4,0.714712814109,0,0,0,0,middle
18305,3,0.71493192304,0,0,0,0,middle
18306,3,0.718553452229,0,0,0,0,middle
18426,3,0.713466232849,0,0,0,0,middle
18471,5,0.715301223223,20.667807756527687,6.241853532419838e-4,0.7029075812792455,37.13096183121518,middle
18472,4,0.713940099742,0,0,0,0,middle
18513,6,0.712376988284,23.222905241355896,7.013514680483054e-4,0.7898058829351642,41.721348402535284,middle
18059,3,0.711869117842,0,0,0,0,middle
18061,3,0.710580594201,0,0,0,0,middle
18063,3,0.710599686847,0,0,0,0,middle
18065,3,0.713090048495,0,0,0,0,middle
18068,3,0.714659524139,0,0,0,0,middle
18069,3,0.71495528167,0,0,0,0,middle
18072,3,0.718482355936,0,0,0,0,middle
18076,3,0.717338834224,0,0,0,0,middle
18077,3,0.719248270107,0,0,0,0,middle
18079,3,0.71499954179,0,0,0,0,middle
18080,5,0.715556656062,19.50348000504707,5.89021665955516e-4,0.6633090513697995,35.039176877119274,middle
18085,3,0.711645469487,0,0,0,0,middle
18086,3,0.711502042397,0,0,0,0,middle
18089,4,0.716167883902,0,0,0,0,middle
18090,3,0.719340654513,0,0,0,0,middle
18092,4,0.715208279265,0,0,0,0,middle
18093,3,0.718948761704,0,0,0,0,middle
18094,3,0.723276206871,0,0,0,0,middle
18095,5,0.717099885279,0,0,0,0,middle
18102,4,0.722975339424,0,0,0,0,middle
18105,3,0.714519516183,0,0,0,0,middle
18111,3,0.718514159553,0,0,0,0,middle
18112,3,0.714971481349,0,0,0,0,middle
18113,4,0.723046161979,0,0,0,0,middle
18114,3,0.709549410441,0,0,0,0,middle
18116,3,0.715142064029,0,0,0,0,middle
18117,6,0.716413562473,23.07471491659145,6.968759943406053e-4,0.7847659626893285,41.45511555590712,middle
18118,7,0.712951583066,20.515100926928795,6.195734772511428e-4,0.6977140557005939,36.856614811541,middle
18119,3,0.713248964751,0,0,0,0,middle
18123,4,0.711512430931,0,0,0,0,middle
18124,3,0.713914535237,0,0,0,0,middle
18125,4,0.707811710781,0,0,0,0,middle
18132,3,0.711919409238,0,0,0,0,middle
18134,3,0.713233564719,0,0,0,0,middle
18135,3,0.716481396488,0,0,0,0,middle
18137,7,0.712870251318,22.026172191443692,6.652091132182495e-4,0.7491052559765531,39.57134537744864,middle
18139,3,0.72741032682,0,0,0,0,middle
18140,4,0.715099968096,0,0,0,0,middle
18143,6,0.714601262407,18.993125422108584,5.736085239627706e-4,0.6459520046179604,34.12229412096485,middle
18144,3,0.715420634027,0,0,0,0,middle
18148,6,0.715893645901,0,0,0,0,middle
18151,4,0.714752766055,0,0,0,0,middle
18152,3,0.714867174784,0,0,0,0,middle
18159,6,0.715965694918,22.31178753673156,6.738349392995635e-4,0.7588189708464393,40.0844705530466,middle
18160,8,0.713427252821,0,0,0,0,middle
18161,3,0.718418109938,0,0,0,0,middle
18162,3,0.711686184098,0,0,0,0,middle
18163,3,0.719338941863,0,0,0,0,middle
18164,3,0.71729880291400006,0,0,0,0,middle
18165,4,0.719798693124,0,0,0,0,middle
18167,3,0.71492125443,0,0,0,0,middle
18171,5,0.715439101339,20.038238946382194,6.051718403053402e-4,0.6814960849656873,35.999903533450016,middle
18172,3,0.707889032102,0,0,0,0,middle
18174,6,0.714859016336,19.680786858661456,5.943764835713594e-4,0.6693392183370219,35.35771932204254,middle
18177,3,0.715903716497,0,0,0,0,middle
18178,4,0.711424279358,0,0,0,0,middle
18179,5,0.715320288546,20.679173137288213,6.245285973967732e-4,0.703294115371047,37.15138042249432,middle
18181,3,0.715984872999,0,0,0,0,middle
18182,3,0.711761631909,0,0,0,0,middle
18183,4,0.710800386547,0,0,0,0,middle
18184,7,0.712796650915,23.116819219279712,6.981475800528432e-4,0.7861979207330987,41.53075847239177,middle
18185,3,0.711245895629,0,0,0,0,middle
18187,3,0.727019504064,0,0,0,0,middle
18189,7,0.712209552542,23.367007547248818,7.057034801129788e-4,0.794706770561234,41.98023687696529,middle
18191,3,0.719409843568,0,0,0,0,middle
18192,3,0.712547504733,0,0,0,0,middle
18197,3,0.716125464149,0,0,0,0,middle
18198,3,0.723183546942,0,0,0,0,middle
18199,4,0.715335025728,0,0,0,0,middle
18201,7,0.712193266899,23.378632247358247,7.060545559324181e-4,0.7951021240468709,42.00112135107824,middle
18202,3,0.712107571981,0,0,0,0,middle
18204,3,0.715511113324,0,0,0,0,middle
18205,4,0.717775280369,0,0,0,0,middle
18210,6,0.715992370933,22.337780054828865,6.746199354288742e-4,0.7597029706514675,40.13116767780882,middle
18213,3,0.711927430993,0,0,0,0,middle
18215,3,0.715553557929,0,0,0,0,middle
18218,5,0.718697637322,0,0,0,0,middle
18220,3,0.714932235586,0,0,0,0,middle
18222,4,0.715323295412,0,0,0,0,middle
18225,3,0.716135633228,0,0,0,0,middle
18226,4,0.716750109474,0,0,0,0,middle
18227,4,0.723030444553,0,0,0,0,middle
18229,3,0.715541694518,0,0,0,0,middle
18234,3,0.722614123004,0,0,0,0,middle
18236,3,0.71121375984,0,0,0,0,middle
18237,5,0.717110090981,24.117661910780743,7.283738796339839e-4,0.8202363598269502,43.328832666566434,middle
18239,3,0.714956494632,0,0,0,0,middle
18243,3,0.723226556978,0,0,0,0,middle
18244,5,0.715290089101,20.660938908891154,6.23977908207712e-4,0.7026739732867942,37.118621532600976,middle
18245,3,0.721418163006,0,0,0,0,middle
18246,3,0.713318700626,0,0,0,0,middle
18248,3,0.711840823877,0,0,0,0,middle
18249,8,0.713761472414,19.910852863162074,6.013246723671853e-4,0.6771637123841486,35.77104676017272,middle
18250,3,0.714957710739,0,0,0,0,middle
18251,6,0.716048363169,23.336353032936053,7.047776877372135e-4,0.7936642172936252,41.925164195125475,middle
18253,4,0.71127131994,0,0,0,0,middle
18255,4,0.715631153054,0,0,0,0,middle
18258,3,0.715052170682,0,0,0,0,middle
18259,3,0.714750996331,0,0,0,0,middle
18260,3,0.715006480208,0,0,0,0,middle
18262,6,0.714980473571,18.51422561001283,5.59145342772879e-4,0.6296647276817313,33.261921755720294,middle
18264,3,0.71953050181,0,0,0,0,middle
18266,3,0.711395121164,0,0,0,0,middle
18267,4,0.719367827633,0,0,0,0,middle
18268,7,0.712136115268,23.190858210263062,7.00383620482725e-4,0.7887159704791354,41.66377398040355,middle
18271,7,0.716389463746,23.058026589551957,6.963719926859124e-4,0.7841983963691307,41.425133970940294,middle
18272,3,0.71477645492,0,0,0,0,middle
18273,6,0.716081496718,0,0,0,0,middle
18274,8,0.71375351948,0,0,0,0,middle
18275,5,0.710707385903,21.639465883421135,6.535302541772984e-4,0.7359534597706051,38.8766041967571,middle
18277,3,0.714844780313,0,0,0,0,middle
18279,4,0.714768287563,0,0,0,0,middle
18280,5,0.715246048016,20.63210025183425,6.231069562637932e-4,0.7016931769237735,37.06681114772331,middle
18284,4,0.719246006106,0,0,0,0,middle
18288,5,0.719075759908,21.83638609464333,6.594774118560508e-4,0.7426506727022222,39.23038322029078,middle
18290,3,0.715224071594,0,0,0,0,middle
18292,5,0.712311179179,0,0,0,0,middle
18294,3,0.719536486668,0,0,0,0,middle
18295,4,0.719256798567,0,0,0,0,middle
18296,4,0.71513994674,0,0,0,0,middle
18297,3,0.713918426603,0,0,0,0,middle
18298,3,0.716744089681,0,0,0,0,middle
18299,3,0.714157487596,0,0,0,0,middle
18300,6,0.715672845381,21.758035179506706,6.571111476534073e-4,0.7399859753671936,39.0896210807523,middle
18301,5,0.71505468995,18.087969407427384,5.462720433152551e-4,0.6151678482887062,32.496126806639644,middle
18302,3,0.719482098022,0,0,0,0,middle
18303,7,0.712080859931,23.24219921993461,7.01934162593197e-4,0.7904620668892526,41.756011197477925,middle
18304,4,0.715471240574,0,0,0,0,middle
18307,6,0.709880020271,19.46061022536891,5.877269621878477e-4,0.6618510596225115,34.96215873510371,middle
18308,5,0.710779235999,0,0,0,0,middle
18309,4,0.71932697948,0,0,0,0,middle
18310,3,0.714454644122,0,0,0,0,middle
18312,3,0.719499559542,0,0,0,0,middle
18313,3,0.711294683033,0,0,0,0,middle
18315,3,0.715020567674,0,0,0,0,middle
18316,3,0.718473183382,0,0,0,0,middle
18318,3,0.716092931218,0,0,0,0,middle
18321,3,0.715149886378,0,0,0,0,middle
18322,4,0.715456384624,0,0,0,0,middle
18325,3,0.715510211376,0,0,0,0,middle
18326,4,0.714769897088,0,0,0,0,middle
18328,4,0.715339590051,0,0,0,0,middle
18329,6,0.709975737325,19.594531234364478,5.917714904363757e-4,0.6664056835876884,35.202755896253606,middle
18330,5,0.711773950632,0,0,0,0,middle
18337,3,0.718933973137,0,0,0,0,middle
18338,5,0.71715477189,23.176140330628055,6.999391280137041e-4,0.788215418640369,41.637332422914646,middle
18339,3,0.715093593262,0,0,0,0,middle
18343,4,0.714825704368,0,0,0,0,middle
18344,3,0.719121214063,0,0,0,0,middle
18345,4,0.719003903391,0,0,0,0,middle
18346,3,0.714792981221,0,0,0,0,middle
18347,3,0.71966781086,0,0,0,0,middle
18348,3,0.715034907603,0,0,0,0,middle
18349,5,0.715595334361,0,0,0,0,middle
18351,4,0.714953180265,0,0,0,0,middle
18353,4,0.715055973099,0,0,0,0,middle
18354,3,0.714912225033,0,0,0,0,middle
18355,3,0.715069636765,0,0,0,0,middle
18356,3,0.714895618147,0,0,0,0,middle
18360,6,0.71642254139,23.08069190865932,6.970565045789991e-4,0.7849692388706847,41.4658535822596,middle
18361,5,0.715009776998,0,0,0,0,middle
18364,5,0.71481345306,18.913406876582506,5.712009561604518e-4,0.6432407944751656,33.97907495103456,middle
18366,3,0.719344198863,0,0,0,0,middle
18367,5,0.715580770451,0,0,0,0,middle
18372,7,0.716412891746,23.07426318042565,6.968623515246113e-4,0.784750599242009,41.454303984669004,middle
18373,3,0.714285557656,0,0,0,0,middle
18374,4,0.71498507283,0,0,0,0,middle
18375,3,0.715153698346,0,0,0,0,middle
18377,3,0.714202186752,0,0,0,0,middle
18378,3,0.711668805362,0,0,0,0,middle
18379,3,0.715134458044,0,0,0,0,middle
18384,3,0.719434137671,0,0,0,0,middle
18385,3,0.719298118839,0,0,0,0,middle
18386,3,0.711775205148,0,0,0,0,middle
18388,3,0.715178179219,0,0,0,0,middle
18393,6,0.715111696419,17.00806944605872,5.136581470184884e-4,0.5784406888912874,30.55602146409569,middle
18395,3,0.719314049616,0,0,0,0,middle
18396,3,0.719625554222,0,0,0,0,middle
18399,3,0.714512776476,0,0,0,0,middle
18400,4,0.712162168728,0,0,0,0,middle
18403,3,0.717329782764,0,0,0,0,middle
18404,5,0.715472174015,0,0,0,0,middle
18407,4,0.715257419667,0,0,0,0,middle
18408,6,0.716384027189,23.054131714977284,6.962543641647425e-4,0.784065932544282,41.41813659410801,middle
18411,4,0.714780342853,0,0,0,0,middle
18412,4,0.711531315321,0,0,0,0,middle
18413,3,0.719419790323,0,0,0,0,middle
18416,4,0.713677329414,0,0,0,0,middle
18418,3,0.714811695525,0,0,0,0,middle
18420,3,0.711672697419,0,0,0,0,middle
18421,5,0.717063403406,24.116039031237683,7.283248672930145e-4,0.8201811660517924,43.32591706569188,middle
18422,3,0.714916014984,0,0,0,0,middle
18423,4,0.71514410641,0,0,0,0,middle
18424,5,0.715033360716,0,0,0,0,middle
18427,4,0.710641888627,0,0,0,0,middle
18428,3,0.719331022591,0,0,0,0,middle
18429,3,0.711182404032,0,0,0,0,middle
18430,3,0.71497540202,0,0,0,0,middle
18435,4,0.715467402873,0,0,0,0,middle
18438,3,0.718924008703,0,0,0,0,middle
18441,7,0.716416408192,23.076623393844226,6.969336319750468e-4,0.7848308695795744,41.4585442502739,middle
18442,5,0.714765939424,18.936494858641478,5.718982328337638e-4,0.6440260116504397,34.02055390181108,middle
18445,3,0.71920723643,0,0,0,0,middle
18447,5,0.71491869838,0,0,0,0,middle
18448,8,0.713509279081,0,0,0,0,middle
18450,4,0.711790925873,0,0,0,0,middle
18452,5,0.710177182333,19.831237729938437,5.989202277042574e-4,0.674456019270941,35.62801337667417,middle
18454,3,0.719737657397,0,0,0,0,middle
18455,3,0.715216779157,0,0,0,0,middle
18457,5,0.710680170925,21.624965635967996,6.530923343850662e-4,0.7354603095543216,38.85055362859485,middle
18460,3,0.711712231829,0,0,0,0,middle
18473,6,0.71639487109,23.06185306733078,6.964875555657391e-4,0.7843285340340451,41.43200846880806,middle
18474,6,0.712217955672,23.360842512649675,7.05517290830383e-4,0.7944970990948822,41.96916102087617,middle
18475,3,0.719457933236,0,0,0,0,middle
18476,5,0.714733528588,0,0,0,0,middle
18478,4,0.716475884987,0,0,0,0,middle
18479,6,0.716185174425,23.473034156036938,7.08905573776665e-4,0.7983127121304824,42.17072006755726,middle
18480,3,0.709866624183,0,0,0,0,middle
18481,4,0.712089265911,0,0,0,0,middle
18483,4,0.718219395725,0,0,0,0,middle
18485,7,0.712067295083,23.25404412750658,7.022918888650893e-4,0.7908649095820999,41.77729128756442,middle
18486,5,0.716985003741,0,0,0,0,middle
18487,3,0.71563458596,0,0,0,0,middle
18495,8,0.71340056157,0,0,0,0,middle
18496,3,0.717188550302,0,0,0,0,middle
18498,5,0.714615987383,18.989544626408613,5.735003808904524e-4,0.6458302225463363,34.115861005753636,middle
18501,8,0.713659956925,0,0,0,0,middle
18502,5,0.715754162641,22.910983450815863,6.91931164970897e-4,0.7791974916669834,41.160962113127866,middle
18504,4,0.710966931785,0,0,0,0,middle
18508,3,0.714703241629,0,0,0,0,middle
18509,3,0.715209556357,0,0,0,0,middle
18510,7,0.71082349418,21.68728648004162,6.549744768227492e-4,0.7375798277096635,38.96251677968697,middle
18516,5,0.71494167436,0,0,0,0,middle
18517,7,0.716386037315,23.05557738947618,6.96298024762828e-4,0.7841150996149896,41.42073383544446,middle
18519,3,0.713862574166,0,0,0,0,middle
18520,3,0.709521434145,0,0,0,0,middle
18521,3,0.711315989811,0,0,0,0,middle
18524,6,0.715553374322,19.501544225816502,5.889632037781499e-4,0.6632432159453132,35.035699133104494,middle
18525,6,0.715496755005,20.070346591592276,6.061415184687582e-4,0.6825880588944686,36.05758685249527,middle
18526,4,0.714320151686,0,0,0,0,middle
18528,3,0.71208152878,0,0,0,0,middle
18529,3,0.714946315212,0,0,0,0,middle
18530,3,0.715028604707,0,0,0,0,middle
18531,4,0.714568534317,0,0,0,0,middle
18532,4,0.71160029135,0,0,0,0,middle
18533,8,0.713743845903,0,0,0,0,middle
18534,3,0.714976250428,0,0,0,0,middle
18535,6,0.716370607962,23.044313209687257,6.959578369633595e-4,0.7837320073459013,41.40049705780797,middle
18536,4,0.715491836192,0,0,0,0,middle
18542,3,0.712140095657,0,0,0,0,middle
18543,5,0.7145593833,0,0,0,0,middle
18545,3,0.71494375443,0,0,0,0,middle
18546,3,0.711486361153,0,0,0,0,middle
18548,3,0.719475767378,0,0,0,0,middle
18549,6,0.716380988779,23.051934092454538,6.961879940974953e-4,0.7839911918872067,41.414188432843275,middle
18551,4,0.719473553958,0,0,0,0,middle
18555,4,0.716614559786,0,0,0,0,middle
18557,5,0.716866446104,0,0,0,0,middle
18558,3,0.71224321304,0,0,0,0,middle
18559,5,0.71529426012,20.663532066338707,6.240562237657277e-4,0.7027621659993841,37.12328029618837,middle
18561,6,0.710029091409,19.663241428795452,5.938465966831269e-4,0.6687425021388214,35.32619790020907,middle
18563,3,0.712165139268,0,0,0,0,middle
18564,3,0.719444547269,0,0,0,0,middle
18565,3,0.714903135707,0,0,0,0,middle
18567,3,0.715377062453,0,0,0,0,middle
18574,3,0.715248791388,0,0,0,0,middle
18575,5,0.716135996279,23.427309968020072,7.075246644521143e-4,0.7967576425854436,42.088573808988485,middle
18578,3,0.719826952703,0,0,0,0,middle
18579,3,0.71047232601700006,0,0,0,0,middle
18581,7,0.710988769276,21.715936039088568,6.55839717846113e-4,0.7385541928910914,39.01398743859695,middle
18583,6,0.716381459453,23.052275499378542,6.961983048766533e-4,0.7840028030613578,41.414801790951365,middle
18585,3,0.719462553218,0,0,0,0,middle
18588,4,0.711651918125,0,0,0,0,middle
18589,3,0.714933544922,0,0,0,0,middle
18591,4,0.713015779821,0,0,0,0,middle
18592,3,0.711653819508,0,0,0,0,middle
18593,3,0.71497929956,0,0,0,0,middle
18594,3,0.714950416255,0,0,0,0,middle
18595,7,0.711955962309,23.339869318567906,7.048838825506681e-4,0.7937838053920676,41.93148141411271,middle
18599,4,0.714967547516,0,0,0,0,middle
18600,3,0.711332852147,0,0,0,0,middle
18602,3,0.712589896042,0,0,0,0,middle
18604,3,0.717887357497,0,0,0,0,middle
18605,5,0.71681544429,24.044860643431655,7.261752195094043e-4,0.8177604047886008,43.19804080363413,middle
18621,6,0.716263280206,22.955350801606958,6.932710966584851e-4,0.780706415477371,41.24067073187366,middle
18622,3,0.712081319791,0,0,0,0,middle
18793,4,0.715097727532,0,0,0,0,middle
18794,7,0.711060113871,22.322072728446855,6.741455608274778e-4,0.759168767947165,40.102948519626615,middle
18816,3,0.71557476313,0,0,0,0,middle
18862,3,0.715075335126,0,0,0,0,middle
18952,5,0.715391285773,0,0,0,0,middle
19074,5,0.713372098924,0,0,0,0,middle
19075,7,0.711730991931,24.297441270049102,7.338033690211733e-4,0.826350616165886,43.6518171168609,middle
19076,3,0.719990451207,0,0,0,0,middle
18607,4,0.715556767962,0,0,0,0,middle
18610,5,0.715634685921,21.720256511434208,6.559701997815463e-4,0.738701131202219,39.02174942746624,middle
18611,3,0.719816654173,0,0,0,0,middle
18613,4,0.712472604033,0,0,0,0,middle
18615,3,0.719176150561,0,0,0,0,middle
18620,4,0.71880588178,0,0,0,0,middle
18624,3,0.711867419241,0,0,0,0,middle
18627,3,0.714194849629,0,0,0,0,middle
18628,5,0.715280589202,20.654943465635583,6.237968407277739e-4,0.7024700695846157,37.10785035757814,middle
18629,3,0.711901887226,0,0,0,0,middle
18634,5,0.714410091016,0,0,0,0,middle
18640,5,0.716080212214,23.370807733792837,7.058182489751777e-4,0.7948360140670538,41.98706414104573,middle
18642,3,0.71527159927,0,0,0,0,middle
18644,4,0.719252604166,0,0,0,0,middle
18645,3,0.71922702202,0,0,0,0,middle
18649,6,0.712134122067,23.192796264420814,7.004421513648249e-4,0.7887818832733932,41.66725581146208,middle
18654,3,0.716824657472,0,0,0,0,middle
18655,3,0.711952133558,0,0,0,0,middle
18659,3,0.71287357076,0,0,0,0,middle
18662,3,0.715369753618,0,0,0,0,middle
18663,4,0.715574890235,0,0,0,0,middle
18665,3,0.714909480215,0,0,0,0,middle
18666,3,0.719596173333,0,0,0,0,middle
18669,4,0.715498724425,0,0,0,0,middle
18671,4,0.714989729025,0,0,0,0,middle
18672,4,0.719179002918,0,0,0,0,middle
18673,3,0.714898553367,0,0,0,0,middle
18674,6,0.7162099884,23.494643190526503,7.095581849768938e-4,0.7990476306252629,42.20954199992152,middle
18676,4,0.718069919973,0,0,0,0,middle
18677,3,0.715872503911,0,0,0,0,middle
18678,3,0.715321266444,0,0,0,0,middle
18679,3,0.715179327465,0,0,0,0,middle
18681,6,0.710094193307,19.741237893900887,5.96202156193694e-4,0.6713951447065013,35.46632324891156,middle
18684,3,0.715478557724,0,0,0,0,middle
18687,3,0.715506454351,0,0,0,0,middle
18688,5,0.716768543147,24.019618725638534,7.254128921469761e-4,0.8169019327342917,43.15269217754062,middle
18689,4,0.714140388714,0,0,0,0,middle
18690,4,0.715209606143,0,0,0,0,middle
18691,3,0.711142281025,0,0,0,0,middle
18692,4,0.711317643003,0,0,0,0,middle
18693,7,0.711814702477,23.419252001953875,7.072813070310133e-4,0.7964835929375882,42.074097187473235,middle
18694,4,0.715185087438,0,0,0,0,middle
18696,3,0.718795482392,0,0,0,0,middle
18698,3,0.715199929452,0,0,0,0,middle
18699,5,0.716198924481,23.485129747629752,7.092708709189634e-4,0.7987240805315631,42.19245052659044,middle
18700,3,0.717025618442,0,0,0,0,middle
18701,3,0.71161214879,0,0,0,0,middle
18702,3,0.714210521771,0,0,0,0,middle
18703,3,0.711357599261,0,0,0,0,middle
18706,3,0.707288843474,0,0,0,0,middle
18707,6,0.712257778551,23.33008508252777,7.045883903097464e-4,0.7934510456833139,41.913903444584754,middle
18710,4,0.714781885862,0,0,0,0,middle
18711,3,0.719260580792,0,0,0,0,middle
18712,3,0.715390496802,0,0,0,0,middle
18716,3,0.716069541524,0,0,0,0,middle
18717,3,0.714283709371,0,0,0,0,middle
18719,4,0.718255512719,0,0,0,0,middle
18724,4,0.70801054977,0,0,0,0,middle
18725,3,0.714429194377,0,0,0,0,middle
18726,3,0.715027996774,0,0,0,0,middle
18729,6,0.715458267898,20.049421037809747,6.055095489665546e-4,0.6818763854277187,36.01999283439963,middle
18733,7,0.711781397977,23.433116764752796,7.077000346467917e-4,0.7969551304610064,42.099006069167416,middle
18734,4,0.715104310403,0,0,0,0,middle
18735,4,0.716169231768,0,0,0,0,middle
18736,4,0.715042930684,0,0,0,0,middle
18737,5,0.713855496161,0,0,0,0,middle
18738,6,0.716187725405,23.475300982290385,7.089740338553736e-4,0.7983898063911684,42.17479255749361,middle
18739,3,0.713942540345,0,0,0,0,middle
18742,4,0.715132033359,0,0,0,0,middle
18743,4,0.7150449604,0,0,0,0,middle
18745,5,0.716770187805,24.020566865609084,7.254415267796093e-4,0.8169341787654752,43.15439556812137,middle
18749,3,0.719077891105,0,0,0,0,middle
18750,4,0.71451313597,0,0,0,0,middle
18751,4,0.715933586861,0,0,0,0,middle
18752,3,0.714722063206,0,0,0,0,middle
18755,3,0.714876357879,0,0,0,0,middle
18756,4,0.716539766276,0,0,0,0,middle
18759,4,0.715594944961,0,0,0,0,middle
18765,6,0.715211512566,20.607627935193193,6.223678715099966e-4,0.7008608788348274,37.02284515646651,middle
18766,3,0.711725414321,0,0,0,0,middle
18767,3,0.715039864638,0,0,0,0,middle
18768,3,0.714227950601,0,0,0,0,middle
18769,3,0.711592341946,0,0,0,0,middle
18771,3,0.717762818984,0,0,0,0,middle
18772,3,0.719890227246,0,0,0,0,middle
18773,3,0.70919411252,0,0,0,0,middle
18774,3,0.714205296604,0,0,0,0,middle
18778,3,0.719025803991,0,0,0,0,middle
18779,3,0.714652604837,0,0,0,0,middle
18780,3,0.714905059005,0,0,0,0,middle
18781,4,0.718993720773,0,0,0,0,middle
18782,5,0.716875656874,24.07179379115518,7.269886234525688e-4,0.8186763951996593,43.24642782619102,middle
18783,7,0.711748936134,24.28791869349879,7.335157791191454e-4,0.8260267554386439,43.634709234370895,middle
18784,3,0.715165135651,0,0,0,0,middle
18785,3,0.714316371398,0,0,0,0,middle
18788,3,0.717964106581,0,0,0,0,middle
18790,4,0.715402323456,0,0,0,0,middle
18791,3,0.712304968339,0,0,0,0,middle
18792,4,0.718124780934,0,0,0,0,middle
18795,3,0.71504882064,0,0,0,0,middle
18797,3,0.711456423007,0,0,0,0,middle
18798,3,0.717790058576,0,0,0,0,middle
18803,5,0.716260046283,22.9523837961453,6.93181490572829e-4,0.7806055082763138,41.235340327805275,middle
18806,8,0.713465734914,0,0,0,0,middle
18808,3,0.717557872818,0,0,0,0,middle
18809,4,0.71570289028,0,0,0,0,middle
18810,3,0.713999536363,0,0,0,0,middle
18812,3,0.717453435952,0,0,0,0,middle
18813,4,0.715370854124,0,0,0,0,middle
18814,3,0.714250731339,0,0,0,0,middle
18817,4,0.715375550034,0,0,0,0,middle
18821,3,0.714468498803,0,0,0,0,middle
18822,3,0.715516820943,0,0,0,0,middle
18823,3,0.711617049398,0,0,0,0,middle
18824,3,0.715165342702,0,0,0,0,middle
18825,3,0.714982146013,0,0,0,0,middle
18826,6,0.716175193655,23.464065463093217,7.086347116301257e-4,0.7980076888624816,42.15460727033696,middle
18827,3,0.717762352291,0,0,0,0,middle
18828,3,0.712058278545,0,0,0,0,middle
18830,6,0.71238050098,23.219405962094754,7.012457868416946e-4,0.7896868732196372,41.715061736517626,middle
18831,3,0.713910730696,0,0,0,0,middle
18832,4,0.716633549911,0,0,0,0,middle
18833,3,0.711313393033,0,0,0,0,middle
18834,5,0.713139992546,20.800543195705412,6.281940762747743e-4,0.7074218842765232,37.36942904475896,middle
18835,3,0.714995234831,0,0,0,0,middle
18838,6,0.710115204615,19.7650280371668,5.969206387319991e-4,0.6722042422294859,35.509063674600235,middle
18839,7,0.711113341735,22.323036978407398,6.741746819954955e-4,0.7592015618755535,40.10468085277498,middle
18840,4,0.713416160708,0,0,0,0,middle
18841,3,0.714553633159,0,0,0,0,middle
18842,3,0.711425624508,0,0,0,0,middle
18843,3,0.715621550861,0,0,0,0,middle
18845,5,0.715373508719,0,0,0,0,middle
18846,3,0.712509148163,0,0,0,0,middle
18847,3,0.715731561645,0,0,0,0,middle
18850,6,0.716126846897,23.41837972900589,7.072549636469168e-4,0.7964539271271013,42.072530096569366,middle
18854,5,0.716730667227,23.99651944153097,7.247152741421946e-4,0.8161163311788387,43.111192921952885,middle
18855,4,0.715675211776,0,0,0,0,middle
18857,3,0.718155558279,0,0,0,0,middle
18859,3,0.714256630419,0,0,0,0,middle
18863,5,0.713445167734,0,0,0,0,middle
18865,3,0.715476092821,0,0,0,0,middle
18868,6,0.715104147504,17.00841049962934,5.13668447126074e-4,0.578452288047968,30.55663418738315,middle
18872,4,0.714584112102,0,0,0,0,middle
18873,4,0.715078583645,0,0,0,0,middle
18874,5,0.715283131347,20.6565599830052,6.238456609257002e-4,0.7025250469836586,37.11075452842479,middle
18875,3,0.720361618628,0,0,0,0,middle
18876,5,0.71318684726,20.785952221735513,6.277534164646563e-4,0.7069256484714243,37.34321548094325,middle
18877,3,0.712188864761,0,0,0,0,middle
18878,4,0.716938655364,0,0,0,0,middle
18879,3,0.715412725016,0,0,0,0,middle
18881,4,0.715732036873,0,0,0,0,middle
18884,5,0.711259320206,22.300758668674213,6.735018581143052e-4,0.7584438814774185,40.06465652711298,middle
18885,3,0.714738984157,0,0,0,0,middle
18886,7,0.7117236947,24.301156713818855,7.339155785795935e-4,0.8264769775886524,43.65849213544177,middle
18890,6,0.716128702328,23.420201430547618,7.073099805811616e-4,0.7965158827945621,42.075802893143184,middle
18892,5,0.715830084487,22.99116778110386,6.943527998687481e-4,0.7819245430467521,41.30501809344561,middle
18893,3,0.71698449955,0,0,0,0,middle
18894,3,0.71790972569,0,0,0,0,middle
18895,3,0.715210117428,0,0,0,0,middle
18896,3,0.714717428733,0,0,0,0,middle
18898,4,0.711276586867,0,0,0,0,middle
18899,3,0.715613887881,0,0,0,0,middle
18902,3,0.709974043102,0,0,0,0,middle
18903,3,0.712743524996,0,0,0,0,middle
18904,5,0.71126257373,22.29984670447075,6.734743160205723e-4,0.7584128657760911,40.063018128477324,middle
18906,7,0.711732652502,24.296583090062395,7.337774512564806e-4,0.8263214296539024,43.65027534481104,middle
18911,4,0.711588553952,0,0,0,0,middle
18912,5,0.715011906488,18.505656113267356,5.588865366906766e-4,0.629373280988347,33.24652613852096,middle
18914,8,0.712955218078,0,0,0,0,middle
18915,4,0.714768121238,0,0,0,0,middle
18917,3,0.714355836078,0,0,0,0,middle
18920,4,0.715062574111,0,0,0,0,middle
18924,4,0.717178324534,0,0,0,0,middle
18927,3,0.719216910517,0,0,0,0,middle
18929,6,0.716007032569,22.35160330506665,6.750374093300383e-4,0.7601730963418418,40.156001979685875,middle
18932,3,0.716539451386,0,0,0,0,middle
18933,3,0.710601287008,0,0,0,0,middle
18934,4,0.715653187493,0,0,0,0,middle
18935,5,0.713684004813,0,0,0,0,middle
18939,4,0.715824851794,0,0,0,0,middle
18940,5,0.713588882851,0,0,0,0,middle
18943,3,0.711563287495,0,0,0,0,middle
18944,6,0.716231459886,22.92543232715982,6.92367533311988e-4,0.7796888947631792,41.18692038999746,middle
18945,3,0.714380202459,0,0,0,0,middle
18946,3,0.711253198738,0,0,0,0,middle
18947,3,0.714360806821,0,0,0,0,middle
18948,3,0.714879944846,0,0,0,0,middle
18949,5,0.7171935363,0,0,0,0,middle
18953,3,0.715124269431,0,0,0,0,middle
18955,3,0.715625896509,0,0,0,0,middle
18956,5,0.713495041948,0,0,0,0,middle
18958,5,0.713730195088,19.91314526047566,6.013939047136348e-4,0.6772416763109476,35.77516519005921,middle
18959,3,0.711776491749,0,0,0,0,middle
18960,3,0.711377503229,0,0,0,0,middle
18963,4,0.711269239101,0,0,0,0,middle
18965,3,0.713794049294,0,0,0,0,middle
18969,3,0.714997214588,0,0,0,0,middle
18970,3,0.720019961557,0,0,0,0,middle
18974,3,0.71400108826,0,0,0,0,middle
18975,4,0.71598889951,0,0,0,0,middle
18977,3,0.718963414548,0,0,0,0,middle
18978,5,0.716313699472,22.99944636722183,6.946028202028475e-4,0.7822060959338867,41.31989107217581,middle
18980,3,0.711814594405,0,0,0,0,middle
18981,4,0.714752277449,0,0,0,0,middle
18982,4,0.711302438837,0,0,0,0,middle
18984,3,0.715487124975,0,0,0,0,middle
18985,4,0.710817142926,0,0,0,0,middle
18986,5,0.716205449018,23.490763617796762,7.094410185844411e-4,0.7989156872127837,42.20257211377557,middle
18988,4,0.714285733387,0,0,0,0,middle
18990,3,0.715879168693,0,0,0,0,middle
18991,7,0.71172285984,24.301575997537114,7.339282413041007e-4,0.8264912373353919,43.65924540390268,middle
18992,6,0.710133455052,19.785141169351306,5.975280724117237e-4,0.6728882854169544,35.545198128348154,middle
18993,4,0.710439391605,0,0,0,0,middle
18994,5,0.71582755790099994,22.988639305199566,6.942764377482911e-4,0.7818385501391758,41.300475534147616,middle
18997,3,0.715753832989,0,0,0,0,middle
18998,3,0.713837048596,0,0,0,0,middle
18999,3,0.714910885694,0,0,0,0,middle
19001,3,0.71122321492,0,0,0,0,middle
19004,5,0.713486597119,21.12842137931181,6.380962759790492e-4,0.7185729489519828,37.95848195565282,middle
19005,3,0.715078217211,0,0,0,0,middle
19007,3,0.71443320809,0,0,0,0,middle
19009,3,0.715007698068,0,0,0,0,middle
19014,4,0.711312254695,0,0,0,0,middle
19015,3,0.715112261464,0,0,0,0,middle
19016,4,0.715121927764,0,0,0,0,middle
19018,5,0.715072757981,18.083291458264565,5.461307652762372e-4,0.6150087522699064,32.48772258913098,middle
19019,3,0.715692786052,0,0,0,0,middle
19020,4,0.715940134764,0,0,0,0,middle
19023,3,0.71137326012,0,0,0,0,middle
19024,3,0.708454328564,0,0,0,0,middle
19025,4,0.715146229429,0,0,0,0,middle
19026,3,0.71517098129,0,0,0,0,middle
19027,6,0.716032317048,22.374668490482556,6.75733997525362e-4,0.7609575382083156,40.19743997491966,middle
19028,7,0.711727927188,24.299012773307094,7.338508297546853e-4,0.8264040626449252,43.654640417143995,middle
19029,3,0.715461018531,0,0,0,0,middle
19030,3,0.716985764388,0,0,0,0,middle
19037,3,0.711625198483,0,0,0,0,middle
19039,3,0.714857289655,0,0,0,0,middle
19040,4,0.713558442214,0,0,0,0,middle
19042,3,0.715588581685,0,0,0,0,middle
19045,5,0.713952097966,19.778572440089267,5.973296912073369e-4,0.6726648843841962,35.5333970104753,middle
19047,3,0.7183728037,0,0,0,0,middle
19048,3,0.715165326896,0,0,0,0,middle
19051,3,0.715218867308,0,0,0,0,middle
19053,3,0.718432644388,0,0,0,0,middle
19054,4,0.714619025997,0,0,0,0,middle
19055,4,0.7152217258,0,0,0,0,middle
19057,5,0.716198095131,23.484408740810885,7.092490959004792e-4,0.7986995592487494,42.191155194401034,middle
19059,6,0.716051681673,23.340017201953415,7.048883487545494e-4,0.7937888348733769,41.931747095524464,middle
19060,3,0.711410110615,0,0,0,0,middle
19061,3,0.711358164294,0,0,0,0,middle
19063,3,0.715296666472,0,0,0,0,middle
19064,3,0.705841032364,0,0,0,0,middle
19065,5,0.715458777344,0,0,0,0,middle
19066,3,0.715165614018,0,0,0,0,middle
19069,4,0.714172772511,0,0,0,0,middle
19070,3,0.714873746097,0,0,0,0,middle
19071,4,0.713770057163,0,0,0,0,middle
19072,5,0.715926343487,23.080262904031038,6.970435482747504e-4,0.7849546485179403,41.46508284959816,middle
19077,3,0.711554001862,0,0,0,0,middle
19078,3,0.715005514905,0,0,0,0,middle
19206,8,0.712485519304,0,0,0,0,middle
19295,3,0.714784668918,0,0,0,0,middle
19296,6,0.710048453382,19.687112479680103,5.945675227002555e-4,0.6695543513120664,35.36908368130934,middle
19317,5,0.715812539407,22.973410125525486,6.938165035836989e-4,0.781320609098903,41.27311539533365,middle
19318,7,0.71184760081,23.403733732521935,7.068126421101282e-4,0.7959558200184405,42.04621768149215,middle
19367,3,0.71519422991,0,0,0,0,middle
19368,3,0.714045116474,0,0,0,0,middle
19391,4,0.715161001911,0,0,0,0,middle
19392,3,0.71530590525,0,0,0,0,middle
19079,3,0.717172553852,0,0,0,0,middle
19080,4,0.715119958791,0,0,0,0,middle
19083,3,0.714450382711,0,0,0,0,middle
19085,3,0.715199215897,0,0,0,0,middle
19086,5,0.715907845442,23.064240056473423,6.965596446657896e-4,0.7844097150080778,41.43629683861443,middle
19087,4,0.715744841142,0,0,0,0,middle
19092,4,0.714517096318,0,0,0,0,middle
19093,7,0.711212331837,22.31191180037858,6.738386921672756e-4,0.7588231970256546,40.084693800175124,middle
19095,4,0.710231922848,0,0,0,0,middle
19096,4,0.715315139449,0,0,0,0,middle
19099,3,0.715730354706,0,0,0,0,middle
19101,3,0.714564585051,0,0,0,0,middle
19102,3,0.721195240871,0,0,0,0,middle
19105,3,0.716874593621,0,0,0,0,middle
19106,7,0.711291730631,0,0,0,0,middle
19110,5,0.715754211748,0,0,0,0,middle
19111,3,0.719721069728,0,0,0,0,middle
19112,3,0.71487687343,0,0,0,0,middle
19113,5,0.714910177273,18.52868702459406,5.595820897793878e-4,0.6301565572006098,33.28790255828855,middle
19114,3,0.714405011648,0,0,0,0,middle
19115,3,0.72004368001,0,0,0,0,middle
19116,3,0.715098816465,0,0,0,0,middle
19117,3,0.711320497801,0,0,0,0,middle
19119,6,0.710068138225,19.710797478158756,5.952828297766563e-4,0.6703598728840374,35.41163520805293,middle
19120,5,0.715707906789,21.79088204216014,6.581031508116401e-4,0.7411030899181088,39.148632448471,middle
19123,4,0.715325216048,0,0,0,0,middle
19125,3,0.71484227144,0,0,0,0,middle
19128,7,0.711735556928,24.295070783370928,7.3373177830957e-4,0.8262699964370285,43.64755839472619,middle
19129,4,0.716743751691,0,0,0,0,middle
19131,3,0.713842167334,0,0,0,0,middle
19133,3,0.714998402141,0,0,0,0,middle
19136,3,0.717017400115,0,0,0,0,middle
19137,3,0.715873107674,0,0,0,0,middle
19138,4,0.715418966512,0,0,0,0,middle
19139,5,0.716214115687,23.49814196359223,7.09663850895973e-4,0.7991666231251954,42.215827756528604,middle
19140,5,0.717573702028,0,0,0,0,middle
19141,5,0.717898109269,0,0,0,0,middle
19143,3,0.715184023138,0,0,0,0,middle
19144,6,0.716060494237,23.349664044830355,7.051796916052159e-4,0.7941169218709673,41.94907822995707,middle
19148,4,0.711353287543,0,0,0,0,middle
19149,5,0.714951635543,18.52094501453608,5.593482744981654e-4,0.6298932531468756,33.27399357077782,middle
19150,3,0.715310798526,0,0,0,0,middle
19152,4,0.715093476805,0,0,0,0,middle
19153,4,0.715097086421,0,0,0,0,middle
19156,3,0.711550162246,0,0,0,0,middle
19157,3,0.715397968477,0,0,0,0,middle
19158,3,0.715033880124,0,0,0,0,middle
19159,3,0.715972442432,0,0,0,0,middle
19161,3,0.712589485674,0,0,0,0,middle
19162,3,0.714669624637,0,0,0,0,middle
19165,3,0.714109653576,0,0,0,0,middle
19167,3,0.711551635501,0,0,0,0,middle
19168,3,0.715923996505,0,0,0,0,middle
19169,6,0.716106519921,23.39806588913548,7.066414684245602e-4,0.7957630579155229,42.036035059371464,middle
19170,4,0.711981515388,0,0,0,0,middle
19172,5,0.714990189001,18.51171555915217,5.590695371043933e-4,0.6295793614058234,33.25741229812326,middle
19175,4,0.715127632064,0,0,0,0,middle
19178,3,0.715766495378,0,0,0,0,middle
19180,3,0.714614371375,0,0,0,0,middle
19182,4,0.715065134384,0,0,0,0,middle
19186,4,0.713946197183,0,0,0,0,middle
19187,3,0.7112785069,0,0,0,0,middle
19189,5,0.715835858877,22.996910167692455,6.945262248223513e-4,0.7821198403475258,41.31533463692003,middle
19193,5,0.715932458455,23.085444187351595,6.972000274329556e-4,0.7851308628203799,41.47439133724613,middle
19195,3,0.715970066034,0,0,0,0,middle
19196,4,0.715623088639,0,0,0,0,middle
19199,3,0.71511423936,0,0,0,0,middle
19200,3,0.715140002756,0,0,0,0,middle
19203,3,0.718855801482,0,0,0,0,middle
19204,3,0.710972067603,0,0,0,0,middle
19207,4,0.715366251504,0,0,0,0,middle
19210,3,0.715052381185,0,0,0,0,middle
19212,4,0.711301989481,0,0,0,0,middle
19213,5,0.715532941458,19.48915902616671,5.88589160226485e-4,0.662821998038119,35.01344837574861,middle
19217,3,0.713568835545,0,0,0,0,middle
19219,4,0.714435807569,0,0,0,0,middle
19222,5,0.716254827326,22.947560421794766,6.930358205695914e-4,0.780441466378969,41.22667484518529,middle
19224,5,0.715965889214,22.311980775164585,6.738407752644127e-4,0.7588255428429068,40.08481771753378,middle
19225,3,0.719892559344,0,0,0,0,middle
19226,3,0.712014433449,0,0,0,0,middle
19228,3,0.713862834669,0,0,0,0,middle
19229,3,0.716024504306,0,0,0,0,middle
19231,3,0.710506542885,0,0,0,0,middle
19234,5,0.716176905309,23.46561482566086,7.086815036959789e-4,0.7980603823415278,42.15739079353591,middle
19238,5,0.716142119833,23.433212785727395,7.077029345618023e-4,0.7969583961131648,42.09917857663337,middle
19240,3,0.714876473105,0,0,0,0,middle
19241,3,0.714454705451,0,0,0,0,middle
19242,5,0.716125538774,23.417092112328387,7.072160765293204e-4,0.7964101355680225,42.070216815631746,middle
19243,3,0.715061822221,0,0,0,0,middle
19245,3,0.711332609034,0,0,0,0,middle
19247,3,0.711401858043,0,0,0,0,middle
19249,4,0.711630515803,0,0,0,0,middle
19250,3,0.717062949445,0,0,0,0,middle
19251,5,0.713250479,0,0,0,0,middle
19252,5,0.712257177495,0,0,0,0,middle
19254,8,0.712037293657,0,0,0,0,middle
19255,4,0.716132190944,0,0,0,0,middle
19258,4,0.719082608174,0,0,0,0,middle
19260,5,0.716195423136,23.482078335339168,7.091787156753631e-4,0.7986203026728793,42.18696848056854,middle
19261,4,0.711340106806,0,0,0,0,middle
19268,7,0.711357645162,22.265226918986706,6.72428769086612e-4,0.7572354545109167,40.00082159807817,middle
19269,4,0.716152825601,0,0,0,0,middle
19275,4,0.711327563932,0,0,0,0,middle
19276,7,0.711789811103,23.429789841394953,7.075995587348912e-4,0.796841982531719,42.093029050914176,middle
19277,3,0.715310888084,0,0,0,0,middle
19278,4,0.715266983559,0,0,0,0,middle
19280,4,0.715420449447,0,0,0,0,middle
19282,3,0.719113513382,0,0,0,0,middle
19284,3,0.711441729422,0,0,0,0,middle
19287,5,0.715930082461,0,0,0,0,middle
19289,3,0.715067743314,0,0,0,0,middle
19290,3,0.714483285914,0,0,0,0,middle
19291,4,0.716039126504,0,0,0,0,middle
19292,3,0.715623499806,0,0,0,0,middle
19298,3,0.71159966343,0,0,0,0,middle
19300,4,0.712963955054,0,0,0,0,middle
19301,4,0.715853067201,0,0,0,0,middle
19302,3,0.715042568955,0,0,0,0,middle
19304,3,0.715120309623,0,0,0,0,middle
19305,7,0.711848398804,23.403334851071335,7.068005955514376e-4,0.795942254148322,42.04550106693429,middle
19307,4,0.715628234282,0,0,0,0,middle
19309,4,0.710216916844,0,0,0,0,middle
19310,3,0.715882247163,0,0,0,0,middle
19312,3,0.715367463905,0,0,0,0,middle
19313,3,0.715280094599,0,0,0,0,middle
19314,3,0.714202371292,0,0,0,0,middle
19321,6,0.712919271574,0,0,0,0,middle
19323,5,0.713137914663,20.801119792750704,6.282114899954084e-4,0.7074414942148026,37.37046493608971,middle
19325,3,0.715842485529,0,0,0,0,middle
19327,3,0.715775149232,0,0,0,0,middle
19329,6,0.71000047034,19.62691585086997,5.927495333682247e-4,0.6675070772491105,35.26093681091806,middle
19330,5,0.715544383437,19.496165064456445,5.888007485350381e-4,0.6630602718544134,35.02603514563677,middle
19332,3,0.713665402836,0,0,0,0,middle
19334,3,0.711402455865,0,0,0,0,middle
19335,3,0.716370744838,0,0,0,0,middle
19338,5,0.715896817665,23.0544385037396,6.962636294460066e-4,0.7840763663623929,41.41868775860297,middle
19341,5,0.713148026543,20.798257475714006,6.281250455891275e-4,0.7073441474439782,37.36532261108406,middle
19342,4,0.716140261269,0,0,0,0,middle
19343,3,0.716010907737,0,0,0,0,middle
19344,3,0.716475159663,0,0,0,0,middle
19346,3,0.715029652493,0,0,0,0,middle
19347,7,0.711439063552,22.223369738818104,6.711646466844186e-4,0.7558119010495105,39.925622652088755,middle
19349,3,0.715306240957,0,0,0,0,middle
19353,3,0.715129682203,0,0,0,0,middle
19357,4,0.715177707167,0,0,0,0,middle
19358,5,0.7181996239,21.711291065875358,6.55699435708789e-4,0.7383962183770612,39.0056424643685,middle
19359,8,0.711809279667,0,0,0,0,middle
19362,4,0.715156720975,0,0,0,0,middle
19363,8,0.71167781668,0,0,0,0,middle
19364,3,0.715311177656,0,0,0,0,middle
19365,3,0.711437972367,0,0,0,0,middle
19369,3,0.715616835313,0,0,0,0,middle
19370,3,0.712788853725,0,0,0,0,middle
19373,4,0.715842246852,0,0,0,0,middle
19374,7,0.711459857066,22.210882522693165,6.707875221485329e-4,0.7553872135845073,39.903188615988974,middle
19375,3,0.715454058115,0,0,0,0,middle
19376,3,0.714497336782,0,0,0,0,middle
19377,4,0.717385836545,0,0,0,0,middle
19379,3,0.710844572346,0,0,0,0,middle
19380,7,0.71191954783,23.3635062599409,7.055977382616494e-4,0.7945876925524792,41.97394660337063,middle
19381,4,0.713121795881,0,0,0,0,middle
19382,3,0.711350629528,0,0,0,0,middle
19383,4,0.717630519833,0,0,0,0,middle
19384,4,0.716109179568,0,0,0,0,middle
19385,4,0.716176602919,0,0,0,0,middle
19386,5,0.715807743771,22.96847536774988,6.936674697063948e-4,0.7811527790758491,41.26424980567988,middle
19387,3,0.711307470695,0,0,0,0,middle
19388,3,0.715187312187,0,0,0,0,middle
19389,3,0.715746323184,0,0,0,0,middle
19393,8,0.711631002624,0,0,0,0,middle
19394,3,0.716044559004,0,0,0,0,middle
19396,4,0.716120091639,0,0,0,0,middle
19398,4,0.715924805746,0,0,0,0,middle
19401,3,0.711521799443,0,0,0,0,middle
19405,3,0.716879993862,0,0,0,0,middle
19407,3,0.71532581269,0,0,0,0,middle
19409,3,0.7149649473,0,0,0,0,middle
19411,3,0.714160271028,0,0,0,0,middle
19412,3,0.714002171732,0,0,0,0,middle
19413,4,0.711876763946,0,0,0,0,middle
19415,3,0.709859614274,0,0,0,0,middle
19416,3,0.711499305903,0,0,0,0,middle
19419,5,0.715538008505,19.49228378214053,5.886835305116304e-4,0.6629282702992858,35.01906218811626,middle
19420,4,0.710351446628,0,0,0,0,middle
19422,4,0.71596096943,0,0,0,0,middle
19423,3,0.715773427673,0,0,0,0,middle
19424,4,0.715901983541,0,0,0,0,middle
19425,3,0.715842073875,0,0,0,0,middle
19426,3,0.715854729294,0,0,0,0,middle
19428,5,0.714028692707,19.80739775381284,5.982002401712528e-4,0.6736452269433945,35.585183423250726,middle
19429,4,0.714454503502,0,0,0,0,middle
19431,3,0.714997181803,0,0,0,0,middle
19432,3,0.711769065774,0,0,0,0,middle
19489,7,0.711922891304,0,0,0,0,middle
19490,6,0.712899340729,0,0,0,0,middle
19505,3,0.713985551779,0,0,0,0,middle
19581,5,0.715759779677,22.91721288196968,6.921192990841541e-4,0.77940935324595,41.17215366150723,middle
19647,5,0.71232108943,23.27597076204482,7.029540918566154e-4,0.7916106295844547,41.816683807550916,middle
19648,5,0.713737632467,19.912719014965848,6.013810317371081e-4,0.6772271797952134,35.77439941432035,middle
19649,7,0.711909178315,23.369835122202367,7.057888752788323e-4,0.7948029357614766,41.98531678572542,middle
19650,5,0.712345353847,23.25354276606834,7.022767473237069e-4,0.7908478583902148,41.77639056153453,middle
19434,3,0.71609761953,0,0,0,0,middle
19435,7,0.711928652563,23.357802252772743,7.054254723991499e-4,0.7943937005273258,41.96369901083732,middle
19436,4,0.715147846376,0,0,0,0,middle
19437,3,0.714995706259,0,0,0,0,middle
19438,4,0.714208395211,0,0,0,0,middle
19441,3,0.714813255177,0,0,0,0,middle
19442,4,0.714870893101,0,0,0,0,middle
19443,3,0.705085833221,0,0,0,0,middle
19444,5,0.712379366114,23.220538616238088,7.012799939591057e-4,0.7897253945371225,41.717096617926416,middle
19447,7,0.711475018526,22.20131808266529,6.704986679339162e-4,0.755061929089631,39.88600552323935,middle
19448,4,0.715962119608,0,0,0,0,middle
19449,4,0.713066151259,0,0,0,0,middle
19451,3,0.714116469325,0,0,0,0,middle
19452,3,0.715259278483,0,0,0,0,middle
19453,3,0.71446644975,0,0,0,0,middle
19454,3,0.713833903882,0,0,0,0,middle
19455,3,0.71307636346,0,0,0,0,middle
19457,4,0.715071289159,0,0,0,0,middle
19460,4,0.716103358947,0,0,0,0,middle
19461,5,0.713222180224,20.772939521139637,6.273604218513063e-4,0.706483089395517,37.319837380331975,middle
19462,4,0.710914768366,0,0,0,0,middle
19463,4,0.715933270284,0,0,0,0,middle
19464,4,0.717210497759,0,0,0,0,middle
19465,4,0.716069305187,0,0,0,0,middle
19466,3,0.715769703842,0,0,0,0,middle
19468,5,0.713379466069,20.69636869092669,6.250479177256858e-4,0.7038789323559524,37.18227327060566,middle
19470,3,0.715104881387,0,0,0,0,middle
19471,3,0.714904939364,0,0,0,0,middle
19475,5,0.713337814964,20.707823724961337,6.253938694855215e-4,0.7042685155358243,37.202852929393195,middle
19476,8,0.711455712775,0,0,0,0,middle
19477,3,0.710677447971,0,0,0,0,middle
19478,5,0.715785733011,22.945380866233684,6.929699961399358e-4,0.7803673401752733,41.22275914230568,middle
19479,3,0.711581871738,0,0,0,0,middle
19480,4,0.715925490473,0,0,0,0,middle
19481,5,0.715358242689,0,0,0,0,middle
19484,3,0.716385719724,0,0,0,0,middle
19486,3,0.714072656099,0,0,0,0,middle
19487,3,0.714633181354,0,0,0,0,middle
19488,5,0.713293892948,20.132066048157046,6.080054984927458e-4,0.6846871239933351,36.16846957469526,middle
19491,3,0.71482066726,0,0,0,0,middle
19492,3,0.711355100319,0,0,0,0,middle
19494,5,0.713395920041,20.691188808040433,6.248914808617863e-4,0.7037027656819743,37.17296729892229,middle
19496,8,0.71137384177,0,0,0,0,middle
19497,4,0.710902629408,0,0,0,0,middle
19498,5,0.715257261634,0,0,0,0,middle
19499,3,0.715282515574,0,0,0,0,middle
19500,3,0.715998587879,0,0,0,0,middle
19502,4,0.715868984443,0,0,0,0,middle
19503,3,0.71599878785,0,0,0,0,middle
19507,5,0.715683349838,21.768063948595003,6.574140250001344e-4,0.740327051590957,39.107638368633935,middle
19509,3,0.714950728944,0,0,0,0,middle
19510,3,0.714103482689,0,0,0,0,middle
19511,4,0.713979594363,0,0,0,0,middle
19513,7,0.711528684699,23.11951740557497,6.982290675712902e-4,0.7862896854536237,41.53560592663186,middle
19514,4,0.715524719243,0,0,0,0,middle
19515,4,0.717057688822,0,0,0,0,middle
19517,3,0.712372687317,0,0,0,0,middle
19518,4,0.715052843553,0,0,0,0,middle
19519,3,0.714974350379,0,0,0,0,middle
19521,6,0.710347700038,20.79378919873747,6.279900998282691e-4,0.7071921823299679,37.35729508229042,middle
19522,5,0.71550194548,19.469278856617354,5.879887622162628e-4,0.6621458778584669,34.977732453410304,middle
19523,3,0.71547030444,0,0,0,0,middle
19524,3,0.715061506341,0,0,0,0,middle
19525,4,0.712166299199,0,0,0,0,middle
19527,3,0.714728237745,0,0,0,0,middle
19529,8,0.711164341556,0,0,0,0,middle
19531,7,0.711904247482,23.372781943362355,7.058778717814299e-4,0.7949031564988878,41.990610927479786,middle
19532,5,0.714005624378,19.79955165261138,5.979632812490634e-4,0.673378382772839,35.57108742972944,middle
19533,5,0.713388251509,20.693649036677776,6.249657818567997e-4,0.7037864375150609,37.17738724789343,middle
19536,3,0.714469395523,0,0,0,0,middle
19538,3,0.722754161435,0,0,0,0,middle
19539,4,0.715381219449,0,0,0,0,middle
19540,3,0.714946981435,0,0,0,0,middle
19541,3,0.715810357153,0,0,0,0,middle
19542,5,0.713466625643,0,0,0,0,middle
19543,7,0.711920721671,23.362778582333934,7.055757617796973e-4,0.7945629443976343,41.97263928670851,middle
19544,3,0.713824361348,0,0,0,0,middle
19545,4,0.711853547327,0,0,0,0,middle
19546,4,0.713836908775,0,0,0,0,middle
19548,3,0.711276500341,0,0,0,0,middle
19549,3,0.716518420619,0,0,0,0,middle
19550,3,0.71439908292,0,0,0,0,middle
19553,3,0.710765621423,0,0,0,0,middle
19554,4,0.715092731388,0,0,0,0,middle
19558,4,0.710493317095,0,0,0,0,middle
19559,3,0.710758464807,0,0,0,0,middle
19561,3,0.705087204147,0,0,0,0,middle
19562,3,0.713976674151,0,0,0,0,middle
19563,5,0.713477642929,21.732537174420372,6.563410862371571e-4,0.7391187938405501,39.04381237840777,middle
19564,3,0.714384206904,0,0,0,0,middle
19565,3,0.714393140403,0,0,0,0,middle
19566,5,0.713564105658,20.528983962064036,0.00061999275670700205,0.6981862146621386,36.881556520588255,middle
19567,3,0.716863499764,0,0,0,0,middle
19568,3,0.71086991504099994,0,0,0,0,middle
19569,4,0.715406172868,0,0,0,0,middle
19571,5,0.713503674305,20.525279564887104,6.1988088076507e-4,0.6980602289315565,36.87490134787692,middle
19572,5,0.713644045012,0,0,0,0,middle
19573,5,0.713613862676,20.528309767059707,6.199723954450875e-4,0.698163285438808,36.880345288643994,middle
19574,3,0.71389357546,0,0,0,0,middle
19575,3,0.71513817868,0,0,0,0,middle
19577,3,0.714415349552,0,0,0,0,middle
19578,3,0.712984530172,0,0,0,0,middle
19579,3,0.71498523324,0,0,0,0,middle
19580,5,0.713861662546,19.734351940827736,5.95994194560704e-4,0.6711609549619252,35.45395221934991,middle
19583,4,0.714401638916,0,0,0,0,middle
19584,3,0.713861343948,0,0,0,0,middle
19586,5,0.713669678301,20.523551197055504,6.198286825881657e-4,0.6980014475229822,36.87179623093653,middle
19587,3,0.715212020004,0,0,0,0,middle
19588,4,0.715834371699,0,0,0,0,middle
19589,3,0.710226522088,0,0,0,0,middle
19590,3,0.71552276378,0,0,0,0,middle
19591,3,0.714479840442,0,0,0,0,middle
19592,4,0.714330259062,0,0,0,0,middle
19593,3,0.714441984051,0,0,0,0,middle
19594,5,0.715488380977,20.0659675582751,6.060092679422321e-4,0.6824391289376207,36.04971965531242,middle
19595,4,0.713718786194,0,0,0,0,middle
19596,3,0.704989699322,0,0,0,0,middle
19597,3,0.715049880065,0,0,0,0,middle
19598,6,0.712132906559,23.193974988586604,7.004777498360544e-4,0.7888219714221766,41.66937346044183,middle
19599,4,0.711991431531,0,0,0,0,middle
19600,6,0.710330838689,20.777469625014724,6.27497234837028e-4,0.7066371572287043,37.32797598487383,middle
19602,8,0.711077515659,0,0,0,0,middle
19604,3,0.710771700493,0,0,0,0,middle
19605,6,0.710502193509,20.92186146329197,6.318579910256895e-4,0.7115478917872773,37.58738462167606,middle
19606,5,0.713566491797,20.529028416611077,6.199940992720905e-4,0.6981877265514741,36.88163638586032,middle
19607,3,0.71130331082,0,0,0,0,middle
19609,3,0.711273423757,0,0,0,0,middle
19610,8,0.711038905799,0,0,0,0,middle
19611,4,0.711966777774,0,0,0,0,middle
19612,3,0.713080377431,0,0,0,0,middle
19614,3,0.71434552387,0,0,0,0,middle
19615,3,0.711476207907,0,0,0,0,middle
19616,3,0.715011725403,0,0,0,0,middle
19617,3,0.710428537055,0,0,0,0,middle
19618,7,0.71192194831,23.362015732412605,7.055527230639697e-4,0.7945370000401389,41.97126878086456,middle
19619,6,0.71168198445,24.107532583681653,7.280679653498986e-4,0.8198918636474287,43.31063472015998,middle
19620,3,0.710993412767,0,0,0,0,middle
19621,3,0.715873171529,0,0,0,0,middle
19622,6,0.711947583605,23.345502449708547,7.050540078969215e-4,0.7939753869391644,41.941601673592444,middle
19623,5,0.713733618163,0,0,0,0,middle
19624,5,0.713624475655,20.527730743008483,6.199549084268121e-4,0.6981435929585922,36.87930503705086,middle
19625,3,0.715173955979,0,0,0,0,middle
19626,3,0.714504646413,0,0,0,0,middle
19627,6,0.712012510177,23.298821975849364,7.036442179274897e-4,0.7923877943236406,41.857737389893515,middle
19628,6,0.712252890173,23.333997445729164,7.047065470023012e-4,0.7935841042924985,41.920932240788595,middle
19631,4,0.715851682141,0,0,0,0,middle
19632,3,0.711354418182,0,0,0,0,middle
19633,4,0.715413177584,0,0,0,0,middle
19636,3,0.715578839423,0,0,0,0,middle
19639,4,0.714046923059,0,0,0,0,middle
19641,3,0.715949223553,0,0,0,0,middle
19642,7,0.711927411962,23.358587563059732,7.054491894370024e-4,0.7944204087569012,41.965109868081356,middle
19643,4,0.715505767308,0,0,0,0,middle
19644,3,0.704972839478,0,0,0,0,middle
19645,3,0.714663014283,0,0,0,0,middle
19646,5,0.712293861377,23.30002597500341,7.036805797248377e-4,0.7924287420691976,41.85990044691245,middle
19651,3,0.716066672133,0,0,0,0,middle
19653,3,0.714401907812,0,0,0,0,middle
19656,3,0.710438630973,0,0,0,0,middle
19658,3,0.713772838111,0,0,0,0,middle
19659,8,0.711025501226,0,0,0,0,middle
19660,4,0.715676031981,0,0,0,0,middle
19661,3,0.710798137257,0,0,0,0,middle
19662,4,0.715474637826,0,0,0,0,middle
19663,4,0.71375482179,0,0,0,0,middle
19664,3,0.717375047529,0,0,0,0,middle
19665,3,0.715439058508,0,0,0,0,middle
19666,3,0.711085110852,0,0,0,0,middle
19667,7,0.711908673189,23.37013885793429,7.057980483559848e-4,0.7948132657466976,41.98586246526733,middle
19669,5,0.713785358945,0,0,0,0,middle
19670,3,0.715054604422,0,0,0,0,middle
19673,5,0.713826509755,0,0,0,0,middle
19675,3,0.715824623409,0,0,0,0,middle
19676,6,0.711690032508,24.317118835775005,7.343976482237988e-4,0.8270198458342087,43.687169049223876,middle
19679,3,0.715530356518,0,0,0,0,middle
19680,3,0.713547763731,0,0,0,0,middle
19681,5,0.712464496476,23.12997420661429,6.985448718465862e-4,0.7866453189495924,41.55439219970162,middle
19682,3,0.715058462313,0,0,0,0,middle
19684,5,0.712656436796,23.148104464086163,6.990924210253749e-4,0.7872619250056218,41.58696429956381,middle
19685,3,0.713819660417,0,0,0,0,middle
19686,4,0.715384012846,0,0,0,0,middle
19688,4,0.715859658434,0,0,0,0,middle
19690,3,0.722541603963,0,0,0,0,middle
19692,4,0.714088051814,0,0,0,0,middle
19693,8,0.711006876877,0,0,0,0,middle
19694,3,0.715185043323,0,0,0,0,middle
19697,3,0.713220675212,0,0,0,0,middle
19698,3,0.715909657606,0,0,0,0,middle
19699,4,0.715867985104,0,0,0,0,middle
19702,3,0.714048986362,0,0,0,0,middle
19703,3,0.712381383748,0,0,0,0,middle
19704,3,0.713155988813,0,0,0,0,middle
19705,4,0.711137481268,0,0,0,0,middle
19706,4,0.715282893198,0,0,0,0,middle
19707,5,0.715505367628,19.471538301800866,5.880569993803884e-4,0.6622227210905931,34.98179168280981,middle
19709,4,0.713007122389,0,0,0,0,middle
19710,3,0.715087837016,0,0,0,0,middle
19711,4,0.720197329474,0,0,0,0,middle
19712,4,0.711183822822,0,0,0,0,middle
19713,5,0.713847960975,18.29066511922072,5.523936260180165e-4,0.6220614847203363,32.86028186491243,middle
19714,5,0.712666812376,23.137041851313313,6.987583207210395e-4,0.7868856879862728,41.56708964921574,middle
19716,3,0.715200559563,0,0,0,0,middle
19717,3,0.716091928708,0,0,0,0,middle
19718,3,0.710151893135,0,0,0,0,middle
19720,3,0.715382180128,0,0,0,0,middle
19721,3,0.720288782026,0,0,0,0,middle
19724,3,0.714421405953,0,0,0,0,middle
19725,3,0.714651094627,0,0,0,0,middle
19726,3,0.714078354741,0,0,0,0,middle
19727,4,0.713050665003,0,0,0,0,middle
19728,3,0.711749029792,0,0,0,0,middle
19729,4,0.71423791939,0,0,0,0,middle
19730,3,0.713126078086,0,0,0,0,middle
19731,3,0.713828637207,0,0,0,0,middle
19733,3,0.715824684013,0,0,0,0,middle
19734,5,0.715511522986,19.47556202711675,5.881785193034123e-4,0.6623595671007186,34.9890205477617,middle
19735,6,0.711731581524,24.297137107932542,7.337941830668426e-4,0.8263402716794176,43.651270671293304,middle
19736,4,0.713071432537,0,0,0,0,middle
19738,3,0.713165704976,0,0,0,0,middle
19740,3,0.715564715517,0,0,0,0,middle
19741,3,0.715137495671,0,0,0,0,middle
19742,3,0.710766061854,0,0,0,0,middle
19743,3,0.715090394932,0,0,0,0,middle
19745,4,0.710914503806,0,0,0,0,middle
19749,4,0.715856412605,0,0,0,0,middle
19752,3,0.71011780722,0,0,0,0,middle
19767,3,0.710779370904,0,0,0,0,middle
19768,3,0.714543821707,0,0,0,0,middle
19792,3,0.713058915961,0,0,0,0,middle
19940,4,0.714084612892,0,0,0,0,middle
19993,4,0.711040679325,0,0,0,0,middle
19994,3,0.715346654012,0,0,0,0,middle
20017,6,0.711803869665,23.423965660106898,7.07423663511873e-4,0.7966439034112653,42.082565558334196,middle
20039,3,0.712037819069,0,0,0,0,middle
19753,3,0.71534625244,0,0,0,0,middle
19754,4,0.713096340358,0,0,0,0,middle
19755,3,0.71373760111,0,0,0,0,middle
19757,4,0.71402373395,0,0,0,0,middle
19759,3,0.714326138464,0,0,0,0,middle
19764,4,0.711357191709,0,0,0,0,middle
19765,3,0.714559872193,0,0,0,0,middle
19769,3,0.715606021635,0,0,0,0,middle
19771,3,0.715115421377,0,0,0,0,middle
19772,4,0.713486212185,0,0,0,0,middle
19773,5,0.713928582745,19.768132834195548,5.970144062400466e-4,0.672309835691335,35.514641629520575,middle
19774,4,0.713991347018,0,0,0,0,middle
19775,4,0.714026582337,0,0,0,0,middle
19777,4,0.715796543461,0,0,0,0,middle
19778,5,0.712679330579,23.123479007849312,6.983487113256808e-4,0.7864244186728141,41.54272318379681,middle
19779,4,0.714019888454,0,0,0,0,middle
19780,5,0.712734699658,22.662471991180706,6.844259077590836e-4,0.770745671760871,40.71449630354445,middle
19782,5,0.71550889031,19.473847401731753,5.881267361600707e-4,0.6623012530697209,34.985940119954584,middle
19783,5,0.712695034248,23.10613195825614,6.97824815690228e-4,0.7858344493439182,41.5115581640755,middle
19788,3,0.714019345275,0,0,0,0,middle
19789,6,0.710395302532,20.837385966585508,6.293067592563035e-4,0.7086748987844975,37.435619302352826,middle
19790,7,0.711886975459,23.382785567159257,7.061799897189937e-4,0.7952433775368393,42.00858304033047,middle
19794,3,0.71008556721,0,0,0,0,middle
19795,4,0.712979438803,0,0,0,0,middle
19796,5,0.715524667097,19.483980720998236,5.884327710110029e-4,0.6626458850219745,35.00414523853029,middle
19797,4,0.713006462021,0,0,0,0,middle
19798,3,0.713263417044,0,0,0,0,middle
19799,3,0.714498590218,0,0,0,0,middle
19800,3,0.714511562102,0,0,0,0,middle
19801,4,0.715344163612,0,0,0,0,middle
19802,5,0.715507044162,0,0,0,0,middle
19803,3,0.715705830408,0,0,0,0,middle
19804,4,0.713527534041,0,0,0,0,middle
19805,6,0.711766584807,0,0,0,0,middle
19806,3,0.710931831507,0,0,0,0,middle
19807,3,0.710692325053,0,0,0,0,middle
19809,3,0.711915367977,0,0,0,0,middle
19811,3,0.711354289768,0,0,0,0,middle
19812,3,0.713747860123,0,0,0,0,middle
19817,3,0.713084467267,0,0,0,0,middle
19818,3,0.714527197934,0,0,0,0,middle
19820,3,0.715405557555,0,0,0,0,middle
19821,3,0.713045475347,0,0,0,0,middle
19822,6,0.710318296351,20.765033730550872,6.271216602589092e-4,0.7062142152020702,37.30563415123022,middle
19826,3,0.71267491185,0,0,0,0,middle
19828,7,0.711792448845,23.4287223220403,7.075673187434356e-4,0.7968056764340241,42.0911111880775,middle
19831,3,0.715167538616,0,0,0,0,middle
19833,4,0.711802669295,0,0,0,0,middle
19834,3,0.7106972809,0,0,0,0,middle
19838,6,0.710276616213,19.92496988572892,6.017510184422706e-4,0.677643829206611,35.79640884173817,middle
19839,3,0.713024656579,0,0,0,0,middle
19843,3,0.711662313767,0,0,0,0,middle
19844,3,0.714122032192,0,0,0,0,middle
19846,5,0.712714822783,22.683524105239858,6.850616994891646e-4,0.7714616495147023,40.752317694802066,middle
19848,3,0.713202467782,0,0,0,0,middle
19849,4,0.71308744623,0,0,0,0,middle
19851,4,0.713632584972,0,0,0,0,middle
19852,3,0.715765225151,0,0,0,0,middle
19856,3,0.711560186727,0,0,0,0,middle
19857,3,0.715369534318,0,0,0,0,middle
19858,4,0.711511447527,0,0,0,0,middle
19859,4,0.710457967613,0,0,0,0,middle
19860,4,0.713570445624,0,0,0,0,middle
19861,3,0.712996503565,0,0,0,0,middle
19863,4,0.711509871263,0,0,0,0,middle
19864,4,0.710724738512,0,0,0,0,middle
19865,6,0.711767158219,23.438477199321337,7.078619243248898e-4,0.797137437657859,42.10863641282592,middle
19867,3,0.714334926961,0,0,0,0,middle
19868,6,0.710210623583,19.864487181784426,5.999243893981379e-4,0.6755868257914605,35.68774802013253,middle
19870,4,0.711912026885,0,0,0,0,middle
19873,4,0.715454646686,0,0,0,0,middle
19874,3,0.713108319517,0,0,0,0,middle
19875,3,0.715661312044,0,0,0,0,middle
19876,4,0.713957756527,0,0,0,0,middle
19878,3,0.712381006524,0,0,0,0,middle
19879,5,0.712321703519,23.275414655296196,7.029372969603487e-4,0.7915917165166435,41.81568472827263,middle
19880,3,0.714594172765,0,0,0,0,middle
19881,5,0.712106551703,23.21894392023929,7.012318327851173e-4,0.7896711592780862,41.714231650487136,middle
19885,3,0.713938664778,0,0,0,0,middle
19886,4,0.715287113291,0,0,0,0,middle
19888,5,0.712428205997,23.169965828274513,6.997526527968819e-4,0.7880054251777794,41.62623955743433,middle
19889,7,0.711757608846,24.28311966772502,7.333708444636123e-4,0.8258635416310223,43.62608749543603,middle
19890,5,0.71397197372,0,0,0,0,middle
19893,4,0.71201834743,0,0,0,0,middle
19894,4,0.711242746427,0,0,0,0,middle
19895,3,0.713736779912,0,0,0,0,middle
19896,4,0.713934937309,0,0,0,0,middle
19901,5,0.711929438458,23.357303455049916,7.05410408284151e-4,0.7943767365268363,41.96280289067662,middle
19902,4,0.712721759263,0,0,0,0,middle
19903,4,0.715450157129,0,0,0,0,middle
19904,3,0.715142707511,0,0,0,0,middle
19905,4,0.711737506366,0,0,0,0,middle
19906,5,0.713995005327,19.795697641866656,5.97846886850275e-4,0.6732473087178299,35.56416346722963,middle
19907,3,0.71522358228,0,0,0,0,middle
19908,3,0.712025456977,0,0,0,0,middle
19909,3,0.714239955333,0,0,0,0,middle
19910,4,0.713677226504,0,0,0,0,middle
19911,6,0.711838570268,23.408173590190138,7.069467295837305e-4,0.7961068185980452,42.05419415328617,middle
19916,7,0.711705892647,24.30983941557722,7.341778035493622e-4,0.8267722743595454,43.67409113226715,middle
19919,3,0.713539547009,0,0,0,0,middle
19920,3,0.712566008305,0,0,0,0,middle
19922,3,0.715180279219,0,0,0,0,middle
19924,3,0.711733814152,0,0,0,0,middle
19925,3,0.714650992674,0,0,0,0,middle
19927,3,0.715486649129,0,0,0,0,middle
19929,3,0.713935879679,0,0,0,0,middle
19931,3,0.711887691336,0,0,0,0,middle
19934,3,0.714115455404,0,0,0,0,middle
19935,3,0.714067965977,0,0,0,0,middle
19938,4,0.715538678369,0,0,0,0,middle
19942,3,0.714568879417,0,0,0,0,middle
19944,6,0.711815403906,23.418940018580532,7.072718848680829e-4,0.7964729824519025,42.07353669054661,middle
19945,5,0.712510314505,22.777035990847647,6.878858378805228e-4,0.7746419681100634,40.920317431212,middle
19947,4,0.713139821491,0,0,0,0,middle
19949,3,0.711380410665,0,0,0,0,middle
19951,3,0.712472484097,0,0,0,0,middle
19953,3,0.712107853552,0,0,0,0,middle
19959,3,0.7155526846,0,0,0,0,middle
19961,4,0.711999683425,0,0,0,0,middle
19962,3,0.713200327819,0,0,0,0,middle
19963,4,0.715472853774,0,0,0,0,middle
19966,5,0.713306867173,20.12760169593388,6.078706712627734e-4,0.6845352923593209,36.1604490969575,middle
19967,4,0.712357997137,0,0,0,0,middle
19969,3,0.714782351548,0,0,0,0,middle
19971,6,0.71021592879,19.86960168142099,6.000788516323483e-4,0.6757607687955439,35.69693652686862,middle
19972,7,0.711676531267,24.110155172618594,7.281471697638983e-4,0.8199810573184785,43.31534635919125,middle
19973,3,0.712999994801,0,0,0,0,middle
19975,4,0.71413624113,0,0,0,0,middle
19977,4,0.713487466298,0,0,0,0,middle
19978,3,0.714266604465,0,0,0,0,middle
19979,3,0.713337205047,0,0,0,0,middle
19980,4,0.715401685378,0,0,0,0,middle
19982,5,0.712219946688,0,0,0,0,middle
19983,3,0.715239221083,0,0,0,0,middle
19984,4,0.713614321733,0,0,0,0,middle
19987,3,0.713230220105,0,0,0,0,middle
19989,3,0.713992639255,0,0,0,0,middle
19990,3,0.712331070951,0,0,0,0,middle
19992,3,0.711718112538,0,0,0,0,middle
19996,3,0.713076115691,0,0,0,0,middle
19998,3,0.712803770183,0,0,0,0,middle
19999,5,0.71396357943,19.783398641499357,5.974754465901748e-4,0.6728290224292126,35.542067572078096,middle
20000,3,0.71321932019,0,0,0,0,middle
20004,3,0.711806980618,0,0,0,0,middle
20007,4,0.714504219212,0,0,0,0,middle
20008,3,0.712694892499,0,0,0,0,middle
20009,3,0.713140626318,0,0,0,0,middle
20010,4,0.714542727112,0,0,0,0,middle
20011,3,0.713782430961,0,0,0,0,middle
20013,3,0.714472971879,0,0,0,0,middle
20015,3,0.714756448347,0,0,0,0,middle
20016,5,0.713963790314,19.783485621635194,5.974780734641738e-4,0.6728319806044396,35.54222383713251,middle
20019,3,0.713956305795,0,0,0,0,middle
20020,5,0.71398997879,19.79382013413399,5.97790184521652e-4,0.6731834550941294,35.56079041147159,middle
20021,4,0.71415065415,0,0,0,0,middle
20022,3,0.713445997493,0,0,0,0,middle
20023,4,0.712716668953,0,0,0,0,middle
20024,3,0.710399750112,0,0,0,0,middle
20025,3,0.714296575467,0,0,0,0,middle
20026,7,0.711667049787,24.114594209018815,7.282812324345098e-4,0.8201320279669404,43.32332135552786,middle
20027,4,0.713395550847,0,0,0,0,middle
20029,4,0.714633999239,0,0,0,0,middle
20030,6,0.71179845567,23.426247783713926,7.074925855836561e-4,0.7967215179315711,42.086665530887885,middle
20031,3,0.711687442484,0,0,0,0,middle
20034,4,0.712940682816,0,0,0,0,middle
20036,6,0.712042941763,23.27455575809933,7.029113575352998e-4,0.7915625056125006,41.81414166771151,middle
20037,4,0.710971720392,0,0,0,0,middle
20041,4,0.712773833107,0,0,0,0,middle
20042,3,0.712730089152,0,0,0,0,middle
20043,3,0.713036448475,0,0,0,0,middle
20046,4,0.711850060237,0,0,0,0,middle
20047,3,0.711873080572,0,0,0,0,middle
20048,4,0.710963441996,0,0,0,0,middle
20051,3,0.7109316783,0,0,0,0,middle
20054,5,0.713962576494,19.782984153722424,5.974629287071701e-4,0.6728149257913792,35.541322919814725,middle
20056,4,0.712747843322,0,0,0,0,middle
20058,3,0.713568547386,0,0,0,0,middle
20059,6,0.71007041597,19.71349996934374,5.953644473064303e-4,0.6704517840129119,35.41649039628677,middle
20060,4,0.713514864349,0,0,0,0,middle
20063,3,0.713295416354,0,0,0,0,middle
20064,4,0.713285153861,0,0,0,0,middle
20065,3,0.714708387097,0,0,0,0,middle
20066,3,0.71098145795,0,0,0,0,middle
20071,4,0.713271065568,0,0,0,0,middle
20072,3,0.712867051196,0,0,0,0,middle
20073,3,0.714726782986,0,0,0,0,middle
20074,3,0.713154183264,0,0,0,0,middle
20076,3,0.71318151380000006,0,0,0,0,middle
20077,4,0.713017732236,0,0,0,0,middle
20078,3,0.713261194926,0,0,0,0,middle
20079,3,0.713599868865,0,0,0,0,middle
20080,4,0.712789722207,0,0,0,0,middle
20082,3,0.714502063563,0,0,0,0,middle
20083,3,0.714643960528,0,0,0,0,middle
20084,4,0.714205742283,0,0,0,0,middle
20085,5,0.71394309637,19.774664245812662,5.972116604198523e-4,0.6725319675592237,35.526375703996,middle
20089,3,0.714702728574,0,0,0,0,middle
20090,4,0.712863794976,0,0,0,0,middle
20091,6,0.711830231929,23.4121521488357,7.070668854349377e-4,0.7962421284996793,42.061341873593605,middle
20094,4,0.712859972023,0,0,0,0,middle
20096,3,0.711903051756,0,0,0,0,middle
20099,3,0.714217282105,0,0,0,0,middle
20100,3,0.712630972271,0,0,0,0,middle
20101,4,0.712640804815,0,0,0,0,middle
20105,3,0.712582491051,0,0,0,0,middle
20106,3,0.714300594663,0,0,0,0,middle
20107,4,0.712729266487,0,0,0,0,middle
20108,3,0.712722614876,0,0,0,0,middle
20109,4,0.712014396609,0,0,0,0,middle
20114,4,0.712651538121,0,0,0,0,middle
20116,3,0.713073476152,0,0,0,0,middle
20117,6,0.712022661017,23.290896507550453,7.034048620515284e-4,0.7921182508956139,41.84349880859994,middle
20120,3,0.712934993882,0,0,0,0,middle
20123,6,0.711833645259,23.41053755853904,7.07018123436252e-4,0.7961872166399625,42.058441164849626,middle
20126,4,0.712601850145,0,0,0,0,middle
20127,3,0.711438136449,0,0,0,0,middle
20129,6,0.711921134428,23.362522166318353,7.055680177981804e-4,0.7945542237455248,41.972178619887934,middle
20130,3,0.71276683619,0,0,0,0,middle
20138,3,0.71269669912,0,0,0,0,middle
20140,3,0.712814140917,0,0,0,0,middle
20144,3,0.713589904773,0,0,0,0,middle
20145,6,0.709956363509,19.56852347161191,5.909860339055244e-4,0.6655211653152985,35.156031383549745,middle
20147,5,0.713892464077,19.750647680587527,5.964863397460148e-4,0.6717151694753678,35.48322849761609,middle
20148,3,0.713166802431,0,0,0,0,middle
20151,6,0.711990607119,23.315346260239636,7.041432653548084e-4,0.7929497815895358,41.88742426235775,middle
20153,3,0.712830284303,0,0,0,0,middle
20155,5,0.712955770231,0,0,0,0,middle
20159,3,0.712092892305,0,0,0,0,middle
20160,5,0.713846991368,0,0,0,0,middle
20161,4,0.712045702109,0,0,0,0,middle
20162,3,0.714157259528,0,0,0,0,middle
20163,3,0.712901552816,0,0,0,0,middle
20164,4,0.712874942748,0,0,0,0,middle
20166,5,0.712682465986,23.1200450583904,6.982450031346003e-4,0.7863076308094454,41.536553886704866,middle
20167,3,0.712981072113,0,0,0,0,middle
20168,3,0.713400671587,0,0,0,0,middle
20170,3,0.712949683913,0,0,0,0,middle
20171,3,0.714200000319,0,0,0,0,middle
20172,3,0.711546736398,0,0,0,0,middle
20173,3,0.712804525751,0,0,0,0,middle
20174,3,0.714276568343,0,0,0,0,middle
20178,3,0.713577421925,0,0,0,0,middle
20179,3,0.711042497687,0,0,0,0,middle
20182,3,0.712970893994,0,0,0,0,middle
20187,3,0.713482774184,0,0,0,0,middle
20188,5,0.713807673424,18.28135031524398,5.521123110242304e-4,0.6217446902924748,32.84354725836877,middle
20192,5,0.713104178543,20.809642735895302,6.284688901193133e-4,0.7077313576304936,37.38577691694031,middle
20199,3,0.714232578193,0,0,0,0,middle
20204,4,0.712557620133,0,0,0,0,middle
20205,4,0.713599141484,0,0,0,0,middle
20206,3,0.712939545659,0,0,0,0,middle
20207,5,0.713702572367,20.51876591902382,6.196841631261234e-4,0.6978387012730354,36.8631991906486,middle
20210,3,0.712968251267,0,0,0,0,middle
20211,6,0.712441603419,23.155440865754283,6.99313986588626e-4,0.7875114344075177,41.60014458716502,middle
20212,6,0.71203971676,23.277199292645825,7.029911945245031e-4,0.7916524116391096,41.818890936792286,middle
20213,6,0.711922432584,23.361713874030276,7.055436066843699e-4,0.7945267339031634,41.970726474094306,middle
20215,6,0.711950057468,23.343851313129644,7.050041421694629e-4,0.7939192321484526,41.938635307250564,middle
20216,3,0.713162557579,0,0,0,0,middle
20217,5,0.712591232891,22.680999641793793,6.84985458548355e-4,0.7713757930699451,40.747782344127025,middle
20218,4,0.712493300676,0,0,0,0,middle
20219,6,0.712399962698,23.19966721411963,7.006496598831634e-4,0.7890155627565189,41.67959988655782,middle
20220,5,0.713252051231,0,0,0,0,middle
20233,4,0.711534862197,0,0,0,0,middle
20235,6,0.712181440499,23.38680615647275,7.063014149320811e-4,0.7953801168922154,42.01580627126513,middle
20236,3,0.713418931163,0,0,0,0,middle
20262,6,0.711998400513,23.309557153096417,7.039684294007627e-4,0.7927528953330085,41.87702378259212,middle
20299,3,0.714034354741,0,0,0,0,middle
20348,3,0.713268099461,0,0,0,0,middle
20349,3,0.712255863458,0,0,0,0,middle
20221,6,0.711976116196,23.325844464960397,7.044603200564598e-4,0.7933068232155743,41.906284919635716,middle
20222,3,0.71211917601,0,0,0,0,middle
20223,6,0.709920116421,19.518362549788566,5.894711314506495e-4,0.6638152034325029,35.06591426539275,middle
20226,3,0.712747256593,0,0,0,0,middle
20237,3,0.712765307858,0,0,0,0,middle
20238,6,0.712226388898,23.354541331594813,7.05326989809157e-4,0.7942827973176134,41.95784056947679,middle
20239,3,0.711972751411,0,0,0,0,middle
20240,3,0.713169918631,0,0,0,0,middle
20242,5,0.712609444376,22.35790078245192,6.75227598497296e-4,0.7603872721581252,40.1673157772197,middle
20243,6,0.712197120581,23.375920053113393,7.059726453619924e-4,0.795009882919071,41.99624873071274,middle
20245,3,0.713420734588,0,0,0,0,middle
20246,6,0.712280575522,0,0,0,0,middle
20247,4,0.712729291166,0,0,0,0,middle
20249,4,0.712732083203,0,0,0,0,middle
20250,3,0.712833028276,0,0,0,0,middle
20252,6,0.712364562194,0,0,0,0,middle
20253,3,0.712676493155,0,0,0,0,middle
20254,4,0.712542535391,0,0,0,0,middle
20255,6,0.709863558157,19.436215039468873,5.869902068479589e-4,0.6610213847330478,34.91833131387015,middle
20256,3,0.712790674327,0,0,0,0,middle
20257,3,0.713629865948,0,0,0,0,middle
20258,4,0.713684835243,0,0,0,0,middle
20259,3,0.7127800885,0,0,0,0,middle
20263,6,0.7098639607,19.436816296186635,5.870083653116521e-4,0.6610418333413467,34.919411507788205,middle
20264,4,0.713757054779,0,0,0,0,middle
20265,4,0.712883919684,0,0,0,0,middle
20267,3,0.711563232104,0,0,0,0,middle
20268,5,0.712039551128,23.277334601408004,7.029952809640768e-4,0.7916570134602543,41.81913402713564,middle
20269,4,0.711682893981,0,0,0,0,middle
20271,3,0.712610957762,0,0,0,0,middle
20273,4,0.712101762037,0,0,0,0,middle
20275,3,0.712957757224,0,0,0,0,middle
20277,4,0.712535292866,0,0,0,0,middle
20278,4,0.711972636655,0,0,0,0,middle
20280,3,0.712045112281,0,0,0,0,middle
20281,3,0.713535746291,0,0,0,0,middle
20282,5,0.712270535748,23.319695049865153,7.042746024961519e-4,0.7930976829651037,41.895237124926396,middle
20284,6,0.709879514909,19.459867235893594,5.877045232744628e-4,0.6618257907144026,34.96082390974759,middle
20291,3,0.712319469617,0,0,0,0,middle
20293,3,0.713640308905,0,0,0,0,middle
20297,3,0.712517714615,0,0,0,0,middle
20304,3,0.712087119903,0,0,0,0,middle
20305,6,0.709996107688,19.621270307940396,5.925790331754007e-4,0.6673150735798108,35.250794252911724,middle
20307,6,0.709934234916,19.53813266807932,5.900682058193644e-4,0.6644875807931336,35.101432474014594,middle
20308,6,0.711929239453,0,0,0,0,middle
20309,4,0.712773849967,0,0,0,0,middle
20311,3,0.712551380016,0,0,0,0,middle
20313,6,0.710013108743,19.643108877594077,5.932385765325948e-4,0.6680577985148741,35.290028559027384,middle
20314,3,0.71362145305,0,0,0,0,middle
20315,3,0.713000884533,0,0,0,0,middle
20317,4,0.713179256622,0,0,0,0,middle
20319,3,0.711960016621,0,0,0,0,middle
20320,4,0.713181258564,0,0,0,0,middle
20321,5,0.712055997092,23.263680417625544,7.025829130134994e-4,0.7911926376827199,41.79460346333152,middle
20323,3,0.711555869666,0,0,0,0,middle
20324,4,0.711396112697,0,0,0,0,middle
20325,5,0.712604472399,22.664341047720185,6.844823548544925e-4,0.7708092379613563,40.717854176224776,middle
20326,4,0.712096641881,0,0,0,0,middle
20327,3,0.712803950879,0,0,0,0,middle
20328,3,0.712137220372,0,0,0,0,middle
20329,6,0.712104963579,23.220412546905493,7.012761865581552e-4,0.7897211069469393,41.71687012677497,middle
20332,3,0.712716009197,0,0,0,0,middle
20334,5,0.712311110034,23.28492402289467,7.032244879408091e-4,0.7919151280103482,41.832768880084835,middle
20335,5,0.712144298089,23.182834491035944,7.001412973452597e-4,0.7884430855587202,41.649358885398016,middle
20337,3,0.71322809760500006,0,0,0,0,middle
20338,4,0.712496909982,0,0,0,0,middle
20341,6,0.712155916282,22.568114899151695,6.815762434157325e-4,0.767536607881626,40.5449781028767,middle
20342,5,0.712186765357,23.383153746320335,7.061911090424566e-4,0.7952558992288657,42.00924449637545,middle
20345,3,0.712822857695,0,0,0,0,middle
20346,3,0.712565424963,0,0,0,0,middle
20352,3,0.712369868362,0,0,0,0,middle
20353,4,0.712581905064,0,0,0,0,middle
20354,5,0.712311740661,0,0,0,0,middle
20357,4,0.712578887303,0,0,0,0,middle
20358,4,0.712543840702,0,0,0,0,middle
20359,3,0.712664959577,0,0,0,0,middle
20360,4,0.712638321178,0,0,0,0,middle
20362,4,0.712122739636,0,0,0,0,middle
20363,3,0.712916802735,0,0,0,0,middle
20364,3,0.713098913201,0,0,0,0,middle
20366,3,0.712366119422,0,0,0,0,middle
20367,3,0.71335950874,0,0,0,0,middle
20368,4,0.712946430581,0,0,0,0,middle
20369,3,0.711616681938,0,0,0,0,middle
20374,3,0.712272563718,0,0,0,0,middle
20376,6,0.711889694345,23.381243741518997,7.061334252747508e-4,0.7951909403870304,42.005813057675645,middle
20377,3,0.712065322615,0,0,0,0,middle
20379,4,0.712052304318,0,0,0,0,middle
20380,3,0.712594577627,0,0,0,0,middle
20386,3,0.713057661114,0,0,0,0,middle
20387,5,0.712638417284,23.166931164255722,6.996610033653188e-4,0.7879022169241237,41.62078760069177,middle
20388,6,0.711871607573,23.39126904529174,7.06436197966004e-4,0.7955318987561765,42.023824119909115,middle
20395,3,0.712636621342,0,0,0,0,middle
20397,3,0.71285538624,0,0,0,0,middle
20398,3,0.712713189732,0,0,0,0,middle
20400,6,0.710116315488,19.766266948865585,5.969580549178593e-4,0.6722463773429856,35.5112894541092,middle
20406,3,0.712731810799,0,0,0,0,middle
20412,4,0.712043734661,0,0,0,0,middle
20415,3,0.712673392035,0,0,0,0,middle
20416,3,0.712827996818,0,0,0,0,middle
20419,4,0.711285394293,0,0,0,0,middle
20423,5,0.712331420197,23.26653585124122,7.026691495346175e-4,0.7912897503499142,41.799733421856594,middle
20425,4,0.71142322329,0,0,0,0,middle
20429,3,0.712337622828,0,0,0,0,middle
20430,4,0.71211470616500006,0,0,0,0,middle
20433,4,0.712013191695,0,0,0,0,middle
20435,3,0.712011868179,0,0,0,0,middle
20436,5,0.712645875842,23.159197987169048,6.994274548473341e-4,0.7876392132777944,41.60689448214615,middle
20567,4,0.712371976559,0,0,0,0,middle
20568,3,0.712464738401,0,0,0,0,middle
20605,3,0.712432967868,0,0,0,0,middle
20606,3,0.712568472513,0,0,0,0,middle
20682,3,0.712887364504,0,0,0,0,middle
20723,3,0.711661083022,0,0,0,0,middle
20752,4,0.711700367406,0,0,0,0,middle
20824,3,0.712089840763,0,0,0,0,middle
20442,3,0.71300221739,0,0,0,0,middle
20444,3,0.712534166531,0,0,0,0,middle
20445,3,0.71166009043,0,0,0,0,middle
20446,4,0.71266715403,0,0,0,0,middle
20447,3,0.712156237762,0,0,0,0,middle
20448,4,0.712544213873,0,0,0,0,middle
20449,3,0.712712021409,0,0,0,0,middle
20450,3,0.712908864272,0,0,0,0,middle
20451,3,0.71280554478,0,0,0,0,middle
20452,4,0.711313320377,0,0,0,0,middle
20453,3,0.712842519405,0,0,0,0,middle
20454,3,0.712233785471,0,0,0,0,middle
20461,3,0.712989278635,0,0,0,0,middle
20465,4,0.712495798245,0,0,0,0,middle
20468,4,0.71197861028,0,0,0,0,middle
20469,4,0.712374517078,0,0,0,0,middle
20470,4,0.71160267489,0,0,0,0,middle
20475,3,0.712620777184,0,0,0,0,middle
20476,3,0.712893130604,0,0,0,0,middle
20481,3,0.711966377172,0,0,0,0,middle
20483,6,0.711885714532,23.38349643857797,7.062014586397823e-4,0.7952675541169301,42.00986016366286,middle
20485,4,0.712540850455,0,0,0,0,middle
20488,3,0.711328257918,0,0,0,0,middle
20491,6,0.711884928313,0,0,0,0,middle
20494,3,0.711789085173,0,0,0,0,middle
20495,3,0.713173134206,0,0,0,0,middle
20496,3,0.712629098928,0,0,0,0,middle
20498,3,0.71250581781,0,0,0,0,middle
20501,4,0.712124888907,0,0,0,0,middle
20502,4,0.712362458365,0,0,0,0,middle
20503,4,0.712432396273,0,0,0,0,middle
20508,3,0.712666686168,0,0,0,0,middle
20516,5,0.712792649001,23.120080299076065,6.982460674332474e-4,0.7863088293373889,41.53661719871985,middle
20517,5,0.712255324078,0,0,0,0,middle
20519,6,0.711883166205,0,0,0,0,middle
20522,6,0.710223298226,19.876633211186604,6.002912098051301e-4,0.6759999095713081,35.70956909372901,middle
20523,3,0.711723063956,0,0,0,0,middle
20525,3,0.712624949993,0,0,0,0,middle
20526,3,0.712468239469,0,0,0,0,middle
20527,3,0.711987006565,0,0,0,0,middle
20530,3,0.712691274704,0,0,0,0,middle
20531,4,0.712869802334,0,0,0,0,middle
20536,3,0.713054083431,0,0,0,0,middle
20537,3,0.712651194085,0,0,0,0,middle
20538,3,0.711848213231,0,0,0,0,middle
20539,3,0.712501979464,0,0,0,0,middle
20542,4,0.712872945437,0,0,0,0,middle
20546,4,0.712192007444,0,0,0,0,middle
20549,3,0.712310761206,0,0,0,0,middle
20552,6,0.71027773890300006,19.92593963865693,6.01780305804581e-4,0.6776768102897087,35.79815106129914,middle
20556,3,0.713116901812,0,0,0,0,middle
20557,6,0.711859513584,23.39766858115564,7.066294693860234e-4,0.7957495455587978,42.03532127164862,middle
20562,4,0.712578127908,0,0,0,0,middle
20566,3,0.711739961665,0,0,0,0,middle
20571,3,0.71184475754,0,0,0,0,middle
20572,4,0.712374849789,0,0,0,0,middle
20574,3,0.712714478334,0,0,0,0,middle
20576,3,0.712090926403,0,0,0,0,middle
20577,6,0.710287701838,19.93445831490817,6.020375770646813e-4,0.677966528589298,35.81345537641873,middle
20582,3,0.712558882095,0,0,0,0,middle
20584,6,0.710300845556,19.94545700299349,6.02369746789144e-4,0.6783405915441295,35.83321518221432,middle
20587,6,0.711842441232,23.406287112551393,7.068897563563232e-4,0.7960426599098183,42.050804982551426,middle
20588,3,0.71244362064,0,0,0,0,middle
20590,3,0.711848064564,0,0,0,0,middle
20595,4,0.712870816587,0,0,0,0,middle
20596,4,0.711745790458,0,0,0,0,middle
20597,3,0.712501116522,0,0,0,0,middle
20604,3,0.712453552271,0,0,0,0,middle
20610,4,0.712864662555,0,0,0,0,middle
20612,3,0.712335122095,0,0,0,0,middle
20613,5,0.712150278363,23.1769020943957,6.999621339266677e-4,0.7882413260580172,41.63870097741806,middle
20614,4,0.711638577194,0,0,0,0,middle
20615,3,0.711876079149,0,0,0,0,middle
20616,5,0.712258315709,23.329652842857612,7.045753363044846e-4,0.7934363453075091,41.91312689997569,middle
20617,3,0.712435882792,0,0,0,0,middle
20618,3,0.71279972438500006,0,0,0,0,middle
20623,3,0.711384532715,0,0,0,0,middle
20624,3,0.712189257032,0,0,0,0,middle
20627,3,0.712528249739,0,0,0,0,middle
20628,4,0.712296161355,0,0,0,0,middle
20629,3,0.712419658519,0,0,0,0,middle
20630,4,0.712381176249,0,0,0,0,middle
20631,5,0.712290711225,0,0,0,0,middle
20633,3,0.712347859406,0,0,0,0,middle
20634,4,0.712450284531,0,0,0,0,middle
20635,4,0.712415363464,0,0,0,0,middle
20636,5,0.712127923057,23.19878268905851,7.006229464748412e-4,0.788985480254368,41.678010783994544,middle
20637,5,0.71231381769,0,0,0,0,middle
20642,3,0.712413609193,0,0,0,0,middle
20643,3,0.712533190147,0,0,0,0,middle
20644,3,0.711844362238,0,0,0,0,middle
20646,4,0.712344609934,0,0,0,0,middle
20649,4,0.712245250382,0,0,0,0,middle
20652,3,0.712355948214,0,0,0,0,middle
20653,3,0.711863563764,0,0,0,0,middle
20654,6,0.71032008547,20.76682311632215,6.271757012294315e-4,0.7062750718173089,37.308848890575455,middle
20660,3,0.71249028485200006,0,0,0,0,middle
20664,4,0.712402688704,0,0,0,0,middle
20666,4,0.712455451931,0,0,0,0,middle
20667,3,0.712482562976,0,0,0,0,middle
20668,3,0.711486168739,0,0,0,0,middle
20669,3,0.712622754966,0,0,0,0,middle
20672,3,0.712391105083,0,0,0,0,middle
20673,3,0.712054846073,0,0,0,0,middle
20675,5,0.712110480287,23.215293348623437,7.01121582420859e-4,0.7895470041429593,41.70767317863917,middle
20678,3,0.712486662236,0,0,0,0,middle
20679,3,0.712443023284,0,0,0,0,middle
20680,3,0.712277893242,0,0,0,0,middle
20683,4,0.712351985098,0,0,0,0,middle
20687,3,0.712930795859,0,0,0,0,middle
20688,3,0.711695414748,0,0,0,0,middle
20694,3,0.712530041587,0,0,0,0,middle
20697,5,0.710792236215,21.676655222193975,6.546534038036262e-4,0.7372182609761386,38.943417084450346,middle
20699,4,0.712354848972,0,0,0,0,middle
20700,5,0.711869203048,23.3925608178925,7.064752105960135e-4,0.7955758316572881,42.02614486721325,middle
20701,3,0.711965536684,0,0,0,0,middle
20702,4,0.712454033611,0,0,0,0,middle
20703,3,0.712144640851,0,0,0,0,middle
20704,3,0.712525178137,0,0,0,0,middle
20706,3,0.711747920362,0,0,0,0,middle
20707,3,0.712397491872,0,0,0,0,middle
20708,3,0.712142417185,0,0,0,0,middle
20715,4,0.71238627736,0,0,0,0,middle
20716,6,0.710607366524,21.58005977883622,6.517361393484842e-4,0.7339330712621134,38.769877550764036,middle
20718,5,0.711257984819,22.301127744061255,6.735130045045536e-4,0.7584564336498923,40.0653195932819,middle
20719,3,0.711763606053,0,0,0,0,middle
20720,4,0.712017550839,0,0,0,0,middle
20722,3,0.712364766715,0,0,0,0,middle
20725,4,0.712375531784,0,0,0,0,middle
20726,5,0.711858637961,23.398122449478443,7.066431765949704e-4,0.7957649815203066,42.03613667343525,middle
20727,4,0.712310995405,0,0,0,0,middle
20732,6,0.710600050113,21.57505611277582,6.515850243824362e-4,0.7337628976834989,38.76088816322504,middle
20733,4,0.711705411387,0,0,0,0,middle
20735,3,0.71237289973,0,0,0,0,middle
20739,3,0.712390085974,0,0,0,0,middle
20740,4,0.712111274732,0,0,0,0,middle
20742,3,0.712420844831,0,0,0,0,middle
20743,5,0.711370947862,22.259156033986446,6.722454232018902e-4,0.7570289850516481,39.98991488741578,middle
20744,3,0.711613906221,0,0,0,0,middle
20745,5,0.712136142865,23.190831331714154,7.003828087277126e-4,0.7887150563456181,41.66372569147106,middle
20746,4,0.712354665927,0,0,0,0,middle
20747,4,0.711966643559,0,0,0,0,middle
20748,3,0.712297184816,0,0,0,0,middle
20749,3,0.712355663077,0,0,0,0,middle
20753,5,0.71143422887,22.226168571476254,6.712491738085322e-4,0.7559070887306288,39.930650923583535,middle
20755,3,0.712983134527,0,0,0,0,middle
20756,3,0.712108694029,0,0,0,0,middle
20758,4,0.712379490892,0,0,0,0,middle
20760,5,0.710571850239,0,0,0,0,middle
20763,3,0.712485636552,0,0,0,0,middle
20772,5,0.711575924033,23.094194476140782,6.974642935884759e-4,0.7854284582112777,41.49011175824439,middle
20773,3,0.712310850972,0,0,0,0,middle
20774,3,0.711462357597,0,0,0,0,middle
20775,3,0.711976587849,0,0,0,0,middle
20777,4,0.712144320818,0,0,0,0,middle
20778,5,0.711487456303,23.138517779615604,6.988028950096907e-4,0.7869358839821582,41.569741243332714,middle
20779,4,0.71241275988,0,0,0,0,middle
20780,5,0.711364498317,0,0,0,0,middle
20781,5,0.711616950019,0,0,0,0,middle
20782,5,0.711948240951,23.345064703287843,7.050407875831148e-4,0.7939604992799886,41.94081523577425,middle
20784,3,0.712447868894,0,0,0,0,middle
20786,4,0.711264404038,0,0,0,0,middle
20787,3,0.71242171861,0,0,0,0,middle
20788,5,0.711950516441,23.34354386631487,7.049948570144555e-4,0.7939087759501229,41.93808296052473,middle
20790,3,0.712358585715,0,0,0,0,middle
20792,3,0.712883151911,0,0,0,0,middle
20797,5,0.712150048782,23.17713090285837,6.999690441366318e-4,0.7882491077833441,41.63911204560652,middle
20798,5,0.712155799471,22.568214555298,6.815792531160168e-4,0.7675399971651717,40.54515714114762,middle
20799,3,0.712760066718,0,0,0,0,middle
20802,4,0.711685343539,0,0,0,0,middle
20803,3,0.712412601249,0,0,0,0,middle
20804,4,0.710992187087,0,0,0,0,middle
20805,3,0.711598019597,0,0,0,0,middle
20807,4,0.712544035823,0,0,0,0,middle
20809,3,0.71123817467,0,0,0,0,middle
20811,4,0.712417880631,0,0,0,0,middle
20813,4,0.711003959981,0,0,0,0,middle
20814,3,0.712485786151,0,0,0,0,middle
20816,4,0.710999366635,0,0,0,0,middle
20817,3,0.712532589596,0,0,0,0,middle
20818,3,0.711757657783,0,0,0,0,middle
20820,4,0.712422461617,0,0,0,0,middle
20821,4,0.712008096517,0,0,0,0,middle
20822,5,0.71059994998,21.574987011720367,6.515829374718545e-4,0.7337605475718507,38.76076401901571,middle
20825,4,0.712200016611,0,0,0,0,middle
20829,4,0.712276357123,0,0,0,0,middle
20830,3,0.711245678784,0,0,0,0,middle
20831,4,0.712489574182,0,0,0,0,middle
20834,3,0.711754281947,0,0,0,0,middle
20835,5,0.712073760159,23.248436205451107,7.02122524854625e-4,0.7906741853904269,41.76721631772498,middle
20837,4,0.710993800972,0,0,0,0,middle
20839,5,0.712075447019,23.246961779463067,7.020779959371407e-4,0.7906240404879178,41.76456742260606,middle
20840,3,0.71187667302,0,0,0,0,middle
20842,3,0.712687980736,0,0,0,0,middle
20843,3,0.711960293085,0,0,0,0,middle
20844,3,0.712420414464,0,0,0,0,middle
20845,5,0.710587807997,21.56648380084445,6.51326133279228e-4,0.7334713552462635,38.745487488374636,middle
20846,3,0.712405045595,0,0,0,0,middle
20847,4,0.71249657818,0,0,0,0,middle
20848,3,0.711620662378,0,0,0,0,middle
20849,3,0.71239909796,0,0,0,0,middle
20852,5,0.710602257341,21.576575050367698,6.516308975881728e-4,0.7338145564158327,38.76361702612199,middle
20853,4,0.712159195681,0,0,0,0,middle
20854,4,0.71136514445,0,0,0,0,middle
20855,3,0.712516135306,0,0,0,0,middle
20856,5,0.710586047254,0,0,0,0,middle
20858,4,0.712040720038,0,0,0,0,middle
20859,3,0.710894882014,0,0,0,0,middle
20860,3,0.712269256382,0,0,0,0,middle
20861,4,0.711350662913,0,0,0,0,middle
20862,5,0.710618634025,21.587590535007443,6.519635745828492e-4,0.734189190617774,38.78340700793956,middle
20863,3,0.712218936941,0,0,0,0,middle
20864,4,0.712428335666,0,0,0,0,middle
20865,4,0.711144243664,0,0,0,0,middle
20866,4,0.712288981138,0,0,0,0,middle
20867,4,0.711019709559,0,0,0,0,middle
20869,3,0.71192735482,0,0,0,0,middle
20872,3,0.712506118965,0,0,0,0,middle
20873,3,0.712520297701,0,0,0,0,middle
20875,5,0.710757911273,21.66307568209678,6.542432901557598e-4,0.7367564238138692,38.91902062252393,middle
20876,3,0.710758368768,0,0,0,0,middle
20882,3,0.711003817086,0,0,0,0,middle
20885,4,0.711463292535,0,0,0,0,middle
20886,3,0.712325338194,0,0,0,0,middle
20889,5,0.712124734578,23.201837601935814,7.007152074391343e-4,0.7890893771672335,41.68349911903138,middle
20891,3,0.71094215628,0,0,0,0,middle
20892,3,0.712226423427,0,0,0,0,middle
20895,3,0.711537968624,0,0,0,0,middle
20896,3,0.710907331673,0,0,0,0,middle
20898,5,0.712201149934,23.373058645817363,7.058862284306525e-4,0.7949125670883259,41.991108040111015,middle
20899,5,0.710825769172,21.68799560861853,6.549958931082345e-4,0.737603945016089,38.96379077189904,middle
20900,3,0.712350967245,0,0,0,0,middle
20902,4,0.712487772858,0,0,0,0,middle
20903,4,0.712503212189,0,0,0,0,middle
20904,3,0.712683141796,0,0,0,0,middle
20908,3,0.712505966368,0,0,0,0,middle
20911,3,0.71141867034,0,0,0,0,middle
20912,3,0.712656298785,0,0,0,0,middle
20914,3,0.712682905855,0,0,0,0,middle
20917,3,0.71282212344,0,0,0,0,middle
20918,4,0.711263389243,0,0,0,0,middle
20919,4,0.712167178389,0,0,0,0,middle
20920,3,0.711571754703,0,0,0,0,middle
20924,5,0.712244096503,0,0,0,0,middle
20925,3,0.711537868326,0,0,0,0,middle
20929,4,0.712439237843,0,0,0,0,middle
20930,3,0.712024642329,0,0,0,0,middle
20932,4,0.712149554928,0,0,0,0,middle
20938,3,0.7109091661,0,0,0,0,middle
20939,3,0.711691682013,0,0,0,0,middle
20940,3,0.712124637972,0,0,0,0,middle
20942,3,0.712391807112,0,0,0,0,middle
20943,3,0.71131317158,0,0,0,0,middle
20947,3,0.712309605506,0,0,0,0,middle
20949,4,0.712150974195,0,0,0,0,middle
20952,4,0.710904514489,0,0,0,0,middle
20975,3,0.711598529338,0,0,0,0,middle
20976,4,0.712616702778,0,0,0,0,middle
20956,5,0.712209000964,23.367408246965557,7.057155815848514e-4,0.7947203982701825,41.98095675814782,middle
20957,4,0.712148163897,0,0,0,0,middle
20959,3,0.712599287387,0,0,0,0,middle
20961,3,0.712047293881,0,0,0,0,middle
20962,3,0.71213042705,0,0,0,0,middle
20963,5,0.712238229639,23.345501461397447,7.050539780490866e-4,0.7939753533269219,41.941599898032,middle
20968,4,0.712154912621,0,0,0,0,middle
20969,3,0.71211895976,0,0,0,0,middle
20970,3,0.712099183562,0,0,0,0,middle
20971,3,0.710996813116,0,0,0,0,middle
20972,3,0.711270029756,0,0,0,0,middle
20974,4,0.712161207045,0,0,0,0,middle
20977,3,0.712104337765,0,0,0,0,middle
20978,4,0.712311852033,0,0,0,0,middle
20979,3,0.712835673089,0,0,0,0,middle
20981,3,0.712093999194,0,0,0,0,middle
20982,4,0.712599243325,0,0,0,0,middle
20983,3,0.712842823235,0,0,0,0,middle
20984,4,0.712903011595,0,0,0,0,middle
20985,3,0.712291610056,0,0,0,0,middle
20986,3,0.712363376081,0,0,0,0,middle
20987,4,0.713224896602,0,0,0,0,middle
20988,3,0.714073995526,0,0,0,0,middle
20989,3,0.712243748777,0,0,0,0,middle
