reachid,length_m,Shape_Leng,geom_len
1,1652.1491551721792,1652.14915517,1652.1491551721792
2,3560.3794444964806,3560.3794445,3560.3794444964806
3,2695.5696975876617,2695.56969759,2695.5696975876617
4,188.46828004676607,188.468280047,188.46828004676607
5,2546.4705764337523,2546.47057643,2546.4705764337523
6,1315.7415985436908,1315.74159854,1315.7415985436908
7,13233.49344867685,13233.4934487,13233.49344867685
8,4544.936549673405,4544.93654967,4544.936549673405
9,3187.510594235462,3187.51059424,3187.510594235462
10,1593.4062458732258,1593.40624587,1593.4062458732258
11,2483.1956950205713,2483.19569502,2483.1956950205713
12,6869.048483280882,6869.04848328,6869.048483280882
13,4526.878307055926,4526.87830706,4526.878307055926
14,1473.7137524170494,1473.71375242,1473.7137524170494
15,3203.490902704261,3203.4909027,3203.490902704261
16,3311.5479020684547,3311.54790207,3311.5479020684547
17,468.717037579897,468.71703758,468.717037579897
18,1020.4575232325751,1020.45752323,1020.4575232325751
19,4691.224721559803,4691.22472156,4691.224721559803
20,502.650224002608,502.650224003,502.650224002608
21,6455.16321885492,6455.16321885,6455.16321885492
22,1197.00231016737,1197.00231017,1197.00231016737
23,831.4473126166088,831.447312617,831.4473126166088
24,137.5088976056618,137.508897606,137.5088976056618
25,899.9021256634146,899.902125663,899.9021256634146
26,2545.0384464859694,2545.03844649,2545.0384464859694
27,1985.2361498481105,1985.23614985,1985.2361498481105
28,2727.242068953537,2727.24206895,2727.242068953537
29,1343.4291517782285,1343.42915178,1343.4291517782285
30,6055.661212409441,6055.66121241,6055.661212409441
31,2334.7163488815722,2334.71634888,2334.7163488815722
32,2736.0417334857293,2736.04173349,2736.0417334857293
33,3006.537154208133,3006.53715421,3006.537154208133
34,1446.72732024843,1446.72732025,1446.72732024843
35,777.2922557696738,777.29225577,777.2922557696738
36,1864.0579933602105,1864.05799336,1864.0579933602105
37,5334.538717253897,5334.53871725,5334.538717253897
38,1918.0972476704642,1918.09724767,1918.0972476704642
39,191.73069183493462,191.730691835,191.73069183493462
40,1087.5293814968752,1087.5293815,1087.5293814968752
41,2652.612767716002,2652.61276772,2652.612767716002
42,3791.2872745033983,3791.2872745,3791.2872745033983
43,539.2652957447889,539.265295745,539.2652957447889
44,1566.9267387651535,1566.92673877,1566.9267387651535
45,3307.2713157641065,3307.27131576,3307.2713157641065
46,2104.562057761483,2104.56205776,2104.562057761483
47,6363.474206775184,6363.47420678,6363.474206775184
48,358.02276670154447,358.022766702,358.02276670154447
49,1587.6281971910055,1587.62819719,1587.6281971910055
50,22307.398834135074,22307.3988341,22307.398834135074
51,1608.1878590252963,1608.18785903,1608.1878590252963
52,666.2666622771882,666.266662277,666.2666622771882
53,154.1512700420732,154.151270042,154.1512700420732
54,1125.9730213989415,1125.9730214,1125.9730213989415
55,11637.64120590892,11637.6412059,11637.64120590892
56,2916.639726692313,2916.63972669,2916.639726692313
57,5845.820851409284,5845.82085141,5845.820851409284
58,448.2377045606177,448.237704561,448.2377045606177
59,2815.428370097234,2815.4283701,2815.428370097234
60,1544.2609248861293,1544.26092489,1544.2609248861293
61,1820.7818801339051,1820.78188013,1820.7818801339051
62,1369.7654854586692,1369.76548546,1369.7654854586692
63,7156.4231126046,7156.4231126,7156.4231126046
64,822.284409483388,822.284409483,822.284409483388
65,253.87155705320245,253.871557053,253.87155705320245
66,6352.313322537485,6352.31332254,6352.313322537485
67,5619.278688921417,5619.27868892,5619.278688921417
68,2223.258629080072,2223.25862908,2223.258629080072
69,1133.251202366619,1133.25120237,1133.251202366619
70,82.56503365467981,82.5650336547,82.56503365467981
71,5487.612398263045,5487.61239826,5487.612398263045
72,3447.723011557406,3447.72301156,3447.723011557406
73,2973.185997373529,2973.18599737,2973.185997373529
74,1704.6697348276773,1704.66973483,1704.6697348276773
75,649.4708389391387,649.470838939,649.4708389391387
76,1546.0959144795074,1546.09591448,1546.0959144795074
77,169.404115841069,169.404115841,169.404115841069
78,8985.111966032298,8985.11196603,8985.111966032298
79,6977.708475236712,6977.70847524,6977.708475236712
80,807.8481438709406,807.848143871,807.8481438709406
81,22778.17894408938,22778.1789441,22778.17894408938
82,1364.5202830041326,1364.520283,1364.5202830041326
83,2075.817817896329,2075.8178179,2075.817817896329
84,494.0638897133733,494.063889713,494.0638897133733
85,145.07215815205535,145.072158152,145.07215815205535
86,885.3426784634487,885.342678463,885.3426784634487
87,1128.1840182135002,1128.18401821,1128.1840182135002
88,2449.004772579412,2449.00477258,2449.004772579412
89,3459.3818619793356,3459.38186198,3459.3818619793356
90,744.2288196359325,744.228819636,744.2288196359325
91,778.6201043785175,778.620104379,778.6201043785175
92,3432.7090719254734,3432.70907193,3432.7090719254734
93,3546.603664899531,3546.6036649,3546.603664899531
94,773.5125438045831,773.512543805,773.5125438045831
95,1450.9052964568011,1450.90529646,1450.9052964568011
96,1665.0064454447665,1665.00644544,1665.0064454447665
97,1192.721731178036,1192.72173118,1192.721731178036
98,107.45087042724879,107.450870427,107.45087042724879
99,2741.3362356859275,2741.33623569,2741.3362356859275
100,425.6970018467493,425.697001847,425.6970018467493
101,528.2367567377426,528.236756738,528.2367567377426
102,2043.468153035287,2043.46815304,2043.468153035287
103,3776.684169298417,3776.6841693,3776.684169298417
104,1249.5188466116176,1249.51884661,1249.5188466116176
105,1813.5342665262028,1813.53426653,1813.5342665262028
106,553.1354285995989,553.1354286,553.1354285995989
107,1048.948564182169,1048.94856418,1048.948564182169
108,1490.0467327196595,1490.04673272,1490.0467327196595
109,11790.190875993283,11790.190876,11790.190875993283
110,7178.949651595713,7178.9496516,7178.949651595713
111,2948.2938696079077,2948.29386961,2948.2938696079077
112,1078.10973824468,1078.10973824,1078.10973824468
113,1938.0474025299952,1938.04740253,1938.0474025299952
114,129.866114364735,129.866114365,129.866114364735
115,783.7718162289616,783.771816229,783.7718162289616
116,174.2769398138023,174.276939814,174.2769398138023
117,59.29463837986387,59.2946383799,59.29463837986387
118,5148.65447606832,5148.65447607,5148.65447606832
119,663.405294117856,663.405294118,663.405294117856
120,1222.2262996993843,1222.2262997,1222.2262996993843
121,1959.5839516652823,1959.58395167,1959.5839516652823
122,7863.823468600719,7863.8234686,7863.823468600719
123,445.0898724982522,445.089872498,445.0898724982522
124,967.8943977157911,967.894397716,967.8943977157911
125,984.397887205767,984.397887206,984.397887205767
126,2390.7511911551305,2390.75119116,2390.7511911551305
127,2734.5981693495423,2734.59816935,2734.5981693495423
128,2585.378120645887,2585.37812065,2585.378120645887
129,3409.81713420276,3409.8171342,3409.81713420276
130,942.3692076765585,942.369207677,942.3692076765585
131,213.96672856424556,213.966728564,213.96672856424556
132,240.45012792452832,240.450127925,240.45012792452832
133,397.7548735452488,397.754873545,397.7548735452488
134,3345.510827465873,3345.51082747,3345.510827465873
135,275.67552792291514,275.675527923,275.67552792291514
136,166.51190552428812,166.511905524,166.51190552428812
137,2764.3167884203704,2764.31678842,2764.3167884203704
138,5265.349489315139,5265.34948932,5265.349489315139
139,465.6030953185468,465.603095319,465.6030953185468
140,2115.3517671962486,2115.3517672,2115.3517671962486
141,26192.460007367197,26192.4600074,26192.460007367197
142,3116.953572463503,3116.95357246,3116.953572463503
143,4272.73111823789,4272.73111824,4272.73111823789
144,720.6531838929556,720.653183893,720.6531838929556
145,2005.2363218734,2005.23632187,2005.2363218734
146,2005.8559789391898,2005.85597894,2005.8559789391898
147,3357.25568744562,3357.25568745,3357.25568744562
148,5422.705072960681,5422.70507296,5422.705072960681
149,612.1539135330274,612.153913533,612.1539135330274
150,3813.575785515657,3813.57578552,3813.575785515657
151,1285.4089661115918,1285.40896611,1285.4089661115918
152,1122.5789996916224,1122.57899969,1122.5789996916224
153,615.2174772274907,615.217477227,615.2174772274907
154,1975.2549239663206,1975.25492397,1975.2549239663206
155,2501.55820570658,2501.55820571,2501.55820570658
156,1316.5080974779248,1316.50809748,1316.5080974779248
157,1978.542606843896,1978.54260684,1978.542606843896
158,119.51941634073057,119.519416341,119.51941634073057
159,984.0507258537539,984.050725854,984.0507258537539
160,938.1375587850703,938.137558785,938.1375587850703
161,229.14288564337664,229.142885643,229.14288564337664
162,199.1578654711151,199.157865471,199.1578654711151
163,2614.7951341129287,2614.79513411,2614.7951341129287
164,1836.1432258911616,1836.14322589,1836.1432258911616
165,273.61433381166125,273.614333812,273.61433381166125
166,245.00678695242183,245.006786952,245.00678695242183
167,7712.313880306811,7712.31388031,7712.313880306811
168,162.06707061778312,162.067070618,162.06707061778312
169,592.1786024644995,592.178602464,592.1786024644995
170,1446.584302191127,1446.58430219,1446.584302191127
171,1942.1609160385883,1942.16091604,1942.1609160385883
172,203.22045678460609,203.220456785,203.22045678460609
173,2549.1052867597614,2549.10528676,2549.1052867597614
174,157.8591655857566,157.859165586,157.8591655857566
175,3429.5232316537786,3429.52323165,3429.5232316537786
176,1733.4124744755927,1733.41247448,1733.4124744755927
177,1654.0695515551545,1654.06955156,1654.0695515551545
178,1796.9762596802134,1796.97625968,1796.9762596802134
179,1060.273713405579,1060.27371341,1060.273713405579
180,1937.036483900593,1937.0364839,1937.036483900593
181,516.7565284690392,516.756528469,516.7565284690392
182,609.5819508326422,609.581950833,609.5819508326422
183,384.3961058115447,384.396105812,384.3961058115447
184,4009.2667119169023,4009.26671192,4009.2667119169023
185,427.81533370377446,427.815333704,427.81533370377446
186,4749.813626228794,4749.81362623,4749.813626228794
187,507.19035981779285,507.190359818,507.19035981779285
188,17163.193234132294,17163.1932341,17163.193234132294
189,2157.810465589401,2157.81046559,2157.810465589401
190,3033.768754655735,3033.76875466,3033.768754655735
191,113.42217194069156,113.422171941,113.42217194069156
192,15320.594119083646,15320.5941191,15320.594119083646
193,1840.144277495883,1840.1442775,1840.144277495883
194,198.7798536820419,198.779853682,198.7798536820419
195,963.6763279890951,963.676327989,963.6763279890951
196,8865.204898775308,8865.20489878,8865.204898775308
197,4708.2920975306415,4708.29209753,4708.2920975306415
198,1181.7352869346153,1181.73528693,1181.7352869346153
199,2851.3061004484957,2851.30610045,2851.3061004484957
200,736.5667414384404,736.566741438,736.5667414384404
201,929.0142992600521,929.01429926,929.0142992600521
202,2074.6492120232288,2074.64921202,2074.6492120232288
203,756.5533097641885,756.553309764,756.5533097641885
204,554.561865249188,554.561865249,554.561865249188
205,3455.8914688411705,3455.89146884,3455.8914688411705
206,1798.5169550657981,1798.51695507,1798.5169550657981
207,3851.5799864206215,3851.57998642,3851.5799864206215
208,3564.961741354041,3564.96174135,3564.961741354041
209,4111.155831408452,4111.15583141,4111.155831408452
210,787.7623047519247,787.762304752,787.7623047519247
211,906.2422279556395,906.242227956,906.2422279556395
212,3253.211311926023,3253.21131193,3253.211311926023
213,4519.500128633662,4519.50012863,4519.500128633662
214,658.6468716771324,658.646871677,658.6468716771324
215,3624.54789992806,3624.54789993,3624.54789992806
216,64.70188784253926,64.7018878425,64.70188784253926
217,1399.5541021700387,1399.55410217,1399.5541021700387
218,28.729158623528946,28.7291586235,28.729158623528946
219,122.86562399361324,122.865623994,122.86562399361324
220,910.7901857386744,910.790185739,910.7901857386744
221,1422.6490995723589,1422.64909957,1422.6490995723589
222,2837.9164013624536,2837.91640136,2837.9164013624536
223,1096.9318889200954,1096.93188892,1096.9318889200954
224,8970.185713346651,8970.18571335,8970.185713346651
225,8347.440923827498,8347.44092383,8347.440923827498
226,1370.690718395761,1370.6907184,1370.690718395761
227,11204.200824427518,11204.2008244,11204.200824427518
228,3120.824948804693,3120.8249488,3120.824948804693
229,498.87350197779233,498.873501978,498.87350197779233
230,3657.5850741082627,3657.58507411,3657.5850741082627
231,335.05909866590025,335.059098666,335.05909866590025
232,2311.0500318324193,2311.05003183,2311.0500318324193
233,1491.156516521751,1491.15651652,1491.156516521751
234,1219.4097073290643,1219.40970733,1219.4097073290643
235,5886.593071136471,5886.59307114,5886.593071136471
236,3225.8808229946612,3225.88082299,3225.8808229946612
237,3962.7955587742495,3962.79555877,3962.7955587742495
238,791.5314332022505,791.531433202,791.5314332022505
239,3368.3354143258825,3368.33541433,3368.3354143258825
240,872.7591089827336,872.759108983,872.7591089827336
241,2846.796745588891,2846.79674559,2846.796745588891
242,1855.9033441810377,1855.90334418,1855.9033441810377
243,5303.096034216683,5303.09603422,5303.096034216683
244,6788.789013470159,6788.78901347,6788.789013470159
245,259.0104390624818,259.010439062,259.0104390624818
246,1375.4942080321332,1375.49420803,1375.4942080321332
247,846.2170560539505,846.217056054,846.2170560539505
248,1028.6796496576667,1028.67964966,1028.6796496576667
249,3987.690614292015,3987.69061429,3987.690614292015
250,4377.815596426006,4377.81559643,4377.815596426006
251,1124.113325751635,1124.11332575,1124.113325751635
252,996.9199339168405,996.919933917,996.9199339168405
253,1552.1423484608665,1552.14234846,1552.1423484608665
254,2595.1153734568275,2595.11537346,2595.1153734568275
255,3062.1557116452855,3062.15571165,3062.1557116452855
256,1170.145801685873,1170.14580169,1170.145801685873
257,6423.65836129277,6423.65836129,6423.65836129277
258,877.4948909882788,877.494890988,877.4948909882788
259,2006.9569757293807,2006.95697573,2006.9569757293807
260,9341.071235007026,9341.07123501,9341.071235007026
261,2005.7508034716875,2005.75080347,2005.7508034716875
262,39.886106203744006,39.8861062037,39.886106203744006
263,469.80139381764593,469.801393818,469.80139381764593
264,9113.859920620058,9113.85992062,9113.859920620058
265,2781.471789256472,2781.47178926,2781.471789256472
266,1985.8729918667134,1985.87299187,1985.8729918667134
267,1305.3164886688662,1305.31648867,1305.3164886688662
268,519.0824394600273,519.08243946,519.0824394600273
269,5465.9752832435015,5465.97528324,5465.9752832435015
270,711.8834816610217,711.883481661,711.8834816610217
271,3693.361927974914,3693.36192797,3693.361927974914
272,896.8420708474387,896.842070847,896.8420708474387
273,1016.0588915523093,1016.05889155,1016.0588915523093
274,2408.5307858798387,2408.53078588,2408.5307858798387
275,2159.7875467317876,2159.78754673,2159.7875467317876
276,1441.962786859855,1441.96278686,1441.962786859855
277,1720.0094736037404,1720.0094736,1720.0094736037404
278,2955.106789355677,2955.10678936,2955.106789355677
279,5659.210002515269,5659.21000252,5659.210002515269
280,1849.3607009275963,1849.36070093,1849.3607009275963
281,4993.851897155995,4993.85189716,4993.851897155995
282,3128.000902148181,3128.00090215,3128.000902148181
283,1621.1010435032204,1621.1010435,1621.1010435032204
284,296.0339595727546,296.033959573,296.0339595727546
285,6033.850687773213,6033.85068777,6033.850687773213
286,1035.017563342221,1035.01756334,1035.017563342221
287,4968.911268073701,4968.91126807,4968.911268073701
288,243.89567127672711,243.895671277,243.89567127672711
289,151.4707004829904,151.470700483,151.4707004829904
290,666.1119890537568,666.111989054,666.1119890537568
291,2420.7558592285827,2420.75585923,2420.7558592285827
292,2797.1127454497428,2797.11274545,2797.1127454497428
293,3025.7411814647626,3025.74118146,3025.7411814647626
294,11019.826482182922,11019.8264822,11019.826482182922
295,290.95133861366446,290.951338614,290.95133861366446
296,1417.6522505905166,1417.65225059,1417.6522505905166
297,2497.8565295137705,2497.85652951,2497.8565295137705
298,2295.4851362222607,2295.48513622,2295.4851362222607
299,3845.2391292360876,3845.23912924,3845.2391292360876
300,4447.669473868972,4447.66947387,4447.669473868972
301,1071.2066282136375,1071.20662821,1071.2066282136375
302,964.4102531555089,964.410253156,964.4102531555089
303,502.771877419348,502.771877419,502.771877419348
304,2484.060651088554,2484.06065109,2484.060651088554
305,4480.722410366896,4480.72241037,4480.722410366896
306,407.8866162046707,407.886616205,407.8866162046707
307,276.6242581814635,276.624258181,276.6242581814635
308,6937.374697753821,6937.37469775,6937.374697753821
309,8875.602539974265,8875.60253997,8875.602539974265
310,2220.8922713566067,2220.89227136,2220.8922713566067
311,1613.291256774458,1613.29125677,1613.291256774458
312,3522.002196746357,3522.00219675,3522.002196746357
313,1734.4520175082957,1734.45201751,1734.4520175082957
314,778.1783582720968,778.178358272,778.1783582720968
315,2057.2694930567427,2057.26949306,2057.2694930567427
316,1498.3159228838,1498.31592288,1498.3159228838
317,1109.0513843550411,1109.05138436,1109.0513843550411
318,752.3862534201518,752.38625342,752.3862534201518
319,578.6370548574786,578.637054857,578.6370548574786
320,532.6315124844657,532.631512484,532.6315124844657
321,2668.756415340248,2668.75641534,2668.756415340248
322,21.95865998694269,21.9586599869,21.95865998694269
323,3597.0350595034515,3597.0350595,3597.0350595034515
324,171.104128300557,171.104128301,171.104128300557
325,3656.794573961383,3656.79457396,3656.794573961383
326,2939.753081392003,2939.75308139,2939.753081392003
327,13.02589872170819,13.0258987217,13.02589872170819
328,2258.0176445301618,2258.01764453,2258.0176445301618
329,1323.431914395767,1323.4319144,1323.431914395767
330,728.5120250745616,728.512025075,728.5120250745616
331,8890.804031890084,8890.80403189,8890.804031890084
332,8646.787149204909,8646.7871492,8646.787149204909
333,1442.1974898904205,1442.19748989,1442.1974898904205
334,2038.1229806191313,2038.12298062,2038.1229806191313
335,352.37122951869947,352.371229519,352.37122951869947
336,1954.3878723637224,1954.38787236,1954.3878723637224
338,1282.2693504401882,1282.26935044,1282.2693504401882
339,826.685489758708,826.685489759,826.685489758708
340,1361.7138508143798,1361.71385081,1361.7138508143798
341,9454.928294426702,9454.92829443,9454.928294426702
342,258.6104426988453,258.610442699,258.6104426988453
343,2374.3177501177584,2374.31775012,2374.3177501177584
344,1855.0180859252075,1855.01808593,1855.0180859252075
345,450.54634628515146,450.546346285,450.54634628515146
346,430.4520207283334,430.452020728,430.4520207283334
347,394.85377242894197,394.853772429,394.85377242894197
348,3245.8742042645304,3245.87420426,3245.8742042645304
349,1869.6459517844407,1869.64595178,1869.6459517844407
350,3386.4939431313533,3386.49394313,3386.4939431313533
351,523.7650155068103,523.765015507,523.7650155068103
352,2474.517870742723,2474.51787074,2474.517870742723
353,3663.354854103194,3663.3548541,3663.354854103194
354,147.39161978375853,147.391619784,147.39161978375853
355,260.2300274363162,260.230027436,260.2300274363162
356,329.34117377600865,329.341173776,329.34117377600865
357,676.7956109380796,676.795610938,676.7956109380796
358,619.9310406846873,619.931040685,619.9310406846873
359,1200.9540750899514,1200.95407509,1200.9540750899514
360,413.85343812464396,413.853438125,413.85343812464396
361,1552.654093128624,1552.65409313,1552.654093128624
362,919.0093432172091,919.009343217,919.0093432172091
363,1392.7483232155846,1392.74832322,1392.7483232155846
364,3541.8908072802174,3541.89080728,3541.8908072802174
365,3366.8679281099385,3366.86792811,3366.8679281099385
366,1519.5556865891979,1519.55568659,1519.5556865891979
367,71.97594845883586,71.9759484588,71.97594845883586
368,1507.920391605552,1507.92039161,1507.920391605552
369,1045.6375057150444,1045.63750572,1045.6375057150444
370,302.06831423760605,302.068314238,302.06831423760605
371,343.56675518313466,343.566755183,343.56675518313466
372,1434.6622452884421,1434.66224529,1434.6622452884421
373,2080.6564919583784,2080.65649196,2080.6564919583784
374,1116.2039918679216,1116.20399187,1116.2039918679216
375,2300.3269084995954,2300.3269085,2300.3269084995954
376,178.94277266132553,178.942772661,178.94277266132553
377,1625.1932149063427,1625.19321491,1625.1932149063427
378,3328.351858926616,3328.35185893,3328.351858926616
379,621.1741595565567,621.174159557,621.1741595565567
380,635.9297879119846,635.929787912,635.9297879119846
381,14.356808498543728,14.3568084985,14.356808498543728
382,797.2268530398048,797.22685304,797.2268530398048
383,3250.4684489344577,3250.46844893,3250.4684489344577
384,3974.154563843821,3974.15456384,3974.154563843821
385,1141.4914932995382,1141.4914933,1141.4914932995382
386,935.876798438217,935.876798438,935.876798438217
387,734.1780179338251,734.178017934,734.1780179338251
388,637.66648283936,637.666482839,637.66648283936
389,1617.513070882687,1617.51307088,1617.513070882687
390,2097.539896333134,2097.53989633,2097.539896333134
391,2511.1784858301403,2511.17848583,2511.1784858301403
392,473.7848685052695,473.784868505,473.7848685052695
393,212.59760323800256,212.597603238,212.59760323800256
394,1545.7027642044934,1545.7027642,1545.7027642044934
395,1691.8158114421572,1691.81581144,1691.8158114421572
396,1872.0250897426433,1872.02508974,1872.025089742643
397,552.0013051207477,552.001305121,552.0013051207477
398,971.3462940605482,971.346294061,971.3462940605482
399,816.5684992195304,816.56849922,816.5684992195304
400,2530.7953255205935,2530.79532552,2530.7953255205935
401,2723.035431934598,2723.03543193,2723.035431934598
402,693.2680762754678,693.268076275,693.2680762754678
403,4769.333834495664,4769.3338345,4769.333834495664
404,1794.1890723540992,1794.18907235,1794.1890723540992
405,3312.5818139396656,3312.58181394,3312.5818139396656
406,663.0637431144639,663.063743114,663.0637431144639
407,1365.172785363252,1365.17278536,1365.172785363252
408,3345.230456036585,3345.23045604,3345.230456036585
409,649.0420237084099,649.042023708,649.0420237084099
410,6855.318383314407,6855.31838331,6855.318383314407
411,1120.768051325101,1120.76805133,1120.768051325101
412,820.9477890908798,820.947789091,820.9477890908798
413,123.18946701260333,123.189467013,123.18946701260333
414,993.2105341402821,993.21053414,993.2105341402821
415,266.03711317850065,266.037113179,266.03711317850065
416,1222.9851410745498,1222.98514107,1222.9851410745498
417,502.78483385830435,502.784833858,502.78483385830435
418,1042.885063289361,1042.88506329,1042.885063289361
419,855.8216493746689,855.821649375,855.8216493746689
420,526.9625313822453,526.962531382,526.9625313822453
421,901.3399691284146,901.339969128,901.3399691284146
422,1496.91811138808,1496.91811139,1496.91811138808
423,1513.5903956452144,1513.59039565,1513.5903956452144
424,1385.8095112005817,1385.8095112,1385.8095112005817
425,3264.081994092481,3264.08199409,3264.081994092481
426,986.8963821085754,986.896382109,986.8963821085754
427,1787.8319004105235,1787.83190041,1787.8319004105235
428,3002.950119746395,3002.95011975,3002.950119746395
429,1132.7592768368584,1132.75927684,1132.7592768368584
430,708.5710678450022,708.571067845,708.5710678450022
431,1180.3966465855333,1180.39664659,1180.3966465855333
432,1286.1703338698424,1286.17033387,1286.1703338698424
433,1179.2494790310448,1179.24947903,1179.2494790310448
434,5138.217605164279,5138.21760516,5138.217605164279
435,4815.658362953686,4815.65836295,4815.658362953686
436,8307.291051416893,8307.29105142,8307.291051416893
437,1806.7564092968912,1806.7564093,1806.7564092968912
438,1678.3051617560552,1678.30516176,1678.3051617560552
439,1872.6024103489851,1872.60241035,1872.6024103489851
440,2033.50842045035,2033.50842045,2033.50842045035
441,733.4460959731948,733.446095973,733.4460959731948
442,1044.2554755862352,1044.25547559,1044.2554755862352
443,995.9887108967798,995.988710897,995.9887108967798
444,2552.474437798012,2552.4744378,2552.474437798012
445,10093.784435855086,10093.7844359,10093.784435855086
446,3108.673341516274,3108.67334152,3108.673341516274
447,203.75284079303933,203.752840793,203.75284079303933
448,3245.6972507168684,3245.69725072,3245.6972507168684
449,126.27878385312975,126.278783853,126.27878385312975
450,641.8782023731568,641.878202373,641.8782023731568
451,778.6570059924607,778.657005992,778.6570059924607
452,1401.0523069701628,1401.05230697,1401.0523069701628
453,3052.400166375788,3052.40016638,3052.400166375788
454,431.339962151853,431.339962152,431.339962151853
455,1705.4945659109867,1705.49456591,1705.4945659109867
456,1063.0367676280819,1063.03676763,1063.0367676280819
457,1110.0818193132463,1110.08181931,1110.0818193132463
458,12048.01221070747,12048.0122107,12048.01221070747
459,2107.7017958306556,2107.70179583,2107.7017958306556
460,1332.8359185281365,1332.83591853,1332.8359185281365
461,1059.1909466805384,1059.19094668,1059.1909466805384
462,3744.248890402212,3744.2488904,3744.248890402212
463,4630.7462191409295,4630.74621914,4630.7462191409295
464,1644.5964629194248,1644.59646292,1644.5964629194248
465,1069.9667298671534,1069.96672987,1069.9667298671534
466,1571.3632547375894,1571.36325474,1571.3632547375894
467,392.6404412361004,392.640441236,392.6404412361004
468,638.5501824288289,638.550182429,638.5501824288289
469,1163.320473469478,1163.32047347,1163.320473469478
470,1180.263269283145,1180.26326928,1180.263269283145
471,1007.6047305920735,1007.60473059,1007.6047305920735
472,3026.3191444487015,3026.31914445,3026.3191444487015
473,698.8526680966487,698.852668097,698.8526680966487
474,1395.4843363986674,1395.4843364,1395.4843363986674
475,369.7081069037543,369.708106904,369.7081069037543
476,258.36028656621386,258.360286566,258.36028656621386
477,4024.7036618073175,4024.70366181,4024.7036618073175
478,4086.2965265763387,4086.29652658,4086.2965265763387
479,4314.994849463047,4314.99484946,4314.994849463047
480,790.9873249585665,790.987324959,790.9873249585665
481,1637.3472536157951,1637.34725362,1637.3472536157951
482,5836.133944845509,5836.13394485,5836.133944845509
483,3355.437596151025,3355.43759615,3355.437596151025
484,2366.086781171952,2366.08678117,2366.086781171952
485,258.43158294903037,258.431582949,258.43158294903037
486,4966.818413202282,4966.8184132,4966.818413202282
487,1286.7301688114962,1286.73016881,1286.7301688114962
488,2348.1532774659645,2348.15327747,2348.1532774659645
489,482.9692116354324,482.969211635,482.9692116354324
490,1995.062619947312,1995.06261995,1995.062619947312
491,3805.136825111935,3805.13682511,3805.136825111935
492,463.34436137720627,463.344361377,463.34436137720627
493,1070.963206443276,1070.96320644,1070.963206443276
494,250.11813879488435,250.118138795,250.11813879488435
495,128.7928799192281,128.792879919,128.7928799192281
496,408.2276172746744,408.227617275,408.2276172746744
497,3559.248697948995,3559.24869795,3559.248697948995
498,1054.2134021213565,1054.21340212,1054.2134021213565
499,1051.187140817012,1051.18714082,1051.187140817012
500,490.20645184757393,490.206451848,490.20645184757393
501,1555.6042066896098,1555.60420669,1555.6042066896098
502,346.4245956688007,346.424595669,346.4245956688007
503,3745.806291888296,3745.80629189,3745.806291888296
504,439.44090558268243,439.440905583,439.44090558268243
505,5067.169928189276,5067.16992819,5067.169928189276
506,2087.5107543141626,2087.51075431,2087.5107543141626
507,6160.125246418348,6160.12524642,6160.125246418348
508,347.1651905421597,347.165190542,347.1651905421597
509,931.4466355550022,931.446635555,931.4466355550022
510,1111.4664974337886,1111.46649743,1111.4664974337886
511,2772.5716007185106,2772.57160072,2772.5716007185106
512,864.198920294956,864.198920295,864.198920294956
513,1190.3731760317085,1190.37317603,1190.3731760317085
514,347.8516842388915,347.851684239,347.8516842388915
515,3756.708889754855,3756.70888975,3756.708889754855
516,7669.311619050648,7669.31161905,7669.311619050648
517,644.3605984973221,644.360598497,644.3605984973221
518,2559.4801560935684,2559.48015609,2559.4801560935684
519,2986.419353691756,2986.41935369,2986.419353691756
520,1976.8935975858587,1976.89359759,1976.8935975858587
521,1287.5336981742985,1287.53369817,1287.5336981742985
522,654.7707925558935,654.770792556,654.7707925558935
523,659.1443236472958,659.144323647,659.1443236472958
524,1378.4222728775003,1378.42227288,1378.4222728775003
525,3275.2765015861833,3275.27650159,3275.2765015861833
526,4447.924456935779,4447.92445694,4447.924456935779
527,163.5150354934349,163.515035493,163.5150354934349
528,7915.828274424694,7915.82827442,7915.828274424694
529,329.9916879379447,329.991687938,329.9916879379447
530,677.4077324063657,677.407732406,677.4077324063657
531,177.44174564414612,177.441745644,177.44174564414612
532,1590.411043756798,1590.41104376,1590.411043756798
533,914.6023208507294,914.602320851,914.6023208507294
534,6227.698749802584,6227.6987498,6227.698749802584
535,5002.313665501508,5002.3136655,5002.313665501508
536,1300.2847413195223,1300.28474132,1300.2847413195223
537,4564.834485645034,4564.83448565,4564.834485645034
538,959.0873710522383,959.087371052,959.0873710522383
539,8201.582753074883,8201.58275307,8201.582753074883
540,1281.4762560416768,1281.47625604,1281.4762560416768
541,825.0006064416403,825.000606442,825.0006064416403
542,8983.06418495025,8983.06418495,8983.06418495025
543,123.28597671416202,123.285976714,123.28597671416202
544,1661.4515906007446,1661.4515906,1661.4515906007446
545,319.27110352439234,319.271103524,319.27110352439234
546,157.1399185862094,157.139918586,157.1399185862094
547,410.826936263475,410.826936263,410.826936263475
548,3786.8701439350457,3786.87014394,3786.8701439350457
549,1938.5508115713137,1938.55081157,1938.5508115713137
550,1435.2166402168157,1435.21664022,1435.2166402168157
551,767.8871706585338,767.887170659,767.8871706585338
552,160.57427529598692,160.574275296,160.57427529598692
553,1140.2936309670922,1140.29363097,1140.2936309670922
554,975.2075104950004,975.207510495,975.2075104950004
555,1899.9227409934804,1899.92274099,1899.9227409934804
556,601.9324947741709,601.932494774,601.9324947741709
557,60.66049896344154,60.6604989634,60.66049896344154
558,1588.4630124644389,1588.46301246,1588.4630124644389
559,415.6976878137372,415.697687814,415.6976878137372
560,804.6720594181668,804.672059418,804.6720594181668
561,128.05635129693854,128.056351297,128.05635129693854
562,1775.9145470574176,1775.91454706,1775.9145470574176
563,1415.029552305456,1415.02955231,1415.029552305456
564,1447.8769608668463,1447.87696087,1447.8769608668463
565,907.9395872970493,907.939587297,907.9395872970493
566,1046.555817579091,1046.55581758,1046.555817579091
567,1545.0423552453688,1545.04235525,1545.0423552453688
568,512.3607855427833,512.360785543,512.3607855427833
569,1889.1201885851922,1889.12018859,1889.1201885851922
570,1872.948235285351,1872.94823529,1872.948235285351
571,1305.106862396704,1305.1068624,1305.106862396704
572,2142.5971730385513,2142.59717304,2142.5971730385513
573,771.3964634799019,771.39646348,771.3964634799019
574,1651.5650747873535,1651.56507479,1651.5650747873535
575,434.7852423637257,434.785242364,434.7852423637257
576,10828.637416817315,10828.6374168,10828.637416817315
577,1153.1079357580938,1153.10793576,1153.1079357580938
578,2982.4071313348295,2982.40713133,2982.4071313348295
579,3425.2144800742053,3425.21448007,3425.2144800742053
580,1102.4477841003759,1102.4477841,1102.4477841003759
581,4960.035248629,4960.03524863,4960.035248629
582,2417.733950353634,2417.73395035,2417.733950353634
583,721.1682842859448,721.168284286,721.1682842859448
584,95.04808415944602,95.0480841594,95.04808415944602
585,3557.6531106478496,3557.65311065,3557.6531106478496
586,5403.460868545106,5403.46086855,5403.460868545106
587,1982.614911417207,1982.61491142,1982.614911417207
588,1195.3428988390135,1195.34289884,1195.3428988390135
589,3202.4467586074907,3202.44675861,3202.4467586074907
590,161.85774265509036,161.857742655,161.85774265509036
591,717.0694022340401,717.069402234,717.0694022340401
592,4157.221864540569,4157.22186454,4157.221864540569
593,1593.313277861356,1593.31327786,1593.313277861356
594,1122.3959262600133,1122.39592626,1122.3959262600133
595,4268.245950093244,4268.24595009,4268.245950093244
596,392.30401298491876,392.304012985,392.30401298491876
597,1154.5404233942925,1154.54042339,1154.5404233942925
598,2311.5728518182673,2311.57285182,2311.5728518182673
599,1349.0516389157522,1349.05163892,1349.0516389157522
600,585.6040717866003,585.604071787,585.6040717866003
601,5867.56657481645,5867.56657482,5867.56657481645
602,1170.8059944734052,1170.80599447,1170.8059944734052
603,665.4041733419543,665.404173342,665.4041733419543
604,7762.0431553913295,7762.04315539,7762.0431553913295
605,3093.2492288248823,3093.24922882,3093.2492288248827
606,1670.6838720355631,1670.68387204,1670.6838720355631
607,1104.817213299811,1104.8172133,1104.817213299811
608,1295.0762112547409,1295.07621125,1295.0762112547409
609,1181.3754663694765,1181.37546637,1181.3754663694765
610,185.79554478446323,185.795544784,185.79554478446323
611,1466.5532840784786,1466.55328408,1466.5532840784786
612,1054.5928772385817,1054.59287724,1054.5928772385817
613,5189.193945449685,5189.19394545,5189.193945449685
614,1133.584007650369,1133.58400765,1133.584007650369
615,371.463572242595,371.463572243,371.463572242595
616,5727.8278680994445,5727.8278681,5727.8278680994445
617,3208.9629842831077,3208.96298428,3208.9629842831077
618,1535.4609233591857,1535.46092336,1535.4609233591857
619,2713.363348161491,2713.36334816,2713.363348161491
620,1383.7633699918547,1383.76336999,1383.7633699918547
621,7712.363027447498,7712.36302745,7712.363027447498
622,1070.5420453925979,1070.54204539,1070.5420453925979
623,849.0658936857897,849.065893686,849.0658936857897
624,1182.8393649392094,1182.83936494,1182.8393649392094
625,1165.8451529509525,1165.84515295,1165.8451529509525
626,2093.2043871377837,2093.20438714,2093.2043871377837
627,2135.926942392458,2135.92694239,2135.926942392458
628,970.5115860247538,970.511586025,970.5115860247538
629,1220.8183216614636,1220.81832166,1220.8183216614636
630,265.81955535384816,265.819555354,265.81955535384816
631,363.80996383608044,363.809963836,363.80996383608044
632,2497.8553407772743,2497.85534078,2497.8553407772743
633,1049.8428654847226,1049.84286548,1049.8428654847226
634,12210.866125416323,12210.8661254,12210.866125416323
635,3301.6711248977717,3301.6711249,3301.6711248977717
636,1756.0968470900823,1756.09684709,1756.0968470900823
637,11411.559320994755,11411.559321,11411.559320994755
638,506.38566358048894,506.38566358,506.38566358048894
639,529.254825017398,529.254825017,529.254825017398
640,1970.178361120434,1970.17836112,1970.178361120434
641,1507.9463997370117,1507.94639974,1507.9463997370117
642,1490.003855360268,1490.00385536,1490.003855360268
643,1761.4905450301094,1761.49054503,1761.4905450301094
644,2197.686597920945,2197.68659792,2197.686597920945
645,2770.702007345132,2770.70200735,2770.702007345132
646,1014.8369136884281,1014.83691369,1014.8369136884281
647,2001.6300512771966,2001.63005128,2001.6300512771966
648,1926.4023370585173,1926.40233706,1926.4023370585173
649,5261.549174328931,5261.54917433,5261.549174328931
650,221.0484377243455,221.048437724,221.0484377243455
651,6699.97767847251,6699.97767847,6699.97767847251
652,528.1057180849263,528.105718085,528.1057180849263
653,7289.007829552509,7289.00782955,7289.007829552509
654,937.2642011777468,937.264201178,937.2642011777468
655,495.3986121960294,495.398612196,495.3986121960294
656,3426.391254378637,3426.39125438,3426.391254378637
657,3381.0468183708863,3381.04681837,3381.0468183708863
658,4275.764471362711,4275.76447136,4275.764471362711
659,2813.299993037722,2813.29999304,2813.299993037722
660,2093.20212802493,2093.20212802,2093.20212802493
661,981.2650203540647,981.265020354,981.2650203540647
662,2862.8328558183794,2862.83285582,2862.8328558183794
663,1255.8018090060837,1255.80180901,1255.8018090060837
664,190.9777389845556,190.977738985,190.9777389845556
665,5772.58213030769,5772.58213031,5772.58213030769
666,1588.378033303019,1588.3780333,1588.378033303019
667,240.42425717843884,240.424257178,240.42425717843884
668,1157.390965133369,1157.39096513,1157.390965133369
669,7634.956136385605,7634.95613639,7634.956136385605
670,2022.3065116895618,2022.30651169,2022.3065116895618
671,230.15124152065005,230.151241521,230.15124152065005
672,2714.8572406864632,2714.85724069,2714.8572406864632
673,3101.686951838691,3101.68695184,3101.686951838691
674,3141.529674879918,3141.52967488,3141.529674879918
675,996.4639819433797,996.463981943,996.4639819433797
676,10864.987869810808,10864.9878698,10864.987869810808
677,459.99963454335625,459.999634543,459.99963454335625
678,655.6129673752449,655.612967375,655.6129673752449
679,567.4579928806335,567.457992881,567.4579928806335
680,3122.4516520893785,3122.45165209,3122.4516520893785
681,619.2754491815012,619.275449182,619.2754491815012
682,809.0802372277745,809.080237228,809.0802372277745
683,2637.2172047396857,2637.21720474,2637.2172047396857
684,1094.4464568374888,1094.44645684,1094.4464568374888
685,1421.21979995795,1421.21979996,1421.21979995795
686,281.7887644237845,281.788764424,281.7887644237845
687,1384.3792722150229,1384.37927222,1384.3792722150229
688,757.3861305698446,757.38613057,757.3861305698446
689,895.3610418897143,895.36104189,895.3610418897143
690,483.929031792003,483.929031792,483.929031792003
691,814.547639504916,814.547639505,814.547639504916
692,285.8840963684775,285.884096368,285.8840963684775
693,475.28850520428745,475.288505204,475.28850520428745
694,1370.586204688194,1370.58620469,1370.586204688194
695,6970.260254762614,6970.26025476,6970.260254762614
696,96.47306262730092,96.4730626273,96.47306262730092
697,3904.359434106918,3904.35943411,3904.359434106918
698,2643.6989066720694,2643.69890667,2643.6989066720694
699,2135.526374875501,2135.52637488,2135.526374875501
700,8013.924957065355,8013.92495707,8013.924957065355
701,686.4466746007214,686.446674601,686.4466746007214
702,10502.226888505484,10502.2268885,10502.226888505484
703,2468.7156719348604,2468.71567193,2468.7156719348604
704,1975.4684841267388,1975.46848413,1975.4684841267388
705,673.1879316767561,673.187931677,673.1879316767561
706,293.2084516248626,293.208451625,293.2084516248626
707,602.58545962558,602.585459626,602.58545962558
708,1603.4240909495616,1603.42409095,1603.4240909495616
709,1625.8232517020285,1625.8232517,1625.8232517020285
710,91.74942597073841,91.7494259707,91.74942597073841
711,6238.1082120011315,6238.108212,6238.1082120011315
712,1453.134381426934,1453.13438143,1453.134381426934
713,1707.6468348252386,1707.64683483,1707.6468348252386
714,9010.134976270949,9010.13497627,9010.134976270949
715,4681.047181568648,4681.04718157,4681.047181568648
716,16463.31595723046,16463.3159572,16463.31595723046
717,2376.793230249266,2376.79323025,2376.793230249266
718,1388.491001929958,1388.49100193,1388.491001929958
719,2126.5931505486246,2126.59315055,2126.5931505486246
720,2099.3177253667413,2099.31772537,2099.3177253667413
721,6549.779190953601,6549.77919095,6549.779190953601
722,1364.157116736571,1364.15711674,1364.157116736571
723,192.67568711184907,192.675687112,192.67568711184907
724,6392.6843821088205,6392.68438211,6392.6843821088205
725,3052.475059535961,3052.47505954,3052.475059535961
726,621.5318089582236,621.531808958,621.5318089582236
727,802.3812732252037,802.381273225,802.3812732252037
728,47.50063618577152,47.5006361858,47.50063618577152
729,650.8398990835932,650.839899084,650.8398990835932
730,1382.3203438738728,1382.32034387,1382.3203438738728
731,486.7172145812423,486.717214581,486.7172145812423
732,906.9711351851951,906.971135185,906.9711351851951
733,636.1562642602461,636.15626426,636.1562642602461
734,2939.084694183869,2939.08469418,2939.084694183869
735,3052.5961091865374,3052.59610919,3052.5961091865374
736,945.8910809893817,945.891080989,945.8910809893817
737,1941.5814970919225,1941.58149709,1941.5814970919225
738,4447.127393670147,4447.12739367,4447.127393670147
739,424.47952177286896,424.479521773,424.47952177286896
740,299.7330867228043,299.733086723,299.7330867228043
741,584.8393775784597,584.839377578,584.8393775784597
742,12637.696281472698,12637.6962815,12637.696281472698
743,2652.285270899219,2652.2852709,2652.285270899219
744,2176.263146431091,2176.26314643,2176.263146431091
745,2544.772857893933,2544.77285789,2544.772857893933
746,4226.798821708397,4226.79882171,4226.798821708397
747,5519.804553392155,5519.80455339,5519.804553392155
748,10497.705981488512,10497.7059815,10497.705981488512
749,850.7184431771559,850.718443177,850.7184431771559
750,523.30407986908,523.304079869,523.30407986908
751,4908.232122685842,4908.23212269,4908.232122685842
752,3044.7392725891623,3044.73927259,3044.7392725891623
753,302.36245642006537,302.36245642,302.36245642006537
754,552.6415077087125,552.641507709,552.6415077087125
755,1326.4745893803117,1326.47458938,1326.4745893803117
756,1936.7457823619611,1936.74578236,1936.7457823619611
757,6419.849798585002,6419.84979859,6419.849798585002
758,3104.351781345415,3104.35178135,3104.351781345415
759,4048.178349668524,4048.17834967,4048.178349668524
760,5664.723046447686,5664.72304645,5664.723046447686
761,2156.6643118383686,2156.66431184,2156.6643118383686
762,308.3057866754717,308.305786675,308.3057866754717
763,3798.0808551418177,3798.08085514,3798.0808551418177
764,1018.5652056442921,1018.56520564,1018.5652056442921
765,1864.3912704872184,1864.39127049,1864.3912704872184
766,2716.2283747392894,2716.22837474,2716.2283747392894
767,396.932039977391,396.932039977,396.932039977391
768,839.3031830378842,839.303183038,839.3031830378842
769,2990.227925990241,2990.22792599,2990.227925990241
770,3586.3905622081597,3586.39056221,3586.3905622081597
771,2217.488244782952,2217.48824478,2217.488244782952
772,12963.56807405008,12963.5680741,12963.56807405008
773,4407.298816449874,4407.29881645,4407.298816449874
774,3038.2051866854945,3038.20518669,3038.2051866854945
775,2404.6119244277547,2404.61192443,2404.6119244277547
776,3526.507850421908,3526.50785042,3526.507850421908
777,2253.975283182544,2253.97528318,2253.975283182544
778,717.5089737126696,717.508973713,717.5089737126696
779,332.06539174093655,332.065391741,332.06539174093655
780,996.0243240563381,996.024324056,996.0243240563381
781,893.6753691523546,893.675369152,893.6753691523546
782,4924.09941604413,4924.09941604,4924.09941604413
783,872.0973799292337,872.097379929,872.0973799292337
784,2033.0736769074426,2033.07367691,2033.0736769074426
785,2462.886781586104,2462.88678159,2462.886781586104
786,1889.004516306094,1889.00451631,1889.004516306094
787,1420.1824425441464,1420.18244254,1420.1824425441464
788,454.53621305941255,454.536213059,454.53621305941255
789,3563.2571627201787,3563.25716272,3563.2571627201787
790,1462.3827561086077,1462.38275611,1462.3827561086077
791,4515.7082606709055,4515.70826067,4515.7082606709055
792,592.2068995998386,592.2068996,592.2068995998386
793,942.0576057772269,942.057605777,942.0576057772269
794,1776.5681420742626,1776.56814207,1776.5681420742626
795,4413.078678245147,4413.07867825,4413.078678245147
796,7551.172068171331,7551.17206817,7551.172068171331
797,1424.3682331940993,1424.36823319,1424.3682331940993
798,389.02759823887476,389.027598239,389.02759823887476
799,456.8081184651337,456.808118465,456.8081184651337
800,7432.803613011561,7432.80361301,7432.803613011561
801,682.0136427424105,682.013642742,682.0136427424105
802,4118.699922276168,4118.69992228,4118.699922276168
803,375.7698392416576,375.769839242,375.7698392416576
804,2084.031599808615,2084.03159981,2084.031599808615
805,2581.601294677724,2581.60129468,2581.601294677724
806,435.7163280089046,435.716328009,435.7163280089046
807,13450.418629149748,13450.4186291,13450.418629149748
808,4483.428298641116,4483.42829864,4483.428298641116
809,1480.752203082494,1480.75220308,1480.752203082494
810,730.0943376682927,730.094337668,730.0943376682927
811,657.5395186748558,657.539518675,657.5395186748558
812,4148.620186858843,4148.62018686,4148.620186858843
813,2083.585072218875,2083.58507222,2083.585072218875
814,312.64573476068847,312.645734761,312.64573476068847
815,2949.6690611493846,2949.66906115,2949.6690611493846
816,720.2418541874497,720.241854187,720.2418541874497
817,55.33687301966246,55.3368730197,55.33687301966246
818,1031.6209896903415,1031.62098969,1031.6209896903415
819,485.7478340308487,485.747834031,485.7478340308487
820,1994.1185185512334,1994.11851855,1994.1185185512334
821,181.76245669608,181.762456696,181.76245669608
822,3673.4631240041367,3673.463124,3673.4631240041367
823,365.0417366220753,365.041736622,365.0417366220753
824,641.4964483187675,641.496448319,641.4964483187675
825,1368.662754989713,1368.66275499,1368.662754989713
826,107.33304122839233,107.333041228,107.33304122839233
827,2440.1161283490733,2440.11612835,2440.1161283490733
828,1115.3919869366823,1115.39198694,1115.3919869366823
829,2896.1816989067547,2896.18169891,2896.1816989067547
830,3522.44924974346,3522.44924974,3522.44924974346
831,215.34194011051335,215.341940111,215.34194011051335
832,1292.2451263599273,1292.24512636,1292.2451263599273
833,1107.3270040405273,1107.32700404,1107.3270040405273
834,1524.9638336790088,1524.96383368,1524.9638336790088
835,350.88917874059246,350.889178741,350.88917874059246
836,2480.690090927574,2480.69009093,2480.690090927574
837,468.6696523699598,468.66965237,468.6696523699598
838,1997.9495567064785,1997.94955671,1997.9495567064785
839,254.99262867583468,254.992628676,254.99262867583468
840,1046.8616839512217,1046.86168395,1046.8616839512217
841,156.40079066974943,156.40079067,156.40079066974943
842,7179.7484229521815,7179.74842295,7179.7484229521815
843,1837.3325477574872,1837.33254776,1837.3325477574872
844,2950.7466635095866,2950.74666351,2950.7466635095866
845,2290.483478933179,2290.48347893,2290.483478933179
846,284.78878672384144,284.788786724,284.78878672384144
847,456.12583947921854,456.125839479,456.12583947921854
848,731.0440641624143,731.044064162,731.0440641624143
849,9932.39443154733,9932.39443155,9932.39443154733
850,5002.664795815182,5002.66479582,5002.664795815182
851,398.4323743626973,398.432374363,398.4323743626973
852,935.3999683451008,935.399968345,935.3999683451008
853,3708.326869389492,3708.32686939,3708.326869389492
854,705.8574860842785,705.857486084,705.8574860842785
855,999.3148918433301,999.314891843,999.3148918433301
856,1046.4523197587152,1046.45231976,1046.4523197587152
857,188.80312064535684,188.803120645,188.80312064535684
858,599.5420968572288,599.542096857,599.5420968572288
859,3790.8589868260356,3790.85898683,3790.8589868260356
860,1914.6594024228555,1914.65940242,1914.6594024228555
861,1310.8608607297565,1310.86086073,1310.8608607297565
862,4983.270983307681,4983.27098331,4983.270983307681
863,3456.571614078091,3456.57161408,3456.571614078091
864,2312.268311777186,2312.26831178,2312.268311777186
865,862.7331111430393,862.733111143,862.7331111430393
866,1043.9853911662074,1043.98539117,1043.9853911662074
867,1962.8510413659233,1962.85104137,1962.8510413659233
868,1973.5334938769984,1973.53349388,1973.5334938769984
869,123.38638796093953,123.386387961,123.38638796093953
870,1421.36787942446,1421.36787942,1421.36787942446
871,388.22571484891444,388.225714849,388.22571484891444
872,1141.673256952158,1141.67325695,1141.673256952158
873,2102.8053029669854,2102.80530297,2102.8053029669854
874,245.40374438987595,245.40374439,245.40374438987595
875,855.4560862159947,855.456086216,855.4560862159947
876,1804.923133040602,1804.92313304,1804.923133040602
877,348.96911133902154,348.969111339,348.96911133902154
878,302.5146632040832,302.514663204,302.5146632040832
879,326.9595888229252,326.959588823,326.9595888229252
880,4179.1890550054795,4179.18905501,4179.1890550054795
881,2873.961968879955,2873.96196888,2873.961968879955
882,871.350049416594,871.350049417,871.350049416594
883,2415.1226858080704,2415.12268581,2415.1226858080704
884,1552.5850211563236,1552.58502116,1552.5850211563236
885,543.2790499420454,543.279049942,543.2790499420454
886,554.1417379873924,554.141737987,554.1417379873924
887,168.77924126955006,168.77924127,168.77924126955006
888,257.1073089533675,257.107308953,257.1073089533675
889,535.3491459370122,535.349145937,535.3491459370122
890,5024.326747048921,5024.32674705,5024.326747048921
891,1384.261620754146,1384.26162075,1384.261620754146
892,2050.368173973713,2050.36817397,2050.368173973713
893,5070.203343993576,5070.20334399,5070.203343993576
894,3536.77107130725,3536.77107131,3536.77107130725
895,100.29095326159617,100.290953262,100.29095326159617
896,1372.6869133773077,1372.68691338,1372.6869133773077
897,2515.8806315211064,2515.88063152,2515.8806315211064
898,2407.501424006044,2407.50142401,2407.501424006044
899,353.97322603844907,353.973226038,353.97322603844907
900,200.8991293040062,200.899129304,200.8991293040062
901,6179.001584750408,6179.00158475,6179.001584750408
902,177.6293151830889,177.629315183,177.6293151830889
903,690.8091719669656,690.809171967,690.8091719669656
904,1118.8259215638273,1118.82592156,1118.8259215638273
905,3096.3252321658956,3096.32523217,3096.3252321658956
906,254.59010666321802,254.590106663,254.59010666321802
907,3892.069216873347,3892.06921687,3892.069216873347
908,2846.2191814980956,2846.2191815,2846.2191814980956
909,1298.972728551807,1298.97272855,1298.972728551807
910,1546.5594512939165,1546.55945129,1546.5594512939165
911,1321.0398347254047,1321.03983473,1321.0398347254047
912,3073.83677282312,3073.83677282,3073.83677282312
913,583.9051246292057,583.905124629,583.9051246292057
914,307.92320467051184,307.923204671,307.92320467051184
915,3870.966180538644,3870.96618054,3870.966180538644
916,6304.238506901961,6304.2385069,6304.238506901961
917,2765.505183225801,2765.50518323,2765.505183225801
918,859.1027730957127,859.102773096,859.1027730957127
919,544.3739522009336,544.373952201,544.3739522009336
920,1924.1753890337823,1924.17538903,1924.1753890337823
921,1006.3107894871075,1006.31078949,1006.3107894871075
922,17.71369790934128,17.7136979093,17.71369790934128
923,3435.1847358869377,3435.18473589,3435.1847358869377
924,503.49271804544753,503.492718045,503.49271804544753
925,267.39696589850143,267.396965899,267.39696589850143
926,816.473836063627,816.473836064,816.473836063627
927,2516.1080681051985,2516.10806811,2516.1080681051985
928,438.51485460482354,438.514854605,438.51485460482354
929,1053.3362907698493,1053.33629077,1053.3362907698493
930,2132.6397038027594,2132.6397038,2132.6397038027594
931,2571.5336595656863,2571.53365957,2571.5336595656863
932,827.3251269832797,827.325126983,827.3251269832797
933,3141.9455942890713,3141.94559429,3141.9455942890713
934,1328.060918731931,1328.06091873,1328.060918731931
935,97.93887255655643,97.9388725566,97.93887255655643
936,1061.0422819955536,1061.042282,1061.0422819955536
937,105.7060331531284,105.706033153,105.7060331531284
938,571.2552697282254,571.255269728,571.2552697282254
939,869.292238867665,869.292238868,869.292238867665
940,1383.712851667098,1383.71285167,1383.712851667098
941,6891.0057936114445,6891.00579361,6891.0057936114445
942,2366.22073189305,2366.22073189,2366.22073189305
943,2826.6510290149545,2826.65102901,2826.6510290149545
944,3990.444021965911,3990.44402197,3990.444021965911
945,1124.4734371123257,1124.47343711,1124.4734371123257
946,2152.0427734869713,2152.04277349,2152.0427734869713
947,724.2885301888218,724.288530189,724.2885301888218
948,1085.545718465739,1085.54571847,1085.545718465739
949,608.311492087859,608.311492088,608.311492087859
950,1527.6768956759006,1527.67689568,1527.6768956759006
951,1271.9114874735444,1271.91148747,1271.9114874735444
952,1216.342854446521,1216.34285445,1216.342854446521
953,676.5944422723217,676.594442272,676.5944422723217
954,1138.6657163819925,1138.66571638,1138.6657163819925
955,495.89563511474535,495.895635115,495.89563511474535
956,689.1205674311936,689.120567431,689.1205674311936
957,1039.7268671981315,1039.7268672,1039.7268671981315
958,567.0097609371658,567.009760937,567.0097609371658
959,357.1639573338554,357.163957334,357.1639573338554
960,1078.7330289786591,1078.73302898,1078.7330289786591
961,9184.797813731726,9184.79781373,9184.797813731726
962,158.35507026452547,158.355070265,158.35507026452547
963,435.2836932278362,435.283693228,435.2836932278362
964,3776.268848345343,3776.26884835,3776.268848345343
965,340.21845249105894,340.218452491,340.21845249105894
966,1560.8401743330069,1560.84017433,1560.8401743330069
967,1886.844127056595,1886.84412706,1886.844127056595
968,1298.7785506968576,1298.7785507,1298.7785506968576
969,616.2972566029065,616.297256603,616.2972566029065
970,2516.3461161617497,2516.34611616,2516.3461161617497
971,3597.5516902248614,3597.55169022,3597.5516902248614
972,673.8800942191662,673.880094219,673.8800942191662
973,1071.8167562506617,1071.81675625,1071.8167562506617
974,33.080975542601905,33.0809755426,33.080975542601905
975,165.12916413952462,165.12916414,165.12916413952462
976,531.5809109207448,531.580910921,531.5809109207448
977,1771.2691064360868,1771.26910644,1771.2691064360868
978,902.554651691586,902.554651692,902.554651691586
979,411.14446410973574,411.14446411,411.14446410973574
980,1505.270278556485,1505.27027856,1505.270278556485
981,2992.8044887389524,2992.80448874,2992.8044887389524
982,5599.808875025086,5599.80887503,5599.808875025086
983,2588.310808373795,2588.31080837,2588.310808373795
984,5094.644337214921,5094.64433721,5094.644337214921
985,204.1592111168936,204.159211117,204.1592111168936
986,4958.364992942116,4958.36499294,4958.364992942116
987,285.48647873718227,285.486478737,285.48647873718227
988,880.2855023579018,880.285502358,880.2855023579018
989,1473.4497837218214,1473.44978372,1473.4497837218214
990,19.80509866796492,19.805098668,19.80509866796492
991,1832.1877650732188,1832.18776507,1832.1877650732188
992,612.3524055330126,612.352405533,612.3524055330126
993,1721.6035355770532,1721.60353558,1721.6035355770532
994,1443.8776654162202,1443.87766542,1443.8776654162202
995,456.6185846251034,456.618584625,456.6185846251034
996,114.03961384755267,114.039613848,114.03961384755267
997,2643.2045800238793,2643.20458002,2643.2045800238793
998,378.4034533070823,378.403453307,378.4034533070823
999,2792.844438158142,2792.84443816,2792.844438158142
1000,339.4108136171762,339.410813617,339.4108136171762
1001,8427.613013235019,8427.61301324,8427.613013235019
1002,1470.9233097716433,1470.92330977,1470.9233097716433
1003,1680.8291901622256,1680.82919016,1680.8291901622256
1004,277.7569074266078,277.756907427,277.7569074266078
1005,3080.1718871099265,3080.17188711,3080.1718871099265
1006,2809.056849191056,2809.05684919,2809.056849191056
1007,683.3474405009964,683.347440501,683.3474405009964
1008,222.85530718739437,222.855307187,222.85530718739437
1009,773.0901468700808,773.09014687,773.0901468700808
1010,1497.1939277796505,1497.19392778,1497.1939277796505
1011,236.79862503882651,236.798625039,236.79862503882651
1012,1758.3967880643502,1758.39678806,1758.3967880643502
1013,3734.4623532249648,3734.46235322,3734.4623532249648
1014,2664.995327839404,2664.99532784,2664.995327839404
1015,995.0206680312468,995.020668031,995.0206680312468
1016,1573.7588378122841,1573.75883781,1573.7588378122841
1017,330.35923374496326,330.359233745,330.35923374496326
1018,243.32659258511774,243.326592585,243.32659258511774
1019,926.2852046217289,926.285204622,926.2852046217289
1020,612.8334311580176,612.833431158,612.8334311580176
1021,244.35495627887025,244.354956279,244.35495627887025
1022,340.0589094017217,340.058909402,340.0589094017217
1023,1651.197810743635,1651.19781074,1651.197810743635
1024,678.8646994800848,678.86469948,678.8646994800848
1025,2099.7845610508302,2099.78456105,2099.7845610508302
1026,5582.855534403724,5582.8555344,5582.855534403724
1027,747.9479255524021,747.947925552,747.9479255524021
1028,144.5980344764038,144.598034476,144.5980344764038
1029,2381.8863749578645,2381.88637496,2381.8863749578645
1030,502.44195678826327,502.441956788,502.44195678826327
1031,1274.921826569014,1274.92182657,1274.921826569014
1032,3616.8998172576125,3616.89981726,3616.8998172576125
1033,577.1013649632686,577.101364963,577.1013649632686
1034,525.057543473793,525.057543474,525.057543473793
1035,1524.0778520494607,1524.07785205,1524.0778520494607
1036,469.52111068169427,469.521110682,469.52111068169427
1037,2668.7968066439093,2668.79680664,2668.7968066439093
1038,258.4770180029004,258.477018003,258.4770180029004
1039,8394.17924862258,8394.17924862,8394.17924862258
1040,1799.8747370383942,1799.87473704,1799.8747370383942
1041,6051.226710710782,6051.22671071,6051.226710710782
1042,1840.0562469644042,1840.05624696,1840.0562469644042
1043,495.8258753911275,495.825875391,495.8258753911275
1044,7589.940301489187,7589.94030149,7589.940301489187
1045,5175.894316616779,5175.89431662,5175.894316616779
1046,3645.908023467159,3645.90802347,3645.908023467159
1047,939.3911640169597,939.391164017,939.3911640169597
1048,1122.2447694405184,1122.24476944,1122.2447694405184
1049,896.1194042647147,896.119404265,896.1194042647147
1050,195.43391023680852,195.433910237,195.43391023680852
1051,855.8845827979253,855.884582798,855.8845827979253
1052,4932.511126097738,4932.5111261,4932.511126097738
1053,499.03530734423055,499.035307344,499.03530734423055
1054,1322.9418179285246,1322.94181793,1322.9418179285246
1055,3576.489466422566,3576.48946642,3576.489466422566
1056,98.30905404812722,98.3090540481,98.30905404812722
1057,3634.476786615121,3634.47678662,3634.476786615121
1058,1389.5126891971465,1389.5126892,1389.5126891971465
1059,1075.7262587296377,1075.72625873,1075.7262587296377
1060,1231.5472084082826,1231.54720841,1231.5472084082826
1061,1510.0989890410979,1510.09898904,1510.0989890410979
1062,657.9954401528375,657.995440153,657.9954401528375
1063,688.2510760570216,688.251076057,688.2510760570216
1064,846.1783305984395,846.178330598,846.1783305984395
1065,510.6412805564641,510.641280556,510.6412805564641
1066,783.6395792589828,783.639579259,783.6395792589828
1067,281.6992357179722,281.699235718,281.6992357179722
1068,1663.9441193727532,1663.94411937,1663.9441193727532
1069,1285.1258459359935,1285.12584594,1285.1258459359935
1070,10953.835786320424,10953.8357863,10953.835786320424
1071,1443.5353038608546,1443.53530386,1443.5353038608546
1072,1712.0032883188371,1712.00328832,1712.0032883188371
1073,1291.4254259034021,1291.4254259,1291.4254259034021
1074,615.2180451551819,615.218045155,615.2180451551819
1075,1310.7184688354541,1310.71846884,1310.7184688354541
1076,1126.335585149543,1126.33558515,1126.335585149543
1077,65.45539285192652,65.4553928519,65.45539285192652
1078,673.9516612955929,673.951661296,673.9516612955929
1079,4688.516073739297,4688.51607374,4688.516073739297
1080,312.2621872695049,312.26218727,312.2621872695049
1081,2334.519210929285,2334.51921093,2334.519210929285
1082,1002.1492122602173,1002.14921226,1002.1492122602173
1083,319.36493792339354,319.364937923,319.36493792339354
1084,1232.1737251476727,1232.17372515,1232.1737251476727
1085,5067.628636081425,5067.62863608,5067.628636081425
1086,2038.2270162200477,2038.22701622,2038.2270162200477
1087,338.0832834990717,338.083283499,338.0832834990717
1088,1118.367028667559,1118.36702867,1118.367028667559
1089,427.78291515498296,427.782915155,427.78291515498296
1090,2906.0173938210614,2906.01739382,2906.0173938210614
1091,3316.8346880599333,3316.83468806,3316.8346880599333
1092,1117.677941709712,1117.67794171,1117.677941709712
1093,670.2936566962878,670.293656696,670.2936566962878
1094,111.66502169068275,111.665021691,111.66502169068275
1095,477.0128451791412,477.012845179,477.0128451791412
1096,634.7306465236508,634.730646524,634.7306465236508
1097,6753.022985349778,6753.02298535,6753.022985349778
1098,1188.8652974937868,1188.86529749,1188.8652974937868
1099,4123.317060070751,4123.31706007,4123.317060070751
1100,1126.047360647013,1126.04736065,1126.047360647013
1101,58.563710020125086,58.5637100201,58.563710020125086
1102,2180.7553232761516,2180.75532328,2180.7553232761516
1103,1055.9972522190594,1055.99725222,1055.9972522190594
1104,868.0186764255969,868.018676426,868.0186764255969
1105,260.16885505365775,260.168855054,260.16885505365775
1106,5547.4752614074505,5547.47526141,5547.4752614074505
1107,230.53931833952313,230.53931834,230.53931833952313
1108,5626.794342707126,5626.79434271,5626.794342707126
1109,2165.621785043459,2165.62178504,2165.621785043459
1110,881.4253647798706,881.42536478,881.4253647798706
1111,3097.5853885694237,3097.58538857,3097.5853885694237
1112,779.6324525373725,779.632452537,779.6324525373725
1113,756.9190486624655,756.919048662,756.9190486624655
1114,923.7633518805858,923.763351881,923.7633518805858
1115,1147.0328983936151,1147.03289839,1147.0328983936151
1116,2504.165119615561,2504.16511962,2504.165119615561
1117,2008.8634501998988,2008.8634502,2008.8634501998988
1118,932.4400422180296,932.440042218,932.4400422180296
1119,201.2034994914844,201.203499491,201.2034994914844
1120,946.3478688754883,946.347868875,946.3478688754883
1121,156.4027364042597,156.402736404,156.4027364042597
1122,425.76212838500356,425.762128385,425.76212838500356
1123,618.3933050957729,618.393305096,618.3933050957729
1124,309.73044102791334,309.730441028,309.73044102791334
1125,864.7671709225591,864.767170923,864.7671709225591
1126,5348.6807517598045,5348.68075176,5348.6807517598045
1127,2858.0708870885733,2858.07088709,2858.0708870885733
1128,717.4193715085876,717.419371509,717.4193715085876
1129,155.98181225522916,155.981812255,155.98181225522916
1130,1494.8236660074397,1494.82366601,1494.8236660074397
1131,531.8592610003703,531.859261,531.8592610003703
1132,2817.2130822467866,2817.21308225,2817.2130822467866
1133,1923.4236108309747,1923.42361083,1923.4236108309747
1134,1573.2147009748012,1573.21470097,1573.2147009748012
1135,198.8496520075574,198.849652008,198.8496520075574
1136,1231.5315986660128,1231.53159867,1231.5315986660128
1137,394.99454286121414,394.994542861,394.99454286121414
1138,83.19478472351763,83.1947847235,83.19478472351763
1139,6010.376389857021,6010.37638986,6010.376389857021
1140,906.8223301762317,906.822330176,906.8223301762317
1141,4719.898618077033,4719.89861808,4719.898618077033
1142,905.3632496898205,905.36324969,905.3632496898205
1143,246.43687918936882,246.436879189,246.43687918936882
1144,1451.9954314226682,1451.99543142,1451.9954314226682
1145,998.6594716053289,998.659471605,998.6594716053289
1146,936.7175765103976,936.71757651,936.7175765103976
1147,498.2593772702595,498.25937727,498.2593772702595
1148,4988.18534089256,4988.18534089,4988.18534089256
1149,1487.1483807963796,1487.1483808,1487.1483807963796
1150,1521.7206332026606,1521.7206332,1521.7206332026606
1151,407.82206401479425,407.822064015,407.82206401479425
1152,1284.9607763687375,1284.96077637,1284.9607763687375
1153,270.3980737610726,270.398073761,270.3980737610726
1154,207.50842814123635,207.508428141,207.50842814123635
1155,530.5137182424949,530.513718242,530.5137182424949
1156,555.3538578774838,555.353857877,555.3538578774838
1157,454.45244551010165,454.45244551,454.45244551010165
1158,2672.115436828948,2672.11543683,2672.115436828948
1159,119.71832969353066,119.718329694,119.71832969353066
1160,4215.592614616727,4215.59261462,4215.592614616727
1161,4243.391040776655,4243.39104078,4243.391040776655
1162,1468.4887229501892,1468.48872295,1468.4887229501892
1163,565.5165190688015,565.516519069,565.5165190688015
1164,938.9137620207431,938.913762021,938.9137620207431
1165,873.8267412255541,873.826741226,873.8267412255541
1166,4365.663096969317,4365.66309697,4365.663096969317
1167,453.70317043718586,453.703170437,453.70317043718586
1168,1076.2634614979147,1076.2634615,1076.2634614979147
1169,1844.1884158299938,1844.18841583,1844.1884158299938
1170,1898.5906531670696,1898.59065317,1898.5906531670696
1171,763.953176798785,763.953176799,763.953176798785
1172,1233.049646347607,1233.04964635,1233.049646347607
1173,2412.9676543204105,2412.96765432,2412.9676543204105
1174,5372.117045049848,5372.11704505,5372.117045049848
1175,856.0789597463022,856.078959746,856.0789597463022
1176,536.247756951678,536.247756952,536.247756951678
1177,523.7206219133496,523.720621913,523.7206219133496
1178,635.2738292273725,635.273829227,635.2738292273725
1179,2332.7029188794195,2332.70291888,2332.7029188794195
1180,5877.421996958112,5877.42199696,5877.421996958112
1181,701.5428935777228,701.542893578,701.5428935777228
1182,132.29003480223383,132.290034802,132.29003480223383
1183,2494.563863471312,2494.56386347,2494.563863471312
1184,1851.471378907756,1851.47137891,1851.471378907756
1185,1448.3869112963785,1448.3869113,1448.3869112963785
1186,1468.2800856223919,1468.28008562,1468.2800856223919
1187,1429.9567423090693,1429.95674231,1429.9567423090693
1188,1333.903745103842,1333.9037451,1333.903745103842
1189,277.1318793348271,277.131879335,277.1318793348271
1190,2959.7854634968367,2959.7854635,2959.7854634968367
1191,1219.3177792263139,1219.31777923,1219.3177792263139
1192,942.0326804283521,942.032680428,942.0326804283521
1193,1649.4203187953851,1649.4203188,1649.4203187953851
1194,1966.0190416375908,1966.01904164,1966.0190416375908
1195,2535.300322849519,2535.30032285,2535.300322849519
1196,803.2253969066634,803.225396907,803.2253969066634
1197,152.17278789430765,152.172787894,152.17278789430765
1198,1096.9291116886416,1096.92911169,1096.9291116886416
1199,251.78910775820813,251.789107758,251.78910775820813
1200,2075.5639713037917,2075.5639713,2075.5639713037917
1201,726.5598696829278,726.559869683,726.5598696829278
1202,2639.5482081302393,2639.54820813,2639.5482081302393
1203,477.31285347221916,477.312853472,477.31285347221916
1204,1829.4953560527288,1829.49535605,1829.4953560527288
1205,450.6390714020706,450.639071402,450.6390714020706
1206,1509.9193049009602,1509.9193049,1509.9193049009602
1207,1906.3129622820509,1906.31296228,1906.3129622820509
1208,196.17282124142974,196.172821241,196.17282124142974
1209,3930.6083058749496,3930.60830587,3930.6083058749496
1210,515.821601405365,515.821601405,515.821601405365
1211,1229.3129953918813,1229.31299539,1229.3129953918813
1212,2764.428634041039,2764.42863404,2764.428634041039
1213,4774.114932899844,4774.1149329,4774.114932899844
1214,1314.7245344236471,1314.72453442,1314.7245344236471
1215,957.3308234944451,957.330823494,957.3308234944451
1216,1353.0631690044513,1353.063169,1353.0631690044513
1217,467.46189571859986,467.461895719,467.46189571859986
1218,951.9207837857814,951.920783786,951.9207837857814
1219,1900.2056573920754,1900.20565739,1900.2056573920754
1220,3351.756114244901,3351.75611424,3351.756114244901
1221,2616.469270850972,2616.46927085,2616.469270850972
1222,490.50712567045787,490.50712567,490.50712567045787
1223,1969.1591249117191,1969.15912491,1969.1591249117191
1224,173.80929830179673,173.809298302,173.80929830179673
1225,2988.786572870246,2988.78657287,2988.786572870246
1226,270.249996914684,270.249996915,270.249996914684
1227,776.9159063566357,776.915906357,776.9159063566357
1228,2077.764793079523,2077.76479308,2077.764793079523
1229,60.28827333480584,60.2882733348,60.28827333480584
1230,1201.6269221331556,1201.62692213,1201.6269221331556
1231,11199.731463170208,11199.7314632,11199.731463170208
1232,289.0309596023218,289.030959602,289.0309596023218
1233,1156.7536644750387,1156.75366448,1156.7536644750387
1234,510.32544734013675,510.32544734,510.32544734013675
1235,1814.1293571646138,1814.12935716,1814.1293571646138
1236,4571.057117863918,4571.05711786,4571.057117863918
1237,3411.1374316649967,3411.13743166,3411.1374316649967
1238,982.7379129135227,982.737912914,982.7379129135227
1239,1498.486162734201,1498.48616273,1498.486162734201
1240,175.0931252511909,175.093125251,175.0931252511909
1241,2781.280954910884,2781.28095491,2781.280954910884
1242,127.28877934942764,127.288779349,127.28877934942764
1243,2309.188309411071,2309.18830941,2309.188309411071
1244,2204.203904550461,2204.20390455,2204.203904550461
1245,406.04141226372445,406.041412264,406.04141226372445
1246,1555.3702211300854,1555.37022113,1555.3702211300854
1247,1117.6649949462676,1117.66499495,1117.6649949462676
1248,2814.047323305463,2814.04732331,2814.047323305463
1249,1072.7627828113666,1072.76278281,1072.7627828113666
1250,1031.2273718184633,1031.22737182,1031.2273718184633
1251,440.2482887375724,440.248288738,440.2482887375724
1252,1174.7282264811472,1174.72822648,1174.7282264811472
1253,156.6968684883966,156.696868488,156.6968684883966
1254,99.88868409418234,99.8886840942,99.88868409418234
1255,2113.176294034166,2113.17629403,2113.176294034166
1256,4357.901176950265,4357.90117695,4357.901176950265
1257,707.8181469227973,707.818146923,707.8181469227973
1258,733.1974029349794,733.197402935,733.1974029349794
1259,129.0852497554295,129.085249755,129.0852497554295
1260,4143.015559975886,4143.01555998,4143.015559975886
1261,3691.2693996717626,3691.26939967,3691.2693996717626
1262,1097.6791981518209,1097.67919815,1097.6791981518209
1263,7175.677127764561,7175.67712776,7175.677127764561
1264,1684.5661815478877,1684.56618155,1684.5661815478877
1265,3368.076802517847,3368.07680252,3368.076802517847
1266,46.06031922348694,46.0603192235,46.06031922348694
1267,805.269546958739,805.269546959,805.269546958739
1268,3717.9520994509044,3717.95209945,3717.9520994509044
1269,1150.2119110043593,1150.211911,1150.2119110043593
1270,2434.4309139564825,2434.43091396,2434.4309139564825
1271,204.5145726460893,204.514572646,204.5145726460893
1272,261.0449692082069,261.044969208,261.0449692082069
1273,1006.424816277843,1006.42481628,1006.424816277843
1274,660.712085452252,660.712085452,660.712085452252
1275,213.99689154844492,213.996891548,213.99689154844492
1276,906.3021902115231,906.302190212,906.3021902115231
1277,1524.1738941691563,1524.17389417,1524.1738941691563
1278,2113.609929720632,2113.60992972,2113.609929720632
1279,633.3178220212458,633.317822021,633.3178220212458
1280,1370.9228199448714,1370.92281994,1370.9228199448714
1281,371.11585260792566,371.115852608,371.11585260792566
1282,911.2789442958313,911.278944296,911.2789442958313
1283,1537.6103050789702,1537.61030508,1537.6103050789702
1284,1253.4571777375809,1253.45717774,1253.4571777375809
1285,1072.4049857240586,1072.40498572,1072.4049857240586
1286,3371.4547383247555,3371.45473832,3371.4547383247555
1287,1650.8420729614434,1650.84207296,1650.8420729614434
1288,120.90752040250143,120.907520403,120.90752040250143
1289,1033.1019534591233,1033.10195346,1033.1019534591233
1290,395.03428601381,395.034286014,395.03428601381
1291,92.73708093106845,92.7370809311,92.73708093106845
1292,962.812250860644,962.812250861,962.812250860644
1293,1310.3370689318408,1310.33706893,1310.3370689318408
1294,964.7537792746458,964.753779275,964.7537792746458
1295,396.84664671108254,396.846646711,396.84664671108254
1296,9202.825459710539,9202.82545971,9202.825459710539
1297,2457.427588337429,2457.42758834,2457.427588337429
1298,1206.7880493766918,1206.78804938,1206.7880493766918
1299,357.1827823697052,357.18278237,357.1827823697052
1300,128.1760860213509,128.176086021,128.1760860213509
1301,325.5394074923761,325.539407492,325.5394074923761
1302,670.8274062746976,670.827406275,670.8274062746976
1303,719.5347152722526,719.534715272,719.5347152722526
1304,3797.704446072362,3797.70444607,3797.704446072362
1305,1971.981163718654,1971.98116372,1971.981163718654
1306,1293.5734710904067,1293.57347109,1293.5734710904067
1307,528.7491482021538,528.749148202,528.7491482021538
1308,606.5133333741423,606.513333374,606.5133333741423
1309,1221.727245575688,1221.72724558,1221.727245575688
1310,1218.247338315901,1218.24733832,1218.247338315901
1311,987.0242492502969,987.02424925,987.0242492502969
1312,6782.575461076977,6782.57546108,6782.575461076977
1313,1316.8931437951176,1316.8931438,1316.8931437951176
1314,2193.7593377598746,2193.75933776,2193.7593377598746
1315,108.75286878683042,108.752868787,108.75286878683042
1316,1014.7379522679441,1014.73795227,1014.7379522679441
1317,79.29171346303674,79.291713463,79.29171346303674
1318,1931.6954321912856,1931.69543219,1931.6954321912856
1319,3266.961670350739,3266.96167035,3266.961670350739
1320,524.3557394185849,524.355739419,524.3557394185849
1321,389.9278344979249,389.927834498,389.9278344979249
1322,3524.566811785176,3524.56681179,3524.566811785176
1323,46.88403909262205,46.8840390926,46.88403909262205
1324,2206.6387009315476,2206.63870093,2206.6387009315476
1325,1947.9863222277015,1947.98632223,1947.9863222277015
1326,513.3435582992681,513.343558299,513.3435582992681
1327,1262.6995008291701,1262.69950083,1262.6995008291701
1328,1906.704321347782,1906.70432135,1906.704321347782
1329,694.1608519409708,694.160851941,694.1608519409708
1330,326.9732422371767,326.973242237,326.9732422371767
1331,1743.7083230221558,1743.70832302,1743.7083230221558
1332,1824.9019755319462,1824.90197553,1824.9019755319462
1333,3108.481835236418,3108.48183524,3108.481835236418
1334,172.12327443691075,172.123274437,172.12327443691075
1335,1483.2082631243584,1483.20826312,1483.2082631243584
1336,80.77810940297107,80.778109403,80.77810940297107
1337,324.8151333050205,324.815133305,324.8151333050205
1338,470.88952430810417,470.889524308,470.88952430810417
1339,1139.1715472157152,1139.17154722,1139.1715472157152
1340,367.6116144417691,367.611614442,367.6116144417691
1341,213.92446277566245,213.924462776,213.92446277566245
1342,2518.257956533942,2518.25795653,2518.257956533942
1343,310.568040177035,310.568040177,310.568040177035
1344,1088.7597865377675,1088.75978654,1088.7597865377675
1345,6555.133641674666,6555.13364167,6555.133641674666
1346,2858.299906486039,2858.29990649,2858.299906486039
1347,913.7825046439987,913.782504644,913.7825046439987
1348,914.995249360709,914.995249361,914.995249360709
1349,903.43665982814,903.436659828,903.43665982814
1350,341.31664100134185,341.316641001,341.31664100134185
1351,1058.0589801755016,1058.05898018,1058.0589801755016
1352,564.5936438946359,564.593643895,564.5936438946359
1353,2047.5383466726546,2047.53834667,2047.5383466726546
1354,811.1777572989278,811.177757299,811.1777572989278
1355,1088.9041773805695,1088.90417738,1088.9041773805695
1356,785.2570091761158,785.257009176,785.2570091761158
1357,1273.4760975927966,1273.47609759,1273.4760975927966
1358,2647.702804852383,2647.70280485,2647.702804852383
1359,366.3085708351662,366.308570835,366.3085708351662
1360,1010.3120639320765,1010.31206393,1010.3120639320765
1361,218.13236266660027,218.132362667,218.13236266660027
1362,910.045650771898,910.045650772,910.045650771898
1363,1647.470411935906,1647.47041194,1647.470411935906
1364,216.92607105871255,216.926071059,216.92607105871255
1365,6827.8857019175275,6827.88570192,6827.8857019175275
1366,239.21083436610056,239.210834366,239.21083436610056
1367,992.4659994244018,992.465999424,992.4659994244018
1368,1175.6731996511435,1175.67319965,1175.6731996511435
1369,270.57030334724095,270.570303347,270.57030334724095
1370,390.02479463527,390.024794635,390.02479463527
1371,783.958768201056,783.958768201,783.958768201056
1372,1985.9037592994716,1985.9037593,1985.9037592994716
1373,2485.4690951397697,2485.46909514,2485.4690951397697
1374,1092.4617585886826,1092.46175859,1092.4617585886826
1375,5477.105557518987,5477.10555752,5477.105557518987
1376,90.14042438814363,90.1404243881,90.14042438814363
1377,317.81878125521723,317.818781255,317.81878125521723
1378,56.75757141699472,56.757571417,56.75757141699472
1379,1261.6204917255923,1261.62049173,1261.6204917255923
1380,1301.589478150251,1301.58947815,1301.589478150251
1381,954.2897237886342,954.289723789,954.2897237886342
1382,1819.4072737558683,1819.40727376,1819.4072737558683
1383,2668.4733364166527,2668.47333642,2668.4733364166527
1384,312.88392802843356,312.883928028,312.88392802843356
1385,765.3313340856342,765.331334086,765.3313340856342
1386,4389.98301790119,4389.9830179,4389.98301790119
1387,332.5659220595558,332.56592206,332.5659220595558
1388,718.5473211511672,718.547321151,718.5473211511672
1389,573.8975061380874,573.897506138,573.8975061380874
1390,2025.5885337799139,2025.58853378,2025.5885337799139
1391,727.088596484194,727.088596484,727.088596484194
1392,668.9768398374471,668.976839837,668.9768398374471
1393,259.12889108854915,259.128891089,259.12889108854915
1394,526.292050781782,526.292050782,526.292050781782
1395,1800.3842862663482,1800.38428627,1800.3842862663482
1396,394.64020857400396,394.640208574,394.64020857400396
1397,515.2046449635624,515.204644964,515.2046449635624
1398,907.1412250216342,907.141225022,907.1412250216342
1399,446.3809423021689,446.380942302,446.3809423021689
1400,1846.1558585661141,1846.15585857,1846.1558585661141
1401,430.80077968090734,430.800779681,430.80077968090734
1402,1732.416059511765,1732.41605951,1732.416059511765
1403,4196.833410922042,4196.83341092,4196.833410922042
1404,552.2104423644604,552.210442364,552.2104423644604
1405,320.1873074692704,320.187307469,320.1873074692704
1406,4398.818323038494,4398.81832304,4398.818323038494
1407,116.54640173774072,116.546401738,116.54640173774072
1408,2259.276185579563,2259.27618558,2259.276185579563
1409,124.15380448576117,124.153804486,124.15380448576117
1410,447.60762493124594,447.607624931,447.60762493124594
1411,897.5098729757588,897.509872976,897.5098729757588
1412,2381.7986905612656,2381.79869056,2381.7986905612656
1413,430.89425814501794,430.894258145,430.89425814501794
1414,607.5656694805631,607.565669481,607.5656694805631
1415,971.0232221777312,971.023222178,971.0232221777312
1416,1259.7635960903842,1259.76359609,1259.7635960903842
1417,2911.0246248725057,2911.02462487,2911.0246248725057
1418,1027.2528465278112,1027.25284653,1027.2528465278112
1419,342.8196170287044,342.819617029,342.8196170287044
1420,503.37511161350443,503.375111614,503.37511161350443
1421,1733.8913256631147,1733.89132566,1733.8913256631147
1422,212.25786793802774,212.257867938,212.25786793802774
1423,1686.9706844613095,1686.97068446,1686.9706844613095
1424,2757.9125826439076,2757.91258264,2757.9125826439076
1425,384.6146716182716,384.614671618,384.6146716182716
1426,276.5895114706376,276.589511471,276.5895114706376
1427,965.9790414430585,965.979041443,965.9790414430585
1428,431.17607695201946,431.176076952,431.17607695201946
1429,285.2736367895171,285.27363679,285.2736367895171
1430,494.61434644692775,494.614346447,494.61434644692775
1431,855.1215001300521,855.12150013,855.1215001300521
1432,302.74789326244246,302.747893262,302.74789326244246
1433,711.6536983783076,711.653698378,711.6536983783076
1434,17.28673071250367,17.2867307125,17.28673071250367
1435,2226.192408762397,2226.19240876,2226.192408762397
1436,3969.1282906113092,3969.12829061,3969.1282906113092
1437,2365.6380339344887,2365.63803393,2365.6380339344887
1438,691.9371544979023,691.937154498,691.9371544979023
1439,30.82515344284243,30.8251534428,30.82515344284243
1440,2034.4961718119537,2034.49617181,2034.4961718119537
1441,440.2563702951562,440.256370295,440.2563702951562
1442,4455.987458894544,4455.98745889,4455.987458894544
1443,976.6058547700641,976.60585477,976.6058547700641
1444,886.6770902963352,886.677090296,886.6770902963352
1445,1450.4789910297911,1450.47899103,1450.4789910297911
1446,486.63306743264235,486.633067433,486.63306743264235
1447,10184.714281791146,10184.7142818,10184.714281791146
1448,6031.2337503592635,6031.23375036,6031.2337503592635
1449,3302.295869008991,3302.29586901,3302.295869008991
1450,1927.4178478499732,1927.41784785,1927.4178478499732
1451,1329.7316211967845,1329.7316212,1329.7316211967845
1452,131.99969849396888,131.999698494,131.99969849396888
1453,196.65742928875952,196.657429289,196.65742928875952
1454,2095.3807991214726,2095.38079912,2095.3807991214726
1455,497.83620950026335,497.8362095,497.83620950026335
1456,2742.8823802105244,2742.88238021,2742.8823802105244
1457,203.56695354409302,203.566953544,203.56695354409302
1458,505.22382948245314,505.223829482,505.22382948245314
1459,1883.021580393354,1883.02158039,1883.021580393354
1460,830.0224801379595,830.022480138,830.0224801379595
1461,1812.5998884274427,1812.59988843,1812.5998884274427
1462,1170.4532683643536,1170.45326836,1170.4532683643536
1463,1280.4476291417232,1280.44762914,1280.4476291417232
1464,218.1206542197344,218.12065422,218.1206542197344
1465,1362.466275126518,1362.46627513,1362.466275126518
1466,1195.5441331701757,1195.54413317,1195.5441331701757
1467,505.36206106762376,505.362061068,505.36206106762376
1468,1163.3832362885123,1163.38323629,1163.3832362885123
1469,84.14019016943034,84.1401901694,84.14019016943034
1470,1722.8489789944765,1722.84897899,1722.8489789944765
1471,1212.3174921644993,1212.31749216,1212.3174921644993
1472,967.535277781485,967.535277781,967.535277781485
1473,477.55746118981847,477.55746119,477.55746118981847
1474,2151.528393092592,2151.52839309,2151.528393092592
1475,428.46399979027564,428.46399979,428.46399979027564
1476,486.09516489645324,486.095164896,486.09516489645324
1477,1570.1514049776504,1570.15140498,1570.1514049776504
1478,1564.032616621451,1564.03261662,1564.032616621451
1479,1423.3984980838134,1423.39849808,1423.3984980838134
1480,953.2291591454116,953.229159145,953.2291591454116
1481,1366.4895907435446,1366.48959074,1366.4895907435446
1482,347.6164350259222,347.616435026,347.6164350259222
1483,1356.0871577136106,1356.08715771,1356.0871577136106
1484,1764.5934436826426,1764.59344368,1764.5934436826426
1485,982.6277171454934,982.627717145,982.6277171454934
1486,748.2392904633647,748.239290463,748.2392904633647
1487,1455.545168495053,1455.5451685,1455.545168495053
1488,551.8290881037026,551.829088104,551.8290881037026
1489,3983.3301486300115,3983.33014863,3983.3301486300115
1490,1703.5835855169744,1703.58358552,1703.5835855169744
1491,2795.229220972268,2795.22922097,2795.229220972268
1492,765.1755594602826,765.17555946,765.1755594602826
1493,580.7582995356789,580.758299536,580.7582995356789
1494,985.4667866548971,985.466786655,985.4667866548971
1495,494.85995188792253,494.859951888,494.85995188792253
1496,3245.822967338981,3245.82296734,3245.822967338981
1497,2476.9425495159785,2476.94254952,2476.9425495159785
1498,255.73012871969635,255.73012872,255.73012871969635
1499,2603.18988620463,2603.1898862,2603.18988620463
1500,486.9949164799191,486.99491648,486.9949164799191
1501,1772.2964175769741,1772.29641758,1772.2964175769741
1502,5999.39733139055,5999.39733139,5999.39733139055
1503,1708.3961112805182,1708.39611128,1708.3961112805182
1504,5519.242360869243,5519.24236087,5519.242360869243
1505,3726.070475347283,3726.07047535,3726.070475347283
1506,600.4413909440248,600.441390944,600.4413909440248
1507,1331.3154002457231,1331.31540025,1331.3154002457231
1508,464.4086800858842,464.408680086,464.4086800858842
1509,239.72885063722075,239.728850637,239.72885063722075
1510,1546.2517155619935,1546.25171556,1546.2517155619935
1511,389.88318662197685,389.883186622,389.88318662197685
1512,696.8627442260854,696.862744226,696.8627442260854
1513,790.7755311515676,790.775531152,790.7755311515676
1514,635.0344956800083,635.03449568,635.0344956800083
1515,251.78550877953222,251.78550878,251.78550877953222
1516,336.10997190693007,336.109971907,336.10997190693007
1517,754.321790350176,754.32179035,754.321790350176
1518,3348.4665548931985,3348.46655489,3348.4665548931985
1519,651.9362552564185,651.936255256,651.9362552564185
1520,1810.625183204251,1810.6251832,1810.625183204251
1521,2523.743578830641,2523.74357883,2523.743578830641
1522,635.2436395592315,635.243639559,635.2436395592315
1523,872.8842632728107,872.884263273,872.8842632728107
1524,122.5451447169864,122.545144717,122.5451447169864
1525,1754.2865319976954,1754.286532,1754.2865319976954
1526,511.332829785706,511.332829786,511.332829785706
1527,210.75818749433094,210.758187494,210.75818749433094
1528,519.9120037945462,519.912003795,519.9120037945462
1529,869.7154343708996,869.715434371,869.7154343708996
1530,531.2722980316678,531.272298032,531.2722980316678
1531,1465.7752764223712,1465.77527642,1465.7752764223712
1532,203.59013749153002,203.590137492,203.59013749153002
1533,1554.3909300600376,1554.39093006,1554.3909300600376
1534,103.58850838987877,103.58850839,103.58850838987877
1535,3079.208354421093,3079.20835442,3079.208354421093
1536,312.7636341895035,312.76363419,312.7636341895035
1537,614.3230227528258,614.323022753,614.3230227528258
1538,849.2462279393602,849.246227939,849.2462279393602
1539,180.82018186361952,180.820181864,180.82018186361952
1540,432.4377290299161,432.43772903,432.4377290299161
1541,2419.1796701137837,2419.17967011,2419.1796701137837
1542,2201.8240563870186,2201.82405639,2201.8240563870186
1543,1181.7229606122073,1181.72296061,1181.7229606122073
1544,3450.6947476162654,3450.69474762,3450.6947476162654
1545,542.070285935759,542.070285936,542.070285935759
1546,2056.0547099493187,2056.05470995,2056.0547099493187
1547,1991.2997156527736,1991.29971565,1991.2997156527736
1548,81.41772047766109,81.4177204777,81.41772047766109
1549,8861.990184047201,8861.99018405,8861.990184047201
1550,2545.0583424994147,2545.0583425,2545.0583424994147
1551,329.90711978347156,329.907119783,329.90711978347156
1552,37.79798183715621,37.7979818372,37.79798183715621
1553,907.7393490534522,907.739349053,907.7393490534522
1554,215.17271184833277,215.172711848,215.17271184833277
1555,4403.088288130481,4403.08828813,4403.088288130481
1556,151.92443918067443,151.924439181,151.92443918067443
1557,1916.1179347509894,1916.11793475,1916.1179347509894
1558,7065.524423578615,7065.52442358,7065.524423578615
1559,2548.9383918680282,2548.93839187,2548.9383918680282
1560,569.5008492576179,569.500849258,569.5008492576179
1561,3243.7238979840918,3243.72389798,3243.7238979840918
1562,3686.591760932094,3686.59176093,3686.591760932094
1563,734.3714681809826,734.371468181,734.3714681809826
1564,365.8342124319715,365.834212432,365.8342124319715
1565,641.3496614734491,641.349661473,641.3496614734491
1566,337.83069895848433,337.830698958,337.83069895848433
1567,34.95729843241786,34.9572984324,34.95729843241786
1568,295.0757163208987,295.075716321,295.0757163208987
1569,185.8631750445283,185.863175045,185.8631750445283
1570,1862.7350661305336,1862.73506613,1862.7350661305336
1571,300.34951915062925,300.349519151,300.34951915062925
1572,1939.7949179692976,1939.79491797,1939.7949179692976
1573,1304.3169181783965,1304.31691818,1304.3169181783965
1574,2476.4103671565745,2476.41036716,2476.4103671565745
1575,592.2884926035317,592.288492604,592.2884926035317
1576,832.0725683847031,832.072568385,832.0725683847031
1577,2133.3659364230543,2133.36593642,2133.3659364230543
1578,1705.3403858686106,1705.34038587,1705.3403858686106
1579,3586.5516133337906,3586.55161333,3586.5516133337906
1580,3680.7669147917336,3680.76691479,3680.7669147917336
1581,1891.4060582017908,1891.4060582,1891.4060582017908
1582,6055.758608348633,6055.75860835,6055.758608348633
1583,66.20358982195965,66.203589822,66.20358982195965
1584,449.36726880717197,449.367268807,449.36726880717197
1585,2120.5518057235786,2120.55180572,2120.5518057235786
1586,299.8963447542412,299.896344754,299.8963447542412
1587,98.32552351415137,98.3255235142,98.32552351415137
1588,1272.453457318519,1272.45345732,1272.453457318519
1589,500.65635513388156,500.656355134,500.65635513388156
1590,722.6900056805143,722.690005681,722.6900056805143
1591,1185.0315024945642,1185.03150249,1185.0315024945642
1592,262.742056962332,262.742056962,262.742056962332
1593,751.0244631986027,751.024463199,751.0244631986027
1594,809.2632337422161,809.263233742,809.2632337422161
1595,1753.7900145329022,1753.79001453,1753.7900145329022
1596,1374.5426343996248,1374.5426344,1374.5426343996248
1597,2842.688557617733,2842.68855762,2842.688557617733
1598,748.6408310303909,748.64083103,748.6408310303909
1599,4062.0525685483617,4062.05256855,4062.0525685483617
1600,1611.0770870002718,1611.077087,1611.0770870002718
1601,1593.1009663954974,1593.1009664,1593.1009663954974
1602,769.7340706469147,769.734070647,769.7340706469147
1603,2123.319485931025,2123.31948593,2123.319485931025
1604,2908.324488483727,2908.32448848,2908.324488483727
1605,625.0041534388545,625.004153439,625.0041534388545
1606,1305.366029631424,1305.36602963,1305.366029631424
1607,107.46445468348739,107.464454683,107.46445468348739
1608,279.1354578480951,279.135457848,279.1354578480951
1609,2263.7935362276125,2263.79353623,2263.7935362276125
1610,1586.4541473579109,1586.45414736,1586.4541473579109
1611,1068.29543058144,1068.29543058,1068.29543058144
1612,1373.9655325848867,1373.96553258,1373.9655325848867
1613,1006.8994099878539,1006.89940999,1006.8994099878539
1614,1069.4120196141848,1069.41201961,1069.4120196141848
1615,2185.222677698095,2185.2226777,2185.222677698095
1616,7001.613366699147,7001.6133667,7001.613366699147
1617,507.51643203486134,507.516432035,507.51643203486134
1618,531.7457859446699,531.745785945,531.7457859446699
1619,2270.191617954018,2270.19161795,2270.191617954018
1620,2621.4530310210207,2621.45303102,2621.4530310210207
1621,523.3890268346208,523.389026835,523.3890268346208
1622,1899.1157538891616,1899.11575389,1899.1157538891616
1623,4152.969680995556,4152.969681,4152.969680995556
1624,457.5560704850452,457.556070485,457.5560704850452
1625,466.29140810748015,466.291408107,466.29140810748015
1626,1340.2625680225979,1340.26256802,1340.2625680225979
1627,5607.283506679692,5607.28350668,5607.283506679692
1628,855.3319521904128,855.33195219,855.3319521904128
1629,1595.4941942906028,1595.49419429,1595.4941942906028
1630,1024.0859336424778,1024.08593364,1024.0859336424778
1631,2769.411777663661,2769.41177766,2769.411777663661
1632,1133.4078687733038,1133.40786877,1133.4078687733038
1633,3342.305562656178,3342.30556266,3342.305562656178
1634,1532.682285608679,1532.68228561,1532.682285608679
1635,1146.5269539366363,1146.52695394,1146.5269539366363
1636,687.8756987207684,687.875698721,687.8756987207684
1637,339.5306469335741,339.530646934,339.5306469335741
1638,1250.9193608190071,1250.91936082,1250.9193608190071
1639,417.34842737591833,417.348427376,417.34842737591833
1640,3416.164464627187,3416.16446463,3416.164464627187
1641,4443.003331227708,4443.00333123,4443.003331227708
1642,409.1363661597074,409.13636616,409.1363661597074
1643,817.4626004362674,817.462600436,817.4626004362674
1644,74.11104231076311,74.1110423108,74.11104231076311
1645,863.6575397546885,863.657539755,863.6575397546885
1646,344.2003226348034,344.200322635,344.2003226348034
1647,2199.7663086701687,2199.76630867,2199.7663086701687
1648,3421.7463207277674,3421.74632073,3421.7463207277674
1649,1175.5292571599698,1175.52925716,1175.5292571599698
1650,1007.540514557609,1007.54051456,1007.540514557609
1651,1972.4597117783076,1972.45971178,1972.4597117783076
1652,1256.3678767290467,1256.36787673,1256.3678767290467
1653,1576.771177900451,1576.7711779,1576.771177900451
1654,366.4357198456656,366.435719846,366.4357198456656
1655,1854.7919953776182,1854.79199538,1854.7919953776182
1656,1619.7052541117619,1619.70525411,1619.7052541117619
1657,901.4879077536141,901.487907754,901.4879077536141
1658,2382.044514611304,2382.04451461,2382.044514611304
1659,692.6158179087113,692.615817909,692.6158179087113
1660,3238.5720949252304,3238.57209493,3238.5720949252304
1661,1610.274566713045,1610.27456671,1610.274566713045
1662,827.6481780120198,827.648178012,827.6481780120198
1663,1227.6761077061778,1227.67610771,1227.6761077061778
1664,112.63661809812892,112.636618098,112.63661809812892
1665,1560.1315191629446,1560.13151916,1560.1315191629446
1666,838.021854196958,838.021854197,838.021854196958
1667,2994.3595256760295,2994.35952568,2994.3595256760295
1668,3864.9318861572838,3864.93188616,3864.9318861572838
1669,906.2606589392545,906.260658939,906.2606589392545
1670,397.9288829917969,397.928882992,397.9288829917969
1671,288.04007652720065,288.040076527,288.04007652720065
1672,6359.400436223382,6359.40043622,6359.400436223382
1673,127.323385189307,127.323385189,127.323385189307
1674,1562.5255312959578,1562.5255313,1562.5255312959578
1675,196.90720525779065,196.907205258,196.90720525779065
1676,1819.7117672617937,1819.71176726,1819.7117672617937
1677,353.12940806266243,353.129408063,353.12940806266243
1678,1578.880692747446,1578.88069275,1578.880692747446
1679,139.20915936785764,139.209159368,139.20915936785764
1680,1307.5917978892498,1307.59179789,1307.5917978892498
1681,531.3949649578387,531.394964958,531.3949649578387
1682,2267.0396294345674,2267.03962943,2267.0396294345674
1683,150.30001128968289,150.30001129,150.30001128968289
1684,2831.470327409054,2831.47032741,2831.470327409054
1685,2069.1642719456636,2069.16427195,2069.1642719456636
1686,1252.5111001636767,1252.51110016,1252.5111001636767
1687,1094.9464803031565,1094.9464803,1094.9464803031565
1688,562.1005536696248,562.10055367,562.1005536696248
1689,713.5869373193548,713.586937319,713.5869373193548
1690,527.6443379267898,527.644337927,527.6443379267898
1691,1537.7864247102925,1537.78642471,1537.7864247102925
1692,1829.1155419205772,1829.11554192,1829.1155419205772
1693,1796.5642077189168,1796.56420772,1796.5642077189168
1694,1817.0090505649591,1817.00905056,1817.0090505649591
1695,999.4366634650004,999.436663465,999.4366634650004
1696,134.7249500212726,134.724950021,134.7249500212726
1697,6012.205505043113,6012.20550504,6012.205505043113
1698,431.56767696588173,431.567676966,431.56767696588173
1699,3309.564549611794,3309.56454961,3309.564549611794
1700,976.4549957166993,976.454995717,976.4549957166993
1701,563.8049481513369,563.804948151,563.8049481513369
1702,592.530079476074,592.530079476,592.530079476074
1703,700.5239569192511,700.523956919,700.5239569192511
1704,51.58369987110163,51.5836998711,51.58369987110163
1705,1755.921312904217,1755.9213129,1755.921312904217
1706,465.8839028437228,465.883902844,465.8839028437228
1707,7518.575310393523,7518.57531039,7518.575310393523
1708,408.0318607699022,408.03186077,408.0318607699022
1709,66.08378845553005,66.0837884555,66.08378845553005
1710,16461.34446301488,16461.344463,16461.34446301488
1711,4637.644400095584,4637.6444001,4637.644400095584
1712,5158.075515737306,5158.07551574,5158.075515737306
1713,2262.6872108683074,2262.68721087,2262.6872108683074
1714,1819.044482006293,1819.04448201,1819.044482006293
1715,804.0197104695724,804.01971047,804.0197104695724
1716,1507.1712012542985,1507.17120125,1507.1712012542985
1717,167.7199039030662,167.719903903,167.7199039030662
1718,748.3397518297265,748.33975183,748.3397518297265
1719,805.8462578737287,805.846257874,805.8462578737287
1720,831.2586300427758,831.258630043,831.2586300427758
1721,678.439578344672,678.439578345,678.439578344672
1722,582.7603821813942,582.760382181,582.7603821813942
1723,27.32226309690955,27.3222630969,27.32226309690955
1724,524.3550039529828,524.355003953,524.3550039529828
1725,892.153044512059,892.153044512,892.153044512059
1726,882.4223573829642,882.422357383,882.4223573829642
1727,1865.5544686783578,1865.55446868,1865.5544686783578
1728,1606.854861601588,1606.8548616,1606.854861601588
1729,851.4588719796966,851.45887198,851.4588719796966
1730,1018.271360500895,1018.2713605,1018.271360500895
1731,402.92543619916495,402.925436199,402.92543619916495
1732,226.47387525660724,226.473875257,226.47387525660724
1733,5073.51472211377,5073.51472211,5073.51472211377
1734,337.4888998226244,337.488899823,337.4888998226244
1735,301.44640808016356,301.44640808,301.44640808016356
1736,3758.8748834614416,3758.87488346,3758.8748834614416
1737,188.04637177765292,188.046371778,188.04637177765292
1738,1209.978543657669,1209.97854366,1209.978543657669
1739,326.91204187634105,326.912041876,326.91204187634105
1740,1596.7091697697983,1596.70916977,1596.7091697697983
1741,3072.9824205055093,3072.98242051,3072.9824205055093
1742,327.5234040303113,327.52340403,327.5234040303113
1743,1458.26023785324,1458.26023785,1458.26023785324
1744,235.05602835222197,235.056028352,235.05602835222197
1745,625.398498033332,625.398498033,625.398498033332
1746,1611.9303966581406,1611.93039666,1611.9303966581406
1747,137.11655942811478,137.116559428,137.11655942811478
1748,463.28061040992867,463.28061041,463.28061040992867
1749,1321.1996042691483,1321.19960427,1321.1996042691483
1750,465.2716278352077,465.271627835,465.2716278352077
1751,2304.1644321196104,2304.16443212,2304.1644321196104
1752,275.35666381929747,275.356663819,275.35666381929747
1753,293.65426769224456,293.654267692,293.65426769224456
1754,3542.089534497096,3542.0895345,3542.089534497096
1755,657.5412881784804,657.541288178,657.5412881784804
1756,334.77432217753267,334.774322178,334.77432217753267
1757,46.7695801472779,46.7695801473,46.7695801472779
1758,444.4806560358851,444.480656036,444.4806560358851
1759,2032.0194956747036,2032.01949567,2032.0194956747036
1760,3976.249981049407,3976.24998105,3976.249981049407
1761,362.80150605881425,362.801506059,362.80150605881425
1762,12399.316459775724,12399.3164598,12399.316459775724
1763,2800.753014711778,2800.75301471,2800.753014711778
1764,902.8200276342178,902.820027634,902.8200276342178
1765,1359.3933525532373,1359.39335255,1359.3933525532373
1766,1490.5918538763035,1490.59185388,1490.5918538763035
1767,11111.86099892507,11111.8609989,11111.86099892507
1768,1579.7900342773155,1579.79003428,1579.7900342773155
1769,849.4685849993301,849.468584999,849.4685849993301
1770,13353.427075512172,13353.4270755,13353.427075512172
1771,3485.297845266908,3485.29784527,3485.297845266908
1772,2853.7531076500495,2853.75310765,2853.7531076500495
1773,1793.4568114133683,1793.45681141,1793.4568114133683
1774,972.7070344793509,972.707034479,972.7070344793509
1775,83.6071034484428,83.6071034484,83.6071034484428
1776,1870.131706213205,1870.13170621,1870.131706213205
1777,2948.5202744548897,2948.52027445,2948.5202744548897
1778,2014.3696041333014,2014.36960413,2014.3696041333014
1779,534.9558995708923,534.955899571,534.9558995708923
1780,1006.702168562925,1006.70216856,1006.702168562925
1781,164.60318540984505,164.60318541,164.60318540984505
1782,122.10157105234134,122.101571052,122.10157105234134
1783,1088.0904940051432,1088.09049401,1088.0904940051432
1784,913.4489056604359,913.44890566,913.4489056604359
1785,524.6421477026081,524.642147703,524.6421477026081
1786,272.17626575082534,272.176265751,272.17626575082534
1787,3802.211767241456,3802.21176724,3802.211767241456
1788,329.2695286814029,329.269528681,329.2695286814029
1789,791.7210800427441,791.721080043,791.7210800427441
1790,1997.90844424045,1997.90844424,1997.90844424045
1791,1278.4455945477428,1278.44559455,1278.4455945477428
1792,262.8426676808103,262.842667681,262.8426676808103
1793,1021.3060324713398,1021.30603247,1021.3060324713398
1794,730.6938233420949,730.693823342,730.6938233420949
1795,585.11224666298,585.112246663,585.11224666298
1796,243.12807262633748,243.128072626,243.12807262633748
1797,771.2192042334041,771.219204233,771.2192042334041
1798,477.46043600284776,477.460436003,477.46043600284776
1799,349.95641241516137,349.956412415,349.95641241516137
1800,1552.330744121463,1552.33074412,1552.330744121463
1801,99.92310934158277,99.9231093416,99.92310934158277
1802,527.1234598235698,527.123459824,527.1234598235698
1803,615.2141829085142,615.214182909,615.2141829085142
1804,2624.081873018208,2624.08187302,2624.081873018208
1805,461.5008798508743,461.500879851,461.5008798508743
1806,223.69153707445463,223.691537074,223.69153707445463
1807,568.3073018291494,568.307301829,568.3073018291494
1808,2254.2875629013743,2254.2875629,2254.2875629013743
1809,3155.2307458834025,3155.23074588,3155.2307458834025
1810,418.51498783390343,418.514987834,418.51498783390343
1811,848.9192160345995,848.919216035,848.9192160345995
1812,1368.0432406329403,1368.04324063,1368.0432406329403
1813,544.8046575655519,544.804657566,544.8046575655519
1814,15.858730860236264,15.8587308602,15.858730860236264
1815,626.965870943944,626.965870944,626.965870943944
1816,4110.278162506174,4110.27816251,4110.278162506174
1817,1178.2538732936825,1178.25387329,1178.2538732936825
1818,942.5308070886736,942.530807089,942.5308070886736
1819,673.5816457588141,673.581645759,673.5816457588141
1820,524.8865873155085,524.886587316,524.8865873155085
1821,535.1422179203569,535.14221792,535.1422179203569
1822,2648.5245855461903,2648.52458555,2648.5245855461903
1823,1142.404051332718,1142.40405133,1142.404051332718
1824,435.4785045575376,435.478504558,435.4785045575376
1825,1920.4567549355475,1920.45675494,1920.4567549355475
1826,3795.226347312776,3795.22634731,3795.226347312776
1827,264.14671885738403,264.146718857,264.14671885738403
1828,218.62231509228744,218.622315092,218.62231509228744
1829,209.5976118457868,209.597611846,209.5976118457868
1830,2388.875019404372,2388.8750194,2388.875019404372
1831,971.6020691762029,971.602069176,971.6020691762029
1832,1007.1884391792794,1007.18843918,1007.1884391792794
1833,877.8407745045404,877.840774505,877.8407745045404
1834,995.1309586440058,995.130958644,995.1309586440058
1835,1073.9813946828137,1073.98139468,1073.9813946828137
1836,219.6008255335583,219.600825534,219.6008255335583
1837,3791.1256786754107,3791.12567868,3791.1256786754107
1838,5063.996816498154,5063.9968165,5063.996816498154
1839,1843.2179134908329,1843.21791349,1843.2179134908329
1840,1069.798564267085,1069.79856427,1069.798564267085
1841,288.1760475644512,288.176047564,288.1760475644512
1842,3026.6011553918393,3026.60115539,3026.6011553918393
1843,3196.712656980724,3196.71265698,3196.712656980724
1844,618.9265773513868,618.926577351,618.9265773513868
1845,36.19842077151562,36.1984207715,36.19842077151562
1846,420.4896228102912,420.48962281,420.4896228102912
1847,2290.3674594425543,2290.36745944,2290.3674594425543
1848,106.2528153634235,106.252815363,106.2528153634235
1849,3980.521528815184,3980.52152882,3980.521528815184
1850,478.5371721359113,478.537172136,478.5371721359113
1851,4933.258036286915,4933.25803629,4933.258036286915
1852,2501.281024782039,2501.28102478,2501.281024782039
1853,1226.4039205911263,1226.40392059,1226.4039205911263
1854,178.06503367233034,178.065033672,178.06503367233034
1855,1079.8298273593834,1079.82982736,1079.8298273593834
1856,546.8629425011014,546.862942501,546.8629425011014
1857,1276.7042848163737,1276.70428482,1276.7042848163737
1858,2698.7936165684455,2698.79361657,2698.7936165684455
1859,5803.3683812398385,5803.36838124,5803.3683812398385
1860,2179.975107342436,2179.97510734,2179.975107342436
1861,252.44342934626596,252.443429346,252.44342934626596
1862,174.35783450371278,174.357834504,174.35783450371278
1863,2222.1712434277115,2222.17124343,2222.1712434277115
1864,1214.3837547069254,1214.38375471,1214.3837547069254
1865,2728.2311899564716,2728.23118996,2728.2311899564716
1866,1216.5851073793056,1216.58510738,1216.5851073793056
1867,2535.9268134453023,2535.92681345,2535.9268134453023
1868,2454.4934896749405,2454.49348967,2454.4934896749405
1869,3519.8579142374815,3519.85791424,3519.8579142374815
1870,1334.0261130066976,1334.02611301,1334.0261130066976
1871,537.4002456230417,537.400245623,537.4002456230417
1872,3731.272385981622,3731.27238598,3731.272385981622
1873,540.1587896597626,540.15878966,540.1587896597626
1874,626.2406311444347,626.240631144,626.2406311444347
1875,1501.0734081041767,1501.0734081,1501.0734081041767
1876,638.1012255706045,638.101225571,638.1012255706045
1877,8649.353874355375,8649.35387436,8649.353874355375
1878,1324.1281806735926,1324.12818067,1324.1281806735926
1879,2362.735496810273,2362.73549681,2362.735496810273
1880,869.4542463695343,869.45424637,869.4542463695343
1881,1984.9845317162928,1984.98453172,1984.9845317162928
1882,1595.360387110844,1595.36038711,1595.360387110844
1883,2578.989451492415,2578.98945149,2578.989451492415
1884,7533.792095744331,7533.79209574,7533.792095744331
1885,893.5737621900279,893.57376219,893.5737621900279
1886,224.3506782494043,224.350678249,224.3506782494043
1887,296.84102913776854,296.841029138,296.84102913776854
1888,2789.193845875752,2789.19384588,2789.193845875752
1889,104.86486864700814,104.864868647,104.86486864700814
1890,414.91914133320387,414.919141333,414.91914133320387
1891,229.681582176631,229.681582177,229.681582176631
1892,1730.2307480602828,1730.23074806,1730.2307480602828
1893,653.3153753650466,653.315375365,653.3153753650466
1894,5897.169047718129,5897.16904772,5897.169047718129
1895,907.8613609707292,907.861360971,907.8613609707292
1896,9402.125303596928,9402.1253036,9402.125303596928
1897,279.66469197192896,279.664691972,279.66469197192896
1898,757.7184389758182,757.718438976,757.7184389758182
1899,2492.771111226233,2492.77111123,2492.771111226233
1900,282.0768460818373,282.076846082,282.0768460818373
1901,701.2167466654381,701.216746665,701.2167466654381
1902,314.74713470536966,314.747134705,314.74713470536966
1903,5730.83570769466,5730.83570769,5730.83570769466
1904,1618.1468855693329,1618.14688557,1618.1468855693329
1905,4025.4440614049336,4025.4440614,4025.4440614049336
1906,1284.911780597617,1284.9117806,1284.911780597617
1907,103.98528738126258,103.985287381,103.98528738126258
1908,80.85194986186981,80.8519498619,80.85194986186981
1909,865.5722742198781,865.57227422,865.5722742198781
1910,1438.548328165342,1438.54832817,1438.548328165342
1911,803.5546773353693,803.554677335,803.5546773353693
1912,6083.331749061428,6083.33174906,6083.331749061428
1913,639.2350402593103,639.235040259,639.2350402593103
1914,2572.0058539074016,2572.00585391,2572.0058539074016
1915,750.3898917950141,750.389891795,750.3898917950141
1916,1551.7020457095366,1551.70204571,1551.7020457095366
1917,4316.6408037184465,4316.64080372,4316.6408037184465
1918,3049.8712948385014,3049.87129484,3049.8712948385014
1919,679.0256519981107,679.025651998,679.0256519981107
1920,1304.8931592121041,1304.89315921,1304.8931592121041
1921,3033.9282569242537,3033.92825692,3033.9282569242537
1922,2042.8823146245159,2042.88231462,2042.8823146245159
1923,4343.223263830003,4343.22326383,4343.223263830003
1924,3059.314590874391,3059.31459087,3059.314590874391
1925,1440.775964630459,1440.77596463,1440.775964630459
1926,303.80687412272493,303.806874123,303.80687412272493
1927,1287.5333240080379,1287.53332401,1287.5333240080379
1928,1355.6769057820395,1355.67690578,1355.6769057820395
1929,5264.965483992487,5264.96548399,5264.965483992487
1930,2619.2524494784316,2619.25244948,2619.2524494784316
1931,944.6305967834819,944.630596783,944.6305967834819
1932,548.8887204229495,548.888720423,548.8887204229495
1933,8475.311549475153,8475.31154948,8475.311549475153
1934,8569.652424979087,8569.65242498,8569.652424979087
1935,2908.8623002701147,2908.86230027,2908.8623002701147
1936,1610.6692627380073,1610.66926274,1610.6692627380073
1937,602.2150461089723,602.215046109,602.2150461089723
1938,8108.557966893967,8108.55796689,8108.557966893967
1939,2809.6847292761845,2809.68472928,2809.6847292761845
1940,2084.4426974524845,2084.44269745,2084.4426974524845
1941,1618.118580192631,1618.11858019,1618.118580192631
1942,9489.773122019595,9489.77312202,9489.773122019595
1943,1511.4221886573148,1511.42218866,1511.4221886573148
1944,2845.581908792758,2845.58190879,2845.581908792758
1945,1660.4881125274117,1660.48811253,1660.4881125274117
1946,2529.478009839072,2529.47800984,2529.478009839072
1947,1507.1458836820455,1507.14588368,1507.1458836820455
1948,2681.5033842227913,2681.50338422,2681.5033842227913
1949,642.8336249694127,642.833624969,642.8336249694127
1950,3068.466170370853,3068.46617037,3068.466170370853
1951,4383.280126616937,4383.28012662,4383.280126616937
1952,4274.865176276489,4274.86517628,4274.865176276489
1953,719.3394315134495,719.339431513,719.3394315134495
1954,493.3567463485357,493.356746349,493.3567463485357
1955,2016.1195474468614,2016.11954745,2016.1195474468614
1956,1739.8666361285364,1739.86663613,1739.8666361285364
1957,3260.4198317309156,3260.41983173,3260.4198317309156
1958,594.1826545153588,594.182654515,594.1826545153588
1959,942.2301421121808,942.230142112,942.2301421121808
1960,1675.2671702094458,1675.26717021,1675.2671702094458
1961,222.63559209357152,222.635592094,222.63559209357152
1962,1274.4077561832287,1274.40775618,1274.4077561832287
1963,5066.655602863072,5066.65560286,5066.655602863072
1964,7167.311340578679,7167.31134058,7167.311340578679
1965,2360.788634254417,2360.78863425,2360.788634254417
1966,1497.4694889576315,1497.46948896,1497.4694889576315
1967,884.9240557204182,884.92405572,884.9240557204182
1968,3803.5872816143674,3803.58728161,3803.5872816143674
1969,2232.4723866725053,2232.47238667,2232.4723866725053
1970,395.3354821539731,395.335482154,395.3354821539731
1971,3801.4265677614294,3801.42656776,3801.4265677614294
1972,1203.5805664596942,1203.58056646,1203.5805664596942
1973,2061.6203161039257,2061.6203161,2061.6203161039257
1974,338.5615576133609,338.561557613,338.5615576133609
1975,581.9462154059811,581.946215406,581.9462154059811
1976,1662.2899132492255,1662.28991325,1662.2899132492255
1977,4246.7134102653135,4246.71341027,4246.7134102653135
1978,284.5872379699382,284.58723797,284.5872379699382
1979,749.5045277801229,749.50452778,749.5045277801229
1980,9464.785484699547,9464.7854847,9464.785484699547
1981,4113.153899169943,4113.15389917,4113.153899169943
1982,1061.4461743644185,1061.44617436,1061.4461743644185
1983,741.0401289772715,741.040128977,741.0401289772715
1984,3541.3495819429295,3541.34958194,3541.3495819429295
1985,699.9009288325681,699.900928833,699.9009288325681
1986,3100.325498762353,3100.32549876,3100.325498762353
1987,327.3903480166888,327.390348017,327.3903480166888
1988,1022.1494495350335,1022.14944954,1022.1494495350335
1989,1178.4960397817447,1178.49603978,1178.4960397817447
1990,2814.5460974427456,2814.54609744,2814.5460974427456
1991,2747.4735599281753,2747.47355993,2747.4735599281753
1992,720.0395013178457,720.039501318,720.0395013178457
1993,3768.3128718570742,3768.31287186,3768.3128718570742
1994,1721.6436719979254,1721.643672,1721.6436719979254
1995,596.2414978434349,596.241497843,596.2414978434349
1996,4958.178935003634,4958.178935,4958.178935003634
1997,6280.631796460865,6280.63179646,6280.631796460865
1998,1815.3982092164956,1815.39820922,1815.3982092164956
1999,586.680226638226,586.680226638,586.680226638226
2000,2120.6833101624834,2120.68331016,2120.6833101624834
2001,570.7726901970439,570.772690197,570.7726901970439
2002,586.2555384402335,586.25553844,586.2555384402335
2003,657.6608792386373,657.660879239,657.6608792386373
2004,2734.891865183359,2734.89186518,2734.891865183359
2005,2603.16732516416,2603.16732516,2603.16732516416
2006,528.6479350079652,528.647935008,528.6479350079652
2007,373.5518518553155,373.551851855,373.5518518553155
2008,3129.0325013397087,3129.03250134,3129.0325013397087
2009,2022.108040830962,2022.10804083,2022.108040830962
2010,358.74414347218016,358.744143472,358.74414347218016
2011,937.2971971622882,937.297197162,937.2971971622882
2012,646.4966714630815,646.496671463,646.4966714630815
2013,2352.5791533558518,2352.57915336,2352.5791533558518
2014,1990.8057848898377,1990.80578489,1990.8057848898377
2015,132.825960224348,132.825960224,132.825960224348
2016,1987.181048710118,1987.18104871,1987.181048710118
2017,1268.9635164970646,1268.9635165,1268.9635164970646
2018,1181.4627862522816,1181.46278625,1181.4627862522816
2019,529.0370349225351,529.037034923,529.0370349225351
2020,97.77718408468326,97.7771840847,97.77718408468326
2021,1025.023121911846,1025.02312191,1025.023121911846
2022,175.36914736263697,175.369147363,175.36914736263697
2023,54.86380465555705,54.8638046556,54.86380465555705
2024,2960.304262426709,2960.30426243,2960.304262426709
2025,1057.660462928063,1057.66046293,1057.660462928063
2026,427.98211479387487,427.982114794,427.98211479387487
2027,1237.99000655298,1237.99000655,1237.99000655298
2028,39.88598610531261,39.8859861053,39.88598610531261
2029,2733.5814529874538,2733.58145299,2733.5814529874538
2030,839.1749207061845,839.174920706,839.1749207061845
2031,1826.3952067067225,1826.39520671,1826.3952067067225
2032,1132.3817625653905,1132.38176257,1132.3817625653905
2033,1651.5511790517692,1651.55117905,1651.5511790517692
2034,2088.332803027256,2088.33280303,2088.332803027256
2035,1476.4800983890996,1476.48009839,1476.4800983890996
2036,742.6578112048759,742.657811205,742.6578112048759
2037,1528.1851322117736,1528.18513221,1528.1851322117736
2038,1375.7615978039646,1375.7615978,1375.7615978039646
2039,7173.37764170045,7173.3776417,7173.37764170045
2040,1505.4669976447694,1505.46699764,1505.4669976447694
2041,2475.5502617497104,2475.55026175,2475.5502617497104
2042,6874.997093809555,6874.99709381,6874.997093809555
2043,1984.9917086864796,1984.99170869,1984.9917086864796
2044,498.9576238401305,498.95762384,498.9576238401305
2045,2541.1501420323384,2541.15014203,2541.1501420323384
2046,2643.9418932880694,2643.94189329,2643.9418932880694
2047,193.78980000655937,193.789800007,193.78980000655937
2048,661.0457857882368,661.045785788,661.0457857882368
2049,614.8895288925657,614.889528893,614.8895288925657
2050,756.7929052193442,756.792905219,756.7929052193442
2051,748.7825310835459,748.782531084,748.7825310835459
2052,1357.1883170091996,1357.18831701,1357.1883170091996
2053,410.5075331276997,410.507533128,410.5075331276997
2054,573.2771798896584,573.27717989,573.2771798896584
2055,1064.7900266057725,1064.79002661,1064.7900266057725
2056,719.5048454243515,719.504845424,719.5048454243515
2057,458.28135649242125,458.281356492,458.28135649242125
2058,342.875621730588,342.875621731,342.875621730588
2059,4681.350110840434,4681.35011084,4681.350110840434
2060,795.1804724065162,795.180472407,795.1804724065162
2061,7641.041140032146,7641.04114003,7641.041140032146
2062,829.9527090329491,829.952709033,829.9527090329491
2063,4675.2937086054235,4675.29370861,4675.2937086054235
2064,2469.420028417216,2469.42002842,2469.420028417216
2065,1287.3673453965118,1287.3673454,1287.3673453965118
2066,224.64088341267055,224.640883413,224.64088341267055
2067,3194.5232343160433,3194.52323432,3194.5232343160433
2068,6967.156318410925,6967.15631841,6967.156318410925
2069,3201.7991171683498,3201.79911717,3201.7991171683498
2070,441.2345106414839,441.234510641,441.2345106414839
2071,541.1630352852092,541.163035285,541.1630352852092
2072,5664.524401198367,5664.5244012,5664.524401198367
2073,2091.4103868015145,2091.4103868,2091.4103868015145
2074,133.97695417923646,133.976954179,133.97695417923646
2075,1417.0744281605198,1417.07442816,1417.0744281605198
2076,2556.1308677423362,2556.13086774,2556.1308677423362
2077,2760.703848563765,2760.70384856,2760.703848563765
2078,5825.610675678344,5825.61067568,5825.610675678344
2079,1538.0689696119273,1538.06896961,1538.0689696119273
2080,233.5205673347283,233.520567335,233.5205673347283
2081,169.12439163305828,169.124391633,169.12439163305828
2082,1718.5484153219834,1718.54841532,1718.5484153219834
2083,5462.290854332786,5462.29085433,5462.290854332786
2084,2509.909004183757,2509.90900418,2509.909004183757
2085,417.44931150099916,417.449311501,417.44931150099916
2086,2054.819866199,2054.8198662,2054.819866199
2087,2667.841689610645,2667.84168961,2667.841689610645
2088,1237.6465961534093,1237.64659615,1237.6465961534093
2089,1178.8895335251057,1178.88953353,1178.8895335251057
2090,801.130569634887,801.130569635,801.130569634887
2091,4990.934083920076,4990.93408392,4990.934083920076
2092,1825.7015930132225,1825.70159301,1825.7015930132225
2093,409.0911567271581,409.091156727,409.0911567271581
2094,391.46045567371846,391.460455674,391.46045567371846
2095,652.3383570300143,652.33835703,652.3383570300143
2096,2391.9728317491695,2391.97283175,2391.9728317491695
2097,931.3004732654914,931.300473265,931.3004732654914
2098,2018.7356899677238,2018.73568997,2018.7356899677238
2099,737.6163358137889,737.616335814,737.6163358137889
2100,2994.2679895320216,2994.26798953,2994.2679895320216
2101,5857.844208453202,5857.84420845,5857.844208453202
2102,363.19485541121435,363.194855411,363.19485541121435
2103,1948.5120024698447,1948.51200247,1948.5120024698447
2104,1657.2839147431002,1657.28391474,1657.2839147431002
2105,126.90628537021551,126.90628537,126.90628537021551
2106,2929.665923607261,2929.66592361,2929.665923607261
2107,2154.3405343206164,2154.34053432,2154.3405343206164
2108,457.2689955732961,457.268995573,457.2689955732961
2109,5573.8796006875,5573.87960069,5573.8796006875
2110,1177.04621463771,1177.04621464,1177.04621463771
2111,2068.4273103409796,2068.42731034,2068.4273103409796
2112,1614.7003034727147,1614.70030347,1614.7003034727147
2113,546.2936733646937,546.293673365,546.2936733646937
2114,889.211901755948,889.211901756,889.211901755948
2115,67.40235607997948,67.40235608,67.40235607997948
2116,288.8825295620582,288.882529562,288.8825295620582
2117,592.998937178855,592.998937179,592.998937178855
2118,9392.393838109863,9392.39383811,9392.393838109863
2119,549.5190563598782,549.51905636,549.5190563598782
2120,459.536469186674,459.536469187,459.536469186674
2121,729.3568156974367,729.356815697,729.3568156974367
2122,2082.3019427486597,2082.30194275,2082.3019427486597
2123,1097.7799528620094,1097.77995286,1097.7799528620094
2124,1825.2888236672816,1825.28882367,1825.2888236672816
2125,1978.9558130015246,1978.955813,1978.9558130015246
2126,3282.5712772757965,3282.57127728,3282.5712772757965
2127,1408.97509824648,1408.97509825,1408.97509824648
2128,1574.564820016746,1574.56482002,1574.564820016746
2129,1742.706702776974,1742.70670278,1742.706702776974
2130,1767.4483656869959,1767.44836569,1767.4483656869959
2131,1271.868916234729,1271.86891623,1271.868916234729
2132,3166.3277576012397,3166.3277576,3166.3277576012397
2133,1849.6421882730492,1849.64218827,1849.6421882730492
2134,1313.3381369632925,1313.33813696,1313.3381369632925
2135,909.6896714507941,909.689671451,909.6896714507941
2136,2421.962302736379,2421.96230274,2421.962302736379
2137,1340.633874298771,1340.6338743,1340.633874298771
2138,6310.208442343881,6310.20844234,6310.208442343881
2139,162.7290465005112,162.729046501,162.7290465005112
2140,3499.2144979697205,3499.21449797,3499.2144979697205
2141,4103.693555352872,4103.69355535,4103.693555352872
2142,662.0200503298041,662.02005033,662.0200503298041
2143,15244.643563480064,15244.6435635,15244.643563480064
2144,518.7026459165531,518.702645917,518.7026459165531
2145,3064.3929758943586,3064.39297589,3064.3929758943586
2146,180.01363564548106,180.013635645,180.01363564548106
2147,2325.354493451924,2325.35449345,2325.354493451924
2148,2785.623495838646,2785.62349584,2785.623495838646
2149,455.2005559559437,455.200555956,455.2005559559437
2150,933.94347536898,933.943475369,933.94347536898
2151,1607.7704668747579,1607.77046687,1607.7704668747579
2152,1091.1841306253395,1091.18413063,1091.1841306253395
2153,594.6683714142436,594.668371414,594.6683714142436
2154,1453.437481397121,1453.4374814,1453.437481397121
2155,7959.097270768682,7959.09727077,7959.097270768682
2156,3483.5087436537806,3483.50874365,3483.5087436537806
2157,1353.4012117637967,1353.40121176,1353.4012117637967
2158,1496.1894041250728,1496.18940413,1496.1894041250728
2159,648.2524828162349,648.252482816,648.2524828162349
2160,4622.520829052401,4622.52082905,4622.520829052401
2161,1693.2927960236825,1693.29279602,1693.2927960236825
2162,839.0956656492001,839.095665649,839.0956656492001
2163,902.9162667304566,902.91626673,902.9162667304566
2164,9097.895268158134,9097.89526816,9097.895268158134
2165,2882.084236161063,2882.08423616,2882.084236161063
2166,739.0578312893496,739.057831289,739.0578312893496
2167,6961.1342611487225,6961.13426115,6961.1342611487225
2168,2167.2360831906567,2167.23608319,2167.2360831906567
2169,694.8636934307825,694.863693431,694.8636934307825
2170,734.2534500738291,734.253450074,734.2534500738291
2171,915.1123605725808,915.112360573,915.1123605725808
2172,5921.970692971796,5921.97069297,5921.970692971796
2173,431.6189543983464,431.618954398,431.6189543983464
2174,4503.445144123898,4503.44514412,4503.445144123898
2175,1036.5613202354193,1036.56132024,1036.5613202354193
2176,801.8246114776914,801.824611478,801.8246114776914
2177,5335.394207555785,5335.39420756,5335.394207555785
2178,2366.6829117427924,2366.68291174,2366.6829117427924
2179,744.314270330152,744.31427033,744.314270330152
2180,639.9104449142645,639.910444914,639.9104449142645
2181,2072.8474707981686,2072.8474708,2072.8474707981686
2182,311.9196953509388,311.919695351,311.9196953509388
2183,993.4536171289175,993.453617129,993.4536171289175
2184,5495.224447004364,5495.224447,5495.224447004364
2185,732.2435277090824,732.243527709,732.2435277090824
2186,363.4767736521925,363.476773652,363.4767736521925
2187,1911.6077601866432,1911.60776019,1911.6077601866432
2188,2259.668253639527,2259.66825364,2259.668253639527
2189,1410.6710593726798,1410.67105937,1410.6710593726798
2190,1309.7066903127884,1309.70669031,1309.7066903127884
2191,3620.375320679784,3620.37532068,3620.375320679784
2192,316.5982883040103,316.598288304,316.5982883040103
2193,2035.8701621369523,2035.87016214,2035.8701621369523
2194,376.4286690872566,376.428669087,376.4286690872566
2195,9882.757958159995,9882.75795816,9882.757958159995
2196,1132.9043489645353,1132.90434896,1132.9043489645353
2197,1467.8348017664102,1467.83480177,1467.8348017664102
2198,2127.2844510026466,2127.284451,2127.2844510026466
2199,1847.7170747059804,1847.71707471,1847.7170747059804
2200,3597.325041431481,3597.32504143,3597.325041431481
2201,6604.007894627973,6604.00789463,6604.007894627973
2202,157.55192383470236,157.551923835,157.55192383470236
2203,1203.2520400340295,1203.25204003,1203.2520400340295
2204,4689.216817755044,4689.21681776,4689.216817755044
2205,4369.362679532546,4369.36267953,4369.362679532546
2206,1022.9198162267297,1022.91981623,1022.9198162267297
2207,1093.768552194903,1093.76855219,1093.768552194903
2208,733.3844472606432,733.384447261,733.3844472606432
2209,629.8942370892329,629.894237089,629.8942370892329
2210,1641.5545733182776,1641.55457332,1641.5545733182776
2211,1425.94725879113,1425.94725879,1425.94725879113
2212,423.38450812728814,423.384508127,423.38450812728814
2213,212.90691025328906,212.906910253,212.90691025328906
2214,397.6169620610719,397.616962061,397.6169620610719
2215,4055.978592262809,4055.97859226,4055.978592262809
2216,5358.946160796784,5358.9461608,5358.946160796784
2217,1391.4650063437098,1391.46500634,1391.4650063437098
2218,1237.8347689783923,1237.83476898,1237.8347689783923
2219,599.5068310579958,599.506831058,599.5068310579958
2220,1339.68839729057,1339.68839729,1339.68839729057
2221,373.38462865019056,373.38462865,373.38462865019056
2222,1593.8890579422657,1593.88905794,1593.8890579422657
2223,587.5953193473532,587.595319347,587.5953193473532
2224,2635.994496221164,2635.99449622,2635.994496221164
2225,1298.2351974658825,1298.23519747,1298.2351974658825
2226,2678.237224316841,2678.23722432,2678.237224316841
2227,440.38645296570354,440.386452966,440.38645296570354
2228,1071.0210670694364,1071.02106707,1071.0210670694364
2229,3251.6762591270544,3251.67625913,3251.6762591270544
2230,207.8268845997437,207.8268846,207.8268845997437
2231,1115.7154566679155,1115.71545667,1115.7154566679155
2232,132.19776208342955,132.197762083,132.19776208342955
2233,623.0907208489764,623.090720849,623.0907208489764
2234,1841.4071029615884,1841.40710296,1841.4071029615884
2235,763.5405537785872,763.540553779,763.5405537785872
2236,768.5033974480447,768.503397448,768.5033974480447
2237,2612.035742138111,2612.03574214,2612.035742138111
2238,405.48345142906385,405.483451429,405.48345142906385
2239,2632.387779117253,2632.38777912,2632.387779117253
2240,711.633322919832,711.63332292,711.633322919832
2241,5243.10211724419,5243.10211724,5243.10211724419
2242,2782.1777431999317,2782.1777432,2782.1777431999317
2243,107.90906972820035,107.909069728,107.90906972820035
2244,5098.50623605545,5098.50623606,5098.50623605545
2245,3374.8030825103897,3374.80308251,3374.8030825103897
2246,4482.9395610835045,4482.93956108,4482.9395610835045
2247,717.4560702522915,717.456070252,717.4560702522915
2248,2728.3916775831935,2728.39167758,2728.3916775831935
2249,1178.0964166394976,1178.09641664,1178.0964166394976
2250,2743.4555569838753,2743.45555698,2743.4555569838753
2251,1650.0159377641592,1650.01593776,1650.0159377641592
2252,54.474861268923405,54.4748612689,54.474861268923405
2253,600.1170604254208,600.117060425,600.1170604254208
2254,1136.0084918248879,1136.00849182,1136.0084918248879
2255,330.0696332137402,330.069633214,330.0696332137402
2256,1686.5487078760534,1686.54870788,1686.5487078760534
2257,672.1751239946802,672.175123995,672.1751239946802
2258,204.35057462156354,204.350574622,204.35057462156354
2259,242.08765826927902,242.087658269,242.08765826927902
2260,601.7404694994675,601.740469499,601.7404694994675
2261,402.858626620716,402.858626621,402.858626620716
2262,1476.137992143427,1476.13799214,1476.137992143427
2263,256.9065735605092,256.906573561,256.9065735605092
2264,313.0484514229316,313.048451423,313.0484514229316
2265,2199.0065902141737,2199.00659021,2199.0065902141737
2266,71.95067140388731,71.9506714039,71.95067140388731
2267,395.98292058832027,395.982920588,395.98292058832027
2268,2642.5758261831934,2642.57582618,2642.5758261831934
2269,825.5368147015564,825.536814702,825.5368147015564
2270,3266.047628027086,3266.04762803,3266.047628027086
2271,3291.2013208767426,3291.20132088,3291.2013208767426
2272,1985.9113265766443,1985.91132658,1985.9113265766443
2273,1989.826018093211,1989.82601809,1989.826018093211
2274,2453.941414993152,2453.94141499,2453.941414993152
2275,26.992480134910103,26.9924801349,26.992480134910103
2276,3750.8568575971594,3750.8568576,3750.8568575971594
2277,2629.4180165739235,2629.41801657,2629.4180165739235
2278,78.20320908424046,78.2032090842,78.20320908424046
2279,565.9483571506189,565.948357151,565.9483571506189
2280,2694.211420910275,2694.21142091,2694.211420910275
2281,1136.8269133453302,1136.82691335,1136.8269133453302
2282,245.29418758268378,245.294187583,245.29418758268378
2283,383.7491941603584,383.74919416,383.7491941603584
2284,1377.1315484550098,1377.13154846,1377.1315484550098
2285,668.1814365710414,668.181436571,668.1814365710414
2286,386.98555877133697,386.985558771,386.98555877133697
2287,8010.5027926949315,8010.50279269,8010.5027926949315
2288,294.631361270348,294.63136127,294.631361270348
2289,5139.827418336426,5139.82741834,5139.827418336426
2290,137.56718432996283,137.56718433,137.56718432996283
2291,437.463001704391,437.463001704,437.463001704391
2292,67.9128906208092,67.9128906208,67.9128906208092
2293,3442.3843123814895,3442.38431238,3442.3843123814895
2294,5289.796002383986,5289.79600238,5289.796002383986
2295,4960.851557151591,4960.85155715,4960.851557151591
2296,12037.944681653444,12037.9446817,12037.944681653444
2297,153.97212475113503,153.972124751,153.97212475113503
2298,3352.1250648745586,3352.12506487,3352.1250648745586
2299,780.719834990573,780.719834991,780.719834990573
2300,1893.1502724413913,1893.15027244,1893.1502724413913
2301,1131.0838639830858,1131.08386398,1131.0838639830858
2302,4621.97215558898,4621.97215559,4621.97215558898
2303,397.63807287399686,397.638072874,397.63807287399686
2304,250.8248014636784,250.824801464,250.8248014636784
2305,61.28956968445662,61.2895696845,61.28956968445662
2306,3337.4021731623156,3337.40217316,3337.4021731623156
2307,1010.1911640665087,1010.19116407,1010.1911640665087
2308,4441.645242203846,4441.6452422,4441.645242203846
2309,1719.8608103716672,1719.86081037,1719.8608103716672
2310,877.12295676863,877.122956769,877.12295676863
2311,985.841634799363,985.841634799,985.841634799363
2312,1749.7330955158618,1749.73309552,1749.7330955158618
2313,2361.2169283774365,2361.21692838,2361.2169283774365
2314,2166.7176676714375,2166.71766767,2166.7176676714375
2315,611.7835460842678,611.783546084,611.7835460842678
2316,146.50506371330917,146.505063713,146.50506371330917
2317,2063.674920365132,2063.67492037,2063.674920365132
2318,1492.739945183535,1492.73994518,1492.739945183535
2319,170.7157321087995,170.715732109,170.7157321087995
2320,2542.16526507614,2542.16526508,2542.16526507614
2321,2499.8611520370728,2499.86115204,2499.8611520370728
2322,299.0957870284768,299.095787028,299.0957870284768
2323,183.442522059121,183.442522059,183.442522059121
2324,662.2543983030149,662.254398303,662.2543983030149
2325,2756.141934512809,2756.14193451,2756.141934512809
2326,876.2719983509033,876.271998351,876.2719983509033
2327,3955.476396630531,3955.47639663,3955.476396630531
2328,2251.195271209911,2251.19527121,2251.195271209911
2329,1796.124387782659,1796.12438778,1796.124387782659
2330,737.911388415076,737.911388415,737.911388415076
2331,33.91744915186935,33.9174491519,33.91744915186935
2332,2507.2088526101506,2507.20885261,2507.2088526101506
2333,2403.3741975483886,2403.37419755,2403.3741975483886
2334,2740.700977481742,2740.70097748,2740.700977481742
2335,2006.2277650190815,2006.22776502,2006.2277650190815
2336,5518.174236441748,5518.17423644,5518.174236441748
2337,8173.829201301095,8173.8292013,8173.829201301095
2338,1304.2589671953406,1304.2589672,1304.2589671953406
2339,4292.86571963639,4292.86571964,4292.86571963639
2340,1434.7750339930321,1434.77503399,1434.7750339930321
2341,845.7242602599962,845.72426026,845.7242602599962
2342,53.97251883129385,53.9725188313,53.97251883129385
2343,615.2011159961368,615.201115996,615.2011159961368
2344,171.14077705185503,171.140777052,171.14077705185503
2345,2806.1781950517284,2806.17819505,2806.1781950517284
2346,1833.756361994305,1833.75636199,1833.756361994305
2347,7388.511792332141,7388.51179233,7388.511792332141
2348,1238.666159758765,1238.66615976,1238.666159758765
2349,2419.164085192053,2419.16408519,2419.164085192053
2350,5324.702596871042,5324.70259687,5324.702596871042
2351,817.5137953569769,817.513795357,817.5137953569769
2352,1733.5998403846227,1733.59984038,1733.5998403846227
2353,970.684904345972,970.684904346,970.684904345972
2354,889.5524934946892,889.552493495,889.5524934946892
2355,506.2985107504245,506.29851075,506.2985107504245
2356,352.54765734016877,352.54765734,352.54765734016877
2357,4146.660017131389,4146.66001713,4146.660017131389
2358,213.0107561598057,213.01075616,213.0107561598057
2359,195.32170315994475,195.32170316,195.32170315994475
2360,2493.256239892633,2493.25623989,2493.256239892633
2361,1915.211433053249,1915.21143305,1915.211433053249
2362,10620.32182222257,10620.3218222,10620.32182222257
2363,1866.9189584293292,1866.91895843,1866.9189584293292
2364,320.86357969789265,320.863579698,320.86357969789265
2365,857.9644288750735,857.964428875,857.9644288750735
2366,138.63491898020973,138.63491898,138.63491898020973
2367,1433.237763012356,1433.23776301,1433.237763012356
2368,3840.181904867775,3840.18190487,3840.181904867775
2369,5042.370446046957,5042.37044605,5042.370446046957
2370,509.40526128564966,509.405261286,509.40526128564966
2371,1923.6691408606887,1923.66914086,1923.6691408606887
2372,611.8794271271664,611.879427127,611.8794271271664
2373,1231.600145252557,1231.60014525,1231.600145252557
2374,936.8187477461454,936.818747746,936.8187477461454
2375,862.6535106404801,862.65351064,862.6535106404801
2376,1662.9179487182757,1662.91794872,1662.9179487182757
2377,2656.756018524845,2656.75601852,2656.756018524845
2378,1361.0917247515586,1361.09172475,1361.0917247515586
2379,239.02619294088012,239.026192941,239.02619294088012
2380,502.76478090352464,502.764780904,502.76478090352464
2381,759.3292267633819,759.329226763,759.3292267633819
2382,645.0412307871982,645.041230787,645.0412307871982
2383,291.58815227107607,291.588152271,291.58815227107607
2384,1711.291994949421,1711.29199495,1711.291994949421
2385,641.4959313615311,641.495931362,641.4959313615311
2386,3238.377742919883,3238.37774292,3238.377742919883
2387,5816.403928234478,5816.40392823,5816.403928234478
2388,2211.653589920196,2211.65358992,2211.653589920196
2389,608.9943951584419,608.994395158,608.9943951584419
2390,1505.8152042751915,1505.81520428,1505.8152042751915
2391,7402.954331177658,7402.95433118,7402.954331177658
2392,1852.6069849901783,1852.60698499,1852.6069849901783
2393,1225.0979576213006,1225.09795762,1225.0979576213006
2394,2647.762384637992,2647.76238464,2647.762384637992
2395,1584.566826194902,1584.56682619,1584.566826194902
2396,68.4767460564273,68.4767460564,68.4767460564273
2397,1926.5058208904004,1926.50582089,1926.5058208904004
2398,1139.7277421278184,1139.72774213,1139.7277421278184
2399,155.23738606183701,155.237386062,155.23738606183701
2400,3099.8172064270493,3099.81720643,3099.8172064270493
2401,1517.5550832914005,1517.55508329,1517.5550832914005
2402,447.22814331868403,447.228143319,447.22814331868403
2403,2795.9037497018417,2795.9037497,2795.9037497018417
2404,1923.054808584803,1923.05480858,1923.054808584803
2405,2692.5466315724016,2692.54663157,2692.5466315724016
2406,467.16116463949754,467.161164639,467.16116463949754
2407,1496.5386941249583,1496.53869412,1496.5386941249583
2408,729.1534198640692,729.153419864,729.1534198640692
2409,1634.3128511302784,1634.31285113,1634.3128511302784
2410,1136.766791345655,1136.76679135,1136.766791345655
2411,2842.1488325974224,2842.1488326,2842.1488325974224
2412,2599.4801381674642,2599.48013817,2599.4801381674642
2413,151.70723250163013,151.707232502,151.70723250163013
2414,1545.2799194950892,1545.2799195,1545.2799194950892
2415,1932.3698586143882,1932.36985861,1932.3698586143882
2416,2678.4363656979763,2678.4363657,2678.4363656979763
2417,235.71475024495035,235.714750245,235.71475024495035
2418,3931.2174462378543,3931.21744624,3931.2174462378543
2419,165.30795643888897,165.307956439,165.30795643888897
2420,580.6846726393601,580.684672639,580.6846726393601
2421,1466.7143767915313,1466.71437679,1466.7143767915313
2422,669.5358298075239,669.535829808,669.5358298075239
2423,7890.102759988581,7890.10275999,7890.102759988581
2424,22.421862733341545,22.4218627333,22.421862733341545
2425,1494.8948912972298,1494.8948913,1494.8948912972298
2426,640.1515884906746,640.151588491,640.1515884906746
2427,888.6873743740921,888.687374374,888.6873743740921
2428,864.1728462723547,864.172846272,864.1728462723547
2429,2096.5892669681134,2096.58926697,2096.5892669681134
2430,3740.682768863306,3740.68276886,3740.682768863306
2431,511.52637010439776,511.526370104,511.52637010439776
2432,2134.112290245911,2134.11229025,2134.112290245911
2433,789.1446930783711,789.144693078,789.1446930783711
2434,192.5885570098548,192.58855701,192.5885570098548
2435,5887.579082190289,5887.57908219,5887.579082190289
2436,6473.221548156551,6473.22154816,6473.221548156551
2437,8737.806891710787,8737.80689171,8737.806891710787
2438,682.6899064052368,682.689906405,682.6899064052368
2439,2882.520091509654,2882.52009151,2882.520091509654
2440,184.4207826044673,184.420782604,184.4207826044673
2441,616.9654011780719,616.965401178,616.9654011780719
2442,1876.9199227115291,1876.91992271,1876.9199227115291
2443,1357.3155105097817,1357.31551051,1357.3155105097817
2444,1180.503440415904,1180.50344042,1180.503440415904
2445,1901.062503642102,1901.06250364,1901.062503642102
2446,3622.4352721286614,3622.43527213,3622.4352721286614
2447,1668.2660315721444,1668.26603157,1668.2660315721444
2448,75.61040999948288,75.6104099995,75.61040999948288
2449,1861.8287521498848,1861.82875215,1861.8287521498848
2450,64.95198314693968,64.9519831469,64.95198314693968
2451,2653.702954018079,2653.70295402,2653.702954018079
2452,370.8922997652523,370.892299765,370.8922997652523
2453,1252.4776413224233,1252.47764132,1252.4776413224233
2454,3660.3423811138778,3660.34238111,3660.3423811138778
2455,2015.3739911454188,2015.37399115,2015.3739911454188
2456,3251.719493951208,3251.71949395,3251.719493951208
2457,1343.6075955087815,1343.60759551,1343.6075955087815
2458,968.3395411897103,968.33954119,968.3395411897103
2459,6374.623120163725,6374.62312016,6374.623120163725
2460,636.631014791286,636.631014791,636.631014791286
2461,662.0867700032185,662.086770003,662.0867700032185
2462,627.1910871074075,627.191087107,627.1910871074075
2463,221.6747617927942,221.674761793,221.6747617927942
2464,4553.095224945852,4553.09522495,4553.095224945852
2465,573.017970001582,573.017970002,573.017970001582
2466,2063.9806450115548,2063.98064501,2063.9806450115548
2467,940.0247308847626,940.024730885,940.0247308847626
2468,247.99574849987775,247.9957485,247.99574849987775
2469,2480.0019405276526,2480.00194053,2480.0019405276526
2470,886.1667752529266,886.166775253,886.1667752529266
2471,317.62341210067564,317.623412101,317.62341210067564
2472,1114.8523671342978,1114.85236713,1114.8523671342978
2473,1861.1411118541885,1861.14111185,1861.1411118541885
2474,1013.139898909519,1013.13989891,1013.139898909519
2475,415.9330418473517,415.933041847,415.9330418473517
2476,4259.799455549291,4259.79945555,4259.799455549291
2477,100.38491116172833,100.384911162,100.38491116172833
2478,2703.282566975903,2703.28256698,2703.282566975903
2479,3331.9495575602973,3331.94955756,3331.9495575602973
2480,191.73848855655092,191.738488557,191.73848855655092
2481,2025.6222081437113,2025.62220814,2025.6222081437113
2482,123.43161679141072,123.431616791,123.43161679141072
2483,322.0250236534445,322.025023653,322.0250236534445
2484,212.49930175248966,212.499301752,212.49930175248966
2485,322.237187743914,322.237187744,322.237187743914
2486,828.6593664081422,828.659366408,828.6593664081422
2487,2427.4362258179654,2427.43622582,2427.4362258179654
2488,1475.4425503006028,1475.4425503,1475.4425503006028
2489,3057.2195854064603,3057.21958541,3057.2195854064603
2490,20.385161887273494,20.3851618873,20.385161887273494
2491,210.5754597356863,210.575459736,210.5754597356863
2492,230.61264938090937,230.612649381,230.61264938090937
2493,3098.5383797846644,3098.53837978,3098.5383797846644
2494,6371.77915983718,6371.77915984,6371.77915983718
2495,516.615152406017,516.615152406,516.615152406017
2496,706.0635042248566,706.063504225,706.0635042248566
2497,3345.8161231323893,3345.81612313,3345.8161231323893
2498,2295.6746410585897,2295.67464106,2295.6746410585897
2499,1840.449530862547,1840.44953086,1840.449530862547
2500,2384.1177924304825,2384.11779243,2384.1177924304825
2501,709.2471742060561,709.247174206,709.2471742060561
2502,13067.347845439446,13067.3478454,13067.347845439446
2503,696.3349614376078,696.334961438,696.3349614376078
2504,619.5715486735979,619.571548674,619.5715486735979
2505,3212.3803302576043,3212.38033026,3212.3803302576043
2506,792.0965934475649,792.096593448,792.0965934475649
2507,301.7547457587003,301.754745759,301.7547457587003
2508,3444.8415879485115,3444.84158795,3444.8415879485115
2509,302.9660514519325,302.966051452,302.9660514519325
2510,331.04557156565204,331.045571566,331.04557156565204
2511,1734.3673433611382,1734.36734336,1734.3673433611382
2512,456.11654824732057,456.116548247,456.11654824732057
2513,3176.2128691270955,3176.21286913,3176.2128691270955
2514,2594.805340999681,2594.805341,2594.805340999681
2515,565.4171033798755,565.41710338,565.4171033798755
2516,804.1434886654118,804.143488665,804.1434886654118
2517,806.5315770098365,806.53157701,806.5315770098365
2518,1728.9813911045726,1728.9813911,1728.9813911045726
2519,335.979192651076,335.979192651,335.979192651076
2520,1625.298238571527,1625.29823857,1625.298238571527
2521,563.4145449804087,563.41454498,563.4145449804087
2522,7952.52648663994,7952.52648664,7952.52648663994
2523,1496.7529725678814,1496.75297257,1496.7529725678814
2524,95.76185807613835,95.7618580761,95.76185807613835
2525,227.1059809061197,227.105980906,227.1059809061197
2526,1988.0259066515637,1988.02590665,1988.0259066515637
2527,2836.2541923623235,2836.25419236,2836.2541923623235
2528,2008.5668933160418,2008.56689332,2008.5668933160418
2529,408.37079656369474,408.370796564,408.37079656369474
2530,6077.507869176517,6077.50786918,6077.507869176517
2531,3161.7889695778003,3161.78896958,3161.7889695778003
2532,3065.9841422667164,3065.98414227,3065.9841422667164
2533,4205.678896853499,4205.67889685,4205.678896853499
2534,2005.540868082482,2005.54086808,2005.540868082482
2535,194.41327560425952,194.413275604,194.41327560425952
2536,1380.9027664934376,1380.90276649,1380.9027664934376
2537,775.3581779773665,775.358177977,775.3581779773665
2538,2497.016852568526,2497.01685257,2497.016852568526
2539,210.40419643208844,210.404196432,210.40419643208844
2540,1103.6432589652493,1103.64325897,1103.6432589652493
2541,2438.198853584783,2438.19885358,2438.198853584783
2542,946.5996989927894,946.599698993,946.5996989927894
2543,219.15255268422567,219.152552684,219.15255268422567
2544,1939.2170389227924,1939.21703892,1939.2170389227924
2545,1103.7406090065622,1103.74060901,1103.7406090065622
2546,17453.51787198605,17453.517872,17453.51787198605
2547,2240.2309860102223,2240.23098601,2240.2309860102223
2548,2025.3886284172888,2025.38862842,2025.3886284172888
2549,49.46847065587748,49.4684706559,49.46847065587748
2550,7685.282033832626,7685.28203383,7685.282033832626
2551,327.3096250531297,327.309625053,327.3096250531297
2552,3385.384695684334,3385.38469568,3385.384695684334
2553,1382.1907679858464,1382.19076799,1382.1907679858464
2554,4194.106382891802,4194.10638289,4194.106382891802
2555,1574.1635817793347,1574.16358178,1574.1635817793347
2556,4436.9449200487725,4436.94492005,4436.9449200487725
2557,1505.955574518436,1505.95557452,1505.955574518436
2558,2959.487040374048,2959.48704037,2959.487040374048
2559,1811.312074691449,1811.31207469,1811.312074691449
2560,985.6170938378549,985.617093838,985.6170938378549
2561,1138.043008957006,1138.04300896,1138.043008957006
2562,304.27695032962885,304.27695033,304.27695032962885
2563,3326.7534067793367,3326.75340678,3326.7534067793367
2564,1045.4157741095987,1045.41577411,1045.4157741095987
2565,1502.3827838243976,1502.38278382,1502.3827838243976
2566,525.6675383294478,525.667538329,525.6675383294478
2567,789.7809427691889,789.780942769,789.7809427691889
2568,1163.6752804481016,1163.67528045,1163.6752804481016
2569,989.8484524274413,989.848452427,989.8484524274413
2570,737.8345793789524,737.834579379,737.8345793789524
2571,1910.7257248910798,1910.72572489,1910.7257248910798
2572,440.49282362873015,440.492823629,440.49282362873015
2573,220.17497629223544,220.174976292,220.17497629223544
2574,841.0438091713215,841.043809171,841.0438091713215
2575,158.7385912041659,158.738591204,158.7385912041659
2576,2847.2195441693316,2847.21954417,2847.2195441693316
2577,1136.053632654699,1136.05363265,1136.053632654699
2578,1527.8566081938955,1527.85660819,1527.8566081938955
2579,914.0209356356786,914.020935636,914.0209356356786
2580,1978.8099552409449,1978.80995524,1978.8099552409449
2581,96.99245251885044,96.9924525189,96.99245251885044
2582,2454.4913584362807,2454.49135844,2454.4913584362807
2583,9511.622033605505,9511.62203361,9511.622033605505
2584,2554.0280679227353,2554.02806792,2554.0280679227353
2585,1642.7734650623936,1642.77346506,1642.7734650623936
2586,2492.3702042985665,2492.3702043,2492.3702042985665
2587,2143.401772975403,2143.40177298,2143.401772975403
2588,1292.2994403969774,1292.2994404,1292.2994403969774
2589,1393.7302165400722,1393.73021654,1393.7302165400722
2590,1097.2766149856052,1097.27661499,1097.2766149856052
2591,1467.9159518473377,1467.91595185,1467.9159518473377
2592,683.6721145376725,683.672114538,683.6721145376725
2593,7059.587013657,7059.58701366,7059.587013657
2594,453.6570960376685,453.657096038,453.6570960376685
2595,1219.4019029207182,1219.40190292,1219.4019029207182
2596,1581.6276720498563,1581.62767205,1581.6276720498563
2597,316.87398857874695,316.873988579,316.87398857874695
2598,7162.627789747474,7162.62778975,7162.627789747474
2599,957.1846366071638,957.184636607,957.1846366071638
2600,5322.532230373976,5322.53223037,5322.532230373976
2601,3103.481988426377,3103.48198843,3103.481988426377
2602,1823.605865491465,1823.60586549,1823.605865491465
2603,2039.9108936033226,2039.9108936,2039.9108936033226
2604,2740.798671153064,2740.79867115,2740.798671153064
2605,1904.6724727915914,1904.67247279,1904.6724727915914
2606,486.7089738203166,486.70897382,486.7089738203166
2607,1215.0640998476756,1215.06409985,1215.0640998476756
2608,589.4797274731987,589.479727473,589.4797274731987
2609,2986.462490762799,2986.46249076,2986.462490762799
2610,643.2954305911795,643.295430591,643.2954305911795
2611,5631.638795330611,5631.63879533,5631.638795330611
2612,3157.1696161421437,3157.16961614,3157.1696161421437
2613,2263.968769386746,2263.96876939,2263.968769386746
2614,2362.3886780329076,2362.38867803,2362.3886780329076
2615,488.47594868469616,488.475948685,488.47594868469616
2616,992.6938763096289,992.69387631,992.6938763096289
2617,788.9200884785143,788.920088479,788.9200884785143
2618,1590.5530025784685,1590.55300258,1590.5530025784685
2619,295.21560917134065,295.215609171,295.21560917134065
2620,1893.2150064460989,1893.21500645,1893.2150064460989
2621,3564.7085905766935,3564.70859058,3564.7085905766935
2622,4017.0874433508075,4017.08744335,4017.0874433508075
2623,1080.6714301521627,1080.67143015,1080.6714301521627
2624,3360.679553148612,3360.67955315,3360.679553148612
2625,4285.620762815217,4285.62076282,4285.620762815217
2626,1720.8455032205643,1720.84550322,1720.8455032205643
2627,2939.1589732795555,2939.15897328,2939.1589732795555
2628,759.6333901800425,759.63339018,759.6333901800425
2629,746.4129368107693,746.412936811,746.4129368107693
2630,1152.908630764672,1152.90863076,1152.908630764672
2631,1024.8297692543515,1024.82976925,1024.8297692543515
2632,1965.3438727445514,1965.34387274,1965.3438727445514
2633,379.1704693064986,379.170469306,379.1704693064986
2634,5965.986273728371,5965.98627373,5965.986273728371
2635,1023.1996893273407,1023.19968933,1023.1996893273407
2636,2062.402999069899,2062.40299907,2062.402999069899
2637,832.2184264083398,832.218426408,832.2184264083398
2638,4368.107321570135,4368.10732157,4368.107321570135
2639,936.2954174651726,936.295417465,936.2954174651726
2640,648.14527333863,648.145273339,648.14527333863
2641,71.62105350855424,71.6210535086,71.62105350855424
2642,4023.6307906795064,4023.63079068,4023.6307906795064
2643,423.1589814704342,423.15898147,423.1589814704342
2644,1801.1483802944183,1801.14838029,1801.1483802944183
2645,2796.320501578189,2796.32050158,2796.320501578189
2646,2485.7472936222102,2485.74729362,2485.7472936222102
2647,2017.1614868421798,2017.16148684,2017.1614868421798
2648,5031.303129072926,5031.30312907,5031.303129072926
2649,810.7326078048418,810.732607805,810.7326078048418
2650,1443.549988456863,1443.54998846,1443.549988456863
2651,1901.1598390360666,1901.15983904,1901.1598390360666
2652,1039.5490683719668,1039.54906837,1039.5490683719668
2653,3509.3143959181807,3509.31439592,3509.3143959181807
2654,5100.73978578845,5100.73978579,5100.73978578845
2655,999.0321964981359,999.032196498,999.0321964981359
2656,654.879843233088,654.879843233,654.879843233088
2657,7229.63454717121,7229.63454717,7229.63454717121
2658,6910.26103484577,6910.26103485,6910.26103484577
2659,443.8709902004551,443.8709902,443.8709902004551
2660,4427.8037664210815,4427.80376642,4427.8037664210815
2661,8545.926352777522,8545.92635278,8545.926352777522
2662,435.1082141315799,435.108214132,435.1082141315799
2663,2400.0444603880933,2400.04446039,2400.0444603880933
2664,336.05779327984317,336.05779328,336.05779327984317
2665,3715.1498813474077,3715.14988135,3715.1498813474077
2666,2470.230347886075,2470.23034789,2470.230347886075
2667,1620.3571550931563,1620.35715509,1620.3571550931563
2668,27.74499862278331,27.7449986228,27.74499862278331
2669,2001.6270610102777,2001.62706101,2001.6270610102777
2670,1866.4070784876722,1866.40707849,1866.4070784876722
2671,5291.32251997142,5291.32251997,5291.32251997142
2672,44.679127252065065,44.6791272521,44.679127252065065
2673,6641.781750634919,6641.78175063,6641.781750634919
2674,868.8712009514627,868.871200951,868.8712009514627
2675,127.868552282408,127.868552282,127.868552282408
2676,1107.6147859768923,1107.61478598,1107.6147859768923
2677,4624.190047154143,4624.19004715,4624.190047154143
2678,2394.210610191822,2394.21061019,2394.210610191822
2679,1116.078625940051,1116.07862594,1116.078625940051
2680,3059.718978993581,3059.71897899,3059.718978993581
2681,2673.350489540883,2673.35048954,2673.350489540883
2682,5204.524229487079,5204.52422949,5204.524229487079
2683,4574.189855198287,4574.1898552,4574.189855198287
2684,1984.7766749475222,1984.77667495,1984.7766749475222
2685,4252.985138751957,4252.98513875,4252.985138751957
2686,730.5831719389375,730.583171939,730.5831719389375
2687,2019.7238436135997,2019.72384361,2019.7238436135997
2688,375.39620874548655,375.396208745,375.39620874548655
2689,6755.454055738826,6755.45405574,6755.454055738826
2690,1640.5881297476437,1640.58812975,1640.5881297476437
2691,5168.991880954778,5168.99188095,5168.991880954778
2692,1001.1191126115281,1001.11911261,1001.1191126115281
2693,745.8875969223551,745.887596922,745.8875969223551
2694,4135.847668827292,4135.84766883,4135.847668827292
2695,671.5723732419852,671.572373242,671.5723732419852
2696,2932.5338877849795,2932.53388778,2932.5338877849795
2697,1218.2284681586657,1218.22846816,1218.2284681586657
2698,3934.8303408808447,3934.83034088,3934.8303408808447
2699,1373.4959866253544,1373.49598663,1373.4959866253544
2700,3845.130430972218,3845.13043097,3845.130430972218
2701,2218.5666276947345,2218.56662769,2218.5666276947345
2702,88.26249351577266,88.2624935158,88.26249351577266
2703,830.0268059506435,830.026805951,830.0268059506435
2704,3429.815862235164,3429.81586224,3429.815862235164
2705,1406.2962092650191,1406.29620927,1406.2962092650191
2706,123.2465887584042,123.246588758,123.2465887584042
2707,1868.3966668074213,1868.39666681,1868.3966668074213
2708,45.697122800106825,45.6971228001,45.697122800106825
2709,2823.242174045974,2823.24217405,2823.242174045974
2710,3182.2364145687984,3182.23641457,3182.2364145687984
2711,198.5169977526238,198.516997753,198.5169977526238
2712,1204.4145742280407,1204.41457423,1204.4145742280407
2713,1041.3531272713417,1041.35312727,1041.3531272713417
2714,387.47505028076637,387.475050281,387.47505028076637
2715,675.835760962162,675.835760962,675.835760962162
2716,302.7322196408614,302.732219641,302.7322196408614
2717,3941.390338507348,3941.39033851,3941.390338507348
2718,703.7322042827283,703.732204283,703.7322042827283
2719,3692.064547148526,3692.06454715,3692.064547148526
2720,300.29905085060307,300.299050851,300.29905085060307
2721,500.79336377406275,500.793363774,500.79336377406275
2722,1422.1818824726995,1422.18188247,1422.1818824726995
2723,15509.122159668937,15509.1221597,15509.122159668937
2724,1848.7869015003487,1848.7869015,1848.7869015003487
2725,1132.640861791764,1132.64086179,1132.640861791764
2726,1613.4229432215334,1613.42294322,1613.4229432215334
2727,1000.0616841034291,1000.0616841,1000.0616841034291
2728,1462.883810374683,1462.88381037,1462.883810374683
2729,133.21008979697046,133.210089797,133.21008979697046
2730,1124.907832028602,1124.90783203,1124.907832028602
2731,789.9727085748642,789.972708575,789.9727085748642
2732,174.8913790890146,174.891379089,174.8913790890146
2733,1600.956688917809,1600.95668892,1600.956688917809
2734,1412.409877103818,1412.4098771,1412.409877103818
2735,1482.5024301050132,1482.50243011,1482.5024301050132
2736,2560.813077212884,2560.81307721,2560.813077212884
2737,1220.6061330510934,1220.60613305,1220.6061330510934
2738,2763.7410099252793,2763.74100993,2763.7410099252793
2739,280.7808426152566,280.780842615,280.7808426152566
2740,581.347353567739,581.347353568,581.347353567739
2741,1751.9823482827014,1751.98234828,1751.9823482827014
2742,202.74175037492444,202.741750375,202.74175037492444
2743,483.511570539135,483.511570539,483.511570539135
2744,583.6856027018277,583.685602702,583.6856027018277
2745,1095.0663223789952,1095.06632238,1095.0663223789952
2746,124.7356076664079,124.735607666,124.7356076664079
2747,3513.7520678225906,3513.75206782,3513.7520678225906
2748,3161.2660699431053,3161.26606994,3161.2660699431053
2749,1030.2237228590893,1030.22372286,1030.2237228590893
2750,2307.1297280826698,2307.12972808,2307.1297280826698
2751,692.0901758015274,692.090175802,692.0901758015274
2752,1818.4758623831847,1818.47586238,1818.4758623831847
2753,4491.511743091023,4491.51174309,4491.511743091023
2754,2103.322815729362,2103.32281573,2103.322815729362
2755,427.4608873518918,427.460887352,427.4608873518918
2756,3866.36679393583,3866.36679394,3866.36679393583
2757,2738.877268421661,2738.87726842,2738.877268421661
2758,1009.3320945584805,1009.33209456,1009.3320945584805
2759,486.39509856879783,486.395098569,486.39509856879783
2760,623.3357452121209,623.335745212,623.3357452121209
2761,788.4397609991325,788.439760999,788.4397609991325
2762,1715.7249461011697,1715.7249461,1715.7249461011697
2763,552.270899637944,552.270899638,552.270899637944
2764,2256.6337003703825,2256.63370037,2256.6337003703825
2765,1416.4345011874263,1416.43450119,1416.4345011874263
2766,360.3100722771095,360.310072277,360.3100722771095
2767,1383.2737211855315,1383.27372119,1383.2737211855315
2768,2573.1438796920074,2573.14387969,2573.1438796920074
2769,1067.6076203555713,1067.60762036,1067.6076203555713
2770,2434.781419926006,2434.78141993,2434.781419926006
2771,239.35100609542403,239.351006095,239.35100609542403
2772,1316.057969881981,1316.05796988,1316.057969881981
2773,2129.9257837768637,2129.92578378,2129.9257837768637
2774,212.44973898027726,212.44973898,212.44973898027726
2775,340.3845530418496,340.384553042,340.3845530418496
2776,136.06118524535205,136.061185245,136.06118524535205
2777,2831.509581204278,2831.5095812,2831.509581204278
2778,6405.389016032355,6405.38901603,6405.389016032355
2779,1849.1534060403046,1849.15340604,1849.1534060403046
2780,513.8591064678193,513.859106468,513.8591064678193
2781,780.6146935706475,780.614693571,780.6146935706475
2782,2061.459715660627,2061.45971566,2061.459715660627
2783,872.2999152214863,872.299915221,872.2999152214863
2784,4501.780426791971,4501.78042679,4501.780426791971
2785,1118.2139069510115,1118.21390695,1118.2139069510115
2786,1645.1086280356665,1645.10862804,1645.1086280356665
2787,1199.8038911919389,1199.80389119,1199.8038911919389
2788,943.4403971557364,943.440397156,943.4403971557364
2789,723.7132088408314,723.713208841,723.7132088408314
2790,2581.472771420599,2581.47277142,2581.472771420599
2791,1777.2584111295494,1777.25841113,1777.2584111295494
2792,1654.7875981723196,1654.78759817,1654.7875981723196
2793,2791.872676552681,2791.87267655,2791.872676552681
2794,890.6107789700338,890.61077897,890.6107789700338
2795,3541.446831587662,3541.44683159,3541.446831587662
2796,720.7644935477316,720.764493548,720.7644935477316
2797,6625.981692725145,6625.98169273,6625.981692725145
2798,1980.528764746589,1980.52876475,1980.528764746589
2799,654.921313621625,654.921313622,654.921313621625
2800,388.2833530915551,388.283353092,388.2833530915551
2801,1678.3445101340853,1678.34451013,1678.3445101340853
2802,530.8070333773356,530.807033377,530.8070333773356
2803,3551.6516313369602,3551.65163134,3551.6516313369602
2804,1267.0394517233733,1267.03945172,1267.0394517233733
2805,275.6386250946875,275.638625095,275.6386250946875
2806,730.8759984038768,730.875998404,730.8759984038768
2807,2094.9532090334637,2094.95320903,2094.9532090334637
2808,1035.5850013095917,1035.58500131,1035.5850013095917
2809,513.0524844782118,513.052484478,513.0524844782118
2810,2506.720480315867,2506.72048032,2506.720480315867
2811,5257.953904213726,5257.95390421,5257.953904213726
2812,758.9318453928507,758.931845393,758.9318453928507
2813,1531.7114893784337,1531.71148938,1531.7114893784337
2814,586.2203985714896,586.220398571,586.2203985714896
2815,265.4012319358953,265.401231936,265.4012319358953
2816,115.85039201533004,115.850392015,115.85039201533004
2817,2253.4887164352763,2253.48871644,2253.4887164352763
2818,647.7856729440914,647.785672944,647.7856729440914
2819,1541.3779350662446,1541.37793507,1541.3779350662446
2820,341.667580794541,341.667580795,341.667580794541
2821,690.9909500564146,690.990950056,690.9909500564146
2822,772.9235965369436,772.923596537,772.9235965369436
2823,212.5142536117358,212.514253612,212.5142536117358
2824,1123.2695986393483,1123.26959864,1123.2695986393483
2825,10945.73005569422,10945.7300557,10945.73005569422
2826,5445.497375065254,5445.49737507,5445.497375065254
2827,3663.5110950030594,3663.511095,3663.5110950030594
2828,682.1636847570421,682.163684757,682.1636847570421
2829,1619.6856643262256,1619.68566433,1619.6856643262256
2830,4603.112240828393,4603.11224083,4603.112240828393
2831,456.6682527530002,456.668252753,456.6682527530002
2832,5950.922442311487,5950.92244231,5950.922442311487
2833,1981.704700190635,1981.70470019,1981.704700190635
2834,300.186629591315,300.186629591,300.186629591315
2835,2287.8547410107603,2287.85474101,2287.8547410107603
2836,47.82111593616259,47.8211159362,47.82111593616259
2837,1145.2172399158865,1145.21723992,1145.2172399158865
2838,2687.371488876788,2687.37148888,2687.371488876788
2839,252.98656512580854,252.986565126,252.98656512580854
2840,779.455372273974,779.455372274,779.455372273974
2841,882.3369724739238,882.336972474,882.3369724739238
2842,1212.051862134332,1212.05186213,1212.051862134332
2843,198.68984489082658,198.689844891,198.68984489082658
2844,138.54575612247143,138.545756122,138.54575612247143
2845,1162.093131691456,1162.09313169,1162.093131691456
2846,2202.560475621245,2202.56047562,2202.560475621245
2847,158.4472412642118,158.447241264,158.4472412642118
2848,4768.365766390517,4768.36576639,4768.365766390517
2849,1910.16754865604,1910.16754866,1910.16754865604
2850,801.8255934003279,801.8255934,801.8255934003279
2851,869.3158062583719,869.315806258,869.3158062583719
2852,412.78149636000376,412.78149636,412.78149636000376
2853,6628.71009569077,6628.71009569,6628.71009569077
2854,1357.850282303304,1357.8502823,1357.850282303304
2855,897.5000087552511,897.500008755,897.5000087552511
2856,1437.6680289361082,1437.66802894,1437.6680289361082
2857,4748.369243449186,4748.36924345,4748.369243449186
2858,2136.296158573125,2136.29615857,2136.296158573125
2859,954.9748472976154,954.974847298,954.9748472976154
2860,199.59405146599332,199.594051466,199.59405146599332
2861,6416.207392665114,6416.20739267,6416.207392665114
2862,2343.613106365208,2343.61310637,2343.613106365208
2863,549.6789735175362,549.678973518,549.6789735175362
2864,1387.7443700631866,1387.74437006,1387.7443700631866
2865,10402.910358588948,10402.9103586,10402.910358588948
2866,550.9730255178781,550.973025518,550.9730255178781
2867,6859.756552100769,6859.7565521,6859.756552100769
2868,682.7528717864056,682.752871786,682.7528717864056
2869,428.5418384435046,428.541838444,428.54183844350456
2870,122.5277242671878,122.527724267,122.5277242671878
2871,1544.2428327074454,1544.24283271,1544.2428327074454
2872,4458.852640129705,4458.85264013,4458.852640129705
2873,654.5654152279857,654.565415228,654.5654152279857
2874,4885.253880212097,4885.25388021,4885.253880212097
2875,63.73774260395,63.7377426039,63.73774260395
2876,2181.492230517005,2181.49223052,2181.492230517005
2877,1639.8522830537158,1639.85228305,1639.8522830537158
2878,3709.0149844948605,3709.01498449,3709.0149844948605
2879,922.3880257992827,922.388025799,922.3880257992827
2880,2006.1669588958068,2006.1669589,2006.1669588958068
2881,4313.916758951571,4313.91675895,4313.916758951571
2882,2061.5057570588106,2061.50575706,2061.5057570588106
2883,325.4502887849563,325.450288785,325.4502887849563
2884,3576.1768908886247,3576.17689089,3576.1768908886247
2885,5548.808917356664,5548.80891736,5548.808917356664
2886,4138.760692494648,4138.76069249,4138.760692494648
2887,890.7283303170656,890.728330317,890.7283303170656
2888,985.0623070819139,985.062307082,985.0623070819139
2889,1403.3116463832805,1403.31164638,1403.3116463832805
2890,4981.580350085165,4981.58035009,4981.580350085165
2891,2535.6191951276937,2535.61919513,2535.6191951276937
2892,7677.082390014805,7677.08239001,7677.082390014805
2893,165.0918363201897,165.09183632,165.0918363201897
2894,157.52391197909327,157.523911979,157.52391197909327
2895,315.9313568606339,315.931356861,315.9313568606339
2896,746.9041682352075,746.904168235,746.9041682352075
2897,4428.912833570712,4428.91283357,4428.912833570712
2898,1350.5022819585427,1350.50228196,1350.5022819585427
2899,457.4623487104171,457.46234871,457.4623487104171
2900,2616.093144102706,2616.0931441,2616.093144102706
2901,3542.5926649100456,3542.59266491,3542.5926649100456
2902,833.7850567403942,833.78505674,833.7850567403942
2903,1341.894456038287,1341.89445604,1341.894456038287
2904,3904.744330950906,3904.74433095,3904.744330950906
2905,2038.5093043263414,2038.50930433,2038.5093043263414
2906,1254.569609600183,1254.5696096,1254.569609600183
2907,1807.5800636363306,1807.58006364,1807.5800636363306
2908,4308.292536956503,4308.29253696,4308.292536956503
2909,4100.1533870070625,4100.15338701,4100.1533870070625
2910,665.1848111442655,665.184811144,665.1848111442655
2911,3553.055128232651,3553.05512823,3553.055128232651
2912,3088.601467900474,3088.6014679,3088.601467900474
2913,1431.2380916047198,1431.2380916,1431.2380916047198
2914,4279.5237237407155,4279.52372374,4279.5237237407155
2915,511.31774762413465,511.317747624,511.31774762413465
2916,1546.7300031785064,1546.73000318,1546.7300031785064
2917,1011.977168163836,1011.97716816,1011.977168163836
2918,5735.380004624438,5735.38000462,5735.380004624438
2919,3701.3808908344768,3701.38089083,3701.3808908344768
2920,3634.11023320905,3634.11023321,3634.11023320905
2921,3653.9248121002206,3653.9248121,3653.9248121002206
2922,2413.0623052359683,2413.06230524,2413.0623052359683
2923,1100.9121005549762,1100.91210055,1100.9121005549762
2924,768.6135072411489,768.613507241,768.6135072411489
2925,1671.8039921442378,1671.80399214,1671.8039921442378
2926,1414.266954686621,1414.26695469,1414.266954686621
2927,1613.5820194884707,1613.58201949,1613.5820194884707
2928,2658.648807802269,2658.6488078,2658.648807802269
2929,1246.3927102434156,1246.39271024,1246.3927102434156
2930,252.38042727497955,252.380427275,252.38042727497955
2931,1021.4026337903398,1021.40263379,1021.4026337903398
2932,138.85081572138444,138.850815721,138.85081572138444
2933,1317.208023734622,1317.20802373,1317.208023734622
2934,4332.538038235223,4332.53803824,4332.538038235223
2935,1366.0987306316129,1366.09873063,1366.0987306316129
2936,1752.6081060297963,1752.60810603,1752.6081060297963
2937,3810.784540706009,3810.78454071,3810.784540706009
2938,147.76929961886694,147.769299619,147.76929961886694
2939,762.6901412575176,762.690141258,762.6901412575176
2940,2548.1700764125,2548.17007641,2548.1700764125
2941,934.9129284045832,934.912928405,934.9129284045832
2942,2488.505966933319,2488.50596693,2488.505966933319
2943,2690.609407776332,2690.60940778,2690.609407776332
2944,3471.1489398358895,3471.14893984,3471.1489398358895
2945,5094.844163931521,5094.84416393,5094.844163931521
2946,789.1460771472401,789.146077147,789.1460771472401
2947,396.04987661482596,396.049876615,396.04987661482596
2948,12525.039298597603,12525.0392986,12525.039298597603
2949,1099.8807272283304,1099.88072723,1099.8807272283304
2950,80.1383527607778,80.1383527608,80.1383527607778
2951,3539.7605283182147,3539.76052832,3539.7605283182147
2952,1213.985074699818,1213.9850747,1213.985074699818
2953,3912.4144051757826,3912.41440518,3912.4144051757826
2954,428.40635964090154,428.406359641,428.40635964090154
2955,995.0858076407815,995.085807641,995.0858076407815
2956,3062.336040791149,3062.33604079,3062.336040791149
2957,1764.9822520928124,1764.98225209,1764.9822520928124
2958,4149.421201472777,4149.42120147,4149.421201472777
2959,928.9605260419859,928.960526042,928.9605260419859
2960,3563.6430762600858,3563.64307626,3563.6430762600858
2961,3786.2369300347914,3786.23693003,3786.2369300347914
2962,4294.5480928584,4294.54809286,4294.5480928584
2963,2610.7165239377755,2610.71652394,2610.7165239377755
2964,685.9598082277829,685.959808228,685.9598082277829
2965,2898.7497366694824,2898.74973667,2898.7497366694824
2966,6755.8157660520565,6755.81576605,6755.8157660520565
2967,8280.674648149534,8280.67464815,8280.674648149534
2968,3010.4863294798706,3010.48632948,3010.4863294798706
2969,1581.585235679639,1581.58523568,1581.585235679639
2970,625.5637938883103,625.563793888,625.5637938883103
2971,1159.6933066722731,1159.69330667,1159.6933066722731
2972,1119.325661166524,1119.32566117,1119.325661166524
2973,8104.049268588096,8104.04926859,8104.049268588096
2974,44.14235384661434,44.1423538466,44.14235384661434
2975,705.2977091891617,705.297709189,705.2977091891617
2976,3004.4331106491054,3004.43311065,3004.4331106491054
2977,3620.758139713456,3620.75813971,3620.758139713456
2978,8347.498483652334,8347.49848365,8347.498483652334
2979,385.4429744355514,385.442974436,385.4429744355514
2980,810.7838802346149,810.783880235,810.7838802346149
2981,1275.827743890602,1275.82774389,1275.827743890602
2982,4312.669285717628,4312.66928572,4312.669285717628
2983,4104.247722656589,4104.24772266,4104.247722656589
2984,208.08823417650012,208.088234177,208.08823417650012
2985,11209.074793757847,11209.0747938,11209.074793757847
2986,668.5340842210267,668.534084221,668.5340842210267
2987,484.78688198158994,484.786881982,484.78688198158994
2988,4379.924832671237,4379.92483267,4379.924832671237
2989,1400.0108347366197,1400.01083474,1400.0108347366197
2990,3886.459514346,3886.45951435,3886.459514346
2991,8137.92503688541,8137.92503689,8137.92503688541
2992,1913.8691053500916,1913.86910535,1913.8691053500916
2993,4294.333603663078,4294.33360366,4294.333603663078
2994,1138.435936786477,1138.43593679,1138.435936786477
2995,785.3756190281106,785.375619028,785.3756190281106
2996,3083.630580287081,3083.63058029,3083.630580287081
2997,2238.19109635841,2238.19109636,2238.19109635841
2998,1631.318453520166,1631.31845352,1631.318453520166
2999,4808.44860045559,4808.44860046,4808.44860045559
3000,270.5522955226272,270.552295523,270.5522955226272
3002,503.9756180865952,503.975618087,503.9756180865952
3003,903.3571239915143,903.357123992,903.3571239915143
3004,2223.3606449781796,2223.36064498,2223.3606449781796
3005,4113.835840538037,4113.83584054,4113.835840538037
3006,2354.0403669966736,2354.040367,2354.0403669966736
3007,444.58433458406614,444.584334584,444.58433458406614
3008,665.3675068539733,665.367506854,665.3675068539733
3009,806.1716274523008,806.171627452,806.1716274523008
3010,3628.6773414054783,3628.67734141,3628.6773414054783
3011,2846.7349235200536,2846.73492352,2846.7349235200536
3012,2043.4159925709268,2043.41599257,2043.4159925709268
3013,260.288986501848,260.288986502,260.288986501848
3014,384.533677743025,384.533677743,384.533677743025
3015,3223.316960113677,3223.31696011,3223.316960113677
3016,995.0982010967024,995.098201097,995.0982010967024
3017,736.6201944889715,736.620194489,736.6201944889715
3018,1881.8447626959894,1881.8447627,1881.8447626959894
3019,355.7705429689343,355.770542969,355.7705429689343
3020,1667.5150572961304,1667.5150573,1667.5150572961304
3021,4496.65746152779,4496.65746153,4496.65746152779
3022,256.13499497905866,256.134994979,256.13499497905866
3023,2075.24803923474,2075.24803923,2075.24803923474
3024,684.530667998598,684.530667999,684.530667998598
3025,23.92004137855569,23.9200413786,23.92004137855569
3026,598.2716340251915,598.271634025,598.2716340251915
3027,5603.966629963265,5603.96662996,5603.966629963265
3028,178.53536637491877,178.535366375,178.53536637491877
3029,665.7601809171465,665.760180917,665.7601809171465
3030,2116.630347576715,2116.63034758,2116.630347576715
3031,1331.3381192707193,1331.33811927,1331.3381192707193
3032,125.76460600924362,125.764606009,125.76460600924362
3033,5561.539594650521,5561.53959465,5561.539594650521
3034,1864.399805221807,1864.39980522,1864.399805221807
3035,763.2249745579222,763.224974558,763.2249745579222
3036,2406.155931559328,2406.15593156,2406.155931559328
3037,600.4834892943372,600.483489294,600.4834892943372
3038,1100.298932965132,1100.29893297,1100.298932965132
3039,34.66393693472792,34.6639369347,34.66393693472792
3040,663.8817319673673,663.881731967,663.8817319673673
3041,624.6891774579723,624.689177458,624.6891774579723
3042,668.5699340600852,668.56993406,668.5699340600852
3043,2453.04330142254,2453.04330142,2453.04330142254
3044,8727.389183347923,8727.38918335,8727.389183347923
3045,1801.6348492957152,1801.6348493,1801.6348492957152
3046,1778.5908912764594,1778.59089128,1778.5908912764594
3047,1192.6288227596679,1192.62882276,1192.6288227596679
3048,1412.6840219359194,1412.68402194,1412.6840219359194
3049,20372.28675535544,20372.2867554,20372.28675535544
3050,110.43607155090844,110.436071551,110.43607155090844
3051,1446.4882083801058,1446.48820838,1446.4882083801058
3052,1149.2643474494566,1149.26434745,1149.2643474494566
3053,170.4755615353882,170.475561535,170.4755615353882
3054,322.5438245863652,322.543824586,322.5438245863652
3055,640.3403490475688,640.340349048,640.3403490475688
3056,1756.23205769032,1756.23205769,1756.23205769032
3057,3772.9857071084148,3772.98570711,3772.9857071084148
3058,471.9362700735857,471.936270074,471.9362700735857
3059,1598.5244272200664,1598.52442722,1598.5244272200664
3060,252.59806626487318,252.598066265,252.59806626487318
3061,1150.8635610909141,1150.86356109,1150.8635610909141
3062,2508.5811893933865,2508.58118939,2508.5811893933865
3063,4219.529283107037,4219.52928311,4219.529283107037
3064,1507.2028779541529,1507.20287795,1507.2028779541529
3065,1333.5752833909082,1333.57528339,1333.5752833909082
3066,2954.901908055227,2954.90190806,2954.901908055227
3067,4909.03362746428,4909.03362746,4909.03362746428
3068,3783.6373109156966,3783.63731092,3783.6373109156966
3069,955.8057734158666,955.805773416,955.8057734158666
3070,831.1808314230304,831.180831423,831.1808314230304
3071,5890.549367089494,5890.54936709,5890.549367089494
3072,652.272552486848,652.272552487,652.272552486848
3073,559.853111204819,559.853111205,559.853111204819
3074,1317.3383209828328,1317.33832098,1317.3383209828328
3075,2874.5672422702264,2874.56724227,2874.5672422702264
3076,989.4012293917268,989.401229392,989.4012293917268
3077,1177.9476286005522,1177.9476286,1177.9476286005522
3078,29.492815398271148,29.4928153983,29.492815398271148
3079,880.2996292108156,880.299629211,880.2996292108156
3080,1475.874168560166,1475.87416856,1475.874168560166
3081,2644.5209295152845,2644.52092952,2644.5209295152845
3082,4159.140072973033,4159.14007297,4159.140072973033
3083,103.9801615883909,103.980161588,103.9801615883909
3084,303.14697460538457,303.146974605,303.14697460538457
3085,1444.9768270575335,1444.97682706,1444.9768270575335
3086,2005.9879727498337,2005.98797275,2005.9879727498337
3087,1940.957275903043,1940.9572759,1940.957275903043
3088,1053.4660192763517,1053.46601928,1053.4660192763517
3089,657.7645727689394,657.764572769,657.7645727689394
3090,4505.638768532204,4505.63876853,4505.638768532204
3091,1507.9219686075749,1507.92196861,1507.9219686075749
3092,5409.576711619377,5409.57671162,5409.576711619377
3093,4890.462995957813,4890.46299596,4890.462995957813
3094,4100.943501056076,4100.94350106,4100.943501056076
3095,7337.46775831556,7337.46775832,7337.46775831556
3096,817.7976629402681,817.79766294,817.7976629402681
3097,1769.1700293024462,1769.1700293,1769.1700293024462
3098,825.3955955680563,825.395595568,825.3955955680563
3099,1974.1364020248907,1974.13640202,1974.1364020248907
3100,3327.109854704216,3327.1098547,3327.109854704216
3101,334.510012197838,334.510012198,334.510012197838
3102,749.2397474275455,749.239747428,749.2397474275455
3103,3336.1688153835717,3336.16881538,3336.1688153835717
3104,2949.613105918358,2949.61310592,2949.613105918358
3105,438.4281005522428,438.428100552,438.4281005522428
3106,773.1781100324963,773.178110032,773.1781100324963
3107,544.4747475105839,544.474747511,544.4747475105839
3108,3542.8793907203953,3542.87939072,3542.8793907203953
3109,641.0794374611294,641.079437461,641.0794374611294
3110,649.4783210460664,649.478321046,649.4783210460664
3111,475.1416395761333,475.141639576,475.1416395761333
3112,394.8249053306815,394.824905331,394.8249053306815
3113,35.60395135851232,35.6039513585,35.60395135851232
3114,3669.3657791923342,3669.36577919,3669.3657791923342
3116,733.6571489691108,733.657148969,733.6571489691108
3117,5541.621707158466,5541.62170716,5541.621707158466
3118,1012.3949280937032,1012.39492809,1012.3949280937032
3119,297.056580075311,297.056580075,297.056580075311
3120,3282.024101858743,3282.02410186,3282.024101858743
3121,3705.326331391657,3705.32633139,3705.326331391657
3122,296.31869335446186,296.318693354,296.31869335446186
3123,1672.0503895847294,1672.05038958,1672.0503895847294
3124,5877.07813439077,5877.07813439,5877.07813439077
3125,415.66345696186363,415.663456962,415.66345696186363
3126,607.2158164926811,607.215816493,607.2158164926811
3127,1684.8233078940293,1684.82330789,1684.8233078940293
3128,2727.7461115739616,2727.74611157,2727.7461115739616
3129,2815.144513410448,2815.14451341,2815.144513410448
3130,296.51959417582685,296.519594176,296.51959417582685
3131,1277.2887315143198,1277.28873151,1277.2887315143198
3132,232.62151864875776,232.621518649,232.62151864875776
3133,2060.577607420315,2060.57760742,2060.577607420315
3134,2244.6681935431325,2244.66819354,2244.6681935431325
3135,3909.407220444805,3909.40722044,3909.407220444805
3136,1241.271003409265,1241.27100341,1241.271003409265
3137,532.6925999569514,532.692599957,532.6925999569514
3138,944.4962286818106,944.496228682,944.4962286818106
3139,1607.9405932992875,1607.9405933,1607.9405932992875
3140,929.9205333385602,929.920533339,929.9205333385602
3141,3879.7026605095675,3879.70266051,3879.7026605095675
3142,4554.7646066981915,4554.7646067,4554.7646066981915
3143,403.65150333647154,403.651503336,403.65150333647154
3144,1544.0746905584094,1544.07469056,1544.0746905584094
3145,910.6400884029679,910.640088403,910.6400884029679
3146,206.43347639543816,206.433476395,206.43347639543816
3147,1666.6563452744736,1666.65634527,1666.6563452744736
3148,242.45032338583854,242.450323386,242.45032338583854
3149,382.9561737386084,382.956173739,382.9561737386084
3150,2482.042968506929,2482.04296851,2482.042968506929
3151,1609.601625019127,1609.60162502,1609.601625019127
3152,577.1435301926379,577.143530193,577.1435301926379
3153,5608.449485786789,5608.44948579,5608.449485786789
3154,1356.6251904576386,1356.62519046,1356.6251904576386
3155,717.8057517523324,717.805751752,717.8057517523324
3156,733.2602388130667,733.260238813,733.2602388130667
3157,4634.02376615433,4634.02376615,4634.02376615433
3158,1691.1503897951827,1691.1503898,1691.1503897951827
3159,1196.6115957414918,1196.61159574,1196.6115957414918
3160,2297.3331023166215,2297.33310232,2297.3331023166215
3161,1527.9223794202508,1527.92237942,1527.9223794202508
3162,1098.5606797048242,1098.5606797,1098.5606797048242
3163,275.3883445291956,275.388344529,275.3883445291956
3164,4010.386629430488,4010.38662943,4010.386629430488
3165,190.2189428870934,190.218942887,190.2189428870934
3166,2480.9952618880193,2480.99526189,2480.9952618880193
3167,5253.178496768165,5253.17849677,5253.178496768165
3168,394.7882076246827,394.788207625,394.7882076246827
3169,1652.410566576524,1652.41056658,1652.410566576524
3170,3932.1515980176105,3932.15159802,3932.1515980176105
3171,326.3039375438542,326.303937544,326.3039375438542
3172,4255.814288882304,4255.81428888,4255.814288882304
3173,433.1585036971713,433.158503697,433.1585036971713
3174,1484.7035604498599,1484.70356045,1484.7035604498599
3175,1826.4165723111535,1826.41657231,1826.4165723111535
3176,1708.5304818636114,1708.53048186,1708.5304818636114
3177,3534.84589275597,3534.84589276,3534.84589275597
3178,1505.3996435727254,1505.39964357,1505.3996435727254
3179,9773.575265564643,9773.57526556,9773.575265564643
3180,6097.813772396349,6097.8137724,6097.813772396349
3181,636.6295964984412,636.629596498,636.6295964984412
3182,250.77454155696057,250.774541557,250.77454155696057
3183,2128.4706067717943,2128.47060677,2128.4706067717943
3184,5502.2119582043915,5502.2119582,5502.2119582043915
3185,614.782221765205,614.782221765,614.782221765205
3186,147.4466222882752,147.446622288,147.4466222882752
3187,481.41120412194783,481.411204122,481.41120412194783
3188,1363.2740990370928,1363.27409904,1363.2740990370928
3189,1717.3168748142825,1717.31687481,1717.3168748142825
3190,1272.0238263799808,1272.02382638,1272.0238263799808
3191,1007.571766335792,1007.57176634,1007.571766335792
3192,1713.405762561484,1713.40576256,1713.405762561484
3193,3757.6273779721664,3757.62737797,3757.6273779721664
3194,167.77335640608075,167.773356406,167.77335640608075
3195,665.0582438653217,665.058243865,665.0582438653217
3196,3661.9141300149067,3661.91413001,3661.9141300149067
3197,1495.889009949794,1495.88900995,1495.889009949794
3198,2980.5216107803662,2980.52161078,2980.5216107803662
3199,3687.0480305810156,3687.04803058,3687.0480305810156
3200,1322.1912745778445,1322.19127458,1322.1912745778445
3201,4362.263918507819,4362.26391851,4362.263918507819
3202,126.30909820066015,126.309098201,126.30909820066015
3203,780.3324689655735,780.332468966,780.3324689655735
3204,4752.7414622187525,4752.74146222,4752.7414622187525
3205,1880.6700786056974,1880.67007861,1880.6700786056974
3206,2896.8727892535994,2896.87278925,2896.8727892535994
3207,349.5622088257195,349.562208826,349.5622088257195
3208,496.82392454926895,496.823924549,496.82392454926895
3209,394.37486170220245,394.374861702,394.37486170220245
3210,1432.34808624588,1432.34808625,1432.34808624588
3211,6427.444347814554,6427.44434781,6427.444347814554
3212,3145.5693917741237,3145.56939177,3145.5693917741237
3213,3091.9645049429623,3091.96450494,3091.9645049429623
3214,4352.03423196074,4352.03423196,4352.03423196074
3215,4644.032834019724,4644.03283402,4644.032834019724
3216,50.06900210148265,50.0690021015,50.06900210148265
3217,140.954532138469,140.954532138,140.954532138469
3218,7954.516475449225,7954.51647545,7954.516475449225
3219,3987.9934115287147,3987.99341153,3987.9934115287147
3220,2449.029217708264,2449.02921771,2449.029217708264
3221,725.6302745577791,725.630274558,725.6302745577791
3222,1899.7200085019233,1899.7200085,1899.7200085019233
3223,1870.0770041544524,1870.07700415,1870.0770041544524
3224,1297.9561937771664,1297.95619378,1297.9561937771664
3225,1044.1052354385179,1044.10523544,1044.1052354385179
3226,2402.336020227157,2402.33602023,2402.336020227157
3227,282.3446539587568,282.344653959,282.3446539587568
3228,1068.2126920655105,1068.21269207,1068.2126920655105
3229,8608.822720213793,8608.82272021,8608.822720213793
3230,4441.740253029284,4441.74025303,4441.740253029284
3231,2987.8331497916206,2987.83314979,2987.8331497916206
3232,160.85992134937527,160.859921349,160.85992134937527
3233,3697.1035337749845,3697.10353377,3697.1035337749845
3234,3942.5752330827745,3942.57523308,3942.5752330827745
3235,1708.3690798363514,1708.36907984,1708.3690798363514
3236,365.19617424772275,365.196174248,365.19617424772275
3237,3870.456760829398,3870.45676083,3870.456760829398
3238,696.2047956664401,696.204795666,696.2047956664401
3239,1620.107246558785,1620.10724656,1620.107246558785
3240,604.6210295864348,604.621029586,604.6210295864348
3241,4715.478519268974,4715.47851927,4715.478519268974
3242,5538.620133112398,5538.62013311,5538.620133112398
3243,132.37329173530603,132.373291735,132.37329173530603
3244,1777.4285158062366,1777.42851581,1777.4285158062366
3245,337.8637192167772,337.863719217,337.8637192167772
3246,1186.5221823080142,1186.52218231,1186.5221823080142
3247,4073.8805174458225,4073.88051745,4073.8805174458225
3248,1618.1547238147373,1618.15472381,1618.1547238147373
3249,122.37222724498383,122.372227245,122.37222724498383
3250,2036.6566484433383,2036.65664844,2036.6566484433383
3251,871.3070832640698,871.307083264,871.3070832640698
3252,9402.742778896958,9402.7427789,9402.742778896958
3253,1987.5448098026984,1987.5448098,1987.5448098026984
3254,6527.040746303178,6527.0407463,6527.040746303178
3255,6969.6670589978,6969.667059,6969.6670589978
3256,151.5604186257488,151.560418626,151.5604186257488
3257,5558.254901257844,5558.25490126,5558.254901257844
3258,8307.06924828042,8307.06924828,8307.06924828042
3259,2841.5126986052924,2841.51269861,2841.5126986052924
3260,1995.842043626675,1995.84204363,1995.842043626675
3261,1178.4344166261108,1178.43441663,1178.4344166261108
3262,1149.5811507880378,1149.58115079,1149.5811507880378
3263,97.37465856771578,97.3746585677,97.37465856771578
3264,2243.3057020031592,2243.305702,2243.3057020031592
3265,1158.8942801868077,1158.89428019,1158.8942801868077
3266,627.6780500747441,627.678050075,627.6780500747441
3267,752.3886948679752,752.388694868,752.3886948679752
3268,1652.1900802268242,1652.19008023,1652.1900802268242
3269,1057.5526589680096,1057.55265897,1057.5526589680096
3270,2490.367540216597,2490.36754022,2490.367540216597
3271,1336.975800158486,1336.97580016,1336.975800158486
3272,1867.7892952521006,1867.78929525,1867.7892952521006
3273,2672.5741893990116,2672.5741894,2672.5741893990116
3274,5000.1245622954975,5000.1245623,5000.1245622954975
3275,829.631573357242,829.631573357,829.631573357242
3276,965.084792790771,965.084792791,965.084792790771
3277,2984.097092239149,2984.09709224,2984.097092239149
3278,380.3921304534154,380.392130453,380.3921304534154
3279,879.8989943127391,879.898994313,879.8989943127391
3280,737.5150824004269,737.5150824,737.5150824004269
3281,2896.5623069247467,2896.56230692,2896.5623069247467
3282,4939.637138987036,4939.63713899,4939.637138987036
3283,2073.832915390415,2073.83291539,2073.832915390415
3284,635.2932822097721,635.29328221,635.2932822097721
3285,6855.287519480545,6855.28751948,6855.287519480545
3286,3165.4165177532886,3165.41651775,3165.4165177532886
3287,1232.7277322715233,1232.72773227,1232.7277322715233
3288,6884.996600723708,6884.99660072,6884.996600723708
3289,3709.994924946006,3709.99492495,3709.994924946006
3290,857.8807040345192,857.880704035,857.8807040345192
3291,796.0153364932617,796.015336493,796.0153364932617
3292,506.2043713215942,506.204371322,506.2043713215942
3293,345.1295134680191,345.129513468,345.1295134680191
3294,906.9605300796527,906.96053008,906.9605300796527
3295,1321.0116386288137,1321.01163863,1321.0116386288137
3296,1174.5444658735503,1174.54446587,1174.5444658735503
3297,3731.4437379103556,3731.44373791,3731.4437379103556
3298,4413.363861285349,4413.36386129,4413.363861285349
3299,826.9240184314822,826.924018431,826.9240184314822
3300,2416.7277565205422,2416.72775652,2416.7277565205422
3301,9289.398388460631,9289.39838846,9289.398388460631
3302,3678.2964678518892,3678.29646785,3678.2964678518892
3303,318.89001495838045,318.890014958,318.89001495838045
3304,4301.546169141452,4301.54616914,4301.546169141452
3305,3239.812420686599,3239.81242069,3239.812420686599
3306,459.1416602254183,459.141660225,459.1416602254183
3307,3927.1191154062167,3927.11911541,3927.1191154062167
3308,748.3914440508938,748.391444051,748.3914440508938
3309,5591.139553788771,5591.13955379,5591.139553788771
3310,891.3688687668388,891.368868767,891.3688687668388
3311,2228.0419350956277,2228.0419351,2228.0419350956277
3312,1129.2799804094293,1129.27998041,1129.2799804094293
3313,1011.7350379227313,1011.73503792,1011.7350379227313
3314,3151.6865828804443,3151.68658288,3151.6865828804443
3315,4240.067361033217,4240.06736103,4240.067361033217
3316,1114.7110598558097,1114.71105986,1114.7110598558097
3317,830.5523313499369,830.55233135,830.5523313499369
3318,1830.8173759420104,1830.81737594,1830.8173759420104
3319,231.03926271904552,231.039262719,231.03926271904552
3320,613.7095663284532,613.709566328,613.7095663284532
3321,800.2570277819149,800.257027782,800.2570277819149
3322,732.9238903897854,732.92389039,732.9238903897854
3323,6826.515970759933,6826.51597076,6826.515970759933
3324,4448.761688996696,4448.761689,4448.761688996696
3325,2798.835058053142,2798.83505805,2798.835058053142
3326,3466.3201981211746,3466.32019812,3466.3201981211746
3327,3646.9152034542153,3646.91520345,3646.9152034542153
3328,2092.7094328027797,2092.7094328,2092.7094328027797
3329,195.66309688150415,195.663096882,195.66309688150415
3330,2445.748138229228,2445.74813823,2445.748138229228
3331,828.1396639501578,828.13966395,828.1396639501578
3332,2557.4441513716006,2557.44415137,2557.4441513716006
3333,1611.994687066562,1611.99468707,1611.994687066562
3334,514.603182025159,514.603182025,514.603182025159
3335,5415.243481920447,5415.24348192,5415.243481920447
3336,2329.844348032844,2329.84434803,2329.844348032844
3337,1996.2234436545837,1996.22344365,1996.2234436545837
3338,1463.7587715179236,1463.75877152,1463.7587715179236
3339,1803.3266163977387,1803.3266164,1803.3266163977387
3340,225.25313378026522,225.25313378,225.25313378026522
3341,1129.0310947897412,1129.03109479,1129.0310947897412
3342,905.1571699413004,905.157169941,905.1571699413004
3343,3122.504557240161,3122.50455724,3122.504557240161
3344,2870.579008364699,2870.57900836,2870.579008364699
3345,468.9697741985874,468.969774199,468.9697741985874
3346,1310.2101829223968,1310.21018292,1310.2101829223968
3347,4898.35546894287,4898.35546894,4898.35546894287
3348,683.0604593549638,683.060459355,683.0604593549638
3349,74.98455474593302,74.9845547459,74.98455474593302
3350,1529.8390766760792,1529.83907668,1529.8390766760792
3351,2091.028524162115,2091.02852416,2091.028524162115
3352,729.560977091343,729.560977091,729.560977091343
3353,2467.413260632199,2467.41326063,2467.413260632199
3354,411.20468015727016,411.204680157,411.20468015727016
3355,286.75022760389953,286.750227604,286.75022760389953
3356,497.01291989940523,497.012919899,497.01291989940523
3357,1259.461781579635,1259.46178158,1259.461781579635
3358,8313.427603456868,8313.42760346,8313.427603456868
3359,2687.6052732450203,2687.60527325,2687.6052732450203
3360,266.4639827128499,266.463982713,266.4639827128499
3361,2232.4450193385524,2232.44501934,2232.4450193385524
3362,1468.3955584233368,1468.39555842,1468.3955584233368
3363,2153.1733581759154,2153.17335818,2153.1733581759154
3364,2083.144704329412,2083.14470433,2083.144704329412
3365,30.07950547319289,30.0795054732,30.07950547319289
3366,1703.0681958297957,1703.06819583,1703.0681958297957
3367,2386.496936891586,2386.49693689,2386.496936891586
3368,782.894215743742,782.894215744,782.894215743742
3369,1061.1275176525785,1061.12751765,1061.1275176525785
3370,2361.033785471085,2361.03378547,2361.033785471085
3371,3135.054982535981,3135.05498254,3135.054982535981
3372,4008.463863909269,4008.46386391,4008.463863909269
3373,434.2901045996761,434.2901046,434.2901045996761
3374,2708.6972390439587,2708.69723904,2708.6972390439587
3375,2095.1502562175547,2095.15025622,2095.1502562175547
3376,1770.012111155041,1770.01211116,1770.012111155041
3377,2748.9040828113366,2748.90408281,2748.9040828113366
3378,1138.4930739751323,1138.49307398,1138.4930739751323
3379,612.9448294268045,612.944829427,612.9448294268045
3380,1282.3599163138692,1282.35991631,1282.3599163138692
3381,1784.4378495261105,1784.43784953,1784.4378495261105
3382,1305.3905613844283,1305.39056138,1305.3905613844283
3383,1026.0445244163964,1026.04452442,1026.0445244163964
3384,5107.541916331466,5107.54191633,5107.541916331466
3385,3851.0385587667142,3851.03855877,3851.0385587667142
3386,1929.1848277665708,1929.18482777,1929.1848277665708
3387,701.3509660050164,701.350966005,701.3509660050164
3388,1043.9583696542943,1043.95836965,1043.9583696542943
3389,1023.7705798418795,1023.77057984,1023.7705798418795
3390,119.10086474110186,119.100864741,119.10086474110186
3391,2710.4662346141167,2710.46623461,2710.4662346141167
3392,664.65623882506,664.656238825,664.65623882506
3393,323.34065805163374,323.340658052,323.34065805163374
3394,5374.7262751402095,5374.72627514,5374.7262751402095
3395,1132.1883634213689,1132.18836342,1132.1883634213689
3396,587.4609890058061,587.460989006,587.4609890058061
3397,1103.157451851482,1103.15745185,1103.157451851482
3398,3910.229177150163,3910.22917715,3910.229177150163
3399,889.6133970344183,889.613397034,889.6133970344183
3400,3766.1155958451527,3766.11559585,3766.1155958451527
3401,164.3202744182429,164.320274418,164.3202744182429
3402,1880.1100624420237,1880.11006244,1880.1100624420237
3403,2246.13467341443,2246.13467341,2246.13467341443
3404,2256.8823131611207,2256.88231316,2256.8823131611207
3405,151.27045407801148,151.270454078,151.27045407801148
3406,5390.195322943695,5390.19532294,5390.195322943695
3407,712.0888693754074,712.088869375,712.0888693754074
3408,3430.675081044113,3430.67508104,3430.675081044113
3409,111.07684695517858,111.076846955,111.07684695517858
3410,1067.4660857295116,1067.46608573,1067.4660857295116
3411,1017.8227641571441,1017.82276416,1017.8227641571441
3412,836.1743725097386,836.17437251,836.1743725097386
3413,3039.7138013333083,3039.71380133,3039.7138013333083
3414,7678.7905097855855,7678.79050979,7678.7905097855855
3415,2323.1602011192217,2323.16020112,2323.1602011192217
3416,1155.9403955443006,1155.94039554,1155.9403955443006
3417,339.03094960432077,339.030949604,339.03094960432077
3418,1748.2969839913144,1748.29698399,1748.2969839913144
3419,3500.444084330803,3500.44408433,3500.444084330803
3420,698.980059154728,698.980059155,698.980059154728
3421,1188.1430528264796,1188.14305283,1188.1430528264796
3422,1321.4366887179112,1321.43668872,1321.4366887179112
3423,3111.7337394546475,3111.73373945,3111.7337394546475
3424,152.36112605508342,152.361126055,152.36112605508342
3425,2100.3642822443817,2100.36428224,2100.3642822443817
3426,820.7762651692058,820.776265169,820.7762651692058
3427,578.3836364602435,578.38363646,578.3836364602435
3428,1744.9874034928043,1744.98740349,1744.9874034928043
3429,1363.1902876919942,1363.19028769,1363.1902876919942
3430,970.2363504831202,970.236350483,970.2363504831202
3431,1726.908836988698,1726.90883699,1726.908836988698
3432,2036.0776938759182,2036.07769388,2036.0776938759182
3433,1057.8051377278114,1057.80513773,1057.8051377278114
3434,697.2506627312773,697.250662731,697.2506627312773
3435,1125.4198310283614,1125.41983103,1125.4198310283614
3436,1236.2443990755546,1236.24439908,1236.2443990755546
3437,1682.322213280759,1682.32221328,1682.322213280759
3438,1596.1827814608641,1596.18278146,1596.1827814608641
3439,477.94680048225194,477.946800482,477.94680048225194
3440,1961.511147874684,1961.51114787,1961.511147874684
3441,265.22500161472686,265.225001615,265.22500161472686
3442,1681.22301359129,1681.22301359,1681.22301359129
3443,1962.5404835038075,1962.5404835,1962.5404835038075
3444,216.36454112870427,216.364541129,216.36454112870427
3445,3376.623016471959,3376.62301647,3376.623016471959
3446,153.89890305552655,153.898903056,153.89890305552655
3447,3825.003587407029,3825.00358741,3825.003587407029
3448,589.7167098330564,589.716709833,589.7167098330564
3449,501.6360357041921,501.636035704,501.6360357041921
3450,139.66990679947145,139.669906799,139.66990679947145
3451,4943.344561953392,4943.34456195,4943.344561953392
3452,3834.088998859418,3834.08899886,3834.088998859418
3453,2226.7504784998264,2226.7504785,2226.7504784998264
3454,303.64323307694895,303.643233077,303.64323307694895
3455,3222.928317146073,3222.92831715,3222.928317146073
3456,397.1472781502599,397.14727815,397.1472781502599
3457,4639.671995659967,4639.67199566,4639.671995659967
3458,550.5968865684835,550.596886568,550.5968865684835
3459,814.958529091049,814.958529091,814.958529091049
3460,2105.323171197268,2105.3231712,2105.323171197268
3461,5673.702710120425,5673.70271012,5673.702710120425
3462,225.73291776516035,225.732917765,225.73291776516035
3463,577.3557087128045,577.355708713,577.3557087128045
3464,66.47249968618448,66.4724996862,66.47249968618448
3465,1291.4750984441107,1291.47509844,1291.4750984441107
3466,1119.3909584805356,1119.39095848,1119.3909584805356
3467,3243.7263045073432,3243.72630451,3243.7263045073432
3468,497.7386136867245,497.738613687,497.7386136867245
3469,398.5023364459154,398.502336446,398.5023364459154
3470,2092.4566496444168,2092.45664964,2092.4566496444168
3471,3800.917383387941,3800.91738339,3800.917383387941
3472,2539.755200192419,2539.75520019,2539.755200192419
3473,5369.359624273519,5369.35962427,5369.359624273519
3474,807.4611594818412,807.461159482,807.4611594818412
3475,2841.9432605687516,2841.94326057,2841.9432605687516
3476,6380.8988387581985,6380.89883876,6380.8988387581985
3477,314.3350090390794,314.335009039,314.3350090390794
3478,1264.7464984504802,1264.74649845,1264.7464984504802
3479,2789.7433339448003,2789.74333394,2789.7433339448003
3480,2048.532196285521,2048.53219629,2048.532196285521
3481,1597.439614482487,1597.43961448,1597.439614482487
3482,2513.7404220917556,2513.74042209,2513.7404220917556
3483,85.76490295753082,85.7649029575,85.76490295753082
3484,6823.740109302595,6823.7401093,6823.740109302595
3485,1926.3847518669124,1926.38475187,1926.3847518669124
3486,105.81616185319423,105.816161853,105.81616185319423
3487,2182.5462946545845,2182.54629465,2182.5462946545845
3488,381.0483591748122,381.048359175,381.0483591748122
3489,548.5075110183567,548.507511018,548.5075110183567
3490,8867.104353206116,8867.10435321,8867.104353206116
3491,799.9734173715514,799.973417372,799.9734173715514
3492,11081.217048084096,11081.2170481,11081.217048084096
3493,176.93926788172487,176.939267882,176.93926788172487
3494,323.4453721592845,323.445372159,323.4453721592845
3495,2211.740861042414,2211.74086104,2211.740861042414
3496,474.3989071042637,474.398907104,474.3989071042637
3497,1058.0951024257552,1058.09510243,1058.0951024257552
3498,169.44590477308344,169.445904773,169.44590477308344
3499,1566.2538741123333,1566.25387411,1566.2538741123333
3500,374.15069530024243,374.1506953,374.15069530024243
3501,5129.473036398853,5129.4730364,5129.473036398853
3502,977.2771083837177,977.277108384,977.2771083837177
3503,4668.729693007053,4668.72969301,4668.729693007053
3504,5128.096192605385,5128.09619261,5128.096192605385
3505,1866.3131808846413,1866.31318088,1866.3131808846413
3506,2762.159675472786,2762.15967547,2762.159675472786
3507,226.50470277605888,226.504702776,226.50470277605888
3508,514.3378845492509,514.337884549,514.3378845492509
3509,825.5307133106592,825.530713311,825.5307133106592
3510,182.0113289879311,182.011328988,182.0113289879311
3511,225.70710292803352,225.707102928,225.70710292803352
3512,641.8872112873922,641.887211287,641.8872112873922
3513,993.209353932119,993.209353932,993.209353932119
3514,801.6721974691872,801.672197469,801.6721974691872
3515,1501.4488124922448,1501.44881249,1501.4488124922448
3516,1851.6403701471809,1851.64037015,1851.6403701471809
3517,281.428177518164,281.428177518,281.428177518164
3518,6342.327938840831,6342.32793884,6342.327938840831
3519,3954.6824688716606,3954.68246887,3954.6824688716606
3520,2667.500330456662,2667.50033046,2667.500330456662
3521,930.7862703360902,930.786270336,930.7862703360902
3522,1683.760101172296,1683.76010117,1683.760101172296
3523,690.119199869282,690.119199869,690.119199869282
3524,5241.014151686288,5241.01415169,5241.014151686288
3525,2895.2524151458447,2895.25241515,2895.2524151458447
3526,2762.623841643112,2762.62384164,2762.623841643112
3527,1129.3558249568944,1129.35582496,1129.3558249568944
3528,4627.3697012213115,4627.36970122,4627.3697012213115
3529,43.41208255141928,43.4120825514,43.41208255141928
3530,3072.227100369766,3072.22710037,3072.227100369766
3531,868.6791597347541,868.679159735,868.6791597347541
3532,154.95425233304965,154.954252333,154.95425233304965
3533,1119.5486972900198,1119.54869729,1119.5486972900198
3534,1255.537569842078,1255.53756984,1255.537569842078
3535,1310.3030347706851,1310.30303477,1310.3030347706851
3536,933.2349531148554,933.234953115,933.2349531148554
3537,3771.6575600132223,3771.65756001,3771.6575600132223
3538,805.4876800128776,805.487680013,805.4876800128776
3539,9452.988240697976,9452.9882407,9452.988240697976
3540,189.01759909891612,189.017599099,189.01759909891612
3541,1141.9841246338115,1141.98412463,1141.9841246338115
3542,902.4395174924714,902.439517492,902.4395174924714
3543,6353.393064556576,6353.39306456,6353.393064556576
3544,767.326354024209,767.326354024,767.326354024209
3545,2277.07262053901,2277.07262054,2277.07262053901
3546,14470.66689001732,14470.66689,14470.66689001732
3547,1519.2638036361436,1519.26380364,1519.2638036361436
3548,5040.348687029713,5040.34868703,5040.348687029713
3549,1782.5411525948973,1782.54115259,1782.5411525948973
3550,2800.124590881851,2800.12459088,2800.124590881851
3551,684.2328941610753,684.232894161,684.2328941610753
3552,686.9092929650172,686.909292965,686.9092929650172
3553,1460.8033870277277,1460.80338703,1460.8033870277277
3554,1238.692526801023,1238.6925268,1238.692526801023
3555,2862.523282467589,2862.52328247,2862.523282467589
3556,459.7266939257524,459.726693926,459.7266939257524
3557,6145.025752075253,6145.02575208,6145.025752075253
3558,2407.9954760346527,2407.99547603,2407.9954760346527
3559,289.77469104513017,289.774691045,289.77469104513017
3560,1734.2606590324672,1734.26065903,1734.2606590324672
3561,677.0434380187181,677.043438019,677.0434380187181
3562,113.0684259839632,113.068425984,113.0684259839632
3563,1394.5170949197877,1394.51709492,1394.5170949197877
3564,1166.6417699615179,1166.64176996,1166.6417699615179
3565,5547.857770179003,5547.85777018,5547.857770179003
3566,1927.1980352469116,1927.19803525,1927.1980352469116
3567,1107.7574472943156,1107.75744729,1107.7574472943156
3568,810.9494490850689,810.949449085,810.9494490850689
3569,588.7256835368717,588.725683537,588.7256835368717
3570,1284.0521679853186,1284.05216799,1284.0521679853186
3571,1066.1619268337647,1066.16192683,1066.1619268337647
3572,813.6413743632169,813.641374363,813.6413743632169
3573,3213.409874023827,3213.40987402,3213.409874023827
3574,763.4940679658212,763.494067966,763.4940679658212
3575,3324.6728380638315,3324.67283806,3324.6728380638315
3576,4040.4073099065326,4040.40730991,4040.4073099065326
3577,6284.849119332285,6284.84911933,6284.849119332285
3578,92.88535360623317,92.8853536062,92.88535360623317
3579,6371.154052400416,6371.1540524,6371.154052400416
3580,2790.0138461146475,2790.01384611,2790.0138461146475
3581,1513.37500137139,1513.37500137,1513.37500137139
3582,3756.485579077718,3756.48557908,3756.485579077718
3583,241.60089416119652,241.600894161,241.60089416119652
3584,4127.714342126184,4127.71434213,4127.714342126184
3585,3902.627899671805,3902.62789967,3902.627899671805
3586,4307.467009114285,4307.46700911,4307.467009114285
3587,4351.36024191031,4351.36024191,4351.36024191031
3588,1578.3288635735323,1578.32886357,1578.3288635735323
3589,3379.4485964385854,3379.44859644,3379.4485964385854
3590,1061.0053989445212,1061.00539894,1061.0053989445212
3591,396.5522047992457,396.552204799,396.5522047992457
3592,3349.2806293359004,3349.28062934,3349.2806293359004
3593,1736.6193227640354,1736.61932276,1736.6193227640354
3594,1360.5713704912632,1360.57137049,1360.5713704912632
3595,2315.6267800664696,2315.62678007,2315.6267800664696
3596,511.5755807388102,511.575580739,511.5755807388102
3597,2962.027996850206,2962.02799685,2962.027996850206
3598,1281.1282475267096,1281.12824753,1281.1282475267096
3599,451.8600326601717,451.86003266,451.8600326601717
3600,3620.9063958295774,3620.90639583,3620.9063958295774
3601,2299.1907510369315,2299.19075104,2299.1907510369315
3602,1305.0842314349366,1305.08423143,1305.0842314349366
3603,1691.026731384266,1691.02673138,1691.026731384266
3604,424.6154657469157,424.615465747,424.6154657469157
3605,3571.554700458658,3571.55470046,3571.554700458658
3606,501.90901669218727,501.909016692,501.90901669218727
3607,270.6786178603529,270.67861786,270.6786178603529
3608,769.0917522974539,769.091752297,769.0917522974539
3609,1510.7360510221852,1510.73605102,1510.7360510221852
3610,186.33213733124518,186.332137331,186.33213733124518
3611,3367.982768313628,3367.98276831,3367.982768313628
3612,1200.785131534231,1200.78513153,1200.785131534231
3613,2247.4801784191,2247.48017842,2247.4801784191
3614,918.5412717452177,918.541271745,918.5412717452177
3615,1907.8977390176458,1907.89773902,1907.8977390176458
3616,375.50806065142814,375.508060651,375.50806065142814
3617,3787.6549739456673,3787.65497395,3787.6549739456673
3618,6271.666892207844,6271.66689221,6271.666892207844
3619,70.6262120316405,70.6262120316,70.6262120316405
3620,663.1337640546759,663.133764055,663.1337640546759
3621,564.5108111371698,564.510811137,564.5108111371698
3622,150.41599914512278,150.415999145,150.41599914512278
3623,5394.377182394891,5394.37718239,5394.377182394891
3624,2619.0611197560875,2619.06111976,2619.0611197560875
3625,2820.123539632906,2820.12353963,2820.123539632906
3626,303.08745138964,303.08745139,303.08745138964
3627,361.130134052197,361.130134052,361.130134052197
3628,404.4675263864276,404.467526386,404.4675263864276
3629,472.336080255224,472.336080255,472.336080255224
3630,4900.400795664984,4900.40079566,4900.400795664984
3631,2899.0952541307875,2899.09525413,2899.0952541307875
3632,2142.5553212189648,2142.55532122,2142.5553212189648
3633,3957.4157142799054,3957.41571428,3957.4157142799054
3634,433.52283758987545,433.52283759,433.52283758987545
3635,536.3590610652127,536.359061065,536.3590610652127
3636,5313.073368575476,5313.07336858,5313.073368575476
3637,6909.312125379453,6909.31212538,6909.312125379453
3638,3246.8186995720453,3246.81869957,3246.8186995720453
3639,415.7673917548371,415.767391755,415.7673917548371
3640,1702.6854383129346,1702.68543831,1702.6854383129346
3641,375.86843579145904,375.868435791,375.86843579145904
3642,4431.162460421392,4431.16246042,4431.162460421392
3643,1363.752762326928,1363.75276233,1363.752762326928
3644,734.4092323098959,734.40923231,734.4092323098959
3645,4767.893448203407,4767.8934482,4767.893448203407
3646,1914.4492146535401,1914.44921465,1914.4492146535401
3647,4658.347384457996,4658.34738446,4658.347384457996
3648,3807.256621453382,3807.25662145,3807.256621453382
3649,1854.1897226997887,1854.1897227,1854.1897226997887
3650,2831.9115740172347,2831.91157402,2831.9115740172347
3651,329.1078444104807,329.10784441,329.1078444104807
3652,1164.7251172242356,1164.72511722,1164.7251172242356
3653,953.5118295472911,953.511829547,953.5118295472911
3654,2890.334816707426,2890.33481671,2890.334816707426
3655,969.2272475951627,969.227247595,969.2272475951627
3656,930.3442056930938,930.344205693,930.3442056930938
3657,130.22129897882792,130.221298979,130.22129897882792
3658,1170.0134112785581,1170.01341128,1170.0134112785581
3659,4164.859860705928,4164.85986071,4164.859860705928
3660,2190.0632122316983,2190.06321223,2190.0632122316983
3661,874.3121803412388,874.312180341,874.3121803412388
3662,1078.1874088431937,1078.18740884,1078.1874088431937
3663,471.138052285832,471.138052286,471.138052285832
3664,2050.4304373538657,2050.43043735,2050.4304373538657
3665,1918.804157320327,1918.80415732,1918.804157320327
3666,710.2322326092735,710.232232609,710.2322326092735
3667,1000.5743447560767,1000.57434476,1000.5743447560767
3668,213.83317572830163,213.833175728,213.83317572830163
3669,2034.9267841298445,2034.92678413,2034.9267841298445
3670,1917.06414640544,1917.06414641,1917.06414640544
3671,1738.1516356063541,1738.15163561,1738.1516356063541
3672,561.4668915813215,561.466891581,561.4668915813215
3673,13449.026035736153,13449.0260357,13449.026035736153
3674,3538.0458794856477,3538.04587949,3538.0458794856477
3675,114.61018750146263,114.610187501,114.61018750146263
3676,2508.484808894348,2508.48480889,2508.484808894348
3677,3083.372873054314,3083.37287305,3083.372873054314
3678,187.97819500847464,187.978195008,187.97819500847464
3679,1356.230355976556,1356.23035598,1356.230355976556
3680,288.2573287801002,288.25732878,288.2573287801002
3681,748.30416041993,748.30416042,748.30416041993
3682,396.5539978852833,396.553997885,396.5539978852833
3683,911.4159085626732,911.415908563,911.4159085626732
3684,876.4672298656972,876.467229866,876.4672298656972
3685,2508.983499118819,2508.98349912,2508.983499118819
3686,5509.698675201311,5509.6986752,5509.698675201311
3687,378.30020780275674,378.300207803,378.30020780275674
3688,564.3549159430213,564.354915943,564.3549159430213
3689,4790.635937216348,4790.63593722,4790.635937216348
3690,800.3157536115959,800.315753612,800.3157536115959
3691,1787.4264802368828,1787.42648024,1787.4264802368828
3692,2400.8544854782067,2400.85448548,2400.8544854782067
3693,144.08389819910013,144.083898199,144.08389819910013
3694,1873.749724538251,1873.74972454,1873.749724538251
3695,1606.8530177699713,1606.85301777,1606.8530177699713
3696,820.4987428387761,820.498742839,820.4987428387761
3697,519.174171869267,519.174171869,519.174171869267
3698,878.4621265731936,878.462126573,878.4621265731936
3699,1929.3554773434246,1929.35547734,1929.3554773434246
3700,12253.726237443581,12253.7262374,12253.726237443581
3701,1359.7890906444236,1359.78909064,1359.7890906444236
3702,5407.325486313779,5407.32548631,5407.325486313779
3703,736.5742095735244,736.574209574,736.5742095735244
3704,2733.782747934435,2733.78274793,2733.782747934435
3705,2436.9633940182607,2436.96339402,2436.9633940182607
3706,3086.879445975782,3086.87944598,3086.879445975782
3707,2621.257047937805,2621.25704794,2621.257047937805
3708,1005.3725033449068,1005.37250334,1005.3725033449068
3709,4669.266259317681,4669.26625932,4669.266259317681
3710,182.88438102630474,182.884381026,182.88438102630474
3711,257.9756527759041,257.975652776,257.9756527759041
3712,3779.5331585825493,3779.53315858,3779.5331585825493
3713,267.8389725858879,267.838972586,267.8389725858879
3714,626.5149627577126,626.514962758,626.5149627577126
3715,2478.684533390277,2478.68453339,2478.684533390277
3716,1565.0150507641065,1565.01505076,1565.0150507641065
3717,1018.1405719372682,1018.14057194,1018.1405719372682
3718,986.2271970300792,986.22719703,986.2271970300792
3719,6216.76066088269,6216.76066088,6216.76066088269
3720,1537.58303727904,1537.58303728,1537.58303727904
3721,1211.9527410324204,1211.95274103,1211.9527410324204
3722,511.22857004744486,511.228570047,511.22857004744486
3723,3104.8398274093556,3104.83982741,3104.8398274093556
3724,1769.021813060525,1769.02181306,1769.021813060525
3725,3907.4111517947335,3907.41115179,3907.4111517947335
3726,244.88220296231867,244.882202962,244.88220296231867
3727,131.2780750363243,131.278075036,131.2780750363243
3728,829.4437509311791,829.443750931,829.4437509311791
3729,5961.164608036098,5961.16460804,5961.164608036098
3730,787.8062919347624,787.806291935,787.8062919347624
3731,1193.3766167524004,1193.37661675,1193.3766167524004
3732,2700.2583584175945,2700.25835842,2700.2583584175945
3733,538.9049374843713,538.904937484,538.9049374843713
3734,1932.8533524701197,1932.85335247,1932.8533524701197
3735,2912.68729940729,2912.68729941,2912.68729940729
3736,1398.1448929788735,1398.14489298,1398.1448929788735
3737,1538.3769427013556,1538.3769427,1538.3769427013556
3738,1550.3856136948393,1550.38561369,1550.3856136948393
3739,508.42824614197366,508.428246142,508.42824614197366
3740,2602.351805585687,2602.35180559,2602.351805585687
3741,2875.13751714177,2875.13751714,2875.13751714177
3742,4239.966588627518,4239.96658863,4239.966588627518
3743,923.8575415285867,923.857541529,923.8575415285867
3744,1386.5542513260177,1386.55425133,1386.5542513260177
3745,1217.031272186537,1217.03127219,1217.031272186537
3746,6433.4697203726655,6433.46972037,6433.4697203726655
3747,2832.742302214359,2832.74230221,2832.742302214359
3748,1386.0413518954888,1386.0413519,1386.0413518954888
3749,641.2421650466295,641.242165047,641.2421650466295
3750,1184.1382034842284,1184.13820348,1184.1382034842284
3751,982.3469945312899,982.346994531,982.3469945312899
3752,4500.282568979435,4500.28256898,4500.282568979435
3753,313.8417779353557,313.841777935,313.8417779353557
3754,1836.9799254945144,1836.97992549,1836.9799254945144
3755,1962.5954655021353,1962.5954655,1962.5954655021353
3756,1022.7680497586109,1022.76804976,1022.7680497586109
3757,608.4828597849635,608.482859785,608.4828597849635
3758,815.6902321307268,815.690232131,815.6902321307268
3759,755.1654362346248,755.165436235,755.1654362346248
3760,1102.8157234934388,1102.81572349,1102.8157234934388
3761,2340.4101634193726,2340.41016342,2340.4101634193726
3762,3341.4551792072994,3341.45517921,3341.4551792072994
3763,1311.308817846861,1311.30881785,1311.308817846861
3764,528.8088462026059,528.808846203,528.8088462026059
3765,458.0057027383896,458.005702738,458.0057027383896
3766,2362.2850412298735,2362.28504123,2362.2850412298735
3767,1802.0411529073567,1802.04115291,1802.0411529073567
3768,2179.9002527446182,2179.90025274,2179.9002527446182
3769,3071.3159408111987,3071.31594081,3071.3159408111987
3770,1374.6328123049943,1374.6328123,1374.6328123049943
3771,890.7819017017273,890.781901702,890.7819017017273
3772,4915.840704961541,4915.84070496,4915.840704961541
3773,1026.9279876161795,1026.92798762,1026.9279876161795
3774,3068.939411225689,3068.93941123,3068.939411225689
3775,3588.8752343988454,3588.8752344,3588.8752343988454
3776,1476.667711440283,1476.66771144,1476.667711440283
3777,2305.598334935586,2305.59833494,2305.598334935586
3778,4138.871645464935,4138.87164546,4138.871645464935
3779,1787.6162123757565,1787.61621238,1787.6162123757565
3780,2149.0647088984233,2149.0647089,2149.0647088984233
3781,559.7254234377776,559.725423438,559.7254234377776
3782,183.59928425140376,183.599284251,183.59928425140376
3783,6696.609780219345,6696.60978022,6696.609780219345
3784,192.66430262530747,192.664302625,192.66430262530747
3785,3347.3561287329785,3347.35612873,3347.3561287329785
3786,2569.571188737916,2569.57118874,2569.571188737916
3787,911.6369829984935,911.636982998,911.6369829984935
3788,976.8289175719063,976.828917572,976.8289175719063
3789,3406.0432881303386,3406.04328813,3406.0432881303386
3790,1172.1658573804234,1172.16585738,1172.1658573804234
3791,807.8631252646624,807.863125265,807.8631252646624
3792,1005.2972376395219,1005.29723764,1005.2972376395219
3793,4086.420981597832,4086.4209816,4086.420981597832
3794,705.9449303131113,705.944930313,705.9449303131113
3795,521.4478418486519,521.447841849,521.4478418486519
3796,1153.5552071267143,1153.55520713,1153.5552071267143
3797,1522.3443983402578,1522.34439834,1522.3443983402578
3798,872.1960211894724,872.196021189,872.1960211894724
3799,3225.9392928460065,3225.93929285,3225.9392928460065
3800,707.6973135526207,707.697313553,707.6973135526207
3801,1454.3719919666119,1454.37199197,1454.3719919666119
3802,3302.113443193287,3302.11344319,3302.113443193287
3803,1398.118141492288,1398.11814149,1398.118141492288
3804,916.6851817947639,916.685181795,916.6851817947639
3805,4920.836905406252,4920.83690541,4920.836905406252
3806,1885.9704437806975,1885.97044378,1885.9704437806975
3807,975.9488910215018,975.948891022,975.9488910215018
3808,716.2051575288145,716.205157529,716.2051575288145
3809,2104.4721539702855,2104.47215397,2104.4721539702855
3810,471.4530832330248,471.453083233,471.4530832330248
3811,3204.2172020463663,3204.21720205,3204.2172020463663
3812,2637.118981148334,2637.11898115,2637.118981148334
3813,4359.780877492079,4359.78087749,4359.780877492079
3814,9599.338957429136,9599.33895743,9599.338957429136
3815,1043.7448052589732,1043.74480526,1043.7448052589732
3816,324.22367123633984,324.223671236,324.22367123633984
3817,3006.5603031536316,3006.56030315,3006.5603031536316
3818,3087.5646595448743,3087.56465954,3087.5646595448743
3819,3430.1841363809513,3430.18413638,3430.1841363809513
3820,4691.233678502126,4691.2336785,4691.233678502126
3821,746.4597734145907,746.459773415,746.4597734145907
3822,710.5367603117651,710.536760312,710.5367603117651
3823,1635.5316778221845,1635.53167782,1635.5316778221845
3824,4297.079760309977,4297.07976031,4297.079760309977
3825,554.2777523029191,554.277752303,554.2777523029191
3826,1102.5466264988338,1102.5466265,1102.5466264988338
3827,1725.1849593683,1725.18495937,1725.1849593683
3828,7091.558102291645,7091.55810229,7091.558102291645
3829,1139.6702941903857,1139.67029419,1139.6702941903857
3830,1724.319436071247,1724.31943607,1724.319436071247
3831,3695.67989801164,3695.67989801,3695.67989801164
3832,1870.7638102381304,1870.76381024,1870.7638102381304
3833,294.8521051404067,294.85210514,294.8521051404067
3834,238.11946143288253,238.119461433,238.11946143288253
3835,1182.0752633446339,1182.07526334,1182.0752633446339
3836,437.8078307064671,437.807830706,437.8078307064671
3837,3367.6813231973892,3367.6813232,3367.6813231973892
3838,9804.108517283932,9804.10851728,9804.108517283932
3839,1733.4791522821822,1733.47915228,1733.4791522821822
3840,6974.231062024959,6974.23106202,6974.231062024959
3841,2047.171161825323,2047.17116183,2047.171161825323
3842,6788.066173505147,6788.06617351,6788.066173505147
3843,1234.5853480246408,1234.58534802,1234.5853480246408
3844,1385.913013085465,1385.91301309,1385.913013085465
3845,3280.234040984711,3280.23404098,3280.234040984711
3846,600.4897895184854,600.489789518,600.4897895184854
3847,1393.0731331989027,1393.0731332,1393.0731331989027
3848,2745.1390670530054,2745.13906705,2745.1390670530054
3849,577.2932311355177,577.293231136,577.2932311355177
3851,1111.681194831094,1111.68119483,1111.681194831094
3852,4795.011716555426,4795.01171656,4795.011716555426
3853,193.32132534832135,193.321325348,193.32132534832135
3854,2682.4840476297013,2682.48404763,2682.4840476297013
3855,97.17946342596439,97.179463426,97.17946342596439
3856,1401.6637459304434,1401.66374593,1401.6637459304434
3857,825.8242238126701,825.824223813,825.8242238126701
3858,772.6036415846434,772.603641585,772.6036415846434
3859,2211.1526173534544,2211.15261735,2211.1526173534544
3860,1789.9577468474795,1789.95774685,1789.9577468474795
3861,949.1034584347481,949.103458435,949.1034584347481
3862,4503.468699318058,4503.46869932,4503.468699318058
3863,546.7995083871332,546.799508387,546.7995083871332
3864,1695.5477847887757,1695.54778479,1695.5477847887757
3865,420.5252082847736,420.525208285,420.5252082847736
3866,1348.5585314267687,1348.55853143,1348.5585314267687
3867,3414.659156059319,3414.65915606,3414.659156059319
3868,501.1321164553574,501.132116455,501.1321164553574
3869,8001.703321314287,8001.70332131,8001.703321314287
3870,5882.528406295792,5882.5284063,5882.528406295792
3871,2069.803321109819,2069.80332111,2069.803321109819
3872,3757.991867588192,3757.99186759,3757.991867588192
3873,939.4591884585776,939.459188459,939.4591884585776
3874,1599.9179619181357,1599.91796192,1599.9179619181357
3875,1788.742304802366,1788.7423048,1788.742304802366
3876,3157.8991172250267,3157.89911723,3157.8991172250267
3877,1351.26638134006,1351.26638134,1351.26638134006
3878,183.60910813657176,183.609108137,183.60910813657176
3879,2799.928735882609,2799.92873588,2799.928735882609
3880,4555.040943980556,4555.04094398,4555.040943980556
3881,2566.770359656258,2566.77035966,2566.770359656258
3882,1659.3845074235144,1659.38450742,1659.3845074235144
3883,1254.888736352034,1254.88873635,1254.888736352034
3884,55.45812144414711,55.4581214441,55.45812144414711
3885,2313.6782228590155,2313.67822286,2313.6782228590155
3886,3876.5530599869053,3876.55305999,3876.5530599869053
3887,1820.8835363871324,1820.88353639,1820.8835363871324
3888,1040.3426216981345,1040.3426217,1040.3426216981345
3889,201.30225303434426,201.302253034,201.30225303434426
3890,749.013077363244,749.013077363,749.013077363244
3891,3339.0608233619655,3339.06082336,3339.0608233619655
3892,2310.957300950419,2310.95730095,2310.957300950419
3893,2487.9425845624437,2487.94258456,2487.9425845624437
3894,387.97604167307145,387.976041673,387.97604167307145
3895,1301.6500190001102,1301.650019,1301.6500190001102
3896,557.5244189743898,557.524418974,557.5244189743898
3897,9723.818415311474,9723.81841531,9723.818415311474
3898,4214.193679943123,4214.19367994,4214.193679943123
3899,130.5844844644921,130.584484464,130.5844844644921
3900,7098.695540417427,7098.69554042,7098.695540417427
3901,569.8658857092698,569.865885709,569.8658857092698
3902,1946.4235729103698,1946.42357291,1946.4235729103698
3903,106.11354626228149,106.113546262,106.11354626228149
3904,1328.1571887404327,1328.15718874,1328.1571887404327
3905,223.4268053402091,223.42680534,223.4268053402091
3906,4521.399000891567,4521.39900089,4521.399000891567
3907,2077.345388740784,2077.34538874,2077.345388740784
3908,1590.5310644123133,1590.53106441,1590.5310644123133
3909,2043.115678014936,2043.11567801,2043.115678014936
3910,4033.62662359964,4033.6266236,4033.62662359964
3911,383.2493947164054,383.249394716,383.2493947164054
3912,249.22418852914302,249.224188529,249.22418852914302
3913,215.8558112729868,215.855811273,215.8558112729868
3914,537.1290796659289,537.129079666,537.1290796659289
3915,1818.746325038845,1818.74632504,1818.746325038845
3916,1169.754287782978,1169.75428778,1169.754287782978
3917,1396.884088660476,1396.88408866,1396.884088660476
3918,1431.3989220996666,1431.3989221,1431.3989220996666
3919,3942.017971773835,3942.01797177,3942.017971773835
3920,2253.9443214735406,2253.94432147,2253.9443214735406
3921,1950.886314545603,1950.88631455,1950.886314545603
3922,269.79879042006604,269.79879042,269.79879042006604
3923,5086.9873156959575,5086.9873157,5086.9873156959575
3924,2707.6361174731865,2707.63611747,2707.6361174731865
3925,826.0083544636743,826.008354464,826.0083544636743
3926,1499.2781288462418,1499.27812885,1499.2781288462418
3927,430.6727328534071,430.672732853,430.6727328534071
3928,734.3899163430178,734.389916343,734.3899163430178
3929,1008.0174356872918,1008.01743569,1008.0174356872918
3930,1926.6253408460705,1926.62534085,1926.6253408460705
3931,408.05840802169325,408.058408022,408.05840802169325
3932,3690.212459511937,3690.21245951,3690.212459511937
3933,970.0490504823606,970.049050482,970.0490504823606
3934,850.5091063579129,850.509106358,850.5091063579129
3935,731.4287717984594,731.428771798,731.4287717984594
3936,948.4194655191175,948.419465519,948.4194655191175
3937,2374.2969695429524,2374.29696954,2374.2969695429524
3938,2332.6927906838623,2332.69279068,2332.6927906838623
3939,1557.3022033252591,1557.30220333,1557.3022033252591
3940,2218.6179263073477,2218.61792631,2218.6179263073477
3941,1051.6326283535072,1051.63262835,1051.6326283535072
3942,81.83131573870776,81.8313157387,81.83131573870776
3943,363.30054794291067,363.300547943,363.30054794291067
3944,671.530245233406,671.530245233,671.530245233406
3945,1790.7214083919778,1790.72140839,1790.7214083919778
3946,1001.4209242525266,1001.42092425,1001.4209242525266
3947,1992.265223907519,1992.26522391,1992.265223907519
3948,581.496020185964,581.496020186,581.496020185964
3949,813.7355575032204,813.735557503,813.7355575032204
3950,2551.576747187873,2551.57674719,2551.576747187873
3951,1482.2952011337893,1482.29520113,1482.2952011337893
3952,148.5499928528964,148.549992853,148.5499928528964
3953,742.7826881314552,742.782688131,742.7826881314552
3954,567.2247637511479,567.224763751,567.2247637511479
3955,2282.0489361693762,2282.04893617,2282.0489361693762
3956,641.1559135631192,641.155913563,641.1559135631192
3957,5163.28402673199,5163.28402673,5163.28402673199
3958,527.1957178364952,527.195717836,527.1957178364952
3959,367.97477789817316,367.974777898,367.97477789817316
3960,5550.37948592979,5550.37948593,5550.37948592979
3961,2048.5784280902208,2048.57842809,2048.5784280902208
3962,853.3293375617563,853.329337562,853.3293375617563
3963,490.13435947256636,490.134359473,490.13435947256636
3964,531.2084992791711,531.208499279,531.2084992791711
3965,2426.338631582695,2426.33863158,2426.338631582695
3966,2861.7079504167855,2861.70795042,2861.7079504167855
3967,1682.7426120926386,1682.74261209,1682.7426120926386
3968,5855.079981075979,5855.07998108,5855.079981075979
3969,4043.747432162071,4043.74743216,4043.747432162071
3970,2194.7984323980863,2194.7984324,2194.7984323980863
3971,932.3460746282896,932.346074628,932.3460746282896
3972,3746.0879866598657,3746.08798666,3746.0879866598657
3973,2463.9383201936585,2463.93832019,2463.9383201936585
3974,2022.7367376283348,2022.73673763,2022.7367376283348
3975,379.1491479954694,379.149147995,379.1491479954694
3976,58.19166133589619,58.1916613359,58.19166133589619
3977,799.0978730685389,799.097873069,799.0978730685389
3978,424.7701951907031,424.770195191,424.7701951907031
3979,393.4011968567603,393.401196857,393.4011968567603
3981,4133.540003234046,4133.54000323,4133.540003234046
3982,2248.646671254695,2248.64667125,2248.646671254695
3983,148.1372704076187,148.137270408,148.1372704076187
3984,4802.523536960264,4802.52353696,4802.523536960264
3985,1936.2756015809307,1936.27560158,1936.2756015809307
3986,546.1641792633704,546.164179263,546.1641792633704
3987,1617.9934848561134,1617.99348486,1617.9934848561134
3988,744.2996862492776,744.299686249,744.2996862492776
3989,4022.880603399418,4022.8806034,4022.880603399418
3990,4618.0112095263885,4618.01120953,4618.0112095263885
3991,1021.4125163509059,1021.41251635,1021.4125163509059
3992,5968.14468237863,5968.14468238,5968.14468237863
3993,898.9836191064151,898.983619106,898.9836191064151
3994,3100.1770335004885,3100.1770335,3100.1770335004885
3995,1924.891693095662,1924.8916931,1924.891693095662
3996,367.1020484443114,367.102048444,367.1020484443114
3997,1081.2148489169442,1081.21484892,1081.2148489169442
3998,401.76484850920576,401.764848509,401.76484850920576
3999,1118.6656039673035,1118.66560397,1118.6656039673035
4000,723.2146806094618,723.214680609,723.2146806094618
4001,400.2015723899712,400.20157239,400.2015723899712
4002,4569.9717435628545,4569.97174356,4569.9717435628545
4003,9456.495401678714,9456.49540168,9456.495401678714
4004,1692.9596124453067,1692.95961245,1692.9596124453067
4005,1352.6214540619078,1352.62145406,1352.6214540619078
4006,371.0415832650737,371.041583265,371.0415832650737
4007,882.3545727837219,882.354572784,882.3545727837219
4008,369.4459869297441,369.44598693,369.4459869297441
4009,424.07742626892525,424.077426269,424.07742626892525
4010,211.4528660853144,211.452866085,211.4528660853144
4011,250.9954468350223,250.995446835,250.9954468350223
4012,3371.3300727914284,3371.33007279,3371.3300727914284
4013,5474.263944770144,5474.26394477,5474.263944770144
4014,1808.6441415623383,1808.64414156,1808.6441415623383
4015,155.45213438867785,155.452134389,155.45213438867785
4016,734.4804187662361,734.480418766,734.4804187662361
4017,9147.328835536431,9147.32883554,9147.328835536431
4018,231.82199586206954,231.821995862,231.82199586206954
4019,539.782663649471,539.782663649,539.782663649471
4020,4306.996248941631,4306.99624894,4306.996248941631
4021,1954.1766855979927,1954.1766856,1954.1766855979927
4022,2803.2798343512804,2803.27983435,2803.2798343512804
4023,3578.7634175757894,3578.76341758,3578.7634175757894
4024,2207.514684593429,2207.51468459,2207.514684593429
4025,276.762566527463,276.762566527,276.762566527463
4026,4559.340706095142,4559.3407061,4559.340706095142
4027,5269.572834749702,5269.57283475,5269.572834749702
4028,917.746568327544,917.746568328,917.746568327544
4029,2430.6054583176115,2430.60545832,2430.6054583176115
4030,1796.964111051097,1796.96411105,1796.964111051097
4031,2147.450101327404,2147.45010133,2147.450101327404
4032,319.50753219518367,319.507532195,319.50753219518367
4033,409.7383271839468,409.738327184,409.7383271839468
4034,648.1447225551457,648.144722555,648.1447225551457
4035,397.8515525046442,397.851552505,397.8515525046442
4036,2987.115027651293,2987.11502765,2987.115027651293
4037,355.604253497631,355.604253498,355.604253497631
4038,6308.838455831017,6308.83845583,6308.838455831017
4039,1421.2801922725114,1421.28019227,1421.2801922725114
4040,4285.35270704656,4285.35270705,4285.35270704656
4041,2511.6634709439786,2511.66347094,2511.6634709439786
4042,10332.437740502288,10332.4377405,10332.437740502288
4043,1277.1208692003615,1277.1208692,1277.1208692003615
4044,2404.3871098025406,2404.3871098,2404.3871098025406
4045,8848.306116647602,8848.30611665,8848.306116647602
4046,1849.2715771867688,1849.27157719,1849.2715771867688
4047,59.65915342651729,59.6591534265,59.65915342651729
4048,599.308675597711,599.308675598,599.308675597711
4049,334.0621321968155,334.062132197,334.0621321968155
4050,226.658812073564,226.658812074,226.658812073564
4051,32.374584882594306,32.3745848826,32.374584882594306
4052,2426.1649856197046,2426.16498562,2426.1649856197046
4053,1539.5798712327621,1539.57987123,1539.5798712327621
4054,396.91181358349894,396.911813583,396.91181358349894
4055,1505.1717364593844,1505.17173646,1505.1717364593844
4056,2266.7721042134935,2266.77210421,2266.7721042134935
4057,3292.2165667449244,3292.21656674,3292.2165667449244
4058,2508.420299977832,2508.42029998,2508.420299977832
4059,2391.712894924704,2391.71289492,2391.712894924704
4060,6707.671761685506,6707.67176169,6707.671761685506
4061,300.3984455508538,300.398445551,300.3984455508538
4062,1946.6690885995838,1946.6690886,1946.6690885995838
4063,1857.5842432104896,1857.58424321,1857.5842432104896
4064,353.11469550980553,353.11469551,353.11469550980553
4065,477.8578092056471,477.857809206,477.8578092056471
4066,959.9048932427918,959.904893243,959.9048932427918
4067,357.47941053354396,357.479410534,357.47941053354396
4068,1232.7097911409837,1232.70979114,1232.7097911409837
4069,2667.768807092032,2667.76880709,2667.768807092032
4070,849.7106690875402,849.710669088,849.7106690875402
4071,1482.7144915453828,1482.71449155,1482.7144915453828
4072,253.095697533637,253.095697534,253.095697533637
4073,4575.4792109521695,4575.47921095,4575.4792109521695
4074,1244.3289161319994,1244.32891613,1244.3289161319994
4075,63.83016347506549,63.8301634751,63.83016347506549
4076,3452.3150146652656,3452.31501467,3452.3150146652656
4077,333.21266911334345,333.212669113,333.21266911334345
4078,380.1264267122826,380.126426712,380.1264267122826
4079,1245.4811944425655,1245.48119444,1245.4811944425655
4080,2572.8270294124472,2572.82702941,2572.8270294124472
4081,938.9004083236377,938.900408324,938.9004083236377
4082,295.47859396588467,295.478593966,295.47859396588467
4083,329.98901115766034,329.989011158,329.98901115766034
4084,2079.519546586073,2079.51954659,2079.519546586073
4085,1143.0388182201373,1143.03881822,1143.0388182201373
4086,570.350179482941,570.350179483,570.350179482941
4087,2828.9668283248884,2828.96682832,2828.9668283248884
4088,183.01801546906597,183.018015469,183.01801546906597
4089,51.23443454608077,51.2344345461,51.23443454608077
4090,497.66260873907095,497.662608739,497.66260873907095
4091,66.44659378631454,66.4465937863,66.44659378631454
4092,616.2584425078963,616.258442508,616.2584425078963
4093,1043.3878148205656,1043.38781482,1043.3878148205656
4094,751.8965405793784,751.896540579,751.8965405793784
4095,2188.8005780431486,2188.80057804,2188.8005780431486
4096,480.4995677516291,480.499567752,480.4995677516291
4097,796.9206367045447,796.920636705,796.9206367045447
4098,3101.8673969124566,3101.86739691,3101.8673969124566
4099,215.9831313700971,215.98313137,215.9831313700971
4100,970.6796833588187,970.679683359,970.6796833588187
4101,422.62181944866074,422.621819449,422.62181944866074
4102,573.3352085744917,573.335208574,573.3352085744917
4103,1807.3439914600128,1807.34399146,1807.3439914600128
4104,4951.409147055861,4951.40914706,4951.409147055861
4105,4400.654495472271,4400.65449547,4400.654495472271
4106,1992.458454355044,1992.45845436,1992.458454355044
4107,2036.8507967480662,2036.85079675,2036.8507967480662
4108,1071.193304391903,1071.19330439,1071.193304391903
4109,858.9212878768524,858.921287877,858.9212878768524
4110,398.39614964040277,398.39614964,398.39614964040277
4111,193.76377889661808,193.763778897,193.76377889661808
4112,3259.6130820119592,3259.61308201,3259.6130820119592
4113,928.4810884474855,928.481088447,928.4810884474855
4114,8038.9573475940115,8038.95734759,8038.9573475940115
4115,970.4960516106248,970.496051611,970.4960516106248
4116,982.2541564531102,982.254156453,982.2541564531102
4117,2081.0450736328753,2081.04507363,2081.0450736328753
4118,179.16317274564244,179.163172746,179.16317274564244
4119,1314.7531306837022,1314.75313068,1314.7531306837022
4120,7609.274555897965,7609.2745559,7609.274555897965
4121,1719.0572996576348,1719.05729966,1719.0572996576348
4122,1071.3112968744279,1071.31129687,1071.3112968744279
4123,4103.936778579838,4103.93677858,4103.936778579838
4124,889.188666025142,889.188666025,889.188666025142
4125,286.11811046137916,286.118110461,286.11811046137916
4126,2861.2153257773816,2861.21532578,2861.2153257773816
4127,6718.6560720212065,6718.65607202,6718.6560720212065
4128,2188.0153274831564,2188.01532748,2188.0153274831564
4129,1351.1088146110444,1351.10881461,1351.1088146110444
4130,7270.628302056918,7270.62830206,7270.628302056918
4131,1195.1920762080608,1195.19207621,1195.1920762080608
4132,1590.2850981492506,1590.28509815,1590.2850981492506
4133,1792.9444730705661,1792.94447307,1792.9444730705661
4134,7882.538773261052,7882.53877326,7882.538773261052
4135,1317.7180358846335,1317.71803588,1317.7180358846335
4136,2019.5093942023998,2019.5093942,2019.5093942023998
4137,1100.5723951957211,1100.5723952,1100.5723951957211
4138,2626.011473209439,2626.01147321,2626.011473209439
4139,2098.0516245080967,2098.05162451,2098.0516245080967
4140,2955.6557319260673,2955.65573193,2955.6557319260673
4141,306.03822387492534,306.038223875,306.03822387492534
4142,108.6760425240678,108.676042524,108.6760425240678
4143,589.8360998661003,589.836099866,589.8360998661003
4144,333.6684447221002,333.668444722,333.6684447221002
4145,622.5497504194268,622.549750419,622.5497504194268
4146,3131.1333001937946,3131.13330019,3131.1333001937946
4147,50.79937599481294,50.7993759948,50.79937599481294
4148,379.5011051386019,379.501105139,379.5011051386019
4149,399.57213709094503,399.572137091,399.57213709094503
4150,490.1999237314143,490.199923731,490.1999237314143
4151,327.7181544669949,327.718154467,327.7181544669949
4152,4210.985055186233,4210.98505519,4210.985055186233
4153,334.8691716824853,334.869171682,334.8691716824853
4154,165.21208116824624,165.212081168,165.21208116824624
4155,1381.9976168145495,1381.99761681,1381.9976168145495
4156,434.0428369686804,434.042836969,434.0428369686804
4157,1456.907145959467,1456.90714596,1456.907145959467
4158,867.1425445305301,867.142544531,867.1425445305301
4159,5163.746728442891,5163.74672844,5163.746728442891
4160,2128.3484193080308,2128.34841931,2128.3484193080308
4161,1256.0344776071042,1256.03447761,1256.0344776071042
4162,647.184516603731,647.184516604,647.184516603731
4163,517.8767343518404,517.876734352,517.8767343518404
4164,6304.033087190606,6304.03308719,6304.033087190606
4165,88.32278093357827,88.3227809336,88.32278093357827
4166,4688.306602538544,4688.30660254,4688.306602538544
4167,1179.7375622182833,1179.73756222,1179.7375622182833
4168,1760.2965884942353,1760.29658849,1760.2965884942353
4169,1228.2443424021812,1228.2443424,1228.2443424021812
4170,5928.39013670278,5928.3901367,5928.39013670278
4171,2714.1986479130064,2714.19864791,2714.1986479130064
4172,2435.857454914107,2435.85745491,2435.857454914107
4173,121.12644671070001,121.126446711,121.12644671070001
4174,2032.9461093845578,2032.94610938,2032.9461093845578
4175,357.1491788598388,357.14917886,357.1491788598388
4176,4777.910317245214,4777.91031725,4777.910317245214
4177,3075.502009605438,3075.50200961,3075.502009605438
4178,1875.9113701712336,1875.91137017,1875.9113701712336
4179,1904.1759582715722,1904.17595827,1904.1759582715722
4180,6262.910502550417,6262.91050255,6262.910502550417
4181,1962.0601407187905,1962.06014072,1962.0601407187905
4182,2132.1974068010677,2132.1974068,2132.1974068010677
4183,620.1677180922759,620.167718092,620.1677180922759
4184,2185.9188885486055,2185.91888855,2185.9188885486055
4185,2483.6343485113466,2483.63434851,2483.6343485113466
4186,311.52666093614135,311.526660936,311.52666093614135
4187,6217.4115718419225,6217.41157184,6217.4115718419225
4188,1024.3198145056726,1024.31981451,1024.3198145056726
4189,1113.776163086026,1113.77616309,1113.776163086026
4190,2747.448613913631,2747.44861391,2747.448613913631
4191,1542.101782586868,1542.10178259,1542.101782586868
4192,1404.092822017433,1404.09282202,1404.092822017433
4193,4837.956505652177,4837.95650565,4837.956505652177
4194,1377.1364609283703,1377.13646093,1377.1364609283703
4195,1956.8029346455962,1956.80293465,1956.8029346455962
4196,102.35963724285376,102.359637243,102.35963724285376
4197,580.8787766084479,580.878776608,580.8787766084479
4198,1173.7027984653116,1173.70279847,1173.7027984653116
4199,3140.690276505713,3140.69027651,3140.690276505713
4200,897.1687161043536,897.168716104,897.1687161043536
4201,1193.3055320854423,1193.30553209,1193.3055320854423
4202,713.354428645648,713.354428646,713.354428645648
4203,12299.289144629498,12299.2891446,12299.289144629498
4204,341.28591566533777,341.285915665,341.28591566533777
4205,786.4428635067893,786.442863507,786.4428635067893
4206,395.9143421573239,395.914342157,395.9143421573239
4207,954.6179345618267,954.617934562,954.6179345618267
4208,4199.250968484709,4199.25096848,4199.250968484709
4209,869.3342664459988,869.334266446,869.3342664459988
4210,5703.309067712588,5703.30906771,5703.309067712588
4211,2108.0552460525655,2108.05524605,2108.0552460525655
4212,1153.0257978242626,1153.02579782,1153.0257978242626
4213,1497.1826047702145,1497.18260477,1497.1826047702145
4214,219.59547550286166,219.595475503,219.59547550286166
4215,2331.2479100657783,2331.24791007,2331.2479100657783
4216,4744.769789205193,4744.76978921,4744.769789205193
4217,2387.091199521943,2387.09119952,2387.091199521943
4218,528.0809518523157,528.080951852,528.0809518523157
4219,2716.0736073629223,2716.07360736,2716.0736073629223
4220,164.54122137124125,164.541221371,164.54122137124125
4221,11513.233452978367,11513.233453,11513.233452978367
4222,5329.420246065061,5329.42024607,5329.420246065061
4223,1799.5577499235505,1799.55774992,1799.5577499235505
4224,148.4639497532236,148.463949753,148.4639497532236
4225,5773.652333541569,5773.65233354,5773.652333541569
4226,1933.173747913009,1933.17374791,1933.173747913009
4227,1149.4482603640386,1149.44826036,1149.4482603640386
4228,340.4890844530212,340.489084453,340.4890844530212
4229,239.1072741125178,239.107274113,239.1072741125178
4230,156.37900556178914,156.379005562,156.37900556178914
4231,3931.6241031901072,3931.62410319,3931.6241031901072
4232,1216.6332679484624,1216.63326795,1216.6332679484624
4233,2426.336104006435,2426.33610401,2426.336104006435
4234,349.2141291526836,349.214129153,349.2141291526836
4235,4904.639646156129,4904.63964616,4904.639646156129
4236,695.4415318839541,695.441531884,695.4415318839541
4237,3263.7922870248785,3263.79228702,3263.7922870248785
4238,588.1572486255608,588.157248626,588.1572486255608
4239,3189.018443130826,3189.01844313,3189.018443130826
4240,422.14246354301406,422.142463543,422.14246354301406
4241,7231.796349165952,7231.79634917,7231.796349165952
4242,1781.3797302956455,1781.3797303,1781.3797302956455
4243,1258.895993437826,1258.89599344,1258.895993437826
4244,1500.2775003095546,1500.27750031,1500.2775003095546
4245,386.25551941065623,386.255519411,386.25551941065623
4246,2742.47314767947,2742.47314768,2742.47314767947
4247,1436.024117345337,1436.02411735,1436.024117345337
4248,719.957346258002,719.957346258,719.957346258002
4249,2389.763161381613,2389.76316138,2389.763161381613
4250,725.2544287899063,725.25442879,725.2544287899063
4251,1346.9205185261603,1346.92051853,1346.9205185261603
4252,7464.584248737844,7464.58424874,7464.584248737844
4253,1255.6801976336617,1255.68019763,1255.6801976336617
4254,1302.523125227528,1302.52312523,1302.523125227528
4255,2231.484551277834,2231.48455128,2231.484551277834
4256,5526.666925073615,5526.66692507,5526.666925073615
4257,258.8345783462385,258.834578346,258.8345783462385
4258,2709.2469372560745,2709.24693726,2709.2469372560745
4259,8421.200813857742,8421.20081386,8421.200813857742
4260,860.4137032403171,860.41370324,860.4137032403171
4261,1848.434385952515,1848.43438595,1848.434385952515
4262,746.8031214111087,746.803121411,746.8031214111087
4263,3451.4531690148124,3451.45316901,3451.4531690148124
4264,1504.7976484691153,1504.79764847,1504.7976484691153
4265,2502.7704069103565,2502.77040691,2502.7704069103565
4266,876.3019413305199,876.301941331,876.3019413305199
4267,1951.2500623438718,1951.25006234,1951.2500623438718
4268,9094.60966060801,9094.60966061,9094.60966060801
4269,3681.588995042482,3681.58899504,3681.588995042482
4270,3962.674979523799,3962.67497952,3962.674979523799
4271,357.85483254824953,357.854832548,357.85483254824953
4272,1594.3345734096133,1594.33457341,1594.3345734096133
4273,2160.8176906490417,2160.81769065,2160.8176906490417
4274,855.0385974898809,855.03859749,855.0385974898809
4275,572.1121448058835,572.112144806,572.1121448058835
4276,1240.264307897054,1240.2643079,1240.264307897054
4277,629.8392171677049,629.839217168,629.8392171677049
4278,3383.418185781981,3383.41818578,3383.418185781981
4279,663.1603682990905,663.160368299,663.1603682990905
4280,771.5264441116545,771.526444112,771.5264441116545
4281,208.3924015599393,208.39240156,208.3924015599393
4282,2865.9401336983806,2865.9401337,2865.9401336983806
4283,3104.4649285020814,3104.4649285,3104.4649285020814
4284,768.4009814565187,768.400981457,768.4009814565187
4285,1763.1375149668631,1763.13751497,1763.1375149668631
4286,162.19337328499893,162.193373285,162.19337328499893
4287,216.80700293264414,216.807002933,216.80700293264414
4288,2081.2357738855876,2081.23577389,2081.2357738855876
4289,3494.6129494839765,3494.61294948,3494.6129494839765
4290,40.736855377759824,40.7368553778,40.736855377759824
4291,3787.30092545999,3787.30092546,3787.30092545999
4292,1039.1365803872418,1039.13658039,1039.1365803872418
4293,975.9850546013399,975.985054601,975.9850546013399
4294,1379.5106429734576,1379.51064297,1379.5106429734576
4295,672.9133100071084,672.913310007,672.9133100071084
4296,3291.3954951955434,3291.3954952,3291.3954951955434
4297,851.0128076265471,851.012807627,851.0128076265471
4298,4638.387338344189,4638.38733834,4638.387338344189
4299,4987.627356754588,4987.62735675,4987.627356754588
4300,1603.5593533053184,1603.55935331,1603.5593533053184
4301,14359.952822997071,14359.952823,14359.95282299707
4302,1067.5283165807175,1067.52831658,1067.5283165807175
4303,655.045185596052,655.045185596,655.045185596052
4304,750.3448257046813,750.344825705,750.3448257046813
4305,398.3599194392948,398.359919439,398.3599194392948
4306,2050.770765484649,2050.77076548,2050.770765484649
4307,215.9599341646008,215.959934165,215.9599341646008
4308,1562.9269301283246,1562.92693013,1562.9269301283246
4309,8926.946121161758,8926.94612116,8926.946121161758
4310,2126.6185902391016,2126.61859024,2126.6185902391016
4311,22.471673931362574,22.4716739314,22.471673931362574
4312,2223.251479026635,2223.25147903,2223.251479026635
4313,2929.7459407723495,2929.74594077,2929.7459407723495
4314,99.1780531395217,99.1780531395,99.1780531395217
4315,2539.3208682022723,2539.3208682,2539.3208682022723
4316,1291.3705863194516,1291.37058632,1291.3705863194516
4317,3073.786745984994,3073.78674598,3073.786745984994
4318,15116.330334957105,15116.330335,15116.330334957105
4319,6141.476465687607,6141.47646569,6141.476465687607
4320,1296.2363161198302,1296.23631612,1296.2363161198302
4321,6097.458190178676,6097.45819018,6097.458190178676
4322,636.7435321571296,636.743532157,636.7435321571296
4323,1063.2635525914566,1063.26355259,1063.2635525914566
4324,399.2648978241895,399.264897824,399.2648978241895
4325,10472.927921195636,10472.9279212,10472.927921195636
4326,1123.6685830276301,1123.66858303,1123.6685830276301
4327,1134.549223925492,1134.54922393,1134.549223925492
4328,329.7477323999678,329.7477324,329.7477323999678
4329,6944.9711272134755,6944.97112721,6944.9711272134755
4330,1794.836401390046,1794.83640139,1794.836401390046
4331,1635.5148726692532,1635.51487267,1635.5148726692532
4332,738.6865895998848,738.6865896,738.6865895998848
4333,2401.792435265826,2401.79243527,2401.792435265826
4334,4351.847802814527,4351.84780281,4351.847802814527
4335,1842.2960620808703,1842.29606208,1842.2960620808703
4336,270.4109063150374,270.410906315,270.4109063150374
4337,1576.7023409011883,1576.7023409,1576.7023409011883
4338,328.2793133352203,328.279313335,328.2793133352203
4339,1695.7516396213316,1695.75163962,1695.7516396213316
4340,3243.24866047313,3243.24866047,3243.24866047313
4341,37.12291842459395,37.1229184246,37.12291842459395
4342,805.3282290187614,805.328229019,805.3282290187614
4343,1057.7047572265924,1057.70475723,1057.7047572265924
4344,722.920872334639,722.920872335,722.920872334639
4345,284.87663991585964,284.876639916,284.87663991585964
4346,1513.7014281624324,1513.70142816,1513.7014281624324
4347,1871.43421027381,1871.43421027,1871.43421027381
4348,172.42835501798015,172.428355018,172.42835501798015
4349,6549.518599842225,6549.51859984,6549.518599842225
4350,149.01241765291786,149.012417653,149.01241765291786
4351,204.2064677808741,204.206467781,204.2064677808741
4352,2304.004633404801,2304.0046334,2304.004633404801
4353,1068.2491950299607,1068.24919503,1068.2491950299607
4354,612.8121091886699,612.812109189,612.8121091886699
4355,913.5246824630233,913.524682463,913.5246824630233
4356,2970.127723773682,2970.12772377,2970.127723773682
4357,1372.6128933096618,1372.61289331,1372.6128933096618
4358,2138.6418328301083,2138.64183283,2138.6418328301083
4359,901.6675767014724,901.667576701,901.6675767014724
4360,5466.284355721154,5466.28435572,5466.284355721154
4361,2264.6728849133538,2264.67288491,2264.6728849133538
4362,795.1947154537054,795.194715454,795.1947154537054
4363,538.9025697308241,538.902569731,538.9025697308241
4364,3379.364071272621,3379.36407127,3379.364071272621
4365,607.0520221138681,607.052022114,607.0520221138681
4366,3897.5675406069754,3897.56754061,3897.5675406069754
4367,8380.847353177682,8380.84735318,8380.847353177682
4368,207.34947723148625,207.349477231,207.34947723148625
4369,363.01704706708404,363.017047067,363.01704706708404
4370,1561.486821296382,1561.4868213,1561.486821296382
4371,3149.5636827525523,3149.56368275,3149.5636827525523
4372,145.15433134734957,145.154331347,145.15433134734957
4373,778.039959321498,778.039959321,778.039959321498
4374,11372.60077814056,11372.6007781,11372.60077814056
4375,460.4859241434011,460.485924143,460.4859241434011
4376,3013.0481270646214,3013.04812706,3013.0481270646214
4377,439.1596909991047,439.159690999,439.1596909991047
4378,3692.4036319742627,3692.40363197,3692.4036319742627
4379,10374.782196265849,10374.7821963,10374.782196265849
4380,439.3971588276328,439.397158828,439.3971588276328
4381,3632.3523810886873,3632.35238109,3632.3523810886873
4382,7267.296783212748,7267.29678321,7267.296783212748
4383,3713.3873459419096,3713.38734594,3713.3873459419096
4384,2880.852264657032,2880.85226466,2880.852264657032
4385,1647.3587846122243,1647.35878461,1647.3587846122243
4386,451.3605181932405,451.360518193,451.3605181932405
4387,356.46302539435544,356.463025394,356.46302539435544
4388,1281.6465871992687,1281.6465872,1281.6465871992687
4389,298.22955676494934,298.229556765,298.22955676494934
4390,4606.789443170337,4606.78944317,4606.789443170337
4391,3389.870817119462,3389.87081712,3389.870817119462
4392,1969.9790553238824,1969.97905532,1969.9790553238824
4393,758.4011292273277,758.401129227,758.4011292273277
4394,986.3295301799621,986.32953018,986.3295301799621
4395,2440.9680693023392,2440.9680693,2440.9680693023392
4396,1475.3873846651986,1475.38738467,1475.3873846651986
4397,6492.427649730834,6492.42764973,6492.427649730834
4398,919.6140230004186,919.614023,919.6140230004186
4399,518.9133307871047,518.913330787,518.9133307871047
4400,485.3378512171724,485.337851217,485.3378512171724
4401,3487.995056377631,3487.99505638,3487.995056377631
4402,315.6248780122257,315.624878012,315.6248780122257
4403,1380.5133718321447,1380.51337183,1380.5133718321447
4404,1908.6517360590244,1908.65173606,1908.6517360590244
4405,1227.5458242158998,1227.54582422,1227.5458242158998
4406,1301.6853929025676,1301.6853929,1301.6853929025676
4407,5433.469197115773,5433.46919712,5433.469197115773
4408,1207.2342007415589,1207.23420074,1207.2342007415589
4409,2499.873127661476,2499.87312766,2499.873127661476
4410,845.5251703927983,845.525170393,845.5251703927984
4411,7232.878029278222,7232.87802928,7232.878029278222
4412,127.6310215408576,127.631021541,127.6310215408576
4413,923.5515954896599,923.55159549,923.5515954896599
4414,2232.168444663051,2232.16844466,2232.168444663051
4415,1522.1897285009768,1522.1897285,1522.1897285009768
4416,1697.6946912281776,1697.69469123,1697.6946912281776
4417,3678.678801485123,3678.67880149,3678.678801485123
4418,163.45485439601964,163.454854396,163.45485439601964
4419,2279.561938225808,2279.56193823,2279.561938225808
4420,2288.7430256150124,2288.74302562,2288.7430256150124
4421,1537.418101798871,1537.4181018,1537.418101798871
4422,2304.900631186016,2304.90063119,2304.900631186016
4423,138.71832473406687,138.718324734,138.71832473406687
4424,524.0180731946041,524.018073195,524.0180731946041
4425,870.4763303732038,870.476330373,870.4763303732038
4426,1324.1000812972086,1324.1000813,1324.1000812972086
4427,2236.6235471220252,2236.62354712,2236.6235471220252
4428,777.9816441766199,777.981644177,777.9816441766199
4429,878.8117796117366,878.811779612,878.8117796117366
4430,1482.0868554744616,1482.08685547,1482.0868554744616
4431,5562.541909671988,5562.54190967,5562.541909671988
4432,4331.156987090359,4331.15698709,4331.156987090359
4433,913.9905530428991,913.990553043,913.9905530428991
4434,5192.312327592084,5192.31232759,5192.312327592084
4435,2021.3201340072942,2021.32013401,2021.3201340072942
4436,1579.266516015382,1579.26651602,1579.266516015382
4437,474.15227858804667,474.152278588,474.15227858804667
4438,120.93376441893841,120.933764419,120.93376441893841
4439,307.7951041757667,307.795104176,307.7951041757667
4440,1749.5971418529455,1749.59714185,1749.5971418529455
4441,1119.1857835606165,1119.18578356,1119.1857835606165
4442,2508.4848090679134,2508.48480907,2508.4848090679134
4443,249.21469665968357,249.21469666,249.21469665968357
4444,1641.9874185285582,1641.98741853,1641.9874185285582
4445,1933.550687939372,1933.55068794,1933.550687939372
4446,499.8617988427516,499.861798843,499.8617988427516
4447,6004.518055648639,6004.51805565,6004.518055648639
4448,1690.0138158212196,1690.01381582,1690.0138158212196
4449,3823.896444156313,3823.89644416,3823.896444156313
4450,933.9056691767278,933.905669177,933.9056691767278
4451,1837.5704486357322,1837.57044864,1837.5704486357322
4452,2760.453695669514,2760.45369567,2760.453695669514
4453,2726.810312782913,2726.81031278,2726.810312782913
4454,281.1706674451679,281.170667445,281.1706674451679
4455,412.0333301011036,412.033330101,412.0333301011036
4456,749.4147017701924,749.41470177,749.4147017701924
4457,4438.710097990238,4438.71009799,4438.710097990238
4458,889.9736127980246,889.973612798,889.9736127980246
4459,585.4757328101554,585.47573281,585.4757328101554
4460,1692.9812883297745,1692.98128833,1692.9812883297745
4461,342.9542417858927,342.954241786,342.9542417858927
4462,556.1914399766724,556.191439977,556.1914399766724
4463,6722.167398092774,6722.16739809,6722.167398092774
4464,4722.4898644151845,4722.48986442,4722.4898644151845
4465,231.5344135421559,231.534413542,231.5344135421559
4466,1024.2369192609708,1024.23691926,1024.2369192609708
4467,12691.09268411023,12691.0926841,12691.09268411023
4468,2699.02146569353,2699.02146569,2699.02146569353
4469,4828.434769716321,4828.43476972,4828.434769716321
4470,1443.3935351789125,1443.39353518,1443.3935351789125
4471,2250.8399843765123,2250.83998438,2250.8399843765123
4472,3071.475335411515,3071.47533541,3071.475335411515
4473,3064.4015319704145,3064.40153197,3064.4015319704145
4474,590.7054713672755,590.705471367,590.7054713672755
4475,2739.818820261693,2739.81882026,2739.818820261693
4476,1074.5483927031075,1074.5483927,1074.5483927031075
4477,4596.570578198716,4596.5705782,4596.570578198716
4478,3367.4145197479684,3367.41451975,3367.4145197479684
4479,2779.7732048769153,2779.77320488,2779.7732048769153
4480,2627.3919109094845,2627.39191091,2627.3919109094845
4481,6435.804577018015,6435.80457702,6435.804577018015
4482,540.0767025704813,540.07670257,540.0767025704813
4483,415.8806564160746,415.880656416,415.8806564160746
4484,307.10455285853345,307.104552859,307.10455285853345
4485,1151.9100253905176,1151.91002539,1151.9100253905176
4486,882.8812736575609,882.881273658,882.8812736575609
4487,2227.1174023035687,2227.1174023,2227.1174023035687
4488,7333.416373615267,7333.41637362,7333.416373615267
4489,1078.2020236669389,1078.20202367,1078.2020236669389
4490,1921.4742247386912,1921.47422474,1921.4742247386912
4491,564.7575048515013,564.757504852,564.7575048515013
4492,824.5407612982717,824.540761298,824.5407612982717
4493,3388.150531561487,3388.15053156,3388.150531561487
4494,2244.241165427783,2244.24116543,2244.241165427783
4495,1214.023575906113,1214.02357591,1214.023575906113
4496,853.533812815634,853.533812816,853.533812815634
4497,1651.2906033675881,1651.29060337,1651.2906033675881
4498,2710.7959866860247,2710.79598669,2710.7959866860247
4499,1287.9479331819612,1287.94793318,1287.9479331819612
4500,548.3340146107183,548.334014611,548.3340146107183
4501,1174.8274368036452,1174.8274368,1174.8274368036452
4502,3730.721107786827,3730.72110779,3730.721107786827
4503,1321.1241326264271,1321.12413263,1321.1241326264271
4504,1714.2460498612693,1714.24604986,1714.2460498612693
4505,449.2236232768864,449.223623277,449.2236232768864
4506,2554.4759866938543,2554.47598669,2554.4759866938543
4507,562.142919115294,562.142919115,562.142919115294
4508,566.5879797092924,566.587979709,566.5879797092924
4509,1089.7923365906258,1089.79233659,1089.7923365906258
4510,645.2316821421159,645.231682142,645.2316821421159
4511,1726.7518449524127,1726.75184495,1726.7518449524127
4512,455.80661562370256,455.806615624,455.80661562370256
4513,885.3252109006694,885.325210901,885.3252109006694
4514,4534.9627548262215,4534.96275483,4534.9627548262215
4515,1360.760363523665,1360.76036352,1360.760363523665
4516,578.6817052805104,578.681705281,578.6817052805104
4517,839.2653113141962,839.265311314,839.2653113141962
4518,1320.0853293325063,1320.08532933,1320.0853293325063
4519,1934.8058685615158,1934.80586856,1934.8058685615158
4520,752.2369985659773,752.236998566,752.2369985659773
4521,795.5846833109812,795.584683311,795.5846833109812
4522,2162.3977756391378,2162.39777564,2162.3977756391378
4523,9817.990538614496,9817.99053861,9817.990538614496
4524,2205.7817854088544,2205.78178541,2205.7817854088544
4525,784.3144543456166,784.314454346,784.3144543456166
4526,1258.9957262984794,1258.9957263,1258.9957262984794
4527,3435.8818208827724,3435.88182088,3435.8818208827724
4528,2974.2898531505957,2974.28985315,2974.2898531505957
4529,1098.145870355699,1098.14587036,1098.145870355699
4530,41.016758817396166,41.0167588174,41.016758817396166
4531,9209.856892256345,9209.85689226,9209.856892256345
4532,1045.13492135321,1045.13492135,1045.13492135321
4533,2016.9239704820232,2016.92397048,2016.9239704820232
4534,3165.3545459685397,3165.35454597,3165.3545459685397
4535,1318.3284795827324,1318.32847958,1318.3284795827324
4536,689.9018664183362,689.901866418,689.9018664183362
4537,9684.89181282741,9684.89181283,9684.89181282741
4538,1745.6683367749667,1745.66833677,1745.6683367749667
4539,3519.217034862021,3519.21703486,3519.217034862021
4540,746.7066302669898,746.706630267,746.7066302669898
4541,3811.771553279941,3811.77155328,3811.771553279941
4542,258.2642598818365,258.264259882,258.2642598818365
4543,2825.1636229093974,2825.16362291,2825.1636229093974
4544,340.48360785404384,340.483607854,340.48360785404384
4545,612.7627996380184,612.762799638,612.7627996380184
4546,2032.9596625681736,2032.95966257,2032.9596625681736
4547,2741.056727469673,2741.05672747,2741.056727469673
4548,2686.4528094184666,2686.45280942,2686.4528094184666
4549,3648.990663643532,3648.99066364,3648.990663643532
4550,2201.7585915701006,2201.75859157,2201.7585915701006
4551,1293.0872320937585,1293.08723209,1293.0872320937585
4552,3396.766709102934,3396.7667091,3396.766709102934
4553,855.0841894572743,855.084189457,855.0841894572743
4554,648.4951485498627,648.49514855,648.4951485498627
4555,2867.7535787322977,2867.75357873,2867.7535787322977
4556,3763.137795585191,3763.13779559,3763.137795585191
4557,3952.6386438424065,3952.63864384,3952.6386438424065
4558,5836.935856854705,5836.93585685,5836.935856854705
4559,884.4589394654689,884.458939465,884.4589394654689
4560,2445.6953742190076,2445.69537422,2445.6953742190076
4561,4727.875505485758,4727.87550549,4727.875505485758
4562,1061.2238338242023,1061.22383382,1061.2238338242023
4563,773.7583020981494,773.758302098,773.7583020981494
4564,1289.818994340136,1289.81899434,1289.818994340136
4565,370.46684259993845,370.4668426,370.46684259993845
4566,1301.722608518728,1301.72260852,1301.722608518728
4567,2509.108760990087,2509.10876099,2509.108760990087
4568,2040.706655429067,2040.70665543,2040.706655429067
4569,764.0115521148862,764.011552115,764.0115521148862
4570,2458.708531620414,2458.70853162,2458.708531620414
4571,474.0553965217165,474.055396522,474.0553965217165
4572,1599.2232808718843,1599.22328087,1599.2232808718843
4573,178.40972352836536,178.409723528,178.40972352836536
4574,848.5608755645573,848.560875565,848.5608755645573
4575,4739.219228862289,4739.21922886,4739.219228862289
4576,3880.824184530694,3880.82418453,3880.824184530694
4577,2421.4782756841673,2421.47827568,2421.4782756841673
4578,1484.1297697310413,1484.12976973,1484.1297697310413
4579,1584.5822812083834,1584.58228121,1584.5822812083834
4580,410.59602037681543,410.596020377,410.59602037681543
4581,3732.646171961789,3732.64617196,3732.646171961789
4582,949.775378432066,949.775378432,949.775378432066
4583,2026.8773508636507,2026.87735086,2026.8773508636507
4584,393.455985974367,393.455985974,393.455985974367
4585,3224.8260250811495,3224.82602508,3224.8260250811495
4586,340.0810797124333,340.081079712,340.0810797124333
4587,8255.022087972511,8255.02208797,8255.022087972511
4588,587.6851310543349,587.685131054,587.6851310543349
4589,3000.4388812064794,3000.43888121,3000.4388812064794
4590,13324.219820492133,13324.2198205,13324.219820492133
4591,3242.6877691689892,3242.68776917,3242.6877691689892
4592,210.82373959584896,210.823739596,210.82373959584896
4593,3624.7058743312646,3624.70587433,3624.7058743312646
4594,1126.274024456667,1126.27402446,1126.274024456667
4595,44390.78117102434,44390.781171,44390.78117102434
4596,799.5517075240881,799.551707524,799.5517075240881
4597,4169.306018999941,4169.306019,4169.306018999941
4598,2539.4442083083886,2539.44420831,2539.4442083083886
4599,2486.1099308763205,2486.10993088,2486.1099308763205
4600,1970.9316526343998,1970.93165263,1970.9316526343998
4601,1616.5734280171603,1616.57342802,1616.5734280171603
4602,2249.8368196938236,2249.83681969,2249.8368196938236
4603,2522.5528457633472,2522.55284576,2522.5528457633472
4604,4888.718870372406,4888.71887037,4888.718870372406
4605,1955.5828158036165,1955.5828158,1955.5828158036165
4606,905.6083823722669,905.608382372,905.6083823722669
4607,584.5245059892958,584.524505989,584.5245059892958
4608,1123.6968841780904,1123.69688418,1123.6968841780904
4609,932.9903581242195,932.990358124,932.9903581242195
4610,795.6973501131034,795.697350113,795.6973501131034
4611,4118.600200022512,4118.60020002,4118.600200022512
4612,119.98456720642395,119.984567206,119.98456720642395
4613,1063.9047517870295,1063.90475179,1063.9047517870295
4614,546.5875702293783,546.587570229,546.5875702293783
4615,696.4549251033677,696.454925103,696.4549251033677
4616,2642.662882118515,2642.66288212,2642.662882118515
4617,1424.3132736805874,1424.31327368,1424.3132736805874
4618,4188.750729674648,4188.75072967,4188.750729674648
4619,3848.810798709145,3848.81079871,3848.810798709145
4620,245.35885872897245,245.358858729,245.35885872897245
4621,1978.6427717044855,1978.6427717,1978.6427717044855
4622,854.8055714047746,854.805571405,854.8055714047746
4623,1721.7885017173385,1721.78850172,1721.7885017173385
4624,871.0651504160069,871.065150416,871.0651504160069
4625,4196.602941803431,4196.6029418,4196.602941803431
4626,5391.765630166274,5391.76563017,5391.765630166274
4627,1922.2946189297293,1922.29461893,1922.2946189297293
4628,559.8418446771514,559.841844677,559.8418446771514
4629,5625.920387536324,5625.92038754,5625.920387536324
4630,229.73134913555884,229.731349136,229.73134913555884
4631,1383.9560368773282,1383.95603688,1383.9560368773282
4632,3626.4134248874707,3626.41342489,3626.4134248874707
4633,144.58818748808278,144.588187488,144.58818748808278
4634,3268.564051568275,3268.56405157,3268.564051568275
4635,382.61511117293946,382.615111173,382.61511117293946
4636,512.5728880915542,512.572888092,512.5728880915542
4637,3074.582986397853,3074.5829864,3074.582986397853
4638,273.7299564259652,273.729956426,273.7299564259652
4639,318.45984794223915,318.459847942,318.45984794223915
4640,174.89945148305083,174.899451483,174.89945148305083
4641,2634.005397165797,2634.00539717,2634.005397165797
4642,762.6102387836816,762.610238784,762.6102387836816
4643,329.47301697332665,329.473016973,329.47301697332665
4644,1440.110687724701,1440.11068772,1440.110687724701
4645,3407.6483080782164,3407.64830808,3407.6483080782164
4646,91.24549498875902,91.2454949888,91.24549498875902
4647,4671.746424475514,4671.74642448,4671.746424475514
4648,5020.889227111603,5020.88922711,5020.889227111603
4649,279.3781853867065,279.378185387,279.3781853867065
4650,4089.4767483818823,4089.47674838,4089.4767483818823
4651,2817.03668413682,2817.03668414,2817.03668413682
4652,4436.755300727437,4436.75530073,4436.755300727437
4653,1716.1495529929725,1716.14955299,1716.1495529929725
4654,6859.610748297287,6859.6107483,6859.610748297287
4655,506.1037400369435,506.103740037,506.1037400369435
4656,10424.28164033406,10424.2816403,10424.28164033406
4657,7390.782563226568,7390.78256323,7390.782563226568
4658,2925.9030189298064,2925.90301893,2925.9030189298064
4659,6237.482805460513,6237.48280546,6237.482805460513
4660,2850.90318119542,2850.9031812,2850.90318119542
4661,2741.246121437244,2741.24612144,2741.246121437244
4662,1539.5430177380313,1539.54301774,1539.5430177380313
4663,3738.6583323882746,3738.65833239,3738.6583323882746
4664,1344.7251742682183,1344.72517427,1344.7251742682183
4665,124.69908712831523,124.699087128,124.69908712831523
4666,1663.6790584999108,1663.6790585,1663.6790584999108
4667,3462.5151166209544,3462.51511662,3462.5151166209544
4668,4778.954380572664,4778.95438057,4778.954380572664
4669,1305.7831915521533,1305.78319155,1305.7831915521533
4670,2186.7193868791146,2186.71938688,2186.7193868791146
4671,120.38958364502727,120.389583645,120.38958364502727
4672,765.349954455487,765.349954455,765.349954455487
4673,487.34352558924354,487.343525589,487.34352558924354
4674,2932.3591800177037,2932.35918002,2932.3591800177037
4675,4010.477443149554,4010.47744315,4010.477443149554
4676,7656.265010707333,7656.26501071,7656.265010707333
4677,2016.6007859985507,2016.600786,2016.6007859985507
4678,3107.6182817551576,3107.61828176,3107.6182817551576
4679,1213.1372438135638,1213.13724381,1213.1372438135638
4680,1596.7000631660615,1596.70006317,1596.7000631660615
4681,5304.671110361072,5304.67111036,5304.671110361072
4682,513.0795697891346,513.079569789,513.0795697891346
4683,4828.631711589223,4828.63171159,4828.631711589223
4684,3836.5742669004426,3836.5742669,3836.5742669004426
4685,2688.7519613477293,2688.75196135,2688.7519613477293
4686,484.4255540815111,484.425554082,484.4255540815111
4687,258.8931131711606,258.893113171,258.8931131711606
4688,2311.6088426145575,2311.60884261,2311.6088426145575
4689,1433.0246619491923,1433.02466195,1433.0246619491923
4690,2860.562641565611,2860.56264157,2860.562641565611
4691,7732.073012866894,7732.07301287,7732.073012866894
4692,1461.7712753248768,1461.77127532,1461.7712753248768
4693,5151.493436929367,5151.49343693,5151.493436929367
4694,1677.7142403533414,1677.71424035,1677.7142403533414
4695,3171.097712835545,3171.09771284,3171.097712835545
4696,3857.282267576291,3857.28226758,3857.282267576291
4697,2021.9690936166621,2021.96909362,2021.9690936166621
4698,3478.5231687421956,3478.52316874,3478.5231687421956
4699,3176.3082247605153,3176.30822476,3176.3082247605153
4700,1647.7842839057412,1647.78428391,1647.7842839057412
4701,1368.2462336171573,1368.24623362,1368.2462336171573
4702,5725.508069776694,5725.50806978,5725.508069776694
4703,786.2454002509719,786.245400251,786.2454002509719
4704,948.7076930459873,948.707693046,948.7076930459873
4705,2324.2566724918456,2324.25667249,2324.2566724918456
4706,144.78499611926975,144.784996119,144.78499611926975
4707,2235.9230667078305,2235.92306671,2235.9230667078305
4708,274.03339124174533,274.033391242,274.03339124174533
4709,5282.618300722527,5282.61830072,5282.618300722527
4710,60.463320028305574,60.4633200283,60.463320028305574
4711,893.6106321815128,893.610632182,893.6106321815128
4712,112.73335749445747,112.733357494,112.73335749445747
4713,6449.590841236431,6449.59084124,6449.590841236431
4714,1224.6902292343111,1224.69022923,1224.6902292343111
4715,1236.1128817074566,1236.11288171,1236.1128817074566
4716,407.13329466767294,407.133294668,407.13329466767294
4717,2350.9119498311416,2350.91194983,2350.9119498311416
4718,1232.885147683216,1232.88514768,1232.885147683216
4719,2903.2993700741326,2903.29937007,2903.2993700741326
4720,1942.2870358514795,1942.28703585,1942.2870358514795
4721,2884.046852000871,2884.046852,2884.046852000871
4722,185.68085757563,185.680857576,185.68085757563
4723,2434.4505193151836,2434.45051932,2434.4505193151836
4724,3812.3148556897413,3812.31485569,3812.3148556897413
4725,2552.9565253911173,2552.95652539,2552.9565253911173
4726,516.5123660223693,516.512366022,516.5123660223693
4727,791.1127643278244,791.112764328,791.1127643278244
4728,285.370907191264,285.370907191,285.370907191264
4729,193.1643293281336,193.164329328,193.1643293281336
4730,429.6337373729544,429.633737373,429.6337373729544
4731,2836.889431852043,2836.88943185,2836.889431852043
4732,3291.882542453681,3291.88254245,3291.882542453681
4733,982.9465971357927,982.946597136,982.9465971357927
4734,186.8721502341922,186.872150234,186.8721502341922
4735,4631.6970526267005,4631.69705263,4631.6970526267005
4736,1358.4587271715063,1358.45872717,1358.4587271715063
4737,1803.4362747030361,1803.4362747,1803.4362747030361
4738,170.45302423881657,170.453024239,170.45302423881657
4739,583.7768659129075,583.776865913,583.7768659129075
4740,3875.850130015958,3875.85013002,3875.850130015958
4741,1176.4664006182268,1176.46640062,1176.4664006182268
4742,1843.986310828429,1843.98631083,1843.986310828429
4743,5503.254920545703,5503.25492055,5503.254920545703
4744,2597.3983750952275,2597.3983751,2597.3983750952275
4745,1601.9759758475457,1601.97597585,1601.9759758475457
4746,3955.2355918332178,3955.23559183,3955.2355918332178
4747,5987.035119249065,5987.03511925,5987.035119249065
4748,1207.1449403102329,1207.14494031,1207.1449403102329
4749,1840.4671987863974,1840.46719879,1840.4671987863974
4750,219.89341833582665,219.893418336,219.89341833582665
4751,728.6880289420762,728.688028942,728.6880289420762
4752,2462.341359810631,2462.34135981,2462.341359810631
4753,1855.4423808401154,1855.44238084,1855.4423808401154
4754,1037.1571593595418,1037.15715936,1037.1571593595418
4755,1261.8055353934162,1261.80553539,1261.8055353934162
4756,2209.1245253644024,2209.12452536,2209.1245253644024
4757,1179.4539143470688,1179.45391435,1179.4539143470688
4758,1617.8454474958428,1617.8454475,1617.8454474958428
4759,1929.057978259529,1929.05797826,1929.057978259529
4760,3805.7634667975644,3805.7634668,3805.7634667975644
4761,1116.206423698755,1116.2064237,1116.206423698755
4762,1492.6783284445085,1492.67832844,1492.6783284445085
4763,421.6005640729452,421.600564073,421.6005640729452
4764,1509.8368922476009,1509.83689225,1509.8368922476009
4765,11147.257249134918,11147.2572491,11147.257249134918
4766,4758.099632832654,4758.09963283,4758.099632832654
4767,1725.8510975294148,1725.85109753,1725.8510975294148
4768,895.9662986614483,895.966298661,895.9662986614483
4769,411.8659160376244,411.865916038,411.8659160376244
4770,3596.3235272529178,3596.32352725,3596.3235272529178
4771,5767.334200695737,5767.3342007,5767.334200695737
4772,2471.9320692945894,2471.93206929,2471.9320692945894
4773,5116.740424125118,5116.74042413,5116.740424125118
4774,7372.094387623275,7372.09438762,7372.094387623275
4775,1230.183526738934,1230.18352674,1230.183526738934
4776,723.6416769237943,723.641676924,723.6416769237943
4777,1543.1684848648556,1543.16848486,1543.1684848648556
4778,1705.3205124101655,1705.32051241,1705.3205124101655
4779,2898.957497409644,2898.95749741,2898.957497409644
4780,3996.664031767675,3996.66403177,3996.664031767675
4781,1365.8582551297543,1365.85825513,1365.8582551297543
4782,3079.326297225231,3079.32629723,3079.326297225231
4783,6452.803163896996,6452.8031639,6452.803163896996
4784,2015.1525869280965,2015.15258693,2015.1525869280965
4785,649.133572632251,649.133572632,649.133572632251
4786,777.049455614826,777.049455615,777.049455614826
4787,1026.3344861660805,1026.33448617,1026.3344861660805
4788,49.42398157786454,49.4239815779,49.42398157786454
4789,4628.840095742083,4628.84009574,4628.840095742083
4790,4098.24952978269,4098.24952978,4098.24952978269
4791,720.1035225545413,720.103522555,720.1035225545413
4792,6553.220329745536,6553.22032975,6553.220329745536
4793,2732.83255625115,2732.83255625,2732.83255625115
4794,1153.312498722072,1153.31249872,1153.312498722072
4795,2776.901744216085,2776.90174422,2776.901744216085
4796,3395.3673106840006,3395.36731068,3395.3673106840006
4797,997.6676750544424,997.667675054,997.6676750544424
4798,3941.277971203553,3941.2779712,3941.277971203553
4799,3386.6482550094,3386.64825501,3386.6482550094
4800,3574.248391192575,3574.24839119,3574.248391192575
4801,1587.5370794122712,1587.53707941,1587.5370794122712
4802,56.55432637055953,56.5543263706,56.55432637055953
4803,1723.0499334392412,1723.04993344,1723.0499334392412
4804,8359.73221010314,8359.7322101,8359.73221010314
4805,1472.6050739540508,1472.60507395,1472.6050739540508
4806,3118.9012027643935,3118.90120276,3118.9012027643935
4807,2462.5806133353835,2462.58061334,2462.5806133353835
4808,74.85987475392628,74.8598747539,74.85987475392628
4809,986.855101447282,986.855101447,986.855101447282
4810,1135.4110263811738,1135.41102638,1135.4110263811738
4811,1170.6422687699685,1170.64226877,1170.6422687699685
4812,432.6687271506389,432.668727151,432.6687271506389
4813,891.2592321358143,891.259232136,891.2592321358143
4814,1130.4818990755177,1130.48189908,1130.4818990755177
4815,293.1256704765848,293.125670477,293.1256704765848
4816,320.7244701572747,320.724470157,320.7244701572747
4817,19478.91921395914,19478.919214,19478.91921395914
4818,1934.5135314424945,1934.51353144,1934.5135314424945
4819,1058.4423742176352,1058.44237422,1058.4423742176352
4820,2191.99755795468,2191.99755795,2191.99755795468
4821,549.1182382926111,549.118238293,549.1182382926111
4822,619.8327314261867,619.832731426,619.8327314261867
4823,214.573963368554,214.573963369,214.573963368554
4824,963.0223522930901,963.022352293,963.0223522930901
4825,4655.25918467528,4655.25918468,4655.25918467528
4826,3152.381980331346,3152.38198033,3152.381980331346
4827,857.5878576054904,857.587857605,857.5878576054904
4828,1625.5079247017861,1625.5079247,1625.5079247017861
4829,1375.5811965101875,1375.58119651,1375.5811965101875
4830,2450.1030836274713,2450.10308363,2450.1030836274713
4831,1165.1414423869883,1165.14144239,1165.1414423869883
4832,344.78991925233424,344.789919252,344.78991925233424
4833,94.12048280219751,94.1204828022,94.12048280219751
4834,230.2930272766327,230.293027277,230.2930272766327
4835,1115.5555810316102,1115.55558103,1115.5555810316102
4836,1555.27371642259,1555.27371642,1555.27371642259
4837,2391.0405854986975,2391.0405855,2391.0405854986975
4838,3369.095840157859,3369.09584016,3369.095840157859
4839,232.08815840933084,232.088158409,232.08815840933084
4840,49.49154789381683,49.4915478938,49.49154789381683
4841,1695.3946882238624,1695.39468822,1695.3946882238624
4842,313.34841117515725,313.348411175,313.34841117515725
4843,1636.058179820447,1636.05817982,1636.058179820447
4844,1065.7227263062532,1065.72272631,1065.7227263062532
4845,1050.750858128603,1050.75085813,1050.750858128603
4846,3095.3441658640354,3095.34416586,3095.3441658640354
4847,4299.653810092696,4299.65381009,4299.653810092696
4848,1948.9573729479941,1948.95737295,1948.9573729479941
4849,1988.4129903382288,1988.41299034,1988.4129903382288
4850,930.8888717341173,930.888871734,930.8888717341173
4851,2437.5241546081766,2437.52415461,2437.5241546081766
4852,1504.2024428958475,1504.2024429,1504.2024428958475
4853,2042.3441933414967,2042.34419334,2042.3441933414967
4854,8220.071396222078,8220.07139622,8220.071396222078
4855,6158.916429222591,6158.91642922,6158.916429222591
4856,823.3998661731334,823.399866173,823.3998661731334
4857,1941.9654136626775,1941.96541366,1941.9654136626775
4858,1026.315527117746,1026.31552712,1026.315527117746
4859,7742.999708377703,7742.99970838,7742.999708377703
4860,2492.2814512792283,2492.28145128,2492.2814512792283
4861,649.7981227965721,649.798122797,649.7981227965721
4862,371.0812697248051,371.081269725,371.0812697248051
4863,1519.4919390450505,1519.49193905,1519.4919390450505
4864,2666.859891217208,2666.85989122,2666.859891217208
4865,2039.966216637465,2039.96621664,2039.966216637465
4866,1280.9570737529525,1280.95707375,1280.9570737529525
4867,3390.3181785856123,3390.31817859,3390.3181785856123
4868,1063.8155351471967,1063.81553515,1063.8155351471967
4869,225.8969255010367,225.896925501,225.8969255010367
4870,5877.019053643333,5877.01905364,5877.019053643333
4871,1929.4255601147136,1929.42556011,1929.4255601147136
4872,1222.4898336262168,1222.48983363,1222.4898336262168
4873,155.35805678645232,155.358056786,155.35805678645232
4874,2571.0822056270354,2571.08220563,2571.0822056270354
4875,2679.1008419594086,2679.10084196,2679.1008419594086
4876,9029.181192310512,9029.18119231,9029.181192310512
4877,220.4546826929609,220.454682693,220.4546826929609
4878,1945.1027936378127,1945.10279364,1945.1027936378127
4879,418.7739101058091,418.773910106,418.7739101058091
4880,3694.9198558933535,3694.91985589,3694.9198558933535
4881,1715.4296870558,1715.42968706,1715.4296870558
4882,2639.7624034733517,2639.76240347,2639.7624034733517
4883,1073.6737356325593,1073.67373563,1073.6737356325593
4884,1860.9677144509615,1860.96771445,1860.9677144509615
4885,120.78132650777886,120.781326508,120.78132650777886
4886,31.070954936317108,31.0709549363,31.070954936317108
4887,1179.810611419005,1179.81061142,1179.810611419005
4888,177.85943170060668,177.859431701,177.85943170060668
4889,1562.6527746621377,1562.65277466,1562.6527746621377
4890,657.7302680924248,657.730268092,657.7302680924248
4891,3613.707215763559,3613.70721576,3613.707215763559
4892,1862.877830476895,1862.87783048,1862.877830476895
4893,340.72499051561687,340.724990516,340.72499051561687
4894,1332.821826208153,1332.82182621,1332.821826208153
4895,2116.8033795049323,2116.8033795,2116.8033795049323
4896,673.4486351358182,673.448635136,673.4486351358182
4897,1047.6022229694033,1047.60222297,1047.6022229694033
4898,2891.7485841803614,2891.74858418,2891.7485841803614
4899,1820.9915337282705,1820.99153373,1820.9915337282705
4900,1724.6957129029922,1724.6957129,1724.6957129029922
4901,4139.0270610227035,4139.02706102,4139.0270610227035
4902,4701.612379092183,4701.61237909,4701.612379092183
4903,301.0920506804896,301.09205068,301.0920506804896
4904,2899.0648741624495,2899.06487416,2899.0648741624495
4905,703.1633181616495,703.163318162,703.1633181616495
4906,1631.643107443178,1631.64310744,1631.643107443178
4907,14.140510762139177,14.1405107621,14.140510762139177
4908,1674.9573063155078,1674.95730632,1674.9573063155078
4909,3806.5454546735227,3806.54545467,3806.5454546735227
4910,3197.0665699934743,3197.06656999,3197.0665699934743
4911,334.7663757378366,334.766375738,334.7663757378366
4912,2347.676082957599,2347.67608296,2347.676082957599
4913,789.4277824872657,789.427782487,789.4277824872657
4914,1043.5048730728417,1043.50487307,1043.5048730728417
4915,924.5897458083311,924.589745808,924.5897458083311
4916,3541.0979183123695,3541.09791831,3541.0979183123695
4917,347.8109991484945,347.810999148,347.8109991484945
4918,1498.4033302585658,1498.40333026,1498.4033302585658
4919,3387.26458668651,3387.26458669,3387.26458668651
4920,1914.7016129161939,1914.70161292,1914.7016129161939
4921,8683.22105373709,8683.22105374,8683.22105373709
4922,3412.843939257957,3412.84393926,3412.843939257957
4923,218.18437007691412,218.184370077,218.18437007691412
4924,3498.18031643923,3498.18031644,3498.18031643923
4925,864.9624305763886,864.962430576,864.9624305763886
4926,2131.3846236702007,2131.38462367,2131.3846236702007
4927,3579.80660474547,3579.80660475,3579.80660474547
4928,1692.4691677180851,1692.46916772,1692.4691677180851
4929,584.4412023398975,584.44120234,584.4412023398975
4930,2390.7083940822945,2390.70839408,2390.7083940822945
4931,147.22655675657393,147.226556757,147.22655675657393
4932,2531.0766444029273,2531.0766444,2531.0766444029273
4933,1224.2391452054794,1224.23914521,1224.2391452054794
4934,332.35813918596693,332.358139186,332.35813918596693
4935,2199.699415722156,2199.69941572,2199.699415722156
4936,7046.737378465261,7046.73737847,7046.737378465261
4937,1112.5063223054044,1112.50632231,1112.5063223054044
4938,353.42696657579864,353.426966576,353.42696657579864
4939,186.31989249506168,186.319892495,186.31989249506168
4940,657.8312534893834,657.831253489,657.8312534893834
4941,5670.991614598532,5670.9916146,5670.991614598532
4942,6822.2111734688015,6822.21117347,6822.2111734688015
4943,2232.8679983131256,2232.86799831,2232.8679983131256
4944,6173.57715652958,6173.57715653,6173.57715652958
4945,1126.3819851821963,1126.38198518,1126.3819851821963
4946,767.7951164815687,767.795116482,767.7951164815687
4947,4029.1748135832654,4029.17481358,4029.1748135832654
4948,310.07727324466754,310.077273245,310.07727324466754
4949,74.12711655024296,74.1271165502,74.12711655024296
4950,2478.0791122793803,2478.07911228,2478.0791122793803
4951,1701.7107581969428,1701.7107582,1701.7107581969428
4952,8015.930008835843,8015.93000884,8015.930008835843
4953,825.9056966455238,825.905696646,825.9056966455238
4954,2655.746165731711,2655.74616573,2655.746165731711
4955,1190.6584707829243,1190.65847078,1190.6584707829243
4956,1675.865563941129,1675.86556394,1675.865563941129
4957,1747.9231288068877,1747.92312881,1747.9231288068877
4958,3974.465415274613,3974.46541527,3974.465415274613
4959,335.64578651334244,335.645786513,335.64578651334244
4960,3009.5441418161768,3009.54414182,3009.5441418161768
4961,3991.861905134226,3991.86190513,3991.861905134226
4962,2222.180360936818,2222.18036094,2222.180360936818
4963,6962.631888909476,6962.63188891,6962.631888909476
4964,5401.997152634735,5401.99715263,5401.997152634735
4965,272.95457699446956,272.954576994,272.95457699446956
4966,154.35910992447467,154.359109924,154.35910992447467
4967,1437.7969574879908,1437.79695749,1437.7969574879908
4968,2000.8076338911196,2000.80763389,2000.8076338911196
4969,2541.5766032318684,2541.57660323,2541.5766032318684
4970,4629.5244427707885,4629.52444277,4629.5244427707885
4971,4779.190841373025,4779.19084137,4779.190841373025
4972,1657.7145548076726,1657.71455481,1657.7145548076726
4973,413.6076420202119,413.60764202,413.6076420202119
4974,95.6193992198698,95.6193992199,95.6193992198698
4975,1201.5439261272595,1201.54392613,1201.5439261272595
4976,1844.3837885661112,1844.38378857,1844.3837885661112
4977,49.486757220679166,49.4867572207,49.486757220679166
4978,4653.236020208701,4653.23602021,4653.236020208701
4979,6378.261705739949,6378.26170574,6378.261705739949
4980,42.60711041504622,42.607110415,42.60711041504622
4981,880.8071298511369,880.807129851,880.8071298511369
4982,545.4060005807071,545.406000581,545.4060005807071
4983,797.2489729381522,797.248972938,797.2489729381522
4984,1346.7491879476133,1346.74918795,1346.7491879476133
4985,4299.1035592312855,4299.10355923,4299.1035592312855
4986,8823.65953187181,8823.65953187,8823.65953187181
4987,5492.798119409728,5492.79811941,5492.798119409728
4988,2410.676603599184,2410.6766036,2410.676603599184
4989,1449.0337375192464,1449.03373752,1449.0337375192464
4990,348.13351326562895,348.133513266,348.13351326562895
4991,12936.504228175712,12936.5042282,12936.504228175712
4992,2193.274597696936,2193.2745977,2193.274597696936
4993,245.66413897302033,245.664138973,245.66413897302033
4994,442.4625222620474,442.462522262,442.4625222620474
4995,858.3979129708991,858.397912971,858.3979129708991
4996,10758.262870818235,10758.2628708,10758.262870818235
4997,3362.9917068215236,3362.99170682,3362.9917068215236
4998,671.421837810342,671.42183781,671.421837810342
4999,675.5948293262055,675.594829326,675.5948293262055
5000,62.164371262823835,62.1643712628,62.164371262823835
5001,526.9343596436784,526.934359644,526.9343596436784
5002,1761.9566402455896,1761.95664025,1761.9566402455896
5003,6977.948906302273,6977.9489063,6977.948906302273
5004,454.08389760229244,454.083897602,454.08389760229244
5005,5091.249306636983,5091.24930664,5091.249306636983
5006,1468.7867764986927,1468.7867765,1468.7867764986927
5007,6457.860859500511,6457.8608595,6457.860859500511
5008,665.5720732593535,665.572073259,665.5720732593535
5009,2258.788945669795,2258.78894567,2258.788945669795
5010,2270.1983022265244,2270.19830223,2270.1983022265244
5011,1193.4107752984532,1193.4107753,1193.4107752984532
5012,2159.470802840973,2159.47080284,2159.470802840973
5013,324.12526632807715,324.125266328,324.12526632807715
5014,1685.9018315454398,1685.90183155,1685.9018315454398
5015,4911.262563840289,4911.26256384,4911.262563840289
5016,2522.16369035176,2522.16369035,2522.16369035176
5017,715.15947867806,715.159478678,715.15947867806
5018,2240.3602217341117,2240.36022173,2240.3602217341117
5019,4992.3176837632855,4992.31768376,4992.3176837632855
5020,979.6475488996597,979.6475489,979.6475488996597
5021,271.9971183831363,271.997118383,271.9971183831363
5022,2455.1732405182343,2455.17324052,2455.1732405182343
5023,2541.916497144309,2541.91649714,2541.916497144309
5024,379.4512298903342,379.45122989,379.4512298903342
5025,6434.925041299623,6434.9250413,6434.925041299623
5026,1676.0720428264983,1676.07204283,1676.0720428264983
5027,753.5407607731978,753.540760773,753.5407607731978
5028,3173.0331185021746,3173.0331185,3173.0331185021746
5029,141.3119883840932,141.311988384,141.3119883840932
5030,447.4479681151224,447.447968115,447.4479681151224
5031,1097.8701447439894,1097.87014474,1097.8701447439894
5032,3562.182840667435,3562.18284067,3562.182840667435
5033,1263.6066412043883,1263.6066412,1263.6066412043883
5034,881.2379323975877,881.237932398,881.2379323975877
5035,1033.3106128974016,1033.3106129,1033.3106128974016
5036,2231.0002991575375,2231.00029916,2231.0002991575375
5037,1177.3051503271565,1177.30515033,1177.3051503271565
5038,722.3368776672069,722.336877667,722.3368776672069
5039,2905.416559631497,2905.41655963,2905.416559631497
5040,2321.2218237371308,2321.22182374,2321.2218237371308
5041,599.326418315157,599.326418315,599.326418315157
5042,1757.6911790790043,1757.69117908,1757.6911790790043
5043,1141.9839961378445,1141.98399614,1141.9839961378445
5044,2239.0033702615524,2239.00337026,2239.0033702615524
5045,2966.2491080919363,2966.24910809,2966.2491080919363
5046,1012.541057581112,1012.54105758,1012.541057581112
5047,4982.328234327452,4982.32823433,4982.328234327452
5048,598.1886294353118,598.188629435,598.1886294353118
5049,1031.738277145177,1031.73827715,1031.738277145177
5050,4170.305216719991,4170.30521672,4170.305216719991
5051,1911.5197416273438,1911.51974163,1911.5197416273438
5052,2001.0969999958245,2001.097,2001.0969999958245
5053,2045.3644936603064,2045.36449366,2045.3644936603064
5054,4694.012929253369,4694.01292925,4694.012929253369
5055,6040.222892822394,6040.22289282,6040.222892822394
5056,459.29574832629163,459.295748326,459.29574832629163
5057,5947.583428041978,5947.58342804,5947.583428041978
5058,3234.9280618802,3234.92806188,3234.9280618802
5059,1264.0785454015115,1264.0785454,1264.0785454015115
5060,419.99847807838,419.998478078,419.99847807838
5061,329.11199579730237,329.111995797,329.11199579730237
5062,331.0951723341901,331.095172334,331.0951723341901
5063,1240.1524276016714,1240.1524276,1240.1524276016714
5064,554.9360695157642,554.936069516,554.9360695157642
5065,6899.339530535352,6899.33953054,6899.339530535352
5066,2894.616351044739,2894.61635104,2894.616351044739
5067,106.05793783392856,106.057937834,106.05793783392856
5068,1402.9865394121036,1402.98653941,1402.9865394121036
5069,4070.1381569074074,4070.13815691,4070.1381569074074
5070,1696.0842513485622,1696.08425135,1696.0842513485622
5071,4720.5427480749495,4720.54274807,4720.5427480749495
5072,3696.7712298192355,3696.77122982,3696.7712298192355
5073,1872.1286829976284,1872.128683,1872.1286829976284
5074,3491.1074592265145,3491.10745923,3491.1074592265145
5075,1982.2910183805495,1982.29101838,1982.2910183805495
5076,846.7149399117648,846.714939912,846.7149399117648
5077,1887.7513655661542,1887.75136557,1887.7513655661542
5078,706.11236693663,706.112366937,706.11236693663
5079,557.0262803606576,557.026280361,557.0262803606576
5080,2392.836998893629,2392.83699889,2392.836998893629
5081,712.2591138843209,712.259113884,712.2591138843209
5082,3142.995492075806,3142.99549208,3142.995492075806
5083,2118.6299944028547,2118.6299944,2118.6299944028547
5084,749.9265223119185,749.926522312,749.9265223119185
5085,575.7676947678857,575.767694768,575.7676947678857
5086,4850.962990122731,4850.96299012,4850.962990122731
5087,2718.961958505618,2718.96195851,2718.961958505618
5088,1395.817130445806,1395.81713045,1395.817130445806
5089,3121.1109864779546,3121.11098648,3121.1109864779546
5090,419.7793686611631,419.779368661,419.7793686611631
5091,6205.003001493388,6205.00300149,6205.003001493388
5092,456.2343944362882,456.234394436,456.2343944362882
5093,2427.6205622605007,2427.62056226,2427.6205622605007
5094,7372.482830196209,7372.4828302,7372.482830196209
5095,6518.146687287614,6518.14668729,6518.146687287614
5096,7751.934123671742,7751.93412367,7751.934123671742
5097,1022.2062696942501,1022.20626969,1022.2062696942501
5098,566.4803425560564,566.480342556,566.4803425560564
5099,60.255204296335435,60.2552042963,60.255204296335435
5100,3328.519149739591,3328.51914974,3328.519149739591
5101,795.3797656229027,795.379765623,795.3797656229027
5102,3493.7566583939997,3493.75665839,3493.7566583939997
5103,558.5266904399421,558.52669044,558.5266904399421
5104,2456.0467424913263,2456.04674249,2456.0467424913263
5105,726.9150453029833,726.915045303,726.9150453029833
5106,2147.0594199333823,2147.05941993,2147.0594199333823
5107,257.3507730440248,257.350773044,257.3507730440248
5108,2005.6366203995067,2005.6366204,2005.6366203995067
5109,1819.0242792975937,1819.0242793,1819.0242792975937
5110,1169.8625611494458,1169.86256115,1169.8625611494458
5111,967.7653943927512,967.765394393,967.7653943927512
5112,2176.8146990561813,2176.81469906,2176.8146990561813
5113,3154.2435901930917,3154.24359019,3154.2435901930917
5114,5551.277681712017,5551.27768171,5551.277681712017
5115,6572.366055034578,6572.36605503,6572.366055034578
5116,1494.7759764086181,1494.77597641,1494.7759764086181
5117,1562.0681428156067,1562.06814282,1562.0681428156067
5118,715.7113581119421,715.711358112,715.7113581119421
5119,1348.1308639284891,1348.13086393,1348.1308639284891
5120,615.0533037423992,615.053303742,615.0533037423992
5121,4175.61315124035,4175.61315124,4175.61315124035
5122,3078.6770241430063,3078.67702414,3078.6770241430063
5123,5331.676275444645,5331.67627544,5331.676275444645
5124,1479.5138636716547,1479.51386367,1479.5138636716547
5125,6640.070223131925,6640.07022313,6640.070223131925
5126,6929.959268282155,6929.95926828,6929.959268282155
5127,269.0480607688634,269.048060769,269.0480607688634
5128,2463.93771851861,2463.93771852,2463.93771851861
5129,5870.3982781692675,5870.39827817,5870.3982781692675
5130,3080.1933280546195,3080.19332805,3080.1933280546195
5131,6654.368529428104,6654.36852943,6654.368529428104
5132,3959.934721703534,3959.9347217,3959.934721703534
5133,628.2165492383436,628.216549238,628.2165492383436
5134,3763.448328309237,3763.44832831,3763.448328309237
5135,11820.599865189828,11820.5998652,11820.599865189828
5136,1241.276147328078,1241.27614733,1241.276147328078
5137,4471.442113946317,4471.44211395,4471.442113946317
5138,448.6342324221259,448.634232422,448.6342324221259
5139,619.5664977908866,619.566497791,619.5664977908866
5140,939.0526330099149,939.05263301,939.0526330099149
5141,1704.6985591406794,1704.69855914,1704.6985591406794
5142,1855.846167887203,1855.84616789,1855.846167887203
5143,1720.338804713622,1720.33880471,1720.338804713622
5144,2112.3484925559956,2112.34849256,2112.3484925559956
5145,657.1651455329203,657.165145533,657.1651455329203
5146,1244.023202767169,1244.02320277,1244.023202767169
5147,1735.1012016036639,1735.1012016,1735.1012016036639
5148,826.9839522929911,826.983952293,826.9839522929911
5149,785.9194379520675,785.919437952,785.9194379520675
5150,948.2388594374198,948.238859437,948.2388594374198
5151,61.15671105767688,61.1567110577,61.15671105767688
5152,732.5121011605466,732.512101161,732.5121011605466
5153,2317.0409371470564,2317.04093715,2317.0409371470564
5154,3976.433929990688,3976.43392999,3976.433929990688
5155,1671.5482221387442,1671.54822214,1671.5482221387442
5156,216.57200147380092,216.572001474,216.57200147380092
5157,6956.336164515052,6956.33616452,6956.336164515052
5158,78.33968823345717,78.3396882335,78.33968823345717
5159,2903.2061663093546,2903.20616631,2903.2061663093546
5160,2820.0684499828617,2820.06844998,2820.0684499828617
5161,1438.5269336880988,1438.52693369,1438.5269336880988
5162,95.96856387758172,95.9685638776,95.96856387758172
5163,2997.168075069158,2997.16807507,2997.168075069158
5164,1344.262186800302,1344.2621868,1344.262186800302
5165,780.4265003937135,780.426500394,780.4265003937135
5166,1310.098325729011,1310.09832573,1310.098325729011
5167,1638.4379247259876,1638.43792473,1638.4379247259876
5168,2485.340107046281,2485.34010705,2485.340107046281
5169,909.9538780871667,909.953878087,909.9538780871667
5170,1918.200154533228,1918.20015453,1918.200154533228
5171,1586.4543740628098,1586.45437406,1586.4543740628098
5172,292.8578387501031,292.85783875,292.8578387501031
5173,2215.9261664830974,2215.92616648,2215.9261664830974
5174,1879.3493632024042,1879.3493632,1879.3493632024042
5175,11966.741432248606,11966.7414322,11966.741432248606
5176,1922.0409651028933,1922.0409651,1922.0409651028933
5177,1430.3381665970426,1430.3381666,1430.3381665970426
5178,560.9662590345084,560.966259035,560.9662590345084
5179,3389.2114638658713,3389.21146387,3389.2114638658713
5180,1194.2336399669505,1194.23363997,1194.2336399669505
5181,358.79531975073525,358.795319751,358.79531975073525
5182,869.1937814303747,869.19378143,869.1937814303747
5183,592.0482991459344,592.048299146,592.0482991459344
5184,329.82717656319346,329.827176563,329.82717656319346
5185,4575.490187635847,4575.49018764,4575.490187635847
5186,1009.8049528075512,1009.80495281,1009.8049528075512
5187,1496.0790640648956,1496.07906406,1496.0790640648956
5188,3517.836419145256,3517.83641915,3517.836419145256
5189,885.9960089367798,885.996008937,885.9960089367798
5190,3410.709711871601,3410.70971187,3410.709711871601
5191,632.7777758514986,632.777775851,632.7777758514986
5192,6504.310746810112,6504.31074681,6504.310746810112
5193,558.7499538179733,558.749953818,558.7499538179733
5194,3976.5352403401753,3976.53524034,3976.5352403401753
5195,3208.364940046563,3208.36494005,3208.364940046563
5196,827.3102768521081,827.310276852,827.3102768521081
5197,5049.849999452258,5049.84999945,5049.849999452258
5198,2096.307376471368,2096.30737647,2096.307376471368
5199,9484.447665479976,9484.44766548,9484.447665479976
5200,1434.3708146891502,1434.37081469,1434.3708146891502
5201,9061.526365493031,9061.52636549,9061.526365493031
5202,1066.8241211676775,1066.82412117,1066.8241211676775
5203,2415.688284821838,2415.68828482,2415.688284821838
5204,2691.9768659433125,2691.97686594,2691.9768659433125
5205,2340.117158073088,2340.11715807,2340.117158073088
5206,682.9427350280461,682.942735028,682.9427350280461
5207,4617.846827298227,4617.8468273,4617.846827298227
5208,9139.560386778887,9139.56038678,9139.560386778887
5209,875.1817730254476,875.181773025,875.1817730254476
5210,1723.3050961662416,1723.30509617,1723.3050961662416
5211,554.8647004314575,554.864700431,554.8647004314575
5212,184.30140644397756,184.301406444,184.30140644397756
5213,116.17870565890907,116.178705659,116.17870565890907
5214,7084.830111930129,7084.83011193,7084.830111930129
5215,2267.2560170737406,2267.25601707,2267.2560170737406
5216,4823.015001291805,4823.01500129,4823.015001291805
5217,907.4220960239631,907.422096024,907.4220960239631
5218,2559.5809201369807,2559.58092014,2559.5809201369807
5219,13162.26704612814,13162.2670461,13162.26704612814
5220,3608.1363785775857,3608.13637858,3608.1363785775857
5221,3558.2350086568363,3558.23500866,3558.2350086568363
5222,339.2645248812875,339.264524881,339.2645248812875
5223,3972.8011525906422,3972.80115259,3972.8011525906422
5224,2320.6302818322674,2320.63028183,2320.6302818322674
5225,2485.31042035885,2485.31042036,2485.31042035885
5226,2328.984402187243,2328.98440219,2328.984402187243
5227,1735.8427975408392,1735.84279754,1735.8427975408392
5228,1157.0673411822747,1157.06734118,1157.0673411822747
5229,2891.4821783008947,2891.4821783,2891.4821783008947
5230,2191.367775255997,2191.36777526,2191.367775255997
5231,383.6431238188771,383.643123819,383.6431238188771
5232,2506.083277567128,2506.08327757,2506.083277567128
5233,2093.510907553612,2093.51090755,2093.510907553612
5234,1149.8979183809395,1149.89791838,1149.8979183809395
5235,1731.3131902985665,1731.3131903,1731.3131902985665
5236,736.1062616684012,736.106261668,736.1062616684012
5237,155.74430296956334,155.74430297,155.74430296956334
5238,1541.9770730863995,1541.97707309,1541.9770730863995
5239,37.81210976477843,37.8121097648,37.81210976477843
5240,824.3276241068423,824.327624107,824.3276241068423
5241,5947.996742470845,5947.99674247,5947.996742470845
5242,1035.6878698682603,1035.68786987,1035.6878698682603
5243,194.2547831528221,194.254783153,194.2547831528221
5244,405.4126034476593,405.412603448,405.4126034476593
5245,411.3442187809876,411.344218781,411.3442187809876
5246,741.9389676305054,741.938967631,741.9389676305054
5247,1558.2527854380517,1558.25278544,1558.2527854380517
5248,1378.6874908472894,1378.68749085,1378.6874908472894
5249,660.8443445368475,660.844344537,660.8443445368475
5250,789.3783808628897,789.378380863,789.3783808628897
5251,2248.234533671144,2248.23453367,2248.234533671144
5252,146.5879399831342,146.587939983,146.5879399831342
5253,1312.906430095526,1312.9064301,1312.906430095526
5254,1312.2140800051477,1312.21408001,1312.2140800051477
5255,4549.284855902324,4549.2848559,4549.284855902324
5256,182.25156785994236,182.25156786,182.25156785994236
5257,1152.294842535748,1152.29484254,1152.294842535748
5258,1929.8664755474156,1929.86647555,1929.8664755474156
5259,6881.283095790106,6881.28309579,6881.283095790106
5260,3720.067081306122,3720.06708131,3720.067081306122
5261,662.7248193036859,662.724819304,662.7248193036859
5262,320.59484666432354,320.594846664,320.59484666432354
5263,4809.948469598231,4809.9484696,4809.948469598231
5264,1466.158566111855,1466.15856611,1466.158566111855
5265,242.70249197163264,242.702491972,242.70249197163264
5266,1524.494519559574,1524.49451956,1524.494519559574
5267,190.79653064518402,190.796530645,190.79653064518402
5268,292.41883258902664,292.418832589,292.41883258902664
5269,3319.8838992789483,3319.88389928,3319.8838992789483
5270,126.50403541755486,126.504035418,126.50403541755486
5271,2000.9770428267857,2000.97704283,2000.9770428267857
5272,2376.505397059873,2376.50539706,2376.505397059873
5273,160.58819146390806,160.588191464,160.58819146390806
5274,390.12845490363645,390.128454904,390.12845490363645
5275,3044.95061496972,3044.95061497,3044.95061496972
5276,341.9287723973871,341.928772397,341.9287723973871
5277,4357.1918089921,4357.19180899,4357.1918089921
5278,670.6987729913618,670.698772991,670.6987729913618
5279,3359.83684103795,3359.83684104,3359.83684103795
5280,1324.117747718695,1324.11774772,1324.117747718695
5281,1830.4530548054327,1830.45305481,1830.4530548054327
5282,897.9273580514784,897.927358051,897.9273580514784
5283,915.4669700506554,915.466970051,915.4669700506554
5284,318.0653136678827,318.065313668,318.0653136678827
5285,1107.111930915476,1107.11193092,1107.111930915476
5286,128.55839451654842,128.558394517,128.55839451654842
5287,1326.609731065041,1326.60973107,1326.609731065041
5288,854.0161324275663,854.016132428,854.0161324275663
5289,8985.13608279197,8985.13608279,8985.13608279197
5290,2827.4319738392146,2827.43197384,2827.4319738392146
5291,340.14490249915656,340.144902499,340.14490249915656
5292,622.3358593799724,622.33585938,622.3358593799724
5293,253.49230013767016,253.492300138,253.49230013767016
5294,397.1583113776732,397.158311378,397.1583113776732
5295,1095.8514089232451,1095.85140892,1095.8514089232451
5296,2097.030861978577,2097.03086198,2097.030861978577
5297,1988.430611536153,1988.43061154,1988.430611536153
5298,985.9399690167769,985.939969017,985.9399690167769
5299,2421.3657715352924,2421.36577154,2421.3657715352924
5300,2630.591766588062,2630.59176659,2630.591766588062
5301,594.0309313135091,594.030931314,594.0309313135091
5302,397.9988661076729,397.998866108,397.9988661076729
5303,2870.6855575828977,2870.68555758,2870.6855575828977
5304,212.31942647405168,212.319426474,212.31942647405168
5305,2249.2209521481573,2249.22095215,2249.2209521481573
5306,109.85017585358693,109.850175854,109.85017585358693
5307,2078.7224386976122,2078.7224387,2078.7224386976122
5308,1225.5972962204028,1225.59729622,1225.5972962204028
5309,199.23498807194065,199.234988072,199.23498807194065
5310,922.3301352272671,922.330135227,922.3301352272671
5311,1152.0543524311174,1152.05435243,1152.0543524311174
5312,750.8207750013588,750.820775001,750.8207750013588
5313,451.7987898519722,451.798789852,451.7987898519722
5314,4015.7092668305336,4015.70926683,4015.7092668305336
5315,3481.010329799918,3481.0103298,3481.010329799918
5316,2768.3938344888084,2768.39383449,2768.3938344888084
5317,948.7759306317996,948.775930632,948.7759306317996
5318,140.76763278070484,140.767632781,140.76763278070484
5319,12160.343342938553,12160.3433429,12160.343342938553
5320,283.37078832463493,283.370788325,283.37078832463493
5321,5377.242815949031,5377.24281595,5377.242815949031
5322,332.7390875663114,332.739087566,332.7390875663114
5323,94.44574622895865,94.445746229,94.44574622895865
5324,1446.1588912381906,1446.15889124,1446.1588912381906
5325,3674.482672728899,3674.48267273,3674.482672728899
5326,2939.891665008674,2939.89166501,2939.891665008674
5327,494.9574150724677,494.957415072,494.9574150724677
5328,279.34836012230187,279.348360122,279.34836012230187
5329,182.19601785510673,182.196017855,182.19601785510673
5330,957.779107084607,957.779107085,957.779107084607
5331,1207.122206278263,1207.12220628,1207.122206278263
5332,7200.473892353405,7200.47389235,7200.473892353405
5333,1853.9878457083016,1853.98784571,1853.9878457083016
5334,1984.5413787462685,1984.54137875,1984.5413787462685
5335,1533.7434913870775,1533.74349139,1533.7434913870775
5336,703.9300424103016,703.93004241,703.9300424103016
5337,783.1555411123393,783.155541112,783.1555411123393
5338,45.585565636804326,45.5855656368,45.585565636804326
5339,632.5773274491602,632.577327449,632.5773274491602
5340,183.5332176842199,183.533217684,183.5332176842199
5341,56.096553196924894,56.0965531969,56.096553196924894
5342,1345.36463230787,1345.36463231,1345.36463230787
5343,9429.847989544818,9429.84798954,9429.847989544818
5344,7146.60010631321,7146.60010631,7146.60010631321
5345,1193.4204398802813,1193.42043988,1193.4204398802813
5346,2697.6221330185836,2697.62213302,2697.6221330185836
5347,1139.2468477284501,1139.24684773,1139.2468477284501
5348,4918.473607957786,4918.47360796,4918.473607957786
5349,883.9114233374062,883.911423337,883.9114233374062
5350,9751.340236815382,9751.34023682,9751.340236815382
5351,7570.471875622883,7570.47187562,7570.471875622883
5352,3631.1039647901257,3631.10396479,3631.1039647901257
5353,1039.1472131556507,1039.14721316,1039.1472131556507
5354,7942.1068199941865,7942.10681999,7942.1068199941865
5355,1072.7857995550007,1072.78579956,1072.7857995550007
5356,1865.9662630638218,1865.96626306,1865.9662630638218
5357,2441.9835146995492,2441.9835147,2441.9835146995492
5358,1347.7898546864938,1347.78985469,1347.7898546864938
5359,3111.5763019675383,3111.57630197,3111.5763019675383
5360,1744.602030007597,1744.60203001,1744.602030007597
5361,2940.6003046988544,2940.6003047,2940.6003046988544
5362,148.41362359119904,148.413623591,148.41362359119904
5363,3189.1683028659922,3189.16830287,3189.1683028659922
5364,796.9580058131044,796.958005813,796.9580058131044
5365,8079.12207195436,8079.12207195,8079.12207195436
5366,60.44659746484961,60.4465974648,60.44659746484961
5367,751.3050434265751,751.305043427,751.3050434265751
5368,920.876188442088,920.876188442,920.876188442088
5369,2409.627220501866,2409.6272205,2409.627220501866
5370,622.6794307805674,622.679430781,622.6794307805674
5371,204.66422583784794,204.664225838,204.66422583784794
5372,10738.00279175031,10738.0027918,10738.00279175031
5373,529.6393146621299,529.639314662,529.6393146621299
5374,633.1822830920557,633.182283092,633.1822830920557
5375,3448.708744178747,3448.70874418,3448.708744178747
5376,1944.8205381000962,1944.8205381,1944.8205381000962
5377,2116.087178911754,2116.08717891,2116.087178911754
5378,4220.00138658307,4220.00138658,4220.00138658307
5379,187.80414210077382,187.804142101,187.80414210077382
5380,836.9570037837532,836.957003784,836.9570037837532
5381,3635.2126757978017,3635.2126758,3635.2126757978017
5382,8993.927492018422,8993.92749202,8993.927492018422
5383,3184.8874734152655,3184.88747342,3184.8874734152655
5384,5322.011917144879,5322.01191714,5322.011917144879
5385,797.1944875947029,797.194487595,797.1944875947029
5386,433.31822857284453,433.318228573,433.31822857284453
5387,561.3434402358203,561.343440236,561.3434402358203
5388,225.75580913804694,225.755809138,225.75580913804694
5389,847.6609888354508,847.660988835,847.6609888354508
5390,10670.88736102312,10670.887361,10670.88736102312
5391,369.3287998872955,369.328799887,369.3287998872955
5392,2421.854355937872,2421.85435594,2421.8543559378722
5393,838.8071198633135,838.807119863,838.8071198633135
5394,209.65591010942916,209.655910109,209.65591010942916
5395,1617.9431175865748,1617.94311759,1617.9431175865748
5396,4702.442576642503,4702.44257664,4702.442576642503
5397,879.9718793329233,879.971879333,879.9718793329233
5398,537.0122079816501,537.012207982,537.0122079816501
5399,1973.8542844065955,1973.85428441,1973.8542844065955
5400,2669.241934151916,2669.24193415,2669.241934151916
5401,4143.153801015122,4143.15380102,4143.153801015122
5402,707.5383744898916,707.53837449,707.5383744898916
5403,544.9234350411335,544.923435041,544.9234350411335
5404,684.3379508066487,684.337950807,684.3379508066487
5405,724.5782688099368,724.57826881,724.5782688099368
5406,515.3973519958811,515.397351996,515.3973519958811
5407,4741.736119482956,4741.73611948,4741.736119482956
5408,617.7115677252256,617.711567725,617.7115677252256
5409,1595.3552768997151,1595.3552769,1595.3552768997151
5410,1469.6666617222284,1469.66666172,1469.6666617222284
5411,975.0826501187008,975.082650119,975.0826501187008
5412,503.39687073547043,503.396870735,503.39687073547043
5413,1072.7632216884383,1072.76322169,1072.7632216884383
5414,255.45087731640126,255.450877316,255.45087731640126
5415,798.4901187808804,798.490118781,798.4901187808804
5416,1069.0883958310155,1069.08839583,1069.0883958310155
5417,1199.3652564326057,1199.36525643,1199.3652564326057
5418,3246.295630542077,3246.29563054,3246.295630542077
5419,455.90457892759366,455.904578928,455.90457892759366
5420,794.4133405500276,794.41334055,794.4133405500276
5421,4573.246597100327,4573.2465971,4573.246597100327
5422,1358.9689774910241,1358.96897749,1358.9689774910241
5423,884.4105985947697,884.410598595,884.4105985947697
5424,919.5539081191974,919.553908119,919.5539081191974
5425,1042.2780894506016,1042.27808945,1042.2780894506016
5426,2204.4593345217518,2204.45933452,2204.4593345217518
5427,3476.5144661782115,3476.51446618,3476.5144661782115
5428,7026.360348256739,7026.36034826,7026.360348256739
5429,1963.573807604277,1963.5738076,1963.573807604277
5430,5364.758628730814,5364.75862873,5364.758628730814
5431,280.9945292737355,280.994529274,280.9945292737355
5432,114.99629635373032,114.996296354,114.99629635373032
5433,1511.9976246689207,1511.99762467,1511.9976246689207
5434,16329.368687667658,16329.3686877,16329.368687667658
5435,4430.073155410522,4430.07315541,4430.073155410522
5436,3838.0552054456425,3838.05520545,3838.0552054456425
5437,2283.807711669335,2283.80771167,2283.807711669335
5438,7630.026208653011,7630.02620865,7630.026208653011
5439,976.6688084558119,976.668808456,976.6688084558119
5440,1489.117889373669,1489.11788937,1489.117889373669
5441,63.09764251938307,63.0976425194,63.09764251938307
5442,324.84123772006444,324.84123772,324.84123772006444
5443,2650.401424214653,2650.40142421,2650.401424214653
5444,13.952094446258355,13.9520944463,13.952094446258355
5445,939.6923358013746,939.692335801,939.6923358013746
5446,1970.7538980876336,1970.75389809,1970.7538980876336
5447,3324.8512811861033,3324.85128119,3324.8512811861033
5448,2153.814808053851,2153.81480805,2153.814808053851
5449,345.01428321468654,345.014283215,345.01428321468654
5450,1345.606744281837,1345.60674428,1345.606744281837
5451,19.610780357925286,19.6107803579,19.610780357925286
5452,670.9271827971944,670.927182797,670.9271827971944
5453,4283.433405252117,4283.43340525,4283.433405252117
5454,2363.5117685071255,2363.51176851,2363.5117685071255
5455,2832.6867646861565,2832.68676469,2832.6867646861565
5456,1788.6822671121658,1788.68226711,1788.6822671121658
5457,311.26417474106154,311.264174741,311.26417474106154
5458,1799.4458814053778,1799.44588141,1799.4458814053778
5459,447.20769359034074,447.20769359,447.20769359034074
5460,2058.9797303470314,2058.97973035,2058.9797303470314
5461,2440.915979797861,2440.9159798,2440.915979797861
5462,199.54590704455694,199.545907045,199.54590704455694
5463,352.25952448404513,352.259524484,352.25952448404513
5464,953.2434192614024,953.243419261,953.2434192614024
5465,1362.7291348577912,1362.72913486,1362.7291348577912
5466,3195.716322761816,3195.71632276,3195.716322761816
5467,873.4206348964273,873.420634896,873.4206348964273
5468,836.9953027009838,836.995302701,836.9953027009838
5469,2437.0942500542833,2437.09425005,2437.0942500542833
5470,1777.781741910879,1777.78174191,1777.781741910879
5471,1091.520264267145,1091.52026427,1091.520264267145
5472,1784.7900714610505,1784.79007146,1784.7900714610505
5473,3015.8393007462487,3015.83930075,3015.8393007462487
5474,2083.6694239933645,2083.66942399,2083.6694239933645
5475,1617.5432381102003,1617.54323811,1617.5432381102003
5476,319.21161913896265,319.211619139,319.21161913896265
5477,2311.7767171351766,2311.77671714,2311.7767171351766
5478,2481.2534215033315,2481.2534215,2481.2534215033315
5479,3446.9139913365298,3446.91399134,3446.9139913365298
5480,4010.549100893968,4010.54910089,4010.549100893968
5481,2483.826709417853,2483.82670942,2483.826709417853
5482,2278.1966738043097,2278.1966738,2278.1966738043097
5483,2706.713791431696,2706.71379143,2706.713791431696
5484,539.5156221796569,539.51562218,539.5156221796569
5485,3405.0462547139846,3405.04625471,3405.0462547139846
5486,1801.5645613968509,1801.5645614,1801.5645613968509
5487,2204.3120575456223,2204.31205755,2204.3120575456223
5488,1089.154290183659,1089.15429018,1089.154290183659
5489,1185.670764804426,1185.6707648,1185.670764804426
5490,2212.9512519813975,2212.95125198,2212.9512519813975
5491,1242.4274014512928,1242.42740145,1242.4274014512928
5492,2120.223715861859,2120.22371586,2120.223715861859
5493,4727.609609490018,4727.60960949,4727.609609490018
5494,1186.6410949965698,1186.641095,1186.6410949965698
5495,1223.2540426921726,1223.25404269,1223.2540426921726
5496,1899.9161294025264,1899.9161294,1899.9161294025264
5497,5629.61537460787,5629.61537461,5629.61537460787
5498,12474.68084168906,12474.6808417,12474.68084168906
5499,4798.190921115061,4798.19092112,4798.190921115061
5500,1471.82031085747,1471.82031086,1471.82031085747
5501,659.8027250543764,659.802725054,659.8027250543764
5502,8577.830095333666,8577.83009533,8577.830095333666
5503,3961.0230809306686,3961.02308093,3961.0230809306686
5504,3864.0675450985823,3864.0675451,3864.0675450985823
5505,1444.1863894796725,1444.18638948,1444.1863894796725
5506,5037.7124969628785,5037.71249696,5037.7124969628785
5507,201.6984476183602,201.698447618,201.6984476183602
5508,557.3792847297434,557.37928473,557.3792847297434
5509,1085.0744210371568,1085.07442104,1085.0744210371568
5510,902.7775041206881,902.777504121,902.7775041206881
5511,1204.377447932815,1204.37744793,1204.377447932815
5512,402.91596202380777,402.915962024,402.91596202380777
5513,258.14571059419217,258.145710594,258.14571059419217
5514,4564.502336433443,4564.50233643,4564.502336433443
5515,463.14849159377326,463.148491594,463.14849159377326
5516,2457.5754023556506,2457.57540236,2457.5754023556506
5517,3305.852135206882,3305.85213521,3305.852135206882
5518,3822.5254126711416,3822.52541267,3822.5254126711416
5519,1991.458804816416,1991.45880482,1991.458804816416
5520,513.9259503631645,513.925950363,513.9259503631645
5521,899.1525480820662,899.152548082,899.1525480820662
5522,235.21929583503146,235.219295835,235.21929583503146
5523,3180.1295864085732,3180.12958641,3180.1295864085732
5524,5020.764763770543,5020.76476377,5020.764763770543
5525,883.8772690148633,883.877269015,883.8772690148633
5526,6889.602447982459,6889.60244798,6889.602447982459
5527,4288.550706020042,4288.55070602,4288.550706020042
5528,4160.563165928627,4160.56316593,4160.563165928627
5529,351.44155304945565,351.441553049,351.44155304945565
5530,2929.0202329457693,2929.02023295,2929.0202329457693
5531,1061.2800626070493,1061.28006261,1061.2800626070493
5532,3686.6437019716127,3686.64370197,3686.6437019716127
5533,467.45187348032204,467.45187348,467.45187348032204
5534,84.91499600564569,84.9149960056,84.91499600564569
5535,1320.0374169408224,1320.03741694,1320.0374169408224
5536,35.78659145967476,35.7865914597,35.78659145967476
5537,3694.8057984859984,3694.80579849,3694.8057984859984
5538,1505.0389592144975,1505.03895921,1505.0389592144975
5539,1911.782432598079,1911.7824326,1911.782432598079
5540,106.41435820558483,106.414358206,106.41435820558483
5541,914.4303410859409,914.430341086,914.4303410859409
5542,411.19077045270393,411.190770453,411.19077045270393
5543,490.11995632369116,490.119956324,490.11995632369116
5544,2060.3734789964046,2060.373479,2060.3734789964046
5545,4724.590119644302,4724.59011964,4724.590119644302
5546,4883.857366832743,4883.85736683,4883.857366832743
5547,44.71066350451508,44.7106635045,44.71066350451508
5548,1125.773969791102,1125.77396979,1125.773969791102
5549,2158.7113728877443,2158.71137289,2158.7113728877443
5550,1646.4021499077826,1646.40214991,1646.4021499077826
5551,5912.9257891118295,5912.92578911,5912.9257891118295
5552,1308.5524254967738,1308.5524255,1308.5524254967738
5553,1167.437577276529,1167.43757728,1167.437577276529
5554,4973.316339304542,4973.3163393,4973.316339304542
5555,13274.92826277014,13274.9282628,13274.92826277014
5556,2029.023850195611,2029.0238502,2029.023850195611
5557,438.11720842863446,438.117208429,438.11720842863446
5558,4124.277602996546,4124.277603,4124.277602996546
5559,4888.219585097198,4888.2195851,4888.219585097198
5560,3982.578142973235,3982.57814297,3982.578142973235
5561,4019.450305557554,4019.45030556,4019.450305557554
5562,1260.3796889075434,1260.37968891,1260.3796889075434
5563,36.288019120147275,36.2880191201,36.288019120147275
5564,912.3090247694231,912.309024769,912.3090247694231
5565,366.73884685599853,366.738846856,366.73884685599853
5566,1581.73844022806,1581.73844023,1581.73844022806
5567,5070.891550782675,5070.89155078,5070.891550782675
5568,4457.734375690488,4457.73437569,4457.734375690488
5569,126.1317096973994,126.131709697,126.1317096973994
5570,1343.582263343864,1343.58226334,1343.582263343864
5571,596.6464953227886,596.646495323,596.6464953227886
5572,4674.927716535577,4674.92771654,4674.927716535577
5573,228.11698527460277,228.116985275,228.11698527460277
5574,597.8623227827973,597.862322783,597.8623227827973
5575,2423.8942374675626,2423.89423747,2423.8942374675626
5576,2155.079382443525,2155.07938244,2155.079382443525
5577,1461.1703220239738,1461.17032202,1461.1703220239738
5578,4743.84930134795,4743.84930135,4743.84930134795
5579,481.94014758443143,481.940147584,481.94014758443143
5580,3287.2012078180214,3287.20120782,3287.2012078180214
5581,4761.29330331981,4761.29330332,4761.29330331981
5582,1455.0369681604327,1455.03696816,1455.0369681604327
5583,547.4525033809742,547.452503381,547.4525033809742
5584,285.20138739403825,285.201387394,285.20138739403825
5585,501.64847661621405,501.648476616,501.64847661621405
5586,2068.3867602245846,2068.38676022,2068.3867602245846
5587,8118.879262911983,8118.87926291,8118.879262911983
5588,2226.307935593304,2226.30793559,2226.307935593304
5589,1153.681068891246,1153.68106889,1153.681068891246
5590,2933.0065492611197,2933.00654926,2933.0065492611197
5591,150.59621576435285,150.596215764,150.59621576435285
5592,349.0347215575822,349.034721558,349.0347215575822
5593,2029.2957347375313,2029.29573474,2029.2957347375313
5594,643.5026728906146,643.502672891,643.5026728906146
5595,1164.498077717022,1164.49807772,1164.498077717022
5596,3853.3125859782913,3853.31258598,3853.3125859782913
5597,816.0161267813211,816.016126781,816.0161267813211
5598,404.2787360792177,404.278736079,404.2787360792177
5599,12158.38316567672,12158.3831657,12158.38316567672
5600,1726.919960022749,1726.91996002,1726.919960022749
5601,1233.255934493585,1233.25593449,1233.255934493585
5602,10045.60617223626,10045.6061722,10045.60617223626
5603,69.68682015922536,69.6868201592,69.68682015922536
5604,3906.281621217343,3906.28162122,3906.281621217343
5605,1015.6666880544653,1015.66668805,1015.6666880544653
5606,3115.6566932964515,3115.6566933,3115.6566932964515
5607,3027.398115391201,3027.39811539,3027.398115391201
5608,202.6880757872492,202.688075787,202.6880757872492
5609,2530.4098599254357,2530.40985993,2530.4098599254357
5610,348.6835660026535,348.683566003,348.6835660026535
5611,2703.0454319351093,2703.04543194,2703.0454319351093
5612,2984.426089950437,2984.42608995,2984.426089950437
5613,6547.839200058846,6547.83920006,6547.839200058846
5614,2192.203155809794,2192.20315581,2192.203155809794
5615,2913.235011256141,2913.23501126,2913.235011256141
5616,550.0794635639392,550.079463564,550.0794635639392
5617,2633.224265824445,2633.22426582,2633.224265824445
5618,995.6293819173305,995.629381917,995.6293819173305
5619,1990.2377232900526,1990.23772329,1990.2377232900526
5620,2424.1149145720974,2424.11491457,2424.1149145720974
5621,73.90852701661402,73.9085270166,73.90852701661402
5622,1272.1445730701323,1272.14457307,1272.1445730701323
5623,1616.0458440883324,1616.04584409,1616.0458440883324
5624,877.0623846294735,877.062384629,877.0623846294735
5625,2295.7128633131683,2295.71286331,2295.7128633131683
5626,2437.3421906036324,2437.3421906,2437.3421906036324
5627,641.4428407523642,641.442840752,641.4428407523642
5628,5934.411679272526,5934.41167927,5934.411679272526
5629,2238.401594360335,2238.40159436,2238.401594360335
5630,2515.6686543339665,2515.66865433,2515.6686543339665
5631,377.15469798021024,377.15469798,377.15469798021024
5632,218.4708756943619,218.470875694,218.4708756943619
5633,712.4498258263003,712.449825826,712.4498258263003
5634,2914.203182808634,2914.20318281,2914.203182808634
5635,75.94868832895179,75.948688329,75.94868832895179
5636,577.0502523798291,577.05025238,577.0502523798291
5637,2753.0539509226514,2753.05395092,2753.0539509226514
5638,721.8413131444067,721.841313144,721.8413131444067
5639,1611.5887478371044,1611.58874784,1611.5887478371044
5640,257.98675146760064,257.986751468,257.98675146760064
5641,1184.7535366705617,1184.75353667,1184.7535366705617
5642,949.800776226132,949.800776226,949.800776226132
5643,10405.926195684422,10405.9261957,10405.926195684422
5644,1189.7868933724367,1189.78689337,1189.7868933724367
5645,3232.784517743653,3232.78451774,3232.784517743653
5646,525.8726125368454,525.872612537,525.8726125368454
5647,379.30066163316155,379.300661633,379.30066163316155
5648,259.11564225421944,259.115642254,259.11564225421944
5649,5281.283052250166,5281.28305225,5281.283052250166
5650,2823.7208883803123,2823.72088838,2823.7208883803123
5651,909.6175350498763,909.61753505,909.6175350498763
5652,426.2380081731289,426.238008173,426.2380081731289
5653,183.54213625002885,183.54213625,183.54213625002885
5654,446.1670466394345,446.167046639,446.1670466394345
5655,296.3388544246477,296.338854425,296.3388544246477
5656,2097.5551211192756,2097.55512112,2097.5551211192756
5657,747.4735955384132,747.473595538,747.4735955384132
5658,635.0907846505502,635.090784651,635.0907846505502
5659,883.769262242097,883.769262242,883.769262242097
5660,1472.118917145516,1472.11891715,1472.118917145516
5661,13518.07401129148,13518.0740113,13518.07401129148
5662,433.1005478244767,433.100547824,433.1005478244767
5663,572.7598556783214,572.759855678,572.7598556783214
5664,1787.8934009183563,1787.89340092,1787.8934009183563
5665,7856.174281261462,7856.17428126,7856.174281261462
5666,206.65023377022916,206.65023377,206.65023377022916
5667,2254.645726786504,2254.64572679,2254.645726786504
5668,2169.467449868168,2169.46744987,2169.467449868168
5669,2189.202088883478,2189.20208888,2189.202088883478
5670,1913.7565347084005,1913.75653471,1913.7565347084005
5671,416.21803019705743,416.218030197,416.21803019705743
5672,421.47990103891954,421.479901039,421.47990103891954
5673,4475.486794256937,4475.48679426,4475.486794256937
5674,156.11230927344354,156.112309273,156.11230927344354
5675,1447.1473601342066,1447.14736013,1447.1473601342066
5676,112.5351301902677,112.53513019,112.5351301902677
5677,222.1448841931172,222.144884193,222.1448841931172
5678,562.2784688896094,562.27846889,562.2784688896094
5679,1776.9060815635123,1776.90608156,1776.9060815635123
5680,252.8799840113548,252.879984011,252.8799840113548
5681,873.9681832130844,873.968183213,873.9681832130844
5682,43.22863651297158,43.228636513,43.22863651297158
5683,4691.8767358255545,4691.87673583,4691.8767358255545
5684,844.2984240428158,844.298424043,844.2984240428158
5685,1063.9496183545941,1063.94961835,1063.9496183545941
5686,5734.878745083242,5734.87874508,5734.878745083242
5687,2576.187489209812,2576.18748921,2576.187489209812
5688,1115.152107766182,1115.15210777,1115.152107766182
5689,3396.972590348818,3396.97259035,3396.972590348818
5690,386.2618583793862,386.261858379,386.2618583793862
5691,532.7938763502933,532.79387635,532.7938763502933
5692,5019.872467303636,5019.8724673,5019.872467303636
5693,3512.0742832949873,3512.07428329,3512.0742832949873
5694,8290.915717341197,8290.91571734,8290.915717341197
5695,2716.70299983178,2716.70299983,2716.70299983178
5696,241.6647745690894,241.664774569,241.6647745690894
5697,863.1025225468477,863.102522547,863.1025225468477
5698,1165.9840129463053,1165.98401295,1165.9840129463053
5699,3705.78991135413,3705.78991135,3705.78991135413
5700,506.58458253689935,506.584582537,506.58458253689935
5701,48.22348637533304,48.2234863753,48.22348637533304
5702,5313.923164963424,5313.92316496,5313.923164963424
5703,3284.468304389267,3284.46830439,3284.468304389267
5704,761.2314706712459,761.231470671,761.2314706712459
5705,764.3842499196613,764.38424992,764.3842499196613
5706,527.398094237577,527.398094238,527.398094237577
5707,3769.01952185059,3769.01952185,3769.01952185059
5708,2863.1023117382992,2863.10231174,2863.1023117382992
5709,2420.5263783020005,2420.5263783,2420.5263783020005
5710,3022.8454650049293,3022.845465,3022.8454650049293
5711,2581.2396506692594,2581.23965067,2581.2396506692594
5712,6932.241813003147,6932.241813,6932.241813003147
5713,530.3701205580315,530.370120558,530.3701205580315
5714,184.5988492392927,184.598849239,184.5988492392927
5715,1990.7546350240314,1990.75463502,1990.7546350240314
5716,422.55588896123066,422.555888961,422.55588896123066
5717,578.3316795357539,578.331679536,578.3316795357539
5718,8886.554839316032,8886.55483932,8886.554839316032
5719,1023.0017411754703,1023.00174118,1023.0017411754703
5720,1254.6284500674155,1254.62845007,1254.6284500674155
5721,179.32154960479525,179.321549605,179.32154960479525
5722,1327.0832608594578,1327.08326086,1327.0832608594578
5723,692.6022264468836,692.602226447,692.6022264468836
5724,1870.3778490697866,1870.37784907,1870.3778490697866
5725,6134.635321879291,6134.63532188,6134.635321879291
5726,2282.3080772754156,2282.30807728,2282.3080772754156
5727,4581.305892654751,4581.30589265,4581.305892654751
5728,88.56917385620102,88.5691738562,88.56917385620102
5729,258.8047841381099,258.804784138,258.8047841381099
5730,1262.5149687421367,1262.51496874,1262.5149687421367
5731,8866.21727788242,8866.21727788,8866.21727788242
5732,3019.832449982063,3019.83244998,3019.832449982063
5733,316.82045923511055,316.820459235,316.82045923511055
5734,414.58906951349576,414.589069513,414.58906951349576
5735,2049.803906755617,2049.80390676,2049.803906755617
5736,475.7037535161248,475.703753516,475.7037535161248
5737,3287.6471929047552,3287.6471929,3287.6471929047552
5738,936.0417323098666,936.04173231,936.0417323098666
5739,4108.904063466437,4108.90406347,4108.904063466437
5740,3274.2332528524016,3274.23325285,3274.2332528524016
5741,978.5278631688484,978.527863169,978.5278631688484
5742,2782.0254456852153,2782.02544569,2782.0254456852153
5743,2466.2280780270576,2466.22807803,2466.2280780270576
5744,1741.2122661474045,1741.21226615,1741.2122661474045
5745,8254.734368838881,8254.73436884,8254.734368838881
5746,4800.22600902009,4800.22600902,4800.22600902009
5747,46.97334552126265,46.9733455213,46.97334552126265
5748,819.7704184862702,819.770418486,819.7704184862702
5749,1226.4776284412317,1226.47762844,1226.4776284412317
5750,4455.261933204031,4455.2619332,4455.261933204031
5751,794.8463099197278,794.84630992,794.8463099197278
5752,1305.8242408146286,1305.82424081,1305.8242408146286
5753,171.52390931481605,171.523909315,171.52390931481605
5754,407.9750787339121,407.975078734,407.9750787339121
5755,864.2941376063059,864.294137606,864.2941376063059
5756,1574.1585165057713,1574.15851651,1574.1585165057713
5757,2387.3671499384727,2387.36714994,2387.3671499384727
5758,3394.2049849069567,3394.20498491,3394.2049849069567
5759,3231.649111291839,3231.64911129,3231.649111291839
5760,792.1735016330023,792.173501633,792.1735016330023
5761,2876.783536813938,2876.78353681,2876.783536813938
5762,502.02848273876367,502.028482739,502.02848273876367
5763,147.53989634576152,147.539896346,147.53989634576152
5764,3117.092043267126,3117.09204327,3117.092043267126
5765,3369.866852603294,3369.8668526,3369.866852603294
5766,4372.655602540602,4372.65560254,4372.655602540602
5767,424.37649736426675,424.376497364,424.37649736426675
5768,361.30066895631927,361.300668956,361.30066895631927
5769,3179.294747545659,3179.29474755,3179.294747545659
5770,1843.4188412818,1843.41884128,1843.4188412818
5771,1019.808729174639,1019.80872917,1019.808729174639
5772,3768.0147966033155,3768.0147966,3768.0147966033155
5773,194.92667896009524,194.92667896,194.92667896009524
5774,263.82546154347585,263.825461543,263.82546154347585
5775,2334.088612386833,2334.08861239,2334.088612386833
5776,1463.8363998779982,1463.83639988,1463.8363998779982
5777,2661.2373658971624,2661.2373659,2661.2373658971624
5778,1032.5928230579798,1032.59282306,1032.5928230579798
5779,2562.7430517240828,2562.74305172,2562.7430517240828
5780,718.6514389760264,718.651438976,718.6514389760264
5781,733.5576181086968,733.557618109,733.5576181086968
5782,1471.1737452477357,1471.17374525,1471.1737452477357
5783,1880.343919100632,1880.3439191,1880.343919100632
5784,1140.4702194951483,1140.4702195,1140.4702194951483
5785,484.302325294333,484.302325294,484.302325294333
5786,495.59517754819285,495.595177548,495.59517754819285
5787,1044.220733392673,1044.22073339,1044.220733392673
5788,1850.0687372646028,1850.06873726,1850.0687372646028
5789,100.0426465934739,100.042646593,100.0426465934739
5790,691.0731897176828,691.073189718,691.0731897176828
5791,5540.417663489161,5540.41766349,5540.417663489161
5792,1003.7231799183706,1003.72317992,1003.7231799183706
5793,1084.670699084956,1084.67069908,1084.670699084956
5794,3592.084390150605,3592.08439015,3592.084390150605
5795,845.6619188866598,845.661918887,845.6619188866598
5796,7119.5745805589495,7119.57458056,7119.5745805589495
5797,1215.2794446116445,1215.27944461,1215.2794446116445
5798,1039.6493938443343,1039.64939384,1039.6493938443343
5799,3160.9710025243685,3160.97100252,3160.9710025243685
5800,673.7522959278222,673.752295928,673.7522959278222
5801,931.195432598185,931.195432598,931.195432598185
5802,788.5772580681473,788.577258068,788.5772580681473
5803,5617.169941187117,5617.16994119,5617.169941187117
5804,1800.0693170932711,1800.06931709,1800.0693170932711
5805,1043.5944349470585,1043.59443495,1043.5944349470585
5806,1100.244446129183,1100.24444613,1100.244446129183
5807,4304.968033492767,4304.96803349,4304.968033492767
5808,307.4707511634806,307.470751163,307.4707511634806
5809,597.1462904201027,597.14629042,597.1462904201027
5810,1190.832765924412,1190.83276592,1190.832765924412
5811,375.7306798721326,375.730679872,375.7306798721326
5812,8464.040682651326,8464.04068265,8464.040682651326
5813,2906.391189499829,2906.3911895,2906.391189499829
5814,3052.8063651098464,3052.80636511,3052.8063651098464
5815,768.494593194613,768.494593195,768.494593194613
5816,653.2323350808955,653.232335081,653.2323350808955
5817,1339.167859984429,1339.16785998,1339.167859984429
5818,107.52720299555102,107.527202996,107.52720299555102
5819,1887.8014618446273,1887.80146184,1887.8014618446273
5820,1973.735820203352,1973.7358202,1973.735820203352
5821,140.07458953880104,140.074589539,140.07458953880104
5822,3173.2947267129744,3173.29472671,3173.2947267129744
5823,1514.7082596393846,1514.70825964,1514.7082596393846
5824,2443.7648186313118,2443.76481863,2443.7648186313118
5825,546.9491570927589,546.949157093,546.9491570927589
5826,843.5043317548548,843.504331755,843.5043317548548
5827,5679.833618435994,5679.83361844,5679.833618435994
5828,5324.718348885164,5324.71834889,5324.718348885164
5829,452.90701762586474,452.907017626,452.90701762586474
5830,810.0248468794771,810.024846879,810.0248468794771
5831,1981.9529434751573,1981.95294348,1981.9529434751573
5832,329.6432680472251,329.643268047,329.6432680472251
5833,4174.175122155876,4174.17512216,4174.175122155876
5834,3611.075346366611,3611.07534637,3611.075346366611
5835,1544.2553660479018,1544.25536605,1544.2553660479018
5836,370.6010376533294,370.601037653,370.6010376533294
5837,4236.4985272302165,4236.49852723,4236.4985272302165
5838,485.17994736421394,485.179947364,485.17994736421394
5839,169.6376652790616,169.637665279,169.6376652790616
5840,1735.4445923082255,1735.44459231,1735.4445923082255
5841,13201.3965970144,13201.396597,13201.3965970144
5842,4356.014304711832,4356.01430471,4356.014304711832
5843,1054.2189608023248,1054.2189608,1054.2189608023248
5844,91.69121523346632,91.6912152335,91.69121523346632
5845,964.1324416504781,964.13244165,964.1324416504781
5846,2001.7017498904443,2001.70174989,2001.7017498904443
5847,2908.176655418225,2908.17665542,2908.176655418225
5848,239.20682580729772,239.206825807,239.20682580729772
5849,2886.478850111732,2886.47885011,2886.478850111732
5850,245.7843643024304,245.784364302,245.7843643024304
5851,435.48329897584614,435.483298976,435.48329897584614
5852,1333.369737178694,1333.36973718,1333.369737178694
5853,4607.519645338241,4607.51964534,4607.519645338241
5854,283.159667125468,283.159667125,283.159667125468
5855,749.0431850653227,749.043185065,749.0431850653227
5856,6747.701521910854,6747.70152191,6747.701521910854
5857,3397.7911300877076,3397.79113009,3397.7911300877076
5858,87.39654799474505,87.3965479947,87.39654799474505
5859,299.8661214616343,299.866121462,299.8661214616343
5860,1334.5551755683432,1334.55517557,1334.5551755683432
5861,3043.8998983902616,3043.89989839,3043.8998983902616
5862,2421.485828789022,2421.48582879,2421.485828789022
5863,745.691981690601,745.691981691,745.691981690601
5864,1924.7813450317342,1924.78134503,1924.7813450317342
5865,1101.5068436466777,1101.50684365,1101.5068436466777
5866,4131.1959907380615,4131.19599074,4131.1959907380615
5867,1410.1451169787845,1410.14511698,1410.1451169787845
5868,2159.337638969292,2159.33763897,2159.337638969292
5869,3836.1953072616197,3836.19530726,3836.1953072616197
5870,3712.9222611846,3712.92226118,3712.9222611846
5871,1878.549123821991,1878.54912382,1878.549123821991
5872,1188.608638253953,1188.60863825,1188.608638253953
5873,867.3669349982299,867.366934998,867.3669349982299
5874,1173.0828088670396,1173.08280887,1173.0828088670396
5875,6897.424442438977,6897.42444244,6897.424442438977
5876,8417.418024695602,8417.4180247,8417.418024695602
5877,1519.490270831491,1519.49027083,1519.490270831491
5878,102.8768125531962,102.876812553,102.8768125531962
5879,3375.2618770418558,3375.26187704,3375.2618770418558
5880,5854.260467843579,5854.26046784,5854.260467843579
5881,1030.1940862142558,1030.19408621,1030.1940862142558
5882,9645.246779017889,9645.24677902,9645.246779017889
5883,3273.112625468804,3273.11262547,3273.112625468804
5884,3662.241391238333,3662.24139124,3662.241391238333
5886,2353.0017133950505,2353.0017134,2353.0017133950505
5887,145.18634053902542,145.186340539,145.18634053902542
5888,6346.900332875481,6346.90033288,6346.900332875481
5889,11319.609481703721,11319.6094817,11319.609481703721
5890,2478.481651355717,2478.48165136,2478.481651355717
5891,2936.066293272082,2936.06629327,2936.066293272082
5892,1221.974260526363,1221.97426053,1221.974260526363
5893,367.23993811318405,367.239938113,367.23993811318405
5894,2048.636093742864,2048.63609374,2048.636093742864
5895,113.72237431322534,113.722374313,113.72237431322534
5896,469.1739679492345,469.173967949,469.1739679492345
5897,2358.277729768059,2358.27772977,2358.277729768059
5898,1235.1423531298278,1235.14235313,1235.1423531298278
5899,1500.1146108776643,1500.11461088,1500.1146108776643
5900,481.86447113340984,481.864471133,481.86447113340984
5901,4594.626277325001,4594.62627733,4594.626277325001
5902,2073.3062576492025,2073.30625765,2073.3062576492025
5903,5194.805416016814,5194.80541602,5194.805416016814
5904,7163.1740896680385,7163.17408967,7163.1740896680385
5905,37.71543844496509,37.715438445,37.71543844496509
5906,2438.542896733648,2438.54289673,2438.542896733648
5907,4319.943656930168,4319.94365693,4319.943656930168
5908,1042.1082986081828,1042.10829861,1042.1082986081828
5909,1516.995623508077,1516.99562351,1516.995623508077
5910,781.2181429599163,781.21814296,781.2181429599163
5911,352.55890723172905,352.558907232,352.55890723172905
5912,3863.865269919083,3863.86526992,3863.865269919083
5913,1299.0762763522785,1299.07627635,1299.0762763522785
5914,1972.125532957555,1972.12553296,1972.125532957555
5915,1500.6855063713704,1500.68550637,1500.6855063713704
5916,1991.2539422188265,1991.25394222,1991.2539422188265
5917,6021.771599834545,6021.77159983,6021.771599834545
5918,414.24867862779513,414.248678628,414.24867862779513
5919,1112.6220971422088,1112.62209714,1112.6220971422088
5920,1087.5896458582279,1087.58964586,1087.5896458582279
5921,3187.764693880689,3187.76469388,3187.764693880689
5922,3872.2541626539482,3872.25416265,3872.2541626539482
5923,598.5479670067464,598.547967007,598.5479670067464
5924,1505.2907433787334,1505.29074338,1505.2907433787334
5925,4011.184119076893,4011.18411908,4011.184119076893
5926,2015.9149838357894,2015.91498384,2015.9149838357894
5927,8437.036257957567,8437.03625796,8437.036257957567
5928,696.4922836750198,696.492283675,696.4922836750198
5929,4863.4476579764705,4863.44765798,4863.4476579764705
5930,57.193025669685525,57.1930256697,57.193025669685525
5931,2878.573621842079,2878.57362184,2878.573621842079
5932,2130.7689772783724,2130.76897728,2130.7689772783724
5933,60.65914643435187,60.6591464344,60.65914643435187
5934,1529.7119565248183,1529.71195652,1529.7119565248183
5935,7127.124946495725,7127.1249465,7127.124946495725
5936,1368.9327587803891,1368.93275878,1368.9327587803891
5937,646.0051662380183,646.005166238,646.0051662380183
5938,4789.889561807505,4789.88956181,4789.889561807505
5939,6003.382774982365,6003.38277498,6003.382774982365
5940,3784.5351647685993,3784.53516477,3784.5351647685993
5941,10426.369403185356,10426.3694032,10426.369403185356
5942,798.9820759959921,798.982075996,798.9820759959921
5943,2422.891330199462,2422.8913302,2422.891330199462
5944,982.23844530208,982.238445302,982.23844530208
5945,3892.521932413451,3892.52193241,3892.521932413451
5946,3375.811046411164,3375.81104641,3375.811046411164
5947,4921.910580358098,4921.91058036,4921.910580358098
5948,1530.94674757797,1530.94674758,1530.94674757797
5949,1467.7250972105332,1467.72509721,1467.7250972105332
5950,2274.5645261500817,2274.56452615,2274.5645261500817
5951,2117.482551047818,2117.48255105,2117.482551047818
5952,2592.0501572003127,2592.0501572,2592.0501572003127
5953,3340.637768730901,3340.63776873,3340.637768730901
5954,4322.754662054577,4322.75466205,4322.754662054577
5955,1985.7177789615782,1985.71777896,1985.7177789615782
5956,1482.0243183129319,1482.02431831,1482.0243183129319
5957,970.0537780205168,970.053778021,970.0537780205168
5958,2087.533729435058,2087.53372944,2087.533729435058
5959,406.059573658561,406.059573659,406.059573658561
5960,1830.1693029982637,1830.169303,1830.1693029982637
5961,8203.708293491358,8203.70829349,8203.708293491358
5962,1055.847094649434,1055.84709465,1055.847094649434
5963,3535.6132182335,3535.61321823,3535.6132182335
5964,123.85101785827729,123.851017858,123.85101785827729
5965,2020.9666126613954,2020.96661266,2020.9666126613954
5966,570.1695205039065,570.169520504,570.1695205039065
5967,8055.30746174395,8055.30746174,8055.30746174395
5968,2452.1729026535972,2452.17290265,2452.1729026535972
5969,767.6473219598686,767.64732196,767.6473219598686
5970,865.4497858158284,865.449785816,865.4497858158284
5971,1513.7227672457238,1513.72276725,1513.7227672457238
5972,2510.806712563198,2510.80671256,2510.806712563198
5973,5947.166704474919,5947.16670447,5947.166704474919
5974,1645.0165082979415,1645.0165083,1645.0165082979415
5975,2598.924517768483,2598.92451777,2598.924517768483
5976,354.76624040604304,354.766240406,354.76624040604304
5977,3178.5193218840927,3178.51932188,3178.5193218840927
5978,1382.730594656452,1382.73059466,1382.730594656452
5979,309.16754283586835,309.167542836,309.16754283586835
5980,50805.358580622495,50805.3585806,50805.358580622495
5981,8812.942250634016,8812.94225063,8812.942250634016
5982,2355.939547661036,2355.93954766,2355.939547661036
5983,253.40270795125292,253.402707951,253.40270795125292
5984,4128.606697794671,4128.60669779,4128.606697794671
5985,1476.4370695295395,1476.43706953,1476.4370695295395
5986,840.4683934114088,840.468393411,840.4683934114088
5987,485.7164838710022,485.716483871,485.7164838710022
5988,3605.5108809001163,3605.5108809,3605.5108809001163
5989,427.37468363857306,427.374683639,427.37468363857306
5990,1428.8038068911972,1428.80380689,1428.8038068911972
5991,24.008728509955006,24.00872851,24.008728509955006
5992,2570.8437919747826,2570.84379197,2570.8437919747826
5993,1969.5593340681737,1969.55933407,1969.5593340681737
5994,3130.8488585431246,3130.84885854,3130.8488585431246
5995,375.84665953128615,375.846659531,375.84665953128615
5996,2706.276892196423,2706.2768922,2706.276892196423
5997,1567.5723783390004,1567.57237834,1567.5723783390004
5998,346.10771187396756,346.107711874,346.10771187396756
5999,1531.4924406477257,1531.49244065,1531.4924406477257
6000,2468.315044551637,2468.31504455,2468.315044551637
6001,286.5425386955882,286.542538696,286.5425386955882
6002,192.86160695963096,192.86160696,192.86160695963096
6003,459.7500312557554,459.750031256,459.7500312557554
6004,223.07985369548373,223.079853695,223.07985369548373
6005,68.7984895624569,68.7984895625,68.7984895624569
6006,1957.9273251513473,1957.92732515,1957.9273251513473
6007,1719.768787064974,1719.76878706,1719.768787064974
6008,14386.99261452159,14386.9926145,14386.99261452159
6009,1445.0191637609958,1445.01916376,1445.0191637609958
6010,593.7401346645645,593.740134665,593.7401346645645
6011,678.5900752955134,678.590075296,678.5900752955134
6012,1317.6994750879123,1317.69947509,1317.6994750879123
6013,551.9970746732193,551.997074673,551.9970746732193
6014,2302.8649376920603,2302.86493769,2302.8649376920603
6015,110.47584819217039,110.475848192,110.47584819217039
6016,521.4184196518544,521.418419652,521.4184196518544
6017,111.34730001661333,111.347300017,111.34730001661333
6018,1578.0368565121626,1578.03685651,1578.0368565121626
6019,11776.016710141348,11776.0167101,11776.016710141348
6020,213.24362918736745,213.243629187,213.24362918736745
6021,2673.094666424458,2673.09466642,2673.094666424458
6022,3331.095822612611,3331.09582261,3331.095822612611
6023,1430.34542117101,1430.34542117,1430.34542117101
6024,3878.4682735640054,3878.46827356,3878.4682735640054
6025,1450.1821370028129,1450.182137,1450.1821370028129
6026,1842.966354585283,1842.96635459,1842.966354585283
6027,1241.6701397415407,1241.67013974,1241.6701397415407
6028,7760.921136770753,7760.92113677,7760.921136770753
6029,3305.8524491569465,3305.85244916,3305.8524491569465
6030,564.475951136635,564.475951137,564.475951136635
6031,2120.8131492261537,2120.81314923,2120.8131492261537
6032,3539.1950420307767,3539.19504203,3539.1950420307767
6033,764.0640660726779,764.064066073,764.0640660726779
6034,545.8733228555514,545.873322856,545.8733228555514
6035,2191.5471423533327,2191.54714235,2191.5471423533327
6036,1476.593767442798,1476.59376744,1476.593767442798
6037,643.8200838393527,643.820083839,643.8200838393527
6038,550.4612553557148,550.461255356,550.4612553557148
6039,6595.640904371679,6595.64090437,6595.640904371679
6040,1982.1065507423707,1982.10655074,1982.1065507423707
6041,1985.0688725127004,1985.06887251,1985.0688725127004
6042,1383.2684532937808,1383.26845329,1383.2684532937808
6043,4659.755662098236,4659.7556621,4659.755662098236
6044,5538.921328193682,5538.92132819,5538.921328193682
6045,3615.5146014742622,3615.51460147,3615.5146014742622
6046,1898.7307198168558,1898.73071982,1898.7307198168558
6047,575.5691932369756,575.569193237,575.5691932369756
6048,1451.187846083555,1451.18784608,1451.187846083555
6049,463.7786872088985,463.778687209,463.7786872088985
6050,8007.670631549907,8007.67063155,8007.670631549907
6051,776.0274885604215,776.02748856,776.0274885604215
6052,5070.52380843995,5070.52380844,5070.52380843995
6053,1126.5135262127922,1126.51352621,1126.5135262127922
6054,463.3646354114991,463.364635411,463.3646354114991
6055,3209.296303470923,3209.29630347,3209.296303470923
6056,1038.0092403343167,1038.00924033,1038.0092403343167
6057,5056.374416127181,5056.37441613,5056.374416127181
6058,5341.743164861356,5341.74316486,5341.743164861356
6059,4274.9050083202455,4274.90500832,4274.9050083202455
6060,3541.8926590871883,3541.89265909,3541.8926590871883
6061,769.2847646213226,769.284764621,769.2847646213226
6062,4889.691755559848,4889.69175556,4889.691755559848
6063,5256.002683238467,5256.00268324,5256.002683238467
6064,3399.4702216400087,3399.47022164,3399.4702216400087
6065,788.0912235299602,788.09122353,788.0912235299602
6066,5581.267767890462,5581.26776789,5581.267767890462
6067,3312.8265651741804,3312.82656517,3312.8265651741804
6068,411.34656047956946,411.34656048,411.34656047956946
6069,3443.7014982966293,3443.7014983,3443.7014982966293
6070,2262.309608090604,2262.30960809,2262.309608090604
6071,17495.288957250978,17495.2889573,17495.288957250978
6072,7114.000713485315,7114.00071349,7114.000713485315
6073,5536.826625044242,5536.82662504,5536.826625044242
6074,338.4377218163109,338.437721816,338.4377218163109
6075,772.6567406560065,772.656740656,772.6567406560065
6076,2500.7349278372117,2500.73492784,2500.7349278372117
6077,1089.8390255950394,1089.8390256,1089.8390255950394
6078,3464.110174386688,3464.11017439,3464.110174386688
6079,2619.35987063124,2619.35987063,2619.35987063124
6080,1178.2585566812268,1178.25855668,1178.2585566812268
6081,3256.2815691090805,3256.28156911,3256.2815691090805
6082,7412.361068547314,7412.36106855,7412.361068547314
6083,4112.251498982255,4112.25149898,4112.251498982255
6084,1932.695103712333,1932.69510371,1932.695103712333
6085,3454.2401393805994,3454.24013938,3454.2401393805994
6086,66.98020368044263,66.9802036804,66.98020368044263
6087,2701.2804828700096,2701.28048287,2701.2804828700096
6088,1656.5680903985494,1656.5680904,1656.5680903985494
6089,2336.7969782735177,2336.79697827,2336.7969782735177
6090,4096.787400641502,4096.78740064,4096.787400641502
6091,5480.25335045006,5480.25335045,5480.25335045006
6092,137.12481118831045,137.124811188,137.12481118831045
6093,88.13016509239813,88.1301650924,88.13016509239813
6094,1790.5222252239944,1790.52222522,1790.5222252239944
6095,1365.9749447878687,1365.97494479,1365.9749447878687
6096,5509.563267688289,5509.56326769,5509.563267688289
6097,1680.8303723603372,1680.83037236,1680.8303723603372
6098,100.40855904234999,100.408559042,100.40855904234999
6099,322.90761530909896,322.907615309,322.90761530909896
6100,1073.4090574383395,1073.40905744,1073.4090574383395
6101,2904.323017287656,2904.32301729,2904.323017287656
6102,6170.643472200059,6170.6434722,6170.643472200059
6103,469.8408889048571,469.840888905,469.8408889048571
6104,6107.026633477356,6107.02663348,6107.026633477356
6105,358.74976437111957,358.749764371,358.74976437111957
6106,395.06067270514257,395.060672705,395.06067270514257
6107,10198.98760981055,10198.9876098,10198.98760981055
6108,219.72919857190772,219.729198572,219.72919857190772
6109,2559.856153133865,2559.85615313,2559.856153133865
6110,1037.2533921841716,1037.25339218,1037.2533921841716
6111,131.91072851503634,131.910728515,131.91072851503634
6112,2623.0850321604607,2623.08503216,2623.0850321604607
6113,3823.8213381585156,3823.82133816,3823.8213381585156
6114,6111.103322109111,6111.10332211,6111.103322109111
6115,506.41236523152503,506.412365232,506.41236523152503
6116,1165.4277082125743,1165.42770821,1165.4277082125743
6117,7757.660106567536,7757.66010657,7757.660106567536
6118,1674.8449081072072,1674.84490811,1674.8449081072072
6119,1071.1069928443064,1071.10699284,1071.1069928443064
6120,1764.7746969335176,1764.77469693,1764.7746969335176
6121,138.15154003582802,138.151540036,138.15154003582802
6122,897.6829692267634,897.682969227,897.6829692267634
6123,2897.9304614230828,2897.93046142,2897.9304614230828
6124,3139.038582498218,3139.0385825,3139.038582498218
6125,3074.804964853876,3074.80496485,3074.804964853876
6126,5042.630932646012,5042.63093265,5042.630932646012
6127,1146.7819219109892,1146.78192191,1146.7819219109892
6128,3429.267741154786,3429.26774115,3429.267741154786
6129,7446.494280375256,7446.49428038,7446.494280375256
6130,2548.7113589079954,2548.71135891,2548.7113589079954
6131,1040.1191863380775,1040.11918634,1040.1191863380775
6132,164.47042383668847,164.470423837,164.47042383668847
6133,2354.438751059474,2354.43875106,2354.438751059474
6134,7791.665038230399,7791.66503823,7791.665038230399
6135,1907.6480525962572,1907.6480526,1907.6480525962572
6136,1811.6142287840953,1811.61422878,1811.6142287840953
6137,2868.400624306901,2868.40062431,2868.400624306901
6138,608.1764614741146,608.176461474,608.1764614741146
6139,790.7789795687935,790.778979569,790.7789795687935
6140,1023.2262531497971,1023.22625315,1023.2262531497971
6141,3828.426765159757,3828.42676516,3828.426765159757
6142,510.60972037763884,510.609720378,510.60972037763884
6143,859.3644843349069,859.364484335,859.3644843349069
6144,615.7614669968578,615.761466997,615.7614669968578
6145,2602.966810537189,2602.96681054,2602.966810537189
6146,1109.0500748669658,1109.05007487,1109.0500748669658
6147,3682.5508907176,3682.55089072,3682.5508907176
6148,596.6674491448626,596.667449145,596.6674491448626
6149,1849.3232518768548,1849.32325188,1849.3232518768548
6150,1973.1835975323293,1973.18359753,1973.1835975323293
6151,7196.7285153676,7196.72851537,7196.7285153676
6152,607.497125504417,607.497125504,607.497125504417
6153,6670.467225185242,6670.46722519,6670.467225185242
6154,955.71428825861,955.714288259,955.71428825861
6155,5496.625387142088,5496.62538714,5496.625387142088
6156,9611.13095113894,9611.13095114,9611.13095113894
6157,618.9888472469543,618.988847247,618.9888472469543
6158,7678.685155917521,7678.68515592,7678.685155917521
6159,2796.4298842896624,2796.42988429,2796.4298842896624
6160,532.0967595872152,532.096759587,532.0967595872152
6161,1674.6975013687488,1674.69750137,1674.6975013687488
6162,1345.6641272749696,1345.66412727,1345.6641272749696
6163,907.5840664701606,907.58406647,907.5840664701606
6164,52.775790299951396,52.7757903,52.775790299951396
6165,1121.7027171082934,1121.70271711,1121.7027171082934
6166,489.7924155162527,489.792415516,489.7924155162527
6167,1271.5363222465503,1271.53632225,1271.5363222465503
6168,14788.974946537264,14788.9749465,14788.974946537264
6169,407.39861876742054,407.398618767,407.39861876742054
6170,978.2462687827331,978.246268783,978.2462687827331
6171,1655.5736711991865,1655.5736712,1655.5736711991865
6172,791.6886135012732,791.688613501,791.6886135012732
6173,1463.1016834289312,1463.10168343,1463.1016834289312
6174,1345.9773401234734,1345.97734012,1345.9773401234734
6175,4592.949887762816,4592.94988776,4592.949887762816
6176,540.0761185145374,540.076118515,540.0761185145374
6177,2605.9111689327474,2605.91116893,2605.9111689327474
6178,936.0507809103892,936.05078091,936.0507809103892
6179,3551.38050567092,3551.38050567,3551.38050567092
6180,2262.257002680455,2262.25700268,2262.257002680455
6181,1684.968775966174,1684.96877597,1684.968775966174
6182,58.994783757840736,58.9947837578,58.994783757840736
6183,182.48407362309854,182.484073623,182.48407362309854
6184,626.8776412667822,626.877641267,626.8776412667822
6185,2951.0053638263203,2951.00536383,2951.0053638263203
6186,2322.7142931785615,2322.71429318,2322.7142931785615
6187,722.4553366019798,722.455336602,722.4553366019798
6188,1604.5812225372965,1604.58122254,1604.5812225372965
6189,296.0277691347134,296.027769135,296.0277691347134
6190,2531.161088465723,2531.16108847,2531.161088465723
6191,1751.2160099253329,1751.21600993,1751.2160099253329
6192,305.0026064861727,305.002606486,305.0026064861727
6193,837.2336192932836,837.233619293,837.2336192932836
6194,133.5864223432228,133.586422343,133.5864223432228
6195,2485.7828140122533,2485.78281401,2485.7828140122533
6196,901.6966177906063,901.696617791,901.6966177906063
6197,796.1835784267976,796.183578427,796.1835784267976
6198,619.2902583069605,619.290258307,619.2902583069605
6199,1786.851055280317,1786.85105528,1786.851055280317
6200,2216.869431912565,2216.86943191,2216.869431912565
6201,1915.3466444400972,1915.34664444,1915.3466444400972
6202,368.67239988037215,368.67239988,368.67239988037215
6203,434.3021941971847,434.302194197,434.3021941971847
6204,1932.3695241808862,1932.36952418,1932.3695241808862
6205,1674.6630514854,1674.66305149,1674.6630514854
6206,164.04057546259483,164.040575463,164.04057546259483
6207,2441.0913742837242,2441.09137428,2441.0913742837242
6208,698.8227030399553,698.82270304,698.8227030399553
6209,3322.0893493850035,3322.08934939,3322.0893493850035
6210,2504.6599420251628,2504.65994203,2504.6599420251628
6211,3175.169985671433,3175.16998567,3175.169985671433
6212,11306.839738464676,11306.8397385,11306.839738464676
6213,222.78203829204801,222.782038292,222.78203829204801
6214,763.7316819069605,763.731681907,763.7316819069605
6215,4809.227666424196,4809.22766642,4809.227666424196
6216,933.9298180056256,933.929818006,933.9298180056256
6217,1147.545925237328,1147.54592524,1147.545925237328
6218,134.95786114775905,134.957861148,134.95786114775905
6219,1465.6454887742732,1465.64548877,1465.6454887742732
6220,373.0020810036176,373.002081004,373.0020810036176
6221,6165.29911316282,6165.29911316,6165.29911316282
6222,1979.2760017704175,1979.27600177,1979.2760017704175
6223,624.8283642034045,624.828364203,624.8283642034045
6224,804.200975010212,804.20097501,804.200975010212
6225,1620.1015905394547,1620.10159054,1620.1015905394547
6226,1321.6678865393292,1321.66788654,1321.6678865393292
6227,246.17518570691425,246.175185707,246.17518570691425
6228,517.8380936903023,517.83809369,517.8380936903023
6229,1910.7352622120382,1910.73526221,1910.7352622120382
6230,308.23344957505435,308.233449575,308.23344957505435
6231,1328.0053672046965,1328.0053672,1328.0053672046965
6232,2331.549996523063,2331.54999652,2331.549996523063
6233,2780.0732854265257,2780.07328543,2780.0732854265257
6234,2162.897805477799,2162.89780548,2162.897805477799
6235,2142.4677515215594,2142.46775152,2142.4677515215594
6236,1560.0337303790875,1560.03373038,1560.0337303790875
6237,2249.331698727604,2249.33169873,2249.331698727604
6238,268.46470178357646,268.464701784,268.46470178357646
6239,2179.3841174095987,2179.38411741,2179.3841174095987
6240,707.3223277869189,707.322327787,707.3223277869189
6241,2058.7338328693713,2058.73383287,2058.7338328693713
6242,2469.328749513473,2469.32874951,2469.328749513473
6243,374.65134565951973,374.65134566,374.65134565951973
6244,1252.5514699750458,1252.55146998,1252.5514699750458
6245,1143.8284565192032,1143.82845652,1143.8284565192032
6246,5294.501128986292,5294.50112899,5294.501128986292
6247,1956.2633417929896,1956.26334179,1956.2633417929896
6248,707.1916687878719,707.191668788,707.1916687878719
6249,775.2343890383971,775.234389038,775.2343890383971
6250,8798.235983532775,8798.23598353,8798.235983532775
6251,804.5662942435364,804.566294244,804.5662942435364
6252,7957.043346861332,7957.04334686,7957.043346861332
6253,2849.155996590328,2849.15599659,2849.155996590328
6254,1369.9274455369641,1369.92744554,1369.9274455369641
6255,1686.6402279685717,1686.64022797,1686.6402279685717
6256,682.4647066496605,682.46470665,682.4647066496605
6257,1771.748535820009,1771.74853582,1771.748535820009
6258,911.7703043223646,911.770304322,911.7703043223646
6259,1574.261995529663,1574.26199553,1574.261995529663
6260,56.4961516589595,56.496151659,56.4961516589595
6261,2836.724228608748,2836.72422861,2836.724228608748
6262,550.7981066721015,550.798106672,550.7981066721015
6263,724.8883855139513,724.888385514,724.8883855139513
6264,1349.1534600109278,1349.15346001,1349.1534600109278
6265,2437.2879242796557,2437.28792428,2437.2879242796557
6266,831.8579087322901,831.857908732,831.8579087322901
6267,431.3159394567307,431.315939457,431.3159394567307
6268,745.9686048900417,745.96860489,745.9686048900417
6269,2293.320929206296,2293.32092921,2293.320929206296
6270,2383.7174412911163,2383.71744129,2383.7174412911163
6271,1424.1059362213114,1424.10593622,1424.1059362213114
6272,95.77090852028769,95.7709085203,95.77090852028769
6273,1324.63038998742,1324.63038999,1324.63038998742
6274,3345.6722890267592,3345.67228903,3345.6722890267592
6275,1587.6109566937303,1587.61095669,1587.6109566937303
6276,776.3124377743909,776.312437774,776.3124377743909
6277,6941.273138828702,6941.27313883,6941.273138828702
6278,1309.0823713132684,1309.08237131,1309.0823713132684
6279,188.82538546381585,188.825385464,188.82538546381585
6280,182.30672015116946,182.306720151,182.30672015116946
6281,3843.377610074632,3843.37761007,3843.377610074632
6282,339.54360015918536,339.543600159,339.54360015918536
6283,4006.7434229421933,4006.74342294,4006.7434229421933
6284,2171.291296388529,2171.29129639,2171.291296388529
6285,2148.2989832654116,2148.29898327,2148.2989832654116
6286,369.31136393463504,369.311363935,369.31136393463504
6287,497.93463702635614,497.934637026,497.93463702635614
6288,598.626838615645,598.626838616,598.626838615645
6289,2228.811583640768,2228.81158364,2228.811583640768
6290,6866.80354486196,6866.80354486,6866.80354486196
6291,1161.8378439506434,1161.83784395,1161.8378439506434
6292,2245.9258098240343,2245.92580982,2245.9258098240343
6293,1861.0653874479306,1861.06538745,1861.0653874479306
6294,601.7396249137121,601.739624914,601.7396249137121
6295,1376.5736516949776,1376.57365169,1376.5736516949776
6296,1493.4833500794314,1493.48335008,1493.4833500794314
6297,1479.4322765428028,1479.43227654,1479.4322765428028
6298,589.5068875736793,589.506887574,589.5068875736793
6299,9140.028274014128,9140.02827401,9140.028274014128
6300,2445.5713058619503,2445.57130586,2445.5713058619503
6301,727.3680046968077,727.368004697,727.3680046968077
6302,1961.0048088502376,1961.00480885,1961.0048088502376
6303,644.3449331097075,644.34493311,644.3449331097075
6304,3175.7005570072747,3175.70055701,3175.7005570072747
6305,2473.0003311097757,2473.00033111,2473.0003311097757
6306,1337.0583037613626,1337.05830376,1337.0583037613626
6307,552.2962778890588,552.296277889,552.2962778890588
6308,614.3638854823615,614.363885482,614.3638854823615
6309,1545.5972561659273,1545.59725617,1545.5972561659273
6310,3366.6780026459646,3366.67800265,3366.6780026459646
6311,9918.54750476677,9918.54750477,9918.54750476677
6312,8197.973866270044,8197.97386627,8197.973866270044
6313,1819.7038428352582,1819.70384284,1819.7038428352582
6314,182.5203772056819,182.520377206,182.5203772056819
6315,276.7703222310117,276.770322231,276.7703222310117
6316,1026.6229874770206,1026.62298748,1026.6229874770206
6317,2038.6495491860117,2038.64954919,2038.6495491860117
6318,274.44960447392623,274.449604474,274.44960447392623
6319,1374.71543677836,1374.71543678,1374.71543677836
6320,4512.752004908627,4512.75200491,4512.752004908627
6321,2234.9021383966956,2234.9021384,2234.9021383966956
6322,699.266128907733,699.266128908,699.266128907733
6323,356.36345849469933,356.363458495,356.36345849469933
6324,518.8419400695327,518.84194007,518.8419400695327
6325,1871.5481278449593,1871.54812784,1871.5481278449593
6326,5278.102123553341,5278.10212355,5278.102123553341
6327,1670.525493116481,1670.52549312,1670.525493116481
6328,1317.6833334510115,1317.68333345,1317.6833334510115
6329,9807.68442333904,9807.68442334,9807.68442333904
6330,218.9547948080115,218.954794808,218.9547948080115
6331,787.520868997576,787.520868998,787.520868997576
6332,2763.461627940306,2763.46162794,2763.461627940306
6333,1976.1020621442078,1976.10206214,1976.1020621442078
6334,1023.666399024231,1023.66639902,1023.666399024231
6335,1182.531909156899,1182.53190916,1182.531909156899
6336,3342.46666483974,3342.46666484,3342.46666483974
6337,2605.1991698174356,2605.19916982,2605.1991698174356
6338,1712.571997091584,1712.57199709,1712.571997091584
6339,5555.316620518177,5555.31662052,5555.316620518177
6340,2207.02004237789,2207.02004238,2207.02004237789
6341,5803.015031942904,5803.01503194,5803.015031942904
6342,3188.3443094528607,3188.34430945,3188.3443094528607
6343,188.25679321691067,188.256793217,188.25679321691067
6344,346.4336012737601,346.433601274,346.4336012737601
6345,161.52697818345737,161.526978183,161.52697818345737
6346,6298.561121627107,6298.56112163,6298.561121627107
6347,1973.8813300032948,1973.88133,1973.8813300032948
6348,659.3895864804729,659.38958648,659.3895864804729
6349,9729.189213203867,9729.1892132,9729.189213203867
6350,3100.473365808944,3100.47336581,3100.473365808944
6351,1783.6713190236626,1783.67131902,1783.6713190236626
6352,1758.9927469929899,1758.99274699,1758.9927469929899
6353,264.70564512554233,264.705645126,264.70564512554233
6354,1750.0616739816137,1750.06167398,1750.0616739816137
6355,2689.5197593919706,2689.51975939,2689.5197593919706
6356,156.13487419595228,156.134874196,156.13487419595228
6357,1116.8258404011171,1116.8258404,1116.8258404011171
6358,3604.346799870933,3604.34679987,3604.346799870933
6359,5911.658008607585,5911.65800861,5911.658008607585
6360,476.88995046597506,476.889950466,476.88995046597506
6361,2358.371577961475,2358.37157796,2358.371577961475
6362,222.57077386094792,222.570773861,222.57077386094792
6363,1038.490289693116,1038.49028969,1038.490289693116
6364,2338.3934934424838,2338.39349344,2338.3934934424838
6365,867.697573148348,867.697573148,867.697573148348
6366,836.8146914368534,836.814691437,836.8146914368534
6367,2030.0565044652208,2030.05650447,2030.0565044652208
6368,1230.3574159005468,1230.3574159,1230.3574159005468
6369,1537.8511121472352,1537.85111215,1537.8511121472352
6370,603.2268999941932,603.226899994,603.2268999941932
6371,183.69056491536782,183.690564915,183.69056491536782
6372,1483.5005387871572,1483.50053879,1483.5005387871572
6373,239.96125920583384,239.961259206,239.96125920583384
6374,1240.4721647020835,1240.4721647,1240.4721647020835
6375,3327.016119803035,3327.0161198,3327.016119803035
6376,1449.5730832479626,1449.57308325,1449.5730832479626
6377,725.0922132852636,725.092213285,725.0922132852636
6378,1513.954929039331,1513.95492904,1513.954929039331
6379,4002.1757454345357,4002.17574543,4002.1757454345357
6380,638.5671730032626,638.567173003,638.5671730032626
6381,1580.8434568655987,1580.84345687,1580.8434568655987
6382,1253.6036207354964,1253.60362074,1253.6036207354964
6383,959.9313669244647,959.931366924,959.9313669244647
6384,7733.361168575317,7733.36116858,7733.361168575317
6385,139.5712249467612,139.571224947,139.5712249467612
6386,1117.2447709896448,1117.24477099,1117.2447709896448
6387,1148.8021196195584,1148.80211962,1148.8021196195584
6388,313.3529533758069,313.352953376,313.3529533758069
6389,4579.082502850614,4579.08250285,4579.082502850614
6390,762.5277382222198,762.527738222,762.5277382222198
6391,1406.3083349560802,1406.30833496,1406.3083349560802
6392,1683.2592460020871,1683.259246,1683.2592460020871
6393,914.20947888337,914.209478883,914.20947888337
6394,9739.564177709675,9739.56417771,9739.564177709675
6395,240.74713540596048,240.747135406,240.74713540596048
6396,5434.541446467764,5434.54144647,5434.541446467764
6397,3668.1828684272864,3668.18286843,3668.1828684272864
6398,298.44473136876854,298.444731369,298.44473136876854
6399,2588.1878275493505,2588.18782755,2588.1878275493505
6400,1177.9613382816533,1177.96133828,1177.9613382816533
6401,2545.779830231535,2545.77983023,2545.779830231535
6402,1551.8468988454983,1551.84689885,1551.8468988454983
6403,763.8309953233894,763.830995323,763.8309953233894
6404,1985.417668346254,1985.41766835,1985.417668346254
6405,3377.75658363973,3377.75658364,3377.75658363973
6406,6180.326211966374,6180.32621197,6180.326211966374
6407,5198.836852606721,5198.83685261,5198.836852606721
6408,7788.092762192639,7788.09276219,7788.092762192639
6409,2312.880072267832,2312.88007227,2312.880072267832
6410,4533.521934506144,4533.52193451,4533.521934506144
6411,4881.8694097613225,4881.86940976,4881.8694097613225
6412,2356.3662242455966,2356.36622425,2356.3662242455966
6413,916.2846246374004,916.284624637,916.2846246374004
6414,1898.673352688598,1898.67335269,1898.673352688598
6415,351.8992243176824,351.899224318,351.8992243176824
6416,760.132291925548,760.132291926,760.132291925548
6417,6792.365332928228,6792.36533293,6792.365332928228
6418,4311.851068098407,4311.8510681,4311.851068098407
6419,1253.7278656915407,1253.72786569,1253.7278656915407
6420,330.67670664785265,330.676706648,330.67670664785265
6421,12586.327347725124,12586.3273477,12586.327347725124
6422,1451.9975139460648,1451.99751395,1451.9975139460648
6423,1039.9225971817773,1039.92259718,1039.9225971817773
6424,1923.9488525648783,1923.94885256,1923.9488525648783
6425,937.6972292599518,937.69722926,937.6972292599518
6426,951.8090019057581,951.809001906,951.8090019057581
6427,4000.3814809455157,4000.38148095,4000.3814809455157
6428,8961.323254919776,8961.32325492,8961.323254919776
6429,2027.763418743138,2027.76341874,2027.763418743138
6430,4903.39299883147,4903.39299883,4903.39299883147
6431,3852.1610288696975,3852.16102887,3852.1610288696975
6432,114.86562609109907,114.865626091,114.86562609109907
6433,1327.080678361248,1327.08067836,1327.080678361248
6434,2003.375643958476,2003.37564396,2003.375643958476
6435,1970.2103090375883,1970.21030904,1970.2103090375883
6436,180.56319366277768,180.563193663,180.56319366277768
6437,776.171017559296,776.171017559,776.171017559296
6438,4834.721442511005,4834.72144251,4834.721442511005
6439,5892.791769160953,5892.79176916,5892.791769160953
6440,701.2908832309247,701.290883231,701.2908832309247
6441,1053.4399747382906,1053.43997474,1053.4399747382906
6442,4880.987158143172,4880.98715814,4880.987158143172
6443,4339.586926082729,4339.58692608,4339.586926082729
6444,2278.8287121710537,2278.82871217,2278.8287121710537
6445,5487.331547903962,5487.3315479,5487.331547903962
6446,1550.2834204224614,1550.28342042,1550.2834204224614
6447,429.337244392527,429.337244393,429.337244392527
6448,3119.7826001822255,3119.78260018,3119.7826001822255
6449,1223.6586175898299,1223.65861759,1223.6586175898299
6450,1060.3194249325625,1060.31942493,1060.3194249325625
6451,1255.1878837887461,1255.18788379,1255.1878837887461
6452,835.6946772015319,835.694677202,835.6946772015319
6453,3031.8176468641263,3031.81764686,3031.8176468641263
6454,1500.859735578572,1500.85973558,1500.859735578572
6455,2251.2700684486153,2251.27006845,2251.2700684486153
6456,7015.984259152669,7015.98425915,7015.984259152669
6457,591.0407854906098,591.040785491,591.0407854906098
6458,1843.9361243904157,1843.93612439,1843.9361243904157
6459,1131.4632326319174,1131.46323263,1131.4632326319174
6460,3219.485013312102,3219.48501331,3219.485013312102
6461,1306.9306384037554,1306.9306384,1306.9306384037554
6462,2734.926890562355,2734.92689056,2734.926890562355
6463,361.5036832092,361.503683209,361.5036832092
6464,851.5029827813643,851.502982781,851.5029827813643
6465,1122.477130609571,1122.47713061,1122.477130609571
6466,2825.677732476595,2825.67773248,2825.677732476595
6467,1217.8353402239863,1217.83534022,1217.8353402239863
6468,4857.840416641832,4857.84041664,4857.840416641832
6469,6714.86832364766,6714.86832365,6714.86832364766
6470,6182.307470283733,6182.30747028,6182.307470283733
6471,728.2215570528612,728.221557053,728.2215570528612
6472,8006.4542673412625,8006.45426734,8006.4542673412625
6473,9271.543942160539,9271.54394216,9271.543942160539
6474,25.204301056544924,25.2043010565,25.204301056544924
6475,601.9207788063301,601.920778806,601.9207788063301
6476,2069.5257867098903,2069.52578671,2069.5257867098903
6477,22.0760971233561,22.0760971234,22.0760971233561
6478,1161.875761357682,1161.87576136,1161.875761357682
6479,573.4502743760261,573.450274376,573.4502743760261
6480,661.5664625718176,661.566462572,661.5664625718176
6481,1745.3567762750856,1745.35677628,1745.3567762750856
6482,1859.3033196370754,1859.30331964,1859.3033196370754
6483,1317.4970486715338,1317.49704867,1317.4970486715338
6484,2898.882298986447,2898.88229899,2898.882298986447
6485,1051.1228408462503,1051.12284085,1051.1228408462503
6486,4222.039583091727,4222.03958309,4222.039583091727
6487,307.9821486376861,307.982148638,307.9821486376861
6488,1162.4433015072623,1162.44330151,1162.4433015072623
6489,5570.392108327954,5570.39210833,5570.392108327954
6490,5972.130014661156,5972.13001466,5972.130014661156
6491,3881.3383163889685,3881.33831639,3881.3383163889685
6492,10014.797241206492,10014.7972412,10014.797241206492
6493,447.95631604425773,447.956316044,447.95631604425773
6494,731.7886909050762,731.788690905,731.7886909050762
6495,616.2670389206627,616.267038921,616.2670389206627
6496,1594.2573785074037,1594.25737851,1594.2573785074037
6497,703.7273194751621,703.727319475,703.7273194751621
6498,4318.303047732249,4318.30304773,4318.303047732249
6499,2973.036891980619,2973.03689198,2973.036891980619
6500,1159.4527449328014,1159.45274493,1159.4527449328014
6501,1918.3468313140015,1918.34683131,1918.3468313140015
6502,7822.488836973687,7822.48883697,7822.488836973687
6503,5125.882461168472,5125.88246117,5125.882461168472
6504,1180.9953350302746,1180.99533503,1180.9953350302746
6505,593.4778161025865,593.477816103,593.4778161025865
6506,1431.1674771536193,1431.16747715,1431.1674771536193
6507,943.2868867030909,943.286886703,943.2868867030909
6508,429.9731690724758,429.973169072,429.9731690724758
6509,3328.3289009515706,3328.32890095,3328.3289009515706
6510,1034.7043969020265,1034.7043969,1034.7043969020265
6511,2446.226459628956,2446.22645963,2446.226459628956
6512,1774.4426908876308,1774.44269089,1774.4426908876308
6513,7845.9236472361545,7845.92364724,7845.9236472361545
6514,296.80301010751003,296.803010108,296.80301010751003
6515,1581.2859057279366,1581.28590573,1581.2859057279366
6516,4144.1306309001775,4144.1306309,4144.1306309001775
6517,2139.8728124884638,2139.87281249,2139.8728124884638
6518,177.84579301486662,177.845793015,177.84579301486662
6519,3138.7289776577454,3138.72897766,3138.7289776577454
6520,3723.378249678698,3723.37824968,3723.378249678698
6521,606.4667122638385,606.466712264,606.4667122638385
6522,1987.1469787782087,1987.14697878,1987.1469787782087
6523,2288.95709273573,2288.95709274,2288.95709273573
6524,3936.820671962337,3936.82067196,3936.820671962337
6525,1179.6681309767196,1179.66813098,1179.6681309767196
6526,1374.0575599744875,1374.05755997,1374.0575599744875
6527,2544.609436052563,2544.60943605,2544.609436052563
6528,279.47662523132055,279.476625231,279.47662523132055
6529,4524.077986304364,4524.0779863,4524.077986304364
6530,1168.1192975842678,1168.11929758,1168.1192975842678
6531,268.84519660844546,268.845196608,268.84519660844546
6532,2177.3217295266886,2177.32172953,2177.3217295266886
6533,1550.397508289073,1550.39750829,1550.397508289073
6534,1907.3506825864572,1907.35068259,1907.3506825864572
6535,1520.1936501770597,1520.19365018,1520.1936501770597
6536,3548.5162862692596,3548.51628627,3548.5162862692596
6537,485.82149115090687,485.821491151,485.82149115090687
6538,1237.6936337945879,1237.69363379,1237.6936337945879
6539,1812.3929558275306,1812.39295583,1812.3929558275306
6540,1195.6463206551625,1195.64632066,1195.6463206551625
6541,1448.9589920393669,1448.95899204,1448.9589920393669
6542,4434.566863810464,4434.56686381,4434.566863810464
6543,3476.9338861291094,3476.93388613,3476.9338861291094
6544,3450.5044243686166,3450.50442437,3450.5044243686166
6545,2273.4057310772796,2273.40573108,2273.4057310772796
6546,2969.8191956636147,2969.81919566,2969.8191956636147
6547,2359.7348161012114,2359.7348161,2359.7348161012114
6548,11027.313635369663,11027.3136354,11027.313635369663
6549,2042.9763878280435,2042.97638783,2042.9763878280435
6550,179.74473401329675,179.744734013,179.74473401329675
6551,1144.1431621959198,1144.1431622,1144.1431621959198
6552,400.82093232440354,400.820932324,400.82093232440354
6553,1858.2507741079287,1858.25077411,1858.2507741079287
6554,2960.2992858178127,2960.29928582,2960.2992858178127
6555,5657.592631103559,5657.5926311,5657.592631103559
6556,2740.046067464996,2740.04606746,2740.046067464996
6557,303.2843684914581,303.284368491,303.2843684914581
6558,449.511392410132,449.51139241,449.511392410132
6559,365.7706453005097,365.770645301,365.7706453005097
6560,720.9470719334735,720.947071933,720.9470719334735
6561,2777.840508376239,2777.84050838,2777.840508376239
6562,600.5401527758137,600.540152776,600.5401527758137
6563,842.6369597788135,842.636959779,842.6369597788135
6564,6023.7008828326825,6023.70088283,6023.7008828326825
6565,32.68006800451528,32.6800680045,32.68006800451528
6566,7918.603162289548,7918.60316229,7918.603162289548
6567,2513.8401780201534,2513.84017802,2513.8401780201534
6568,727.0568267786309,727.056826779,727.0568267786309
6569,4170.9383449585775,4170.93834496,4170.9383449585775
6570,7676.099251311822,7676.09925131,7676.099251311822
6571,701.5347509437258,701.534750944,701.5347509437258
6572,908.0334893127117,908.033489313,908.0334893127117
6573,11357.134264867846,11357.1342649,11357.134264867846
6574,2987.231256069085,2987.23125607,2987.231256069085
6575,5965.499211782107,5965.49921178,5965.499211782107
6576,6923.680217204285,6923.6802172,6923.680217204285
6577,512.5557573770824,512.555757377,512.5557573770824
6578,1461.5765402309532,1461.57654023,1461.5765402309532
6579,945.4042781362675,945.404278136,945.4042781362675
6580,388.4986637427367,388.498663743,388.4986637427367
6581,5773.39372992208,5773.39372992,5773.39372992208
6582,2332.605577320605,2332.60557732,2332.605577320605
6583,6798.584035912827,6798.58403591,6798.584035912827
6584,832.3097598267572,832.309759827,832.3097598267572
6585,2223.7297768812973,2223.72977688,2223.7297768812973
6586,2053.8101846419077,2053.81018464,2053.8101846419077
6587,1114.7479567426735,1114.74795674,1114.7479567426735
6588,3595.5629326941803,3595.56293269,3595.5629326941803
6589,2022.9184245276977,2022.91842453,2022.9184245276977
6590,2709.6831612539618,2709.68316125,2709.6831612539618
6591,1006.8357877792133,1006.83578778,1006.8357877792133
6592,3551.4547776370378,3551.45477764,3551.4547776370378
6593,2519.2360143470273,2519.23601435,2519.2360143470273
6594,188.188136541008,188.188136541,188.188136541008
6595,1081.5462092226637,1081.54620922,1081.5462092226637
6596,2176.438849917501,2176.43884992,2176.438849917501
6597,760.0131631050547,760.013163105,760.0131631050547
6598,13337.601878283967,13337.6018783,13337.601878283967
6599,3270.109218778456,3270.10921878,3270.109218778456
6600,4342.917471881395,4342.91747188,4342.917471881395
6601,1955.9708887338938,1955.97088873,1955.9708887338938
6602,982.9336894556787,982.933689456,982.9336894556787
6603,1434.72762142394,1434.72762142,1434.72762142394
6604,1426.2793742299837,1426.27937423,1426.2793742299837
6605,3283.5693304177894,3283.56933042,3283.5693304177894
6606,167.59069940667672,167.590699407,167.59069940667672
6607,2458.9612528481493,2458.96125285,2458.9612528481493
6608,3378.583858271088,3378.58385827,3378.583858271088
6609,1857.8265807098292,1857.82658071,1857.8265807098292
6610,9231.093355585599,9231.09335559,9231.093355585599
6611,1384.9693408766243,1384.96934088,1384.9693408766243
6612,941.5303184056439,941.530318406,941.5303184056439
6613,2423.649476340759,2423.64947634,2423.649476340759
6614,1566.3564017942251,1566.35640179,1566.3564017942251
6615,1935.3565986890142,1935.35659869,1935.3565986890142
6616,4293.217619336069,4293.21761934,4293.217619336069
6617,970.3244337421801,970.324433742,970.3244337421801
6618,1508.0342162113259,1508.03421621,1508.0342162113259
6619,536.2534336688294,536.253433669,536.2534336688294
6620,1315.6434177746971,1315.64341777,1315.6434177746971
6621,3219.428639726277,3219.42863973,3219.428639726277
6622,4299.973993129697,4299.97399313,4299.973993129697
6623,994.6366657565393,994.636665757,994.6366657565393
6624,236.68316807271145,236.683168073,236.68316807271145
6625,1711.2794779095188,1711.27947791,1711.2794779095188
6626,653.0967465528744,653.096746553,653.0967465528744
6627,297.3736102701697,297.37361027,297.3736102701697
6628,4447.682857685787,4447.68285769,4447.682857685787
6629,5627.3188238439925,5627.31882384,5627.3188238439925
6630,4856.670508844068,4856.67050884,4856.670508844068
6631,754.3025295152415,754.302529515,754.3025295152415
6632,1104.6123895534965,1104.61238955,1104.6123895534965
6633,1529.5891065594776,1529.58910656,1529.5891065594776
6634,82.95394240648375,82.9539424065,82.95394240648375
6635,1459.2358311616786,1459.23583116,1459.2358311616786
6636,1469.1601360845634,1469.16013608,1469.1601360845634
6637,783.0295600602581,783.02956006,783.0295600602581
6638,450.9392209803282,450.93922098,450.9392209803282
6639,759.1173428275873,759.117342828,759.1173428275873
6640,522.5722620578648,522.572262058,522.5722620578648
6641,2341.8938439863614,2341.89384399,2341.8938439863614
6642,572.6384002920598,572.638400292,572.6384002920598
6643,5311.627664366169,5311.62766437,5311.627664366169
6644,3239.0689137911854,3239.06891379,3239.0689137911854
6645,4267.087003926616,4267.08700393,4267.087003926616
6646,4549.395499082433,4549.39549908,4549.395499082433
6647,1410.5512510228903,1410.55125102,1410.5512510228903
6648,1301.735910618909,1301.73591062,1301.735910618909
6649,1614.9892468465328,1614.98924685,1614.9892468465328
6650,616.4440357902039,616.44403579,616.4440357902039
6651,65.17643952771843,65.1764395277,65.17643952771843
6652,3313.7007313131544,3313.70073131,3313.7007313131544
6653,412.2110766893675,412.211076689,412.2110766893675
6654,4845.122873850415,4845.12287385,4845.122873850415
6655,2953.045810016802,2953.04581002,2953.045810016802
6656,5428.720139445229,5428.72013945,5428.720139445229
6657,693.3914051271289,693.391405127,693.3914051271289
6658,3710.3830569769416,3710.38305698,3710.3830569769416
6659,1212.6120615331881,1212.61206153,1212.6120615331881
6660,1964.5153798087247,1964.51537981,1964.5153798087247
6661,2248.730419107477,2248.73041911,2248.730419107477
6662,328.1723872602207,328.17238726,328.1723872602207
6663,5695.435663365167,5695.43566337,5695.435663365167
6664,708.7024657459624,708.702465746,708.7024657459624
6665,249.81301103605813,249.813011036,249.81301103605813
6666,826.2768305916608,826.276830592,826.2768305916608
6667,1260.518652365872,1260.51865237,1260.518652365872
6668,1287.7703579092297,1287.77035791,1287.7703579092297
6669,6773.726276133703,6773.72627613,6773.726276133703
6670,263.36760442823226,263.367604428,263.36760442823226
6671,1104.7417734467138,1104.74177345,1104.7417734467138
6672,2288.436746799365,2288.4367468,2288.436746799365
6673,2070.0911650381913,2070.09116504,2070.0911650381913
6674,1212.2418725312602,1212.24187253,1212.2418725312602
6675,2108.3484229270307,2108.34842293,2108.3484229270307
6676,1296.328610452073,1296.32861045,1296.328610452073
6677,861.5076820093349,861.507682009,861.5076820093349
6678,7166.6391421519065,7166.63914215,7166.6391421519065
6679,9125.513800413275,9125.51380041,9125.513800413275
6680,742.3629985398586,742.36299854,742.3629985398586
6681,3817.5344251002193,3817.5344251,3817.5344251002193
6682,504.9695699340453,504.969569934,504.9695699340453
6683,2991.9370634149614,2991.93706341,2991.9370634149614
6684,1726.5019607674305,1726.50196077,1726.5019607674305
6685,4428.067916001283,4428.067916,4428.067916001283
6686,2361.5058588226443,2361.50585882,2361.5058588226443
6687,3120.3972253415595,3120.39722534,3120.3972253415595
6688,1377.1415214409722,1377.14152144,1377.1415214409722
6689,780.4070280413812,780.407028041,780.4070280413812
6690,761.3627639592667,761.362763959,761.3627639592667
6691,4702.433598514271,4702.43359851,4702.433598514271
6692,630.4459154882286,630.445915488,630.4459154882286
6693,3604.424790220021,3604.42479022,3604.424790220021
6694,1774.1155282740435,1774.11552827,1774.1155282740435
6695,1758.210366793227,1758.21036679,1758.210366793227
6696,678.4259512359943,678.425951236,678.4259512359943
6697,4131.011668083171,4131.01166808,4131.011668083171
6698,1241.9692462480957,1241.96924625,1241.9692462480957
6699,335.557886999655,335.557887,335.557886999655
6700,1564.9994837995694,1564.9994838,1564.9994837995694
6701,3712.4644358016867,3712.4644358,3712.4644358016867
6702,4958.732579681562,4958.73257968,4958.732579681562
6703,3123.440255306867,3123.44025531,3123.440255306867
6704,462.9534615524962,462.953461552,462.9534615524962
6705,6371.489414423776,6371.48941442,6371.489414423776
6706,4445.425874806414,4445.42587481,4445.425874806414
6707,2022.7187219315829,2022.71872193,2022.7187219315829
6708,633.9410777292653,633.941077729,633.9410777292653
6709,9152.436989388681,9152.43698939,9152.436989388681
6710,3438.462065279313,3438.46206528,3438.462065279313
6711,642.8416805343404,642.841680534,642.8416805343404
6712,8612.084032039085,8612.08403204,8612.084032039085
6713,8282.99128522979,8282.99128523,8282.99128522979
6714,542.452457479236,542.452457479,542.452457479236
6715,72.89839485801852,72.898394858,72.89839485801852
6716,1576.0959339192145,1576.09593392,1576.0959339192145
6717,657.5368014066003,657.536801407,657.5368014066003
6718,2291.6634377576465,2291.66343776,2291.6634377576465
6719,695.9258988617962,695.925898862,695.9258988617962
6720,511.1023149361312,511.102314936,511.1023149361312
6721,2412.8897979420653,2412.88979794,2412.8897979420653
6722,2482.979270421404,2482.97927042,2482.979270421404
6723,638.7607000600059,638.76070006,638.7607000600059
6724,1890.9627816527552,1890.96278165,1890.9627816527552
6725,3164.5259390426318,3164.52593904,3164.5259390426318
6726,4259.13895164805,4259.13895165,4259.13895164805
6727,1101.6817399641357,1101.68173996,1101.6817399641357
6728,876.3617986158099,876.361798616,876.3617986158099
6729,1420.411032959662,1420.41103296,1420.411032959662
6730,10267.626186434896,10267.6261864,10267.626186434896
6731,5658.763608706444,5658.76360871,5658.763608706444
6732,4022.6423630521685,4022.64236305,4022.6423630521685
6733,254.62509368493735,254.625093685,254.62509368493735
6734,960.7316815932918,960.731681593,960.7316815932918
6735,556.290108669059,556.290108669,556.290108669059
6736,517.6528739851278,517.652873985,517.6528739851278
6737,3286.8198205446756,3286.81982054,3286.8198205446756
6738,9096.108139879425,9096.10813988,9096.108139879425
6739,6811.052248462088,6811.05224846,6811.052248462088
6740,2203.875114398305,2203.8751144,2203.875114398305
6741,1888.790947964783,1888.79094796,1888.790947964783
6742,995.716283004598,995.716283005,995.716283004598
6743,386.3329084634652,386.332908463,386.3329084634652
6744,2471.8790346659107,2471.87903467,2471.8790346659107
6745,1589.8485648071846,1589.84856481,1589.8485648071846
6746,1973.7948818200268,1973.79488182,1973.7948818200268
6747,1958.2583098234493,1958.25830982,1958.2583098234493
6748,3362.908211691531,3362.90821169,3362.908211691531
6749,1126.171495461862,1126.17149546,1126.171495461862
6750,14193.864425350266,14193.8644254,14193.864425350266
6751,3092.044213687742,3092.04421369,3092.044213687742
6752,1220.524644464195,1220.52464446,1220.524644464195
6753,391.3342694283437,391.334269428,391.3342694283437
6754,282.55028787794663,282.550287878,282.55028787794663
6755,3710.6395893821086,3710.63958938,3710.6395893821086
6756,3088.203524046026,3088.20352405,3088.203524046026
6757,6521.813937633593,6521.81393763,6521.813937633593
6758,2004.1969047483271,2004.19690475,2004.1969047483271
6759,1082.3236005804026,1082.32360058,1082.3236005804026
6760,445.00511350445146,445.005113504,445.00511350445146
6761,2607.1517340050636,2607.15173401,2607.1517340050636
6762,407.330075079135,407.330075079,407.330075079135
6763,1638.2548631524753,1638.25486315,1638.2548631524753
6764,1242.0611468034851,1242.0611468,1242.0611468034851
6765,2175.15572252909,2175.15572253,2175.15572252909
6766,630.6386178860497,630.638617886,630.6386178860497
6767,1308.930856880764,1308.93085688,1308.930856880764
6768,505.5216838932276,505.521683893,505.5216838932276
6769,4154.315183693462,4154.31518369,4154.315183693462
6770,2073.6568437208357,2073.65684372,2073.6568437208357
6771,15340.80719577977,15340.8071958,15340.80719577977
6772,2266.440129356377,2266.44012936,2266.440129356377
6773,2008.0395474568186,2008.03954746,2008.0395474568186
6774,2390.955423638069,2390.95542364,2390.955423638069
6775,124.97471109560058,124.974711096,124.97471109560058
6776,216.1291451964342,216.129145196,216.1291451964342
6777,2092.479955644325,2092.47995564,2092.479955644325
6778,6907.81184673146,6907.81184673,6907.81184673146
6779,719.0525692913119,719.052569291,719.0525692913119
6780,856.4595134798427,856.45951348,856.4595134798427
6781,320.3610310718842,320.361031072,320.3610310718842
6782,2223.920514248741,2223.92051425,2223.920514248741
6783,957.7497758094901,957.749775809,957.7497758094901
6784,1755.9552671875103,1755.95526719,1755.9552671875103
6785,1084.3825879240776,1084.38258792,1084.3825879240776
6786,1455.0157019821072,1455.01570198,1455.0157019821072
6787,753.9242440102763,753.92424401,753.9242440102763
6788,2767.319546590702,2767.31954659,2767.319546590702
6789,2816.7087200484984,2816.70872005,2816.7087200484984
6790,3735.7436436616676,3735.74364366,3735.7436436616676
6791,1084.1956746259007,1084.19567463,1084.1956746259007
6792,144.49824004583218,144.498240046,144.49824004583218
6793,1840.1135378887377,1840.11353789,1840.1135378887377
6794,2544.8716541155413,2544.87165412,2544.8716541155413
6795,687.1152389702763,687.11523897,687.1152389702763
6796,1782.9061843009677,1782.9061843,1782.9061843009677
6797,776.6033652665058,776.603365267,776.6033652665058
6798,2934.6663061100753,2934.66630611,2934.6663061100753
6799,314.96082546660494,314.960825467,314.96082546660494
6800,427.46385936039735,427.46385936,427.46385936039735
6801,1092.5085055675513,1092.50850557,1092.5085055675513
6802,4118.201404300128,4118.2014043,4118.201404300128
6803,364.4183884014725,364.418388401,364.4183884014725
6804,327.7546203523814,327.754620352,327.7546203523814
6805,3839.175801382666,3839.17580138,3839.175801382666
6806,2683.5786791131145,2683.57867911,2683.5786791131145
6807,1894.4090312440835,1894.40903124,1894.4090312440835
6808,5521.365256106458,5521.36525611,5521.365256106458
6809,566.4151016764818,566.415101676,566.4151016764818
6810,7224.3037548291895,7224.30375483,7224.3037548291895
6811,811.2916492188344,811.291649219,811.2916492188344
6812,1191.5669300480968,1191.56693005,1191.5669300480968
6813,1708.1949451103403,1708.19494511,1708.1949451103403
6814,5674.871130479911,5674.87113048,5674.871130479911
6815,782.5683463894113,782.568346389,782.5683463894113
6816,4498.729302334144,4498.72930233,4498.729302334144
6817,15922.611314277727,15922.6113143,15922.611314277727
6818,6515.470440444593,6515.47044044,6515.470440444593
6819,5315.906744518588,5315.90674452,5315.906744518588
6820,777.6770382108207,777.677038211,777.6770382108207
6821,3277.506636104461,3277.5066361,3277.506636104461
6822,444.7687363797864,444.76873638,444.7687363797864
6823,5721.643850361017,5721.64385036,5721.643850361017
6824,5845.1581346901685,5845.15813469,5845.1581346901685
6825,2765.374159286366,2765.37415929,2765.374159286366
6826,3640.3299649715395,3640.32996497,3640.3299649715395
6827,9798.894876444128,9798.89487644,9798.894876444128
6828,288.47502289409624,288.475022894,288.47502289409624
6829,5001.544965814506,5001.54496581,5001.544965814506
6830,3103.7771128554455,3103.77711286,3103.7771128554455
6831,1084.9879146123833,1084.98791461,1084.9879146123833
6832,365.9763662108799,365.976366211,365.9763662108799
6833,8448.147987240967,8448.14798724,8448.147987240967
6835,1282.8254519294287,1282.82545193,1282.8254519294287
6836,281.3035276835595,281.303527684,281.3035276835595
6837,2631.8966337912284,2631.89663379,2631.8966337912284
6838,326.11544885698066,326.115448857,326.11544885698066
6839,2329.0972415188826,2329.09724152,2329.0972415188826
6840,335.1342515680309,335.134251568,335.1342515680309
6841,1966.593352001425,1966.593352,1966.593352001425
6842,1219.6798168268397,1219.67981683,1219.6798168268397
6843,8062.783290574626,8062.78329057,8062.783290574626
6844,960.8652356692454,960.865235669,960.8652356692454
6845,2997.9124629033245,2997.9124629,2997.9124629033245
6846,2632.554075445543,2632.55407545,2632.554075445543
6847,90.12656423468151,90.1265642347,90.12656423468151
6848,2156.755744351486,2156.75574435,2156.755744351486
6849,905.6152026843746,905.615202684,905.6152026843746
6850,1860.3683101062352,1860.36831011,1860.3683101062352
6851,1748.6515318910976,1748.65153189,1748.6515318910976
6852,3491.934592492597,3491.93459249,3491.934592492597
6853,241.75338427519694,241.753384275,241.75338427519694
6854,1057.8121515835949,1057.81215158,1057.8121515835949
6855,2056.4707723917295,2056.47077239,2056.4707723917295
6856,9704.386641127123,9704.38664113,9704.386641127123
6857,1552.6222118505325,1552.62221185,1552.6222118505325
6858,372.8762264007345,372.876226401,372.8762264007345
6859,1787.9140488832106,1787.91404888,1787.9140488832106
6860,1374.400458348417,1374.40045835,1374.400458348417
6861,1912.6934025182518,1912.69340252,1912.6934025182518
6862,102.57911497196845,102.579114972,102.57911497196845
6863,1005.2114069556336,1005.21140696,1005.2114069556336
6864,5526.870388824857,5526.87038882,5526.870388824857
6865,1120.4628528749686,1120.46285287,1120.4628528749686
6866,771.4433135297412,771.44331353,771.4433135297412
6867,3129.130480640217,3129.13048064,3129.130480640217
6868,121.03129153110767,121.031291531,121.03129153110767
6869,3121.498951712965,3121.49895171,3121.498951712965
6870,2144.572292334284,2144.57229233,2144.572292334284
6871,4740.07173792394,4740.07173792,4740.07173792394
6872,4320.614317651165,4320.61431765,4320.614317651165
6873,200.13267539767244,200.132675398,200.13267539767244
6874,4137.621281424339,4137.62128142,4137.621281424339
6875,1195.125162131487,1195.12516213,1195.125162131487
6876,2267.7508415068673,2267.75084151,2267.7508415068673
6877,1205.925453312248,1205.92545331,1205.925453312248
6878,3351.896948403809,3351.8969484,3351.896948403809
6879,204.70676291534983,204.706762915,204.70676291534983
6880,657.2241890470401,657.224189047,657.2241890470401
6881,4135.136325234358,4135.13632523,4135.136325234358
6882,8607.826384991591,8607.82638499,8607.826384991591
6883,136.99281772290925,136.992817723,136.99281772290925
6884,924.6233068038164,924.623306804,924.6233068038164
6885,103.97529899998165,103.975299,103.97529899998165
6886,3080.362474764746,3080.36247476,3080.362474764746
6887,4642.716527236521,4642.71652724,4642.716527236521
6888,2531.5848403915634,2531.58484039,2531.5848403915634
6889,495.4010863069143,495.401086307,495.4010863069143
6890,1723.4069248969818,1723.4069249,1723.4069248969818
6891,561.3629669080004,561.362966908,561.3629669080004
6892,372.8395271505491,372.839527151,372.8395271505491
6893,812.4941197706339,812.494119771,812.4941197706339
6894,614.2971871339853,614.297187134,614.2971871339853
6895,3584.8312781150685,3584.83127812,3584.8312781150685
6896,5508.924571301431,5508.9245713,5508.924571301431
6897,1424.831762618442,1424.83176262,1424.831762618442
6898,1281.0396828281193,1281.03968283,1281.0396828281193
6899,3465.4833068182934,3465.48330682,3465.4833068182934
6900,937.7850413230548,937.785041323,937.7850413230548
6901,1124.2076345933813,1124.20763459,1124.2076345933813
6902,859.7864804721515,859.786480472,859.7864804721515
6903,645.8965346409298,645.896534641,645.8965346409298
6904,3830.109120303986,3830.1091203,3830.109120303986
6905,971.513009843366,971.513009843,971.513009843366
6906,1267.9936548122857,1267.99365481,1267.9936548122857
6907,2508.6312558775917,2508.63125588,2508.6312558775917
6908,1253.6563252267702,1253.65632523,1253.6563252267702
6909,1090.0444410246205,1090.04444102,1090.0444410246205
6910,613.2873317688042,613.287331769,613.2873317688042
6911,2099.0858486771,2099.08584868,2099.0858486771
6912,7045.679986447334,7045.67998645,7045.679986447334
6913,1380.8574454042136,1380.8574454,1380.8574454042136
6914,2289.0068889348463,2289.00688893,2289.0068889348463
6915,1982.8280978101427,1982.82809781,1982.8280978101427
6916,1901.4549123857864,1901.45491239,1901.4549123857864
6917,5504.436563628475,5504.43656363,5504.436563628475
6918,1391.037728535148,1391.03772854,1391.037728535148
6919,6123.4192177173845,6123.41921772,6123.4192177173845
6920,1490.2847507307113,1490.28475073,1490.2847507307113
6921,640.7039744695961,640.70397447,640.7039744695961
6922,8350.749020642797,8350.74902064,8350.749020642797
6923,6662.889263072605,6662.88926307,6662.889263072605
6924,661.114235023937,661.114235024,661.114235023937
6925,1891.5799232214936,1891.57992322,1891.5799232214936
6926,2593.564517809774,2593.56451781,2593.564517809774
6927,3048.1717255389694,3048.17172554,3048.1717255389694
6928,9493.781081493693,9493.78108149,9493.781081493693
6929,1451.0667169011044,1451.0667169,1451.0667169011044
6930,3557.1547227189917,3557.15472272,3557.1547227189917
6931,6187.020407036159,6187.02040704,6187.020407036159
6932,2537.781463296712,2537.7814633,2537.781463296712
6933,2263.7731380623627,2263.77313806,2263.7731380623627
6934,648.0099478011825,648.009947801,648.0099478011825
6935,342.6729713344187,342.672971334,342.6729713344187
6936,285.8343857383696,285.834385738,285.8343857383696
6937,1750.8120496547144,1750.81204965,1750.8120496547144
6938,1574.3215660403696,1574.32156604,1574.3215660403696
6939,1082.9632139340226,1082.96321393,1082.9632139340226
6940,7574.656149791871,7574.65614979,7574.656149791871
6941,416.16389425432874,416.163894254,416.16389425432874
6942,3422.375171642473,3422.37517164,3422.375171642473
6943,7845.064895456757,7845.06489546,7845.064895456757
6944,557.1644347937279,557.164434794,557.1644347937279
6945,1974.7113527695174,1974.71135277,1974.7113527695174
6946,1482.551644787127,1482.55164479,1482.551644787127
6947,357.61223742125895,357.612237421,357.61223742125895
6948,1412.6263806268662,1412.62638063,1412.6263806268662
6949,3685.896955098428,3685.8969551,3685.896955098428
6950,727.2142632951245,727.214263295,727.2142632951245
6951,4562.829876130088,4562.82987613,4562.829876130088
6952,1200.7343372221924,1200.73433722,1200.7343372221924
6953,4599.412980874996,4599.41298087,4599.412980874996
6954,2128.8679870266947,2128.86798703,2128.8679870266947
6955,4234.826901732925,4234.82690173,4234.826901732925
6956,1816.2125347457652,1816.21253475,1816.2125347457652
6957,3186.077417858059,3186.07741786,3186.077417858059
6958,1914.5641968024063,1914.5641968,1914.5641968024063
6959,1303.5244705133464,1303.52447051,1303.5244705133464
6960,549.0373695695506,549.03736957,549.0373695695506
6961,1902.0797005610214,1902.07970056,1902.0797005610214
6962,2534.8661768822935,2534.86617688,2534.8661768822935
6963,1081.022999441993,1081.02299944,1081.022999441993
6964,7573.388132140851,7573.38813214,7573.388132140851
6965,1057.2129240193494,1057.21292402,1057.2129240193494
6966,2123.920874945613,2123.92087495,2123.920874945613
6967,5336.883109513171,5336.88310951,5336.883109513171
6968,1829.686771437027,1829.68677144,1829.686771437027
6969,11910.505983970566,11910.505984,11910.505983970566
6970,1186.689287414371,1186.68928741,1186.689287414371
6971,499.5792192385329,499.579219239,499.5792192385329
6972,935.7263820774572,935.726382077,935.7263820774572
6973,4742.834115068043,4742.83411507,4742.834115068043
6974,10880.50692842595,10880.5069284,10880.50692842595
6975,348.8965208364651,348.896520836,348.8965208364651
6976,1507.4324409559226,1507.43244096,1507.4324409559226
6977,8044.218618825522,8044.21861883,8044.218618825522
6978,2196.853644149669,2196.85364415,2196.853644149669
6979,1687.963195951776,1687.96319595,1687.963195951776
6980,8335.729165441924,8335.72916544,8335.729165441924
6981,1916.6524701225972,1916.65247012,1916.6524701225972
6982,3745.447860004932,3745.44786,3745.447860004932
6983,2698.4435168987834,2698.4435169,2698.4435168987834
6984,1766.1565026443993,1766.15650264,1766.1565026443993
6985,516.5545279428402,516.554527943,516.5545279428402
6986,412.0946589484395,412.094658948,412.0946589484395
6987,3171.5438378147446,3171.54383781,3171.5438378147446
6988,4199.624035976365,4199.62403598,4199.624035976365
6989,3340.2329024367596,3340.23290244,3340.2329024367596
6990,775.0593776464249,775.059377646,775.0593776464249
6991,465.9560361338189,465.956036134,465.9560361338189
6992,5537.190235919798,5537.19023592,5537.190235919798
6993,520.6017988012937,520.601798801,520.6017988012937
6994,4310.0348791934775,4310.03487919,4310.0348791934775
6995,2334.303930372468,2334.30393037,2334.303930372468
6996,4004.613823310619,4004.61382331,4004.613823310619
6997,258.72526790366635,258.725267904,258.72526790366635
6998,2499.238695626949,2499.23869563,2499.238695626949
6999,1275.792207576544,1275.79220758,1275.792207576544
7000,2759.4087302090074,2759.40873021,2759.4087302090074
7001,1195.2192753810177,1195.21927538,1195.2192753810177
7002,1829.2369101840643,1829.23691018,1829.2369101840643
7003,5853.961034573498,5853.96103457,5853.961034573498
7004,376.87422452442604,376.874224524,376.87422452442604
7005,3057.189967000142,3057.189967,3057.189967000142
7006,4289.661965527907,4289.66196553,4289.661965527907
7007,690.212851463894,690.212851464,690.212851463894
7008,2729.4058100258067,2729.40581003,2729.4058100258067
7009,1834.592673489987,1834.59267349,1834.592673489987
7010,12218.25440826461,12218.2544083,12218.25440826461
7011,7480.162037847152,7480.16203785,7480.162037847152
7012,7908.419524369061,7908.41952437,7908.419524369061
7013,10175.936343865065,10175.9363439,10175.936343865065
7014,1376.5460150482654,1376.54601505,1376.5460150482654
7015,2464.249329634639,2464.24932963,2464.249329634639
7016,1803.7263403843058,1803.72634038,1803.7263403843058
7017,1422.37636271702,1422.37636272,1422.37636271702
7018,2246.5299099274253,2246.52990993,2246.5299099274253
7019,1460.8836018320758,1460.88360183,1460.8836018320758
7020,3101.5506912971928,3101.5506913,3101.5506912971928
7021,2602.6642925800365,2602.66429258,2602.6642925800365
7022,2033.0305220056525,2033.03052201,2033.0305220056525
7023,348.67728126901295,348.677281269,348.67728126901295
7024,1793.1207342077387,1793.12073421,1793.1207342077387
7026,599.4856735934708,599.485673593,599.4856735934708
7027,4036.137124686401,4036.13712469,4036.137124686401
7028,1660.122309779334,1660.12230978,1660.122309779334
7029,1448.3124588728085,1448.31245887,1448.3124588728085
7030,106.67495725911483,106.674957259,106.67495725911483
7031,1192.3826287180575,1192.38262872,1192.3826287180575
7032,118.3751835248809,118.375183525,118.3751835248809
7033,3100.4595395710367,3100.45953957,3100.4595395710367
7034,425.5421301688592,425.542130169,425.5421301688592
7035,75.9373025105944,75.9373025106,75.9373025105944
7036,3379.256334787831,3379.25633479,3379.256334787831
7037,2213.226417512879,2213.22641751,2213.226417512879
7038,6715.241966003545,6715.241966,6715.241966003545
7039,551.5876614777608,551.587661478,551.5876614777608
7040,1782.5059170802351,1782.50591708,1782.5059170802351
7041,1511.6429970426395,1511.64299704,1511.6429970426395
7042,86.2646517822198,86.2646517822,86.2646517822198
7043,765.2187610774013,765.218761077,765.2187610774013
7044,330.8998808347477,330.899880835,330.8998808347477
7045,5267.428232874429,5267.42823287,5267.428232874429
7046,723.1836495783559,723.183649578,723.1836495783559
7047,3503.8634652440105,3503.86346524,3503.8634652440105
7048,4076.8512563762565,4076.85125638,4076.8512563762565
7049,1301.8986007677563,1301.89860077,1301.8986007677563
7050,376.1051070211663,376.105107021,376.1051070211663
7051,251.64369323029553,251.64369323,251.64369323029553
7052,2249.6658651057787,2249.66586511,2249.6658651057787
7053,1153.61165679742,1153.6116568,1153.61165679742
7054,2530.367322163177,2530.36732216,2530.367322163177
7055,1593.3310424774756,1593.33104248,1593.3310424774756
7056,2513.4025095476377,2513.40250955,2513.4025095476377
7057,430.98396845471297,430.983968455,430.98396845471297
7058,1307.4888553843823,1307.48885538,1307.4888553843823
7059,512.8305265827042,512.830526583,512.8305265827042
7060,1191.2712125944986,1191.27121259,1191.2712125944986
7061,592.7692155490577,592.769215549,592.7692155490577
7062,367.5131037147105,367.513103715,367.5131037147105
7063,212.3236954182715,212.323695418,212.3236954182715
7064,1715.9676477671594,1715.96764777,1715.9676477671594
7065,501.32065098270834,501.320650983,501.32065098270834
7066,2533.16425650618,2533.16425651,2533.16425650618
7067,844.1549801359438,844.154980136,844.1549801359438
7068,1890.5155581944298,1890.51555819,1890.5155581944298
7069,2577.7315344937188,2577.73153449,2577.7315344937188
7070,1111.6433402826967,1111.64334028,1111.6433402826967
7071,3481.6749744607946,3481.67497446,3481.6749744607946
7072,1788.4457406218526,1788.44574062,1788.4457406218526
7073,2313.2729640769203,2313.27296408,2313.2729640769203
7074,2261.229050472231,2261.22905047,2261.229050472231
7075,4473.158410198353,4473.1584102,4473.158410198353
7076,1106.767774326818,1106.76777433,1106.767774326818
7077,3555.50498313328,3555.50498313,3555.50498313328
7078,1642.3379305579786,1642.33793056,1642.3379305579786
7079,4012.5781130088158,4012.57811301,4012.5781130088158
7080,295.2445572292378,295.244557229,295.2445572292378
7081,2856.4910646013595,2856.4910646,2856.4910646013595
7082,4600.535971723042,4600.53597172,4600.535971723042
7083,1385.4037824596542,1385.40378246,1385.4037824596542
7084,2323.200982437798,2323.20098244,2323.200982437798
7085,2170.889537127812,2170.88953713,2170.889537127812
7086,3705.970246627144,3705.97024663,3705.970246627144
7087,5208.145306449384,5208.14530645,5208.145306449384
7088,6151.678133585083,6151.67813359,6151.678133585083
7089,10338.855745636412,10338.8557456,10338.855745636412
7090,1411.6180502620905,1411.61805026,1411.6180502620905
7091,2879.152813676357,2879.15281368,2879.152813676357
7092,439.1811785774426,439.181178577,439.1811785774426
7093,905.8777295831923,905.877729583,905.8777295831923
7094,332.1916789018922,332.191678902,332.1916789018922
7095,609.0367588289791,609.036758829,609.0367588289791
7096,2504.416839909964,2504.41683991,2504.416839909964
7097,2402.7402384691736,2402.74023847,2402.7402384691736
7098,204.65614454023938,204.65614454,204.65614454023938
7099,5482.745740704247,5482.7457407,5482.745740704247
7100,1088.6493494726783,1088.64934947,1088.6493494726783
7101,2705.021452738592,2705.02145274,2705.021452738592
7102,452.90614840421136,452.906148404,452.90614840421136
7103,3027.355533075026,3027.35553308,3027.355533075026
7104,2591.0697612768454,2591.06976128,2591.0697612768454
7105,1981.8255935937825,1981.82559359,1981.8255935937825
7106,2416.40605733241,2416.40605733,2416.40605733241
7107,7042.044562351358,7042.04456235,7042.044562351358
7108,6287.477632670911,6287.47763267,6287.477632670911
7109,7862.909652596254,7862.9096526,7862.909652596254
7110,122.66374176054862,122.663741761,122.66374176054862
7111,915.0993845770975,915.099384577,915.0993845770975
7112,1477.9081014015192,1477.9081014,1477.9081014015192
7113,1307.1356352862435,1307.13563529,1307.1356352862435
7114,92.75064023757301,92.7506402376,92.75064023757301
7115,410.73916758589974,410.739167586,410.73916758589974
7116,3211.598619613183,3211.59861961,3211.598619613183
7117,2326.472858043376,2326.47285804,2326.472858043376
7118,135.0695961858392,135.069596186,135.0695961858392
7119,757.5328233069996,757.532823307,757.5328233069996
7120,6448.36331580424,6448.3633158,6448.36331580424
7121,2066.747580907814,2066.74758091,2066.747580907814
7122,4305.051022315544,4305.05102232,4305.051022315544
7123,3375.602802245739,3375.60280225,3375.602802245739
7124,729.4699486539444,729.469948654,729.4699486539444
7125,12229.231408784755,12229.2314088,12229.231408784755
7126,2348.757427695115,2348.7574277,2348.757427695115
7127,5561.93395362233,5561.93395362,5561.93395362233
7128,949.1328387666267,949.132838767,949.1328387666267
7129,1123.1813733179981,1123.18137332,1123.1813733179981
7130,563.9480291531893,563.948029153,563.9480291531893
7131,1823.1235004686423,1823.12350047,1823.1235004686423
7132,1748.8652972269413,1748.86529723,1748.8652972269413
7133,4386.70549561324,4386.70549561,4386.70549561324
7134,1231.586252951207,1231.58625295,1231.586252951207
7135,2345.657580826076,2345.65758083,2345.657580826076
7136,799.4551149075705,799.455114908,799.4551149075705
7137,192.36727076654546,192.367270767,192.36727076654546
7138,1211.02041180795,1211.02041181,1211.02041180795
7139,3688.0698803158466,3688.06988032,3688.0698803158466
7140,299.62976076849844,299.629760768,299.62976076849844
7141,2868.214375000786,2868.214375,2868.214375000786
7142,2697.3701019656296,2697.37010197,2697.3701019656296
7143,3528.1531758248057,3528.15317582,3528.1531758248057
7144,3337.7131675895316,3337.71316759,3337.7131675895316
7145,42.54743983435073,42.5474398344,42.54743983435073
7146,4494.898922731305,4494.89892273,4494.898922731305
7147,2384.808221788934,2384.80822179,2384.808221788934
7148,4750.795582962567,4750.79558296,4750.795582962567
7149,369.8835577878295,369.883557788,369.8835577878295
7150,1332.95366220792,1332.95366221,1332.95366220792
7151,313.8222353375726,313.822235338,313.8222353375726
7152,815.7312060267581,815.731206027,815.7312060267581
7153,418.99028077957604,418.99028078,418.99028077957604
7154,1905.2741825700314,1905.27418257,1905.2741825700314
7155,11263.518214094802,11263.5182141,11263.518214094802
7156,3440.604545613711,3440.60454561,3440.604545613711
7157,212.8794443024456,212.879444302,212.8794443024456
7158,3510.6064062405817,3510.60640624,3510.6064062405817
7159,3046.7379955792694,3046.73799558,3046.7379955792694
7160,7174.996349334043,7174.99634933,7174.996349334043
7161,2425.663703557797,2425.66370356,2425.663703557797
7162,1756.7581835282342,1756.75818353,1756.7581835282342
7163,1887.2888272934897,1887.28882729,1887.2888272934897
7164,1670.6821744017445,1670.6821744,1670.6821744017445
7165,2897.880849940885,2897.88084994,2897.880849940885
7166,3591.6640750887714,3591.66407509,3591.6640750887714
7167,2558.8698802361305,2558.86988024,2558.8698802361305
7168,542.4042035732465,542.404203573,542.4042035732465
7169,248.59973776349653,248.599737763,248.59973776349653
7170,1683.911372899018,1683.9113729,1683.911372899018
7171,9705.13548927027,9705.13548927,9705.13548927027
7172,2296.4023704390033,2296.40237044,2296.4023704390033
7173,1771.3979341096217,1771.39793411,1771.3979341096217
7174,550.349616656694,550.349616657,550.349616656694
7175,1995.5819775562643,1995.58197756,1995.5819775562643
7176,980.7859408860414,980.785940886,980.7859408860414
7177,828.2886357995478,828.2886358,828.2886357995478
7178,2272.7109633554132,2272.71096336,2272.7109633554132
7179,2978.597972314712,2978.59797231,2978.597972314712
7180,2243.2030614792357,2243.20306148,2243.2030614792357
7181,1175.2448550760066,1175.24485508,1175.2448550760066
7182,5240.2104216427615,5240.21042164,5240.2104216427615
7183,3940.477966722328,3940.47796672,3940.477966722328
7184,300.13588029805067,300.135880298,300.13588029805067
7185,7800.812598467274,7800.81259847,7800.812598467274
7186,3982.0022112300985,3982.00221123,3982.0022112300985
7187,3657.4253709874274,3657.42537099,3657.4253709874274
7188,844.3146012437933,844.314601244,844.3146012437933
7189,2081.674652852528,2081.67465285,2081.674652852528
7190,6359.103734126954,6359.10373413,6359.103734126954
7191,601.0471091452428,601.047109145,601.0471091452428
7192,1082.654177494754,1082.65417749,1082.654177494754
7193,2999.914347166048,2999.91434717,2999.914347166048
7194,5616.342045378704,5616.34204538,5616.342045378704
7195,6067.785654681773,6067.78565468,6067.785654681773
7196,701.8539873662646,701.853987366,701.8539873662646
7197,2212.4204719304776,2212.42047193,2212.4204719304776
7198,6213.361956067713,6213.36195607,6213.361956067713
7199,2987.08054148666,2987.08054149,2987.08054148666
7200,2205.219013780295,2205.21901378,2205.219013780295
7201,2588.2843091034174,2588.2843091,2588.2843091034174
7202,3363.494958098948,3363.4949581,3363.494958098948
7203,838.8865129498163,838.88651295,838.8865129498163
7204,2172.345510258437,2172.34551026,2172.345510258437
7205,1982.8499119809255,1982.84991198,1982.8499119809255
7206,2941.8937063432663,2941.89370634,2941.8937063432663
7207,3311.1516646187356,3311.15166462,3311.1516646187356
7208,677.2415672621097,677.241567262,677.2415672621097
7209,2971.200535814979,2971.20053581,2971.200535814979
7210,5026.90532368315,5026.90532368,5026.90532368315
7211,1287.9689409885696,1287.96894099,1287.9689409885696
7212,2774.2802338170986,2774.28023382,2774.2802338170986
7213,2702.2073724941138,2702.20737249,2702.2073724941138
7214,2543.0396562244605,2543.03965622,2543.0396562244605
7215,671.4403148334433,671.440314833,671.4403148334433
7216,15.700800656295062,15.7008006563,15.700800656295062
7217,207.8853006697731,207.88530067,207.8853006697731
7218,2418.317571568915,2418.31757157,2418.317571568915
7219,1344.196796298808,1344.1967963,1344.196796298808
7220,288.1340250722716,288.134025072,288.1340250722716
7221,887.5856763133596,887.585676313,887.5856763133596
7222,20204.57822802672,20204.578228,20204.57822802672
7223,2557.2099679337853,2557.20996793,2557.2099679337853
7224,2421.8398490889454,2421.83984909,2421.8398490889454
7225,4518.393499824476,4518.39349982,4518.393499824476
7226,1525.6218426849855,1525.62184268,1525.6218426849855
7227,452.86679216645933,452.866792166,452.86679216645933
7228,3945.0869927122876,3945.08699271,3945.0869927122876
7229,2984.6345260298203,2984.63452603,2984.6345260298203
7230,1430.2547312367178,1430.25473124,1430.2547312367178
7231,9405.58350300561,9405.58350301,9405.58350300561
7232,7133.580233881287,7133.58023388,7133.580233881287
7233,2643.2184555912877,2643.21845559,2643.2184555912877
7234,1436.8733783383525,1436.87337834,1436.8733783383525
7235,1376.5333766374126,1376.53337664,1376.5333766374126
7236,16701.719018340562,16701.7190183,16701.719018340562
7237,1381.3167763401582,1381.31677634,1381.3167763401582
7238,3713.5950320238503,3713.59503202,3713.5950320238503
7239,2484.8069529283507,2484.80695293,2484.8069529283507
7240,3550.8196935543124,3550.81969355,3550.8196935543124
7241,11595.752247798506,11595.7522478,11595.752247798506
7242,1146.396955778717,1146.39695578,1146.396955778717
7243,1266.2008304347678,1266.20083043,1266.2008304347678
7244,1337.2355598883114,1337.23555989,1337.2355598883114
7245,1850.5284008077888,1850.52840081,1850.5284008077888
7246,6187.448323364102,6187.44832336,6187.448323364102
7247,1914.375339244634,1914.37533924,1914.375339244634
7248,8285.091028399962,8285.0910284,8285.091028399962
7249,1709.302572243479,1709.30257224,1709.302572243479
7250,880.8689233725032,880.868923373,880.8689233725032
7251,1685.1352813797225,1685.13528138,1685.1352813797225
7252,16555.49818240287,16555.4981824,16555.49818240287
7253,2677.4283258447103,2677.42832584,2677.4283258447103
7254,390.94682221875917,390.946822219,390.94682221875917
7255,3599.4804439049735,3599.4804439,3599.4804439049735
7256,3528.4647227257524,3528.46472273,3528.4647227257524
7257,2648.173431501374,2648.1734315,2648.173431501374
7258,818.3089032417703,818.308903242,818.3089032417703
7259,1694.8095171786183,1694.80951718,1694.8095171786183
7260,144.04373605482763,144.043736055,144.04373605482763
7261,607.1267337064412,607.126733706,607.1267337064412
7262,4839.572661368872,4839.57266137,4839.572661368872
7263,772.9450958767875,772.945095877,772.9450958767875
7264,1192.4636494225606,1192.46364942,1192.4636494225606
7265,3888.002906566248,3888.00290657,3888.002906566248
7266,734.2369589785484,734.236958979,734.2369589785484
7267,4284.668607534472,4284.66860753,4284.668607534472
7268,2457.8615689980556,2457.861569,2457.8615689980556
7269,2077.217911010689,2077.21791101,2077.217911010689
7270,754.6269930119024,754.626993012,754.6269930119024
7271,352.09084311064726,352.090843111,352.09084311064726
7272,2285.620975808469,2285.62097581,2285.620975808469
7273,4869.170449289207,4869.17044929,4869.170449289207
7274,2159.013664411655,2159.01366441,2159.013664411655
7275,2626.5690111916547,2626.56901119,2626.5690111916547
7276,697.1328997657279,697.132899766,697.1328997657279
7277,471.1762575931945,471.176257593,471.1762575931945
7278,470.34704059734497,470.347040597,470.34704059734497
7279,377.43948180599216,377.439481806,377.43948180599216
7280,7322.096733442852,7322.09673344,7322.096733442852
7281,863.6812073358761,863.681207336,863.6812073358761
7282,628.1446714870717,628.144671487,628.1446714870717
7283,1691.1402265582285,1691.14022656,1691.1402265582285
7284,2942.447635849873,2942.44763585,2942.447635849873
7285,4938.927907629746,4938.92790763,4938.927907629746
7286,5213.06231568524,5213.06231569,5213.06231568524
7287,672.6659142021771,672.665914202,672.6659142021771
7288,4956.345491275565,4956.34549128,4956.345491275565
7289,3528.929095140442,3528.92909514,3528.929095140442
7290,216.05795418801608,216.057954188,216.05795418801608
7291,747.4542677882836,747.454267788,747.4542677882836
7292,1548.126587347678,1548.12658735,1548.126587347678
7293,9128.769723053987,9128.76972305,9128.769723053987
7294,5136.304568924366,5136.30456892,5136.304568924366
7295,1040.7335468145088,1040.73354681,1040.7335468145088
7296,727.096894937592,727.096894938,727.096894937592
7297,488.21214829905836,488.212148299,488.21214829905836
7298,129.57829296916515,129.578292969,129.57829296916515
7299,2147.9477819845615,2147.94778198,2147.9477819845615
7300,3047.3348867221657,3047.33488672,3047.3348867221657
7301,863.5009332482983,863.500933248,863.5009332482983
7302,1569.7449633389315,1569.74496334,1569.7449633389315
7303,3595.543796836922,3595.54379684,3595.543796836922
7304,3767.2679616408573,3767.26796164,3767.2679616408573
7305,682.3550828073551,682.355082807,682.3550828073551
7306,7444.990928302002,7444.9909283,7444.990928302002
7307,2191.7983645751096,2191.79836458,2191.7983645751096
7308,1196.3898019540266,1196.38980195,1196.3898019540266
7309,2211.693580764089,2211.69358076,2211.693580764089
7310,1407.7748368611199,1407.77483686,1407.7748368611199
7311,3312.9832915243073,3312.98329152,3312.9832915243073
7312,947.6367951570439,947.636795157,947.6367951570439
7313,3982.9508165733305,3982.95081657,3982.9508165733305
7314,3782.467759692255,3782.46775969,3782.467759692255
7315,2118.713188008678,2118.71318801,2118.713188008678
7316,4294.625576433077,4294.62557643,4294.625576433077
7317,5111.704887540712,5111.70488754,5111.704887540712
7318,130.6652100881986,130.665210088,130.6652100881986
7319,16792.407029937727,16792.4070299,16792.407029937727
7320,780.5973536424042,780.597353642,780.5973536424042
7321,2149.8364791731433,2149.83647917,2149.8364791731433
7322,4351.715706783596,4351.71570678,4351.715706783596
7323,3395.8317087400696,3395.83170874,3395.8317087400696
7324,5276.742756475311,5276.74275648,5276.742756475311
7325,1859.3707005816527,1859.37070058,1859.3707005816527
7326,1690.515129657565,1690.51512966,1690.515129657565
7327,3169.279573961251,3169.27957396,3169.279573961251
7328,907.7696000385989,907.769600039,907.7696000385989
7329,1663.6396970559313,1663.63969706,1663.6396970559313
7330,8744.513055035626,8744.51305504,8744.513055035626
7331,12214.043529062435,12214.0435291,12214.043529062435
7332,2779.5865223339406,2779.58652233,2779.5865223339406
7333,3536.8827200432816,3536.88272004,3536.8827200432816
7334,3766.276612862386,3766.27661286,3766.276612862386
7335,4448.636006447813,4448.63600645,4448.636006447813
7336,517.6166496638425,517.616649664,517.6166496638425
7337,917.197284355675,917.197284356,917.197284355675
7338,2686.9384233752758,2686.93842338,2686.9384233752758
7339,4911.9746741343215,4911.97467413,4911.9746741343215
7340,2975.6676542792875,2975.66765428,2975.6676542792875
7341,1615.1214253533856,1615.12142535,1615.1214253533856
7342,891.6047098052261,891.604709805,891.6047098052261
7343,8661.021691622185,8661.02169162,8661.021691622185
7344,9575.166543001014,9575.166543,9575.166543001014
7345,3572.792684319475,3572.79268432,3572.792684319475
7346,137.69103527018825,137.69103527,137.69103527018825
7347,809.4016881126431,809.401688113,809.4016881126431
7348,2387.083569563871,2387.08356956,2387.083569563871
7349,1612.8132043636188,1612.81320436,1612.8132043636188
7350,6743.888926131629,6743.88892613,6743.888926131629
7351,3261.944498079865,3261.94449808,3261.944498079865
7352,5252.395328559598,5252.39532856,5252.395328559598
7353,5311.074863504111,5311.0748635,5311.074863504111
7354,5969.863751501459,5969.8637515,5969.863751501459
7355,2379.452088481229,2379.45208848,2379.452088481229
7356,1368.1750447591355,1368.17504476,1368.1750447591355
7357,5790.124258430284,5790.12425843,5790.124258430284
7358,3439.887514645537,3439.88751465,3439.887514645537
7359,1259.2141833890105,1259.21418339,1259.2141833890105
7360,2082.542646930123,2082.54264693,2082.542646930123
7361,1370.674669828505,1370.67466983,1370.674669828505
7362,5819.295541891569,5819.29554189,5819.295541891569
7363,349.07316954552863,349.073169546,349.07316954552863
7364,8057.7990459368175,8057.79904594,8057.7990459368175
7365,2512.3139423621324,2512.31394236,2512.3139423621324
7366,2725.046528882766,2725.04652888,2725.046528882766
7367,804.0532561669879,804.053256167,804.0532561669879
7368,3221.9103922884497,3221.91039229,3221.9103922884497
7369,1737.7038762319137,1737.70387623,1737.7038762319137
7370,1221.6888789684908,1221.68887897,1221.6888789684908
7371,375.4890371383507,375.489037138,375.4890371383507
7372,5040.802542490217,5040.80254249,5040.802542490217
7373,3480.5265042078386,3480.52650421,3480.5265042078386
7374,5018.0274832043915,5018.0274832,5018.0274832043915
7375,843.290893476295,843.290893476,843.290893476295
7376,742.6079835883957,742.607983588,742.6079835883957
7377,4432.332494425841,4432.33249443,4432.332494425841
7378,1617.4414314403189,1617.44143144,1617.4414314403189
7379,1336.8533989363823,1336.85339894,1336.8533989363823
7380,2862.258453230697,2862.25845323,2862.258453230697
7381,583.4544862638527,583.454486264,583.4544862638527
7382,5638.435244242822,5638.43524424,5638.435244242822
7383,13549.854447922477,13549.8544479,13549.854447922477
7384,3722.32228406537,3722.32228407,3722.32228406537
7385,14880.815106082213,14880.8151061,14880.815106082213
7386,3683.3411932283348,3683.34119323,3683.3411932283348
7387,1424.5709257181534,1424.57092572,1424.5709257181534
7388,1998.9710382760736,1998.97103828,1998.9710382760736
7389,1659.9116717151785,1659.91167172,1659.9116717151785
7390,1482.0719053225225,1482.07190532,1482.0719053225225
7391,1852.7653886192486,1852.76538862,1852.7653886192486
7392,1357.2374521616578,1357.23745216,1357.2374521616578
7393,6088.699793315753,6088.69979332,6088.699793315753
7394,7545.455283561349,7545.45528356,7545.455283561349
7395,3539.010582430772,3539.01058243,3539.010582430772
7396,918.4666204306501,918.466620431,918.4666204306501
7397,2099.9224153247524,2099.92241532,2099.9224153247524
7398,8491.649851994049,8491.64985199,8491.649851994049
7399,2869.1009230906043,2869.10092309,2869.1009230906043
7400,4302.191339677195,4302.19133968,4302.191339677195
7401,648.3967287894927,648.396728789,648.3967287894927
7402,426.52358075966276,426.52358076,426.52358075966276
7403,1566.1044709641435,1566.10447096,1566.1044709641435
7404,1209.7552405371935,1209.75524054,1209.7552405371935
7405,83.89196848334132,83.8919684833,83.89196848334132
7406,501.39976141912985,501.399761419,501.39976141912985
7407,3583.0864013004507,3583.0864013,3583.0864013004507
7408,6956.069705861734,6956.06970586,6956.069705861734
7409,2371.5743863384773,2371.57438634,2371.5743863384773
7410,4807.28061724413,4807.28061724,4807.28061724413
7411,5618.73660509859,5618.7366051,5618.73660509859
7412,3204.1899126041026,3204.1899126,3204.1899126041026
7413,1140.8743078964453,1140.8743079,1140.8743078964453
7414,349.3617124526239,349.361712453,349.3617124526239
7415,170.26430545635367,170.264305456,170.26430545635367
7416,692.587469421573,692.587469422,692.587469421573
7417,9527.987954501823,9527.9879545,9527.987954501823
7418,1321.1185040954877,1321.1185041,1321.1185040954877
7419,2010.4871194965442,2010.4871195,2010.4871194965442
7420,1933.31896498658,1933.31896499,1933.31896498658
7421,7359.414060723739,7359.41406072,7359.414060723739
7422,2363.8300071813655,2363.83000718,2363.8300071813655
7423,614.4568801209828,614.456880121,614.4568801209828
7424,56.05633382916784,56.0563338292,56.05633382916784
7425,984.4182595428264,984.418259543,984.4182595428264
7426,929.4470361650294,929.447036165,929.4470361650294
7427,22932.663541704642,22932.6635417,22932.663541704642
7428,640.4596009966147,640.459600997,640.4596009966147
7429,5360.690327992685,5360.69032799,5360.690327992685
7430,2126.7367597804173,2126.73675978,2126.7367597804173
7431,808.3512800683952,808.351280068,808.3512800683952
7432,2542.8317390030543,2542.831739,2542.8317390030543
7433,4598.010624032723,4598.01062403,4598.010624032723
7434,997.2839590235977,997.283959024,997.2839590235977
7435,2892.2068637454704,2892.20686375,2892.2068637454704
7436,3367.212970921875,3367.21297092,3367.212970921875
7437,504.6415570412417,504.641557041,504.6415570412417
7438,477.63705181406266,477.637051814,477.63705181406266
7439,524.6228927632587,524.622892763,524.6228927632587
7440,8444.91118822975,8444.91118823,8444.91118822975
7441,3280.044854053717,3280.04485405,3280.044854053717
7442,11986.231994739052,11986.2319947,11986.231994739052
7443,1318.1545774342871,1318.15457743,1318.1545774342871
7444,414.7660415409598,414.766041541,414.7660415409598
7445,274.33950311630844,274.339503116,274.33950311630844
7446,464.95181455566177,464.951814556,464.95181455566177
7447,98.87047557541108,98.8704755754,98.87047557541108
7448,4560.2998281254695,4560.29982813,4560.2998281254695
7449,231.1170154779425,231.117015478,231.1170154779425
7450,2303.3642362885666,2303.36423629,2303.3642362885666
7451,2646.671171992897,2646.67117199,2646.671171992897
7452,2645.9106499792247,2645.91064998,2645.9106499792247
7453,1586.6848341353725,1586.68483414,1586.6848341353725
7454,1254.6331877871075,1254.63318779,1254.6331877871075
7455,1449.015810828115,1449.01581083,1449.015810828115
7456,8046.908911465048,8046.90891147,8046.908911465048
7457,186.65922771188065,186.659227712,186.65922771188065
7458,53.40055274840522,53.4005527484,53.40055274840522
7459,1033.3577009076305,1033.35770091,1033.3577009076305
7460,2720.831681893101,2720.83168189,2720.831681893101
7461,5195.657787997196,5195.657788,5195.657787997196
7462,3254.894250404477,3254.8942504,3254.894250404477
7463,4177.34673498639,4177.34673499,4177.34673498639
7464,2679.636594423692,2679.63659442,2679.636594423692
7465,3154.4776178632133,3154.47761786,3154.4776178632133
7466,370.5392207576724,370.539220758,370.5392207576724
7467,405.2398854893984,405.239885489,405.2398854893984
7468,5370.669665962164,5370.66966596,5370.669665962164
7469,8253.436898181508,8253.43689818,8253.436898181508
7470,2571.055900404789,2571.0559004,2571.055900404789
7471,1394.8713860330197,1394.87138603,1394.8713860330197
7472,233.40490814435694,233.404908144,233.40490814435694
7473,7779.029001629823,7779.02900163,7779.029001629823
7474,16637.137116454196,16637.1371165,16637.137116454196
7475,1270.3191921824646,1270.31919218,1270.3191921824646
7476,84.31170875347172,84.3117087535,84.31170875347172
7477,2904.7621168341093,2904.76211683,2904.7621168341093
7478,5273.795574365945,5273.79557437,5273.795574365945
7479,10235.485362517013,10235.4853625,10235.485362517013
7480,2793.8250710845755,2793.82507108,2793.8250710845755
7481,1079.157142527883,1079.15714253,1079.157142527883
7482,1703.7441784625596,1703.74417846,1703.7441784625596
7483,1497.1978405780458,1497.19784058,1497.1978405780458
7484,5689.930176304471,5689.9301763,5689.930176304471
7485,1258.5383249119184,1258.53832491,1258.5383249119184
7486,1777.0509135430818,1777.05091354,1777.0509135430818
7487,2012.4659877857503,2012.46598779,2012.4659877857503
7488,1973.47392081324,1973.47392081,1973.47392081324
7489,1364.4543971118035,1364.45439711,1364.4543971118035
7490,486.20814810993465,486.20814811,486.20814810993465
7491,22438.439975633846,22438.4399756,22438.439975633846
7492,1531.8510562098131,1531.85105621,1531.8510562098131
7493,5733.028637806547,5733.02863781,5733.028637806547
7494,6716.39141828403,6716.39141828,6716.39141828403
7495,2986.1232515290567,2986.12325153,2986.1232515290567
7496,20465.002310766664,20465.0023108,20465.002310766664
7497,4723.975402745478,4723.97540275,4723.975402745478
7498,7937.812970676504,7937.81297068,7937.812970676504
7499,3332.686321136436,3332.68632114,3332.686321136436
7500,85.27189418037058,85.2718941804,85.27189418037058
7501,244.93423167236264,244.934231672,244.93423167236264
7502,1382.4660079842388,1382.46600798,1382.4660079842388
7503,3860.2627782616405,3860.26277826,3860.2627782616405
7504,2158.4384124323315,2158.43841243,2158.4384124323315
7505,1606.1209246739854,1606.12092467,1606.1209246739854
7506,101.23853641471285,101.238536415,101.23853641471285
7507,728.6613201030663,728.661320103,728.6613201030663
7508,2666.785143980204,2666.78514398,2666.785143980204
7509,6487.160444240135,6487.16044424,6487.160444240135
7510,6851.254535438962,6851.25453544,6851.254535438962
7511,1066.1970922488526,1066.19709225,1066.1970922488526
7512,8415.428132506355,8415.42813251,8415.428132506355
7513,3010.8926627199335,3010.89266272,3010.8926627199335
7514,1280.9644499404453,1280.96444994,1280.9644499404453
7515,973.2062081623178,973.206208162,973.2062081623178
7516,1987.066408269088,1987.06640827,1987.066408269088
7517,10918.56794565818,10918.5679457,10918.56794565818
7518,5526.1898814094775,5526.18988141,5526.1898814094775
7519,4574.1319741674115,4574.13197417,4574.1319741674115
7520,2620.725754638993,2620.72575464,2620.725754638993
7521,2446.2744310099565,2446.27443101,2446.2744310099565
7522,793.628394084098,793.628394084,793.628394084098
7523,6632.125366654128,6632.12536665,6632.125366654128
7524,1561.2291860574637,1561.22918606,1561.2291860574637
7525,377.8828299334467,377.882829933,377.8828299334467
7526,2607.6845447142196,2607.68454471,2607.6845447142196
7527,5253.954663999069,5253.954664,5253.954663999069
7528,1898.3290195420932,1898.32901954,1898.3290195420932
7529,123.53413725090132,123.534137251,123.53413725090132
7530,2368.9289409130947,2368.92894091,2368.9289409130947
7531,406.9821662714152,406.982166271,406.9821662714152
7532,1023.8613389033031,1023.8613389,1023.8613389033031
7533,3894.1883184841377,3894.18831848,3894.1883184841377
7534,372.1835289624738,372.183528962,372.1835289624738
7535,441.4753038583855,441.475303858,441.4753038583855
7536,2657.9095686525607,2657.90956865,2657.9095686525607
7537,2470.903258599203,2470.9032586,2470.903258599203
7538,3884.2675766779557,3884.26757668,3884.2675766779557
7539,2300.0130025842986,2300.01300258,2300.0130025842986
7540,3063.2912916375362,3063.29129164,3063.2912916375362
7541,941.6540396697067,941.65403967,941.6540396697067
7542,907.6760324214983,907.676032421,907.6760324214983
7543,183.36739556112667,183.367395561,183.36739556112667
7544,845.4110190585691,845.411019059,845.4110190585691
7545,562.6950596017027,562.695059602,562.6950596017027
7546,3764.023382544951,3764.02338254,3764.023382544951
7547,7076.254503963404,7076.25450396,7076.254503963404
7548,13099.993117971128,13099.993118,13099.993117971128
7549,2104.540458341208,2104.54045834,2104.540458341208
7550,3271.2270861993943,3271.2270862,3271.2270861993943
7551,1365.9909768922078,1365.99097689,1365.9909768922078
7552,6801.500620695664,6801.5006207,6801.500620695664
7553,5451.294554793832,5451.29455479,5451.294554793832
7554,2936.1794547524632,2936.17945475,2936.1794547524632
7555,1192.3437500132043,1192.34375001,1192.3437500132043
7556,2196.3078138684314,2196.30781387,2196.3078138684314
7557,907.7874127737264,907.787412774,907.7874127737264
7558,2950.8048986351932,2950.80489864,2950.8048986351932
7559,6645.307679485541,6645.30767949,6645.307679485541
7560,3712.76963143715,3712.76963144,3712.7696314371497
7561,3814.9768253420634,3814.97682534,3814.9768253420634
7562,1790.023169921852,1790.02316992,1790.023169921852
7563,2922.4672022933796,2922.46720229,2922.4672022933796
7564,4166.531260285612,4166.53126029,4166.531260285612
7565,4630.125398996952,4630.125399,4630.125398996952
7566,564.352182059027,564.352182059,564.352182059027
7567,3350.7544384564644,3350.75443846,3350.7544384564644
7568,2478.8487832742558,2478.84878327,2478.8487832742558
7569,2669.160249380703,2669.16024938,2669.160249380703
7570,1726.65132302938,1726.65132303,1726.65132302938
7571,1675.8390423224735,1675.83904232,1675.8390423224735
7572,4442.640147940996,4442.64014794,4442.640147940996
7573,426.4395203501102,426.43952035,426.4395203501102
7574,3001.8015050174126,3001.80150502,3001.8015050174126
7575,12430.037970687044,12430.0379707,12430.037970687044
7576,612.0670628846303,612.067062885,612.0670628846303
7577,1750.28459594434,1750.28459594,1750.28459594434
7578,5302.13733202124,5302.13733202,5302.13733202124
7579,2963.069830992901,2963.06983099,2963.069830992901
7580,1631.8209289109,1631.82092891,1631.8209289109
7581,1416.3716435302817,1416.37164353,1416.3716435302817
7582,6365.772649082279,6365.77264908,6365.772649082279
7583,4871.186125603709,4871.1861256,4871.186125603709
7584,137.9238049157644,137.923804916,137.9238049157644
7585,1434.9544671018625,1434.9544671,1434.9544671018625
7586,1894.152294646047,1894.15229465,1894.152294646047
7587,3595.9660976273444,3595.96609763,3595.9660976273444
7588,1552.7092894148698,1552.70928941,1552.7092894148698
7589,964.4010576843395,964.401057684,964.4010576843395
7590,1489.7755521971526,1489.7755522,1489.7755521971526
7591,7131.887449820409,7131.88744982,7131.887449820409
7592,4352.125580871127,4352.12558087,4352.125580871127
7593,6006.892443893004,6006.89244389,6006.892443893004
7594,251.5198086661435,251.519808666,251.5198086661435
7595,763.9472119077105,763.947211908,763.9472119077105
7596,7078.36193257247,7078.36193257,7078.36193257247
7597,2313.445911683393,2313.44591168,2313.445911683393
7598,4659.731518719789,4659.73151872,4659.731518719789
7599,1188.0582234194096,1188.05822342,1188.0582234194096
7600,785.7588555601374,785.75885556,785.7588555601374
7601,2246.870111615385,2246.87011162,2246.870111615385
7602,3646.8442842706045,3646.84428427,3646.8442842706045
7603,2641.7171575926286,2641.71715759,2641.7171575926286
7604,497.3503566859772,497.350356686,497.3503566859772
7605,706.8263509865764,706.826350987,706.8263509865764
7606,3374.1907748031676,3374.1907748,3374.1907748031676
7607,7069.122618064486,7069.12261806,7069.122618064486
7608,5888.041850662612,5888.04185066,5888.041850662612
7609,4328.7147134217585,4328.71471342,4328.7147134217585
7610,957.4160767299069,957.41607673,957.4160767299069
7611,39.68278322891473,39.6827832289,39.68278322891473
7612,2874.223813660963,2874.22381366,2874.223813660963
7613,4155.673545173366,4155.67354517,4155.673545173366
7614,9836.677111295077,9836.6771113,9836.677111295077
7615,1071.3031433982549,1071.3031434,1071.3031433982549
7616,6060.7116116721745,6060.71161167,6060.7116116721745
7617,702.2690939008112,702.269093901,702.2690939008112
7618,3614.711108381643,3614.71110838,3614.711108381643
7619,3232.0061376397475,3232.00613764,3232.0061376397475
7620,954.8397405128655,954.839740513,954.8397405128655
7621,3990.9197967723367,3990.91979677,3990.9197967723367
7622,1225.2951185427416,1225.29511854,1225.2951185427416
7623,5560.118430212506,5560.11843021,5560.118430212506
7624,2851.728857838394,2851.72885784,2851.728857838394
7625,1936.1364045342596,1936.13640453,1936.1364045342596
7626,2606.567634773534,2606.56763477,2606.567634773534
7627,7113.527862217346,7113.52786222,7113.527862217346
7628,3138.5368084614834,3138.53680846,3138.5368084614834
7629,2590.452416327982,2590.45241633,2590.452416327982
7630,9523.839185457531,9523.83918546,9523.839185457531
7631,2457.2374755034525,2457.2374755,2457.2374755034525
7632,1068.8585718759468,1068.85857188,1068.8585718759468
7633,3883.784545831062,3883.78454583,3883.784545831062
7634,435.4824365472281,435.482436547,435.4824365472281
7635,7293.143617451752,7293.14361745,7293.143617451752
7636,209.07424566361232,209.074245664,209.07424566361232
7637,1116.839836397612,1116.8398364,1116.839836397612
7638,5520.312956038512,5520.31295604,5520.312956038512
7639,513.4024699244164,513.402469924,513.4024699244164
7640,8780.34601424157,8780.34601424,8780.34601424157
7641,4357.841188804209,4357.8411888,4357.841188804209
7642,1133.4731556020743,1133.4731556,1133.4731556020743
7643,1311.3969419102646,1311.39694191,1311.3969419102646
7644,2914.4998785935154,2914.49987859,2914.4998785935154
7645,802.9118028453977,802.911802845,802.9118028453977
7646,1563.6677040821467,1563.66770408,1563.6677040821467
7647,1988.1893064880262,1988.18930649,1988.1893064880262
7648,788.572103251736,788.572103252,788.572103251736
7649,13881.466393699107,13881.4663937,13881.466393699107
7650,4992.42054271899,4992.42054272,4992.42054271899
7651,235.5966842960905,235.596684296,235.5966842960905
7652,299.3277550631779,299.327755063,299.3277550631779
7653,2524.4409279699503,2524.44092797,2524.4409279699503
7654,895.7821899157312,895.782189916,895.7821899157312
7655,598.3499451513909,598.349945151,598.3499451513909
7656,816.246294682803,816.246294683,816.246294682803
7657,288.04884004266324,288.048840043,288.04884004266324
7658,3504.0852115318094,3504.08521153,3504.0852115318094
7659,183.43086566576056,183.430865666,183.43086566576056
7660,649.6578331889714,649.657833189,649.6578331889714
7661,6025.6068983723235,6025.60689837,6025.6068983723235
7662,1692.8822116952254,1692.8822117,1692.8822116952254
7663,8606.299959183378,8606.29995918,8606.299959183378
7664,758.2444492858061,758.244449286,758.2444492858061
7665,22526.77225828252,22526.7722583,22526.77225828252
7666,196.45036099484287,196.450360995,196.45036099484287
7667,1447.3526688527481,1447.35266885,1447.3526688527481
7668,4760.454045189536,4760.45404519,4760.454045189536
7669,5773.737656664228,5773.73765666,5773.737656664228
7670,940.3059939434593,940.305993943,940.3059939434593
7671,1257.5701663073908,1257.57016631,1257.5701663073908
7672,2853.2026188647355,2853.20261886,2853.2026188647355
7673,184.96320231430585,184.963202314,184.96320231430585
7674,742.1363520861117,742.136352086,742.1363520861117
7675,3497.5043067951406,3497.5043068,3497.5043067951406
7676,2397.59925781378,2397.59925781,2397.59925781378
7677,5111.324564613308,5111.32456461,5111.324564613308
7678,2013.6417521991525,2013.6417522,2013.6417521991525
7679,1202.587949094767,1202.58794909,1202.587949094767
7680,418.6418249947146,418.641824995,418.6418249947146
7681,7612.991597543605,7612.99159754,7612.991597543605
7682,2019.0579181466073,2019.05791815,2019.0579181466073
7683,713.0235094337935,713.023509434,713.0235094337935
7684,399.62137190871323,399.621371909,399.62137190871323
7685,2510.499459708919,2510.49945971,2510.499459708919
7686,976.5491528128323,976.549152813,976.5491528128323
7687,1110.7124402647637,1110.71244026,1110.7124402647637
7688,9905.606463190588,9905.60646319,9905.606463190588
7689,5726.777464388595,5726.77746439,5726.777464388595
7690,284.22361320149975,284.223613201,284.22361320149975
7691,6821.664417360764,6821.66441736,6821.664417360764
7692,3311.5991038205166,3311.59910382,3311.5991038205166
7693,3781.626935768588,3781.62693577,3781.626935768588
7694,8277.01252505167,8277.01252505,8277.01252505167
7695,867.114086637277,867.114086637,867.114086637277
7696,933.6702151169408,933.670215117,933.6702151169408
7697,3404.480008580138,3404.48000858,3404.480008580138
7698,168.85227296413694,168.852272964,168.85227296413694
7699,2480.244932545486,2480.24493255,2480.244932545486
7700,2351.7688417441877,2351.76884174,2351.7688417441877
7701,392.08972705157555,392.089727052,392.08972705157555
7702,3661.7510697186767,3661.75106972,3661.7510697186767
7703,7897.614584996134,7897.614585,7897.614584996134
7704,1920.845718451026,1920.84571845,1920.845718451026
7705,751.0283430099531,751.02834301,751.0283430099531
7706,4530.5026727207,4530.50267272,4530.5026727207
7707,1310.202196154492,1310.20219615,1310.202196154492
7708,5219.695637916677,5219.69563792,5219.695637916677
7709,1773.0307734166347,1773.03077342,1773.0307734166347
7710,1640.808096380872,1640.80809638,1640.808096380872
7711,2420.743205172362,2420.74320517,2420.743205172362
7712,4123.085477217598,4123.08547722,4123.085477217598
7713,2864.4387286871934,2864.43872869,2864.4387286871934
7714,2528.0345220499476,2528.03452205,2528.0345220499476
7715,481.2796766947676,481.279676695,481.2796766947676
7716,4390.210816294961,4390.21081629,4390.210816294961
7717,11109.344119723868,11109.3441197,11109.344119723868
7718,1338.8604617839765,1338.86046178,1338.8604617839765
7719,7188.654924234178,7188.65492423,7188.654924234178
7720,2523.0413720778824,2523.04137208,2523.0413720778824
7721,5899.460997830284,5899.46099783,5899.460997830284
7722,2986.0681605740538,2986.06816057,2986.0681605740538
7723,7662.879677342882,7662.87967734,7662.879677342882
7724,317.94524769977284,317.9452477,317.94524769977284
7725,3346.944844972487,3346.94484497,3346.944844972487
7726,2844.313715286845,2844.31371529,2844.313715286845
7727,1131.143533041701,1131.14353304,1131.143533041701
7728,691.0642684477507,691.064268448,691.0642684477507
7729,1039.84838567959,1039.84838568,1039.84838567959
7730,1677.2413173900786,1677.24131739,1677.2413173900786
7731,4845.285337830023,4845.28533783,4845.285337830023
7732,830.6709905068748,830.670990507,830.6709905068748
7733,1087.9672656901012,1087.96726569,1087.9672656901012
7734,4821.215438115058,4821.21543812,4821.215438115058
7735,1758.4109013653758,1758.41090137,1758.4109013653758
7736,680.4127330544403,680.412733054,680.4127330544403
7737,2003.191395224315,2003.19139522,2003.191395224315
7738,7281.46088011431,7281.46088011,7281.46088011431
7739,6605.969905457836,6605.96990546,6605.969905457836
7740,2714.694716283285,2714.69471628,2714.694716283285
7741,609.3981022927717,609.398102293,609.3981022927717
7742,2108.2684651938353,2108.26846519,2108.2684651938353
7743,1967.6239025753737,1967.62390258,1967.6239025753737
7744,2867.3382384214906,2867.33823842,2867.3382384214906
7745,528.5025177141009,528.502517714,528.5025177141009
7746,1500.7287658389482,1500.72876584,1500.7287658389482
7747,4250.285941579572,4250.28594158,4250.285941579572
7748,292.2595272575702,292.259527258,292.2595272575702
7749,4084.838385761025,4084.83838576,4084.838385761025
7750,2494.1309769457494,2494.13097695,2494.1309769457494
7751,1333.4772787006998,1333.4772787,1333.4772787006998
7752,5439.7193953608,5439.71939536,5439.7193953608
7753,313.6350816174501,313.635081617,313.6350816174501
7754,1808.8480753954816,1808.8480754,1808.8480753954816
7755,6723.883069858414,6723.88306986,6723.883069858414
7756,8809.782362666707,8809.78236267,8809.782362666707
7757,6859.932211256094,6859.93221126,6859.932211256094
7758,110.26367488781132,110.263674888,110.26367488781132
7759,635.2508622889893,635.250862289,635.2508622889893
7760,1227.1503761426145,1227.15037614,1227.1503761426145
7761,4789.105133697419,4789.1051337,4789.105133697419
7762,485.46916770639456,485.469167706,485.46916770639456
7763,930.2171282063503,930.217128206,930.2171282063503
7764,2149.925247199804,2149.9252472,2149.925247199804
7765,4516.429501534698,4516.42950153,4516.429501534698
7766,3475.615540584383,3475.61554058,3475.615540584383
7767,707.9126041350625,707.912604135,707.9126041350625
7768,9643.787587162522,9643.78758716,9643.787587162522
7769,1436.1242832206738,1436.12428322,1436.1242832206738
7770,1208.4774972869811,1208.47749729,1208.4774972869811
7771,1130.7807086616729,1130.78070866,1130.7807086616729
7772,8440.398622531924,8440.39862253,8440.398622531924
7773,2131.851772531115,2131.85177253,2131.851772531115
7774,918.3829507282951,918.382950728,918.3829507282951
7775,1346.7930863489314,1346.79308635,1346.7930863489314
7776,1974.0298320624483,1974.02983206,1974.0298320624483
7777,2519.0612539888607,2519.06125399,2519.0612539888607
7778,105.16086397168506,105.160863972,105.16086397168506
7779,2150.483042767093,2150.48304277,2150.483042767093
7780,5227.057090340886,5227.05709034,5227.057090340886
7781,10617.965299037367,10617.965299,10617.965299037367
7782,4655.879745039708,4655.87974504,4655.879745039708
7783,2728.608042895027,2728.6080429,2728.608042895027
7784,2994.184209140785,2994.18420914,2994.184209140785
7785,690.1541599784114,690.154159978,690.1541599784114
7786,545.8270104450971,545.827010445,545.8270104450971
7787,11848.252803780058,11848.2528038,11848.252803780058
7788,486.9550131315997,486.955013132,486.9550131315997
7789,2121.0741090544957,2121.07410905,2121.0741090544957
7790,2553.2403790246203,2553.24037902,2553.2403790246203
7791,3679.4154361428064,3679.41543614,3679.4154361428064
7792,4144.675831577163,4144.67583158,4144.675831577163
7793,707.1499072538887,707.149907254,707.1499072538887
7794,1488.5524145485344,1488.55241455,1488.5524145485344
7795,2258.0873205170074,2258.08732052,2258.0873205170074
7796,3953.9383068133166,3953.93830681,3953.9383068133166
7797,1484.5680730571187,1484.56807306,1484.5680730571187
7798,5730.542588927348,5730.54258893,5730.542588927348
7799,7178.2925308768645,7178.29253088,7178.2925308768645
7800,276.1441771286166,276.144177129,276.1441771286166
7801,1874.9090930436032,1874.90909304,1874.9090930436032
7802,1680.7872367162104,1680.78723672,1680.7872367162104
7803,6736.0497968102645,6736.04979681,6736.0497968102645
7804,3022.2612204705415,3022.26122047,3022.2612204705415
7805,317.0890262291464,317.089026229,317.0890262291464
7806,1825.3155994424976,1825.31559944,1825.3155994424976
7807,891.7436260353932,891.743626035,891.7436260353932
7808,3227.947496551708,3227.94749655,3227.947496551708
7809,5342.355829242684,5342.35582924,5342.355829242684
7810,776.4567445847077,776.456744585,776.4567445847077
7811,132.54780785932815,132.547807859,132.54780785932815
7812,564.3590134708408,564.359013471,564.3590134708408
7813,563.7873366425611,563.787336643,563.7873366425611
7814,602.5515279808026,602.551527981,602.5515279808026
7815,1237.2757361610086,1237.27573616,1237.2757361610086
7816,2315.844434378666,2315.84443438,2315.844434378666
7817,825.9844345306633,825.984434531,825.9844345306633
7818,2693.883658097904,2693.8836581,2693.883658097904
7819,6948.085352451283,6948.08535245,6948.085352451283
7820,4242.918110035607,4242.91811004,4242.918110035607
7821,956.3311409136021,956.331140914,956.3311409136021
7822,2883.6469209713814,2883.64692097,2883.6469209713814
7823,1750.1791333269118,1750.17913333,1750.1791333269118
7824,2700.7491068080817,2700.74910681,2700.7491068080817
7825,1662.6604878425335,1662.66048784,1662.6604878425335
7826,3956.1091493727677,3956.10914937,3956.1091493727677
7827,869.0843791984187,869.084379198,869.0843791984187
7828,3752.231523381903,3752.23152338,3752.231523381903
7829,3879.0772549116055,3879.07725491,3879.0772549116055
7830,2660.80791150678,2660.80791151,2660.80791150678
7831,3252.175602319312,3252.17560232,3252.175602319312
7832,2742.929812346641,2742.92981235,2742.929812346641
7833,821.4332837719153,821.433283772,821.4332837719153
7834,3235.6932983372944,3235.69329834,3235.6932983372944
7835,524.7393975133658,524.739397513,524.7393975133658
7836,247.65411453198362,247.654114532,247.65411453198362
7837,5384.902650732641,5384.90265073,5384.902650732641
7838,1718.4523750127123,1718.45237501,1718.4523750127123
7839,4040.600613624055,4040.60061362,4040.600613624055
7840,620.3672969568997,620.367296957,620.3672969568997
7841,44.1425682194307,44.1425682194,44.1425682194307
7842,15155.292289291192,15155.2922893,15155.292289291192
7843,2336.122524236807,2336.12252424,2336.122524236807
7844,1154.3568051251311,1154.35680513,1154.3568051251311
7845,365.3657844376966,365.365784438,365.3657844376966
7846,62.7818420736666,62.7818420737,62.7818420736666
7847,48.826525526517386,48.8265255265,48.826525526517386
7848,2391.856483607725,2391.85648361,2391.856483607725
7849,2099.1074623626296,2099.10746236,2099.1074623626296
7850,3503.7898991132183,3503.78989911,3503.7898991132183
7851,9034.150093251748,9034.15009325,9034.150093251748
7852,3027.096521766322,3027.09652177,3027.096521766322
7853,1119.829664101796,1119.8296641,1119.829664101796
7854,4017.662911917848,4017.66291192,4017.662911917848
7855,2300.0259803121794,2300.02598031,2300.0259803121794
7856,2230.5213797015854,2230.5213797,2230.5213797015854
7857,13.952150769190746,13.9521507692,13.952150769190746
7858,5057.577874603362,5057.5778746,5057.577874603362
7859,4306.826436198273,4306.8264362,4306.826436198273
7860,5946.001278467087,5946.00127847,5946.001278467087
7861,720.7956069730254,720.795606973,720.7956069730254
7862,1336.4804974947563,1336.48049749,1336.4804974947563
7863,773.4171303793381,773.417130379,773.4171303793381
7864,1365.504115626609,1365.50411563,1365.504115626609
7865,6240.777948277173,6240.77794828,6240.777948277173
7866,1135.0451620600088,1135.04516206,1135.0451620600088
7867,2569.6193514529573,2569.61935145,2569.6193514529573
7868,1154.7732515898913,1154.77325159,1154.7732515898913
7869,5899.8951224403,5899.89512244,5899.8951224403
7870,1949.0705227312833,1949.07052273,1949.0705227312833
7871,404.1267714504273,404.12677145,404.1267714504273
7872,1314.8772689228683,1314.87726892,1314.8772689228683
7873,3112.5785936678235,3112.57859367,3112.5785936678235
7874,362.2622433716703,362.262243372,362.26224337167025
7875,1368.8686108832226,1368.86861088,1368.8686108832226
7876,1595.1395519438465,1595.13955194,1595.1395519438465
7877,182.8091365576176,182.809136558,182.8091365576176
7878,1669.585611815019,1669.58561182,1669.585611815019
7879,2121.451661043037,2121.45166104,2121.451661043037
7880,1254.9989697396372,1254.99896974,1254.9989697396372
7881,2290.018580333659,2290.01858033,2290.018580333659
7882,2993.0035126408425,2993.00351264,2993.0035126408425
7883,2115.7189477649663,2115.71894776,2115.7189477649663
7884,3951.2612615729563,3951.26126157,3951.2612615729563
7885,514.7510672774627,514.751067277,514.7510672774627
7886,1731.572603793466,1731.57260379,1731.572603793466
7887,4264.746387788311,4264.74638779,4264.746387788311
7888,1790.2893544612132,1790.28935446,1790.2893544612132
7889,242.46402396716854,242.464023967,242.46402396716854
7890,6898.598939562858,6898.59893956,6898.598939562858
7891,4329.101490615816,4329.10149062,4329.101490615816
7892,1528.4921907014423,1528.4921907,1528.4921907014423
7893,4393.044098927509,4393.04409893,4393.044098927509
7894,1444.4746249383502,1444.47462494,1444.4746249383502
7895,615.8524534912857,615.852453491,615.8524534912857
7896,3039.641379704236,3039.6413797,3039.641379704236
7897,311.3296916998469,311.3296917,311.3296916998469
7898,19272.450210272465,19272.4502103,19272.450210272465
7899,4159.719132246687,4159.71913225,4159.719132246687
7900,2399.221652293136,2399.22165229,2399.221652293136
7901,1225.7021484241216,1225.70214842,1225.7021484241216
7902,829.5335884372531,829.533588437,829.5335884372531
7903,1024.7252669605107,1024.72526696,1024.7252669605107
7904,1072.2305284174536,1072.23052842,1072.2305284174536
7905,894.6139147969106,894.613914797,894.6139147969106
7906,5183.494409560508,5183.49440956,5183.494409560508
7907,2167.244822178667,2167.24482218,2167.244822178667
7908,1499.1982728480034,1499.19827285,1499.1982728480034
7909,39.60135706787005,39.6013570679,39.60135706787005
7910,603.0026075201691,603.00260752,603.0026075201691
7911,1469.771858191084,1469.77185819,1469.771858191084
7912,105.00581420178663,105.005814202,105.00581420178663
7913,670.2689720601194,670.26897206,670.2689720601194
7914,7499.33035492586,7499.33035493,7499.33035492586
7915,9796.944778823214,9796.94477882,9796.944778823214
7916,4003.448457337252,4003.44845734,4003.448457337252
7917,2315.7155839010065,2315.7155839,2315.7155839010065
7918,936.5573947802212,936.55739478,936.5573947802212
7919,675.0210331120239,675.021033112,675.0210331120239
7920,3710.540485323729,3710.54048532,3710.540485323729
7921,802.2639784407605,802.263978441,802.2639784407605
7922,5253.89354467605,5253.89354468,5253.89354467605
7923,6839.414629430069,6839.41462943,6839.414629430069
7924,1573.7965100744416,1573.79651007,1573.7965100744416
7925,5667.194993028577,5667.19499303,5667.194993028577
7926,1400.3136582071002,1400.31365821,1400.3136582071002
7927,4811.931611624962,4811.93161162,4811.931611624962
7928,3436.1813231863407,3436.18132319,3436.1813231863407
7929,7381.089565177253,7381.08956518,7381.089565177253
7930,461.7773062996512,461.7773063,461.7773062996512
7931,6468.659501303487,6468.6595013,6468.659501303487
7932,1561.6655327278145,1561.66553273,1561.6655327278145
7933,2371.5866119746647,2371.58661197,2371.5866119746647
7934,1472.2366001908872,1472.23660019,1472.2366001908872
7935,3057.286568628464,3057.28656863,3057.286568628464
7936,6273.9447103083885,6273.94471031,6273.9447103083885
7937,1653.455138401746,1653.4551384,1653.455138401746
7938,573.2414755270482,573.241475527,573.2414755270482
7939,249.09892832666523,249.098928327,249.09892832666523
7940,91.25372604752306,91.2537260475,91.25372604752306
7941,545.1338565274276,545.133856527,545.1338565274276
7942,740.7409175064826,740.740917506,740.7409175064826
7943,619.2604739671976,619.260473967,619.2604739671976
7944,5193.920691060299,5193.92069106,5193.920691060299
7945,270.13443597288153,270.134435973,270.13443597288153
7946,424.0270615017479,424.027061502,424.0270615017479
7947,2067.3542524267064,2067.35425243,2067.3542524267064
7948,577.583800815782,577.583800816,577.583800815782
7949,4079.650769101926,4079.6507691,4079.650769101926
7950,3300.8283710382166,3300.82837104,3300.8283710382166
7951,664.5156227387996,664.515622739,664.5156227387996
7952,183.61818589777462,183.618185898,183.61818589777462
7953,735.8773749200051,735.87737492,735.8773749200051
7954,3364.3140016602383,3364.31400166,3364.3140016602383
7955,7380.975660857035,7380.97566086,7380.975660857035
7956,149.13273406370476,149.132734064,149.13273406370476
7957,56.49537339087945,56.4953733909,56.49537339087945
7958,441.58202663809493,441.582026638,441.58202663809493
7959,511.521362960464,511.52136296,511.521362960464
7960,2470.690128700178,2470.6901287,2470.690128700178
7961,4555.833901372977,4555.83390137,4555.833901372977
7962,3326.5464859451845,3326.54648595,3326.5464859451845
7963,8467.963315913083,8467.96331591,8467.963315913083
7964,1110.7498564252733,1110.74985643,1110.7498564252733
7965,1608.4661827593945,1608.46618276,1608.4661827593945
7966,981.0114788215799,981.011478822,981.0114788215799
7967,5508.891665388741,5508.89166539,5508.891665388741
7968,6443.582310534935,6443.58231053,6443.582310534935
7969,1412.819382587274,1412.81938259,1412.819382587274
7970,2663.288708046689,2663.28870805,2663.288708046689
7971,2826.8057932035704,2826.8057932,2826.8057932035704
7972,171.2945988631197,171.294598863,171.2945988631197
7973,4617.277382578843,4617.27738258,4617.277382578843
7974,3052.930635796964,3052.9306358,3052.930635796964
7975,877.2446982549711,877.244698255,877.2446982549711
7976,2678.782587045957,2678.78258705,2678.782587045957
7977,4525.725546934919,4525.72554693,4525.725546934919
7978,11235.498650023808,11235.49865,11235.498650023808
7979,967.0623507772253,967.062350777,967.0623507772253
7980,1007.6976265800286,1007.69762658,1007.6976265800286
7981,2153.915108579415,2153.91510858,2153.915108579415
7982,893.7042691097921,893.70426911,893.7042691097921
7983,6032.649084457416,6032.64908446,6032.649084457416
7984,6450.529892616474,6450.52989262,6450.529892616474
7985,390.9811456837556,390.981145684,390.9811456837556
7986,547.9202020843878,547.920202084,547.9202020843878
7987,574.5759728871843,574.575972887,574.5759728871843
7988,2593.28494659016,2593.28494659,2593.28494659016
7989,7601.33673877219,7601.33673877,7601.33673877219
7990,1067.8737338781132,1067.87373388,1067.8737338781132
7991,781.3869857984249,781.386985798,781.3869857984249
7992,696.5150659634095,696.515065963,696.5150659634095
7993,479.769904614282,479.769904614,479.769904614282
7994,2216.5880649204746,2216.58806492,2216.5880649204746
7995,931.4263968852931,931.426396885,931.4263968852931
7996,3754.841857745538,3754.84185775,3754.841857745538
7997,2447.6698131178327,2447.66981312,2447.6698131178327
7998,4105.285529836398,4105.28552984,4105.285529836398
7999,2959.0776413171925,2959.07764132,2959.0776413171925
8000,701.8664819049064,701.866481905,701.8664819049064
8001,3765.9490293569083,3765.94902936,3765.9490293569083
8002,266.74123692852925,266.741236929,266.74123692852925
8003,487.3260170831442,487.326017083,487.3260170831442
8004,3396.795025397621,3396.7950254,3396.795025397621
8005,425.22820971532434,425.228209715,425.22820971532434
8006,2453.450836021381,2453.45083602,2453.450836021381
8007,2452.0636203956506,2452.0636204,2452.0636203956506
8008,3573.944432134931,3573.94443213,3573.944432134931
8009,1968.9727452247166,1968.97274522,1968.9727452247166
8010,1817.810078895664,1817.8100789,1817.810078895664
8011,6766.997189647515,6766.99718965,6766.997189647515
8012,2755.2351086007416,2755.2351086,2755.2351086007416
8013,7197.3085759254245,7197.30857593,7197.3085759254245
8014,383.53363385122043,383.533633851,383.53363385122043
8015,6470.1621091675925,6470.16210917,6470.1621091675925
8016,5088.917074284276,5088.91707428,5088.917074284276
8017,1563.7602275619515,1563.76022756,1563.7602275619515
8018,1031.911714990112,1031.91171499,1031.911714990112
8019,906.0766255428614,906.076625543,906.0766255428614
8020,1384.0437773546691,1384.04377735,1384.0437773546691
8021,822.3712955719791,822.371295572,822.3712955719791
8022,1101.9502714183209,1101.95027142,1101.9502714183209
8023,663.7063996084836,663.706399608,663.7063996084836
8024,7303.239976152618,7303.23997615,7303.239976152618
8025,536.2605184282643,536.260518428,536.2605184282643
8026,3755.7311923280786,3755.73119233,3755.7311923280786
8027,213.91580568836108,213.915805688,213.91580568836108
8028,3331.8651436615846,3331.86514366,3331.8651436615846
8029,2404.8491817804793,2404.84918178,2404.8491817804793
8030,486.1275856604941,486.12758566,486.1275856604941
8031,5364.261370454781,5364.26137045,5364.261370454781
8032,10220.699109120082,10220.6991091,10220.699109120082
8033,84.04940601470032,84.0494060147,84.04940601470032
8034,154.27932511340663,154.279325113,154.27932511340663
8035,731.6955549618922,731.695554962,731.6955549618922
8036,2011.1274133382915,2011.12741334,2011.1274133382915
8037,7627.540659682651,7627.54065968,7627.540659682651
8038,1330.139515257493,1330.13951526,1330.139515257493
8039,2767.46268762137,2767.46268762,2767.46268762137
8040,563.1452309981905,563.145230998,563.1452309981905
8041,818.7325418220113,818.732541822,818.7325418220113
8042,3720.3609222590153,3720.36092226,3720.3609222590153
8043,2807.5664208810954,2807.56642088,2807.5664208810954
8044,242.81017836103632,242.810178361,242.81017836103632
8045,6458.473581321788,6458.47358132,6458.473581321788
8046,4700.719942703806,4700.7199427,4700.719942703806
8047,1766.258493987155,1766.25849399,1766.258493987155
8048,820.5218761629274,820.521876163,820.5218761629274
8049,2212.063719469449,2212.06371947,2212.063719469449
8050,685.6150219234942,685.615021923,685.6150219234942
8051,899.346382701815,899.346382702,899.346382701815
8052,483.93950080077167,483.939500801,483.93950080077167
8053,1305.9581883621463,1305.95818836,1305.9581883621463
8054,659.7839618613508,659.783961861,659.7839618613508
8055,438.24879819667893,438.248798197,438.24879819667893
8056,1388.3838863228168,1388.38388632,1388.3838863228168
8057,4443.092367169196,4443.09236717,4443.092367169196
8058,412.9545915557235,412.954591556,412.9545915557235
8059,4421.735546382317,4421.73554638,4421.735546382317
8060,5377.59207404984,5377.59207405,5377.59207404984
8061,2669.1680830915448,2669.16808309,2669.1680830915448
8062,2723.704402264425,2723.70440226,2723.704402264425
8063,1755.4026803015279,1755.4026803,1755.4026803015279
8064,3998.199875529984,3998.19987553,3998.199875529984
8065,976.7604620945652,976.760462095,976.7604620945652
8066,7200.293718500845,7200.2937185,7200.293718500845
8067,4224.650565226308,4224.65056523,4224.650565226308
8068,284.5895841310585,284.589584131,284.5895841310585
8069,5942.009981959361,5942.00998196,5942.009981959361
8070,793.162367135001,793.162367135,793.162367135001
8071,3931.98696981775,3931.98696982,3931.98696981775
8072,7216.888713543989,7216.88871354,7216.888713543989
8073,1137.2753119345916,1137.27531193,1137.2753119345916
8074,1492.4023295857855,1492.40232959,1492.4023295857855
8075,2364.473224698583,2364.4732247,2364.473224698583
8076,2933.833298295214,2933.8332983,2933.833298295214
8077,2249.152815668393,2249.15281567,2249.152815668393
8078,1867.670632926722,1867.67063293,1867.670632926722
8079,8712.143401547042,8712.14340155,8712.143401547042
8080,908.9740758940845,908.974075894,908.9740758940845
8081,1354.9758088879953,1354.97580889,1354.9758088879953
8082,4081.0133345117993,4081.01333451,4081.0133345117993
8083,782.3970649785815,782.397064979,782.3970649785815
8084,1210.6613791747825,1210.66137917,1210.6613791747825
8085,1661.1454189322462,1661.14541893,1661.1454189322462
8086,6548.022892787847,6548.02289279,6548.022892787847
8087,1690.8675903884418,1690.86759039,1690.8675903884418
8088,96.30178282917302,96.3017828292,96.30178282917302
8089,3618.0645072408606,3618.06450724,3618.0645072408606
8090,88.12658152648234,88.1265815265,88.12658152648234
8091,4350.732223291429,4350.73222329,4350.732223291429
8092,665.1796250636907,665.179625064,665.1796250636907
8093,4882.138258944035,4882.13825894,4882.138258944035
8094,787.8920758382295,787.892075838,787.8920758382295
8095,5767.003862007705,5767.00386201,5767.003862007705
8096,70.39102168056132,70.3910216806,70.39102168056132
8097,4838.96824457895,4838.96824458,4838.96824457895
8098,3971.389835197555,3971.3898352,3971.389835197555
8099,942.2373590340027,942.237359034,942.2373590340027
8100,2085.4197596367294,2085.41975964,2085.4197596367294
8101,1425.941575149834,1425.94157515,1425.941575149834
8102,296.72330863264915,296.723308633,296.72330863264915
8103,2210.6747658372424,2210.67476584,2210.6747658372424
8104,1097.9676418770357,1097.96764188,1097.9676418770357
8105,1403.370672483839,1403.37067248,1403.370672483839
8106,241.879236109934,241.87923611,241.879236109934
8107,1129.681142930017,1129.68114293,1129.681142930017
8108,10770.21122235584,10770.2112224,10770.21122235584
8109,2090.0635589444832,2090.06355894,2090.0635589444832
8110,6578.861460028746,6578.86146003,6578.861460028746
8111,8955.0476607783,8955.04766078,8955.0476607783
8112,2336.9466650092845,2336.94666501,2336.9466650092845
8113,5228.764814679904,5228.76481468,5228.764814679904
8114,1843.900222585439,1843.90022259,1843.900222585439
8115,8895.320962273483,8895.32096227,8895.320962273483
8116,910.3439357960173,910.343935796,910.3439357960173
8117,2055.4014139895094,2055.40141399,2055.4014139895094
8118,1738.3887066720201,1738.38870667,1738.3887066720201
8119,2910.015341273825,2910.01534127,2910.015341273825
8120,711.45770312241,711.457703122,711.45770312241
8121,2063.924052119291,2063.92405212,2063.924052119291
8122,2829.7346457530284,2829.73464575,2829.7346457530284
8123,1939.2823685788042,1939.28236858,1939.2823685788042
8124,3259.937155365651,3259.93715537,3259.937155365651
8125,5517.436832441478,5517.43683244,5517.436832441478
8126,3974.3223858130123,3974.32238581,3974.3223858130123
8127,2566.05700505364,2566.05700505,2566.05700505364
8128,1897.2194251098506,1897.21942511,1897.2194251098506
8129,736.9619168984493,736.961916898,736.9619168984493
8130,736.3123298030956,736.312329803,736.3123298030956
8131,1877.1470005220076,1877.14700052,1877.1470005220076
8132,1199.9849896234646,1199.98498962,1199.9849896234646
8133,1274.3100875236005,1274.31008752,1274.3100875236005
8134,11173.344472802259,11173.3444728,11173.344472802259
8135,3991.104188539872,3991.10418854,3991.104188539872
8136,2244.8391163316287,2244.83911633,2244.8391163316287
8137,1421.6007789925516,1421.60077899,1421.6007789925516
8138,1185.16303136348,1185.16303136,1185.16303136348
8139,798.0208602105998,798.020860211,798.0208602105998
8140,2145.772398399392,2145.7723984,2145.772398399392
8141,1645.852823246585,1645.85282325,1645.852823246585
8142,1121.142789961877,1121.14278996,1121.142789961877
8143,1380.9490726995211,1380.9490727,1380.9490726995211
8144,641.6795089417128,641.679508942,641.6795089417128
8145,1257.5698815249496,1257.56988152,1257.5698815249496
8146,818.8879733497145,818.88797335,818.8879733497145
8147,903.4766862979266,903.476686298,903.4766862979266
8148,1360.5907333911755,1360.59073339,1360.5907333911755
8149,1266.9509526146169,1266.95095261,1266.9509526146169
8150,1864.3533789725834,1864.35337897,1864.3533789725834
8151,1569.9260679080946,1569.92606791,1569.9260679080946
8152,374.91137691862417,374.911376919,374.91137691862417
8153,9051.291723889719,9051.29172389,9051.291723889719
8154,1388.8151311476763,1388.81513115,1388.8151311476763
8155,3202.033531934171,3202.03353193,3202.033531934171
8156,3956.8657548736637,3956.86575487,3956.8657548736637
8157,10452.018103148375,10452.0181031,10452.018103148375
8158,1026.4971004157053,1026.49710042,1026.4971004157053
8159,2948.849223503206,2948.8492235,2948.849223503206
8160,2302.387554000201,2302.387554,2302.387554000201
8161,5555.63398301177,5555.63398301,5555.63398301177
8162,19213.498865969268,19213.498866,19213.498865969268
8163,892.6773407648021,892.677340765,892.6773407648021
8164,775.936098346849,775.936098347,775.936098346849
8165,645.003726478633,645.003726479,645.003726478633
8166,2402.2674414156636,2402.26744142,2402.2674414156636
8167,2168.288273416804,2168.28827342,2168.288273416804
8168,1296.883437305312,1296.88343731,1296.883437305312
8169,3011.345908038245,3011.34590804,3011.345908038245
8170,888.6220373073832,888.622037307,888.6220373073832
8171,3388.3428652975176,3388.3428653,3388.3428652975176
8172,2910.742106786617,2910.74210679,2910.742106786617
8173,1613.4313182270596,1613.43131823,1613.4313182270596
8174,9118.842420470877,9118.84242047,9118.842420470877
8175,9324.07162539115,9324.07162539,9324.07162539115
8176,4044.3053633439763,4044.30536334,4044.3053633439763
8177,1772.712214303029,1772.7122143,1772.712214303029
8178,459.9826188637378,459.982618864,459.9826188637378
8179,651.2266756780149,651.226675678,651.2266756780149
8180,176.32106229652467,176.321062297,176.32106229652467
8181,1222.158640119753,1222.15864012,1222.158640119753
8182,8479.412651334747,8479.41265133,8479.412651334747
8183,1227.4924159225136,1227.49241592,1227.4924159225136
8184,1564.447935843897,1564.44793584,1564.447935843897
8185,2675.116797459818,2675.11679746,2675.116797459818
8186,2606.9375175728323,2606.93751757,2606.9375175728323
8187,2130.0318064127464,2130.03180641,2130.0318064127464
8188,7362.530282697265,7362.5302827,7362.530282697265
8189,1132.9333618723244,1132.93336187,1132.9333618723244
8190,1828.9657050221706,1828.96570502,1828.9657050221706
8191,1311.8789705335987,1311.87897053,1311.8789705335987
8192,3824.590613518413,3824.59061352,3824.590613518413
8193,6820.978183998166,6820.978184,6820.978183998166
8194,667.2012572092303,667.201257209,667.2012572092303
8195,905.473807255984,905.473807256,905.473807255984
8196,851.7984889930335,851.798488993,851.7984889930335
8197,1502.0796964972199,1502.0796965,1502.0796964972199
8198,2667.5753437136673,2667.57534371,2667.5753437136673
8199,1449.506941981507,1449.50694198,1449.506941981507
8200,341.480927972102,341.480927972,341.480927972102
8201,10605.23143039581,10605.2314304,10605.23143039581
8202,2721.81633384531,2721.81633385,2721.81633384531
8203,2417.881939382701,2417.88193938,2417.881939382701
8204,4639.71928500999,4639.71928501,4639.71928500999
8205,6333.816173971132,6333.81617397,6333.816173971132
8206,2218.727322777954,2218.72732278,2218.727322777954
8207,384.8161299989363,384.816129999,384.8161299989363
8208,1825.2178587607934,1825.21785876,1825.2178587607934
8209,4521.6284034875125,4521.62840349,4521.6284034875125
8210,1033.767027992909,1033.76702799,1033.767027992909
8211,1053.4170765678846,1053.41707657,1053.4170765678846
8212,1833.570301438475,1833.57030144,1833.570301438475
8213,4878.437718387579,4878.43771839,4878.437718387579
8214,5844.154217392913,5844.15421739,5844.154217392913
8215,1940.4777739192853,1940.47777392,1940.4777739192853
8216,2434.831997609966,2434.83199761,2434.831997609966
8217,211.76693082388323,211.766930824,211.76693082388323
8218,1299.5156760707077,1299.51567607,1299.5156760707077
8219,4174.151345140602,4174.15134514,4174.151345140602
8220,3297.5428888258416,3297.54288883,3297.5428888258416
8221,2139.5527047786445,2139.55270478,2139.5527047786445
8222,6690.449094499773,6690.4490945,6690.449094499773
8223,674.5557921480449,674.555792148,674.5557921480449
8224,1550.7901988678152,1550.79019887,1550.7901988678152
8225,1290.4866461421798,1290.48664614,1290.4866461421798
8227,3956.294391963203,3956.29439196,3956.294391963203
8228,1077.2028980396767,1077.20289804,1077.2028980396767
8229,1886.442967981688,1886.44296798,1886.442967981688
8230,43.088659958757134,43.0886599588,43.088659958757134
8231,167.12045426573778,167.120454266,167.12045426573778
8232,6356.132987610508,6356.13298761,6356.132987610508
8233,615.7671457677291,615.767145768,615.7671457677291
8234,1358.5963365342984,1358.59633653,1358.5963365342984
8235,270.61758079125036,270.617580791,270.61758079125036
8236,815.1088665204979,815.10886652,815.1088665204979
8237,637.0212272746908,637.021227275,637.0212272746908
8238,3755.0737532452563,3755.07375325,3755.0737532452563
8239,693.9843186557681,693.984318656,693.9843186557681
8240,17037.27852471673,17037.2785247,17037.27852471673
8241,998.8714518561874,998.871451856,998.8714518561874
8242,2271.345873009115,2271.34587301,2271.345873009115
8243,431.773935900389,431.7739359,431.773935900389
8244,3836.023789111849,3836.02378911,3836.023789111849
8245,427.40943654792227,427.409436548,427.40943654792227
8246,12000.232983204949,12000.2329832,12000.232983204949
8247,1865.2148278680988,1865.21482787,1865.2148278680988
8248,1645.653367619661,1645.65336762,1645.653367619661
8249,1388.9557871233947,1388.95578712,1388.9557871233947
8250,558.3764118966689,558.376411897,558.3764118966689
8251,5820.612574002801,5820.612574,5820.612574002801
8252,1541.6291548851268,1541.62915489,1541.6291548851268
8253,1176.713415593508,1176.71341559,1176.713415593508
8254,318.45746427575256,318.457464276,318.45746427575256
8255,3058.5948591222577,3058.59485912,3058.5948591222577
8256,1246.1003733872426,1246.10037339,1246.1003733872426
8257,1163.3361533327907,1163.33615333,1163.3361533327907
8258,1328.0433597971928,1328.0433598,1328.0433597971928
8259,5188.7954759860695,5188.79547599,5188.7954759860695
8260,121.68541938841332,121.685419388,121.68541938841332
8261,2432.8300852480934,2432.83008525,2432.8300852480934
8262,1231.5608793497322,1231.56087935,1231.5608793497322
8263,2173.6214796598306,2173.62147966,2173.6214796598306
8264,762.6854647234333,762.685464723,762.6854647234333
8265,999.37357696222,999.373576962,999.37357696222
8266,1402.7926969576365,1402.79269696,1402.7926969576365
8267,4325.896597681984,4325.89659768,4325.896597681984
8268,226.36007031906638,226.360070319,226.36007031906638
8269,5262.4684123617835,5262.46841236,5262.4684123617835
8270,1420.4669938645009,1420.46699386,1420.4669938645009
8271,161.160582165594,161.160582166,161.160582165594
8272,2974.6484841747438,2974.64848417,2974.6484841747438
8273,2463.2903018985776,2463.2903019,2463.2903018985776
8274,345.3105885568417,345.310588557,345.3105885568417
8275,2767.349664307091,2767.34966431,2767.349664307091
8276,3698.773813454712,3698.77381345,3698.773813454712
8277,1732.5674530536348,1732.56745305,1732.5674530536348
8278,491.64417228200034,491.644172282,491.64417228200034
8279,3295.346692189829,3295.34669219,3295.346692189829
8280,4664.8917474638865,4664.89174746,4664.8917474638865
8281,393.42141633962893,393.42141634,393.42141633962893
8282,3116.581829962878,3116.58182996,3116.581829962878
8283,1363.0608197897707,1363.06081979,1363.0608197897707
8284,9559.88526494148,9559.88526494,9559.88526494148
8285,2078.7889059462423,2078.78890595,2078.7889059462423
8286,1186.1346985369082,1186.13469854,1186.1346985369082
8287,605.2466857169238,605.246685717,605.2466857169238
8288,1008.2263792663277,1008.22637927,1008.2263792663277
8289,371.282955574693,371.282955575,371.282955574693
8290,437.01434782199243,437.014347822,437.01434782199243
8291,549.3891991951483,549.389199195,549.3891991951483
8292,5556.8618319528405,5556.86183195,5556.8618319528405
8293,399.65309127076716,399.653091271,399.65309127076716
8294,382.36598317716215,382.365983177,382.36598317716215
8295,1727.6717972126853,1727.67179721,1727.6717972126853
8296,2979.7288556638086,2979.72885566,2979.7288556638086
8297,890.9660418118025,890.966041812,890.9660418118025
8298,1045.989299161834,1045.98929916,1045.989299161834
8299,4366.227234570468,4366.22723457,4366.227234570468
8300,5370.042590894055,5370.04259089,5370.042590894055
8301,2002.4130821767237,2002.41308218,2002.4130821767237
8302,4680.852125185071,4680.85212519,4680.852125185071
8303,515.1335453115856,515.133545312,515.1335453115856
8304,237.3042814426745,237.304281443,237.3042814426745
8305,1697.1755576628573,1697.17555766,1697.1755576628573
8306,1084.0276635564487,1084.02766356,1084.0276635564487
8307,895.8903965345844,895.890396535,895.8903965345844
8308,1505.537303869121,1505.53730387,1505.537303869121
8309,1451.3592151050518,1451.35921511,1451.3592151050518
8310,4225.454790192417,4225.45479019,4225.454790192417
8311,10114.001396932441,10114.0013969,10114.001396932441
8312,2594.510545180779,2594.51054518,2594.510545180779
8313,1508.1847065319644,1508.18470653,1508.1847065319644
8314,2948.802742471665,2948.80274247,2948.802742471665
8315,3896.924186781361,3896.92418678,3896.924186781361
8316,725.6843739905711,725.684373991,725.6843739905711
8317,11847.460245217324,11847.4602452,11847.460245217324
8318,1474.5802566872699,1474.58025669,1474.5802566872699
8319,1050.7930625810657,1050.79306258,1050.7930625810657
8320,4015.331160049236,4015.33116005,4015.331160049236
8321,21.087658143198432,21.0876581432,21.087658143198432
8322,6716.155224016587,6716.15522402,6716.155224016587
8323,3154.9293566480465,3154.92935665,3154.9293566480465
8324,1874.2044463314242,1874.20444633,1874.2044463314242
8325,4283.815347441802,4283.81534744,4283.815347441802
8326,4907.342898274165,4907.34289827,4907.342898274165
8327,1162.0102023137295,1162.01020231,1162.0102023137295
8328,5533.935332338727,5533.93533234,5533.935332338727
8329,3293.272708973966,3293.27270897,3293.272708973966
8330,2352.4159883855,2352.41598839,2352.4159883855
8331,3968.9305275845322,3968.93052758,3968.9305275845322
8332,1712.0143344033847,1712.0143344,1712.0143344033847
8333,4559.441084970447,4559.44108497,4559.441084970447
8334,1110.998380307456,1110.99838031,1110.998380307456
8335,4694.886618677641,4694.88661868,4694.886618677641
8336,1441.202960941485,1441.20296094,1441.202960941485
8337,481.64207325584164,481.642073256,481.64207325584164
8338,55.80555941867488,55.8055594187,55.80555941867488
8339,3889.0485513425806,3889.04855134,3889.0485513425806
8340,2154.019307905274,2154.01930791,2154.019307905274
8341,1860.9871231968207,1860.9871232,1860.9871231968207
8342,682.3581718909305,682.358171891,682.3581718909305
8343,1926.443749147188,1926.44374915,1926.443749147188
8344,3239.625560113899,3239.62556011,3239.625560113899
8345,1248.0798022591443,1248.07980226,1248.0798022591443
8346,143.07579018418227,143.075790184,143.07579018418227
8347,1612.4670483858506,1612.46704839,1612.4670483858506
8348,2594.7880544204454,2594.78805442,2594.7880544204454
8349,739.394874598435,739.394874598,739.394874598435
8350,1224.471165964736,1224.47116596,1224.471165964736
8351,7540.61710795348,7540.61710795,7540.61710795348
8352,6021.481632248076,6021.48163225,6021.481632248076
8353,5162.435738152724,5162.43573815,5162.435738152724
8354,951.2950662627533,951.295066263,951.2950662627533
8355,720.0615604513769,720.061560451,720.0615604513769
8356,1902.9833821795758,1902.98338218,1902.9833821795758
8357,306.02749502608,306.027495026,306.02749502608
8358,937.0554271068652,937.055427107,937.0554271068652
8359,1584.2892907030318,1584.2892907,1584.2892907030318
8360,970.0636399554837,970.063639955,970.0636399554837
8361,713.6377331301987,713.63773313,713.6377331301987
8362,1345.809596699816,1345.8095967,1345.809596699816
8363,1070.7524060223013,1070.75240602,1070.7524060223013
8364,2007.6372137824633,2007.63721378,2007.6372137824633
8365,3320.485998833978,3320.48599883,3320.485998833978
8366,2145.805350407216,2145.80535041,2145.805350407216
8367,4152.442522343723,4152.44252234,4152.442522343723
8368,584.6828632829323,584.682863283,584.6828632829323
8369,1941.264966820723,1941.26496682,1941.264966820723
8370,1533.0123536401848,1533.01235364,1533.0123536401848
8371,1148.1911549145877,1148.19115491,1148.1911549145877
8372,2320.0165116321677,2320.01651163,2320.0165116321677
8373,310.5040919136364,310.504091914,310.5040919136364
8374,4013.374765603261,4013.3747656,4013.374765603261
8375,1760.4768328975942,1760.4768329,1760.4768328975942
8376,131.2097797058236,131.209779706,131.2097797058236
8377,613.9260839551628,613.926083955,613.9260839551628
8378,3786.680500335708,3786.68050034,3786.680500335708
8379,4765.2072863202275,4765.20728632,4765.2072863202275
8380,1630.3856420444129,1630.38564204,1630.3856420444129
8381,1479.4423263588671,1479.44232636,1479.4423263588671
8382,3388.324864943265,3388.32486494,3388.324864943265
8383,295.9348588039397,295.934858804,295.9348588039397
8384,386.63427261309704,386.634272613,386.63427261309704
8385,606.33635549882,606.336355499,606.33635549882
8386,2704.843108057968,2704.84310806,2704.843108057968
8387,7047.797767572341,7047.79776757,7047.797767572341
8388,915.1406706137974,915.140670614,915.1406706137974
8389,348.5940346305844,348.594034631,348.5940346305844
8390,1527.1148874151272,1527.11488742,1527.1148874151272
8391,478.4461049572694,478.446104957,478.4461049572694
8392,3165.126357182569,3165.12635718,3165.126357182569
8393,1441.3522534945382,1441.35225349,1441.3522534945382
8394,5934.224748170992,5934.22474817,5934.224748170992
8395,183.292538377654,183.292538378,183.292538377654
8396,1080.167431419055,1080.16743142,1080.167431419055
8397,476.17012997699857,476.170129977,476.17012997699857
8398,4947.775114901416,4947.7751149,4947.775114901416
8399,686.0158009584992,686.015800958,686.0158009584992
8400,1122.5629337293906,1122.56293373,1122.5629337293906
8401,1467.7406068674954,1467.74060687,1467.7406068674954
8402,1164.9476535574786,1164.94765356,1164.9476535574786
8403,2370.875400475695,2370.87540048,2370.875400475695
8404,1434.6808232967164,1434.6808233,1434.6808232967164
8405,2528.7756379706916,2528.77563797,2528.7756379706916
8406,3015.8260647338734,3015.82606473,3015.8260647338734
8407,2051.3291187499794,2051.32911875,2051.3291187499794
8408,1683.3468444826765,1683.34684448,1683.3468444826765
8409,217.4513313249231,217.451331325,217.4513313249231
8410,398.45945720662814,398.459457207,398.45945720662814
8411,3346.5604824495176,3346.56048245,3346.5604824495176
8412,463.4223158322778,463.422315832,463.4223158322778
8413,3828.463636860548,3828.46363686,3828.463636860548
8414,567.6393665569183,567.639366557,567.6393665569183
8415,10083.278647942829,10083.2786479,10083.278647942829
8416,3566.5404686304464,3566.54046863,3566.5404686304464
8417,928.3995018849243,928.399501885,928.3995018849243
8418,3213.2223519247864,3213.22235192,3213.2223519247864
8419,317.40007292408086,317.400072924,317.40007292408086
8420,1612.7429001656355,1612.74290017,1612.7429001656355
8421,889.2996913150639,889.299691315,889.2996913150639
8422,343.8379647057051,343.837964706,343.8379647057051
8423,3776.7449991121084,3776.74499911,3776.7449991121084
8424,1099.3345318974257,1099.3345319,1099.3345318974257
8425,87.64323921333414,87.6432392133,87.64323921333414
8426,286.6552665627268,286.655266563,286.6552665627268
8427,1461.3037707852284,1461.30377079,1461.3037707852284
8428,3309.169940582969,3309.16994058,3309.169940582969
8429,2830.631905406176,2830.63190541,2830.631905406176
8430,1327.8417247395125,1327.84172474,1327.8417247395125
8431,1914.5881199885116,1914.58811999,1914.5881199885116
8432,446.40464652547263,446.404646525,446.40464652547263
8433,3878.1135683443217,3878.11356834,3878.1135683443217
8434,763.234502597414,763.234502597,763.234502597414
8435,5734.496932281161,5734.49693228,5734.496932281161
8436,404.14770085593295,404.147700856,404.14770085593295
8437,570.4323850736574,570.432385074,570.4323850736574
8438,676.358672968764,676.358672969,676.358672968764
8439,570.2978378304347,570.29783783,570.2978378304347
8440,9562.026581358385,9562.02658136,9562.026581358385
8441,865.6028183182918,865.602818318,865.6028183182918
8442,960.0324401062196,960.032440106,960.0324401062196
8443,2281.5650391482827,2281.56503915,2281.5650391482827
8444,3684.9645494885926,3684.96454949,3684.9645494885926
8445,634.1496401652382,634.149640165,634.1496401652382
8446,2004.512115423839,2004.51211542,2004.512115423839
8447,5466.34485090414,5466.3448509,5466.34485090414
8448,2274.5275577073407,2274.52755771,2274.5275577073407
8449,1126.0001584731115,1126.00015847,1126.0001584731115
8450,711.3956463691835,711.395646369,711.3956463691835
8451,975.2885139161463,975.288513916,975.2885139161463
8452,821.90157478785,821.901574788,821.90157478785
8453,3479.6876602697716,3479.68766027,3479.6876602697716
8454,143.2986665820317,143.298666582,143.2986665820317
8455,1433.7420466791982,1433.74204668,1433.7420466791982
8456,1070.9396562178806,1070.93965622,1070.9396562178806
8457,5938.449697594952,5938.44969759,5938.449697594952
8458,10567.6264501383,10567.6264501,10567.6264501383
8459,2119.1034168101683,2119.10341681,2119.1034168101683
8460,2051.3913763156797,2051.39137632,2051.3913763156797
8461,724.4350511297155,724.43505113,724.4350511297155
8462,10963.090514107977,10963.0905141,10963.090514107977
8463,504.6003492571124,504.600349257,504.6003492571124
8464,1649.1384412106875,1649.13844121,1649.1384412106875
8465,1464.921362310957,1464.92136231,1464.921362310957
8466,580.8534403406954,580.853440341,580.8534403406954
8467,480.8041925977507,480.804192598,480.8041925977507
8468,1911.3225882054796,1911.32258821,1911.3225882054796
8469,6411.075180011173,6411.07518001,6411.075180011173
8470,3193.123164918791,3193.12316492,3193.123164918791
8471,146.05956033802624,146.059560338,146.05956033802624
8472,4572.627973428462,4572.62797343,4572.627973428462
8473,3301.6836455983284,3301.6836456,3301.6836455983284
8474,788.8535137518606,788.853513752,788.8535137518606
8475,748.0951449197723,748.09514492,748.0951449197723
8476,3479.5448382818972,3479.54483828,3479.5448382818972
8477,5052.655791831545,5052.65579183,5052.655791831545
8478,7028.293487903179,7028.2934879,7028.293487903179
8479,804.7865658978385,804.786565898,804.7865658978385
8480,219.12091174262088,219.120911743,219.12091174262088
8481,2091.319399284988,2091.31939928,2091.319399284988
8482,1844.5671422050489,1844.56714221,1844.5671422050489
8483,1522.6866066291193,1522.68660663,1522.6866066291193
8484,1588.5423942238265,1588.54239422,1588.5423942238265
8485,1854.1059178880114,1854.10591789,1854.1059178880114
8486,7083.584917649582,7083.58491765,7083.584917649582
8487,4629.4500064376625,4629.45000644,4629.4500064376625
8488,364.92360388255923,364.923603883,364.92360388255923
8489,2371.883606810788,2371.88360681,2371.883606810788
8490,836.5429573041703,836.542957304,836.5429573041703
8491,2917.359702648589,2917.35970265,2917.359702648589
8492,4229.33278252842,4229.33278253,4229.33278252842
8493,1454.01292549392,1454.01292549,1454.01292549392
8494,723.0522597108908,723.052259711,723.0522597108908
8495,3071.2840639065403,3071.28406391,3071.2840639065403
8496,592.9940159538571,592.994015954,592.9940159538571
8497,3567.9118786395225,3567.91187864,3567.9118786395225
8498,418.2061919264996,418.206191926,418.2061919264996
8499,2562.2444529412746,2562.24445294,2562.2444529412746
8500,851.5976096243477,851.597609624,851.5976096243477
8501,514.6715731735267,514.671573174,514.6715731735267
8502,10033.18911978051,10033.1891198,10033.18911978051
8503,2792.389716724868,2792.38971672,2792.389716724868
8504,1593.316162894587,1593.31616289,1593.316162894587
8505,4069.5831866475664,4069.58318665,4069.5831866475664
8506,1070.3256533852384,1070.32565339,1070.3256533852384
8507,4255.611244187824,4255.61124419,4255.611244187824
8508,720.9833283397057,720.98332834,720.9833283397057
8509,382.54806811917575,382.548068119,382.54806811917575
8510,3838.345450747113,3838.34545075,3838.345450747113
8511,2842.0868902061134,2842.08689021,2842.0868902061134
8512,3708.6174153160932,3708.61741532,3708.6174153160932
8513,5783.199885738096,5783.19988574,5783.199885738096
8514,1745.803517213467,1745.80351721,1745.803517213467
8515,462.45458182692033,462.454581827,462.45458182692033
8516,2579.675551012696,2579.67555101,2579.675551012696
8517,757.3427886997364,757.3427887,757.3427886997364
8518,3703.056766776574,3703.05676678,3703.056766776574
8519,456.8162022817647,456.816202282,456.8162022817647
8520,2732.9841367046306,2732.9841367,2732.9841367046306
8521,927.8754406107116,927.875440611,927.8754406107116
8522,1967.9828710094807,1967.98287101,1967.9828710094807
8523,53.181980502306175,53.1819805023,53.181980502306175
8524,88.6359369314888,88.6359369315,88.6359369314888
8525,660.887433981819,660.887433982,660.887433981819
8526,8114.680892736003,8114.68089274,8114.680892736003
8527,3414.907949216454,3414.90794922,3414.907949216454
8528,448.8695062428679,448.869506243,448.8695062428679
8529,1508.4703258797526,1508.47032588,1508.4703258797526
8530,2141.014830370737,2141.01483037,2141.014830370737
8531,1027.6857006586695,1027.68570066,1027.6857006586695
8532,6412.108648310921,6412.10864831,6412.108648310921
8533,529.5250339379502,529.525033938,529.5250339379502
8534,1471.1273658039602,1471.1273658,1471.1273658039602
8535,6734.7246225647295,6734.72462256,6734.7246225647295
8536,2448.1729593080495,2448.17295931,2448.1729593080495
8537,1747.4661506627526,1747.46615066,1747.4661506627526
8538,4365.3886930078115,4365.38869301,4365.3886930078115
8539,414.8672718880015,414.867271888,414.8672718880015
8540,842.5320820637974,842.532082064,842.5320820637974
8541,8924.671276775956,8924.67127678,8924.671276775956
8543,14365.10907898157,14365.109079,14365.10907898157
8544,209.61115905063633,209.611159051,209.61115905063633
8545,997.9807100992277,997.980710099,997.9807100992277
8546,9367.47301701335,9367.47301701,9367.47301701335
8547,3159.8348155216277,3159.83481552,3159.8348155216277
8548,1060.150602858574,1060.15060286,1060.150602858574
8549,756.3505912349733,756.350591235,756.3505912349733
8550,1821.7421871485496,1821.74218715,1821.7421871485496
8551,1090.8127907949415,1090.81279079,1090.8127907949415
8552,4422.191087803555,4422.1910878,4422.191087803555
8553,2169.710817440048,2169.71081744,2169.710817440048
8554,8273.405417275253,8273.40541728,8273.405417275253
8555,1298.7869896502727,1298.78698965,1298.7869896502727
8556,1449.9557262251553,1449.95572623,1449.9557262251553
8557,1885.955472179685,1885.95547218,1885.955472179685
8558,714.8143219307142,714.814321931,714.8143219307142
8559,1940.5027822038405,1940.5027822,1940.5027822038405
8560,16276.2723067906,16276.2723068,16276.2723067906
8561,6940.822930737783,6940.82293074,6940.822930737783
8562,969.6367643977017,969.636764398,969.6367643977017
8563,946.6121420067744,946.612142007,946.6121420067744
8564,4901.544657592084,4901.54465759,4901.544657592084
8565,1554.9116101315713,1554.91161013,1554.9116101315713
8566,1055.0468714344436,1055.04687143,1055.0468714344436
8567,8147.447375821964,8147.44737582,8147.447375821964
8568,1842.0046319071087,1842.00463191,1842.0046319071087
8569,1748.0402379415161,1748.04023794,1748.0402379415161
8570,786.5603193774408,786.560319377,786.5603193774408
8571,3160.2566573918634,3160.25665739,3160.2566573918634
8572,2167.4891697305848,2167.48916973,2167.4891697305848
8573,236.5878441206587,236.587844121,236.5878441206587
8574,4175.601600076242,4175.60160008,4175.601600076242
8575,3904.056373399995,3904.0563734,3904.056373399995
8576,712.1852138596767,712.18521386,712.1852138596767
8577,1682.5628740471689,1682.56287405,1682.5628740471689
8578,10110.239621834307,10110.2396218,10110.239621834307
8579,5578.478123647995,5578.47812365,5578.478123647995
8580,4608.497893469774,4608.49789347,4608.497893469774
8581,2341.7531518244,2341.75315182,2341.7531518244
8582,2252.2867080557203,2252.28670806,2252.2867080557203
8583,1854.7426681223296,1854.74266812,1854.7426681223296
8584,148.97123575357895,148.971235754,148.97123575357895
8585,3063.6368527766363,3063.63685278,3063.6368527766363
8586,133.01769000945887,133.017690009,133.01769000945887
8587,311.4231677955571,311.423167796,311.4231677955571
8588,1208.7959274338336,1208.79592743,1208.7959274338336
8589,204.74992061457627,204.749920615,204.74992061457627
8590,13016.285805745512,13016.2858057,13016.285805745512
8591,1007.1551420031738,1007.155142,1007.1551420031738
8592,1235.7881935737146,1235.78819357,1235.7881935737146
8593,247.97312067984893,247.97312068,247.97312067984893
8594,4219.935255611878,4219.93525561,4219.935255611878
8595,2854.0547198336376,2854.05471983,2854.0547198336376
8596,397.3106098405088,397.310609841,397.3106098405088
8597,87.26542448926608,87.2654244893,87.26542448926608
8598,1222.57608482959,1222.57608483,1222.57608482959
8599,386.0219056343217,386.021905634,386.0219056343217
8600,1341.2515705065107,1341.25157051,1341.2515705065107
8601,1553.0226286486673,1553.02262865,1553.0226286486673
8602,1186.3715917742559,1186.37159177,1186.3715917742559
8603,2948.0564232755473,2948.05642328,2948.0564232755473
8604,1650.4520054926031,1650.45200549,1650.4520054926031
8605,1495.7199951396528,1495.71999514,1495.7199951396528
8606,1596.7938099339424,1596.79380993,1596.7938099339424
8607,305.79205259943495,305.792052599,305.79205259943495
8608,2145.9665476952614,2145.9665477,2145.9665476952614
8609,4657.721062189422,4657.72106219,4657.721062189422
8610,1546.5010220042823,1546.501022,1546.5010220042823
8611,613.6216410832103,613.621641083,613.6216410832103
8612,2208.5266961811585,2208.52669618,2208.5266961811585
8613,6278.457373636609,6278.45737364,6278.457373636609
8614,2341.3165609641183,2341.31656096,2341.3165609641183
8615,1674.3326897531902,1674.33268975,1674.3326897531902
8616,2715.0792863480915,2715.07928635,2715.0792863480915
8617,1383.564888488248,1383.56488849,1383.564888488248
8618,2727.2502414351015,2727.25024144,2727.2502414351015
8619,1988.248961193193,1988.24896119,1988.248961193193
8620,1299.1779451682287,1299.17794517,1299.1779451682287
8621,2882.6043770867777,2882.60437709,2882.6043770867777
8622,5150.961158589309,5150.96115859,5150.961158589309
8623,1097.4366022244674,1097.43660222,1097.4366022244674
8624,252.0694300282717,252.069430028,252.0694300282717
8625,4699.7341743859415,4699.73417439,4699.7341743859415
8626,755.7156191885883,755.715619189,755.7156191885883
8627,732.7686190483187,732.768619048,732.7686190483187
8628,7297.843972858542,7297.84397286,7297.843972858542
8630,85.60736346120667,85.6073634612,85.60736346120667
8631,2696.7675924362366,2696.76759244,2696.7675924362366
8632,1312.669115728116,1312.66911573,1312.669115728116
8633,2973.6816372075814,2973.68163721,2973.6816372075814
8634,277.3891403879367,277.389140388,277.3891403879367
8635,3022.824336244717,3022.82433624,3022.824336244717
8636,768.4353151925328,768.435315193,768.4353151925328
8637,1247.8483887756643,1247.84838878,1247.8483887756643
8638,4096.6833084920045,4096.68330849,4096.6833084920045
8639,2475.1700202040074,2475.1700202,2475.1700202040074
8640,5072.515589355245,5072.51558936,5072.515589355245
8641,3027.4326636744163,3027.43266367,3027.4326636744163
8642,114.02514452318654,114.025144523,114.02514452318654
8643,598.5788177779702,598.578817778,598.5788177779702
8644,699.7434296474238,699.743429647,699.7434296474238
8645,1995.280734586512,1995.28073459,1995.280734586512
8646,283.84321214699065,283.843212147,283.84321214699065
8647,2602.3352847115902,2602.33528471,2602.3352847115902
8648,318.39642392620215,318.396423926,318.39642392620215
8649,6913.340464076877,6913.34046408,6913.340464076877
8650,3271.073931483704,3271.07393148,3271.073931483704
8651,49.194716230809874,49.1947162308,49.194716230809874
8652,836.5967532707616,836.596753271,836.5967532707616
8653,4809.460744571918,4809.46074457,4809.460744571918
8654,3259.3343253974476,3259.3343254,3259.3343253974476
8655,845.4999867026056,845.499986703,845.4999867026056
8656,1217.8704806343678,1217.87048063,1217.8704806343678
8657,159.06090035446488,159.060900354,159.06090035446488
8658,4588.832454824847,4588.83245482,4588.832454824847
8659,1566.1495442791386,1566.14954428,1566.1495442791386
8660,111.20729166520236,111.207291665,111.20729166520236
8661,1249.7623949040894,1249.7623949,1249.7623949040894
8662,6968.355834841516,6968.35583484,6968.355834841516
8663,610.5954926639068,610.595492664,610.5954926639068
8664,4345.249764420503,4345.24976442,4345.249764420503
8665,9907.952381293055,9907.95238129,9907.952381293055
8666,8129.460377701102,8129.4603777,8129.460377701102
8667,3092.7860669552383,3092.78606696,3092.7860669552383
8668,1188.2019730585166,1188.20197306,1188.2019730585166
8669,2122.8903125598235,2122.89031256,2122.8903125598235
8670,1833.2298206069272,1833.22982061,1833.2298206069272
8671,1660.0654971616298,1660.06549716,1660.0654971616298
8672,1448.9727060673065,1448.97270607,1448.9727060673065
8673,3602.1042245112603,3602.10422451,3602.1042245112603
8674,1096.7370490012352,1096.737049,1096.7370490012352
8675,3047.4609486118584,3047.46094861,3047.4609486118584
8676,1832.0836169362367,1832.08361694,1832.0836169362367
8677,1056.027787659292,1056.02778766,1056.027787659292
8678,4596.03859553193,4596.03859553,4596.03859553193
8679,2258.1388102220753,2258.13881022,2258.1388102220753
8680,731.1902311201404,731.19023112,731.1902311201404
8681,5126.400473242053,5126.40047324,5126.400473242053
8682,7948.6497262525845,7948.64972625,7948.6497262525845
8683,442.1440646008954,442.144064601,442.1440646008954
8684,1088.0566229009905,1088.0566229,1088.0566229009905
8685,14120.96876406812,14120.9687641,14120.96876406812
8686,880.4596115748014,880.459611575,880.4596115748014
8687,2407.2971968717093,2407.29719687,2407.2971968717093
8688,144.80242416194864,144.802424162,144.80242416194864
8689,495.88555230135233,495.885552301,495.88555230135233
8690,1954.5446883703657,1954.54468837,1954.5446883703657
8691,9288.514120865746,9288.51412087,9288.514120865746
8692,1205.5623643063902,1205.56236431,1205.5623643063902
8693,1552.1228177476582,1552.12281775,1552.1228177476582
8694,6040.888681438003,6040.88868144,6040.888681438003
8695,3109.0955906738104,3109.09559067,3109.0955906738104
8696,99.8340780266567,99.8340780267,99.8340780266567
8697,313.445290400586,313.445290401,313.445290400586
8698,1102.3634098479658,1102.36340985,1102.3634098479658
8699,759.5218909639958,759.521890964,759.5218909639958
8700,7945.3849550767845,7945.38495508,7945.3849550767845
8701,865.9002631939901,865.900263194,865.9002631939901
8702,1489.5726727191957,1489.57267272,1489.5726727191957
8703,4622.1572201957215,4622.1572202,4622.1572201957215
8704,5485.793744249415,5485.79374425,5485.793744249415
8705,1067.4292043872435,1067.42920439,1067.4292043872435
8706,1693.2746011497702,1693.27460115,1693.2746011497702
8707,3202.2016166391013,3202.20161664,3202.2016166391013
8708,3571.243983296519,3571.2439833,3571.243983296519
8709,6284.379257015672,6284.37925702,6284.379257015672
8710,1536.4274786197454,1536.42747862,1536.4274786197454
8711,1607.5140521590422,1607.51405216,1607.5140521590422
8712,2959.684707548859,2959.68470755,2959.684707548859
8713,958.4784733395277,958.47847334,958.4784733395277
8714,627.2806642801669,627.28066428,627.2806642801669
8715,3138.2359598277453,3138.23595983,3138.2359598277453
8716,2276.770845955132,2276.77084596,2276.770845955132
8717,723.951356837932,723.951356838,723.951356837932
8718,1468.9669264706192,1468.96692647,1468.9669264706192
8719,1434.0291243871438,1434.02912439,1434.0291243871438
8720,966.4451559251158,966.445155925,966.4451559251158
8721,7190.533461708519,7190.53346171,7190.533461708519
8722,4191.342912391563,4191.34291239,4191.342912391563
8723,1505.0037746375037,1505.00377464,1505.0037746375037
8724,14363.15339497597,14363.153395,14363.15339497597
8725,1858.079213955499,1858.07921396,1858.079213955499
8726,1702.6646885396112,1702.66468854,1702.6646885396112
8727,1748.943265876244,1748.94326588,1748.943265876244
8728,165.41012175609347,165.410121756,165.41012175609347
8729,3806.5984570148203,3806.59845701,3806.5984570148203
8730,5122.5974587718,5122.59745877,5122.5974587718
8731,5530.332430608183,5530.33243061,5530.332430608183
8732,25.583135581219107,25.5831355812,25.583135581219107
8733,718.4133988162464,718.413398816,718.4133988162464
8734,295.0857137118775,295.085713712,295.0857137118775
8735,3377.6036427848985,3377.60364278,3377.6036427848985
8736,14438.915453570089,14438.9154536,14438.915453570089
8737,4248.713063096388,4248.7130631,4248.713063096388
8738,1050.1671550814458,1050.16715508,1050.1671550814458
8739,19.394290123938923,19.3942901239,19.394290123938923
8740,5364.418787221246,5364.41878722,5364.418787221246
8741,2959.4360757025443,2959.4360757,2959.4360757025443
8742,864.5185052228275,864.518505223,864.5185052228275
8743,2669.3461613565287,2669.34616136,2669.3461613565287
8744,1536.4784166564484,1536.47841666,1536.4784166564484
8745,1898.5892332411397,1898.58923324,1898.5892332411397
8746,1910.131073826104,1910.13107383,1910.131073826104
8747,876.9583433999765,876.9583434,876.9583433999765
8748,1218.2512138644584,1218.25121386,1218.2512138644584
8749,808.3160271912591,808.316027191,808.3160271912591
8750,500.2565118638333,500.256511864,500.2565118638333
8751,161.29291971495462,161.292919715,161.29291971495462
8752,1511.620517077457,1511.62051708,1511.620517077457
8753,9786.699698579496,9786.69969858,9786.699698579496
8754,4044.65228115768,4044.65228116,4044.65228115768
8755,2613.976877216685,2613.97687722,2613.976877216685
8756,1653.156013993688,1653.15601399,1653.156013993688
8757,8134.820441905186,8134.82044191,8134.820441905186
8758,2350.5341910948046,2350.53419109,2350.5341910948046
8759,53.62236713336971,53.6223671334,53.62236713336971
8760,10130.334893986717,10130.334894,10130.334893986717
8761,2453.2553184467747,2453.25531845,2453.2553184467747
8762,420.0791072326077,420.079107233,420.0791072326077
8763,1966.7193708188847,1966.71937082,1966.7193708188847
8764,32080.927976672123,32080.9279767,32080.927976672123
8765,4539.648161071805,4539.64816107,4539.648161071805
8766,491.2346364871741,491.234636487,491.2346364871741
8767,13141.15679270162,13141.1567927,13141.15679270162
8768,1307.7315731930669,1307.73157319,1307.7315731930669
8769,6033.7823002223,6033.78230022,6033.7823002223
8770,892.4932565361453,892.493256536,892.4932565361453
8771,11568.601779225613,11568.6017792,11568.601779225613
8772,3096.2412919060293,3096.24129191,3096.2412919060293
8773,17426.27934490959,17426.2793449,17426.27934490959
8774,1959.9203411374388,1959.92034114,1959.9203411374388
8775,1015.6436384277208,1015.64363843,1015.6436384277208
8776,1368.9966135031946,1368.9966135,1368.9966135031946
8777,2525.8221765351714,2525.82217654,2525.8221765351714
8778,2135.7574809411144,2135.75748094,2135.7574809411144
8779,1188.3688249784639,1188.36882498,1188.3688249784639
8780,1246.1884929155324,1246.18849292,1246.1884929155324
8781,2978.280497639948,2978.28049764,2978.280497639948
8782,1823.6290225370726,1823.62902254,1823.6290225370726
8783,1472.8911691259325,1472.89116913,1472.8911691259325
8784,1359.4547478896234,1359.45474789,1359.4547478896234
8785,757.2629681606184,757.262968161,757.2629681606184
8786,5177.758343018569,5177.75834302,5177.758343018569
8787,513.7931937913827,513.793193791,513.7931937913827
8788,4821.632282713041,4821.63228271,4821.632282713041
8789,999.0365434407472,999.036543441,999.0365434407472
8790,5501.169986157956,5501.16998616,5501.169986157956
8791,4413.865787535558,4413.86578754,4413.865787535558
8792,2719.042100382014,2719.04210038,2719.042100382014
8793,2488.441655550153,2488.44165555,2488.441655550153
8794,2794.140645666057,2794.14064567,2794.140645666057
8795,269.5656319372673,269.565631937,269.5656319372673
8796,326.2539442941131,326.253944294,326.2539442941131
8797,1561.795311255766,1561.79531126,1561.795311255766
8798,2178.79383674633,2178.79383675,2178.79383674633
8799,74.09836920898458,74.098369209,74.09836920898458
8800,1573.3806924641374,1573.38069246,1573.3806924641374
8801,1198.5002908091815,1198.50029081,1198.5002908091815
8803,5620.630408221957,5620.63040822,5620.630408221957
8804,6725.119025439163,6725.11902544,6725.119025439163
8805,1462.5106197840255,1462.51061978,1462.5106197840255
8806,57.24781737282423,57.2478173728,57.24781737282423
8807,3707.7642013482437,3707.76420135,3707.7642013482437
8808,16106.955154232126,16106.9551542,16106.955154232126
8809,1036.2631711902118,1036.26317119,1036.2631711902118
8810,157.97142961581199,157.971429616,157.97142961581199
8811,3292.7502203318736,3292.75022033,3292.7502203318736
8812,496.463603654341,496.463603654,496.463603654341
8813,2592.1322846482994,2592.13228465,2592.1322846482994
8814,2733.1864925415916,2733.18649254,2733.1864925415916
8815,577.0391179831968,577.039117983,577.0391179831968
8816,328.8783572151051,328.878357215,328.8783572151051
8817,637.5266150962011,637.526615096,637.5266150962011
8818,1434.8856275593557,1434.88562756,1434.8856275593557
8819,1190.4717933490517,1190.47179335,1190.4717933490517
8820,5718.933330456159,5718.93333046,5718.933330456159
8821,2312.4486584300917,2312.44865843,2312.4486584300917
8822,154.6822704227007,154.682270423,154.6822704227007
8823,608.6334995413773,608.633499541,608.6334995413773
8824,359.8130987848909,359.813098785,359.8130987848909
8825,159.77241889069396,159.772418891,159.77241889069396
8826,5702.999551502537,5702.9995515,5702.999551502537
8827,4158.956229869893,4158.95622987,4158.956229869893
8828,883.0669446676684,883.066944668,883.0669446676684
8829,2998.0607529909034,2998.06075299,2998.0607529909034
8830,1353.2207825965402,1353.2207826,1353.2207825965402
8831,6765.897048160081,6765.89704816,6765.897048160081
8832,866.5423177964226,866.542317796,866.5423177964226
8833,8313.283951792579,8313.28395179,8313.283951792579
8834,3461.5536321330687,3461.55363213,3461.5536321330687
8835,13363.594768918589,13363.5947689,13363.594768918589
8836,2366.274009344626,2366.27400934,2366.274009344626
8837,4007.1754876713885,4007.17548767,4007.1754876713885
8838,3360.411401956915,3360.41140196,3360.411401956915
8839,1976.455132214251,1976.45513221,1976.455132214251
8840,776.6609914973087,776.660991497,776.6609914973087
8841,2926.087517772119,2926.08751777,2926.087517772119
8842,2762.6122943698224,2762.61229437,2762.6122943698224
8843,20599.888652302685,20599.8886523,20599.888652302685
8844,1431.8784794882001,1431.87847949,1431.8784794882001
8845,3449.0520384416272,3449.05203844,3449.0520384416272
8846,1622.5565253092059,1622.55652531,1622.5565253092059
8847,1529.8231979237833,1529.82319792,1529.8231979237833
8848,2334.2267194079263,2334.22671941,2334.2267194079263
8849,1605.247445066044,1605.24744507,1605.247445066044
8850,2229.112352940796,2229.11235294,2229.112352940796
8851,1536.3782779754497,1536.37827798,1536.3782779754497
8852,272.88583472650913,272.885834727,272.88583472650913
8853,2228.9720823174553,2228.97208232,2228.9720823174553
8854,1622.4607092857145,1622.46070929,1622.4607092857145
8855,1272.5858851611274,1272.58588516,1272.5858851611274
8856,2673.152179583503,2673.15217958,2673.152179583503
8857,1897.323714693075,1897.32371469,1897.323714693075
8858,5719.535732374982,5719.53573237,5719.535732374982
8859,346.5596033931225,346.559603393,346.5596033931225
8860,247.1361329458099,247.136132946,247.1361329458099
8861,1131.444854101731,1131.4448541,1131.444854101731
8862,1327.6410118993747,1327.6410119,1327.6410118993747
8863,5235.989859661353,5235.98985966,5235.989859661353
8864,650.686186596205,650.686186596,650.686186596205
8865,2802.3302564483256,2802.33025645,2802.3302564483256
8866,1765.1953723953413,1765.1953724,1765.1953723953413
8867,1309.3906626536595,1309.39066265,1309.3906626536595
8868,4326.059968701829,4326.0599687,4326.059968701829
8869,1541.4018619895792,1541.40186199,1541.4018619895792
8870,3391.449799414717,3391.44979941,3391.449799414717
8871,1358.8559059145102,1358.85590591,1358.8559059145102
8872,444.8506534210694,444.850653421,444.8506534210694
8873,2078.4229218918113,2078.42292189,2078.4229218918113
8874,6451.549112990441,6451.54911299,6451.549112990441
8875,1517.4919338418274,1517.49193384,1517.4919338418274
8876,1122.2501821141948,1122.25018211,1122.2501821141948
8877,6251.724062051989,6251.72406205,6251.724062051989
8878,194.61179872063585,194.611798721,194.61179872063585
8879,916.1471187109942,916.147118711,916.1471187109942
8880,2226.2948832578504,2226.29488326,2226.2948832578504
8881,727.6062137199358,727.60621372,727.6062137199358
8882,5207.428045918449,5207.42804592,5207.428045918449
8883,1489.0547863299626,1489.05478633,1489.0547863299626
8884,1996.5459326921266,1996.54593269,1996.5459326921266
8885,1416.9774141526857,1416.97741415,1416.9774141526857
8886,767.0981484823764,767.098148482,767.0981484823764
8887,1342.8984887667737,1342.89848877,1342.8984887667737
8888,13233.212652840546,13233.2126528,13233.212652840546
8889,19550.133370212603,19550.1333702,19550.133370212603
8890,411.01539048930874,411.015390489,411.01539048930874
8891,1421.157277648798,1421.15727765,1421.157277648798
8892,29.092160574012077,29.092160574,29.092160574012077
8893,1335.55577756757,1335.55577757,1335.55577756757
8894,1341.5805962996158,1341.5805963,1341.5805962996158
8895,1809.2312562906811,1809.23125629,1809.2312562906811
8896,11185.861745684375,11185.8617457,11185.861745684375
8897,5782.381388151604,5782.38138815,5782.381388151604
8898,3911.309579148976,3911.30957915,3911.309579148976
8899,955.8902066354055,955.890206635,955.8902066354055
8900,2741.091993208355,2741.09199321,2741.091993208355
8901,6715.484056516619,6715.48405652,6715.484056516619
8902,1538.4390764574841,1538.43907646,1538.4390764574841
8903,3980.2507696844814,3980.25076968,3980.2507696844814
8904,3437.410889339416,3437.41088934,3437.410889339416
8905,475.5400757489166,475.540075749,475.5400757489166
8906,1849.3216875340017,1849.32168753,1849.3216875340017
8907,1765.428854968129,1765.42885497,1765.428854968129
8908,231.89820808651567,231.898208087,231.89820808651567
8909,2780.77164666439,2780.77164666,2780.77164666439
8910,1284.2023541567085,1284.20235416,1284.2023541567085
8911,3822.3901394045374,3822.3901394,3822.3901394045374
8912,7258.053922865637,7258.05392287,7258.053922865637
8913,2855.0694688794542,2855.06946888,2855.0694688794542
8914,539.4003070764421,539.400307076,539.4003070764421
8915,155.29798099045485,155.29798099,155.29798099045485
8916,1353.7390595397346,1353.73905954,1353.7390595397346
8917,1137.153481880199,1137.15348188,1137.153481880199
8918,3019.48144087586,3019.48144088,3019.48144087586
8919,492.9022030266973,492.902203027,492.9022030266973
8920,4330.6181469612175,4330.61814696,4330.6181469612175
8921,2099.9311646155684,2099.93116462,2099.9311646155684
8922,1846.5843315604573,1846.58433156,1846.5843315604573
8923,1289.6836374053562,1289.68363741,1289.6836374053562
8924,613.0501805761694,613.050180576,613.0501805761694
8925,1892.013613595069,1892.0136136,1892.013613595069
8926,494.79770427312184,494.797704273,494.79770427312184
8927,3421.4863014783937,3421.48630148,3421.4863014783937
8928,4635.156136257646,4635.15613626,4635.156136257646
8929,4013.9560309019885,4013.9560309,4013.9560309019885
8930,259.26046169711395,259.260461697,259.26046169711395
8931,1467.2687136292018,1467.26871363,1467.2687136292018
8932,2562.4414199052226,2562.44141991,2562.4414199052226
8933,2135.8255546540095,2135.82555465,2135.8255546540095
8934,6350.767703027806,6350.76770303,6350.767703027806
8935,907.5683483738526,907.568348374,907.5683483738526
8936,2230.109159876856,2230.10915988,2230.109159876856
8937,1414.288410703224,1414.2884107,1414.288410703224
8938,2388.318165868234,2388.31816587,2388.318165868234
8939,1208.4117787469631,1208.41177875,1208.4117787469631
8940,1377.7596223378964,1377.75962234,1377.7596223378964
8941,187.88001263162482,187.880012632,187.88001263162482
8942,10686.323116840253,10686.3231168,10686.323116840253
8943,353.9726296392137,353.972629639,353.9726296392137
8944,2103.024997802325,2103.0249978,2103.024997802325
8945,1377.2893168943306,1377.28931689,1377.2893168943306
8946,4817.814574778817,4817.81457478,4817.814574778817
8947,6783.871857327172,6783.87185733,6783.871857327172
8948,8301.71981144818,8301.71981145,8301.71981144818
8949,5313.796802857344,5313.79680286,5313.796802857344
8950,7468.731335107775,7468.73133511,7468.731335107775
8951,2739.1263304945437,2739.12633049,2739.1263304945437
8952,5472.232864210794,5472.23286421,5472.232864210794
8953,4812.858799195338,4812.8587992,4812.858799195338
8954,2448.3533271191054,2448.35332712,2448.3533271191054
8955,233.71684948984512,233.71684949,233.71684948984512
8956,3619.2677538610656,3619.26775386,3619.2677538610656
8957,396.3428262124177,396.342826212,396.3428262124177
8958,2198.9805709029497,2198.9805709,2198.9805709029497
8959,624.705432767809,624.705432768,624.705432767809
8960,575.5156620858241,575.515662086,575.5156620858241
8961,3782.0105518380437,3782.01055184,3782.0105518380437
8962,2207.3414956961788,2207.3414957,2207.3414956961788
8963,14744.83861925269,14744.8386193,14744.83861925269
8964,6199.699151952053,6199.69915195,6199.699151952053
8965,3879.3481498961182,3879.3481499,3879.3481498961182
8966,1024.674740115641,1024.67474012,1024.674740115641
8967,701.5659850847005,701.565985085,701.5659850847005
8968,1076.1182249675937,1076.11822497,1076.1182249675937
8969,159.4117784598066,159.41177846,159.4117784598066
8970,3990.2875428286184,3990.28754283,3990.2875428286184
8971,2018.8636808963265,2018.8636809,2018.8636808963265
8972,7258.850407813865,7258.85040781,7258.850407813865
8973,17063.709515848823,17063.7095158,17063.709515848823
8974,225.12173267876952,225.121732679,225.12173267876952
8975,3764.8697252298057,3764.86972523,3764.8697252298057
8976,741.340957975876,741.340957976,741.340957975876
8977,1198.2025840601732,1198.20258406,1198.2025840601732
8978,2466.317595342,2466.31759534,2466.317595342
8979,2144.083313982393,2144.08331398,2144.083313982393
8980,981.6627830367479,981.662783037,981.6627830367479
8981,1293.3414777680268,1293.34147777,1293.3414777680268
8982,1755.5191411488006,1755.51914115,1755.5191411488006
8983,3450.229839623233,3450.22983962,3450.229839623233
8984,225.6969364353721,225.696936435,225.6969364353721
8985,2372.3971652350956,2372.39716524,2372.3971652350956
8986,5283.396523285211,5283.39652329,5283.396523285211
8987,842.7837585341986,842.783758534,842.7837585341986
8988,2081.031041844793,2081.03104184,2081.031041844793
8989,508.2450234033201,508.245023403,508.2450234033201
8990,2344.8615310521213,2344.86153105,2344.8615310521213
8991,5925.745650250317,5925.74565025,5925.745650250317
8992,2705.6255746911547,2705.62557469,2705.6255746911547
8993,2862.589983985739,2862.58998399,2862.589983985739
8994,1138.1497247397733,1138.14972474,1138.1497247397733
8995,748.3536976057333,748.353697606,748.3536976057333
8996,635.1556267180728,635.155626718,635.1556267180728
8997,888.3382709869787,888.338270987,888.3382709869787
8998,15276.583816238843,15276.5838162,15276.583816238843
8999,11825.35839716152,11825.3583972,11825.35839716152
9000,1278.7773601543518,1278.77736015,1278.7773601543518
9001,654.8886510945034,654.888651095,654.8886510945034
9002,1159.9039151414997,1159.90391514,1159.9039151414997
9003,482.6016415956083,482.601641596,482.6016415956083
9004,1226.0199965221993,1226.01999652,1226.0199965221993
9005,2008.8756589658312,2008.87565897,2008.8756589658312
9006,13264.536854967815,13264.536855,13264.536854967815
9007,9074.403819715073,9074.40381972,9074.403819715073
9008,653.5481852987027,653.548185299,653.5481852987027
9009,6819.191594195456,6819.1915942,6819.191594195456
9010,2948.028053948942,2948.02805395,2948.028053948942
9011,1337.5889636874078,1337.58896369,1337.5889636874078
9012,3927.9456587588816,3927.94565876,3927.9456587588816
9013,1237.9722092579852,1237.97220926,1237.9722092579852
9014,1979.1524058939178,1979.15240589,1979.1524058939178
9015,2414.0462764923745,2414.04627649,2414.0462764923745
9016,450.97001175650604,450.970011757,450.97001175650604
9017,941.0179133550961,941.017913355,941.0179133550961
9018,3765.5606128339155,3765.56061283,3765.5606128339155
9019,834.2021867066916,834.202186707,834.2021867066916
9020,4829.361937828543,4829.36193783,4829.361937828543
9021,3174.974508107789,3174.97450811,3174.974508107789
9022,4519.748293305829,4519.74829331,4519.748293305829
9023,914.3696822603177,914.36968226,914.3696822603177
9024,10748.131411428372,10748.1314114,10748.131411428372
9025,8342.449200820418,8342.44920082,8342.449200820418
9026,1937.9493704728866,1937.94937047,1937.9493704728866
9027,3248.304369170133,3248.30436917,3248.304369170133
9028,698.1969356370854,698.196935637,698.1969356370854
9029,2353.326437768247,2353.32643777,2353.326437768247
9030,1375.389536090089,1375.38953609,1375.389536090089
9031,1733.592560617029,1733.59256062,1733.592560617029
9032,7136.757552256748,7136.75755226,7136.757552256748
9033,1993.229866219352,1993.22986622,1993.229866219352
9034,8890.089666387774,8890.08966639,8890.089666387774
9035,1338.3113580881525,1338.31135809,1338.3113580881525
9036,2226.5470950737717,2226.54709507,2226.5470950737717
9037,369.5519446714958,369.551944671,369.5519446714958
9038,5449.715460116702,5449.71546012,5449.715460116702
9039,2330.767349205567,2330.76734921,2330.767349205567
9040,1668.1750991633912,1668.17509916,1668.1750991633912
9041,1768.4580741112059,1768.45807411,1768.4580741112059
9042,4304.79122718702,4304.79122719,4304.79122718702
9043,3955.831608096151,3955.8316081,3955.831608096151
9044,1727.980378635586,1727.98037864,1727.980378635586
9045,3157.8643431199957,3157.86434312,3157.8643431199957
9046,892.6518063484596,892.651806348,892.6518063484596
9047,1826.8172858205762,1826.81728582,1826.8172858205762
9048,486.7003651082238,486.700365108,486.7003651082238
9049,1434.9340104433224,1434.93401044,1434.9340104433224
9050,5431.915252376818,5431.91525238,5431.915252376818
9051,1792.283657356122,1792.28365736,1792.283657356122
9052,1966.1990927513166,1966.19909275,1966.1990927513166
9053,1814.220018785344,1814.22001879,1814.220018785344
9054,2109.6861085665023,2109.68610857,2109.6861085665023
9055,11232.753443046133,11232.753443,11232.753443046133
9056,2793.244047462907,2793.24404746,2793.244047462907
9057,1530.3554967146927,1530.35549671,1530.3554967146927
9058,17815.369515476545,17815.3695155,17815.369515476545
9059,1490.4729846125767,1490.47298461,1490.4729846125767
9060,686.1633921225086,686.163392123,686.1633921225086
9061,2412.6116356894963,2412.61163569,2412.6116356894963
9062,1274.9474809902674,1274.94748099,1274.9474809902674
9063,8644.664172809766,8644.66417281,8644.664172809766
9064,1421.0293719962817,1421.029372,1421.0293719962817
9065,165.07550952335455,165.075509523,165.07550952335455
9066,4175.014568626704,4175.01456863,4175.014568626704
9067,3025.88098052211,3025.88098052,3025.88098052211
9068,849.2058822022136,849.205882202,849.2058822022136
9069,879.4653058109787,879.465305811,879.4653058109787
9070,1109.0611375204453,1109.06113752,1109.0611375204453
9071,6281.2674336861055,6281.26743369,6281.2674336861055
9072,1110.4543811566296,1110.45438116,1110.4543811566296
9073,384.4316008623441,384.431600862,384.4316008623441
9074,2655.272618211716,2655.27261821,2655.272618211716
9075,868.4545294298626,868.45452943,868.4545294298626
9076,1732.40249917223,1732.40249917,1732.40249917223
9077,1504.5805697212866,1504.58056972,1504.5805697212866
9078,1730.5303684403384,1730.53036844,1730.5303684403384
9079,979.9394095392429,979.939409539,979.9394095392429
9080,1883.6711923255498,1883.67119233,1883.6711923255498
9081,506.46912540283347,506.469125403,506.46912540283347
9082,1257.4302008395941,1257.43020084,1257.4302008395941
9083,684.6117636174604,684.611763617,684.6117636174604
9084,1753.886872531911,1753.88687253,1753.886872531911
9085,2640.249250464537,2640.24925046,2640.249250464537
9086,437.05082440420745,437.050824404,437.05082440420745
9087,8781.769649019818,8781.76964902,8781.769649019818
9088,13343.637097921819,13343.6370979,13343.637097921819
9089,127.58512690801597,127.585126908,127.58512690801597
9090,495.38304609158456,495.383046092,495.38304609158456
9091,822.3558291047844,822.355829105,822.3558291047844
9092,2811.0530064708964,2811.05300647,2811.0530064708964
9093,1089.1453359723475,1089.14533597,1089.1453359723475
9094,15617.119116005657,15617.119116,15617.119116005657
9095,1262.1902584783404,1262.19025848,1262.1902584783404
9096,487.4071905906101,487.407190591,487.4071905906101
9097,1056.4078260713648,1056.40782607,1056.4078260713648
9098,187.92582768383704,187.925827684,187.92582768383704
9099,706.9910882011874,706.991088201,706.9910882011874
9100,7963.849822149675,7963.84982215,7963.849822149675
9101,6802.011764978588,6802.01176498,6802.011764978588
9102,4029.7051877114077,4029.70518771,4029.7051877114077
9103,3781.575788532845,3781.57578853,3781.575788532845
9104,518.4595795657584,518.459579566,518.4595795657584
9105,1063.9850643504233,1063.98506435,1063.9850643504233
9106,5441.823114214387,5441.82311421,5441.823114214387
9107,5742.4872455045925,5742.4872455,5742.4872455045925
9108,321.33495680550254,321.334956806,321.33495680550254
9109,8009.943335119589,8009.94333512,8009.943335119589
9110,3291.6957209826382,3291.69572098,3291.6957209826382
9111,3932.6170328218536,3932.61703282,3932.6170328218536
9112,1065.7405322367035,1065.74053224,1065.7405322367035
9113,1753.422281513693,1753.42228151,1753.422281513693
9114,1173.2526173758176,1173.25261738,1173.2526173758176
9115,812.1737158510771,812.173715851,812.1737158510771
9116,837.980004409512,837.98000441,837.980004409512
9117,2955.194258335865,2955.19425834,2955.194258335865
9118,2681.1299748305837,2681.12997483,2681.1299748305837
9119,835.6019237086924,835.601923709,835.6019237086924
9120,1365.506329073382,1365.50632907,1365.506329073382
9121,1025.8420693303863,1025.84206933,1025.8420693303863
9122,271.90068156590513,271.900681566,271.90068156590513
9123,885.5375469504296,885.53754695,885.5375469504296
9124,4491.010017911533,4491.01001791,4491.010017911533
9125,1544.2074304681316,1544.20743047,1544.2074304681316
9126,2251.105491976533,2251.10549198,2251.105491976533
9127,1177.3458249577225,1177.34582496,1177.3458249577225
9128,4439.052909013846,4439.05290901,4439.052909013846
9129,1485.8211390733422,1485.82113907,1485.8211390733422
9130,8393.349744008343,8393.34974401,8393.349744008343
9131,1006.2508514420755,1006.25085144,1006.2508514420755
9132,2750.6804176570145,2750.68041766,2750.6804176570145
9133,3158.826009695803,3158.8260097,3158.826009695803
9134,863.2761384280558,863.276138428,863.2761384280558
9135,1298.450161029026,1298.45016103,1298.450161029026
9136,366.5155698711611,366.515569871,366.5155698711611
9137,2902.9367782672016,2902.93677827,2902.9367782672016
9138,3060.5059190472803,3060.50591905,3060.5059190472803
9139,1070.9626335947169,1070.96263359,1070.9626335947169
9140,2237.598517798317,2237.5985178,2237.598517798317
9141,1728.7445455367483,1728.74454554,1728.7445455367483
9142,1934.7588283034927,1934.7588283,1934.7588283034927
9143,5481.851711623039,5481.85171162,5481.851711623039
9144,1799.300502228124,1799.30050223,1799.300502228124
9145,11299.231055824039,11299.2310558,11299.231055824039
9146,1065.4752131892565,1065.47521319,1065.4752131892565
9147,15244.213159822139,15244.2131598,15244.213159822139
9148,5057.860381242703,5057.86038124,5057.860381242703
9149,687.1133304462771,687.113330446,687.1133304462771
9150,1625.8629503297989,1625.86295033,1625.8629503297989
9151,1327.577442067472,1327.57744207,1327.577442067472
9152,2481.2730124105988,2481.27301241,2481.2730124105988
9153,893.8016490561191,893.801649056,893.8016490561191
9154,1414.4546643276362,1414.45466433,1414.4546643276362
9155,2033.2977905180132,2033.29779052,2033.2977905180132
9156,737.5992888681963,737.599288868,737.5992888681963
9157,445.6454245273652,445.645424527,445.6454245273652
9158,51.13047260238995,51.1304726024,51.13047260238995
9159,2699.5897921971127,2699.5897922,2699.5897921971127
9160,319.2798748714664,319.279874871,319.2798748714664
9161,1087.564131746534,1087.56413175,1087.564131746534
9162,572.779054595514,572.779054596,572.779054595514
9163,8268.48125387556,8268.48125388,8268.48125387556
9164,3848.756079209024,3848.75607921,3848.756079209024
9165,5456.75002073482,5456.75002073,5456.75002073482
9166,19.657249085853902,19.6572490859,19.657249085853902
9167,1141.7358192091015,1141.73581921,1141.7358192091015
9168,5084.555026496327,5084.5550265,5084.555026496327
9169,1060.4953571443632,1060.49535714,1060.4953571443632
9170,230.155052406516,230.155052407,230.155052406516
9171,27820.228965874845,27820.2289659,27820.228965874845
9172,1107.6115923079597,1107.61159231,1107.6115923079597
9173,404.71925502261723,404.719255023,404.71925502261723
9174,2553.9429104266032,2553.94291043,2553.9429104266032
9175,2173.763694854249,2173.76369485,2173.763694854249
9176,2233.849325895318,2233.8493259,2233.849325895318
9177,756.043727242201,756.043727242,756.043727242201
9178,334.33348931596396,334.333489316,334.33348931596396
9179,1006.4237972210384,1006.42379722,1006.4237972210384
9180,976.7917966213784,976.791796621,976.7917966213784
9181,2938.5578758645543,2938.55787586,2938.5578758645543
9182,2018.7248660230784,2018.72486602,2018.7248660230784
9183,1081.4966661883127,1081.49666619,1081.4966661883127
9184,3021.584280857302,3021.58428086,3021.584280857302
9185,2082.0620394143484,2082.06203941,2082.0620394143484
9186,1744.0332553012288,1744.0332553,1744.0332553012288
9187,1691.7067737664706,1691.70677377,1691.7067737664706
9188,7633.018221036126,7633.01822104,7633.018221036126
9189,1180.2384861826438,1180.23848618,1180.2384861826438
9190,4004.947778154194,4004.94777815,4004.947778154194
9191,3949.663663342379,3949.66366334,3949.663663342379
9192,815.3039186564135,815.303918656,815.3039186564135
9193,12308.148989041683,12308.148989,12308.148989041683
9194,3391.3075985845467,3391.30759858,3391.3075985845467
9195,1711.9833210684653,1711.98332107,1711.9833210684653
9196,1217.83510034627,1217.83510035,1217.83510034627
9197,11033.579622682211,11033.5796227,11033.579622682211
9198,673.7652464949696,673.765246495,673.7652464949696
9199,2091.6078843926525,2091.60788439,2091.6078843926525
9200,2534.3380216894057,2534.33802169,2534.3380216894057
9201,6957.439016439726,6957.43901644,6957.439016439726
9202,5884.326095474458,5884.32609547,5884.326095474458
9203,3954.631109225468,3954.63110923,3954.631109225468
9204,680.8629700599215,680.86297006,680.8629700599215
9205,2835.0951877951516,2835.0951878,2835.0951877951516
9206,5269.11439244417,5269.11439244,5269.11439244417
9207,2465.618108625727,2465.61810863,2465.618108625727
9208,1690.4096436021512,1690.4096436,1690.4096436021512
9209,9562.60709982227,9562.60709982,9562.60709982227
9210,2008.141411871142,2008.14141187,2008.141411871142
9211,1269.6841273922296,1269.68412739,1269.6841273922296
9212,3712.9776003705438,3712.97760037,3712.9776003705438
9213,3001.2099879818998,3001.20998798,3001.2099879818998
9214,4312.514261646863,4312.51426165,4312.514261646863
9215,4617.5807167888715,4617.58071679,4617.5807167888715
9216,5588.74452328593,5588.74452329,5588.74452328593
9217,1564.0057468226187,1564.00574682,1564.0057468226187
9218,322.28040943165183,322.280409432,322.28040943165183
9219,6402.1166846106025,6402.11668461,6402.1166846106025
9220,512.436779296568,512.436779297,512.436779296568
9221,890.7846013932342,890.784601393,890.7846013932342
9222,369.66337762513393,369.663377625,369.66337762513393
9223,6553.028705143475,6553.02870514,6553.028705143475
9224,8912.658069304118,8912.6580693,8912.658069304118
9225,353.9866542849951,353.986654285,353.9866542849951
9226,18288.392640817045,18288.3926408,18288.392640817045
9227,1595.016691157582,1595.01669116,1595.016691157582
9228,4868.8755764835305,4868.87557648,4868.8755764835305
9229,9443.667602409185,9443.66760241,9443.667602409185
9230,1507.5669937046564,1507.5669937,1507.5669937046564
9231,929.116731152696,929.116731153,929.116731152696
9232,1676.1850954074805,1676.18509541,1676.1850954074805
9233,109.15819224444752,109.158192244,109.15819224444752
9234,1585.3158781232712,1585.31587812,1585.3158781232712
9235,2607.075808551883,2607.07580855,2607.075808551883
9236,3508.940934258543,3508.94093426,3508.940934258543
9237,9383.940901066624,9383.94090107,9383.940901066624
9238,9679.99984686833,9679.99984687,9679.99984686833
9239,262.56965198342607,262.569651983,262.56965198342607
9240,1250.76596582317,1250.76596582,1250.76596582317
9241,2253.121158378493,2253.12115838,2253.121158378493
9242,267.65621271544956,267.656212715,267.65621271544956
9243,10851.986433094884,10851.9864331,10851.986433094884
9244,7908.485745572361,7908.48574557,7908.485745572361
9245,4427.438336840613,4427.43833684,4427.438336840613
9246,606.1142356901994,606.11423569,606.1142356901994
9247,1376.627048206449,1376.62704821,1376.627048206449
9248,1072.0505156350061,1072.05051564,1072.0505156350061
9249,2361.787728448195,2361.78772845,2361.787728448195
9250,12239.005492939825,12239.0054929,12239.005492939825
9251,140.74669636182733,140.746696362,140.74669636182733
9252,7078.409801124745,7078.40980112,7078.409801124745
9253,3153.0711496798094,3153.07114968,3153.0711496798094
9254,5934.78078690896,5934.78078691,5934.78078690896
9255,6832.366736829914,6832.36673683,6832.366736829914
9256,325.6704486347075,325.670448635,325.6704486347075
9257,1230.2665660142623,1230.26656601,1230.2665660142623
9258,3430.4388676235094,3430.43886762,3430.4388676235094
9259,5753.44280544369,5753.44280544,5753.44280544369
9260,5892.179547128294,5892.17954713,5892.179547128294
9261,1666.0124005301573,1666.01240053,1666.0124005301573
9262,1523.9947595825479,1523.99475958,1523.9947595825479
9263,1677.7191798617869,1677.71917986,1677.7191798617869
9264,3367.829111554622,3367.82911155,3367.829111554622
9265,2002.3017668509049,2002.30176685,2002.3017668509049
9266,8972.766685071765,8972.76668507,8972.766685071765
9267,341.73559108106156,341.735591081,341.73559108106156
9268,3665.0395126241824,3665.03951262,3665.0395126241824
9269,267.9423452338969,267.942345234,267.9423452338969
9270,2760.2627085763997,2760.26270858,2760.2627085763997
9271,3366.543631854422,3366.54363185,3366.543631854422
9272,1649.237881014738,1649.23788101,1649.237881014738
9273,686.3419393171607,686.341939317,686.3419393171607
9274,1588.6368955496985,1588.63689555,1588.6368955496985
9275,4371.7171558765585,4371.71715588,4371.7171558765585
9276,2265.304964012249,2265.30496401,2265.304964012249
9277,1122.4146010409806,1122.41460104,1122.4146010409806
9278,1800.765950618045,1800.76595062,1800.765950618045
9279,4982.384258732634,4982.38425873,4982.384258732634
9280,2940.031589952832,2940.03158995,2940.031589952832
9281,724.8971967513237,724.897196751,724.8971967513237
9282,450.93511841507313,450.935118415,450.93511841507313
9283,8419.033367157232,8419.03336716,8419.033367157232
9284,402.66595953764755,402.665959538,402.66595953764755
9285,1194.7949683154181,1194.79496832,1194.7949683154181
9286,4361.646732186377,4361.64673219,4361.646732186377
9287,3038.0360452172945,3038.03604522,3038.0360452172945
9288,600.1052761236099,600.105276124,600.1052761236099
9289,634.0920689221175,634.092068922,634.0920689221175
9290,2100.4667778912776,2100.46677789,2100.4667778912776
9291,353.96586111995396,353.96586112,353.96586111995396
9292,1290.1888751626013,1290.18887516,1290.1888751626013
9293,2301.378958783498,2301.37895878,2301.378958783498
9294,2342.585067125214,2342.58506713,2342.585067125214
9295,1436.1132563987678,1436.1132564,1436.1132563987678
9296,724.9958812257053,724.995881226,724.9958812257053
9297,4222.363602300446,4222.3636023,4222.363602300446
9298,7349.833792202648,7349.8337922,7349.833792202648
9299,3504.567732235677,3504.56773224,3504.567732235677
9300,988.9800749180928,988.980074918,988.9800749180928
9301,762.375753223133,762.375753223,762.375753223133
9302,3192.518780815707,3192.51878082,3192.518780815707
9303,3435.988152849437,3435.98815285,3435.988152849437
9304,1645.361669481621,1645.36166948,1645.361669481621
9305,384.2796644302309,384.27966443,384.2796644302309
9306,9275.816639521361,9275.81663952,9275.816639521361
9307,2226.115457250556,2226.11545725,2226.115457250556
9308,3746.19557565137,3746.19557565,3746.19557565137
9309,5427.23043390339,5427.2304339,5427.23043390339
9310,10763.050054632078,10763.0500546,10763.050054632078
9311,1597.1426852249404,1597.14268522,1597.1426852249404
9312,1425.4586088886251,1425.45860889,1425.4586088886251
9313,4791.702534790574,4791.70253479,4791.702534790574
9314,1182.5795433343358,1182.57954333,1182.5795433343358
9315,1451.9665667272395,1451.96656673,1451.9665667272395
9316,1148.3081981550026,1148.30819816,1148.3081981550026
9317,841.2834158827789,841.283415883,841.2834158827789
9318,615.5344452627407,615.534445263,615.5344452627407
9319,2900.5252333217013,2900.52523332,2900.5252333217013
9320,1481.4421228616866,1481.44212286,1481.4421228616866
9321,553.9054999359755,553.905499936,553.9054999359755
9322,4893.4303412694735,4893.43034127,4893.4303412694735
9323,2192.102053742915,2192.10205374,2192.102053742915
9324,145.2302931400708,145.23029314,145.2302931400708
9325,6963.5826662700265,6963.58266627,6963.5826662700265
9326,4943.222206398032,4943.2222064,4943.222206398032
9327,282.3497120495188,282.34971205,282.3497120495188
9328,3669.1046404028466,3669.1046404,3669.1046404028466
9329,10860.107040241892,10860.1070402,10860.107040241892
9330,8608.010150957414,8608.01015096,8608.010150957414
9331,437.69742126154824,437.697421262,437.69742126154824
9332,1473.1280142751466,1473.12801428,1473.1280142751466
9333,1190.8373193793354,1190.83731938,1190.8373193793354
9334,7221.283127372688,7221.28312737,7221.283127372688
9335,4931.999682924129,4931.99968292,4931.999682924129
9336,8060.119639791427,8060.11963979,8060.119639791427
9337,583.1296027825235,583.129602783,583.1296027825235
9338,1377.8210990243178,1377.82109902,1377.8210990243178
9339,19305.01537342152,19305.0153734,19305.01537342152
9340,3136.8678785400066,3136.86787854,3136.8678785400066
9341,7794.023804743539,7794.02380474,7794.023804743539
9342,938.1238960384792,938.123896038,938.1238960384792
9343,6605.113870215814,6605.11387022,6605.113870215814
9344,6354.964619548517,6354.96461955,6354.964619548517
9345,5341.26466820848,5341.26466821,5341.26466820848
9346,1477.3215551807489,1477.32155518,1477.3215551807489
9347,3185.5748507687376,3185.57485077,3185.5748507687376
9348,1113.2606067737438,1113.26060677,1113.2606067737438
9349,155.88570417246973,155.885704172,155.88570417246973
9350,1265.0227577716043,1265.02275777,1265.0227577716043
9351,1719.8491014714164,1719.84910147,1719.8491014714164
9352,2134.240133013516,2134.24013301,2134.240133013516
9353,12381.674238190935,12381.6742382,12381.674238190935
9354,2369.3974984933047,2369.39749849,2369.3974984933047
9355,4613.246911123899,4613.24691112,4613.246911123899
9356,2142.2337892439296,2142.23378924,2142.2337892439296
9357,4128.82531739754,4128.8253174,4128.82531739754
9358,930.9476772893964,930.947677289,930.9476772893964
9359,1091.5374759110994,1091.53747591,1091.5374759110994
9360,1225.047612718655,1225.04761272,1225.047612718655
9361,4133.1443438535125,4133.14434385,4133.1443438535125
9362,633.2298751452871,633.229875145,633.2298751452871
9363,836.5825832310368,836.582583231,836.5825832310368
9364,7526.463849874663,7526.46384987,7526.463849874663
9365,6886.390093783597,6886.39009378,6886.390093783597
9366,1010.3626237836402,1010.36262378,1010.3626237836402
9367,6134.942165467613,6134.94216547,6134.942165467613
9368,716.2566945310864,716.256694531,716.2566945310864
9369,2508.434651331448,2508.43465133,2508.434651331448
9370,255.7735807632025,255.773580763,255.7735807632025
9371,1062.6541550655124,1062.65415507,1062.6541550655124
9372,7417.190038550222,7417.19003855,7417.190038550222
9373,7796.472807501002,7796.4728075,7796.472807501002
9374,2922.176653473877,2922.17665347,2922.176653473877
9375,12929.568633229943,12929.5686332,12929.568633229943
9376,2127.4746199468677,2127.47461995,2127.4746199468677
9377,9196.25159769249,9196.25159769,9196.25159769249
9378,2332.6788000864713,2332.67880009,2332.6788000864713
9379,6253.392677780049,6253.39267778,6253.392677780049
9380,5021.396056527624,5021.39605653,5021.396056527624
9381,12031.446617723988,12031.4466177,12031.446617723988
9382,2160.1108065148333,2160.11080651,2160.1108065148333
9383,5103.054839857385,5103.05483986,5103.054839857385
9384,736.2039252351601,736.203925235,736.2039252351601
9385,314.3552967318272,314.355296732,314.3552967318272
9386,391.0717870708127,391.071787071,391.0717870708127
9387,4330.76050422765,4330.76050423,4330.76050422765
9388,647.1077705329087,647.107770533,647.1077705329087
9389,340.7954443211049,340.795444321,340.7954443211049
9390,5421.878699346014,5421.87869935,5421.878699346014
9391,91.37515419508114,91.3751541951,91.37515419508114
9392,5219.453298977299,5219.45329898,5219.453298977299
9393,581.1724243743575,581.172424374,581.1724243743575
9394,1646.9032300307335,1646.90323003,1646.9032300307335
9395,1026.3307389502047,1026.33073895,1026.3307389502047
9396,677.217334058286,677.217334058,677.217334058286
9397,27.721207029320468,27.7212070293,27.721207029320468
9398,2202.253207961962,2202.25320796,2202.253207961962
9399,2334.66419798692,2334.66419799,2334.66419798692
9400,2189.796983414052,2189.79698341,2189.796983414052
9401,322.011670950208,322.01167095,322.011670950208
9402,313.98798126451663,313.987981265,313.98798126451663
9403,373.30382826052175,373.303828261,373.30382826052175
9404,366.5720946399019,366.57209464,366.5720946399019
9405,2358.0211121434722,2358.02111214,2358.0211121434722
9406,2029.742005854769,2029.74200585,2029.742005854769
9407,872.6231852481981,872.623185248,872.6231852481981
9408,164.09564134847994,164.095641348,164.09564134847994
9409,14701.785903721153,14701.7859037,14701.785903721153
9410,3089.8834021717475,3089.88340217,3089.8834021717475
9411,277.68686934100896,277.686869341,277.68686934100896
9412,365.2954224626233,365.295422463,365.2954224626233
9413,24394.72336180103,24394.7233618,24394.72336180103
9414,4023.508141436124,4023.50814144,4023.508141436124
9415,9664.960485114629,9664.96048511,9664.960485114629
9416,1258.8813809413257,1258.88138094,1258.8813809413257
9417,865.9152540923852,865.915254092,865.9152540923852
9418,4773.203283151976,4773.20328315,4773.203283151976
9419,2524.1212284356884,2524.12122844,2524.1212284356884
9420,1332.2633688428539,1332.26336884,1332.2633688428539
9421,1535.777449342366,1535.77744934,1535.777449342366
9422,4424.908880863761,4424.90888086,4424.908880863761
9423,239.63978382128502,239.639783821,239.63978382128502
9424,1226.9826994408018,1226.98269944,1226.9826994408018
9425,1374.461333893969,1374.46133389,1374.461333893969
9426,1307.1269465158978,1307.12694652,1307.1269465158978
9427,490.78222669215427,490.782226692,490.78222669215427
9428,1802.7189482436052,1802.71894824,1802.7189482436052
9429,6265.2080439247275,6265.20804392,6265.2080439247275
9430,1752.2746840524298,1752.27468405,1752.2746840524298
9431,954.0894808868252,954.089480887,954.0894808868252
9432,216.38428928783011,216.384289288,216.38428928783011
9433,109.88205426409293,109.882054264,109.88205426409293
9434,3710.766779483384,3710.76677948,3710.766779483384
9435,358.0182164540637,358.018216454,358.0182164540637
9436,2904.226535967955,2904.22653597,2904.226535967955
9437,2600.0163040231273,2600.01630402,2600.0163040231273
9438,4357.166575194098,4357.16657519,4357.166575194098
9439,12454.782382528187,12454.7823825,12454.782382528187
9440,1236.3311130660015,1236.33111307,1236.3311130660015
9441,2495.7486736661776,2495.74867367,2495.7486736661776
9442,5981.379993480206,5981.37999348,5981.379993480206
9443,7658.0548810829,7658.05488108,7658.0548810829
9444,2791.058163633634,2791.05816363,2791.058163633634
9445,612.1044285304964,612.10442853,612.1044285304964
9446,2843.3043385548535,2843.30433855,2843.3043385548535
9447,5520.116147122095,5520.11614712,5520.116147122095
9448,3576.973701726447,3576.97370173,3576.973701726447
9449,2918.716427956788,2918.71642796,2918.716427956788
9450,583.69505441409,583.695054414,583.69505441409
9451,325.14723189218415,325.147231892,325.14723189218415
9452,3661.792133039547,3661.79213304,3661.792133039547
9454,659.3383919873334,659.338391987,659.3383919873334
9455,3694.6842872044213,3694.6842872,3694.6842872044213
9456,4746.407661226205,4746.40766123,4746.407661226205
9457,950.6026077891238,950.602607789,950.6026077891238
9458,1488.0697997035131,1488.0697997,1488.0697997035131
9459,8232.160801999415,8232.160802,8232.160801999415
9460,4680.519836342616,4680.51983634,4680.519836342616
9461,60.76864348221977,60.7686434822,60.76864348221977
9462,3540.829316411054,3540.82931641,3540.829316411054
9463,3715.262995645608,3715.26299565,3715.262995645608
9464,210.56134159609002,210.561341596,210.56134159609002
9465,740.6034982286396,740.603498229,740.6034982286396
9466,8406.951752709236,8406.95175271,8406.951752709236
9467,1835.742674092026,1835.74267409,1835.742674092026
9468,1270.8909608524195,1270.89096085,1270.8909608524195
9469,5055.322658434355,5055.32265843,5055.322658434355
9470,7396.555018298049,7396.5550183,7396.555018298049
9471,713.2927061680916,713.292706168,713.2927061680916
9472,853.1456155515879,853.145615552,853.1456155515879
9473,1303.5647373562,1303.56473736,1303.5647373562
9474,3989.7188201212207,3989.71882012,3989.7188201212207
9475,176.61100501193738,176.611005012,176.61100501193738
9476,443.4200909732226,443.420090973,443.4200909732226
9477,2668.5340512198154,2668.53405122,2668.5340512198154
9478,5624.68378443732,5624.68378444,5624.68378443732
9479,3068.488653192751,3068.48865319,3068.488653192751
9480,2439.150900563529,2439.15090056,2439.150900563529
9481,343.0658170785766,343.065817079,343.0658170785766
9482,2866.394952168554,2866.39495217,2866.394952168554
9483,8628.841560631183,8628.84156063,8628.841560631183
9484,190.91857027028306,190.91857027,190.91857027028306
9485,1087.635291441959,1087.63529144,1087.635291441959
9486,6141.123862488655,6141.12386249,6141.123862488655
9487,484.01765886899847,484.017658869,484.01765886899847
9488,486.8158251930986,486.815825193,486.8158251930986
9489,4243.119350331711,4243.11935033,4243.119350331711
9490,2614.051370449672,2614.05137045,2614.051370449672
9491,272.95772114239287,272.957721142,272.95772114239287
9492,517.7127983460078,517.712798346,517.7127983460078
9493,1468.3769711340024,1468.37697113,1468.3769711340024
9494,4049.359835486137,4049.35983549,4049.359835486137
9495,1469.2234486288457,1469.22344863,1469.2234486288457
9496,1246.1615495072847,1246.16154951,1246.1615495072847
9497,1768.5877928410653,1768.58779284,1768.5877928410653
9498,7274.617594534395,7274.61759453,7274.617594534395
9499,3845.6292492358725,3845.62924924,3845.6292492358725
9500,1719.1684301385965,1719.16843014,1719.1684301385965
9501,3923.554555672574,3923.55455567,3923.554555672574
9502,489.1709279498834,489.17092795,489.1709279498834
9503,645.8166193358771,645.816619336,645.8166193358771
9504,6351.717949358026,6351.71794936,6351.717949358026
9505,3571.2355052460443,3571.23550525,3571.2355052460443
9506,2604.7577655497257,2604.75776555,2604.7577655497257
9507,616.4321156066553,616.432115607,616.4321156066553
9508,464.7013052543909,464.701305254,464.7013052543909
9509,8349.582169675317,8349.58216968,8349.582169675317
9510,2412.736914431771,2412.73691443,2412.736914431771
9511,2976.147393025632,2976.14739303,2976.147393025632
9512,11548.117487946161,11548.1174879,11548.117487946161
9513,1786.9145434085115,1786.91454341,1786.9145434085115
9514,3144.4947113103717,3144.49471131,3144.4947113103717
9515,3857.842449142635,3857.84244914,3857.842449142635
9516,22712.876078053876,22712.8760781,22712.876078053876
9517,4125.4903838518185,4125.49038385,4125.4903838518185
9518,763.1562326936228,763.156232694,763.1562326936228
9519,2191.9206495092003,2191.92064951,2191.9206495092003
9520,2524.122843211679,2524.12284321,2524.122843211679
9521,160.45868240095902,160.458682401,160.45868240095902
9522,708.8654055692137,708.865405569,708.8654055692137
9523,1960.6623335858221,1960.66233359,1960.6623335858221
9524,208.07702283596242,208.077022836,208.07702283596242
9525,1266.8542835458502,1266.85428355,1266.8542835458502
9526,8427.579374070037,8427.57937407,8427.579374070037
9527,3577.306413189571,3577.30641319,3577.306413189571
9528,9040.656963320185,9040.65696332,9040.656963320185
9529,1468.73328901998,1468.73328902,1468.73328901998
9530,1229.453941328209,1229.45394133,1229.453941328209
9531,8529.439476614474,8529.43947661,8529.439476614474
9532,4875.066430085186,4875.06643009,4875.066430085186
9533,5591.868849170755,5591.86884917,5591.868849170755
9534,52201.130945806544,52201.1309458,52201.130945806544
9535,1621.8303674352392,1621.83036744,1621.8303674352392
9536,1438.192361861445,1438.19236186,1438.192361861445
9537,4773.534128888707,4773.53412889,4773.534128888707
9538,858.7889161906903,858.788916191,858.7889161906903
9539,961.125521869455,961.125521869,961.125521869455
9540,2002.968403880484,2002.96840388,2002.968403880484
9541,1205.3124875783597,1205.31248758,1205.3124875783597
9542,691.0418059601463,691.04180596,691.0418059601463
9543,4368.481477042087,4368.48147704,4368.481477042087
9544,623.7353713408351,623.735371341,623.7353713408351
9545,1381.2682167166472,1381.26821672,1381.2682167166472
9546,2065.776424295933,2065.7764243,2065.776424295933
9547,494.208058734136,494.208058734,494.208058734136
9548,1122.8486074340651,1122.84860743,1122.8486074340651
9549,837.7580036840291,837.758003684,837.7580036840291
9550,3299.0465381718705,3299.04653817,3299.0465381718705
9551,329.72737584233965,329.727375842,329.72737584233965
9552,7023.580635440448,7023.58063544,7023.580635440448
9553,2483.657543009983,2483.65754301,2483.657543009983
9554,11669.372658504863,11669.3726585,11669.372658504863
9555,4341.484968794727,4341.48496879,4341.484968794727
9556,4823.502793798518,4823.5027938,4823.502793798518
9557,4034.6271410799022,4034.62714108,4034.6271410799022
9558,3673.5309923123773,3673.53099231,3673.5309923123773
9559,890.3861629491435,890.386162949,890.3861629491435
9560,1991.7880403958368,1991.7880404,1991.7880403958368
9561,2599.5126947646013,2599.51269476,2599.5126947646013
9562,21456.140521596153,21456.1405216,21456.140521596153
9563,4286.890831690563,4286.89083169,4286.890831690563
9564,2637.2444916867,2637.24449169,2637.2444916867
9565,832.6422508365613,832.642250837,832.6422508365613
9566,393.87835664747115,393.878356647,393.87835664747115
9567,4086.361165325541,4086.36116533,4086.361165325541
9568,3763.4924361699373,3763.49243617,3763.4924361699373
9569,7776.508528318569,7776.50852832,7776.508528318569
9570,11135.585718941375,11135.5857189,11135.585718941375
9571,129.49455626492016,129.494556265,129.49455626492016
9572,3818.156880736404,3818.15688074,3818.156880736404
9573,1971.2836047679239,1971.28360477,1971.2836047679239
9574,2158.5431431064194,2158.54314311,2158.5431431064194
9575,1781.9205570856263,1781.92055709,1781.9205570856263
9576,4038.522043528347,4038.52204353,4038.522043528347
9577,12238.600734904094,12238.6007349,12238.600734904094
9578,1753.5956469242342,1753.59564692,1753.5956469242342
9579,2359.528485340504,2359.52848534,2359.528485340504
9580,1847.8427245984174,1847.8427246,1847.8427245984174
9581,1133.2949891298113,1133.29498913,1133.2949891298113
9582,2503.26321868783,2503.26321869,2503.26321868783
9583,444.12899147657345,444.128991477,444.12899147657345
9584,518.1543848831717,518.154384883,518.1543848831717
9585,3450.6055100254453,3450.60551003,3450.6055100254453
9586,2344.6871043946494,2344.68710439,2344.6871043946494
9587,340.1393377952559,340.139337795,340.1393377952559
9588,2690.7490661231045,2690.74906612,2690.7490661231045
9589,8129.875163988558,8129.87516399,8129.875163988558
9590,4752.577854328244,4752.57785433,4752.577854328244
9591,1712.4758991649828,1712.47589916,1712.4758991649828
9592,8.966178664460427,8.96617866446,8.966178664460427
9593,11744.103374493414,11744.1033745,11744.103374493414
9594,1763.5223069184865,1763.52230692,1763.5223069184865
9595,281.8759126975604,281.875912698,281.8759126975604
9596,1784.25813188286,1784.25813188,1784.25813188286
9597,9935.782353076776,9935.78235308,9935.782353076776
9598,2422.1078773145614,2422.10787731,2422.1078773145614
9599,1789.7848237725611,1789.78482377,1789.7848237725611
9600,5014.637134371919,5014.63713437,5014.637134371919
9601,3078.103428066309,3078.10342807,3078.103428066309
9602,1555.3625322060088,1555.36253221,1555.3625322060088
9603,1153.7091648197954,1153.70916482,1153.7091648197954
9604,1675.8372368076002,1675.83723681,1675.8372368076002
9605,4343.727390163329,4343.72739016,4343.727390163329
9606,4987.284657518752,4987.28465752,4987.284657518752
9607,1779.5482784616008,1779.54827846,1779.5482784616008
9608,5412.286206080863,5412.28620608,5412.286206080863
9609,4133.509422583823,4133.50942258,4133.509422583823
9610,1015.8783623585085,1015.87836236,1015.8783623585085
9611,6202.909655735027,6202.90965574,6202.909655735027
9612,2341.3042469617526,2341.30424696,2341.3042469617526
9613,373.5418857179126,373.541885718,373.5418857179126
9614,3074.090616057536,3074.09061606,3074.090616057536
9615,3692.298066839696,3692.29806684,3692.298066839696
9616,5301.4946430328955,5301.49464303,5301.4946430328955
9617,6744.802674034831,6744.80267403,6744.802674034831
9618,7414.303751344671,7414.30375134,7414.303751344671
9619,234.47338680268362,234.473386803,234.47338680268362
9620,2100.9569792358534,2100.95697924,2100.9569792358534
9621,699.3143313245645,699.314331325,699.3143313245645
9622,4437.090411818971,4437.09041182,4437.090411818971
9623,4719.069617464688,4719.06961746,4719.069617464688
9624,3531.929453283105,3531.92945328,3531.929453283105
9625,1031.7476332412418,1031.74763324,1031.7476332412418
9626,1176.5341246125486,1176.53412461,1176.5341246125486
9627,309.946789997952,309.946789998,309.946789997952
9628,5486.235775772644,5486.23577577,5486.235775772644
9629,8261.194342031815,8261.19434203,8261.194342031815
9630,4975.9754508145425,4975.97545081,4975.9754508145425
9631,1078.3803810195254,1078.38038102,1078.3803810195254
9632,893.328916016542,893.328916017,893.328916016542
9633,3852.2012427810714,3852.20124278,3852.2012427810714
9634,450.6831750977377,450.683175098,450.6831750977377
9635,3815.046043942152,3815.04604394,3815.046043942152
9636,113.60502392100071,113.605023921,113.60502392100071
9637,2940.609388745539,2940.60938875,2940.609388745539
9638,1336.3434775465537,1336.34347755,1336.3434775465537
9639,1217.9554270678098,1217.95542707,1217.9554270678098
9640,2607.7076606599635,2607.70766066,2607.7076606599635
9641,2812.6526255655276,2812.65262557,2812.6526255655276
9642,8888.124277474342,8888.12427747,8888.124277474344
9643,817.6773948364589,817.677394836,817.6773948364589
9644,10542.102100546606,10542.1021005,10542.102100546606
9645,2548.976634329909,2548.97663433,2548.976634329909
9646,2776.8338948985697,2776.8338949,2776.8338948985697
9647,2452.6711715541496,2452.67117155,2452.6711715541496
9648,7286.973737380664,7286.97373738,7286.973737380664
9649,1599.727464746364,1599.72746475,1599.727464746364
9650,85.80092317123393,85.8009231712,85.80092317123393
9651,1440.9692808949521,1440.96928089,1440.9692808949521
9652,1356.1070658831297,1356.10706588,1356.1070658831297
9653,7167.610683737421,7167.61068374,7167.610683737421
9654,8515.060076982683,8515.06007698,8515.060076982683
9655,453.383798527626,453.383798528,453.383798527626
9656,404.3203980846825,404.320398085,404.3203980846825
9657,5385.703643376608,5385.70364338,5385.703643376608
9658,542.3866337416023,542.386633742,542.3866337416023
9659,9611.773432334467,9611.77343233,9611.773432334467
9660,3469.4918233805306,3469.49182338,3469.4918233805306
9661,1103.447829577663,1103.44782958,1103.447829577663
9662,2640.205606035442,2640.20560604,2640.205606035442
9663,3203.85723822623,3203.85723823,3203.85723822623
9664,3254.0680097510517,3254.06800975,3254.0680097510517
9665,398.2652191966471,398.265219197,398.2652191966471
9666,9100.399192482506,9100.39919248,9100.399192482506
9667,6401.443225433191,6401.44322543,6401.443225433191
9668,4763.94068384093,4763.94068384,4763.94068384093
9669,501.07536101557355,501.075361016,501.07536101557355
9670,568.7022989751117,568.702298975,568.7022989751117
9671,847.4044129983888,847.404412998,847.4044129983888
9672,1595.1074729220118,1595.10747292,1595.1074729220118
9673,1312.1712740879127,1312.17127409,1312.1712740879127
9674,2582.954194558495,2582.95419456,2582.954194558495
9675,4033.5186769214133,4033.51867692,4033.5186769214133
9676,839.9995049126765,839.999504913,839.9995049126765
9677,160.51862916367264,160.518629164,160.51862916367264
9678,16965.182933604396,16965.1829336,16965.182933604396
9679,2164.712872258582,2164.71287226,2164.712872258582
9680,2610.163416020683,2610.16341602,2610.163416020683
9681,2400.9635204720275,2400.96352047,2400.9635204720275
9682,99.74202242592727,99.7420224259,99.74202242592727
9683,9655.724533473465,9655.72453347,9655.724533473465
9684,942.1144605092395,942.114460509,942.1144605092395
9685,743.4040717722095,743.404071772,743.4040717722095
9686,500.80528462449854,500.805284624,500.80528462449854
9687,337.93765378690756,337.937653787,337.93765378690756
9688,1811.839032641328,1811.83903264,1811.839032641328
9689,813.9706091614872,813.970609161,813.9706091614872
9690,5308.066965408765,5308.06696541,5308.066965408765
9691,1039.7740514566503,1039.77405146,1039.7740514566503
9692,12608.392451290798,12608.3924513,12608.392451290798
9693,877.8820426632802,877.882042663,877.8820426632802
9694,3391.5373294879096,3391.53732949,3391.5373294879096
9695,774.9549107006744,774.954910701,774.9549107006744
9696,3149.691396456179,3149.69139646,3149.691396456179
9697,5583.778711308641,5583.77871131,5583.778711308641
9698,548.0234254672856,548.023425467,548.0234254672856
9699,6526.377521465982,6526.37752147,6526.377521465982
9700,3449.3812384894773,3449.38123849,3449.3812384894773
9701,582.0684659517727,582.068465952,582.0684659517727
9702,476.64733440000145,476.6473344,476.64733440000145
9703,1296.4650168662733,1296.46501687,1296.4650168662733
9704,9555.349304425352,9555.34930443,9555.349304425352
9705,1246.9006349336892,1246.90063493,1246.9006349336892
9706,4307.101432592345,4307.10143259,4307.101432592345
9707,11339.785965126352,11339.7859651,11339.785965126352
9708,10714.124093359553,10714.1240934,10714.124093359553
9709,1388.55959677919,1388.55959678,1388.55959677919
9710,2434.453944746416,2434.45394475,2434.453944746416
9711,459.1299724288224,459.129972429,459.1299724288224
9712,1509.0038110899354,1509.00381109,1509.0038110899354
9713,1231.8355477188472,1231.83554772,1231.8355477188472
9714,1035.2261221306928,1035.22612213,1035.2261221306928
9715,11664.42219786536,11664.4221979,11664.42219786536
9716,2353.394697109602,2353.39469711,2353.394697109602
9717,767.0495489856719,767.049548986,767.0495489856719
9718,2672.4915894684646,2672.49158947,2672.4915894684646
9719,169.58024086593082,169.580240866,169.58024086593082
9720,2801.957337091427,2801.95733709,2801.957337091427
9721,970.2926158593683,970.292615859,970.2926158593683
9722,4317.491276910628,4317.49127691,4317.491276910628
9723,4009.301814850266,4009.30181485,4009.301814850266
9724,579.3457602625468,579.345760263,579.3457602625468
9725,3615.7600730177232,3615.76007302,3615.7600730177232
9726,1035.9978077031979,1035.9978077,1035.9978077031979
9727,1543.4613481054093,1543.46134811,1543.4613481054093
9728,521.7416942039097,521.741694204,521.7416942039097
9729,843.4568395224084,843.456839522,843.4568395224084
9730,519.3281512261411,519.328151226,519.3281512261411
9731,12275.277791843466,12275.2777918,12275.277791843466
9732,4385.829978233418,4385.82997823,4385.829978233418
9733,968.046184398381,968.046184398,968.046184398381
9734,4309.935192714512,4309.93519271,4309.935192714512
9735,23020.213648606696,23020.2136486,23020.213648606696
9736,2444.294278670998,2444.29427867,2444.294278670998
9737,8421.00839947292,8421.00839947,8421.00839947292
9738,9292.833487171154,9292.83348717,9292.833487171154
9739,23224.71956739447,23224.7195674,23224.71956739447
9740,6906.730621764249,6906.73062176,6906.730621764249
9741,3128.9969069597537,3128.99690696,3128.9969069597537
9742,1152.4665211385418,1152.46652114,1152.4665211385418
9743,3292.6992928966965,3292.6992929,3292.6992928966965
9744,2498.3027398794834,2498.30273988,2498.3027398794834
9745,4783.374546754336,4783.37454675,4783.374546754336
9746,3617.8571532113924,3617.85715321,3617.8571532113924
9747,9550.349850531044,9550.34985053,9550.349850531044
9748,9672.241760028666,9672.24176003,9672.241760028666
9749,400.79987950396713,400.799879504,400.79987950396713
9750,4034.6150872363864,4034.61508724,4034.6150872363864
9751,3618.2467674172117,3618.24676742,3618.2467674172117
9752,6490.863987071367,6490.86398707,6490.863987071367
9753,1338.7451139515463,1338.74511395,1338.7451139515463
9754,808.8036224183157,808.803622418,808.8036224183157
9755,4322.124118316253,4322.12411832,4322.124118316253
9756,7914.430959762219,7914.43095976,7914.430959762219
9757,1544.7128660893536,1544.71286609,1544.7128660893536
9758,1256.4461515152059,1256.44615152,1256.4461515152059
9759,970.3018305070873,970.301830507,970.3018305070873
9760,1073.522217385335,1073.52221739,1073.522217385335
9761,112.47583456443078,112.475834564,112.47583456443078
9762,19090.602603359865,19090.6026034,19090.602603359865
9763,7276.228534642698,7276.22853464,7276.228534642698
9764,4536.173482213655,4536.17348221,4536.173482213655
9765,1153.275344871232,1153.27534487,1153.275344871232
9766,2004.952650375104,2004.95265038,2004.952650375104
9767,831.6025057793753,831.602505779,831.6025057793753
9768,1610.8803885106124,1610.88038851,1610.8803885106124
9769,732.9703908585839,732.970390859,732.9703908585839
9770,1321.9988152479668,1321.99881525,1321.9988152479668
9771,2927.56766350366,2927.5676635,2927.56766350366
9772,2215.1233462448854,2215.12334624,2215.1233462448854
9773,1159.5182257521358,1159.51822575,1159.5182257521358
9774,273.95103765850604,273.951037659,273.95103765850604
9775,994.1841693811125,994.184169381,994.1841693811125
9776,1055.2061031654969,1055.20610317,1055.2061031654969
9777,3358.8815558925976,3358.88155589,3358.8815558925976
9778,2084.6650136949156,2084.66501369,2084.6650136949156
9779,1632.0620538415683,1632.06205384,1632.0620538415683
9780,1365.9028500139084,1365.90285001,1365.9028500139084
9781,182.45892509037225,182.45892509,182.45892509037225
9782,6403.557443069399,6403.55744307,6403.557443069399
9783,33.9130533176834,33.9130533177,33.9130533176834
9784,2559.4286192833592,2559.42861928,2559.4286192833592
9785,5174.143254717301,5174.14325472,5174.143254717301
9786,1068.6973472447128,1068.69734724,1068.6973472447128
9787,1797.4747072401012,1797.47470724,1797.4747072401012
9788,297.7738277457654,297.773827746,297.7738277457654
9789,5768.315182695667,5768.3151827,5768.315182695667
9790,1530.0337574010146,1530.0337574,1530.0337574010146
9791,6548.621462865826,6548.62146287,6548.621462865826
9792,5884.489093060083,5884.48909306,5884.489093060083
9793,493.3902794432154,493.390279443,493.3902794432154
9794,1666.673087867369,1666.67308787,1666.673087867369
9795,3606.128579887183,3606.12857989,3606.128579887183
9796,7505.951707404347,7505.9517074,7505.951707404347
9797,3212.075553451609,3212.07555345,3212.075553451609
9798,5250.989552423803,5250.98955242,5250.989552423803
9799,4422.765162420184,4422.76516242,4422.765162420184
9800,937.8914714416459,937.891471442,937.8914714416459
9801,4740.474624204813,4740.4746242,4740.474624204813
9802,6259.080219075573,6259.08021908,6259.080219075573
9803,19394.2124354485,19394.2124354,19394.2124354485
9804,1945.948802945592,1945.94880295,1945.948802945592
9805,2363.9318005446266,2363.93180054,2363.9318005446266
9806,1819.0764464921253,1819.07644649,1819.0764464921253
9807,2514.593342780127,2514.59334278,2514.593342780127
9808,620.816602050673,620.816602051,620.816602050673
9809,1887.147827051802,1887.14782705,1887.147827051802
9810,1024.9949594802515,1024.99495948,1024.9949594802515
9811,2150.4523605640884,2150.45236056,2150.4523605640884
9812,3137.262515860679,3137.26251586,3137.262515860679
9813,934.6564889453355,934.656488945,934.6564889453355
9814,736.0155639500965,736.01556395,736.0155639500965
9815,1081.2037667947077,1081.20376679,1081.2037667947077
9816,2739.362472716641,2739.36247272,2739.362472716641
9817,5014.171747779842,5014.17174778,5014.171747779842
9818,1873.8430310338722,1873.84303103,1873.8430310338722
9819,762.6716647761788,762.671664776,762.6716647761788
9820,113.06624094178098,113.066240942,113.06624094178098
9821,4462.298854227621,4462.29885423,4462.298854227621
9822,13913.68552797843,13913.685528,13913.68552797843
9823,1211.6325097586184,1211.63250976,1211.6325097586184
9824,2772.8116355685506,2772.81163557,2772.8116355685506
9825,1909.5974536481037,1909.59745365,1909.5974536481037
9826,4646.33409264316,4646.33409264,4646.33409264316
9827,4065.0698682547277,4065.06986825,4065.0698682547277
9828,1536.6497196039165,1536.6497196,1536.6497196039165
9829,4495.570320671338,4495.57032067,4495.570320671338
9830,680.4439335884421,680.443933588,680.4439335884421
9831,9396.08971126108,9396.08971126,9396.08971126108
9832,503.0495202072094,503.049520207,503.0495202072094
9833,10910.520327129692,10910.5203271,10910.520327129692
9834,1756.0119904896878,1756.01199049,1756.0119904896878
9835,3490.4922769259197,3490.49227693,3490.4922769259197
9836,699.6127976698657,699.61279767,699.6127976698657
9837,2438.3550156272904,2438.35501563,2438.3550156272904
9838,198.09024454512428,198.090244545,198.09024454512428
9839,10505.619859282586,10505.6198593,10505.619859282586
9840,6348.802706864763,6348.80270686,6348.802706864763
9841,5428.251574231381,5428.25157423,5428.251574231381
9842,316.9135350926814,316.913535093,316.9135350926814
9843,900.2982715294133,900.298271529,900.2982715294133
9844,8631.175884066766,8631.17588407,8631.175884066766
9845,993.3484336922338,993.348433692,993.3484336922338
9846,10637.280465808923,10637.2804658,10637.280465808923
9847,3450.3688513351176,3450.36885134,3450.3688513351176
9848,2157.0718275393187,2157.07182754,2157.0718275393187
9849,1389.4154759168343,1389.41547592,1389.4154759168343
9850,157.84660739159642,157.846607392,157.84660739159642
9851,9156.21677183517,9156.21677184,9156.21677183517
9852,1119.526910032802,1119.52691003,1119.526910032802
9853,4279.192176672541,4279.19217667,4279.192176672541
9854,22487.296503111127,22487.2965031,22487.296503111127
9855,2475.625013886709,2475.62501389,2475.625013886709
9856,3866.35794864894,3866.35794865,3866.35794864894
9857,3709.4240426861156,3709.42404269,3709.4240426861156
9858,1347.7434116758823,1347.74341168,1347.7434116758823
9859,9517.271979220051,9517.27197922,9517.271979220051
9860,2057.259265050987,2057.25926505,2057.259265050987
9861,1863.7552455374534,1863.75524554,1863.7552455374534
9862,2119.9504473120996,2119.95044731,2119.9504473120996
9863,2724.836735618804,2724.83673562,2724.836735618804
9864,5024.7948048032795,5024.7948048,5024.7948048032795
9865,4614.795799971055,4614.79579997,4614.795799971055
9866,493.8817627223899,493.881762722,493.8817627223899
9867,1499.8419556886004,1499.84195569,1499.8419556886004
9868,1383.0960689304584,1383.09606893,1383.0960689304584
9869,3736.803025469693,3736.80302547,3736.803025469693
9870,2353.108152172045,2353.10815217,2353.108152172045
9871,217.6963406695427,217.69634067,217.6963406695427
9872,8670.628262879336,8670.62826288,8670.628262879336
9873,272.50334778907586,272.503347789,272.50334778907586
9874,2586.433452655302,2586.43345266,2586.433452655302
9875,1525.3010704846358,1525.30107048,1525.3010704846358
9876,705.842181248165,705.842181248,705.842181248165
9877,3008.6724209255485,3008.67242093,3008.6724209255485
9878,1000.5527871656316,1000.55278717,1000.5527871656316
9879,267.72943183341596,267.729431833,267.72943183341596
9880,3031.094674546315,3031.09467455,3031.094674546315
9881,969.2306718215467,969.230671822,969.2306718215467
9882,204.84234195219264,204.842341952,204.84234195219264
9883,6370.515464710725,6370.51546471,6370.515464710725
9884,4758.122474068602,4758.12247407,4758.122474068602
9885,791.7602249507069,791.760224951,791.7602249507069
9886,570.1147168393585,570.114716839,570.1147168393585
9887,4240.825719514761,4240.82571951,4240.825719514761
9888,359.5311380747143,359.531138075,359.5311380747143
9889,11827.313945288248,11827.3139453,11827.313945288248
9890,6018.003701291735,6018.00370129,6018.003701291735
9891,3888.313818366676,3888.31381837,3888.313818366676
9892,1943.8938646843644,1943.89386468,1943.8938646843644
9893,2562.2777393473893,2562.27773935,2562.2777393473893
9894,1203.9460901136467,1203.94609011,1203.9460901136467
9895,5801.2017818324,5801.20178183,5801.2017818324
9896,3441.6807685762315,3441.68076858,3441.6807685762315
9897,5566.939158561422,5566.93915856,5566.939158561422
9898,441.04295577863894,441.042955779,441.04295577863894
9899,1733.7037211155448,1733.70372112,1733.7037211155448
9900,380.750923763332,380.750923763,380.750923763332
9901,1528.2651208316188,1528.26512083,1528.2651208316188
9902,1137.6816152522322,1137.68161525,1137.6816152522322
9903,1240.3127662297607,1240.31276623,1240.3127662297607
9904,7819.607068805855,7819.60706881,7819.607068805855
9905,9962.137475885871,9962.13747589,9962.137475885871
9906,1333.4663553705489,1333.46635537,1333.4663553705489
9907,1755.070269646014,1755.07026965,1755.070269646014
9908,4431.319495766116,4431.31949577,4431.319495766116
9909,2953.060124784202,2953.06012478,2953.060124784202
9910,522.6500775014326,522.650077501,522.6500775014326
9911,1077.4187910535516,1077.41879105,1077.4187910535516
9912,525.5671694340061,525.567169434,525.5671694340061
9913,18395.84396266193,18395.8439627,18395.84396266193
9914,1138.0582791409402,1138.05827914,1138.0582791409402
9915,745.630011328233,745.630011328,745.630011328233
9916,3333.9973485344126,3333.99734853,3333.9973485344126
9917,1214.9196119771268,1214.91961198,1214.9196119771268
9918,2895.491970823368,2895.49197082,2895.491970823368
9919,3944.9901757644257,3944.99017576,3944.9901757644257
9920,397.05876807489955,397.058768075,397.05876807489955
9921,735.7039073296796,735.70390733,735.7039073296796
9922,861.275861561825,861.275861562,861.275861561825
9923,2772.542225649718,2772.54222565,2772.542225649718
9924,9492.562498933057,9492.56249893,9492.562498933057
9925,9173.654672361727,9173.65467236,9173.654672361727
9926,11356.238757792238,11356.2387578,11356.238757792238
9927,9788.392539835548,9788.39253984,9788.392539835548
9928,5791.629425449697,5791.62942545,5791.629425449697
9929,11196.172958945066,11196.1729589,11196.172958945066
9930,6224.81666829656,6224.8166683,6224.81666829656
9931,5715.064940948995,5715.06494095,5715.064940948995
9932,310.35130362612875,310.351303626,310.35130362612875
9933,2245.003620529835,2245.00362053,2245.003620529835
9934,1351.337838050862,1351.33783805,1351.337838050862
9935,2844.50990040034,2844.5099004,2844.50990040034
9936,2075.2066650437887,2075.20666504,2075.2066650437887
9937,2009.9461748454055,2009.94617485,2009.9461748454055
9938,156.91315221141562,156.913152211,156.91315221141562
9939,1130.4629810030112,1130.462981,1130.4629810030112
9940,1566.3193846331976,1566.31938463,1566.3193846331976
9941,4861.887375081821,4861.88737508,4861.887375081821
9942,1459.3887182414019,1459.38871824,1459.3887182414019
9943,11737.540592538428,11737.5405925,11737.540592538428
9944,12915.33898430508,12915.3389843,12915.33898430508
9945,5763.084590495018,5763.0845905,5763.084590495018
9946,8421.419630351591,8421.41963035,8421.419630351591
9947,1484.5771425436435,1484.57714254,1484.5771425436435
9948,7466.273871856379,7466.27387186,7466.273871856379
9949,906.8627365554863,906.862736555,906.8627365554863
9950,8868.861389274689,8868.86138927,8868.861389274689
9951,1824.7854372743589,1824.78543727,1824.7854372743589
9952,13635.463103031483,13635.463103,13635.463103031483
9953,9380.564577446943,9380.56457745,9380.564577446943
9954,1244.8158143348624,1244.81581433,1244.8158143348624
9955,2021.9036783374988,2021.90367834,2021.9036783374988
9956,319.7740906059188,319.774090606,319.7740906059188
9957,6061.959940436689,6061.95994044,6061.959940436689
9958,2186.0005972274653,2186.00059723,2186.0005972274653
9959,2444.016669371911,2444.01666937,2444.016669371911
9960,1467.7037039439754,1467.70370394,1467.7037039439754
9961,1929.3643160386227,1929.36431604,1929.3643160386227
9962,281.64910098933285,281.649100989,281.64910098933285
9963,318.6985161925446,318.698516193,318.6985161925446
9964,728.9150571068948,728.915057107,728.9150571068948
9965,5563.8272833809,5563.82728338,5563.8272833809
9966,987.6744099351406,987.674409935,987.6744099351406
9967,4407.071857527559,4407.07185753,4407.071857527559
9968,16207.34705800006,16207.347058,16207.34705800006
9969,9231.542080107387,9231.54208011,9231.542080107387
9970,1152.6124936080257,1152.61249361,1152.6124936080257
9971,5337.342398172608,5337.34239817,5337.342398172608
9972,158.4024789798462,158.40247898,158.4024789798462
9973,9960.359305469237,9960.35930547,9960.359305469237
9974,2475.418011443245,2475.41801144,2475.418011443245
9975,4613.8147483728935,4613.81474837,4613.8147483728935
9976,3138.4765613084573,3138.47656131,3138.4765613084573
9977,7217.361349542977,7217.36134954,7217.361349542977
9978,1824.51561533328,1824.51561533,1824.51561533328
9979,10215.756102348034,10215.7561023,10215.756102348034
9980,238.33180285340657,238.331802853,238.33180285340657
9981,113.96951804783453,113.969518048,113.96951804783453
9982,5175.951756746939,5175.95175675,5175.951756746939
9983,5149.384842508456,5149.38484251,5149.384842508456
9984,1973.036480792746,1973.03648079,1973.036480792746
9985,1937.256174232108,1937.25617423,1937.256174232108
9986,1354.0313313832771,1354.03133138,1354.0313313832771
9987,195.38794707764993,195.387947078,195.38794707764993
9988,1409.1523874571408,1409.15238746,1409.1523874571408
9989,6122.791357641629,6122.79135764,6122.791357641629
9990,1543.7873199119513,1543.78731991,1543.7873199119513
9991,1022.5660229573639,1022.56602296,1022.5660229573639
9992,4212.563815844442,4212.56381584,4212.563815844442
9993,2298.650839041274,2298.65083904,2298.650839041274
9994,9849.618541140244,9849.61854114,9849.618541140244
9995,283.38535124472355,283.385351245,283.38535124472355
9996,2348.0994759990367,2348.099476,2348.0994759990367
9997,2505.973060066988,2505.97306007,2505.973060066988
9998,1946.6809126026678,1946.6809126,1946.6809126026678
9999,983.4771215909827,983.477121591,983.4771215909827
10000,18402.429329737915,18402.4293297,18402.429329737915
10001,54666.88411730159,54666.8841173,54666.88411730159
10002,4573.452810151306,4573.45281015,4573.452810151306
10003,2212.3407269587533,2212.34072696,2212.3407269587533
10004,1430.4998053377385,1430.49980534,1430.4998053377385
10005,7035.248620419915,7035.24862042,7035.248620419915
10006,1610.3957406440625,1610.39574064,1610.3957406440625
10007,1619.9136288369286,1619.91362884,1619.9136288369286
10008,1943.6702565089483,1943.67025651,1943.6702565089483
10009,1080.042526020212,1080.04252602,1080.042526020212
10010,3358.1848579744046,3358.18485797,3358.1848579744046
10011,3739.379770514055,3739.37977051,3739.379770514055
10012,134.4937634004003,134.4937634,134.4937634004003
10013,897.6205404081967,897.620540408,897.6205404081967
10014,3466.9913390142974,3466.99133901,3466.9913390142974
10015,1282.4963171209688,1282.49631712,1282.4963171209688
10016,3673.8686625581418,3673.86866256,3673.8686625581418
10017,315.79765718205533,315.797657182,315.79765718205533
10018,241.68193282986195,241.68193283,241.68193282986195
10019,2417.7385020942347,2417.73850209,2417.7385020942347
10020,703.4819161839363,703.481916184,703.4819161839363
10021,49.24385430158373,49.2438543016,49.24385430158373
10022,761.3743653328199,761.374365333,761.3743653328199
10023,405.9908634390601,405.990863439,405.9908634390601
10024,2799.555160715512,2799.55516072,2799.555160715512
10025,5620.514353318775,5620.51435332,5620.514353318775
10026,15817.1502368854,15817.1502369,15817.1502368854
10027,1119.2448480808225,1119.24484808,1119.2448480808225
10028,43.32597871368961,43.3259787137,43.32597871368961
10029,2876.3219243354756,2876.32192434,2876.3219243354756
10030,4263.84149424536,4263.84149425,4263.84149424536
10031,4309.822736485943,4309.82273649,4309.822736485943
10032,1003.9114083053486,1003.91140831,1003.9114083053486
10033,13782.317191670567,13782.3171917,13782.317191670567
10034,3858.1573030422187,3858.15730304,3858.1573030422187
10035,3035.7301888402744,3035.73018884,3035.7301888402744
10036,2976.544311605303,2976.54431161,2976.544311605303
10037,597.4672850547352,597.467285055,597.4672850547352
10038,1034.8395896240725,1034.83958962,1034.8395896240725
10039,5680.409026999043,5680.409027,5680.409026999043
10040,82.29602664282905,82.2960266428,82.29602664282905
10041,2454.901244110263,2454.90124411,2454.901244110263
10042,1491.6242760895457,1491.62427609,1491.6242760895457
10043,5943.351639048504,5943.35163905,5943.351639048504
10044,6744.836947517368,6744.83694752,6744.836947517368
10045,4219.780652460924,4219.78065246,4219.780652460924
10046,2524.505955489777,2524.50595549,2524.505955489777
10047,766.2016127547294,766.201612755,766.2016127547294
10048,6016.669497987118,6016.66949799,6016.669497987118
10049,193.52435243029436,193.52435243,193.52435243029436
10050,5161.440431831619,5161.44043183,5161.440431831619
10051,270.00480132133146,270.004801321,270.00480132133146
10052,2951.268505671107,2951.26850567,2951.268505671107
10053,6000.959036724384,6000.95903672,6000.959036724384
10054,615.2005547028346,615.200554703,615.2005547028346
10055,1313.0821625706403,1313.08216257,1313.0821625706403
10056,318.37128602208514,318.371286022,318.37128602208514
10057,6981.541885149683,6981.54188515,6981.541885149683
10058,755.3742209917383,755.374220992,755.3742209917383
10059,8222.850211640123,8222.85021164,8222.850211640123
10060,3637.919559131423,3637.91955913,3637.919559131423
10061,993.0845387516814,993.084538752,993.0845387516814
10062,558.9484637785142,558.948463779,558.9484637785142
10063,2209.5125698271354,2209.51256983,2209.5125698271354
10064,1482.7210693012291,1482.7210693,1482.7210693012291
10065,1053.3774278366177,1053.37742784,1053.3774278366177
10066,2213.48247764342,2213.48247764,2213.48247764342
10067,5233.781654865655,5233.78165487,5233.781654865655
10068,433.91920324601966,433.919203246,433.91920324601966
10069,1288.981528007581,1288.98152801,1288.981528007581
10070,1735.188508655518,1735.18850866,1735.188508655518
10071,1610.9175694854684,1610.91756949,1610.9175694854684
10072,1941.3573416032948,1941.3573416,1941.3573416032948
10073,3113.830151290861,3113.83015129,3113.830151290861
10074,333.17647389666644,333.176473897,333.17647389666644
10075,11646.265760206086,11646.2657602,11646.265760206086
10076,2289.844563335623,2289.84456334,2289.844563335623
10077,5106.928644646401,5106.92864465,5106.928644646401
10078,5132.745423302975,5132.7454233,5132.745423302975
10079,625.011197361293,625.011197361,625.011197361293
10080,2410.1271180954577,2410.1271181,2410.1271180954577
10081,171.08029507445463,171.080295074,171.08029507445463
10082,2656.0224445257877,2656.02244453,2656.0224445257877
10083,2357.9701316788005,2357.97013168,2357.9701316788005
10084,1896.8015459115118,1896.80154591,1896.8015459115118
10085,8100.159702177924,8100.15970218,8100.159702177924
10086,3108.133723696986,3108.1337237,3108.133723696986
10087,2169.185549428245,2169.18554943,2169.185549428245
10088,6610.141076351306,6610.14107635,6610.141076351306
10089,9414.101778003234,9414.101778,9414.101778003234
10090,5396.897781090176,5396.89778109,5396.897781090176
10091,328.59204988958163,328.59204989,328.59204988958163
10092,4466.9354760300985,4466.93547603,4466.9354760300985
10093,518.1018548724345,518.101854872,518.1018548724345
10094,349.01499856497884,349.014998565,349.01499856497884
10095,671.2595492093267,671.259549209,671.2595492093267
10096,6727.600706272645,6727.60070627,6727.600706272645
10097,922.6632966728869,922.663296673,922.6632966728869
10098,4524.064153583041,4524.06415358,4524.064153583041
10099,2991.9184486942554,2991.91844869,2991.9184486942554
10100,682.5155231862071,682.515523186,682.5155231862071
10101,680.7977642568261,680.797764257,680.7977642568261
10102,8175.174418611974,8175.17441861,8175.174418611974
10103,2137.8720954973683,2137.8720955,2137.8720954973683
10104,119.22360810331908,119.223608103,119.22360810331908
10105,11843.304224914866,11843.3042249,11843.304224914866
10106,7790.806151613658,7790.80615161,7790.806151613658
10107,326.49592197048827,326.49592197,326.49592197048827
10108,2481.6632503150245,2481.66325032,2481.6632503150245
10109,1070.5243196437327,1070.52431964,1070.5243196437327
10110,5223.2643761440395,5223.26437614,5223.2643761440395
10111,3902.345032690638,3902.34503269,3902.345032690638
10112,1817.4095015336516,1817.40950153,1817.4095015336516
10113,103.2993274015752,103.299327402,103.2993274015752
10114,2266.0297297288926,2266.02972973,2266.0297297288926
10115,4077.3331460734903,4077.33314607,4077.3331460734903
10116,1858.4009863879207,1858.40098639,1858.4009863879207
10117,7339.023114686349,7339.02311469,7339.023114686349
10118,15659.312656924772,15659.3126569,15659.312656924772
10119,1144.9621728529594,1144.96217285,1144.9621728529594
10120,1213.6358237975642,1213.6358238,1213.6358237975642
10121,3432.403629773914,3432.40362977,3432.403629773914
10122,1296.949007310975,1296.94900731,1296.949007310975
10123,4457.159995254367,4457.15999525,4457.159995254367
10124,1851.9204860454583,1851.92048605,1851.9204860454583
10125,82.8016353238206,82.8016353238,82.8016353238206
10126,6463.379018936232,6463.37901894,6463.379018936232
10127,1862.1854862799726,1862.18548628,1862.1854862799726
10128,6350.061727783838,6350.06172778,6350.061727783838
10129,538.7390123413361,538.739012341,538.7390123413361
10130,1861.3260146601685,1861.32601466,1861.3260146601685
10131,1236.243669655606,1236.24366966,1236.243669655606
10132,3895.6660291380745,3895.66602914,3895.6660291380745
10133,2472.012747863631,2472.01274786,2472.012747863631
10134,2681.3722125874415,2681.37221259,2681.3722125874415
10135,1869.8712214439058,1869.87122144,1869.8712214439058
10136,1941.9861413628482,1941.98614136,1941.9861413628482
10137,1506.356148757044,1506.35614876,1506.356148757044
10138,2263.210731282042,2263.21073128,2263.210731282042
10139,2746.166462691255,2746.16646269,2746.166462691255
10140,5459.889544845732,5459.88954485,5459.889544845732
10141,1778.3931941693918,1778.39319417,1778.3931941693918
10142,209.2348874118154,209.234887412,209.2348874118154
10143,1039.4785885966687,1039.4785886,1039.4785885966687
10144,2152.0310371138776,2152.03103711,2152.0310371138776
10145,2138.192855408499,2138.19285541,2138.192855408499
10146,4150.6344377812575,4150.63443778,4150.6344377812575
10147,373.4195202476955,373.419520248,373.4195202476955
10148,720.8062547456425,720.806254746,720.8062547456425
10149,510.5801647125181,510.580164713,510.5801647125181
10150,94.95065725079746,94.9506572508,94.95065725079746
10151,3051.083978867153,3051.08397887,3051.083978867153
10152,2100.968532807785,2100.96853281,2100.968532807785
10153,6572.161947753465,6572.16194775,6572.161947753465
10154,1391.3157789906547,1391.31577899,1391.3157789906547
10155,2865.14375829397,2865.14375829,2865.14375829397
10156,3862.2529050935227,3862.25290509,3862.2529050935227
10157,862.354587923664,862.354587924,862.354587923664
10158,4011.2287961175357,4011.22879612,4011.2287961175357
10159,983.195860538943,983.195860539,983.195860538943
10160,7328.592868679711,7328.59286868,7328.592868679711
10161,1024.2420610315614,1024.24206103,1024.2420610315614
10162,2980.7076626113135,2980.70766261,2980.7076626113135
10163,1467.1778279539435,1467.17782795,1467.1778279539435
10164,3286.856672028019,3286.85667203,3286.856672028019
10165,591.1521288299274,591.15212883,591.1521288299274
10166,3437.1099129742315,3437.10991297,3437.1099129742315
10167,7634.8027389279905,7634.80273893,7634.8027389279905
10168,2716.1642863184456,2716.16428632,2716.1642863184456
10169,3439.6811542720575,3439.68115427,3439.6811542720575
10170,8911.548457896659,8911.5484579,8911.548457896659
10171,3414.3623766475694,3414.36237665,3414.3623766475694
10172,69.78507260909376,69.7850726091,69.78507260909376
10173,3123.10426992477,3123.10426992,3123.10426992477
10174,5926.867131714987,5926.86713171,5926.867131714987
10175,7520.631171476054,7520.63117148,7520.631171476054
10176,3275.889128037944,3275.88912804,3275.889128037944
10177,10627.743428758613,10627.7434288,10627.743428758613
10178,2686.584617796226,2686.5846178,2686.584617796226
10179,436.7648771933801,436.764877193,436.7648771933801
10180,3999.378536171499,3999.37853617,3999.378536171499
10181,2243.450228917358,2243.45022892,2243.450228917358
10182,2838.0261165529014,2838.02611655,2838.0261165529014
10183,1598.1560407471165,1598.15604075,1598.1560407471165
10184,751.6367865401028,751.63678654,751.6367865401028
10185,4319.52359522231,4319.52359522,4319.52359522231
10186,3480.347037314139,3480.34703731,3480.347037314139
10187,1076.458587275244,1076.45858728,1076.458587275244
10188,2652.7510468428895,2652.75104684,2652.7510468428895
10189,208.24879568610135,208.248795686,208.24879568610135
10190,6322.294250492913,6322.29425049,6322.294250492913
10191,1384.2050049744673,1384.20500497,1384.2050049744673
10192,5421.969629254801,5421.96962925,5421.969629254801
10193,2517.3905592217916,2517.39055922,2517.3905592217916
10194,1027.0997082448812,1027.09970824,1027.0997082448812
10195,7322.343528402411,7322.3435284,7322.343528402411
10196,2133.628505980927,2133.62850598,2133.628505980927
10197,737.6126283919873,737.612628392,737.6126283919873
10198,1631.2276779089061,1631.22767791,1631.2276779089061
10199,1993.675336617273,1993.67533662,1993.675336617273
10200,2866.912352309681,2866.91235231,2866.912352309681
10201,645.076415836206,645.076415836,645.076415836206
10202,2594.8827233315915,2594.88272333,2594.8827233315915
10203,1755.0148273644052,1755.01482736,1755.0148273644052
10204,1243.829731682241,1243.82973168,1243.829731682241
10205,4163.802759122572,4163.80275912,4163.802759122572
10206,2327.925466831776,2327.92546683,2327.925466831776
10207,3704.457755622714,3704.45775562,3704.457755622714
10208,437.43372238542156,437.433722385,437.43372238542156
10209,1694.96949232673,1694.96949233,1694.96949232673
10210,1541.7863245784672,1541.78632458,1541.7863245784672
10211,515.1607204406823,515.160720441,515.1607204406823
10212,7595.236793658931,7595.23679366,7595.236793658931
10213,1539.2567037532942,1539.25670375,1539.2567037532942
10214,12721.45119699947,12721.451197,12721.45119699947
10215,1439.3799808650258,1439.37998087,1439.3799808650258
10216,6323.159376166242,6323.15937617,6323.159376166242
10217,1008.1845501475849,1008.18455015,1008.1845501475849
10218,5441.8088876430775,5441.80888764,5441.8088876430775
10219,13357.190218987049,13357.190219,13357.190218987049
10220,9055.922361652614,9055.92236165,9055.922361652614
10221,4286.649572639557,4286.64957264,4286.649572639557
10222,3464.7190596331043,3464.71905963,3464.7190596331043
10223,1973.9598980701655,1973.95989807,1973.9598980701655
10224,3362.8680774517634,3362.86807745,3362.8680774517634
10225,2303.6251460875915,2303.62514609,2303.6251460875915
10226,1575.3665999305683,1575.36659993,1575.3665999305683
10227,5278.324835938537,5278.32483594,5278.324835938537
10228,2842.718236750438,2842.71823675,2842.718236750438
10229,1390.604309660969,1390.60430966,1390.604309660969
10230,669.271628883042,669.271628883,669.271628883042
10231,873.9670925520508,873.967092552,873.9670925520508
10232,3248.654664943639,3248.65466494,3248.654664943639
10233,7819.830374930894,7819.83037493,7819.830374930894
10234,13244.690427954281,13244.690428,13244.690427954281
10235,237.59881196273255,237.598811963,237.59881196273255
10236,246.40158290185394,246.401582902,246.40158290185394
10237,3818.289334973196,3818.28933497,3818.289334973196
10238,85.85151641347733,85.8515164135,85.85151641347733
10239,8489.50601863802,8489.50601864,8489.50601863802
10240,346.038341295708,346.038341296,346.038341295708
10241,339.2025056610209,339.202505661,339.2025056610209
10242,3426.1951977834615,3426.19519778,3426.1951977834615
10243,7941.604857909237,7941.60485791,7941.604857909237
10244,13037.366406878411,13037.3664069,13037.366406878411
10245,4197.562442797391,4197.5624428,4197.562442797391
10246,852.1792364246093,852.179236425,852.1792364246093
10247,7729.479075191444,7729.47907519,7729.479075191444
10248,812.8606095874613,812.860609587,812.8606095874613
10249,6068.241356773042,6068.24135677,6068.241356773042
10250,313.2294860996965,313.2294861,313.2294860996965
10251,8733.862405764594,8733.86240576,8733.862405764594
10252,15220.572165371388,15220.5721654,15220.572165371388
10253,4262.67270537791,4262.67270538,4262.67270537791
10254,2010.780535250221,2010.78053525,2010.780535250221
10255,4333.177604270532,4333.17760427,4333.177604270532
10256,262.22347232834466,262.223472328,262.22347232834466
10257,2295.7321238672907,2295.73212387,2295.7321238672907
10258,798.5245397950729,798.524539795,798.5245397950729
10259,6272.988814075637,6272.98881408,6272.988814075637
10260,1000.2146690334658,1000.21466903,1000.2146690334658
10261,2098.5334762121324,2098.53347621,2098.5334762121324
10262,7086.771467599584,7086.7714676,7086.771467599584
10263,1502.864965676859,1502.86496568,1502.864965676859
10264,929.8019268894923,929.801926889,929.8019268894923
10265,6135.87654113027,6135.87654113,6135.87654113027
10266,3052.9252694283923,3052.92526943,3052.9252694283923
10267,2532.849461856778,2532.84946186,2532.849461856778
10268,2044.0797338812797,2044.07973388,2044.0797338812797
10269,11163.080958138162,11163.0809581,11163.080958138162
10270,2397.278047523229,2397.27804752,2397.278047523229
10271,947.3949788189941,947.394978819,947.3949788189941
10272,1961.7228758812164,1961.72287588,1961.7228758812164
10273,782.9632425655616,782.963242566,782.9632425655616
10274,1976.631527329432,1976.63152733,1976.631527329432
10275,1141.1620439682029,1141.16204397,1141.1620439682029
10276,1368.6836427639894,1368.68364276,1368.6836427639894
10277,1097.1921247679168,1097.19212477,1097.1921247679168
10278,5516.896356168946,5516.89635617,5516.896356168946
10279,4557.7811252721895,4557.78112527,4557.7811252721895
10280,7734.839533794579,7734.83953379,7734.839533794579
10281,5529.270207290346,5529.27020729,5529.270207290346
10282,2115.52021134637,2115.52021135,2115.52021134637
10283,11408.811629338252,11408.8116293,11408.811629338252
10284,1675.8542825276268,1675.85428253,1675.8542825276268
10285,72.50789466454447,72.5078946645,72.50789466454447
10286,1512.2555654723662,1512.25556547,1512.2555654723662
10287,708.4312626904682,708.43126269,708.4312626904682
10288,9081.34090440148,9081.3409044,9081.34090440148
10289,865.938287582037,865.938287582,865.938287582037
10290,4433.095911954793,4433.09591195,4433.095911954793
10291,2263.192773785978,2263.19277379,2263.192773785978
10292,1907.5761750621464,1907.57617506,1907.5761750621464
10293,810.3687134291772,810.368713429,810.3687134291772
10294,945.1333232719841,945.133323272,945.1333232719841
10295,3318.559573522178,3318.55957352,3318.559573522178
10296,341.9657604712945,341.965760471,341.9657604712945
10297,2593.1584160758553,2593.15841608,2593.1584160758553
10298,415.7755899649304,415.775589965,415.7755899649304
10299,1968.8709503687073,1968.87095037,1968.8709503687073
10300,18536.992797036582,18536.992797,18536.992797036582
10301,7537.830789252273,7537.83078925,7537.830789252273
10302,1062.0612998010197,1062.0612998,1062.0612998010197
10303,1178.6138793989842,1178.6138794,1178.6138793989842
10304,466.1014496099683,466.10144961,466.1014496099683
10305,8239.964904140632,8239.96490414,8239.964904140632
10306,7767.85720411125,7767.85720411,7767.85720411125
10307,4434.002966488301,4434.00296649,4434.002966488301
10308,594.2394123536319,594.239412354,594.2394123536319
10309,2921.884723145121,2921.88472315,2921.884723145121
10310,17252.27581122692,17252.2758112,17252.27581122692
10311,2441.9596070395996,2441.95960704,2441.9596070395996
10312,1553.4382812382653,1553.43828124,1553.4382812382653
10313,161.89130383065898,161.891303831,161.89130383065898
10314,15103.505817152287,15103.5058172,15103.505817152287
10315,3043.663162842064,3043.66316284,3043.663162842064
10316,1779.4222227041369,1779.4222227,1779.4222227041369
10317,656.6785168402837,656.67851684,656.6785168402837
10318,1549.692193176576,1549.69219318,1549.692193176576
10319,1602.569924902423,1602.5699249,1602.569924902423
10320,3156.238134817562,3156.23813482,3156.238134817562
10321,10181.824571088893,10181.8245711,10181.824571088893
10322,204.9720757998014,204.9720758,204.9720757998014
10323,729.9955699636762,729.995569964,729.9955699636762
10324,3050.90528069758,3050.9052807,3050.90528069758
10325,9085.548447622998,9085.54844762,9085.548447622998
10326,3583.3706685378256,3583.37066854,3583.3706685378256
10327,1234.8353273328719,1234.83532733,1234.8353273328719
10328,2848.2951540582185,2848.29515406,2848.2951540582185
10329,15821.59430220645,15821.5943022,15821.59430220645
10330,10070.654508764908,10070.6545088,10070.654508764908
10331,5142.968611624543,5142.96861162,5142.968611624543
10332,2014.160344618043,2014.16034462,2014.160344618043
10333,2329.9031563333624,2329.90315633,2329.9031563333624
10334,486.1139432839177,486.113943284,486.1139432839177
10335,4098.386320597033,4098.3863206,4098.386320597033
10336,8603.128213541806,8603.12821354,8603.128213541806
10337,7489.335302353319,7489.33530235,7489.335302353319
10338,2491.1790991545704,2491.17909915,2491.1790991545704
10339,6319.911869072197,6319.91186907,6319.911869072197
10340,1036.2855433633854,1036.28554336,1036.2855433633854
10341,6843.5843449911745,6843.58434499,6843.5843449911745
10342,5556.86136125365,5556.86136125,5556.86136125365
10343,8467.216759965997,8467.21675997,8467.216759965997
10344,95.26253009624948,95.2625300962,95.26253009624948
10345,2779.416527290674,2779.41652729,2779.416527290674
10346,3758.9709183152468,3758.97091832,3758.9709183152468
10347,3249.2263470529383,3249.22634705,3249.2263470529383
10348,3215.5266118703516,3215.52661187,3215.5266118703516
10349,2693.890688325707,2693.89068833,2693.890688325707
10350,520.6229901877493,520.622990188,520.6229901877493
10351,14478.353096521585,14478.3530965,14478.353096521585
10352,1370.465000241884,1370.46500024,1370.465000241884
10353,3146.776285519806,3146.77628552,3146.776285519806
10354,3627.9291370889205,3627.92913709,3627.9291370889205
10355,2112.3737490863073,2112.37374909,2112.3737490863073
10356,957.2690888059807,957.269088806,957.2690888059807
10357,4239.405726459072,4239.40572646,4239.405726459072
10358,2600.9269978693105,2600.92699787,2600.9269978693105
10359,258.42546587394116,258.425465874,258.42546587394116
10360,5919.682349894911,5919.68234989,5919.682349894911
10361,15218.118618209046,15218.1186182,15218.118618209046
10362,424.6725994450668,424.672599445,424.6725994450668
10363,3733.926174599048,3733.9261746,3733.926174599048
10364,590.9534257322156,590.953425732,590.9534257322156
10365,564.2191268661244,564.219126866,564.2191268661244
10366,3234.2986465119698,3234.29864651,3234.2986465119698
10367,3464.6892956768806,3464.68929568,3464.6892956768806
10368,4858.919760512118,4858.91976051,4858.919760512118
10369,7288.889493844714,7288.88949384,7288.889493844714
10370,292.71735924877976,292.717359249,292.71735924877976
10371,240.52048418124082,240.520484181,240.52048418124082
10372,671.8452282882424,671.845228288,671.8452282882424
10373,421.7736709003843,421.7736709,421.7736709003843
10374,2075.26361997894,2075.26361998,2075.26361997894
10375,4929.064442704826,4929.0644427,4929.064442704826
10376,5671.441881142676,5671.44188114,5671.441881142676
10377,922.7633460856815,922.763346086,922.7633460856815
10378,980.8773793515534,980.877379352,980.8773793515534
10379,1425.5965120638057,1425.59651206,1425.5965120638057
10380,1247.6692454524418,1247.66924545,1247.6692454524418
10381,347.6727166418887,347.672716642,347.6727166418887
10382,706.6061025108846,706.606102511,706.6061025108846
10383,6077.063963619098,6077.06396362,6077.063963619098
10384,4191.8555175052325,4191.85551751,4191.8555175052325
10385,4156.080654800997,4156.0806548,4156.080654800997
10386,3554.0552821084443,3554.05528211,3554.0552821084443
10387,2815.2446258782493,2815.24462588,2815.2446258782493
10388,5045.303167590771,5045.30316759,5045.303167590771
10389,1743.8745021467385,1743.87450215,1743.8745021467385
10390,3351.3040601751104,3351.30406018,3351.3040601751104
10391,763.0678604774492,763.067860477,763.0678604774492
10392,566.4810650459614,566.481065046,566.4810650459614
10393,1028.853035275349,1028.85303528,1028.853035275349
10394,6362.333982387498,6362.33398239,6362.333982387498
10395,1504.6197621011493,1504.6197621,1504.6197621011493
10396,5601.460425971133,5601.46042597,5601.460425971133
10397,911.4695107087769,911.469510709,911.4695107087769
10398,3776.2172589326583,3776.21725893,3776.2172589326583
10399,4172.4148224121445,4172.41482241,4172.4148224121445
10400,496.15770641198145,496.157706412,496.15770641198145
10401,3570.0178664534455,3570.01786645,3570.0178664534455
10402,2524.5547015176435,2524.55470152,2524.5547015176435
10403,136.16076290365754,136.160762904,136.16076290365754
10404,4419.18648646735,4419.18648647,4419.18648646735
10405,2123.5186226655,2123.51862267,2123.5186226655
10406,5452.009606717159,5452.00960672,5452.009606717159
10407,6052.833944553082,6052.83394455,6052.833944553082
10408,1323.60005780766,1323.60005781,1323.60005780766
10409,2626.843952783833,2626.84395278,2626.843952783833
10410,1616.047676444183,1616.04767644,1616.047676444183
10411,3093.4084756391653,3093.40847564,3093.4084756391653
10412,13599.443446671223,13599.4434467,13599.443446671223
10413,3112.7034583674454,3112.70345837,3112.7034583674454
10414,5510.1559878651415,5510.15598787,5510.1559878651415
10415,470.56414456306567,470.564144563,470.56414456306567
10416,6751.2329041633575,6751.23290416,6751.2329041633575
10417,2165.992390764009,2165.99239076,2165.992390764009
10418,14636.155281922867,14636.1552819,14636.155281922867
10419,3680.54284741555,3680.54284742,3680.54284741555
10420,1682.0525301651485,1682.05253017,1682.0525301651485
10421,12618.273944486607,12618.2739445,12618.273944486607
10422,197.4572622073219,197.457262207,197.4572622073219
10423,1449.5547891916433,1449.55478919,1449.5547891916433
10424,9132.906296529938,9132.90629653,9132.906296529938
10425,743.9388426028104,743.938842603,743.9388426028104
10426,585.0708263270285,585.070826327,585.0708263270285
10427,13295.628307763069,13295.6283078,13295.628307763069
10428,7756.610873032273,7756.61087303,7756.610873032273
10429,2194.820489264322,2194.82048926,2194.820489264322
10430,1567.18642614092,1567.18642614,1567.18642614092
10431,497.2601384274823,497.260138427,497.2601384274823
10432,27964.22536778373,27964.2253678,27964.22536778373
10433,2476.5695408009906,2476.5695408,2476.5695408009906
10434,4684.028329177705,4684.02832918,4684.028329177705
10435,5106.776826547217,5106.77682655,5106.776826547217
10436,595.3547584170884,595.354758417,595.3547584170884
10437,2179.2028597890217,2179.20285979,2179.2028597890217
10438,8623.575175256772,8623.57517526,8623.575175256772
10439,11189.20158562741,11189.2015856,11189.20158562741
10440,819.0346405881195,819.034640588,819.0346405881195
10441,2719.882520249079,2719.88252025,2719.882520249079
10442,1737.9959595620617,1737.99595956,1737.9959595620617
10443,10771.786585403259,10771.7865854,10771.786585403259
10444,3852.9215288041432,3852.9215288,3852.9215288041432
10445,1043.8302841004595,1043.8302841,1043.8302841004595
10446,3747.5890879235276,3747.58908792,3747.5890879235276
10447,2375.6321635911645,2375.63216359,2375.6321635911645
10448,3729.7984041191557,3729.79840412,3729.7984041191557
10449,478.2215942232859,478.221594223,478.2215942232859
10450,1928.492206909633,1928.49220691,1928.492206909633
10451,1212.9544051947,1212.95440519,1212.9544051947
10452,202.00925707060549,202.009257071,202.00925707060549
10453,9743.028154089845,9743.02815409,9743.028154089845
10454,2826.4463751977028,2826.4463752,2826.4463751977028
10455,187.12538765158882,187.125387652,187.12538765158882
10456,3899.2770799135865,3899.27707991,3899.2770799135865
10457,828.1630070147935,828.163007015,828.1630070147935
10458,774.8866599358361,774.886659936,774.8866599358361
10459,302.95355451278124,302.953554513,302.95355451278124
10460,539.7666330182717,539.766633018,539.7666330182717
10461,1394.2755312234465,1394.27553122,1394.2755312234465
10462,1061.6676312181248,1061.66763122,1061.6676312181248
10463,1234.8275300798573,1234.82753008,1234.8275300798573
10464,2472.494907098663,2472.4949071,2472.494907098663
10465,1983.624961832159,1983.62496183,1983.624961832159
10466,1741.9175767152942,1741.91757672,1741.9175767152942
10467,403.04621712910927,403.046217129,403.04621712910927
10468,357.2190880202822,357.21908802,357.2190880202822
10469,1099.8350674973035,1099.8350675,1099.8350674973035
10470,142.59744812302333,142.597448123,142.59744812302333
10471,8294.440841926093,8294.44084193,8294.440841926093
10472,350.4806567335355,350.480656734,350.4806567335355
10473,1647.2376510901986,1647.23765109,1647.2376510901986
10474,353.0685050791631,353.068505079,353.0685050791631
10475,2467.22450329938,2467.2245033,2467.22450329938
10476,2982.1856532877077,2982.18565329,2982.1856532877077
10477,851.2867751755464,851.286775176,851.2867751755464
10478,7322.519159067798,7322.51915907,7322.519159067798
10479,2440.6522189178954,2440.65221892,2440.6522189178954
10480,7994.5010636788065,7994.50106368,7994.5010636788065
10481,643.1316613018869,643.131661302,643.1316613018869
10482,5088.2253216250865,5088.22532163,5088.2253216250865
10483,644.4621912938164,644.462191294,644.4621912938164
10484,2177.0478007628903,2177.04780076,2177.0478007628903
10485,6084.461953947164,6084.46195395,6084.461953947164
10486,1975.457548768014,1975.45754877,1975.457548768014
10487,667.5876811037259,667.587681104,667.5876811037259
10488,1961.5826640401779,1961.58266404,1961.5826640401779
10489,176.55844122790836,176.558441228,176.55844122790836
10490,2673.2975654067227,2673.29756541,2673.2975654067227
10491,790.6874570942682,790.687457094,790.6874570942682
10492,8413.260618785407,8413.26061879,8413.260618785407
10493,1848.7718036370998,1848.77180364,1848.7718036370998
10494,54634.77725183678,54634.7772518,54634.77725183678
10495,4031.0084981171326,4031.00849812,4031.0084981171326
10496,286.6922403363126,286.692240336,286.6922403363126
10497,5193.2472231006595,5193.2472231,5193.2472231006595
10498,1280.9186938398975,1280.91869384,1280.9186938398975
10499,356.360077093142,356.360077093,356.360077093142
10500,3652.0283891814524,3652.02838918,3652.0283891814524
10501,15278.343283858048,15278.3432839,15278.343283858048
10502,838.435638870676,838.435638871,838.435638870676
10503,548.2277275494258,548.227727549,548.2277275494258
10504,1835.915254729527,1835.91525473,1835.915254729527
10505,1540.4905455544044,1540.49054555,1540.4905455544044
10506,58559.706751771126,58559.7067518,58559.706751771126
10507,1338.7529525187022,1338.75295252,1338.7529525187022
10508,9486.089871191349,9486.08987119,9486.089871191349
10509,447.6033012961827,447.603301296,447.6033012961827
10510,2350.237761670955,2350.23776167,2350.237761670955
10511,1848.8641779098994,1848.86417791,1848.8641779098994
10512,1744.1034533618435,1744.10345336,1744.1034533618435
10513,109.63036896217352,109.630368962,109.63036896217352
10514,1939.4644192119463,1939.46441921,1939.4644192119463
10515,2358.4428167543538,2358.44281675,2358.4428167543538
10516,1109.2762760592532,1109.27627606,1109.2762760592532
10517,459.34361491413733,459.343614914,459.34361491413733
10518,2837.7709859217684,2837.77098592,2837.7709859217684
10519,22352.62629152105,22352.6262915,22352.62629152105
10520,4569.235855532595,4569.23585553,4569.235855532595
10521,925.3636167406665,925.363616741,925.3636167406665
10522,606.0600630981083,606.060063098,606.0600630981083
10523,5831.49941031872,5831.49941032,5831.49941031872
10524,9857.826577733638,9857.82657773,9857.826577733638
10525,7405.123788389189,7405.12378839,7405.123788389189
10526,2678.8687114535264,2678.86871145,2678.8687114535264
10527,254.8967611311437,254.896761131,254.8967611311437
10528,2141.183791744391,2141.18379174,2141.183791744391
10529,8750.809422348215,8750.80942235,8750.809422348215
10530,3928.865457882809,3928.86545788,3928.865457882809
10531,11057.895374813921,11057.8953748,11057.895374813921
10532,5564.753965095767,5564.7539651,5564.753965095767
10533,1076.24925007895,1076.24925008,1076.24925007895
10534,9390.890249341945,9390.89024934,9390.890249341945
10535,2609.1182980648246,2609.11829806,2609.1182980648246
10536,18850.008290053924,18850.0082901,18850.008290053924
10537,2443.97597762787,2443.97597763,2443.97597762787
10538,2804.6576102386525,2804.65761024,2804.6576102386525
10539,447.127875923686,447.127875924,447.127875923686
10540,485.9454278592265,485.945427859,485.9454278592265
10541,3241.824578294583,3241.82457829,3241.824578294583
10542,964.3425867130982,964.342586713,964.3425867130982
10543,2767.181543804749,2767.1815438,2767.181543804749
10544,1540.4138241918606,1540.41382419,1540.4138241918606
10545,7692.782838777734,7692.78283878,7692.782838777734
10546,598.2044042061347,598.204404206,598.2044042061347
10547,8897.244079082291,8897.24407908,8897.244079082291
10548,3556.4033445908585,3556.40334459,3556.4033445908585
10549,2222.582609828686,2222.58260983,2222.582609828686
10550,2650.319376926042,2650.31937693,2650.319376926042
10551,12458.452714681001,12458.4527147,12458.452714681001
10552,84.29369261869171,84.2936926187,84.29369261869171
10553,1240.6984106226912,1240.69841062,1240.6984106226912
10554,842.6073407428029,842.607340743,842.6073407428029
10555,4098.959783674405,4098.95978367,4098.959783674405
10556,2373.0009341358095,2373.00093414,2373.0009341358095
10557,3973.0898422012483,3973.0898422,3973.0898422012483
10558,4807.100346793452,4807.10034679,4807.100346793452
10559,5447.58864453822,5447.58864454,5447.58864453822
10560,1378.1746436899016,1378.17464369,1378.1746436899016
10561,377.1171099902141,377.11710999,377.1171099902141
10562,2578.7712062944506,2578.77120629,2578.7712062944506
10563,4441.989666052584,4441.98966605,4441.989666052584
10564,4648.436696096406,4648.4366961,4648.436696096406
10565,1275.5782603721448,1275.57826037,1275.5782603721448
10566,549.6603221763254,549.660322176,549.6603221763254
10567,2947.118132956907,2947.11813296,2947.118132956907
10568,3453.5045620306414,3453.50456203,3453.5045620306414
10569,2017.9099099190155,2017.90990992,2017.9099099190155
10570,1955.5966367618303,1955.59663676,1955.5966367618303
10571,5052.919865792733,5052.91986579,5052.919865792733
10572,9433.947108103379,9433.9471081,9433.947108103379
10573,1617.23535320783,1617.23535321,1617.23535320783
10574,146.46241016699878,146.462410167,146.46241016699878
10575,12746.536226796714,12746.5362268,12746.536226796714
10576,1803.5235217160475,1803.52352172,1803.5235217160475
10577,881.441574897083,881.441574897,881.441574897083
10578,606.8061158366777,606.806115837,606.8061158366777
10579,7590.160490337828,7590.16049034,7590.160490337828
10580,454.13259288466696,454.132592885,454.13259288466696
10581,1198.5420037264448,1198.54200373,1198.5420037264448
10582,442.4915286975987,442.491528698,442.4915286975987
10583,267.48212296530994,267.482122965,267.48212296530994
10584,866.1875460517356,866.187546052,866.1875460517356
10585,1653.541454764423,1653.54145476,1653.541454764423
10586,409.3658842397442,409.36588424,409.3658842397442
10587,13614.431207653615,13614.4312077,13614.431207653615
10588,983.7984448529833,983.798444853,983.7984448529833
10589,2293.174842810073,2293.17484281,2293.174842810073
10590,1891.592685410261,1891.59268541,1891.592685410261
10591,403.6407523182953,403.640752318,403.6407523182953
10592,5261.898413200693,5261.8984132,5261.898413200693
10593,6516.766190200342,6516.7661902,6516.766190200342
10594,432.86369054990814,432.86369055,432.86369054990814
10595,7808.66780709281,7808.66780709,7808.66780709281
10596,1250.9991281054954,1250.99912811,1250.9991281054954
10597,1133.4507960771934,1133.45079608,1133.4507960771934
10598,2430.492472594586,2430.49247259,2430.492472594586
10599,1896.6193791409778,1896.61937914,1896.6193791409778
10600,1040.551912468552,1040.55191247,1040.551912468552
10601,10323.759909324446,10323.7599093,10323.759909324446
10602,1226.3058607896164,1226.30586079,1226.3058607896164
10603,1848.4484252283073,1848.44842523,1848.4484252283073
10604,3837.481388656021,3837.48138866,3837.481388656021
10605,986.89129470338,986.891294703,986.89129470338
10606,14233.614506443051,14233.6145064,14233.614506443051
10607,2180.5631812742504,2180.56318127,2180.5631812742504
10608,1512.3845605905035,1512.38456059,1512.3845605905035
10609,565.9034472722414,565.903447272,565.9034472722414
10610,4015.919443738779,4015.91944374,4015.919443738779
10611,1531.9784901686894,1531.97849017,1531.9784901686894
10612,1811.1021714278297,1811.10217143,1811.1021714278297
10613,10640.757087330265,10640.7570873,10640.757087330265
10614,645.3492001675517,645.349200168,645.3492001675517
10615,4951.9807360873765,4951.98073609,4951.9807360873765
10616,2986.580109235531,2986.58010924,2986.580109235531
10617,793.3065076993212,793.306507699,793.3065076993212
10618,500.01677807851723,500.016778079,500.01677807851723
10619,1457.3197625948117,1457.31976259,1457.3197625948117
10620,1808.657896680706,1808.65789668,1808.657896680706
10621,5590.66890092532,5590.66890093,5590.66890092532
10622,11546.059674725806,11546.0596747,11546.059674725806
10623,4608.3594905989285,4608.3594906,4608.3594905989285
10624,1849.9508989666513,1849.95089897,1849.9508989666513
10625,33979.296800159194,33979.2968002,33979.296800159194
10626,2153.234741795326,2153.2347418,2153.234741795326
10627,480.38545233170083,480.385452332,480.38545233170083
10628,3088.6889950276886,3088.68899503,3088.6889950276886
10629,1524.5997428926319,1524.59974289,1524.5997428926319
10630,6411.701659324693,6411.70165932,6411.701659324693
10631,7714.177216328124,7714.17721633,7714.177216328124
10632,9598.608899382663,9598.60889938,9598.608899382663
10633,4326.762018419448,4326.76201842,4326.762018419448
10634,283.3038886308367,283.303888631,283.3038886308367
10635,824.8576816995736,824.8576817,824.8576816995736
10636,3628.050935427571,3628.05093543,3628.050935427571
10637,6212.476507553832,6212.47650755,6212.476507553832
10638,1219.1470707533183,1219.14707075,1219.1470707533183
10639,1652.3410617696236,1652.34106177,1652.3410617696236
10640,8346.486990267249,8346.48699027,8346.486990267249
10641,1141.051159386825,1141.05115939,1141.051159386825
10642,1695.490069490027,1695.49006949,1695.490069490027
10643,5287.480041899725,5287.4800419,5287.480041899725
10644,1136.9451673628243,1136.94516736,1136.9451673628243
10645,14521.565228473028,14521.5652285,14521.565228473028
10646,9058.592543904893,9058.5925439,9058.592543904893
10647,2139.7568652684354,2139.75686527,2139.7568652684354
10648,8563.871934906792,8563.87193491,8563.871934906792
10649,2113.8748591062354,2113.87485911,2113.8748591062354
10650,10733.177527710664,10733.1775277,10733.177527710664
10651,166.32521422208225,166.325214222,166.32521422208225
10652,1068.0391175837833,1068.03911758,1068.0391175837833
10653,1338.4201112644687,1338.42011126,1338.4201112644687
10654,2365.894072632419,2365.89407263,2365.894072632419
10655,1676.8269609348224,1676.82696093,1676.8269609348224
10656,4477.738377485561,4477.73837749,4477.738377485561
10657,3297.5691530843615,3297.56915308,3297.5691530843615
10658,4078.81234866287,4078.81234866,4078.81234866287
10659,2824.0414252890932,2824.04142529,2824.0414252890932
10660,6777.01566830007,6777.0156683,6777.01566830007
10661,1600.896677140003,1600.89667714,1600.896677140003
10662,1121.3353937139027,1121.33539371,1121.3353937139027
10663,482.4095132906621,482.409513291,482.4095132906621
10664,4090.2329671994435,4090.2329672,4090.2329671994435
10665,786.1576049648203,786.157604965,786.1576049648203
10666,139.28737563447368,139.287375634,139.28737563447368
10667,6289.291841726684,6289.29184173,6289.291841726684
10668,1956.0064475263928,1956.00644753,1956.0064475263928
10669,4083.5468406740615,4083.54684067,4083.5468406740615
10670,2423.0351374994398,2423.0351375,2423.0351374994398
10671,1740.8311684952716,1740.8311685,1740.8311684952716
10672,13916.751302134482,13916.7513021,13916.751302134482
10673,2799.4546870182858,2799.45468702,2799.4546870182858
10674,327.3073410794056,327.307341079,327.3073410794056
10675,637.2883029591875,637.288302959,637.2883029591875
10676,2916.1222097643067,2916.12220976,2916.1222097643067
10677,2367.6718008269245,2367.67180083,2367.6718008269245
10678,8217.066623841161,8217.06662384,8217.066623841161
10679,5396.971652619797,5396.97165262,5396.971652619797
10680,736.5740947387516,736.574094739,736.5740947387516
10681,663.4187930353585,663.418793035,663.4187930353585
10682,4506.3970644019055,4506.3970644,4506.3970644019055
10683,7074.236040712312,7074.23604071,7074.236040712312
10684,1613.3693644460404,1613.36936445,1613.3693644460404
10685,142.48142128373516,142.481421284,142.48142128373516
10686,5295.974950129448,5295.97495013,5295.974950129448
10687,5362.742231031923,5362.74223103,5362.742231031923
10688,1809.5449661016448,1809.5449661,1809.5449661016448
10689,1406.9205635678497,1406.92056357,1406.9205635678497
10690,977.3757703081837,977.375770308,977.3757703081837
10691,20360.823012563564,20360.8230126,20360.823012563564
10692,28193.490229742583,28193.4902297,28193.490229742583
10693,5027.208402619515,5027.20840262,5027.208402619515
10694,6398.215311734374,6398.21531173,6398.215311734374
10695,1765.4770332187243,1765.47703322,1765.4770332187243
10696,1539.4658712310775,1539.46587123,1539.4658712310775
10697,502.08203630713837,502.082036307,502.08203630713837
10698,4153.985643580526,4153.98564358,4153.985643580526
10699,515.0117975117753,515.011797512,515.0117975117753
10700,7178.524148985259,7178.52414899,7178.524148985259
10701,5586.934345714572,5586.93434571,5586.934345714572
10702,5983.278032993871,5983.27803299,5983.278032993871
10703,13557.132570739053,13557.1325707,13557.132570739053
10704,4321.252520867032,4321.25252087,4321.252520867032
10705,9731.770412186737,9731.77041219,9731.770412186737
10706,783.7896093808129,783.789609381,783.7896093808129
10707,429.425026842569,429.425026843,429.425026842569
10708,1788.1000117621934,1788.10001176,1788.1000117621934
10709,5405.013050285161,5405.01305029,5405.013050285161
10710,3198.4009599426117,3198.40095994,3198.4009599426117
10711,5943.656519924995,5943.65651992,5943.656519924995
10712,1040.7856331002724,1040.7856331,1040.7856331002724
10713,104.25978355467299,104.259783555,104.25978355467299
10714,1570.018845793852,1570.01884579,1570.018845793852
10715,928.9241816186882,928.924181619,928.9241816186882
10716,6567.838826032432,6567.83882603,6567.838826032432
10717,4248.7421663962,4248.7421664,4248.7421663962
10718,22823.530891486054,22823.5308915,22823.530891486054
10719,11280.156544194442,11280.1565442,11280.156544194442
10720,8032.3758759517905,8032.37587595,8032.3758759517905
10721,335.2489634145138,335.248963415,335.2489634145138
10722,770.8850325027129,770.885032503,770.8850325027129
10723,1901.2974261983527,1901.2974262,1901.2974261983527
10724,1487.7464401704797,1487.74644017,1487.7464401704797
10725,1668.1951592535006,1668.19515925,1668.1951592535006
10726,1904.9785847285639,1904.97858473,1904.9785847285639
10727,2350.918619753692,2350.91861975,2350.918619753692
10728,5068.670117638475,5068.67011764,5068.670117638475
10729,690.803470076609,690.803470077,690.803470076609
10730,2542.7914763106905,2542.79147631,2542.7914763106905
10731,6357.0529070866605,6357.05290709,6357.0529070866605
10732,3755.59406108797,3755.59406109,3755.59406108797
10733,996.3509193064838,996.350919306,996.3509193064838
10734,1603.8596189074717,1603.85961891,1603.8596189074717
10735,1032.795580617437,1032.79558062,1032.795580617437
10736,353.29522966620317,353.295229666,353.29522966620317
10737,2053.2254278782257,2053.22542788,2053.2254278782257
10738,1411.7274343101192,1411.72743431,1411.7274343101192
10739,2266.913378220301,2266.91337822,2266.913378220301
10740,2491.5312595668147,2491.53125957,2491.5312595668147
10741,4623.774762824839,4623.77476282,4623.774762824839
10742,1548.0379264056855,1548.03792641,1548.0379264056855
10743,562.362314990751,562.362314991,562.362314990751
10744,10296.279893350944,10296.2798934,10296.279893350944
10745,2403.52654395007,2403.52654395,2403.52654395007
10746,46.11626451402246,46.116264514,46.11626451402246
10747,9714.05018889784,9714.0501889,9714.05018889784
10748,5748.302747234102,5748.30274723,5748.302747234102
10749,7753.954041533852,7753.95404153,7753.954041533852
10750,182.7052055734581,182.705205573,182.7052055734581
10751,3155.7885969689323,3155.78859697,3155.7885969689323
10752,1019.0862914712792,1019.08629147,1019.0862914712792
10753,3372.5486603396366,3372.54866034,3372.5486603396366
10754,3373.880865597971,3373.8808656,3373.880865597971
10755,5504.303434734429,5504.30343473,5504.303434734429
10756,890.1800031908708,890.180003191,890.1800031908708
10757,1930.7542578598839,1930.75425786,1930.7542578598839
10758,5478.014409765165,5478.01440977,5478.014409765165
10759,1805.4738738752876,1805.47387388,1805.4738738752876
10760,1641.3037358182626,1641.30373582,1641.3037358182626
10761,6238.508979601208,6238.5089796,6238.508979601208
10762,776.5072914367904,776.507291437,776.5072914367904
10763,1648.374015475428,1648.37401548,1648.374015475428
10764,6327.223225269209,6327.22322527,6327.223225269209
10765,1623.0871273075627,1623.08712731,1623.0871273075627
10766,1735.826639426142,1735.82663943,1735.826639426142
10767,2017.0871849824957,2017.08718498,2017.0871849824957
10768,5599.30892089153,5599.30892089,5599.30892089153
10769,1842.1871327577371,1842.18713276,1842.1871327577371
10770,12250.350893999084,12250.350894,12250.350893999084
10771,9581.638076320338,9581.63807632,9581.638076320338
10772,4838.412787715645,4838.41278772,4838.412787715645
10773,1430.7832827700838,1430.78328277,1430.7832827700838
10774,2809.076790957969,2809.07679096,2809.076790957969
10775,1090.0836532212606,1090.08365322,1090.0836532212606
10776,9238.55970681512,9238.55970682,9238.55970681512
10777,177.18544076699405,177.185440767,177.18544076699405
10778,3506.1485068260195,3506.14850683,3506.1485068260195
10779,335.5149453545325,335.514945355,335.5149453545325
10780,2788.285399947996,2788.28539995,2788.285399947996
10781,126.41152283241014,126.411522832,126.41152283241014
10782,2445.340356395251,2445.3403564,2445.340356395251
10783,5461.4077370294235,5461.40773703,5461.4077370294235
10784,295.6114481609825,295.611448161,295.6114481609825
10785,395.28969758973665,395.28969759,395.28969758973665
10786,3712.853856318232,3712.85385632,3712.853856318232
10787,3504.185691740583,3504.18569174,3504.185691740583
10788,6388.271112149504,6388.27111215,6388.271112149504
10789,1693.0501263031658,1693.0501263,1693.0501263031658
10790,2895.3714179741364,2895.37141797,2895.3714179741364
10791,2244.877674714535,2244.87767471,2244.877674714535
10792,727.2594057941749,727.259405794,727.2594057941749
10793,988.5224728159342,988.522472816,988.5224728159342
10794,5430.388694666562,5430.38869467,5430.388694666562
10795,2560.0378353205438,2560.03783532,2560.0378353205438
10796,203.59645792815837,203.596457928,203.59645792815837
10797,4503.778011336794,4503.77801134,4503.778011336794
10798,1751.0822793196637,1751.08227932,1751.0822793196637
10799,898.9572657851294,898.957265785,898.9572657851294
10800,920.1808143625093,920.180814363,920.1808143625093
10801,3178.8689566889793,3178.86895669,3178.8689566889793
10802,483.68449046012626,483.68449046,483.68449046012626
10803,10325.081127226173,10325.0811272,10325.081127226173
10804,2615.4649096769913,2615.46490968,2615.4649096769913
10805,449.8424172301321,449.84241723,449.8424172301321
10806,3857.6754275608328,3857.67542756,3857.6754275608328
10807,475.21001339765945,475.210013398,475.21001339765945
10808,1532.255068151514,1532.25506815,1532.255068151514
10809,2922.433748333672,2922.43374833,2922.433748333672
10810,10891.568677959085,10891.568678,10891.568677959085
10811,1066.1841788257655,1066.18417883,1066.1841788257655
10812,2992.7280719521723,2992.72807195,2992.7280719521723
10813,4503.419346277507,4503.41934628,4503.419346277507
10814,1444.1862280140504,1444.18622801,1444.1862280140504
10815,11543.643656229759,11543.6436562,11543.643656229759
10816,3909.39058605932,3909.39058606,3909.39058605932
10817,2671.379398974114,2671.37939897,2671.379398974114
10818,938.6885387284184,938.688538728,938.6885387284184
10819,2417.7584343870803,2417.75843439,2417.7584343870803
10820,6843.529433846882,6843.52943385,6843.529433846882
10821,1803.35213157151,1803.35213157,1803.35213157151
10822,114.24518947815713,114.245189478,114.24518947815713
10823,3902.985328792106,3902.98532879,3902.985328792106
10824,4156.02012064593,4156.02012065,4156.02012064593
10825,5487.774775895451,5487.7747759,5487.774775895451
10826,555.2917161652705,555.291716165,555.2917161652705
10827,500.32729022186584,500.327290222,500.32729022186584
10828,6563.982830999104,6563.982831,6563.982830999104
10829,600.3726953940959,600.372695394,600.3726953940959
10830,5723.710875512043,5723.71087551,5723.710875512043
10831,5210.930893919007,5210.93089392,5210.930893919007
10832,220.57142897177403,220.571428972,220.57142897177403
10833,697.6677417892278,697.667741789,697.6677417892278
10834,1403.4933159262027,1403.49331593,1403.4933159262027
10835,9521.036768924923,9521.03676892,9521.036768924923
10836,391.4920940314574,391.492094031,391.4920940314574
10837,9668.636837864167,9668.63683786,9668.636837864167
10838,3222.5210054142403,3222.52100541,3222.5210054142403
10839,671.5481405588125,671.548140559,671.5481405588125
10840,1738.1746295311773,1738.17462953,1738.1746295311773
10841,432.6893328652208,432.689332865,432.6893328652208
10842,4662.612253862969,4662.61225386,4662.612253862969
10843,299.6164893623651,299.616489362,299.6164893623651
10844,1814.021067000854,1814.021067,1814.021067000854
10845,1417.1938772165943,1417.19387722,1417.1938772165943
10846,5695.419644246467,5695.41964425,5695.419644246467
10847,4267.366194823618,4267.36619482,4267.366194823618
10848,3442.8737065373393,3442.87370654,3442.8737065373393
10849,5946.497254862776,5946.49725486,5946.497254862776
10850,544.6186782485379,544.618678249,544.6186782485379
10851,15510.648440346207,15510.6484403,15510.648440346207
10852,3040.6069161733453,3040.60691617,3040.6069161733453
10853,1755.3623226699685,1755.36232267,1755.3623226699685
10854,4693.1404717351425,4693.14047174,4693.1404717351425
10855,6363.45856349124,6363.45856349,6363.45856349124
10856,8384.981119224922,8384.98111922,8384.981119224922
10857,269.7030632076625,269.703063208,269.7030632076625
10858,411.37110196026174,411.37110196,411.37110196026174
10859,4290.467446235597,4290.46744624,4290.467446235597
10860,413.19367356317935,413.193673563,413.19367356317935
10861,2475.8627869582215,2475.86278696,2475.8627869582215
10862,264.7128294034913,264.712829403,264.7128294034913
10863,1200.5922597865872,1200.59225979,1200.5922597865872
10864,13.324770153165568,13.3247701532,13.324770153165568
10865,3311.7321184640864,3311.73211846,3311.7321184640864
10866,3214.6754417753627,3214.67544178,3214.6754417753627
10867,1085.9758649644311,1085.97586496,1085.9758649644311
10868,7572.842074093888,7572.84207409,7572.842074093888
10869,9550.68908924305,9550.68908924,9550.68908924305
10870,2332.5156294753374,2332.51562948,2332.5156294753374
10871,2146.8369064324856,2146.83690643,2146.8369064324856
10872,2189.57668988243,2189.57668988,2189.57668988243
10873,2597.7954067329742,2597.79540673,2597.7954067329742
10874,4333.464143561908,4333.46414356,4333.464143561908
10875,3791.365798614956,3791.36579861,3791.365798614956
10876,7886.284546065423,7886.28454607,7886.284546065423
10877,570.395336585851,570.395336586,570.395336585851
10878,2945.493061308974,2945.49306131,2945.493061308974
10879,929.230183754766,929.230183755,929.230183754766
10880,3709.2737014006184,3709.2737014,3709.2737014006184
10881,1488.3833312653567,1488.38333127,1488.3833312653567
10882,687.0608389286863,687.060838929,687.0608389286863
10883,345.5495502084006,345.549550208,345.5495502084006
10884,7825.282515043208,7825.28251504,7825.282515043208
10885,7629.6914977793795,7629.69149778,7629.6914977793795
10886,3962.531320682779,3962.53132068,3962.531320682779
10887,2196.062629455908,2196.06262946,2196.062629455908
10888,3667.985363587174,3667.98536359,3667.985363587174
10889,1244.9702757891455,1244.97027579,1244.9702757891455
10890,7153.1364596625635,7153.13645966,7153.1364596625635
10891,8834.279281290392,8834.27928129,8834.279281290392
10892,2853.327528313991,2853.32752831,2853.327528313991
10893,922.4483670893142,922.448367089,922.4483670893142
10894,2528.8847506025163,2528.8847506,2528.8847506025163
10895,4559.241321366137,4559.24132137,4559.241321366137
10896,7618.943870325056,7618.94387033,7618.943870325056
10897,1816.2126043835574,1816.21260438,1816.2126043835574
10898,8444.932649161778,8444.93264916,8444.932649161778
10899,7390.1561028772785,7390.15610288,7390.1561028772785
10900,5479.876508007154,5479.87650801,5479.876508007154
10901,2111.8300254658425,2111.83002547,2111.8300254658425
10902,6733.225361718057,6733.22536172,6733.225361718057
10903,4814.354145163141,4814.35414516,4814.354145163141
10904,1036.2628532805034,1036.26285328,1036.2628532805034
10905,364.39118470462347,364.391184705,364.39118470462347
10906,11491.907102383775,11491.9071024,11491.907102383775
10907,8238.388207193719,8238.38820719,8238.388207193719
10908,44.8367109305142,44.8367109305,44.8367109305142
10909,5377.002364073633,5377.00236407,5377.002364073633
10910,4709.672648893341,4709.67264889,4709.672648893341
10911,5184.864437329997,5184.86443733,5184.864437329997
10912,2917.654510997086,2917.654511,2917.654510997086
10913,1170.4629181573891,1170.46291816,1170.4629181573891
10914,3134.5727480969454,3134.5727481,3134.5727480969454
10915,2960.0909793407723,2960.09097934,2960.0909793407723
10916,7751.051929029277,7751.05192903,7751.051929029277
10917,635.0222697186804,635.022269719,635.0222697186804
10918,1304.8013411540717,1304.80134115,1304.8013411540717
10919,7040.552822852144,7040.55282285,7040.552822852144
10920,17521.575024529506,17521.5750245,17521.575024529506
10921,1223.8432702449998,1223.84327024,1223.8432702449998
10922,3880.2091069381713,3880.20910694,3880.2091069381713
10923,1171.7534402777167,1171.75344028,1171.7534402777167
10924,7725.046120387789,7725.04612039,7725.046120387789
10925,7154.135998062625,7154.13599806,7154.135998062625
10926,5281.560318499658,5281.5603185,5281.560318499658
10927,5794.790977749059,5794.79097775,5794.790977749059
10928,6373.846793511571,6373.84679351,6373.846793511571
10929,1322.1887760849095,1322.18877608,1322.1887760849095
10930,25698.96869513188,25698.9686951,25698.96869513188
10931,8610.766605767818,8610.76660577,8610.766605767818
10932,1079.683311234282,1079.68331123,1079.683311234282
10933,35848.24861145766,35848.2486115,35848.24861145766
10934,3446.459004302179,3446.4590043,3446.459004302179
10935,654.0205043703331,654.02050437,654.0205043703331
10936,1996.3644924410937,1996.36449244,1996.3644924410937
10937,2188.350595567778,2188.35059557,2188.350595567778
10938,1572.9537800847595,1572.95378008,1572.9537800847595
10939,832.5092507904078,832.50925079,832.5092507904078
10940,2181.250214601657,2181.2502146,2181.250214601657
10941,7536.824008444189,7536.82400844,7536.824008444189
10942,2156.208420283476,2156.20842028,2156.208420283476
10943,326.2501385650758,326.250138565,326.2501385650758
10944,426.56313845248724,426.563138452,426.56313845248724
10945,5936.00701230153,5936.0070123,5936.00701230153
10946,520.0084102215749,520.008410222,520.0084102215749
10947,451.0831322235829,451.083132224,451.0831322235829
10948,1014.5260060368632,1014.52600604,1014.5260060368632
10949,1857.7921415691949,1857.79214157,1857.7921415691949
10950,2847.3522451689105,2847.35224517,2847.3522451689105
10951,517.0759246721998,517.075924672,517.0759246721998
10952,2505.0206744390734,2505.02067444,2505.0206744390734
10953,88.12955827870638,88.1295582787,88.12955827870638
10954,1160.0467397803816,1160.04673978,1160.0467397803816
10955,2060.830214507425,2060.83021451,2060.830214507425
10956,1173.2643924141194,1173.26439241,1173.2643924141194
10957,1088.0819558183268,1088.08195582,1088.0819558183268
10958,4415.248282356504,4415.24828236,4415.248282356504
10959,695.0727676374975,695.072767637,695.0727676374975
10960,595.0140005987291,595.014000599,595.0140005987291
10961,730.1013161295023,730.10131613,730.1013161295023
10962,922.871038547132,922.871038547,922.871038547132
10963,10074.369066226727,10074.3690662,10074.369066226727
10964,11122.666967269706,11122.6669673,11122.666967269706
10965,7123.815166949624,7123.81516695,7123.815166949624
10966,965.523616963171,965.523616963,965.523616963171
10967,754.5711693072423,754.571169307,754.5711693072423
10968,32286.792828329228,32286.7928283,32286.792828329228
10969,3630.4810733068934,3630.48107331,3630.4810733068934
10970,6640.281253466762,6640.28125347,6640.281253466762
10971,3017.2956711508978,3017.29567115,3017.2956711508978
10972,1384.2304337627104,1384.23043376,1384.2304337627104
10973,533.9912148956809,533.991214896,533.9912148956809
10974,1645.1020460319808,1645.10204603,1645.1020460319808
10975,3720.7727841358915,3720.77278414,3720.7727841358915
10976,1698.8273941296743,1698.82739413,1698.8273941296743
10977,904.8757456384295,904.875745638,904.8757456384295
10978,2418.8647131486596,2418.86471315,2418.8647131486596
10979,1058.1373250015233,1058.137325,1058.1373250015233
10980,2583.860709910055,2583.86070991,2583.860709910055
10981,4319.7703468019845,4319.7703468,4319.7703468019845
10982,1255.4494079502333,1255.44940795,1255.4494079502333
10983,2457.6768607543954,2457.67686075,2457.6768607543954
10984,1632.6677946206771,1632.66779462,1632.6677946206771
10985,2386.8377846843723,2386.83778468,2386.8377846843723
10986,301.9086400873427,301.908640087,301.9086400873427
10987,1268.1494261569994,1268.14942616,1268.1494261569994
10988,516.7429816606555,516.742981661,516.7429816606555
10989,2642.910763833992,2642.91076383,2642.910763833992
10990,1691.2585667812857,1691.25856678,1691.2585667812857
10991,668.2100242879825,668.210024288,668.2100242879825
10992,2474.0058298365525,2474.00582984,2474.0058298365525
10993,386.1606647116906,386.160664712,386.1606647116906
10994,972.3506988582293,972.350698858,972.3506988582293
10995,6034.648401889959,6034.64840189,6034.648401889959
10996,1831.1160811994869,1831.1160812,1831.1160811994869
10997,2429.6709363556947,2429.67093636,2429.6709363556947
10998,617.408936748599,617.408936749,617.408936748599
10999,440.10100430951536,440.10100431,440.10100430951536
11000,507.14369592913874,507.143695929,507.14369592913874
11001,23975.187057414845,23975.1870574,23975.187057414845
11002,2323.907533070441,2323.90753307,2323.907533070441
11003,4035.3779665499146,4035.37796655,4035.3779665499146
11004,883.0453040900442,883.04530409,883.0453040900442
11005,2473.394066187037,2473.39406619,2473.394066187037
11006,1411.276462587364,1411.27646259,1411.276462587364
11007,10221.920137133768,10221.9201371,10221.920137133768
11008,6224.140448807314,6224.14044881,6224.140448807314
11009,5013.133836240804,5013.13383624,5013.133836240804
11010,6133.948434604218,6133.9484346,6133.948434604218
11011,366.91846756986035,366.91846757,366.91846756986035
11012,3584.281935101291,3584.2819351,3584.281935101291
11013,805.6506708999948,805.6506709,805.6506708999948
11014,4102.051235244488,4102.05123524,4102.051235244488
11015,1283.0081228630636,1283.00812286,1283.0081228630636
11016,2640.278475750668,2640.27847575,2640.278475750668
11017,5358.805988814504,5358.80598881,5358.805988814504
11018,5688.89773766927,5688.89773767,5688.89773766927
11019,3730.71307348611,3730.71307349,3730.71307348611
11020,511.0912053723622,511.091205372,511.0912053723622
11021,3469.956284295221,3469.9562843,3469.956284295221
11022,2319.8769649079695,2319.87696491,2319.8769649079695
11023,941.9781946963225,941.978194696,941.9781946963225
11024,610.5098131546744,610.509813155,610.5098131546744
11025,1142.3939818241718,1142.39398182,1142.3939818241718
11026,13457.923356561347,13457.9233566,13457.923356561347
11027,4668.445587077046,4668.44558708,4668.445587077046
11028,446.6596667204362,446.65966672,446.6596667204362
11029,496.3655561405217,496.365556141,496.3655561405217
11030,2093.5271009824155,2093.52710098,2093.5271009824155
11031,21225.49714110494,21225.4971411,21225.49714110494
11032,12725.71229622732,12725.7122962,12725.71229622732
11033,1139.8013757388271,1139.80137574,1139.8013757388271
11034,3010.6200773486785,3010.62007735,3010.6200773486785
11035,4416.001970727906,4416.00197073,4416.001970727906
11036,4407.424709110728,4407.42470911,4407.424709110728
11037,855.9371408547103,855.937140855,855.9371408547103
11038,6453.039411395171,6453.0394114,6453.039411395171
11039,4063.338338509364,4063.33833851,4063.338338509364
11040,1376.7079100110177,1376.70791001,1376.7079100110177
11041,5868.926420626016,5868.92642063,5868.926420626016
11042,3518.365053750848,3518.36505375,3518.365053750848
11043,88.46200855584812,88.4620085558,88.46200855584812
11044,7668.054796305735,7668.05479631,7668.054796305735
11045,1396.3389645648545,1396.33896456,1396.3389645648545
11046,1233.04688446496,1233.04688446,1233.04688446496
11047,645.47558278249,645.475582782,645.47558278249
11048,596.1584789130218,596.158478913,596.1584789130218
11049,2173.626014572845,2173.62601457,2173.626014572845
11050,593.0354028279354,593.035402828,593.0354028279354
11051,16910.65086018676,16910.6508602,16910.65086018676
11052,1257.7207016407483,1257.72070164,1257.7207016407483
11053,714.9358983272715,714.935898327,714.9358983272715
11054,412.8903562021856,412.890356202,412.8903562021856
11055,1920.5866191462674,1920.58661915,1920.5866191462674
11056,2378.105468459583,2378.10546846,2378.105468459583
11057,3750.3612482335043,3750.36124823,3750.3612482335043
11058,10118.126436034629,10118.126436,10118.126436034629
11059,1167.5681270836997,1167.56812708,1167.5681270836997
11060,4899.618603976995,4899.61860398,4899.618603976995
11061,729.5271405706968,729.527140571,729.5271405706968
11062,2225.5957431034712,2225.5957431,2225.5957431034712
11063,7560.059744907219,7560.05974491,7560.059744907219
11064,3383.0681942933725,3383.06819429,3383.0681942933725
11065,4390.072106721877,4390.07210672,4390.072106721877
11066,886.5460024797352,886.54600248,886.5460024797352
11067,231.82973239193507,231.829732392,231.82973239193507
11068,2481.5004919139,2481.50049191,2481.5004919139
11069,2790.077979884305,2790.07797988,2790.077979884305
11070,8101.497346945093,8101.49734695,8101.497346945093
11071,2826.603538178415,2826.60353818,2826.603538178415
11072,12021.328513848752,12021.3285138,12021.328513848752
11073,1550.1000651989036,1550.1000652,1550.1000651989036
11074,3076.5432038542563,3076.54320385,3076.5432038542563
11075,2340.54541844565,2340.54541845,2340.54541844565
11076,3561.525089847275,3561.52508985,3561.525089847275
11077,10440.43260062669,10440.4326006,10440.43260062669
11078,2710.2199124438985,2710.21991244,2710.2199124438985
11079,1381.5734693752645,1381.57346938,1381.5734693752645
11080,399.38632116155304,399.386321162,399.38632116155304
11081,993.2100814022529,993.210081402,993.2100814022529
11082,355.3179213223496,355.317921322,355.3179213223496
11083,21066.187164195133,21066.1871642,21066.187164195133
11084,932.1248592533191,932.124859253,932.1248592533191
11085,5136.082975239662,5136.08297524,5136.082975239662
11086,990.1382050749102,990.138205075,990.1382050749102
11087,211.47674475023229,211.47674475,211.47674475023229
11088,1282.982878831942,1282.98287883,1282.982878831942
11089,2348.014020510268,2348.01402051,2348.014020510268
11090,715.2113747518431,715.211374752,715.2113747518431
11091,4508.133899669187,4508.13389967,4508.133899669187
11092,1143.994305108674,1143.99430511,1143.994305108674
11093,4951.981543938042,4951.98154394,4951.981543938042
11094,460.68070941584193,460.680709416,460.68070941584193
11095,2885.3477517374686,2885.34775174,2885.3477517374686
11096,1647.8283121502309,1647.82831215,1647.8283121502309
11097,2363.252169842792,2363.25216984,2363.252169842792
11098,2515.8537666234256,2515.85376662,2515.8537666234256
11099,2857.5715977704967,2857.57159777,2857.5715977704967
11100,929.2420526138222,929.242052614,929.2420526138222
11101,4128.653603681645,4128.65360368,4128.653603681645
11102,624.5673571925012,624.567357193,624.5673571925012
11103,23655.217492623506,23655.2174926,23655.217492623506
11104,671.5276853801743,671.52768538,671.5276853801743
11105,13138.608683212047,13138.6086832,13138.608683212047
11106,3543.7842776989255,3543.7842777,3543.7842776989255
11107,1450.3245382516445,1450.32453825,1450.3245382516445
11108,7224.803558013748,7224.80355801,7224.803558013748
11109,676.9986940375866,676.998694038,676.9986940375866
11110,2463.637175880542,2463.63717588,2463.637175880542
11111,1352.5973000322238,1352.59730003,1352.5973000322238
11112,4214.536113841838,4214.53611384,4214.536113841838
11113,3308.0956384334613,3308.09563843,3308.0956384334613
11114,20477.036430452354,20477.0364305,20477.036430452354
11115,2637.4182614262795,2637.41826143,2637.4182614262795
11116,335.69884742293954,335.698847423,335.69884742293954
11117,987.1223650784433,987.122365078,987.1223650784433
11118,1876.2037768318817,1876.20377683,1876.2037768318817
11119,462.98186927970585,462.98186928,462.98186927970585
11120,423.39167909130344,423.391679091,423.39167909130344
11121,227.63015460186193,227.630154602,227.63015460186193
11122,2244.6962711818674,2244.69627118,2244.6962711818674
11123,1601.8929998503254,1601.89299985,1601.8929998503254
11124,8140.838243887711,8140.83824389,8140.838243887711
11125,2343.0258890766977,2343.02588908,2343.0258890766977
11126,533.5341306977228,533.534130698,533.5341306977228
11127,688.2666826358312,688.266682636,688.2666826358312
11128,576.6268444594253,576.626844459,576.6268444594253
11129,7836.885797950198,7836.88579795,7836.885797950198
11130,3963.6213025578327,3963.62130256,3963.6213025578327
11131,2135.7046406467725,2135.70464065,2135.7046406467725
11132,4700.827647218151,4700.82764722,4700.827647218151
11133,1310.481247788744,1310.48124779,1310.481247788744
11134,5778.487735318022,5778.48773532,5778.487735318022
11135,672.9615932433522,672.961593243,672.9615932433522
11136,627.9776310951202,627.977631095,627.9776310951202
11137,459.65790771320275,459.657907713,459.65790771320275
11138,363.99987247595175,363.999872476,363.99987247595175
11139,247.81364085418798,247.813640854,247.81364085418798
11140,2143.9159422825114,2143.91594228,2143.9159422825114
11141,3320.1948112090777,3320.19481121,3320.1948112090777
11142,20989.64615604389,20989.646156,20989.64615604389
11143,1368.3118299568002,1368.31182996,1368.3118299568002
11144,3599.5083723943426,3599.50837239,3599.5083723943426
11145,1718.0994426807918,1718.09944268,1718.0994426807918
11146,429.0857146029883,429.085714603,429.0857146029883
11147,6602.336308105508,6602.33630811,6602.336308105508
11148,663.5480211995572,663.5480212,663.5480211995572
11149,375.2360482562286,375.236048256,375.2360482562286
11150,518.6541151296369,518.65411513,518.6541151296369
11151,472.69925190130607,472.699251901,472.69925190130607
11152,5654.936875503103,5654.9368755,5654.936875503103
11153,10280.726290580877,10280.7262906,10280.726290580877
11154,4765.096737828715,4765.09673783,4765.096737828715
11155,6448.104085323721,6448.10408532,6448.104085323721
11156,2711.5781563376995,2711.57815634,2711.5781563376995
11157,7360.165961372722,7360.16596137,7360.165961372722
11158,276.0855409837311,276.085540984,276.0855409837311
11159,989.5758919968961,989.575891997,989.5758919968961
11160,4061.723789309572,4061.72378931,4061.723789309572
11161,165.40663927980393,165.40663928,165.40663927980393
11162,4729.9988847736495,4729.99888477,4729.9988847736495
11163,2752.2517804311224,2752.25178043,2752.2517804311224
11164,3251.358181715399,3251.35818172,3251.358181715399
11165,1146.4248768707964,1146.42487687,1146.4248768707964
11166,5290.250263379235,5290.25026338,5290.250263379235
11167,4072.9166257002307,4072.9166257,4072.9166257002307
11168,2212.4042467139284,2212.40424671,2212.4042467139284
11169,2141.4565810712706,2141.45658107,2141.4565810712706
11170,942.0819364102541,942.08193641,942.0819364102541
11171,1155.3015706132783,1155.30157061,1155.3015706132783
11172,5304.01176920614,5304.01176921,5304.01176920614
11173,6408.271171411018,6408.27117141,6408.271171411018
11174,80.21951211775871,80.2195121178,80.21951211775871
11175,6207.475933130019,6207.47593313,6207.475933130019
11176,3473.558115491722,3473.55811549,3473.558115491722
11177,2083.2581078884537,2083.25810789,2083.2581078884537
11178,854.4249773963563,854.424977396,854.4249773963563
11179,579.0748230500571,579.07482305,579.0748230500571
11180,6362.901896744762,6362.90189674,6362.901896744762
11181,3805.7377302749746,3805.73773027,3805.7377302749746
11182,24993.122931397753,24993.1229314,24993.122931397753
11183,130.34077894424462,130.340778944,130.34077894424462
11184,1137.3498417495805,1137.34984175,1137.3498417495805
11185,1853.1428504112837,1853.14285041,1853.1428504112837
11186,4884.2625660643225,4884.26256606,4884.2625660643225
11187,8980.564839326233,8980.56483933,8980.564839326233
11188,426.9880051169348,426.988005117,426.9880051169348
11189,656.6718402353038,656.671840235,656.6718402353038
11190,1249.4429619856717,1249.44296199,1249.4429619856717
11191,1654.8545576529937,1654.85455765,1654.8545576529937
11192,6044.237571103515,6044.2375711,6044.237571103515
11193,1260.9596217223857,1260.95962172,1260.9596217223857
11194,2964.856163546836,2964.85616355,2964.856163546836
11195,3688.4807304711517,3688.48073047,3688.4807304711517
11196,2998.426314290057,2998.42631429,2998.426314290057
11197,1006.480865770907,1006.48086577,1006.480865770907
11198,1089.1364710852722,1089.13647109,1089.1364710852722
11199,528.1771395843062,528.177139584,528.1771395843062
11200,193.60619288028653,193.60619288,193.60619288028653
11201,262.0223362110901,262.022336211,262.0223362110901
11202,375.7316350751364,375.731635075,375.7316350751364
11203,4255.250769675698,4255.25076968,4255.250769675698
11204,16896.650765075083,16896.6507651,16896.650765075083
11205,2227.162069554098,2227.16206955,2227.162069554098
11206,498.8241520029138,498.824152003,498.8241520029138
11207,1031.8271149953841,1031.827115,1031.8271149953841
11208,2140.070506536259,2140.07050654,2140.070506536259
11209,613.217911273393,613.217911273,613.217911273393
11210,1299.7671287946962,1299.76712879,1299.7671287946962
11211,5852.247089867505,5852.24708987,5852.247089867505
11212,3018.13375456387,3018.13375456,3018.13375456387
11213,2883.5140426624125,2883.51404266,2883.5140426624125
11214,645.7995155362898,645.799515536,645.7995155362898
11215,1181.8964167684844,1181.89641677,1181.8964167684844
11216,1390.2168907735738,1390.21689077,1390.2168907735738
11217,4061.210783364191,4061.21078336,4061.210783364191
11218,1226.3555369759629,1226.35553698,1226.3555369759629
11219,2598.048402148697,2598.04840215,2598.048402148697
11220,213.2726615512012,213.272661551,213.2726615512012
11221,8349.069472223617,8349.06947222,8349.069472223617
11222,713.4793303862317,713.479330386,713.4793303862317
11223,4360.399732317867,4360.39973232,4360.399732317867
11224,1074.243882052667,1074.24388205,1074.243882052667
11225,1873.252890980939,1873.25289098,1873.252890980939
11226,2215.543424288932,2215.54342429,2215.543424288932
11227,1544.1889396006454,1544.1889396,1544.1889396006454
11228,6864.341125065335,6864.34112507,6864.341125065335
11229,1746.818395133025,1746.81839513,1746.818395133025
11230,1398.240577321541,1398.24057732,1398.240577321541
11231,9008.863127267628,9008.86312727,9008.863127267628
11232,1766.1811223370075,1766.18112234,1766.1811223370075
11233,1871.438654260462,1871.43865426,1871.438654260462
11234,738.8022995579136,738.802299558,738.8022995579136
11235,1628.6545532719217,1628.65455327,1628.6545532719217
11236,2763.928901635254,2763.92890164,2763.928901635254
11237,1079.7498672127563,1079.74986721,1079.7498672127563
11238,619.2403349384505,619.240334938,619.2403349384505
11239,1968.5114939901805,1968.51149399,1968.5114939901805
11240,1524.1634739983956,1524.163474,1524.1634739983956
11241,2577.6653082514076,2577.66530825,2577.6653082514076
11242,2335.1107679124602,2335.11076791,2335.1107679124602
11243,2697.547972718357,2697.54797272,2697.547972718357
11244,3282.0609420135333,3282.06094201,3282.0609420135333
11245,598.9332017888803,598.933201789,598.9332017888803
11246,23774.350728261074,23774.3507283,23774.350728261074
11247,1903.3232644204077,1903.32326442,1903.3232644204077
11248,2935.4554188366888,2935.45541884,2935.4554188366888
11249,1729.3886065077977,1729.38860651,1729.3886065077977
11250,670.9915176832401,670.991517683,670.9915176832401
11251,2113.699759447402,2113.69975945,2113.699759447402
11252,2511.8204636137543,2511.82046361,2511.8204636137543
11253,5674.507494511727,5674.50749451,5674.507494511727
11254,2808.381524313668,2808.38152431,2808.381524313668
11255,6533.723218925574,6533.72321893,6533.723218925574
11256,1595.037375030328,1595.03737503,1595.037375030328
11257,2409.2061295945095,2409.20612959,2409.2061295945095
11258,5230.801928069831,5230.80192807,5230.801928069831
11259,2181.005433364344,2181.00543336,2181.005433364344
11260,3273.1444160263586,3273.14441603,3273.1444160263586
11261,1228.1490969328408,1228.14909693,1228.1490969328408
11262,1791.699080241777,1791.69908024,1791.699080241777
11263,3420.22112749829,3420.2211275,3420.22112749829
11264,1955.951892875189,1955.95189288,1955.951892875189
11265,6879.199623392396,6879.19962339,6879.199623392396
11266,17162.094257280594,17162.0942573,17162.094257280594
11267,2745.9205356800376,2745.92053568,2745.9205356800376
11268,9028.334709390643,9028.33470939,9028.334709390643
11269,1817.0504774141657,1817.05047741,1817.0504774141657
11270,3710.224864683214,3710.22486468,3710.224864683214
11271,4262.985416823542,4262.98541682,4262.985416823542
11272,2828.5696547631173,2828.56965476,2828.5696547631173
11273,1492.6501891844446,1492.65018918,1492.6501891844446
11274,3173.864722432024,3173.86472243,3173.864722432024
11275,1251.307687022616,1251.30768702,1251.307687022616
11276,3058.148563119774,3058.14856312,3058.148563119774
11277,6465.646123081307,6465.64612308,6465.646123081307
11278,798.8412166416114,798.841216642,798.8412166416114
11279,7399.264657732938,7399.26465773,7399.264657732938
11280,1138.0102927109424,1138.01029271,1138.0102927109424
11281,879.7361617126868,879.736161713,879.7361617126868
11282,2949.8439377901277,2949.84393779,2949.8439377901277
11283,856.6096554565588,856.609655457,856.6096554565588
11284,712.3293588835011,712.329358884,712.3293588835011
11285,13213.011852244748,13213.0118522,13213.011852244748
11286,332.3887220414977,332.388722041,332.3887220414977
11287,7781.322877338679,7781.32287734,7781.322877338679
11288,1097.4379504616297,1097.43795046,1097.4379504616297
11289,4089.358357650358,4089.35835765,4089.358357650358
11290,5042.5323480092,5042.53234801,5042.5323480092
11291,2090.9226168590912,2090.92261686,2090.9226168590912
11292,181.73526873576407,181.735268736,181.73526873576407
11293,1205.3656091312293,1205.36560913,1205.3656091312293
11294,50683.4891493652,50683.4891494,50683.4891493652
11295,19914.299023151165,19914.2990232,19914.299023151165
11296,1074.469124261428,1074.46912426,1074.469124261428
11297,7123.926941984757,7123.92694198,7123.926941984757
11298,13.112918462549214,13.1129184625,13.112918462549214
11299,1289.0392954961967,1289.0392955,1289.0392954961967
11300,790.294086139941,790.29408614,790.294086139941
11301,1703.790006286991,1703.79000629,1703.790006286991
11302,13884.799658976419,13884.799659,13884.799658976419
11303,1067.0948437719471,1067.09484377,1067.0948437719471
11304,1718.7772548735988,1718.77725487,1718.7772548735988
11305,1272.781998987241,1272.78199899,1272.781998987241
11306,1171.7509581750253,1171.75095818,1171.7509581750253
11307,403.3309153702485,403.33091537,403.3309153702485
11308,2816.088486474108,2816.08848647,2816.088486474108
11309,792.9240186777508,792.924018678,792.9240186777508
11310,159.7226927184321,159.722692718,159.7226927184321
11311,2729.412399291193,2729.41239929,2729.412399291193
11312,1153.9531424450577,1153.95314245,1153.9531424450577
11313,9513.662430175977,9513.66243018,9513.662430175977
11314,586.4941756380567,586.494175638,586.4941756380567
11315,491.22219662900375,491.222196629,491.22219662900375
11316,5690.057384277552,5690.05738428,5690.057384277552
11317,1919.7380546255667,1919.73805463,1919.7380546255667
11318,3749.46217633116,3749.46217633,3749.46217633116
11319,1962.6114492902761,1962.61144929,1962.6114492902761
11320,3436.2462735240338,3436.24627352,3436.2462735240338
11321,1644.8948861222077,1644.89488612,1644.8948861222077
11322,4025.177312716074,4025.17731272,4025.177312716074
11323,11365.401593991166,11365.401594,11365.401593991166
11324,402.8739664448509,402.873966445,402.8739664448509
11325,6560.395124597577,6560.3951246,6560.395124597577
11326,2441.1903728792963,2441.19037288,2441.1903728792963
11327,2156.854672015811,2156.85467202,2156.854672015811
11328,1753.5923623913723,1753.59236239,1753.5923623913723
11329,1340.1812445617395,1340.18124456,1340.1812445617395
11330,3989.0611503861155,3989.06115039,3989.0611503861155
11331,3325.654481293624,3325.65448129,3325.654481293624
11332,2341.1488562801824,2341.14885628,2341.1488562801824
11333,2721.9034692715272,2721.90346927,2721.9034692715272
11334,3245.6648057018197,3245.6648057,3245.6648057018197
11335,799.5563214719942,799.556321472,799.5563214719942
11336,1602.349725753717,1602.34972575,1602.349725753717
11337,1962.816337752175,1962.81633775,1962.816337752175
11338,2054.3290804519424,2054.32908045,2054.3290804519424
11339,8129.293038830966,8129.29303883,8129.293038830966
11340,3135.152457269332,3135.15245727,3135.152457269332
11341,1542.8172740661614,1542.81727407,1542.8172740661614
11342,14119.489616714503,14119.4896167,14119.489616714503
11343,120.17669622158382,120.176696222,120.17669622158382
11344,1517.6500400661014,1517.65004007,1517.6500400661014
11345,4477.194866182739,4477.19486618,4477.194866182739
11346,1057.9879500815916,1057.98795008,1057.9879500815916
11347,8515.312314905781,8515.31231491,8515.312314905783
11348,2312.510601080149,2312.51060108,2312.510601080149
11349,4917.720221959106,4917.72022196,4917.720221959106
11350,3765.5804779438704,3765.58047794,3765.5804779438704
11351,2376.2218104320455,2376.22181043,2376.2218104320455
11352,3304.67497657179,3304.67497657,3304.67497657179
11353,550.7528254557566,550.752825456,550.7528254557566
11354,1511.9499492814914,1511.94994928,1511.9499492814914
11355,3330.125295481012,3330.12529548,3330.125295481012
11356,22211.087791210655,22211.0877912,22211.087791210655
11357,3289.4233608505597,3289.42336085,3289.4233608505597
11358,17384.53490801536,17384.534908,17384.53490801536
11359,11143.211454339089,11143.2114543,11143.211454339089
11360,1272.8336609132996,1272.83366091,1272.8336609132996
11361,447.34219857436875,447.342198574,447.34219857436875
11362,1122.5218913925305,1122.52189139,1122.5218913925305
11363,1694.8652573916393,1694.86525739,1694.8652573916393
11364,1306.7042405311067,1306.70424053,1306.7042405311067
11365,1584.7010856401055,1584.70108564,1584.7010856401055
11366,8586.06025415824,8586.06025416,8586.06025415824
11367,7232.572687094606,7232.57268709,7232.572687094606
11368,752.3202756377779,752.320275638,752.3202756377779
11369,3395.83766220296,3395.8376622,3395.83766220296
11370,3441.168430404915,3441.1684304,3441.168430404915
11371,647.5121801972795,647.512180197,647.5121801972795
11372,412.92077590107624,412.920775901,412.92077590107624
11373,3091.865842448711,3091.86584245,3091.865842448711
11374,4121.5369255518945,4121.53692555,4121.5369255518945
11375,420.85866394202236,420.858663942,420.85866394202236
11376,3869.726305539771,3869.72630554,3869.726305539771
11377,2371.03025344992,2371.03025345,2371.03025344992
11378,4901.451202715524,4901.45120272,4901.451202715524
11379,489.2837592361693,489.283759236,489.2837592361693
11380,4764.046083511743,4764.04608351,4764.046083511743
11381,472.77427077224104,472.774270772,472.77427077224104
11382,5466.03776884657,5466.03776885,5466.03776884657
11383,1120.3029835109883,1120.30298351,1120.3029835109883
11384,7918.65960551051,7918.65960551,7918.65960551051
11385,1358.6633326356348,1358.66333264,1358.6633326356348
11386,4482.152431468791,4482.15243147,4482.152431468791
11387,2389.9887049188856,2389.98870492,2389.9887049188856
11388,136.13940700031196,136.139407,136.13940700031196
11389,7023.5783599839715,7023.57835998,7023.5783599839715
11390,372.05611668041024,372.05611668,372.05611668041024
11391,5175.113705052795,5175.11370505,5175.113705052795
11392,1285.0995409264722,1285.09954093,1285.0995409264722
11393,2561.794134763618,2561.79413476,2561.794134763618
11394,2379.284534981831,2379.28453498,2379.284534981831
11395,14.133273470005369,14.13327347,14.133273470005369
11396,5018.2194138997,5018.2194139,5018.2194138997
11397,6129.900709297234,6129.9007093,6129.900709297234
11398,1866.9794651901097,1866.97946519,1866.9794651901097
11399,2830.0526656985962,2830.0526657,2830.0526656985962
11400,341.5057579524246,341.505757952,341.5057579524246
11401,1141.190504796051,1141.1905048,1141.190504796051
11402,1460.9387795732691,1460.93877957,1460.9387795732691
11403,1279.9778859583196,1279.97788596,1279.9778859583196
11404,67.67856780380689,67.6785678038,67.67856780380689
11405,605.957745483053,605.957745483,605.957745483053
11406,1946.7399163788334,1946.73991638,1946.7399163788334
11407,5347.920683032068,5347.92068303,5347.920683032068
11408,3324.681110881983,3324.68111088,3324.681110881983
11409,1665.1467984252179,1665.14679843,1665.1467984252179
11410,2619.697089284207,2619.69708928,2619.697089284207
11411,5190.222379023584,5190.22237902,5190.222379023584
11412,1086.3754195613071,1086.37541956,1086.3754195613071
11413,3419.1105270099256,3419.11052701,3419.1105270099256
11414,1718.5665168324063,1718.56651683,1718.5665168324063
11415,3939.601260963575,3939.60126096,3939.601260963575
11416,2252.621357677296,2252.62135768,2252.621357677296
11417,2305.0830931878227,2305.08309319,2305.0830931878227
11418,5884.725950584144,5884.72595058,5884.725950584144
11419,1463.8537777895153,1463.85377779,1463.8537777895153
11420,1080.1868088188828,1080.18680882,1080.1868088188828
11421,3769.5238155687207,3769.52381557,3769.5238155687207
11422,3921.5255676343154,3921.52556763,3921.5255676343154
11423,67690.37237856974,67690.3723786,67690.37237856974
11424,305.76746392451594,305.767463925,305.76746392451594
11425,4370.545066997041,4370.545067,4370.545066997041
11426,2517.222031535986,2517.22203154,2517.222031535986
11427,2393.8464656887713,2393.84646569,2393.8464656887713
11428,1104.9606758650098,1104.96067587,1104.9606758650098
11429,4192.721108066151,4192.72110807,4192.721108066151
11430,1847.1688906655788,1847.16889067,1847.1688906655788
11431,1222.2317491168908,1222.23174912,1222.2317491168908
11432,893.0363120993496,893.036312099,893.0363120993496
11433,1540.1249478355917,1540.12494784,1540.1249478355917
11434,1716.5312515312396,1716.53125153,1716.5312515312396
11435,643.3908892987844,643.390889299,643.3908892987844
11436,2309.4036167371896,2309.40361674,2309.4036167371896
11437,213.45847692799066,213.458476928,213.45847692799066
11438,2199.869891503665,2199.8698915,2199.869891503665
11439,3931.458021968654,3931.45802197,3931.458021968654
11440,1231.3243903826044,1231.32439038,1231.3243903826044
11441,6036.997667521603,6036.99766752,6036.997667521603
11442,5364.086133729305,5364.08613373,5364.086133729305
11443,9630.0876667472,9630.08766675,9630.0876667472
11444,31.590095353222544,31.5900953532,31.590095353222544
11445,1519.4616579664228,1519.46165797,1519.4616579664228
11446,357.97533767969617,357.97533768,357.97533767969617
11447,1137.5972087667672,1137.59720877,1137.5972087667672
11448,550.9696710872878,550.969671087,550.9696710872878
11449,941.8772733970285,941.877273397,941.8772733970285
11450,5562.3190794960265,5562.3190795,5562.3190794960265
11451,199.18258675479552,199.182586755,199.18258675479552
11452,2721.7663697004477,2721.7663697,2721.7663697004477
11453,392.3814160397021,392.38141604,392.3814160397021
11454,1496.518871349058,1496.51887135,1496.518871349058
11455,11376.59145087215,11376.5914509,11376.59145087215
11456,2308.287166006738,2308.28716601,2308.287166006738
11457,2274.599536516618,2274.59953652,2274.599536516618
11458,966.0289980654787,966.028998065,966.0289980654787
11459,2695.665244346973,2695.66524435,2695.665244346973
11460,1294.6585115636258,1294.65851156,1294.6585115636258
11461,978.0630940839632,978.063094084,978.0630940839632
11462,6723.624254269644,6723.62425427,6723.624254269644
11463,812.4421862411837,812.442186241,812.4421862411837
11464,4990.412043357806,4990.41204336,4990.412043357806
11465,17716.068362673508,17716.0683627,17716.068362673508
11466,2462.5019673365136,2462.50196734,2462.5019673365136
11467,6412.34337409325,6412.34337409,6412.34337409325
11468,5763.523110570646,5763.52311057,5763.523110570646
11469,3932.9615602412396,3932.96156024,3932.9615602412396
11470,5026.439033328365,5026.43903333,5026.439033328365
11471,4363.020210512818,4363.02021051,4363.020210512818
11472,5431.545549442005,5431.54554944,5431.545549442005
11473,789.8185506925934,789.818550693,789.8185506925934
11474,2370.9036722011574,2370.9036722,2370.9036722011574
11475,919.3239806748765,919.323980675,919.3239806748765
11476,2018.5205344003907,2018.5205344,2018.5205344003907
11477,3179.5716944590713,3179.57169446,3179.5716944590713
11478,3271.8899224667903,3271.88992247,3271.8899224667903
11479,908.182228292219,908.182228292,908.182228292219
11480,3608.0896934719917,3608.08969347,3608.0896934719917
11481,7568.36924094438,7568.36924094,7568.36924094438
11482,7554.318401679865,7554.31840168,7554.318401679865
11483,1265.1738604807838,1265.17386048,1265.1738604807838
11484,13713.12866138379,13713.1286614,13713.12866138379
11485,492.2317643132028,492.231764313,492.2317643132028
11486,4395.997513150078,4395.99751315,4395.997513150078
11487,1038.5785505751876,1038.57855058,1038.5785505751876
11488,1761.5240868396795,1761.52408684,1761.5240868396795
11489,4063.875147975535,4063.87514798,4063.875147975535
11490,1513.5832214983516,1513.5832215,1513.5832214983516
11491,31.98367653462276,31.9836765346,31.98367653462276
11492,1498.3646967416328,1498.36469674,1498.3646967416328
11493,1636.2648899807339,1636.26488998,1636.2648899807339
11494,4338.9507833433245,4338.95078334,4338.9507833433245
11495,4212.503244094038,4212.50324409,4212.503244094038
11496,2390.3113445137365,2390.31134451,2390.3113445137365
11497,11281.95807299157,11281.958073,11281.95807299157
11498,2018.381899220611,2018.38189922,2018.381899220611
11499,1759.5610934106169,1759.56109341,1759.5610934106169
11500,6161.0214392450025,6161.02143925,6161.0214392450025
11501,2461.6348069474366,2461.63480695,2461.6348069474366
11502,1384.72452968846,1384.72452969,1384.72452968846
11503,3826.1239487889993,3826.12394879,3826.1239487889993
11504,1204.71823803061,1204.71823803,1204.71823803061
11505,2515.6889368549714,2515.68893685,2515.6889368549714
11506,1913.4025267955747,1913.4025268,1913.4025267955747
11507,5217.786798579027,5217.78679858,5217.786798579027
11508,5248.251269467626,5248.25126947,5248.251269467626
11509,422.9603757700019,422.96037577,422.9603757700019
11510,530.0863397065289,530.086339707,530.0863397065289
11511,987.7858975836381,987.785897584,987.7858975836381
11512,15915.699146568737,15915.6991466,15915.699146568737
11513,1252.2321638263068,1252.23216383,1252.2321638263068
11514,12937.972660584624,12937.9726606,12937.972660584624
11515,2661.886884939602,2661.88688494,2661.886884939602
11516,1948.9255198596738,1948.92551986,1948.9255198596738
11517,8217.596054431388,8217.59605443,8217.596054431388
11518,1128.5265051409774,1128.52650514,1128.5265051409774
11519,2895.2980873989086,2895.2980874,2895.2980873989086
11520,832.9461337015225,832.946133702,832.9461337015225
11521,2200.317682423416,2200.31768242,2200.317682423416
11522,5861.670427546668,5861.67042755,5861.670427546668
11523,877.7557189948527,877.755718995,877.7557189948527
11524,2082.374675084814,2082.37467508,2082.374675084814
11525,2902.540234148774,2902.54023415,2902.540234148774
11526,7254.783999526055,7254.78399953,7254.783999526055
11527,3839.0177462625006,3839.01774626,3839.0177462625006
11528,5431.238542848748,5431.23854285,5431.238542848748
11529,3521.9914776520577,3521.99147765,3521.9914776520577
11530,3958.4938487476766,3958.49384875,3958.4938487476766
11531,1790.0129626863675,1790.01296269,1790.0129626863675
11532,1009.6559526442221,1009.65595264,1009.6559526442221
11533,1101.0331876512773,1101.03318765,1101.0331876512773
11534,3360.328014089575,3360.32801409,3360.328014089575
11535,5301.5832964921365,5301.58329649,5301.5832964921365
11536,279.5229371994575,279.522937199,279.5229371994575
11537,9496.655699580764,9496.65569958,9496.655699580764
11538,200.24367529696002,200.243675297,200.24367529696002
11539,4018.0717975239922,4018.07179752,4018.0717975239922
11540,1829.264222571386,1829.26422257,1829.264222571386
11541,1686.6852681341582,1686.68526813,1686.6852681341582
11542,1088.7057201646764,1088.70572016,1088.7057201646764
11543,2226.3415890521333,2226.34158905,2226.3415890521333
11544,1715.0929522598367,1715.09295226,1715.0929522598367
11545,2978.853244864682,2978.85324486,2978.853244864682
11546,17768.18509824662,17768.1850982,17768.18509824662
11547,2675.925449029748,2675.92544903,2675.925449029748
11548,1346.747519153553,1346.74751915,1346.747519153553
11549,1498.4821548071127,1498.48215481,1498.4821548071127
11550,2220.1765473622468,2220.17654736,2220.1765473622468
11551,2324.1282593715664,2324.12825937,2324.1282593715664
11552,2368.0352177505797,2368.03521775,2368.0352177505797
11553,21079.658049133024,21079.6580491,21079.658049133024
11554,4050.96436264923,4050.96436265,4050.96436264923
11555,15618.677297709517,15618.6772977,15618.677297709517
11556,1203.2574386178158,1203.25743862,1203.2574386178158
11557,3718.143810986989,3718.14381099,3718.143810986989
11558,6792.601571155734,6792.60157116,6792.601571155734
11559,5212.669576010418,5212.66957601,5212.669576010418
11560,713.2288455642055,713.228845564,713.2288455642055
11561,1733.2403098433658,1733.24030984,1733.2403098433658
11562,1669.6439525279113,1669.64395253,1669.6439525279113
11563,115.9824402822151,115.982440282,115.9824402822151
11564,2610.1184439300173,2610.11844393,2610.1184439300173
11565,21799.860561535508,21799.8605615,21799.860561535508
11566,1968.3786265459523,1968.37862655,1968.3786265459523
11567,6422.568036023898,6422.56803602,6422.568036023898
11568,205.160259705164,205.160259705,205.160259705164
11569,25966.347082713302,25966.3470827,25966.347082713302
11570,2842.84555717307,2842.84555717,2842.84555717307
11571,27414.138510936886,27414.1385109,27414.138510936886
11572,4553.398849029132,4553.39884903,4553.398849029132
11573,1014.6203946169109,1014.62039462,1014.6203946169109
11574,96188.04237844731,96188.0423784,96188.04237844731
11575,2027.9714047086457,2027.97140471,2027.9714047086457
11576,1992.091143791544,1992.09114379,1992.091143791544
11577,5897.140004625108,5897.14000463,5897.140004625108
11578,2526.3033959234745,2526.30339592,2526.3033959234745
11579,4127.868277838353,4127.86827784,4127.868277838353
11580,23789.632207591243,23789.6322076,23789.632207591243
11581,776.1227573181515,776.122757318,776.1227573181515
11582,5388.872785494233,5388.87278549,5388.872785494233
11583,1060.7105066931354,1060.71050669,1060.7105066931354
11584,2461.6003715876486,2461.60037159,2461.6003715876486
11585,13119.940852933241,13119.9408529,13119.940852933241
11586,10427.003515038905,10427.003515,10427.003515038905
11587,342.7792916570766,342.779291657,342.7792916570766
11588,5336.946396920777,5336.94639692,5336.946396920777
11589,5280.904962122606,5280.90496212,5280.904962122606
11590,7111.148149515864,7111.14814952,7111.148149515864
11591,612.8488046480342,612.848804648,612.8488046480342
11592,724.8834850449813,724.883485045,724.8834850449813
11593,753.2173539814903,753.217353981,753.2173539814903
11594,4892.918904169699,4892.91890417,4892.918904169699
11595,1378.5802417853374,1378.58024179,1378.5802417853374
11596,5348.481476559737,5348.48147656,5348.481476559737
11597,1802.1567282775434,1802.15672828,1802.1567282775434
11598,1882.9930779710567,1882.99307797,1882.9930779710567
11599,2293.1126672860296,2293.11266729,2293.1126672860296
11600,1154.042421341586,1154.04242134,1154.042421341586
11601,5678.154863317073,5678.15486332,5678.154863317073
11602,848.7903435926811,848.790343593,848.7903435926811
11603,1837.442162800147,1837.4421628,1837.442162800147
11604,3027.096524547586,3027.09652455,3027.096524547586
11605,2196.504934419172,2196.50493442,2196.504934419172
11606,2544.199146604137,2544.1991466,2544.199146604137
11607,12988.364306804913,12988.3643068,12988.364306804913
11608,3505.6741184948555,3505.67411849,3505.6741184948555
11609,1272.3002531938982,1272.30025319,1272.3002531938982
11610,5076.942983514137,5076.94298351,5076.942983514137
11611,5577.933842662455,5577.93384266,5577.933842662455
11612,2254.305625665502,2254.30562567,2254.305625665502
11613,8580.816605186441,8580.81660519,8580.816605186441
11614,6502.4217008676615,6502.42170087,6502.4217008676615
11615,3728.929884295631,3728.9298843,3728.929884295631
11616,296.7522821650713,296.752282165,296.7522821650713
11617,2941.0084188835995,2941.00841888,2941.0084188835995
11618,8797.72354796804,8797.72354797,8797.72354796804
11619,11371.64527679525,11371.6452768,11371.64527679525
11620,4117.725571915512,4117.72557192,4117.725571915512
11621,904.5713094201516,904.57130942,904.5713094201516
11622,347.1207788629961,347.120778863,347.1207788629961
11623,2616.9086340876256,2616.90863409,2616.9086340876256
11624,987.0403906822935,987.040390682,987.0403906822935
11625,385.07048675473015,385.070486755,385.07048675473015
11626,3928.4411574077885,3928.44115741,3928.4411574077885
11627,8888.588852786444,8888.58885279,8888.588852786444
11628,1010.1066413316473,1010.10664133,1010.1066413316473
11629,18415.758525161156,18415.7585252,18415.758525161156
11630,3403.322708070128,3403.32270807,3403.322708070128
11631,4116.79313713701,4116.79313714,4116.79313713701
11632,217.77310940690973,217.773109407,217.77310940690973
11633,5079.054967164106,5079.05496716,5079.054967164106
11634,936.9345169972617,936.934516997,936.9345169972617
11635,4392.4579523647435,4392.45795236,4392.4579523647435
11636,364.0783649091436,364.078364909,364.0783649091436
11637,17100.893137520907,17100.8931375,17100.893137520907
11638,1670.4235495388143,1670.42354954,1670.4235495388143
11639,2523.8312986842993,2523.83129868,2523.8312986842993
11640,3919.0979872001494,3919.0979872,3919.0979872001494
11641,3423.8243244853734,3423.82432449,3423.8243244853734
11642,1265.3217023706234,1265.32170237,1265.3217023706234
11643,762.8237480273367,762.823748027,762.8237480273367
11644,1964.3336488700193,1964.33364887,1964.3336488700193
11645,975.5458845189236,975.545884519,975.5458845189236
11646,1288.0332309791204,1288.03323098,1288.0332309791204
11647,19137.10052622053,19137.1005262,19137.10052622053
11648,2814.8786121042,2814.8786121,2814.8786121042
11649,1101.212373147305,1101.21237315,1101.212373147305
11650,3296.413596792758,3296.41359679,3296.413596792758
11651,3215.5412449161613,3215.54124492,3215.5412449161613
11652,55.82448280968724,55.8244828097,55.82448280968724
11653,1080.123916208497,1080.12391621,1080.123916208497
11654,1741.940381276155,1741.94038128,1741.940381276155
11655,5608.98956319296,5608.98956319,5608.98956319296
11656,1618.7865839126464,1618.78658391,1618.7865839126464
11657,2953.468862581429,2953.46886258,2953.468862581429
11658,11525.057647249352,11525.0576472,11525.057647249352
11659,3163.4851424643134,3163.48514246,3163.4851424643134
11660,1800.9520369922293,1800.95203699,1800.9520369922293
11661,2436.335217714815,2436.33521771,2436.335217714815
11662,570.9201526890217,570.920152689,570.9201526890217
11663,23566.29574808407,23566.2957481,23566.29574808407
11664,6094.799053646075,6094.79905365,6094.799053646075
11665,4562.454016672279,4562.45401667,4562.454016672279
11666,5918.588516260635,5918.58851626,5918.588516260635
11667,1655.9730342120936,1655.97303421,1655.9730342120936
11668,4650.67083193335,4650.67083193,4650.67083193335
11669,86.73701606526598,86.7370160653,86.73701606526598
11670,10104.859378059611,10104.8593781,10104.859378059611
11671,1521.3415312811094,1521.34153128,1521.3415312811094
11672,9713.86314822946,9713.86314823,9713.86314822946
11673,4345.254820185991,4345.25482019,4345.254820185991
11674,1149.1021191619518,1149.10211916,1149.1021191619518
11675,15319.56891985578,15319.5689199,15319.56891985578
11676,2947.3664701244606,2947.36647012,2947.3664701244606
11677,5051.108233996092,5051.108234,5051.108233996092
11678,4560.264663655382,4560.26466366,4560.264663655382
11679,674.0063620175148,674.006362018,674.0063620175148
11680,2992.1848983387104,2992.18489834,2992.1848983387104
11681,19835.594840165133,19835.5948402,19835.594840165133
11682,1718.2426511935403,1718.24265119,1718.2426511935403
11683,7506.336426792188,7506.33642679,7506.336426792188
11684,13463.40914003309,13463.40914,13463.40914003309
11685,1147.2630149152792,1147.26301492,1147.2630149152792
11686,8061.92949562381,8061.92949562,8061.92949562381
11687,8892.524137622877,8892.52413762,8892.524137622877
11688,2201.1057652940112,2201.10576529,2201.1057652940112
11689,5550.815895331442,5550.81589533,5550.815895331442
11690,672.447424817498,672.447424817,672.447424817498
11691,3811.853917894555,3811.85391789,3811.853917894555
11692,519.2374170789033,519.237417079,519.2374170789033
11693,4287.963633711954,4287.96363371,4287.963633711954
11694,2060.558028468393,2060.55802847,2060.558028468393
11695,4257.387278608007,4257.38727861,4257.387278608007
11696,2238.7618757332866,2238.76187573,2238.7618757332866
11697,920.4219832409744,920.421983241,920.4219832409744
11698,4834.414740016696,4834.41474002,4834.414740016696
11699,1475.7097008942237,1475.70970089,1475.7097008942237
11700,10935.391963830503,10935.3919638,10935.391963830503
11701,4178.311904981591,4178.31190498,4178.311904981591
11702,3415.1045500435607,3415.10455004,3415.1045500435607
11703,3647.4958398233894,3647.49583982,3647.4958398233894
11704,3405.8228312762594,3405.82283128,3405.8228312762594
11705,216.34289781947885,216.342897819,216.34289781947885
11706,3670.4666706593675,3670.46667066,3670.4666706593675
11707,913.205380957045,913.205380957,913.205380957045
11708,1314.065281738596,1314.06528174,1314.065281738596
11709,1299.2803403918977,1299.28034039,1299.2803403918977
11710,454.3683471836401,454.368347184,454.3683471836401
11711,4073.054285609249,4073.05428561,4073.054285609249
11712,1197.1133999710712,1197.11339997,1197.1133999710712
11713,1479.0807104088547,1479.08071041,1479.0807104088547
11714,5598.249964074171,5598.24996407,5598.249964074171
11715,7824.572246812008,7824.57224681,7824.572246812008
11716,8111.018750031639,8111.01875003,8111.018750031639
11717,6245.641350750518,6245.64135075,6245.641350750518
11718,8607.967874404048,8607.9678744,8607.967874404048
11719,1444.5109363134704,1444.51093631,1444.5109363134704
11720,4892.335976921743,4892.33597692,4892.335976921743
11721,5957.384479180285,5957.38447918,5957.384479180285
11722,1879.7314336400734,1879.73143364,1879.7314336400734
11723,813.8324722230137,813.832472223,813.8324722230137
11724,385.77267122828874,385.772671228,385.77267122828874
11725,158.01953207281503,158.019532073,158.01953207281503
11726,1620.7126128785164,1620.71261288,1620.7126128785164
11727,1263.9560329471597,1263.95603295,1263.9560329471597
11728,2217.261017438544,2217.26101744,2217.261017438544
11729,3236.5697984952117,3236.5697985,3236.5697984952117
11730,3597.1151063534744,3597.11510635,3597.1151063534744
11731,2986.8788021377877,2986.87880214,2986.8788021377877
11732,402.8710220295359,402.87102203,402.8710220295359
11733,9252.60725656084,9252.60725656,9252.60725656084
11734,2890.133849835702,2890.13384984,2890.133849835702
11735,4738.314932628125,4738.31493263,4738.314932628125
11736,1352.7314693463327,1352.73146935,1352.7314693463327
11737,9540.893566931407,9540.89356693,9540.893566931407
11738,2609.7322400241796,2609.73224002,2609.7322400241796
11739,722.7966487948098,722.796648795,722.7966487948098
11740,470.09743121746266,470.097431217,470.09743121746266
11741,6319.824147928508,6319.82414793,6319.824147928508
11742,4472.193199017665,4472.19319902,4472.193199017665
11743,16145.295541762347,16145.2955418,16145.295541762347
11744,7351.825600247715,7351.82560025,7351.825600247715
11745,6063.8117168046165,6063.8117168,6063.8117168046165
11746,15173.095089265693,15173.0950893,15173.095089265693
11747,1006.0043942838499,1006.00439428,1006.0043942838499
11748,809.6286610962786,809.628661096,809.6286610962786
11749,6702.288641768085,6702.28864177,6702.288641768085
11750,3208.5818370589004,3208.58183706,3208.5818370589004
11751,2059.797565619234,2059.79756562,2059.797565619234
11752,8443.853127171991,8443.85312717,8443.853127171991
11753,4679.817990103989,4679.8179901,4679.817990103989
11754,1341.1794248611295,1341.17942486,1341.1794248611295
11755,1636.913214595602,1636.9132146,1636.913214595602
11756,5175.6171517716775,5175.61715177,5175.6171517716775
11757,2246.235890075057,2246.23589008,2246.235890075057
11758,9356.302512912924,9356.30251291,9356.302512912924
11759,2655.4732871858323,2655.47328719,2655.4732871858323
11760,3298.109958075053,3298.10995808,3298.109958075053
11761,28355.31394895821,28355.313949,28355.31394895821
11762,1749.958131861035,1749.95813186,1749.958131861035
11763,226.27786027610864,226.277860276,226.27786027610864
11764,6601.224050537668,6601.22405054,6601.224050537668
11765,2633.060310576038,2633.06031058,2633.060310576038
11766,3575.6862929431145,3575.68629294,3575.6862929431145
11767,1777.554140136964,1777.55414014,1777.554140136964
11768,3688.509913871912,3688.50991387,3688.509913871912
11769,257.0523439458705,257.052343946,257.0523439458705
11770,413.71847181440626,413.718471814,413.71847181440626
11771,11022.23443489918,11022.2344349,11022.23443489918
11772,4820.67277163702,4820.67277164,4820.67277163702
11773,27334.001013189063,27334.0010132,27334.001013189063
11774,1888.7745755697592,1888.77457557,1888.7745755697592
11775,1026.3191812070438,1026.31918121,1026.3191812070438
11776,8639.881381690933,8639.88138169,8639.881381690933
11777,2985.2529234102954,2985.25292341,2985.2529234102954
11778,18548.182443795275,18548.1824438,18548.182443795275
11779,25113.561530888364,25113.5615309,25113.561530888364
11780,3009.92853964657,3009.92853965,3009.92853964657
11781,3872.208040061417,3872.20804006,3872.208040061417
11782,557.3443219029846,557.344321903,557.3443219029846
11783,791.7856488578497,791.785648858,791.7856488578497
11784,4007.124700237683,4007.12470024,4007.124700237683
11785,2226.9571147926263,2226.95711479,2226.9571147926263
11786,3294.9150740483856,3294.91507405,3294.9150740483856
11787,4007.5680191102474,4007.56801911,4007.5680191102474
11788,13599.818867458154,13599.8188675,13599.818867458154
11789,11843.578254986836,11843.578255,11843.578254986836
11790,2021.946222679063,2021.94622268,2021.946222679063
11791,4275.7247413467085,4275.72474135,4275.7247413467085
11792,1898.7714535558518,1898.77145356,1898.7714535558518
11793,4707.783581043303,4707.78358104,4707.783581043303
11794,2776.342319260905,2776.34231926,2776.342319260905
11795,3457.458444970118,3457.45844497,3457.458444970118
11796,4235.7030800387,4235.70308004,4235.7030800387
11797,1679.2634299841984,1679.26342998,1679.2634299841984
11798,7932.967347984573,7932.96734798,7932.967347984573
11799,814.4086242728695,814.408624273,814.4086242728695
11800,3354.366951533097,3354.36695153,3354.366951533097
11801,1065.0488685545279,1065.04886855,1065.0488685545279
11802,2946.4697031075657,2946.46970311,2946.4697031075657
11803,1321.9204178625312,1321.92041786,1321.9204178625312
11804,768.8326450174075,768.832645017,768.8326450174075
11805,4688.887414953822,4688.88741495,4688.887414953822
11806,3722.8687337635038,3722.86873376,3722.8687337635038
11807,393.06395922094873,393.063959221,393.06395922094873
11808,1456.2081677294236,1456.20816773,1456.2081677294236
11809,1950.8522572298493,1950.85225723,1950.8522572298493
11810,33792.30062436919,33792.3006244,33792.30062436919
11811,3249.5849184844255,3249.58491848,3249.5849184844255
11812,424.8335524270001,424.833552427,424.8335524270001
11813,1557.9359593165054,1557.93595932,1557.9359593165054
11814,256.03459165842844,256.034591658,256.03459165842844
11815,725.9521075376553,725.952107538,725.9521075376553
11816,175.6937912049862,175.693791205,175.6937912049862
11817,24080.600760683934,24080.6007607,24080.600760683934
11818,6844.443514129694,6844.44351413,6844.443514129694
11819,2185.263760989151,2185.26376099,2185.263760989151
11820,337.8292458441673,337.829245844,337.8292458441673
11821,2305.9603890719877,2305.96038907,2305.9603890719877
11822,584.4142195255195,584.414219526,584.4142195255195
11823,615.1635338315507,615.163533832,615.1635338315507
11824,597.7762422710978,597.776242271,597.7762422710978
11825,520.3594813951523,520.359481395,520.3594813951523
11826,3572.172623389974,3572.17262339,3572.172623389974
11827,517.2847625831839,517.284762583,517.2847625831839
11828,1320.9406107316647,1320.94061073,1320.9406107316647
11829,240.38418731975003,240.38418732,240.38418731975003
11830,20500.70595289695,20500.7059529,20500.70595289695
11831,4689.256931228982,4689.25693123,4689.256931228982
11832,5033.031141683571,5033.03114168,5033.031141683571
11833,6479.150941196574,6479.1509412,6479.150941196574
11834,1002.694693943499,1002.69469394,1002.694693943499
11835,696.7035099482538,696.703509948,696.7035099482538
11836,4263.761124031874,4263.76112403,4263.761124031874
11837,2576.3850246452384,2576.38502465,2576.3850246452384
11838,2437.8572846031734,2437.8572846,2437.8572846031734
11839,2131.492491937139,2131.49249194,2131.492491937139
11840,17672.62937950652,17672.6293795,17672.62937950652
11841,1212.988457046809,1212.98845705,1212.988457046809
11842,1084.1732950233861,1084.17329502,1084.1732950233861
11843,1486.5167381266751,1486.51673813,1486.5167381266751
11844,9893.860563806014,9893.86056381,9893.860563806014
11845,1600.1270765318995,1600.12707653,1600.1270765318995
11846,6728.795786954969,6728.79578695,6728.795786954969
11847,7030.864229864634,7030.86422986,7030.864229864634
11848,4780.287297331759,4780.28729733,4780.287297331759
11849,1244.0167051081319,1244.01670511,1244.0167051081319
11850,3136.2926896117183,3136.29268961,3136.2926896117183
11851,6151.347149030473,6151.34714903,6151.347149030473
11852,5605.217922632965,5605.21792263,5605.217922632965
11853,30416.182359252613,30416.1823593,30416.182359252613
11854,4576.2988518323655,4576.29885183,4576.2988518323655
11855,1032.450033998301,1032.450034,1032.450033998301
11856,3650.6474418769253,3650.64744188,3650.6474418769253
11857,1515.5439479279446,1515.54394793,1515.5439479279446
11858,792.5068610512067,792.506861051,792.5068610512067
11859,10601.498321510366,10601.4983215,10601.498321510366
11860,5248.607226717349,5248.60722672,5248.607226717349
11861,4497.484491433115,4497.48449143,4497.484491433115
11862,1995.0635823167738,1995.06358232,1995.0635823167738
11863,755.0472982893573,755.047298289,755.0472982893573
11864,7760.338752921146,7760.33875292,7760.338752921146
11865,747.5674331064097,747.567433106,747.5674331064097
11866,4230.576641154842,4230.57664115,4230.576641154842
11867,4006.8621007476104,4006.86210075,4006.8621007476104
11868,11118.201563163419,11118.2015632,11118.201563163419
11869,2854.2682037877594,2854.26820379,2854.2682037877594
11870,1731.7150467936308,1731.71504679,1731.7150467936308
11871,318.1097200904953,318.10972009,318.1097200904953
11872,1526.9963977606426,1526.99639776,1526.9963977606426
11873,3286.219906204479,3286.2199062,3286.219906204479
11874,437.98478855111443,437.984788551,437.98478855111443
11875,6209.796010885287,6209.79601089,6209.796010885287
11876,12788.921581737926,12788.9215817,12788.921581737926
11877,852.6125020920132,852.612502092,852.6125020920132
11878,898.908815921271,898.908815921,898.908815921271
11879,11429.039376369992,11429.0393764,11429.039376369992
11880,4445.180481891926,4445.18048189,4445.180481891926
11881,10160.330269574673,10160.3302696,10160.330269574673
11882,680.409303242869,680.409303243,680.409303242869
11883,477.066461450934,477.066461451,477.066461450934
11884,1054.1729182579563,1054.17291826,1054.1729182579563
11885,1713.6926722969545,1713.6926723,1713.6926722969545
11886,2144.9721037701092,2144.97210377,2144.9721037701092
11887,1177.5870763323917,1177.58707633,1177.5870763323917
11888,828.423813010467,828.42381301,828.423813010467
11889,4642.058333176604,4642.05833318,4642.058333176604
11890,1482.6872573869318,1482.68725739,1482.6872573869318
11891,1385.8718443906096,1385.87184439,1385.8718443906096
11892,3270.77941955341,3270.77941955,3270.77941955341
11893,288.45324939849047,288.453249398,288.45324939849047
11894,3718.678572131043,3718.67857213,3718.678572131043
11895,6267.370062435172,6267.37006244,6267.370062435172
11896,338.390782124513,338.390782125,338.390782124513
11897,2381.0636102018807,2381.0636102,2381.0636102018807
11898,3844.982975472766,3844.98297547,3844.982975472766
11899,3521.5863331385785,3521.58633314,3521.5863331385785
11900,7774.89032976271,7774.89032976,7774.89032976271
11901,3636.6932278042646,3636.6932278,3636.6932278042646
11902,6982.384901374089,6982.38490137,6982.384901374089
11903,767.6935562960714,767.693556296,767.6935562960714
11904,3275.027161473383,3275.02716147,3275.027161473383
11905,653.9964726060584,653.996472606,653.9964726060584
11906,7996.510975115651,7996.51097512,7996.510975115651
11907,8160.626989896979,8160.6269899,8160.626989896979
11908,862.1835724608512,862.183572461,862.1835724608512
11909,644.4503737674344,644.450373767,644.4503737674344
11910,2582.441836601126,2582.4418366,2582.441836601126
11911,45.60991126963396,45.6099112696,45.60991126963396
11912,6318.342074511698,6318.34207451,6318.342074511698
11913,5295.956576890739,5295.95657689,5295.956576890739
11914,29487.254109377016,29487.2541094,29487.254109377016
11915,110.83622583041615,110.83622583,110.83622583041615
11916,8853.27708307387,8853.27708307,8853.27708307387
11917,1729.3678449768495,1729.36784498,1729.3678449768495
11918,1737.5452115700673,1737.54521157,1737.5452115700673
11919,2593.993145594575,2593.99314559,2593.993145594575
11920,2570.376554569706,2570.37655457,2570.376554569706
11921,15781.435001844264,15781.4350018,15781.435001844264
11922,529.5981944445314,529.598194445,529.5981944445314
11923,731.2092900586954,731.209290059,731.2092900586954
11924,2187.3117966040804,2187.3117966,2187.3117966040804
11925,2295.379415690104,2295.37941569,2295.379415690104
11926,1944.9761267692834,1944.97612677,1944.9761267692834
11927,1166.9410425245178,1166.94104252,1166.9410425245178
11928,1386.571521037838,1386.57152104,1386.571521037838
11929,545.0845340878903,545.084534088,545.0845340878903
11930,781.7765388340039,781.776538834,781.7765388340039
11931,4834.334138091747,4834.33413809,4834.334138091747
11932,1170.127766051451,1170.12776605,1170.127766051451
11933,761.2375306615504,761.237530662,761.2375306615504
11934,1529.5566518281269,1529.55665183,1529.5566518281269
11935,2536.0499655106464,2536.04996551,2536.0499655106464
11936,3240.547517315085,3240.54751732,3240.547517315085
11937,9491.847637452962,9491.84763745,9491.847637452962
11938,796.7853689725217,796.785368973,796.7853689725217
11939,713.4035741990252,713.403574199,713.4035741990252
11940,610.3534609959088,610.353460996,610.3534609959088
11941,4750.675699673435,4750.67569967,4750.675699673435
11942,9949.28611837508,9949.28611838,9949.28611837508
11943,96.29514201797961,96.295142018,96.29514201797961
11944,5231.740194280244,5231.74019428,5231.740194280244
11945,2092.2238863276084,2092.22388633,2092.2238863276084
11946,5263.61083249244,5263.61083249,5263.61083249244
11947,5043.192230695157,5043.1922307,5043.192230695157
11948,8754.500117993148,8754.50011799,8754.500117993148
11949,3815.701838374282,3815.70183837,3815.701838374282
11950,1960.8022057333376,1960.80220573,1960.8022057333376
11951,21534.94383996989,21534.94384,21534.94383996989
11952,513.751114568429,513.751114568,513.751114568429
11953,2258.6487987806395,2258.64879878,2258.6487987806395
11954,1759.1703825031204,1759.1703825,1759.1703825031204
11955,428.5742550822827,428.574255082,428.5742550822827
11956,5100.958703167326,5100.95870317,5100.958703167326
11957,2529.559085988725,2529.55908599,2529.559085988725
11958,3819.973837378889,3819.97383738,3819.973837378889
11959,1404.9758584001434,1404.9758584,1404.9758584001434
11960,186.16581639350963,186.165816394,186.16581639350963
11961,2797.2724328948366,2797.27243289,2797.2724328948366
11962,10561.326598202784,10561.3265982,10561.326598202784
11963,12754.31799773058,12754.3179977,12754.31799773058
11964,5236.679799546276,5236.67979955,5236.679799546276
11965,473.5921006868366,473.592100687,473.5921006868366
11966,211.95690208417665,211.956902084,211.95690208417665
11967,532.3342509752746,532.334250975,532.3342509752746
11968,493.13476699928975,493.134766999,493.13476699928975
11969,5534.332287223997,5534.33228722,5534.332287223997
11970,4126.087273169376,4126.08727317,4126.087273169376
11971,897.3368858780402,897.336885878,897.3368858780402
11972,2403.8738825335704,2403.87388253,2403.8738825335704
11973,1030.5424486151428,1030.54244862,1030.5424486151428
11974,2189.1388482249768,2189.13884822,2189.1388482249768
11975,10248.930299739954,10248.9302997,10248.930299739954
11976,3530.1738199780216,3530.17381998,3530.1738199780216
11977,6835.679951168157,6835.67995117,6835.679951168157
11978,1557.2223137632568,1557.22231376,1557.2223137632568
11979,1434.566971003367,1434.566971,1434.566971003367
11980,1398.5413931048054,1398.5413931,1398.5413931048054
11981,1074.7443444828314,1074.74434448,1074.7443444828314
11982,3971.64203052477,3971.64203052,3971.64203052477
11983,3746.4074666696642,3746.40746667,3746.4074666696642
11984,1441.7317735007193,1441.7317735,1441.7317735007193
11985,8686.60183370898,8686.60183371,8686.60183370898
11986,3044.526415679123,3044.52641568,3044.526415679123
11987,1864.0286901638685,1864.02869016,1864.0286901638685
11988,4261.183262260485,4261.18326226,4261.183262260485
11989,353.7307111938585,353.730711194,353.7307111938585
11990,1898.6698995735856,1898.66989957,1898.6698995735856
11991,586.1851544321863,586.185154432,586.1851544321863
11992,4784.554536558374,4784.55453656,4784.554536558374
11993,224.80319503556348,224.803195036,224.80319503556348
11994,5318.631814540306,5318.63181454,5318.631814540306
11995,3919.499396330316,3919.49939633,3919.499396330316
11996,2904.290028160648,2904.29002816,2904.290028160648
11997,1170.2835725407765,1170.28357254,1170.2835725407765
11998,2619.178340457737,2619.17834046,2619.178340457737
11999,4762.272856349728,4762.27285635,4762.272856349728
12000,1727.8424651222133,1727.84246512,1727.8424651222133
12001,2078.641631358532,2078.64163136,2078.641631358532
12002,546.5721343321352,546.572134332,546.5721343321352
12003,1066.6848479882406,1066.68484799,1066.6848479882406
12004,15994.289814016602,15994.289814,15994.289814016602
12005,374.94287352754543,374.942873528,374.94287352754543
12006,2276.221385358073,2276.22138536,2276.221385358073
12007,1741.174147905405,1741.17414791,1741.174147905405
12008,1745.5913940557095,1745.59139406,1745.5913940557095
12009,3749.4626929359797,3749.46269294,3749.4626929359797
12010,2600.221289199344,2600.2212892,2600.221289199344
12011,2603.7303779312533,2603.73037793,2603.7303779312533
12012,5953.690272044742,5953.69027204,5953.690272044742
12013,573.6377285818583,573.637728582,573.6377285818583
12014,489.9090049383667,489.909004938,489.9090049383667
12015,4986.655959644907,4986.65595964,4986.655959644907
12016,3200.0666569333193,3200.06665693,3200.0666569333193
12017,2389.801970482367,2389.80197048,2389.801970482367
12018,1468.1894909916505,1468.18949099,1468.1894909916505
12019,1063.3796021921914,1063.37960219,1063.3796021921914
12020,12326.072084955556,12326.072085,12326.072084955556
12021,7899.173841685323,7899.17384169,7899.173841685321
12022,2858.0214740421957,2858.02147404,2858.0214740421957
12023,10046.63301542476,10046.6330154,10046.63301542476
12024,5673.078136687386,5673.07813669,5673.078136687386
12025,2621.3894530618218,2621.38945306,2621.3894530618218
12026,929.7106527938993,929.710652794,929.7106527938993
12027,2193.685652548565,2193.68565255,2193.685652548565
12028,3020.653234628701,3020.65323463,3020.653234628701
12029,603.0508737673625,603.050873767,603.0508737673625
12030,105.42050160218999,105.420501602,105.42050160218999
12031,4506.447356022819,4506.44735602,4506.447356022819
12032,7306.940639581511,7306.94063958,7306.940639581511
12033,606.3745590388775,606.374559039,606.3745590388775
12034,787.7240332985501,787.724033299,787.7240332985501
12035,3409.4116228528414,3409.41162285,3409.4116228528414
12036,4533.473566725963,4533.47356673,4533.473566725963
12037,2682.7980027272015,2682.79800273,2682.7980027272015
12038,6797.347132593306,6797.34713259,6797.347132593306
12039,20607.52440446464,20607.5244045,20607.52440446464
12040,3166.5425379138314,3166.54253791,3166.5425379138314
12041,7968.375928491417,7968.37592849,7968.375928491417
12042,925.5584642541855,925.558464254,925.5584642541855
12043,3213.744458946201,3213.74445895,3213.744458946201
12044,3696.392014430834,3696.39201443,3696.392014430834
12045,2929.7789711880564,2929.77897119,2929.7789711880564
12046,10371.025703150885,10371.0257032,10371.025703150885
12047,811.6213804098954,811.62138041,811.6213804098954
12048,12012.718031857994,12012.7180319,12012.718031857994
12049,4175.341768609732,4175.34176861,4175.341768609732
12050,1099.9011292970995,1099.9011293,1099.9011292970995
12051,6171.011232635848,6171.01123264,6171.011232635848
12052,518.7362845502494,518.73628455,518.7362845502494
12053,2778.8376352696105,2778.83763527,2778.8376352696105
12054,3121.244275515538,3121.24427552,3121.244275515538
12055,2255.4257157080006,2255.42571571,2255.4257157080006
12056,288.3415784037945,288.341578404,288.3415784037945
12057,90.3455277925215,90.3455277925,90.3455277925215
12058,1459.0271752024141,1459.0271752,1459.0271752024141
12059,675.7614239070266,675.761423907,675.7614239070266
12060,5182.592742184296,5182.59274218,5182.592742184296
12061,3634.6598931153894,3634.65989312,3634.6598931153894
12062,16726.97785225464,16726.9778523,16726.97785225464
12063,4408.340983991109,4408.34098399,4408.340983991109
12064,4746.18827338781,4746.18827339,4746.18827338781
12065,426.6891450166309,426.689145017,426.6891450166309
12066,737.1290538126552,737.129053813,737.1290538126552
12067,9112.322212501145,9112.3222125,9112.322212501145
12068,240.96010625222576,240.960106252,240.96010625222576
12069,2685.611335710883,2685.61133571,2685.611335710883
12070,496.3589702739827,496.358970274,496.3589702739827
12071,638.4440455906811,638.444045591,638.4440455906811
12072,1620.9226874879375,1620.92268749,1620.9226874879375
12073,231.17058978701516,231.170589787,231.17058978701516
12074,5701.151618535498,5701.15161854,5701.151618535498
12075,5032.558018919399,5032.55801892,5032.558018919399
12076,3876.0280862922114,3876.02808629,3876.0280862922114
12077,3395.823703078765,3395.82370308,3395.823703078765
12078,2015.3020806662555,2015.30208067,2015.3020806662555
12079,4245.983933195559,4245.9839332,4245.983933195559
12080,4583.598404181437,4583.59840418,4583.598404181437
12081,2318.3654111051706,2318.36541111,2318.3654111051706
12082,3119.74417244099,3119.74417244,3119.74417244099
12083,5840.484892960868,5840.48489296,5840.484892960868
12084,945.7789383796746,945.77893838,945.7789383796746
12085,1875.8775231280617,1875.87752313,1875.8775231280617
12086,5167.343057075169,5167.34305708,5167.343057075169
12087,1559.8923044813314,1559.89230448,1559.8923044813314
12088,706.7558933173469,706.755893317,706.7558933173469
12089,1026.3762656211927,1026.37626562,1026.3762656211927
12090,7831.8196971001125,7831.8196971,7831.8196971001125
12091,4101.1155825594615,4101.11558256,4101.1155825594615
12092,1706.5030753378321,1706.50307534,1706.5030753378321
12093,2279.734675555667,2279.73467556,2279.734675555667
12094,7879.580382657413,7879.58038266,7879.580382657413
12095,931.3065544367615,931.306554437,931.3065544367615
12096,3169.531392437135,3169.53139244,3169.531392437135
12097,1289.2675596350841,1289.26755964,1289.2675596350841
12098,2261.2029242026288,2261.2029242,2261.2029242026288
12099,7007.630931700646,7007.6309317,7007.630931700646
12100,7151.796237633895,7151.79623763,7151.796237633895
12101,1532.3672630598373,1532.36726306,1532.3672630598373
12102,2710.2201481295874,2710.22014813,2710.2201481295874
12103,4900.646430454318,4900.64643045,4900.646430454318
12104,2786.4427435995453,2786.4427436,2786.4427435995453
12105,3633.77350496433,3633.77350496,3633.77350496433
12106,1173.852878476056,1173.85287848,1173.852878476056
12107,3588.380208918915,3588.38020892,3588.380208918915
12108,1911.4061280224792,1911.40612802,1911.4061280224792
12109,776.7737723715514,776.773772372,776.7737723715514
12110,7578.153900504893,7578.1539005,7578.153900504893
12111,1011.4154550954172,1011.4154551,1011.4154550954172
12112,9478.82362980677,9478.82362981,9478.82362980677
12113,18751.013279899715,18751.0132799,18751.013279899715
12114,12544.407512349007,12544.4075123,12544.407512349007
12115,11404.475564990049,11404.475565,11404.475564990049
12116,464.82746745295736,464.827467453,464.82746745295736
12117,740.3874588330981,740.387458833,740.3874588330981
12118,4668.028258696688,4668.0282587,4668.028258696688
12119,4450.474666491,4450.47466649,4450.474666491
12120,878.1487313413858,878.148731341,878.1487313413858
12121,2482.8816290547575,2482.88162905,2482.8816290547575
12122,246.00447870430554,246.004478704,246.00447870430554
12123,1440.1665450505093,1440.16654505,1440.1665450505093
12124,12895.007415080338,12895.0074151,12895.007415080338
12125,2946.0633838595727,2946.06338386,2946.0633838595727
12126,321.79034526395634,321.790345264,321.79034526395634
12127,2344.9817692422157,2344.98176924,2344.9817692422157
12128,590.3822581258511,590.382258126,590.3822581258511
12129,4651.62006724077,4651.62006724,4651.62006724077
12130,2989.5460768590815,2989.54607686,2989.5460768590815
12131,257.86257601345346,257.862576013,257.86257601345346
12132,26494.4758219866,26494.475822,26494.4758219866
12133,948.9001562721546,948.900156272,948.9001562721546
12134,8782.09079563124,8782.09079563,8782.09079563124
12135,5101.356555768351,5101.35655577,5101.356555768351
12136,45.05710538057113,45.0571053806,45.05710538057113
12137,5030.8441352461305,5030.84413525,5030.8441352461305
12138,20086.950820991646,20086.950821,20086.950820991646
12139,2443.419953456349,2443.41995346,2443.419953456349
12140,11757.913100553698,11757.9131006,11757.913100553698
12141,6570.948872236051,6570.94887224,6570.948872236051
12142,5500.59030850628,5500.59030851,5500.59030850628
12143,414.7138754978919,414.713875498,414.7138754978919
12144,1840.1386137018103,1840.1386137,1840.1386137018103
12145,703.259906016251,703.259906016,703.259906016251
12146,1447.1874671216024,1447.18746712,1447.1874671216024
12147,1598.4069244180016,1598.40692442,1598.4069244180016
12148,5240.659232494356,5240.65923249,5240.659232494356
12149,1929.2172888257855,1929.21728883,1929.2172888257855
12150,3489.7220066482378,3489.72200665,3489.7220066482378
12151,664.2789496478284,664.278949648,664.2789496478284
12152,104.47569682927931,104.475696829,104.47569682927931
12153,3468.197987700677,3468.1979877,3468.197987700677
12154,912.3321664412068,912.332166441,912.3321664412068
12155,4423.83795561596,4423.83795562,4423.83795561596
12156,14933.17678560818,14933.1767856,14933.17678560818
12157,1796.2933586458082,1796.29335865,1796.2933586458082
12158,1865.0589654635965,1865.05896546,1865.0589654635965
12159,1923.760645304626,1923.7606453,1923.760645304626
12160,1607.2854713437937,1607.28547134,1607.2854713437937
12161,16220.509250237545,16220.5092502,16220.509250237545
12162,2560.2544265961315,2560.2544266,2560.2544265961315
12163,890.5602220308778,890.560222031,890.5602220308778
12164,1158.9815892899146,1158.98158929,1158.9815892899146
12165,1033.4398797276156,1033.43987973,1033.4398797276153
12166,1101.033080021505,1101.03308002,1101.033080021505
12167,6080.731982942555,6080.73198294,6080.731982942555
12168,2377.271440602847,2377.2714406,2377.271440602847
12169,2946.1640641494605,2946.16406415,2946.1640641494605
12170,560.1461434469539,560.146143447,560.1461434469539
12171,4932.528462760784,4932.52846276,4932.528462760784
12172,392.26846311522365,392.268463115,392.26846311522365
12173,3924.7994660685363,3924.79946607,3924.7994660685363
12174,18436.9097092215,18436.9097092,18436.9097092215
12175,2574.1513789176815,2574.15137892,2574.1513789176815
12176,4090.1858415451497,4090.18584155,4090.1858415451497
12177,2567.5747546618477,2567.57475466,2567.5747546618477
12178,2281.120968037178,2281.12096804,2281.120968037178
12179,3659.0246439699768,3659.02464397,3659.0246439699768
12180,2806.6280899004214,2806.6280899,2806.6280899004214
12181,5212.16113858944,5212.16113859,5212.16113858944
12182,1795.4109836864,1795.41098369,1795.4109836864
12183,325.24933013351546,325.249330134,325.24933013351546
12184,2476.040357432848,2476.04035743,2476.040357432848
12185,3395.1133934580043,3395.11339346,3395.1133934580043
12186,1518.1105198441917,1518.11051984,1518.1105198441917
12187,804.268595604098,804.268595604,804.268595604098
12188,543.8578119247575,543.857811925,543.8578119247575
12189,2652.1714261899624,2652.17142619,2652.1714261899624
12190,3094.143639755436,3094.14363976,3094.143639755436
12191,1825.364574130062,1825.36457413,1825.364574130062
12192,3829.9511277347597,3829.95112773,3829.9511277347597
12193,413.57469838118163,413.574698381,413.57469838118163
12194,4969.533101493356,4969.53310149,4969.533101493356
12195,5487.981278185314,5487.98127819,5487.981278185314
12196,5129.255989883113,5129.25598988,5129.255989883113
12197,246.0994463773785,246.099446377,246.0994463773785
12198,4822.710014534259,4822.71001453,4822.710014534259
12199,6127.165235544134,6127.16523554,6127.165235544134
12200,1461.6001773141043,1461.60017731,1461.6001773141043
12201,854.8960086705774,854.896008671,854.8960086705774
12202,3812.4376843586806,3812.43768436,3812.4376843586806
12203,3336.1359864841006,3336.13598648,3336.1359864841006
12204,3617.8810438450714,3617.88104385,3617.8810438450714
12205,251.56286916295053,251.562869163,251.56286916295053
12206,632.0263084684176,632.026308468,632.0263084684176
12207,3182.320689013285,3182.32068901,3182.320689013285
12208,1125.204143553701,1125.20414355,1125.204143553701
12209,4093.3184628926006,4093.31846289,4093.3184628926006
12210,9003.486501949767,9003.48650195,9003.486501949767
12211,2530.0626954950517,2530.0626955,2530.0626954950517
12212,27895.07313217893,27895.0731322,27895.07313217893
12213,410.3771869067179,410.377186907,410.3771869067179
12214,1560.0070955291926,1560.00709553,1560.0070955291926
12215,6442.289159698082,6442.2891597,6442.289159698082
12216,3488.564119469949,3488.56411947,3488.564119469949
12217,4167.91756793599,4167.91756794,4167.91756793599
12218,6313.5304764461425,6313.53047645,6313.5304764461425
12219,2892.7802857633824,2892.78028576,2892.7802857633824
12220,5023.145360505508,5023.14536051,5023.145360505508
12221,2488.7282883677053,2488.72828837,2488.7282883677053
12222,1680.9571700597285,1680.95717006,1680.9571700597285
12223,2749.3831426194843,2749.38314262,2749.3831426194843
12224,2511.354572215323,2511.35457222,2511.354572215323
12225,30377.374496003435,30377.374496,30377.374496003435
12226,1653.2834233105996,1653.28342331,1653.2834233105996
12227,11950.823402763142,11950.8234028,11950.823402763142
12228,5608.521326349996,5608.52132635,5608.521326349996
12229,1666.409443247942,1666.40944325,1666.409443247942
12230,6131.025874830435,6131.02587483,6131.025874830435
12231,2504.1865906802195,2504.18659068,2504.1865906802195
12232,5524.039631770382,5524.03963177,5524.039631770382
12233,2426.2114524896906,2426.21145249,2426.2114524896906
12234,1700.722931535763,1700.72293154,1700.722931535763
12235,11763.075088857378,11763.0750889,11763.075088857378
12236,4314.709856633717,4314.70985663,4314.709856633717
12237,2849.33890588891,2849.33890589,2849.33890588891
12238,1572.964049013995,1572.96404901,1572.964049013995
12239,2648.733918666131,2648.73391867,2648.733918666131
12240,1726.0475785060592,1726.04757851,1726.0475785060592
12241,4779.382059847825,4779.38205985,4779.382059847825
12242,2775.3587490784594,2775.35874908,2775.3587490784594
12243,5054.514479680074,5054.51447968,5054.514479680074
12244,750.7735987608943,750.773598761,750.7735987608943
12245,1213.5093820710258,1213.50938207,1213.5093820710258
12246,2628.297465558461,2628.29746556,2628.297465558461
12247,807.296083207089,807.296083207,807.296083207089
12248,2669.3184125690664,2669.31841257,2669.3184125690664
12249,662.8842928527339,662.884292853,662.8842928527339
12250,10534.160829722201,10534.1608297,10534.160829722201
12251,36096.233905406094,36096.2339054,36096.233905406094
12252,2540.540554992857,2540.54055499,2540.540554992857
12253,9378.394262820515,9378.39426282,9378.394262820515
12254,4384.744551979969,4384.74455198,4384.744551979969
12255,2468.88428353231,2468.88428353,2468.88428353231
12256,8587.164639373863,8587.16463937,8587.164639373863
12257,3792.0758631936305,3792.07586319,3792.0758631936305
12258,594.8030127014906,594.803012701,594.8030127014906
12259,2261.0060516060626,2261.00605161,2261.0060516060626
12260,1669.5924188664487,1669.59241887,1669.5924188664487
12261,7004.1933687348965,7004.19336873,7004.1933687348965
12262,2080.0240793925404,2080.02407939,2080.0240793925404
12263,3652.088088304255,3652.0880883,3652.088088304255
12264,11668.301082869928,11668.3010829,11668.301082869928
12265,1904.100197474637,1904.10019747,1904.100197474637
12266,728.381501287887,728.381501288,728.381501287887
12267,4891.09031455987,4891.09031456,4891.09031455987
12268,3383.5730599588237,3383.57305996,3383.5730599588237
12269,5636.524891492361,5636.52489149,5636.524891492361
12270,1422.8671909181458,1422.86719092,1422.8671909181458
12271,914.477466382106,914.477466382,914.477466382106
12272,1132.4826155675034,1132.48261557,1132.4826155675034
12273,7790.20098479132,7790.20098479,7790.20098479132
12274,2084.9184327995663,2084.9184328,2084.9184327995663
12275,1290.3943481226238,1290.39434812,1290.3943481226238
12276,871.7269968162452,871.726996816,871.7269968162452
12277,2295.033916052042,2295.03391605,2295.033916052042
12278,2330.2227413576684,2330.22274136,2330.2227413576684
12279,3629.1831484450686,3629.18314845,3629.1831484450686
12280,7737.523298450463,7737.52329845,7737.523298450463
12281,502.61480385887387,502.614803859,502.61480385887387
12282,2690.653479231481,2690.65347923,2690.653479231481
12283,8878.40854638191,8878.40854638,8878.40854638191
12284,701.3741708684016,701.374170868,701.3741708684016
12285,305.9000106409109,305.900010641,305.9000106409109
12286,4134.697934736655,4134.69793474,4134.697934736655
12287,5773.0706932229195,5773.07069322,5773.0706932229195
12288,1946.9997169740443,1946.99971697,1946.9997169740443
12289,7363.376478284552,7363.37647828,7363.376478284552
12290,2443.069253655188,2443.06925366,2443.069253655188
12291,1943.3615546801423,1943.36155468,1943.3615546801423
12292,20.45230292104675,20.452302921,20.45230292104675
12293,4183.67864458009,4183.67864458,4183.67864458009
12294,260.46487356304317,260.464873563,260.46487356304317
12295,3683.9512897000527,3683.9512897,3683.9512897000527
12296,1798.5945809038997,1798.5945809,1798.5945809038997
12297,2218.3090794803456,2218.30907948,2218.3090794803456
12298,9362.18671307313,9362.18671307,9362.18671307313
12299,5027.722209292681,5027.72220929,5027.722209292681
12300,5438.339409982438,5438.33940998,5438.339409982438
12301,2652.023688425821,2652.02368843,2652.023688425821
12302,3719.3747019089146,3719.37470191,3719.3747019089146
12303,4495.629032041376,4495.62903204,4495.629032041376
12304,2728.590556953135,2728.59055695,2728.590556953135
12305,5159.774797439955,5159.77479744,5159.774797439955
12306,1169.6751774322488,1169.67517743,1169.6751774322488
12307,368.85057643974835,368.85057644,368.85057643974835
12308,4388.942592537679,4388.94259254,4388.942592537679
12309,3103.5135416663584,3103.51354167,3103.5135416663584
12310,2510.1761809599216,2510.17618096,2510.1761809599216
12311,6830.687598936775,6830.68759894,6830.687598936775
12312,746.3078144207188,746.307814421,746.3078144207188
12313,4074.3260126446808,4074.32601264,4074.3260126446808
12314,7472.597353830065,7472.59735383,7472.597353830065
12315,10556.620502553214,10556.6205026,10556.620502553214
12316,1336.3230426516427,1336.32304265,1336.3230426516427
12317,1166.7348768239601,1166.73487682,1166.7348768239601
12318,1647.0165255400589,1647.01652554,1647.0165255400589
12319,3006.742286590421,3006.74228659,3006.742286590421
12320,2856.938856778993,2856.93885678,2856.938856778993
12321,11280.958001485731,11280.9580015,11280.958001485731
12322,10703.856725630787,10703.8567256,10703.856725630787
12323,2066.376461939612,2066.37646194,2066.376461939612
12324,8544.987422621854,8544.98742262,8544.987422621854
12325,8140.9134251616815,8140.91342516,8140.9134251616815
12326,1626.5759982072893,1626.57599821,1626.5759982072893
12327,683.2791045309127,683.279104531,683.2791045309127
12328,2031.8460671812293,2031.84606718,2031.8460671812293
12329,8842.145054081804,8842.14505408,8842.145054081804
12330,4968.529801292226,4968.52980129,4968.529801292226
12331,3391.8652148228225,3391.86521482,3391.8652148228225
12332,5668.271976720226,5668.27197672,5668.271976720226
12333,3943.7569064853456,3943.75690649,3943.7569064853456
12334,1113.7854486762747,1113.78544868,1113.7854486762747
12335,2245.394099967346,2245.39409997,2245.394099967346
12336,1221.102469532543,1221.10246953,1221.102469532543
12337,11270.586426347292,11270.5864263,11270.586426347292
12338,347.1029588583913,347.102958858,347.1029588583913
12339,731.6851811434816,731.685181143,731.6851811434816
12340,2027.9116041576515,2027.91160416,2027.9116041576515
12341,975.8014435598866,975.80144356,975.8014435598866
12342,8254.838127052975,8254.83812705,8254.838127052975
12343,143.30221641065833,143.302216411,143.30221641065833
12344,4011.8741781714148,4011.87417817,4011.8741781714148
12345,3729.8039190986065,3729.8039191,3729.8039190986065
12346,1254.1697469975315,1254.169747,1254.1697469975315
12347,6883.812979305091,6883.81297931,6883.812979305091
12348,1004.0875959378227,1004.08759594,1004.0875959378227
12349,457.6629880612009,457.662988061,457.6629880612009
12350,28.18204092901486,28.182040929,28.18204092901486
12351,1108.5833859449851,1108.58338594,1108.5833859449851
12352,2073.5426848952056,2073.5426849,2073.5426848952056
12353,1156.5768529852794,1156.57685299,1156.5768529852794
12354,940.2175746474035,940.217574647,940.2175746474035
12355,1085.8757017210567,1085.87570172,1085.8757017210567
12356,3858.4608964435065,3858.46089644,3858.4608964435065
12357,8328.91580708035,8328.91580708,8328.91580708035
12358,1908.4581859002355,1908.4581859,1908.4581859002355
12359,3996.220869377916,3996.22086938,3996.220869377916
12360,2759.0180764922084,2759.01807649,2759.0180764922084
12361,1916.5197483466686,1916.51974835,1916.5197483466686
12362,6050.035469932832,6050.03546993,6050.035469932832
12363,6287.781909133638,6287.78190913,6287.781909133638
12364,2269.941127462188,2269.94112746,2269.941127462188
12365,8321.822495703707,8321.8224957,8321.822495703707
12366,1824.9263239986685,1824.926324,1824.9263239986685
12367,1280.4167521217612,1280.41675212,1280.4167521217612
12368,5329.563333598802,5329.5633336,5329.563333598802
12369,1026.0034403194065,1026.00344032,1026.0034403194065
12370,1832.0939933369104,1832.09399334,1832.0939933369104
12371,3674.9269939643823,3674.92699396,3674.9269939643823
12372,2332.8046052746413,2332.80460527,2332.8046052746413
12373,3855.1727679498777,3855.17276795,3855.1727679498777
12374,2136.2690108450215,2136.26901085,2136.2690108450215
12375,1236.1520552613533,1236.15205526,1236.1520552613533
12376,249.84668374428836,249.846683744,249.84668374428836
12377,1997.1723779027802,1997.1723779,1997.1723779027802
12378,4328.781888909768,4328.78188891,4328.781888909768
12379,5635.790954612661,5635.79095461,5635.790954612661
12380,10592.286941126335,10592.2869411,10592.286941126335
12381,3041.5257312599656,3041.52573126,3041.5257312599656
12382,4258.732232043046,4258.73223204,4258.732232043046
12383,6203.184414858839,6203.18441486,6203.184414858839
12384,4372.282567293182,4372.28256729,4372.282567293182
12385,3239.472274630961,3239.47227463,3239.472274630961
12386,22872.225578251124,22872.2255783,22872.225578251124
12387,274.37096344049655,274.37096344,274.37096344049655
12388,5965.83790873075,5965.83790873,5965.83790873075
12389,4158.56199106599,4158.56199107,4158.56199106599
12390,1583.3040733691832,1583.30407337,1583.3040733691832
12391,7525.155620589691,7525.15562059,7525.155620589691
12392,10431.05053525475,10431.0505353,10431.05053525475
12393,340.73166624811677,340.731666248,340.73166624811677
12394,7581.48705810216,7581.4870581,7581.48705810216
12395,3232.053777552622,3232.05377755,3232.053777552622
12396,10008.202418008717,10008.202418,10008.202418008717
12397,1512.560570891152,1512.56057089,1512.560570891152
12398,2115.1179004429673,2115.11790044,2115.1179004429673
12399,6920.630821928596,6920.63082193,6920.630821928596
12400,906.4302289273428,906.430228927,906.4302289273428
12401,7263.545566276548,7263.54556628,7263.545566276548
12402,7993.745097594552,7993.74509759,7993.745097594552
12403,4139.721082452552,4139.72108245,4139.721082452552
12404,7128.837074805308,7128.83707481,7128.837074805308
12405,5594.06777270443,5594.0677727,5594.06777270443
12406,4235.750646808326,4235.75064681,4235.750646808326
12407,3091.499815507878,3091.49981551,3091.499815507878
12408,806.2895728631203,806.289572863,806.2895728631203
12409,3541.0883543314126,3541.08835433,3541.0883543314126
12410,2517.650456999043,2517.650457,2517.650456999043
12411,3682.219247127913,3682.21924713,3682.219247127913
12412,3145.7937892042896,3145.7937892,3145.7937892042896
12413,10138.650272177065,10138.6502722,10138.650272177065
12414,7050.584411652119,7050.58441165,7050.584411652119
12415,1172.6790566271773,1172.67905663,1172.6790566271773
12416,1807.182991972454,1807.18299197,1807.182991972454
12417,861.8128875505997,861.812887551,861.8128875505997
12418,303.9661759787785,303.966175979,303.9661759787785
12419,7448.397869502198,7448.3978695,7448.397869502198
12420,5727.267643770783,5727.26764377,5727.267643770783
12421,519.3789042422713,519.378904242,519.3789042422713
12422,1252.0209165453398,1252.02091655,1252.0209165453398
12423,5562.786757676546,5562.78675768,5562.786757676546
12424,1125.0778345694794,1125.07783457,1125.0778345694794
12425,5609.340983984983,5609.34098398,5609.340983984983
12426,2771.104712045935,2771.10471205,2771.104712045935
12427,1585.3524157629931,1585.35241576,1585.3524157629931
12428,27117.420068494266,27117.4200685,27117.420068494266
12429,2178.838904993676,2178.83890499,2178.838904993676
12430,5899.64232970659,5899.64232971,5899.64232970659
12431,16216.051532928732,16216.0515329,16216.051532928732
12432,4223.132579430927,4223.13257943,4223.132579430927
12433,2820.595479140065,2820.59547914,2820.595479140065
12434,2520.3400655401733,2520.34006554,2520.3400655401733
12435,853.5646984029107,853.564698403,853.5646984029107
12436,7562.181788895014,7562.1817889,7562.181788895014
12437,18936.769292234847,18936.7692922,18936.769292234847
12438,2999.826582046009,2999.82658205,2999.826582046009
12439,7536.597976158461,7536.59797616,7536.597976158461
12440,446.04759989481744,446.047599895,446.04759989481744
12441,4147.546736343356,4147.54673634,4147.546736343356
12442,5308.375438011093,5308.37543801,5308.375438011093
12443,4053.7117629712857,4053.71176297,4053.7117629712857
12444,3172.978063763792,3172.97806376,3172.978063763792
12445,5195.214160873696,5195.21416087,5195.214160873696
12446,2325.9282622584556,2325.92826226,2325.9282622584556
12447,1104.0467044381694,1104.04670444,1104.0467044381694
12448,1934.8489963257773,1934.84899633,1934.8489963257773
12449,5593.7310184737,5593.73101847,5593.7310184737
12450,10342.45957848699,10342.4595785,10342.45957848699
12451,4963.838504289544,4963.83850429,4963.838504289544
12452,3523.4256345731205,3523.42563457,3523.4256345731205
12453,4802.694330090547,4802.69433009,4802.694330090547
12454,12435.831143302115,12435.8311433,12435.831143302115
12455,3125.973540231716,3125.97354023,3125.973540231716
12456,1062.4638901979636,1062.4638902,1062.4638901979636
12457,575.0658690063234,575.065869006,575.0658690063235
12458,1469.8876834314817,1469.88768343,1469.8876834314817
12459,1184.881028133265,1184.88102813,1184.881028133265
12460,4618.664555809002,4618.66455581,4618.664555809002
12461,4778.248350615836,4778.24835062,4778.248350615836
12462,5912.309457586491,5912.30945759,5912.309457586491
12463,2935.3324923846535,2935.33249238,2935.3324923846535
12464,3611.561547200009,3611.5615472,3611.561547200009
12465,1355.312780163959,1355.31278016,1355.312780163959
12466,3210.97081918381,3210.97081918,3210.97081918381
12467,10709.05934474379,10709.0593447,10709.05934474379
12468,583.8939100073767,583.893910007,583.8939100073767
12469,8751.275761817738,8751.27576182,8751.275761817738
12470,1144.1450181882528,1144.14501819,1144.1450181882528
12471,2226.3515073305216,2226.35150733,2226.3515073305216
12472,9277.15523666615,9277.15523667,9277.15523666615
12473,1024.5822144736596,1024.58221447,1024.5822144736596
12474,4290.547751685095,4290.54775169,4290.547751685095
12475,1338.3739912697392,1338.37399127,1338.3739912697392
12476,2430.174092027456,2430.17409203,2430.174092027456
12477,5466.840158148202,5466.84015815,5466.840158148202
12478,2864.9932749493005,2864.99327495,2864.9932749493005
12479,2986.55775293333,2986.55775293,2986.55775293333
12480,4510.6136454766865,4510.61364548,4510.6136454766865
12481,2060.553420947999,2060.55342095,2060.553420947999
12482,528.5084744490341,528.508474449,528.5084744490341
12483,9145.149408855414,9145.14940886,9145.149408855414
12484,176.53806971848707,176.538069718,176.53806971848707
12485,228.79731691677048,228.797316917,228.79731691677048
12486,2683.014217986055,2683.01421799,2683.014217986055
12487,1476.8352595230563,1476.83525952,1476.8352595230563
12488,2124.6446931788096,2124.64469318,2124.6446931788096
12489,4768.453942611256,4768.45394261,4768.453942611256
12490,964.7517957542802,964.751795754,964.7517957542802
12491,10693.266300562267,10693.2663006,10693.266300562267
12492,1967.7723176169136,1967.77231762,1967.7723176169136
12493,6181.251601849911,6181.25160185,6181.251601849911
12494,5436.187577819304,5436.18757782,5436.187577819304
12495,1704.5780186156803,1704.57801862,1704.5780186156803
12496,158.33942447235125,158.339424472,158.33942447235125
12497,2459.7291293118265,2459.72912931,2459.7291293118265
12498,1324.6975975127882,1324.69759751,1324.6975975127882
12499,3903.20149145922,3903.20149146,3903.20149145922
12500,4790.2892885683905,4790.28928857,4790.2892885683905
12501,1606.494954057109,1606.49495406,1606.494954057109
12502,644.2354260998926,644.2354261,644.2354260998926
12503,1586.0174582876418,1586.01745829,1586.0174582876418
12504,1509.3440878668548,1509.34408787,1509.3440878668548
12505,2914.6344712484356,2914.63447125,2914.6344712484356
12506,10630.452664640075,10630.4526646,10630.452664640075
12507,2500.288417814862,2500.28841781,2500.288417814862
12508,1649.8064241091092,1649.80642411,1649.8064241091092
12509,1340.396242966577,1340.39624297,1340.396242966577
12510,6402.571550440594,6402.57155044,6402.571550440594
12511,302.32600969422407,302.326009694,302.32600969422407
12512,5827.507547803114,5827.5075478,5827.507547803114
12513,62.54128617848669,62.5412861785,62.54128617848669
12514,3940.8914087207263,3940.89140872,3940.8914087207263
12515,2284.332056940539,2284.33205694,2284.332056940539
12516,2902.458021084878,2902.45802108,2902.458021084878
12517,920.4408751384376,920.440875138,920.4408751384376
12518,849.9356364978837,849.935636498,849.9356364978837
12519,8041.195316147859,8041.19531615,8041.195316147859
12520,12521.206356448081,12521.2063564,12521.206356448081
12521,5056.724732789495,5056.72473279,5056.724732789495
12522,37.160011589030354,37.160011589,37.160011589030354
12523,5714.314872405223,5714.31487241,5714.314872405223
12524,3034.4691312105783,3034.46913121,3034.4691312105783
12525,9312.573114794768,9312.57311479,9312.573114794768
12526,2499.2112369543684,2499.21123695,2499.2112369543684
12527,2161.681160237416,2161.68116024,2161.681160237416
12528,1221.880006302676,1221.8800063,1221.880006302676
12529,1223.1922841229505,1223.19228412,1223.1922841229505
12530,6372.092360850103,6372.09236085,6372.092360850103
12531,2536.365537308304,2536.36553731,2536.365537308304
12532,3904.919860743148,3904.91986074,3904.919860743148
12533,8260.599872197152,8260.5998722,8260.599872197152
12534,1001.0230499231732,1001.02304992,1001.0230499231732
12535,9218.686982370416,9218.68698237,9218.686982370416
12536,5609.557336590348,5609.55733659,5609.557336590348
12537,3402.9777646067514,3402.97776461,3402.9777646067514
12538,4189.2264978609865,4189.22649786,4189.2264978609865
12539,2155.2191467055236,2155.21914671,2155.2191467055236
12540,1393.8501429386638,1393.85014294,1393.8501429386638
12541,478.6095214781785,478.609521478,478.6095214781785
12542,4480.849898145925,4480.84989815,4480.849898145925
12543,6169.6251128981685,6169.6251129,6169.6251128981685
12544,7127.571144832088,7127.57114483,7127.571144832088
12545,2424.9074721718875,2424.90747217,2424.9074721718875
12546,616.3364287529645,616.336428753,616.3364287529645
12547,1272.7238207850946,1272.72382079,1272.7238207850946
12548,5017.694371739268,5017.69437174,5017.694371739268
12549,2245.4403134664167,2245.44031347,2245.4403134664167
12550,1676.5545891397599,1676.55458914,1676.5545891397599
12551,11447.339522840113,11447.3395228,11447.339522840113
12552,497.40811622852465,497.408116229,497.40811622852465
12553,3073.800833031991,3073.80083303,3073.800833031991
12554,2336.5511850589614,2336.55118506,2336.5511850589614
12555,5482.233059936491,5482.23305994,5482.233059936491
12556,1230.7489536443861,1230.74895364,1230.7489536443861
12557,49.41403847071805,49.4140384707,49.41403847071805
12558,261.35096572296465,261.350965723,261.35096572296465
12559,6339.745696961006,6339.74569696,6339.745696961006
12560,1600.5537745066542,1600.55377451,1600.5537745066542
12561,3416.6662013599453,3416.66620136,3416.6662013599453
12562,4853.427501493035,4853.42750149,4853.427501493035
12563,484.2674025456922,484.267402546,484.2674025456922
12564,6583.102704609672,6583.10270461,6583.102704609672
12565,12092.231353002175,12092.231353,12092.231353002175
12566,4171.18474311816,4171.18474312,4171.18474311816
12567,1557.5246642122536,1557.52466421,1557.5246642122536
12568,973.4391106005924,973.439110601,973.4391106005924
12569,6105.4720028536385,6105.47200285,6105.4720028536385
12570,1174.0035749816113,1174.00357498,1174.0035749816113
12571,1045.4030329786692,1045.40303298,1045.4030329786692
12572,5945.6704500357155,5945.67045004,5945.6704500357155
12573,4030.0418420079914,4030.04184201,4030.0418420079914
12574,1276.0556047913992,1276.05560479,1276.0556047913992
12575,3315.7730532922906,3315.77305329,3315.7730532922906
12576,3585.67867756674,3585.67867757,3585.67867756674
12577,926.6251964396325,926.62519644,926.6251964396325
12578,2224.9053825677715,2224.90538257,2224.9053825677715
12579,578.3540926515466,578.354092652,578.3540926515466
12580,6323.804842532731,6323.80484253,6323.804842532731
12581,1035.070302844987,1035.07030284,1035.070302844987
12582,2837.011396857554,2837.01139686,2837.011396857554
12583,7751.074313731964,7751.07431373,7751.074313731964
12584,6295.1221632626375,6295.12216326,6295.1221632626375
12585,3430.0606957591344,3430.06069576,3430.0606957591344
12586,499.3145586080942,499.314558608,499.3145586080942
12587,890.7455247580543,890.745524758,890.7455247580543
12588,2011.9509922617444,2011.95099226,2011.9509922617444
12589,2761.1494885931224,2761.14948859,2761.1494885931224
12590,7985.06508655776,7985.06508656,7985.06508655776
12591,2427.692592939803,2427.69259294,2427.692592939803
12592,2369.4209720461486,2369.42097205,2369.4209720461486
12593,4120.8445660306015,4120.84456603,4120.8445660306015
12594,905.4616108744899,905.461610874,905.4616108744899
12595,2165.3468416717433,2165.34684167,2165.3468416717433
12596,532.3299742992775,532.329974299,532.3299742992775
12597,3422.4433424318904,3422.44334243,3422.4433424318904
12598,9189.610798836899,9189.61079884,9189.610798836899
12599,1350.3889082373705,1350.38890824,1350.3889082373705
12600,3074.122165247837,3074.12216525,3074.122165247837
12601,8239.085897778536,8239.08589778,8239.085897778536
12602,5329.680849749587,5329.68084975,5329.680849749587
12603,5481.243110718047,5481.24311072,5481.243110718047
12604,3980.1231239173,3980.12312392,3980.1231239173
12605,6595.409036206835,6595.40903621,6595.409036206835
12606,1856.8297658014526,1856.8297658,1856.8297658014526
12607,497.6425958720111,497.642595872,497.6425958720111
12608,7379.399364253549,7379.39936425,7379.399364253549
12609,3677.9188822533315,3677.91888225,3677.9188822533315
12610,2205.5387790793816,2205.53877908,2205.5387790793816
12611,7018.118405330833,7018.11840533,7018.118405330833
12612,2965.139264388697,2965.13926439,2965.139264388697
12613,1585.3362377834842,1585.33623778,1585.3362377834842
12614,3661.181331977169,3661.18133198,3661.181331977169
12615,1596.4081088510768,1596.40810885,1596.4081088510768
12616,3553.2994241569136,3553.29942416,3553.2994241569136
12617,2751.7608844623473,2751.76088446,2751.7608844623473
12618,3529.8674845581745,3529.86748456,3529.8674845581745
12619,1529.2743207487156,1529.27432075,1529.2743207487156
12620,644.3149165872481,644.314916587,644.3149165872481
12621,718.8262142381336,718.826214238,718.8262142381336
12622,1394.9607207668323,1394.96072077,1394.9607207668323
12623,1786.2115141344673,1786.21151413,1786.2115141344673
12624,5250.034764037675,5250.03476404,5250.034764037675
12625,5958.395306479121,5958.39530648,5958.395306479121
12626,7070.411532478745,7070.41153248,7070.411532478745
12627,3733.65991120182,3733.6599112,3733.65991120182
12628,3536.1217386921144,3536.12173869,3536.1217386921144
12629,3650.677760132618,3650.67776013,3650.677760132618
12630,12157.838251506206,12157.8382515,12157.838251506206
12631,2055.9281614747024,2055.92816147,2055.9281614747024
12632,6372.698150498627,6372.6981505,6372.698150498627
12633,1309.4430000677917,1309.44300007,1309.4430000677917
12634,2209.864669157868,2209.86466916,2209.864669157868
12635,5637.812304061989,5637.81230406,5637.812304061989
12636,8103.574135027614,8103.57413503,8103.574135027614
12637,4208.938023971487,4208.93802397,4208.938023971487
12638,431.17976642318126,431.179766423,431.17976642318126
12639,504.42033052200304,504.420330522,504.42033052200304
12640,3882.424673876768,3882.42467388,3882.424673876768
12641,3172.1503331013196,3172.1503331,3172.1503331013196
12642,1180.5954096011912,1180.5954096,1180.5954096011912
12643,1965.9636693749342,1965.96366937,1965.9636693749342
12644,811.7789085745823,811.778908575,811.7789085745823
12645,1499.5379741030772,1499.5379741,1499.5379741030772
12646,2852.8868439816115,2852.88684398,2852.8868439816115
12647,1023.5166910993989,1023.5166911,1023.5166910993989
12648,931.3458188612701,931.345818861,931.3458188612701
12649,1699.9936146621017,1699.99361466,1699.9936146621017
12650,9827.773654085908,9827.77365409,9827.773654085908
12651,4155.868925556012,4155.86892556,4155.868925556012
12652,1708.4284279873784,1708.42842799,1708.4284279873784
12653,3451.009693011356,3451.00969301,3451.009693011356
12654,3566.4271897898407,3566.42718979,3566.4271897898407
12655,4095.307050747133,4095.30705075,4095.307050747133
12656,9391.27559914765,9391.27559915,9391.27559914765
12657,4536.769799919124,4536.76979992,4536.769799919124
12658,9239.778565183904,9239.77856518,9239.778565183904
12659,4187.352955760414,4187.35295576,4187.352955760414
12660,1393.2152437338518,1393.21524373,1393.2152437338518
12661,812.8640509140405,812.864050914,812.8640509140405
12662,4302.60507675004,4302.60507675,4302.60507675004
12663,2630.424319082522,2630.42431908,2630.424319082522
12664,232.42404610359986,232.424046104,232.42404610359986
12665,2040.1550363786314,2040.15503638,2040.1550363786314
12666,4613.130407684506,4613.13040768,4613.130407684506
12667,1522.2302992136094,1522.23029921,1522.2302992136094
12668,5451.5928425095335,5451.59284251,5451.5928425095335
12669,686.7821808065767,686.782180807,686.7821808065767
12670,1362.5922711234657,1362.59227112,1362.5922711234657
12671,573.9280910844261,573.928091084,573.9280910844261
12672,276.89312880496595,276.893128805,276.89312880496595
12673,5272.500936562383,5272.50093656,5272.500936562383
12674,19702.120363052945,19702.1203631,19702.120363052945
12675,9667.83046616892,9667.83046617,9667.83046616892
12676,5666.5555658152825,5666.55556582,5666.5555658152825
12677,10753.339128830441,10753.3391288,10753.339128830441
12678,4760.793314014916,4760.79331401,4760.793314014916
12679,234.6258264884455,234.625826488,234.6258264884455
12680,2510.333648524543,2510.33364852,2510.333648524543
12681,1125.0240925672497,1125.02409257,1125.0240925672497
12682,2453.992941410251,2453.99294141,2453.992941410251
12683,6341.898723228458,6341.89872323,6341.898723228458
12684,3048.565648235627,3048.56564824,3048.565648235627
12685,4671.39831230929,4671.39831231,4671.39831230929
12686,2518.855025965649,2518.85502597,2518.855025965649
12687,4268.9052693879885,4268.90526939,4268.9052693879885
12688,8150.327716294196,8150.32771629,8150.327716294196
12689,2890.7742086171124,2890.77420862,2890.7742086171124
12690,6646.588562264238,6646.58856226,6646.588562264238
12691,423.99452486681855,423.994524867,423.99452486681855
12692,3087.031411923741,3087.03141192,3087.031411923741
12693,678.7839619940779,678.783961994,678.7839619940779
12694,13460.92646536216,13460.9264654,13460.92646536216
12695,1875.010171803079,1875.0101718,1875.010171803079
12696,265.47258276471786,265.472582765,265.47258276471786
12697,2640.524604355255,2640.52460436,2640.524604355255
12698,677.7397445335952,677.739744534,677.7397445335952
12699,1860.828630315381,1860.82863032,1860.828630315381
12700,353.8080317094351,353.808031709,353.8080317094351
12701,7047.255493264885,7047.25549326,7047.255493264885
12702,7978.012186899146,7978.0121869,7978.012186899146
12703,3595.4081116753505,3595.40811168,3595.4081116753505
12704,1660.9637572307959,1660.96375723,1660.9637572307959
12705,8296.808040310929,8296.80804031,8296.808040310929
12706,4008.89110391259,4008.89110391,4008.89110391259
12707,487.296280069297,487.296280069,487.296280069297
12708,6399.706042698128,6399.7060427,6399.706042698128
12709,1049.2578248586158,1049.25782486,1049.2578248586158
12710,13236.322317336064,13236.3223173,13236.322317336064
12711,5166.274680454999,5166.27468045,5166.274680454999
12712,6132.6172786878205,6132.61727869,6132.6172786878205
12713,1472.2388325066054,1472.23883251,1472.2388325066054
12714,191.1751823808545,191.175182381,191.1751823808545
12715,793.5667861093017,793.566786109,793.5667861093017
12716,148.72625287286897,148.726252873,148.72625287286897
12717,413.12260470717325,413.122604707,413.12260470717325
12718,7179.956786273544,7179.95678627,7179.956786273544
12719,3541.684195860401,3541.68419586,3541.684195860401
12720,1227.9422710197389,1227.94227102,1227.9422710197389
12721,4167.655861528919,4167.65586153,4167.655861528919
12722,2072.9149715002827,2072.9149715,2072.9149715002827
12723,8887.67855689351,8887.67855689,8887.67855689351
12724,2417.903789850432,2417.90378985,2417.903789850432
12725,3370.4996744539394,3370.49967445,3370.4996744539394
12726,2688.41400014642,2688.41400015,2688.41400014642
12727,2012.8098784695592,2012.80987847,2012.8098784695592
12728,1632.4950606890834,1632.49506069,1632.4950606890834
12729,1303.6449700160038,1303.64497002,1303.6449700160038
12730,14049.698368087724,14049.6983681,14049.698368087724
12731,12002.92345591202,12002.9234559,12002.92345591202
12732,775.9343218443735,775.934321844,775.9343218443735
12733,3081.5654507298586,3081.56545073,3081.5654507298586
12734,3978.3494986206874,3978.34949862,3978.3494986206874
12735,1756.6266417483998,1756.62664175,1756.6266417483998
12736,6799.501613698546,6799.5016137,6799.501613698546
12737,275.2924670792445,275.292467079,275.2924670792445
12738,2793.7055256957065,2793.7055257,2793.7055256957065
12739,2974.2783236617893,2974.27832366,2974.2783236617893
12740,3194.3865521591424,3194.38655216,3194.3865521591424
12741,2356.3584545553417,2356.35845456,2356.3584545553417
12742,2465.4519324861053,2465.45193249,2465.4519324861053
12743,190.69207080373894,190.692070804,190.69207080373894
12744,6686.46468055107,6686.46468055,6686.46468055107
12745,2242.5161463079185,2242.51614631,2242.5161463079185
12746,6285.612102280578,6285.61210228,6285.612102280578
12747,646.525704091159,646.525704091,646.525704091159
12748,1465.8336795364437,1465.83367954,1465.8336795364437
12749,6661.737033803765,6661.7370338,6661.737033803765
12750,4399.223620320646,4399.22362032,4399.223620320646
12751,3320.208547669808,3320.20854767,3320.208547669808
12752,1270.1369252179438,1270.13692522,1270.1369252179438
12753,4125.7817302702515,4125.78173027,4125.7817302702515
12754,1601.391121720899,1601.39112172,1601.391121720899
12755,2421.3006280637487,2421.30062806,2421.3006280637487
12756,3301.439184876463,3301.43918488,3301.439184876463
12757,3975.6011331705186,3975.60113317,3975.6011331705186
12758,3003.6625975427237,3003.66259754,3003.6625975427237
12759,735.6100531944044,735.610053194,735.6100531944044
12760,972.4956267352362,972.495626735,972.4956267352362
12761,4295.495918433846,4295.49591843,4295.495918433846
12762,3243.341763048265,3243.34176305,3243.341763048265
12763,4618.979627204188,4618.9796272,4618.979627204188
12764,545.4461575208288,545.446157521,545.4461575208288
12765,3035.128643712355,3035.12864371,3035.128643712355
12766,696.4934361827361,696.493436183,696.4934361827361
12767,1090.0098038201718,1090.00980382,1090.0098038201718
12768,666.1449493646155,666.144949365,666.1449493646155
12769,1791.743491246032,1791.74349125,1791.743491246032
12770,1751.201993751066,1751.20199375,1751.201993751066
12771,1521.4472106706774,1521.44721067,1521.4472106706774
12772,964.9636714477687,964.963671448,964.9636714477687
12773,4809.959849386851,4809.95984939,4809.959849386851
12774,4276.334396550901,4276.33439655,4276.334396550901
12775,3370.9840706511955,3370.98407065,3370.9840706511955
12776,9413.232004703914,9413.2320047,9413.232004703914
12777,653.6758308913724,653.675830891,653.6758308913724
12778,691.7703801751245,691.770380175,691.7703801751245
12779,4524.388723286233,4524.38872329,4524.388723286233
12780,470.97236589539875,470.972365895,470.97236589539875
12781,13532.666056709191,13532.6660567,13532.666056709191
12782,2326.405348956661,2326.40534896,2326.405348956661
12783,6134.418946379963,6134.41894638,6134.418946379963
12784,424.6478330762046,424.647833076,424.6478330762046
12785,1529.9110830889715,1529.91108309,1529.9110830889715
12786,9841.732117428688,9841.73211743,9841.732117428688
12787,6859.450261983393,6859.45026198,6859.450261983393
12788,3988.7424149208273,3988.74241492,3988.7424149208273
12789,598.387162164437,598.387162164,598.387162164437
12790,1653.5709509808762,1653.57095098,1653.5709509808762
12791,6760.548396419398,6760.54839642,6760.548396419398
12792,183.6703986381064,183.670398638,183.6703986381064
12793,4612.130835143278,4612.13083514,4612.130835143278
12794,3110.2850381488856,3110.28503815,3110.2850381488856
12795,3237.597816114427,3237.59781611,3237.597816114427
12796,288.2402494277005,288.240249428,288.2402494277005
12797,541.0467287141208,541.046728714,541.0467287141208
12798,4577.182421753889,4577.18242175,4577.182421753889
12799,1728.0552315697632,1728.05523157,1728.0552315697632
12800,5549.420703634601,5549.42070363,5549.420703634601
12801,4064.127304863643,4064.12730486,4064.127304863643
12802,719.6017017802828,719.60170178,719.6017017802828
12803,3176.019040062075,3176.01904006,3176.019040062075
12804,4165.1020915367935,4165.10209154,4165.1020915367935
12805,4197.72888803334,4197.72888803,4197.72888803334
12806,2212.20776231161,2212.20776231,2212.20776231161
12807,3749.7005723714246,3749.70057237,3749.7005723714246
12808,1989.632671504297,1989.6326715,1989.632671504297
12809,5363.229404152899,5363.22940415,5363.229404152899
12810,4376.255257016896,4376.25525702,4376.255257016896
12811,4388.271474956801,4388.27147496,4388.271474956801
12812,6797.334948702481,6797.3349487,6797.334948702481
12813,1163.1299373044353,1163.1299373,1163.1299373044353
12814,6802.859240921323,6802.85924092,6802.859240921323
12815,1286.5228518578615,1286.52285186,1286.5228518578615
12816,3587.5251817249896,3587.52518172,3587.5251817249896
12817,1886.538112401683,1886.5381124,1886.538112401683
12818,3780.454025674772,3780.45402567,3780.454025674772
12819,1343.319910179498,1343.31991018,1343.319910179498
12820,1239.1534553622157,1239.15345536,1239.1534553622157
12821,763.6983343314462,763.698334331,763.6983343314462
12822,6964.513364095469,6964.5133641,6964.513364095469
12823,488.32822701174445,488.328227012,488.32822701174445
12824,6922.0126502512,6922.01265025,6922.0126502512
12825,8446.576211405703,8446.57621141,8446.576211405703
12826,2318.0918216603036,2318.09182166,2318.0918216603036
12827,6779.76639969822,6779.7663997,6779.76639969822
12828,8099.730184070291,8099.73018407,8099.730184070291
12829,4034.460128846546,4034.46012885,4034.460128846546
12830,112.6607522704785,112.66075227,112.6607522704785
12831,1600.1577150644782,1600.15771506,1600.1577150644782
12832,2121.5096237794965,2121.50962378,2121.5096237794965
12833,15365.60949551364,15365.6094955,15365.60949551364
12834,746.7265551073582,746.726555107,746.7265551073582
12835,3502.3263540997787,3502.3263541,3502.3263540997787
12836,1649.468065339796,1649.46806534,1649.468065339796
12837,2262.511976267397,2262.51197627,2262.511976267397
12838,792.3226412682802,792.322641268,792.3226412682802
12839,3508.286705914419,3508.28670591,3508.286705914419
12840,2344.798761750631,2344.79876175,2344.798761750631
12841,7033.876329515065,7033.87632952,7033.876329515065
12842,7947.623000948799,7947.62300095,7947.623000948799
12843,2010.75143891851,2010.75143892,2010.75143891851
12844,1707.8012417150753,1707.80124172,1707.8012417150753
12845,2395.338705093435,2395.33870509,2395.338705093435
12846,1526.1389908851083,1526.13899089,1526.1389908851083
12847,1773.7751889599476,1773.77518896,1773.7751889599476
12848,4555.166156140552,4555.16615614,4555.166156140552
12849,5223.292416326138,5223.29241633,5223.292416326138
12850,513.4724066720887,513.472406672,513.4724066720887
12851,306.0601756348357,306.060175635,306.0601756348357
12852,1924.5695797509504,1924.56957975,1924.5695797509504
12853,3804.9650332173123,3804.96503322,3804.9650332173123
12854,2995.856123748427,2995.85612375,2995.856123748427
12855,1580.0354615650442,1580.03546157,1580.0354615650442
12856,1287.5360162425168,1287.53601624,1287.5360162425168
12857,9163.111366191284,9163.11136619,9163.111366191284
12858,418.1008488155427,418.100848816,418.1008488155427
12859,1565.1370384474615,1565.13703845,1565.1370384474615
12860,575.7145418249613,575.714541825,575.7145418249613
12861,6150.918854858737,6150.91885486,6150.918854858737
12862,982.4723964655539,982.472396466,982.4723964655539
12863,517.2026791798264,517.20267918,517.2026791798264
12864,2531.6737356371427,2531.67373564,2531.6737356371427
12865,2739.283027785442,2739.28302779,2739.283027785442
12866,3542.7378985095365,3542.73789851,3542.7378985095365
12867,5355.295133280871,5355.29513328,5355.295133280871
12868,2722.0717357696085,2722.07173577,2722.0717357696085
12869,9862.5915055495,9862.59150555,9862.5915055495
12870,10949.163533070314,10949.1635331,10949.163533070314
12871,3407.976067547638,3407.97606755,3407.976067547638
12872,2580.803936458304,2580.80393646,2580.803936458304
12873,1811.2504809070517,1811.25048091,1811.2504809070517
12874,865.1341753576412,865.134175358,865.1341753576412
12875,2342.1281474322486,2342.12814743,2342.1281474322486
12876,1112.8554245248818,1112.85542452,1112.8554245248818
12877,926.1703081421972,926.170308142,926.1703081421972
12878,6767.360326597779,6767.3603266,6767.360326597779
12879,1757.8785300398865,1757.87853004,1757.8785300398865
12880,2303.2124740151885,2303.21247402,2303.2124740151885
12881,98.73296085786197,98.7329608579,98.73296085786197
12882,1677.2071774452168,1677.20717745,1677.2071774452168
12883,5707.326101383087,5707.32610138,5707.326101383087
12884,5226.350507779423,5226.35050778,5226.350507779423
12885,1616.1699753588828,1616.16997536,1616.1699753588828
12886,233.59643218033193,233.59643218,233.59643218033193
12887,2439.0879172631735,2439.08791726,2439.0879172631735
12888,1489.9025502282143,1489.90255023,1489.9025502282143
12889,4389.752110478488,4389.75211048,4389.752110478488
12890,3440.562754106556,3440.56275411,3440.562754106556
12891,1886.7938261535903,1886.79382615,1886.7938261535903
12892,1076.72021114895,1076.72021115,1076.72021114895
12893,12352.071051441157,12352.0710514,12352.071051441157
12894,10173.527574162174,10173.5275742,10173.527574162174
12895,6400.19955238475,6400.19955238,6400.19955238475
12896,2550.853615120092,2550.85361512,2550.853615120092
12897,4046.2460166630103,4046.24601666,4046.2460166630103
12898,2335.0883131834726,2335.08831318,2335.0883131834726
12899,4674.4949350801535,4674.49493508,4674.4949350801535
12900,3275.5103624493267,3275.51036245,3275.5103624493267
12901,1996.9323121212121,1996.93231212,1996.9323121212121
12902,406.1770014489133,406.177001449,406.1770014489133
12903,6139.822424705465,6139.82242471,6139.822424705465
12904,2625.8949554534497,2625.89495545,2625.8949554534497
12905,2698.282224049493,2698.28222405,2698.282224049493
12906,13156.301062283668,13156.3010623,13156.301062283668
12907,289.5851899953907,289.585189995,289.5851899953907
12908,2351.435766947541,2351.43576695,2351.435766947541
12909,8630.48992068649,8630.48992069,8630.48992068649
12910,5409.83908625759,5409.83908626,5409.83908625759
12911,4677.9624968667495,4677.96249687,4677.9624968667495
12912,1614.5211526385988,1614.52115264,1614.5211526385988
12913,508.30931784705786,508.309317847,508.30931784705786
12914,11338.052964781711,11338.0529648,11338.052964781711
12915,3651.008572119593,3651.00857212,3651.008572119593
12916,1720.6560091246142,1720.65600912,1720.6560091246142
12917,1662.737341957485,1662.73734196,1662.737341957485
12918,320.3074279851319,320.307427985,320.3074279851319
12919,3414.736409956311,3414.73640996,3414.736409956311
12920,1993.4455879574625,1993.44558796,1993.4455879574625
12921,2223.0389834252355,2223.03898343,2223.0389834252355
12922,11744.269224385047,11744.2692244,11744.269224385047
12923,1022.8517903060681,1022.85179031,1022.8517903060681
12924,5349.595710090949,5349.59571009,5349.595710090949
12925,4969.313648395087,4969.3136484,4969.313648395087
12926,1626.854540361961,1626.85454036,1626.854540361961
12927,3158.620276899897,3158.6202769,3158.620276899897
12928,535.3121416894787,535.312141689,535.3121416894787
12929,2840.8217749130517,2840.82177491,2840.8217749130517
12930,2486.4125801524733,2486.41258015,2486.4125801524733
12931,1672.4156091453337,1672.41560915,1672.4156091453337
12932,623.0811338597854,623.08113386,623.0811338597854
12933,2392.388509562072,2392.38850956,2392.388509562072
12934,1302.6625812081993,1302.66258121,1302.6625812081993
12935,147.30937440642532,147.309374406,147.30937440642532
12936,1610.6116107211283,1610.61161072,1610.6116107211283
12937,4978.310669671476,4978.31066967,4978.310669671476
12938,1426.7938220297033,1426.79382203,1426.7938220297033
12939,450.10961688233175,450.109616882,450.10961688233175
12940,3633.473605154389,3633.47360515,3633.473605154389
12941,1669.237802812807,1669.23780281,1669.237802812807
12942,6565.02726860972,6565.02726861,6565.02726860972
12943,10325.996306459188,10325.9963065,10325.996306459188
12944,3168.163708189014,3168.16370819,3168.163708189014
12945,5899.340372237089,5899.34037224,5899.340372237089
12946,1743.5079934346882,1743.50799343,1743.5079934346882
12947,1430.6700422557842,1430.67004226,1430.6700422557842
12948,2318.68542349283,2318.68542349,2318.68542349283
12949,1652.8779585531927,1652.87795855,1652.8779585531927
12950,2800.5893567087737,2800.58935671,2800.5893567087737
12951,3079.4900164632263,3079.49001646,3079.4900164632263
12952,635.5694793534894,635.569479353,635.5694793534894
12953,5567.815541355781,5567.81554136,5567.815541355781
12954,625.5179780435508,625.517978044,625.5179780435508
12955,1547.1540780643452,1547.15407806,1547.1540780643452
12956,6225.561127610615,6225.56112761,6225.561127610615
12957,1760.1068862315508,1760.10688623,1760.1068862315508
12958,1792.7669885246814,1792.76698852,1792.7669885246814
12959,15415.950946825818,15415.9509468,15415.950946825818
12960,2324.598957361059,2324.59895736,2324.598957361059
12961,1722.9370076453536,1722.93700765,1722.9370076453536
12962,1738.512082589307,1738.51208259,1738.512082589307
12963,1360.7278201665795,1360.72782017,1360.7278201665795
12964,2187.9614072027316,2187.9614072,2187.9614072027316
12965,97.81917585296638,97.819175853,97.81917585296638
12966,426.1769662856196,426.176966286,426.1769662856196
12967,3178.8588135025802,3178.8588135,3178.8588135025802
12968,3363.251916362854,3363.25191636,3363.251916362854
12969,2270.8076168773687,2270.80761688,2270.8076168773687
12970,2701.2462376181334,2701.24623762,2701.2462376181334
12971,3446.1694651007583,3446.1694651,3446.1694651007583
12972,1289.1039353620265,1289.10393536,1289.1039353620265
12973,2930.3607438190875,2930.36074382,2930.3607438190875
12974,6748.040113210819,6748.04011321,6748.040113210819
12975,2213.169123041175,2213.16912304,2213.169123041175
12976,6934.136680251976,6934.13668025,6934.136680251976
12977,5934.533890077143,5934.53389008,5934.533890077143
12978,3932.741380058982,3932.74138006,3932.741380058982
12979,3482.296984450534,3482.29698445,3482.296984450534
12980,2031.7783981167568,2031.77839812,2031.7783981167568
12981,41.73054752722742,41.7305475272,41.73054752722742
12982,59.784884715382475,59.7848847154,59.784884715382475
12983,6844.3743339994335,6844.374334,6844.3743339994335
12984,132.07852869874245,132.078528699,132.07852869874245
12985,1471.6196512525894,1471.61965125,1471.6196512525894
12986,1547.49768851211,1547.49768851,1547.49768851211
12987,7204.094163490342,7204.09416349,7204.094163490342
12988,647.2619698454452,647.261969845,647.2619698454452
12989,3152.3933027543435,3152.39330275,3152.3933027543435
12990,915.3482615278753,915.348261528,915.3482615278753
12991,3928.568042868691,3928.56804287,3928.568042868691
12992,1751.9832383355579,1751.98323834,1751.9832383355579
12993,420.96085285009127,420.96085285,420.96085285009127
12994,4794.112746962447,4794.11274696,4794.112746962447
12995,759.5935604278864,759.593560428,759.5935604278864
12996,6457.173024573855,6457.17302457,6457.173024573855
12997,4331.946376585167,4331.94637659,4331.946376585167
12998,1711.5053445427839,1711.50534454,1711.5053445427839
12999,5880.099925187229,5880.09992519,5880.099925187229
13000,2122.90882827417,2122.90882827,2122.90882827417
13001,2258.9768858646275,2258.97688586,2258.9768858646275
13002,3165.2049723942987,3165.20497239,3165.2049723942987
13003,7061.995262168654,7061.99526217,7061.995262168654
13004,3949.2312695011287,3949.2312695,3949.2312695011287
13005,6080.260386166872,6080.26038617,6080.260386166872
13006,9912.26199173975,9912.26199174,9912.26199173975
13007,2664.5581419570367,2664.55814196,2664.5581419570367
13008,8015.292449243851,8015.29244924,8015.292449243851
13009,621.4402537522385,621.440253752,621.4402537522385
13010,2052.568455395407,2052.5684554,2052.568455395407
13011,618.5665264397435,618.56652644,618.5665264397435
13012,3729.1016071382983,3729.10160714,3729.1016071382983
13013,1869.7249131658955,1869.72491317,1869.7249131658955
13014,4014.118549772926,4014.11854977,4014.118549772926
13015,1620.2627888743275,1620.26278887,1620.2627888743275
13016,1022.3984268728013,1022.39842687,1022.3984268728013
13017,7725.2314055510915,7725.23140555,7725.2314055510915
13018,2464.32686676002,2464.32686676,2464.32686676002
13019,254.09823994786225,254.098239948,254.09823994786225
13020,322.4306387720404,322.430638772,322.4306387720404
13021,1895.7884746894224,1895.78847469,1895.7884746894224
13022,2044.7719828530298,2044.77198285,2044.7719828530298
13023,573.1479952958812,573.147995296,573.1479952958812
13024,1520.9634964151376,1520.96349642,1520.9634964151376
13025,2262.066463584021,2262.06646358,2262.066463584021
13026,3616.2070207398706,3616.20702074,3616.2070207398706
13027,3969.1269999249484,3969.12699992,3969.1269999249484
13028,1449.0614414107167,1449.06144141,1449.0614414107167
13029,6956.417439917489,6956.41743992,6956.417439917489
13030,103.06448886489898,103.064488865,103.06448886489898
13031,2093.2743684406273,2093.27436844,2093.2743684406273
13032,13598.678949851139,13598.6789499,13598.678949851139
13033,1788.1638971218442,1788.16389712,1788.1638971218442
13034,2741.0378422551394,2741.03784226,2741.0378422551394
13035,1301.3956781262777,1301.39567813,1301.3956781262777
13036,5258.772883555197,5258.77288356,5258.772883555197
13037,1907.2074849814821,1907.20748498,1907.2074849814821
13038,9243.677526046285,9243.67752605,9243.677526046285
13039,1313.8743050131927,1313.87430501,1313.8743050131927
13040,1877.4623497587665,1877.46234976,1877.4623497587665
13041,5412.075267445941,5412.07526745,5412.075267445941
13042,940.8597568745382,940.859756875,940.8597568745382
13043,1325.2441167037364,1325.2441167,1325.2441167037364
13044,13783.554431506269,13783.5544315,13783.554431506269
13045,13809.888590853052,13809.8885909,13809.888590853052
13046,1370.9582847739555,1370.95828477,1370.9582847739555
13047,1027.6897596409235,1027.68975964,1027.6897596409235
13048,1172.7599146274026,1172.75991463,1172.7599146274026
13049,1434.814672236098,1434.81467224,1434.814672236098
13050,1246.1493449335535,1246.14934493,1246.1493449335535
13051,4889.828202420641,4889.82820242,4889.828202420641
13052,4532.2980149185405,4532.29801492,4532.2980149185405
13053,8793.559528408488,8793.55952841,8793.559528408488
13054,6192.075625339495,6192.07562534,6192.075625339495
13055,850.3417919803389,850.34179198,850.3417919803389
13056,1737.2517361385794,1737.25173614,1737.2517361385794
13057,7540.1287414597355,7540.12874146,7540.1287414597355
13058,7433.979304036866,7433.97930404,7433.979304036866
13059,3753.743628848587,3753.74362885,3753.743628848587
13060,9370.437711105662,9370.43771111,9370.437711105662
13061,1170.824210687258,1170.82421069,1170.824210687258
13062,5481.547752762054,5481.54775276,5481.547752762054
13063,2231.397248795913,2231.3972488,2231.397248795913
13064,966.6114344413032,966.611434441,966.6114344413032
13065,1226.9048213339786,1226.90482133,1226.9048213339786
13066,1978.7579758843929,1978.75797588,1978.7579758843929
13067,2343.48692167693,2343.48692168,2343.48692167693
13068,1410.8157587922278,1410.81575879,1410.8157587922278
13069,3746.574220347443,3746.57422035,3746.574220347443
13070,2022.7579357459135,2022.75793575,2022.7579357459135
13071,4780.669401830733,4780.66940183,4780.669401830733
13072,7402.220785072977,7402.22078507,7402.220785072977
13073,950.3147703858964,950.314770386,950.3147703858964
13074,6376.4777058768495,6376.47770588,6376.4777058768495
13075,1842.2050641773626,1842.20506418,1842.2050641773626
13076,758.1958186171192,758.195818617,758.1958186171192
13077,354.68120202602086,354.681202026,354.68120202602086
13078,1306.5185199055347,1306.51851991,1306.5185199055347
13079,2148.215023625008,2148.21502363,2148.215023625008
13080,940.3541192247286,940.354119225,940.3541192247286
13081,3383.694151651169,3383.69415165,3383.694151651169
13082,2462.2945492703616,2462.29454927,2462.2945492703616
13083,6600.856585387944,6600.85658539,6600.856585387944
13084,3436.9263907916325,3436.92639079,3436.9263907916325
13085,4210.794652571994,4210.79465257,4210.794652571994
13086,4903.860564571716,4903.86056457,4903.860564571716
13087,8440.704730881309,8440.70473088,8440.704730881309
13088,806.6364344312475,806.636434431,806.6364344312475
13089,2568.2709558618635,2568.27095586,2568.2709558618635
13090,4043.6126205852916,4043.61262059,4043.6126205852916
13091,4977.815443952144,4977.81544395,4977.815443952144
13092,3346.1148367956953,3346.1148368,3346.1148367956953
13093,1028.6009419147508,1028.60094191,1028.6009419147508
13094,162.72796932302242,162.727969323,162.72796932302242
13095,3232.30547990381,3232.3054799,3232.30547990381
13096,6159.1843757379165,6159.18437574,6159.1843757379165
13097,645.38975416542,645.389754165,645.38975416542
13098,891.507414418521,891.507414419,891.507414418521
13099,1395.6264444975282,1395.6264445,1395.6264444975282
13100,308.1056177051764,308.105617705,308.1056177051764
13101,3718.5797040012153,3718.579704,3718.5797040012153
13102,7028.518941847266,7028.51894185,7028.518941847266
13103,1140.7526290260014,1140.75262903,1140.7526290260014
13104,931.1054514741958,931.105451474,931.1054514741958
13105,1187.5022856486803,1187.50228565,1187.5022856486803
13106,9770.53361573926,9770.53361574,9770.53361573926
13107,134.74169826011826,134.74169826,134.74169826011826
13108,4067.9366710474415,4067.93667105,4067.9366710474415
13109,5836.851829319792,5836.85182932,5836.851829319792
13110,3794.0554265758465,3794.05542658,3794.0554265758465
13111,4818.572130984337,4818.57213098,4818.572130984337
13112,2124.095263487752,2124.09526349,2124.095263487752
13113,4447.293245477567,4447.29324548,4447.293245477567
13114,69.8681848615984,69.8681848616,69.8681848615984
13115,1836.370174549354,1836.37017455,1836.370174549354
13116,2245.5006771484914,2245.50067715,2245.5006771484914
13117,3950.8234606645606,3950.82346066,3950.8234606645606
13118,1530.4384412333513,1530.43844123,1530.4384412333513
13119,4158.161030720877,4158.16103072,4158.161030720877
13120,3460.6881998360145,3460.68819984,3460.6881998360145
13121,932.1872183918067,932.187218392,932.1872183918067
13122,2429.9594762491915,2429.95947625,2429.9594762491915
13123,1359.8842216995254,1359.8842217,1359.8842216995254
13124,1613.244622839953,1613.24462284,1613.244622839953
13125,2458.5352321737073,2458.53523217,2458.5352321737073
13126,2371.611137298701,2371.6111373,2371.611137298701
13127,1300.4107334439987,1300.41073344,1300.4107334439987
13128,3194.727507185022,3194.72750719,3194.727507185022
13129,2398.791745078339,2398.79174508,2398.791745078339
13130,3603.5552797614096,3603.55527976,3603.5552797614096
13131,1798.642442398149,1798.6424424,1798.642442398149
13132,2032.3245877294225,2032.32458773,2032.3245877294225
13133,2406.4132832283453,2406.41328323,2406.4132832283453
13134,6271.694424576625,6271.69442458,6271.694424576625
13135,2376.790921118087,2376.79092112,2376.790921118087
13136,457.1769905199194,457.17699052,457.1769905199194
13137,4250.925662763199,4250.92566276,4250.925662763199
13138,889.7512302652116,889.751230265,889.7512302652116
13139,1738.2193633645516,1738.21936336,1738.2193633645516
13140,3959.181697853838,3959.18169785,3959.181697853838
13141,1266.8646507046906,1266.8646507,1266.8646507046906
13142,597.6049822810055,597.604982281,597.6049822810055
13143,5679.10345006453,5679.10345006,5679.10345006453
13144,3855.4100293265055,3855.41002933,3855.4100293265055
13145,1597.8523163516475,1597.85231635,1597.8523163516475
13146,4382.229724293122,4382.22972429,4382.229724293122
13147,766.8977553378054,766.897755338,766.8977553378054
13148,4327.305230267407,4327.30523027,4327.305230267407
13149,7131.398109938563,7131.39810994,7131.398109938563
13150,1524.854507644048,1524.85450764,1524.854507644048
13151,17529.062494460908,17529.0624945,17529.062494460908
13152,369.91213548434047,369.912135484,369.91213548434047
13153,2079.0945086818297,2079.09450868,2079.0945086818297
13154,2610.3887625410403,2610.38876254,2610.3887625410403
13155,1339.4690417488086,1339.46904175,1339.4690417488086
13156,2145.7481817801454,2145.74818178,2145.7481817801454
13157,697.1188891087417,697.118889109,697.1188891087417
13158,4687.157118016068,4687.15711802,4687.157118016068
13159,4002.670828419464,4002.67082842,4002.670828419464
13160,3572.1707921924008,3572.17079219,3572.1707921924008
13161,8239.839760787925,8239.83976079,8239.839760787925
13162,5101.136826192127,5101.13682619,5101.136826192127
13163,4125.752921759948,4125.75292176,4125.752921759948
13164,1005.3757356676632,1005.37573567,1005.3757356676632
13165,2495.890627734916,2495.89062773,2495.890627734916
13166,88.13405902193286,88.1340590219,88.13405902193286
13167,2344.6010141874503,2344.60101419,2344.6010141874503
13168,2332.5752947853125,2332.57529479,2332.5752947853125
13169,1554.6610558772572,1554.66105588,1554.6610558772572
13170,1974.8406066742766,1974.84060667,1974.8406066742766
13171,319.01900617054037,319.019006171,319.01900617054037
13172,1385.0699777160014,1385.06997772,1385.0699777160014
13173,6497.762704810866,6497.76270481,6497.762704810866
13174,1239.5309923459095,1239.53099235,1239.5309923459095
13175,6450.293147981188,6450.29314798,6450.293147981188
13176,2068.1197142486226,2068.11971425,2068.1197142486226
13177,1144.236435096239,1144.2364351,1144.236435096239
13178,939.4034839725372,939.403483973,939.4034839725372
13179,4120.333059055026,4120.33305906,4120.333059055026
13180,676.1002061875039,676.100206188,676.1002061875039
13181,3178.154594541992,3178.15459454,3178.154594541992
13182,5697.539851101816,5697.5398511,5697.539851101816
13183,508.8130418872071,508.813041887,508.8130418872071
13184,6297.959045869397,6297.95904587,6297.959045869397
13185,2132.7782865979416,2132.7782866,2132.7782865979416
13186,1188.3792303284167,1188.37923033,1188.3792303284167
13187,608.9898130777362,608.989813078,608.9898130777362
13188,4174.927120683659,4174.92712068,4174.927120683659
13189,198.5720383305843,198.572038331,198.5720383305843
13190,3619.5208164753444,3619.52081648,3619.5208164753444
13191,1955.4705623568805,1955.47056236,1955.4705623568805
13192,1102.8602999972998,1102.8603,1102.8602999972998
13193,2374.1439959970025,2374.143996,2374.1439959970025
13194,2546.654301166219,2546.65430117,2546.654301166219
13195,4687.529828172845,4687.52982817,4687.529828172845
13196,1502.5373678056726,1502.53736781,1502.5373678056726
13197,2765.2217851865316,2765.22178519,2765.2217851865316
13198,3483.3717605859933,3483.37176059,3483.3717605859933
13199,3919.404321955276,3919.40432196,3919.404321955276
13200,5620.371917750831,5620.37191775,5620.371917750831
13201,2052.377504186393,2052.37750419,2052.377504186393
13202,767.7986522997668,767.7986523,767.7986522997668
13203,1231.460333771094,1231.46033377,1231.460333771094
13204,940.5213465824851,940.521346582,940.5213465824851
13205,3263.644913548007,3263.64491355,3263.644913548007
13206,2569.861804720265,2569.86180472,2569.861804720265
13207,1178.7774117419963,1178.77741174,1178.7774117419963
13208,8267.532593019265,8267.53259302,8267.532593019265
13209,1707.77939716953,1707.77939717,1707.77939716953
13210,942.1811657024895,942.181165702,942.1811657024895
13211,3150.299639709452,3150.29963971,3150.299639709452
13212,7909.261123406766,7909.26112341,7909.261123406766
13213,3922.9965455761985,3922.99654558,3922.9965455761985
13214,7605.9083497506845,7605.90834975,7605.9083497506845
13215,8646.735871214923,8646.73587121,8646.735871214923
13216,1271.384406904909,1271.3844069,1271.384406904909
13217,10090.246647194102,10090.2466472,10090.246647194102
13218,779.4204975251974,779.420497525,779.4204975251974
13219,2682.4827447922376,2682.48274479,2682.4827447922376
13220,4043.6394614417886,4043.63946144,4043.6394614417886
13221,1063.027392500596,1063.0273925,1063.027392500596
13222,180.53551047219608,180.535510472,180.53551047219608
13223,5178.708407661088,5178.70840766,5178.708407661088
13224,425.8109194700811,425.81091947,425.8109194700811
13225,2192.529581033226,2192.52958103,2192.529581033226
13226,13899.71910813649,13899.7191081,13899.71910813649
13227,1376.2227277677741,1376.22272777,1376.2227277677741
13228,370.36162256375854,370.361622564,370.36162256375854
13229,904.3606163390895,904.360616339,904.3606163390895
13230,2212.72164915235,2212.72164915,2212.72164915235
13231,5994.8594831218315,5994.85948312,5994.8594831218315
13232,11066.566933113301,11066.5669331,11066.566933113301
13233,4472.625901270282,4472.62590127,4472.625901270282
13234,4252.1892566212455,4252.18925662,4252.1892566212455
13235,2568.15118392231,2568.15118392,2568.15118392231
13236,2727.5493024931984,2727.54930249,2727.5493024931984
13237,315.25966518158316,315.259665182,315.25966518158316
13238,3927.665197959449,3927.66519796,3927.665197959449
13239,1730.8198175374057,1730.81981754,1730.8198175374057
13240,5873.081279931376,5873.08127993,5873.081279931376
13241,2196.5298557382503,2196.52985574,2196.5298557382503
13242,1563.063022261061,1563.06302226,1563.063022261061
13243,729.1498766989704,729.149876699,729.1498766989704
13244,133.21026217547572,133.210262175,133.21026217547572
13245,1280.4152024040047,1280.4152024,1280.4152024040047
13246,1754.7003701976284,1754.7003702,1754.7003701976284
13247,757.1869798157852,757.186979816,757.1869798157852
13248,4085.953421510163,4085.95342151,4085.953421510163
13249,6291.5459334711195,6291.54593347,6291.5459334711195
13250,2775.3028094853985,2775.30280949,2775.3028094853985
13251,4386.303029464984,4386.30302946,4386.303029464984
13252,3653.39926621562,3653.39926622,3653.39926621562
13253,3718.1984500379167,3718.19845004,3718.1984500379167
13254,559.3585200290224,559.358520029,559.3585200290224
13255,492.5350431446194,492.535043145,492.5350431446194
13256,877.2554649376447,877.255464938,877.2554649376447
13257,336.2577525914598,336.257752591,336.2577525914598
13258,1096.53322706806,1096.53322707,1096.53322706806
13259,174.59411215056406,174.594112151,174.59411215056406
13260,883.9094643505659,883.909464351,883.9094643505659
13261,5054.38794575663,5054.38794576,5054.38794575663
13262,1884.419761998814,1884.419762,1884.419761998814
13263,1796.814206587851,1796.81420659,1796.814206587851
13264,2742.4427291761613,2742.44272918,2742.4427291761613
13265,1371.8345317998435,1371.8345318,1371.8345317998435
13266,5458.59837300128,5458.598373,5458.59837300128
13267,449.02496288450607,449.024962885,449.02496288450607
13268,599.0462397995411,599.0462398,599.0462397995411
13269,645.2119307483047,645.211930748,645.2119307483047
13270,1148.476292929618,1148.47629293,1148.476292929618
13271,3809.1412968007917,3809.1412968,3809.1412968007917
13272,2784.070634017542,2784.07063402,2784.070634017542
13273,3666.6650364125694,3666.66503641,3666.6650364125694
13274,10993.972109090102,10993.9721091,10993.972109090102
13275,2546.998982736361,2546.99898274,2546.998982736361
13276,11684.498731343372,11684.4987313,11684.498731343372
13277,1343.699704912271,1343.69970491,1343.699704912271
13278,4046.64603272266,4046.64603272,4046.64603272266
13279,7656.8776099750075,7656.87760998,7656.8776099750075
13280,4234.614485580451,4234.61448558,4234.614485580451
13281,3956.1494576126593,3956.14945761,3956.1494576126593
13282,2639.308942112415,2639.30894211,2639.308942112415
13283,3175.167065522001,3175.16706552,3175.167065522001
13284,1158.4878911131786,1158.48789111,1158.4878911131786
13285,18848.850360006556,18848.85036,18848.850360006556
13286,765.3685978182168,765.368597818,765.3685978182168
13287,4964.143521439552,4964.14352144,4964.143521439552
13288,5517.239322823012,5517.23932282,5517.239322823012
13289,1239.3071230606686,1239.30712306,1239.3071230606686
13290,1272.7652949445921,1272.76529494,1272.7652949445921
13291,5381.158334835627,5381.15833484,5381.158334835627
13292,174.60025116594733,174.600251166,174.60025116594733
13293,1642.2288808389676,1642.22888084,1642.2288808389676
13294,4038.6108781828107,4038.61087818,4038.6108781828107
13295,10299.190052427264,10299.1900524,10299.190052427264
13296,516.442234477687,516.442234478,516.442234477687
13297,4464.55414460299,4464.5541446,4464.55414460299
13298,2874.9717853764296,2874.97178538,2874.9717853764296
13299,1540.4269524561646,1540.42695246,1540.4269524561646
13300,5781.721893729229,5781.72189373,5781.721893729229
13301,3660.9779734454128,3660.97797345,3660.9779734454128
13302,2873.934895700461,2873.9348957,2873.934895700461
13303,1416.8438257373223,1416.84382574,1416.8438257373223
13304,2889.1399971957208,2889.1399972,2889.1399971957208
13305,2028.0288079010472,2028.0288079,2028.0288079010472
13306,4227.218484796044,4227.2184848,4227.218484796044
13307,11851.093222266412,11851.0932223,11851.093222266412
13308,2883.2531675745554,2883.25316757,2883.2531675745554
13309,3504.3389169593925,3504.33891696,3504.3389169593925
13310,1839.6592143539176,1839.65921435,1839.6592143539176
13311,6843.353915301436,6843.3539153,6843.353915301436
13312,2937.6489269422964,2937.64892694,2937.6489269422964
13313,7774.329649258354,7774.32964926,7774.329649258354
13314,1091.8694663355732,1091.86946634,1091.8694663355732
13315,1946.2415165135067,1946.24151651,1946.2415165135067
13316,5464.370706892129,5464.37070689,5464.370706892129
13317,5539.500181627707,5539.50018163,5539.500181627707
13318,2484.735154944052,2484.73515494,2484.735154944052
13319,3380.7698021856186,3380.76980219,3380.7698021856186
13320,1011.1452602053199,1011.14526021,1011.1452602053199
13321,9503.287437602927,9503.2874376,9503.287437602927
13322,6905.548568006617,6905.54856801,6905.548568006617
13323,1658.3624980740203,1658.36249807,1658.3624980740203
13324,2865.8441487631558,2865.84414876,2865.8441487631558
13325,2248.016012774512,2248.01601277,2248.016012774512
13326,1462.6388647948975,1462.63886479,1462.6388647948975
13327,594.2712953156085,594.271295316,594.2712953156085
13328,5604.385015682685,5604.38501568,5604.385015682685
13329,5145.795275298112,5145.7952753,5145.795275298112
13330,5265.184750017038,5265.18475002,5265.184750017038
13331,4342.088534796835,4342.0885348,4342.088534796835
13332,4801.089764243464,4801.08976424,4801.089764243464
13333,4766.9907447470405,4766.99074475,4766.9907447470405
13334,1363.8702904633412,1363.87029046,1363.8702904633412
13335,1983.255648337438,1983.25564834,1983.255648337438
13336,1535.99729972257,1535.99729972,1535.99729972257
13337,3464.5702412228798,3464.57024122,3464.5702412228798
13338,249.14657833163602,249.146578332,249.14657833163602
13339,5228.763727262589,5228.76372726,5228.763727262589
13340,4569.577864837793,4569.57786484,4569.577864837793
13341,2295.6334496261557,2295.63344963,2295.6334496261557
13342,1286.2591216318351,1286.25912163,1286.2591216318351
13343,4748.630314927763,4748.63031493,4748.630314927763
13344,2582.1574209965565,2582.157421,2582.1574209965565
13345,2631.619465807818,2631.61946581,2631.619465807818
13346,4804.965181309567,4804.96518131,4804.965181309567
13347,8778.930023657575,8778.93002366,8778.930023657575
13348,3896.541824999381,3896.541825,3896.541824999381
13349,2687.2185428316648,2687.21854283,2687.2185428316648
13350,1242.6936763816445,1242.69367638,1242.6936763816445
13351,6067.829762754983,6067.82976275,6067.829762754983
13352,7398.454729813172,7398.45472981,7398.454729813172
13353,5722.4188643386215,5722.41886434,5722.4188643386215
13354,3569.7987926884475,3569.79879269,3569.7987926884475
13355,2747.9957759901786,2747.99577599,2747.9957759901786
13356,3042.859741273493,3042.85974127,3042.859741273493
13357,2264.9246433505964,2264.92464335,2264.9246433505964
13358,5447.708046551768,5447.70804655,5447.708046551768
13359,4313.23102628448,4313.23102628,4313.23102628448
13360,2533.9598951962093,2533.9598952,2533.9598951962093
13361,3521.641925986145,3521.64192599,3521.641925986145
13362,6585.474604757635,6585.47460476,6585.474604757635
13363,2761.3777347489518,2761.37773475,2761.3777347489518
13364,8173.837498003206,8173.837498,8173.837498003206
13365,8633.401752925653,8633.40175293,8633.401752925653
13366,4068.0878897137295,4068.08788971,4068.0878897137295
13367,226.79674481509593,226.796744815,226.79674481509593
13368,9557.524377960295,9557.52437796,9557.524377960295
13369,8268.227415014093,8268.22741501,8268.227415014093
13370,11491.485332696642,11491.4853327,11491.485332696642
13371,12551.126259893847,12551.1262599,12551.126259893847
13372,12077.174800405866,12077.1748004,12077.174800405866
13373,892.9496950631994,892.949695063,892.9496950631994
13374,2153.3369296643773,2153.33692966,2153.3369296643773
13375,4818.876572885427,4818.87657289,4818.876572885427
13376,332.3534410495713,332.35344105,332.3534410495713
13377,1812.559658346972,1812.55965835,1812.559658346972
13378,1730.0374794997726,1730.0374795,1730.0374794997726
13379,3915.384042052669,3915.38404205,3915.384042052669
13380,6056.648713314227,6056.64871331,6056.648713314227
13381,160.86262218437736,160.862622184,160.86262218437736
13382,4736.251487974772,4736.25148797,4736.251487974772
13383,6714.626484783072,6714.62648478,6714.626484783072
13384,1129.4627999111538,1129.46279991,1129.4627999111538
13385,6266.010926622462,6266.01092662,6266.010926622462
13386,3626.9399432865275,3626.93994329,3626.9399432865275
13387,3875.345276044327,3875.34527604,3875.345276044327
13388,1593.5779896153679,1593.57798962,1593.5779896153679
13389,3119.0970150519793,3119.09701505,3119.0970150519793
13390,3364.183105677631,3364.18310568,3364.183105677631
13391,4572.522612339622,4572.52261234,4572.522612339622
13392,5024.154713122496,5024.15471312,5024.154713122496
13393,6454.818299463018,6454.81829946,6454.818299463018
13394,3301.4059334972894,3301.4059335,3301.4059334972894
13395,5127.511047214974,5127.51104721,5127.511047214974
13396,1902.3550815296787,1902.35508153,1902.3550815296787
13397,2048.9829832124474,2048.98298321,2048.9829832124474
13398,3785.0544093389126,3785.05440934,3785.0544093389126
13399,5428.728522618549,5428.72852262,5428.728522618549
13400,1022.943792188129,1022.94379219,1022.943792188129
13401,1907.076902383363,1907.07690238,1907.076902383363
13402,1965.4687009881902,1965.46870099,1965.4687009881902
13403,1293.7315704044968,1293.7315704,1293.7315704044968
13404,1553.737611687365,1553.73761169,1553.737611687365
13405,4236.212568888112,4236.21256889,4236.212568888112
13406,2590.0029400159306,2590.00294002,2590.0029400159306
13407,5719.5683198681945,5719.56831987,5719.5683198681945
13408,845.0964896395175,845.09648964,845.0964896395175
13409,1206.9116887606483,1206.91168876,1206.9116887606483
13410,1941.9795899358796,1941.97958994,1941.9795899358796
13411,4253.616207713155,4253.61620771,4253.616207713155
13412,1785.8885924126198,1785.88859241,1785.8885924126198
13413,4583.543789230951,4583.54378923,4583.543789230951
13414,3022.4909602566718,3022.49096026,3022.4909602566718
13415,7915.684517746907,7915.68451775,7915.684517746907
13416,3089.6126865547517,3089.61268655,3089.6126865547517
13417,4107.563413097011,4107.5634131,4107.563413097011
13418,4674.680358963177,4674.68035896,4674.680358963177
13419,1275.7395077019123,1275.7395077,1275.7395077019123
13420,2150.7584524341046,2150.75845243,2150.7584524341046
13421,2902.911986946937,2902.91198695,2902.911986946937
13422,1901.8677842325105,1901.86778423,1901.8677842325105
13423,2293.9155867876375,2293.91558679,2293.9155867876375
13424,2632.6560161241177,2632.65601612,2632.6560161241177
13425,5017.422648853627,5017.42264885,5017.422648853627
13426,3576.9150243823906,3576.91502438,3576.9150243823906
13427,3973.4569102264127,3973.45691023,3973.4569102264127
13428,1200.627842233013,1200.62784223,1200.627842233013
13429,8705.780208327866,8705.78020833,8705.780208327866
13430,299.42190547286464,299.421905473,299.42190547286464
13431,6425.3969154975985,6425.3969155,6425.3969154975985
13432,1509.334235437309,1509.33423544,1509.334235437309
13433,8888.255557495584,8888.2555575,8888.255557495584
13434,4869.776436811308,4869.77643681,4869.776436811308
13435,2684.981621153133,2684.98162115,2684.981621153133
13436,12837.644691527572,12837.6446915,12837.644691527572
13437,13035.237151009893,13035.237151,13035.237151009893
13438,2356.969446149193,2356.96944615,2356.969446149193
13439,4996.426408274431,4996.42640827,4996.426408274431
13440,2261.697044155305,2261.69704416,2261.697044155305
13441,1560.5370348268984,1560.53703483,1560.5370348268984
13442,2031.9248588940661,2031.92485889,2031.9248588940661
13443,8851.861304514801,8851.86130451,8851.861304514801
13444,1151.4130364302946,1151.41303643,1151.4130364302946
13445,3780.709124177545,3780.70912418,3780.709124177545
13446,3624.2889586243,3624.28895862,3624.2889586243
13447,4928.5089587902985,4928.50895879,4928.5089587902985
13448,1096.5839849723602,1096.58398497,1096.5839849723602
13449,6564.228435507799,6564.22843551,6564.228435507799
13450,217.22883314121106,217.228833141,217.22883314121106
13451,1730.0952940538066,1730.09529405,1730.0952940538066
13452,3038.3178046825205,3038.31780468,3038.3178046825205
13453,144.50001036676497,144.500010367,144.50001036676497
13454,61.10918643446045,61.1091864345,61.10918643446045
13455,1348.9351369791736,1348.93513698,1348.9351369791736
13456,2133.9159997960955,2133.9159998,2133.9159997960955
13457,1451.8090727752005,1451.80907278,1451.8090727752005
13458,309.1344618813894,309.134461881,309.1344618813894
13459,379.1892202558227,379.189220256,379.1892202558227
13460,3010.854488240039,3010.85448824,3010.854488240039
13461,1627.0312892294205,1627.03128923,1627.0312892294205
13462,950.4069257077379,950.406925708,950.4069257077379
13463,1535.5565244715892,1535.55652447,1535.5565244715892
13464,1198.57081630356,1198.5708163,1198.57081630356
13465,1110.4359337194485,1110.43593372,1110.4359337194485
13466,19147.833678630603,19147.8336786,19147.833678630603
13467,677.9591742467276,677.959174247,677.9591742467276
13468,1164.459675726524,1164.45967573,1164.459675726524
13469,4449.878962914998,4449.87896291,4449.878962914998
13470,3347.2071021603992,3347.20710216,3347.2071021603992
13471,4310.6774847667075,4310.67748477,4310.6774847667075
13472,11062.58782528876,11062.5878253,11062.58782528876
13473,3645.142860118862,3645.14286012,3645.142860118862
13474,2902.4059098403654,2902.40590984,2902.4059098403654
13475,1959.5271442138005,1959.52714421,1959.5271442138005
13476,5477.894873836753,5477.89487384,5477.894873836753
13477,2340.4335592793827,2340.43355928,2340.4335592793827
13478,3484.463364062594,3484.46336406,3484.463364062594
13479,2750.801706240037,2750.80170624,2750.801706240037
13480,6174.148409090444,6174.14840909,6174.148409090444
13481,1452.1765451571766,1452.17654516,1452.1765451571766
13482,4714.769908001641,4714.769908,4714.769908001641
13483,1911.3300083412612,1911.33000834,1911.3300083412612
13484,2177.672645376212,2177.67264538,2177.672645376212
13485,8491.453374613944,8491.45337461,8491.453374613944
13486,24954.316166949255,24954.3161669,24954.316166949255
13487,12443.50520745629,12443.5052075,12443.50520745629
13488,2222.924149207267,2222.92414921,2222.924149207267
13489,6783.065329948165,6783.06532995,6783.065329948165
13490,9616.897771748005,9616.89777175,9616.897771748005
13491,2057.780554704231,2057.7805547,2057.780554704231
13492,1565.4392786292067,1565.43927863,1565.4392786292067
13493,2934.7258171191334,2934.72581712,2934.7258171191334
13494,1605.895014480195,1605.89501448,1605.895014480195
13495,1377.1282207516917,1377.12822075,1377.1282207516917
13496,1936.350613985993,1936.35061399,1936.350613985993
13497,3103.127213971482,3103.12721397,3103.127213971482
13498,2766.8273969513875,2766.82739695,2766.8273969513875
13499,387.9982184362131,387.998218436,387.9982184362131
13500,3153.0176719754704,3153.01767198,3153.0176719754704
13501,5171.032787788066,5171.03278779,5171.032787788066
13502,4180.895706570787,4180.89570657,4180.895706570787
13503,11349.468728751053,11349.4687288,11349.468728751053
13504,7536.869063863793,7536.86906386,7536.869063863793
13505,3473.868568006588,3473.86856801,3473.868568006588
13506,2197.7165169989034,2197.716517,2197.7165169989034
13507,2678.2540339654215,2678.25403397,2678.2540339654215
13508,1406.6236715046348,1406.6236715,1406.6236715046348
13509,8122.612870344007,8122.61287034,8122.612870344007
13510,5858.272760715377,5858.27276072,5858.272760715377
13511,685.8801450007575,685.880145001,685.8801450007575
13512,2832.070940283582,2832.07094028,2832.070940283582
13513,805.3804505734838,805.380450573,805.3804505734838
13514,4797.107839898034,4797.1078399,4797.107839898034
13515,3966.2766985705425,3966.27669857,3966.2766985705425
13516,555.0444047286268,555.044404729,555.0444047286268
13517,1036.5654216066782,1036.56542161,1036.5654216066782
13518,2587.6859195368525,2587.68591954,2587.6859195368525
13519,5039.213390597422,5039.2133906,5039.213390597422
13520,3189.622653212426,3189.62265321,3189.622653212426
13521,5555.293831525514,5555.29383153,5555.293831525514
13522,798.5406640289907,798.540664029,798.5406640289907
13523,3360.15668862355,3360.15668862,3360.15668862355
13524,1933.7636805560621,1933.76368056,1933.7636805560621
13525,413.712335748832,413.712335749,413.712335748832
13526,8144.0362494459005,8144.03624945,8144.0362494459005
13527,1858.0200045422357,1858.02000454,1858.0200045422357
13528,605.6577044069015,605.657704407,605.6577044069015
13529,7569.312066702427,7569.3120667,7569.312066702427
13530,11135.741390159885,11135.7413902,11135.741390159885
13531,1721.8784416262035,1721.87844163,1721.8784416262035
13532,1737.9560983710448,1737.95609837,1737.9560983710448
13533,1542.2800390609852,1542.28003906,1542.2800390609852
13534,5177.564773946879,5177.56477395,5177.564773946879
13535,7170.978161692397,7170.97816169,7170.978161692397
13536,2099.9426367031115,2099.9426367,2099.9426367031115
13537,511.5916534026911,511.591653403,511.5916534026911
13538,337.2997617312868,337.299761731,337.2997617312868
13539,1392.4664841142699,1392.46648411,1392.4664841142699
13540,3993.2697823110466,3993.26978231,3993.2697823110466
13541,6663.166545677331,6663.16654568,6663.166545677331
13542,434.04825676327107,434.048256763,434.04825676327107
13543,1018.393120546289,1018.39312055,1018.393120546289
13544,2789.3145054567885,2789.31450546,2789.3145054567885
13545,3692.229905668787,3692.22990567,3692.229905668787
13546,3894.21622196756,3894.21622197,3894.21622196756
13547,348.0653283723143,348.065328372,348.0653283723143
13548,1824.4670017001904,1824.4670017,1824.4670017001904
13549,4527.194080048122,4527.19408005,4527.194080048122
13550,5506.378544522291,5506.37854452,5506.378544522291
13551,8674.888369324752,8674.88836932,8674.888369324752
13552,5047.372778497521,5047.3727785,5047.372778497521
13553,1533.3570456685397,1533.35704567,1533.3570456685397
13554,12297.43463218695,12297.4346322,12297.43463218695
13555,4237.701982181929,4237.70198218,4237.701982181929
13556,3172.281348022926,3172.28134802,3172.281348022926
13557,4553.591283475627,4553.59128348,4553.591283475627
13558,3285.894182612721,3285.89418261,3285.894182612721
13559,481.892459205654,481.892459206,481.892459205654
13560,1104.8735525026166,1104.8735525,1104.8735525026166
13561,5683.126456796064,5683.1264568,5683.126456796064
13562,273.0507209968488,273.050720997,273.0507209968488
13563,2896.8571734653524,2896.85717347,2896.8571734653524
13564,6582.736076405386,6582.73607641,6582.736076405386
13565,539.4586656488291,539.458665649,539.4586656488291
13566,7672.469078562589,7672.46907856,7672.469078562589
13567,8159.741264087132,8159.74126409,8159.741264087132
13568,7133.946406513126,7133.94640651,7133.946406513126
13569,1859.6514806570392,1859.65148066,1859.6514806570392
13570,1584.6033145294782,1584.60331453,1584.6033145294782
13571,685.0423648509435,685.042364851,685.0423648509435
13572,2295.0754067552384,2295.07540676,2295.0754067552384
13573,3968.2688856352283,3968.26888564,3968.2688856352283
13574,344.2005707116808,344.200570712,344.2005707116808
13575,5254.1610257277,5254.16102573,5254.1610257277
13576,1779.393226338515,1779.39322634,1779.393226338515
13577,523.7073945772136,523.707394577,523.7073945772136
13578,4985.580409801354,4985.5804098,4985.580409801354
13579,1963.7421561210517,1963.74215612,1963.7421561210517
13580,4367.902342568804,4367.90234257,4367.902342568804
13581,950.8966176484194,950.896617648,950.8966176484194
13582,1858.7934681767185,1858.79346818,1858.7934681767185
13583,1027.8658789432452,1027.86587894,1027.8658789432452
13584,562.1729765975534,562.172976598,562.1729765975534
13585,5080.2617973848,5080.26179738,5080.2617973848
13586,1079.9998119625077,1079.99981196,1079.9998119625077
13587,1862.9968672599884,1862.99686726,1862.9968672599884
13588,2525.778491435097,2525.77849144,2525.778491435097
13589,1751.4144996142286,1751.41449961,1751.4144996142286
13590,4591.375169229358,4591.37516923,4591.375169229358
13591,1786.9217112123204,1786.92171121,1786.9217112123204
13592,1161.2835208366669,1161.28352084,1161.2835208366669
13593,5159.076650339841,5159.07665034,5159.076650339841
13594,1352.569738181992,1352.56973818,1352.569738181992
13595,5090.9449894444715,5090.94498944,5090.9449894444715
13596,3426.029560146221,3426.02956015,3426.029560146221
13597,3428.0652266133447,3428.06522661,3428.0652266133447
13598,10221.171089876232,10221.1710899,10221.171089876232
13599,25793.273331303186,25793.2733313,25793.273331303186
13600,6275.8313839239845,6275.83138392,6275.8313839239845
13601,2974.8400520903515,2974.84005209,2974.8400520903515
13602,336.6368953703014,336.63689537,336.6368953703014
13603,3002.926521827831,3002.92652183,3002.926521827831
13604,2118.7207229701266,2118.72072297,2118.7207229701266
13605,8072.906079644028,8072.90607964,8072.906079644028
13606,3130.766938603327,3130.7669386,3130.766938603327
13607,1316.9915399434208,1316.99153994,1316.9915399434208
13608,3271.9350388640855,3271.93503886,3271.9350388640855
13609,8118.535114416947,8118.53511442,8118.535114416947
13610,2275.9297711670492,2275.92977117,2275.9297711670492
13611,4614.549033975544,4614.54903398,4614.549033975544
13612,9424.4329494387,9424.43294944,9424.4329494387
13613,4422.724236070035,4422.72423607,4422.724236070035
13614,1864.9280767380951,1864.92807674,1864.9280767380951
13615,3734.582107556837,3734.58210756,3734.582107556837
13616,1252.6842012387926,1252.68420124,1252.6842012387926
13617,4648.6454108925245,4648.64541089,4648.6454108925245
13618,375.50545665490864,375.505456655,375.50545665490864
13619,3818.6332561168447,3818.63325612,3818.6332561168447
13620,329.50514050512066,329.505140505,329.50514050512066
13621,3578.4798789752745,3578.47987898,3578.4798789752745
13622,6149.399620578828,6149.39962058,6149.399620578828
13623,2066.405824857051,2066.40582486,2066.405824857051
13624,7216.182550599647,7216.1825506,7216.182550599647
13625,4380.368942158668,4380.36894216,4380.368942158668
13626,1604.098279785403,1604.09827979,1604.098279785403
13627,4971.226620468748,4971.22662047,4971.226620468748
13628,3286.4072287211025,3286.40722872,3286.4072287211025
13629,3265.0053573420837,3265.00535734,3265.0053573420837
13630,1282.8942258433594,1282.89422584,1282.8942258433594
13631,1561.491802186401,1561.49180219,1561.491802186401
13632,1455.3782205519467,1455.37822055,1455.3782205519467
13633,2845.518122590375,2845.51812259,2845.518122590375
13634,4704.914643249784,4704.91464325,4704.914643249784
13635,2912.2553687762907,2912.25536878,2912.2553687762907
13636,12259.626751107748,12259.6267511,12259.626751107748
13637,212.71853769675238,212.718537697,212.71853769675238
13638,1251.6866196166789,1251.68661962,1251.6866196166789
13639,275.6056060654457,275.605606065,275.6056060654457
13640,7247.35140449964,7247.3514045,7247.35140449964
13641,1866.4555517191066,1866.45555172,1866.4555517191066
13642,3072.377331866704,3072.37733187,3072.377331866704
13643,581.6187717681095,581.618771768,581.6187717681095
13644,3631.556690226411,3631.55669023,3631.556690226411
13645,8630.66035338204,8630.66035338,8630.66035338204
13646,898.7170132028062,898.717013203,898.7170132028062
13647,3592.389929744131,3592.38992974,3592.389929744131
13648,2033.4670341314716,2033.46703413,2033.4670341314716
13649,1244.2207567241317,1244.22075672,1244.2207567241317
13650,2876.5780321804095,2876.57803218,2876.5780321804095
13651,6963.8880088514015,6963.88800885,6963.8880088514015
13652,3397.912951772689,3397.91295177,3397.912951772689
13653,6936.478306630738,6936.47830663,6936.478306630738
13654,9701.913751185617,9701.91375119,9701.913751185617
13655,2627.894278584322,2627.89427858,2627.894278584322
13656,1978.7139818716419,1978.71398187,1978.7139818716419
13657,2942.2019911902685,2942.20199119,2942.2019911902685
13658,2618.4379385862458,2618.43793859,2618.4379385862458
13659,6694.727799516933,6694.72779952,6694.727799516933
13660,5509.315054507911,5509.31505451,5509.315054507911
13661,4956.066801180261,4956.06680118,4956.066801180261
13662,544.6684303910528,544.668430391,544.6684303910528
13663,2153.3911569873885,2153.39115699,2153.3911569873885
13664,1942.7489725863584,1942.74897259,1942.7489725863584
13665,2591.194487880391,2591.19448788,2591.194487880391
13666,1770.8761872918044,1770.87618729,1770.8761872918044
13667,2451.879814977209,2451.87981498,2451.879814977209
13668,4844.32117536385,4844.32117536,4844.32117536385
13669,1548.1212971609605,1548.12129716,1548.1212971609605
13670,4384.426470649156,4384.42647065,4384.426470649156
13671,2672.1649129822445,2672.16491298,2672.1649129822445
13672,2459.390160589239,2459.39016059,2459.390160589239
13673,2495.578094071131,2495.57809407,2495.578094071131
13674,4602.591205573481,4602.59120557,4602.591205573481
13675,6261.918629947088,6261.91862995,6261.918629947088
13676,5736.219659613871,5736.21965961,5736.219659613871
13677,2338.6657642880864,2338.66576429,2338.6657642880864
13678,1026.3234504531938,1026.32345045,1026.3234504531938
13679,1604.2574620176033,1604.25746202,1604.2574620176033
13680,5921.173330575849,5921.17333058,5921.173330575849
13681,9246.324499429955,9246.32449943,9246.324499429955
13682,3970.9398175049582,3970.9398175,3970.9398175049582
13683,4459.847747471164,4459.84774747,4459.847747471164
13684,631.3492348016703,631.349234802,631.3492348016703
13685,8018.582059412237,8018.58205941,8018.582059412237
13686,2318.8334894242994,2318.83348942,2318.8334894242994
13687,2401.8778628363934,2401.87786284,2401.8778628363934
13688,7420.488939296021,7420.4889393,7420.488939296021
13689,1180.4107942698022,1180.41079427,1180.4107942698022
13690,5564.681182491113,5564.68118249,5564.681182491113
13691,1292.8688931758413,1292.86889318,1292.8688931758413
13692,1328.5222171698945,1328.52221717,1328.5222171698945
13693,1579.2718436422444,1579.27184364,1579.2718436422444
13694,1643.6797091659273,1643.67970917,1643.6797091659273
13695,587.599164469574,587.59916447,587.599164469574
13696,321.1968961005926,321.196896101,321.1968961005926
13697,2592.3029364604545,2592.30293646,2592.3029364604545
13698,5054.834489364394,5054.83448936,5054.834489364394
13699,1596.3326673198653,1596.33266732,1596.3326673198653
13700,3989.2048224876503,3989.20482249,3989.2048224876503
13701,1860.3420498905912,1860.34204989,1860.3420498905912
13702,1226.5145600907324,1226.51456009,1226.5145600907324
13703,2606.9934099223806,2606.99340992,2606.9934099223806
13704,2541.0020243080617,2541.00202431,2541.0020243080617
13705,802.9157964959625,802.915796496,802.9157964959625
13706,7987.018888994566,7987.01888899,7987.018888994566
13707,4740.983747178183,4740.98374718,4740.983747178183
13708,869.732673637339,869.732673637,869.732673637339
13709,1095.1155065498215,1095.11550655,1095.1155065498215
13710,1152.4902647776314,1152.49026478,1152.4902647776314
13711,457.55686483231614,457.556864832,457.55686483231614
13712,234.01912865403918,234.019128654,234.01912865403918
13713,911.8240039674134,911.824003967,911.8240039674134
13714,1618.9086096498004,1618.90860965,1618.9086096498004
13715,11075.198379469159,11075.1983795,11075.198379469159
13716,2246.0695775091326,2246.06957751,2246.0695775091326
13717,1489.3058064533707,1489.30580645,1489.3058064533707
13718,2156.0094952517798,2156.00949525,2156.0094952517798
13719,135.8320056632237,135.832005663,135.8320056632237
13720,2605.199905709647,2605.19990571,2605.199905709647
13721,3009.759574206843,3009.75957421,3009.759574206843
13722,1370.9330859140528,1370.93308591,1370.9330859140528
13723,8324.291014933964,8324.29101493,8324.291014933964
13724,3708.911877044804,3708.91187704,3708.911877044804
13725,7974.942543083455,7974.94254308,7974.942543083455
13726,4737.4516682797885,4737.45166828,4737.4516682797885
13727,2455.242196648844,2455.24219665,2455.242196648844
13728,7206.996449505955,7206.99644951,7206.996449505955
13729,3600.6506996099897,3600.65069961,3600.6506996099897
13730,6546.138799383619,6546.13879938,6546.138799383619
13731,5399.819004984417,5399.81900498,5399.819004984417
13732,2908.7433472269045,2908.74334723,2908.7433472269045
13733,5937.343407164412,5937.34340716,5937.343407164412
13734,4562.887139228084,4562.88713923,4562.887139228084
13735,3731.986473510733,3731.98647351,3731.986473510733
13736,2017.136095709922,2017.13609571,2017.136095709922
13737,1924.5459030461516,1924.54590305,1924.5459030461516
13738,3503.4027377078946,3503.40273771,3503.4027377078946
13739,8131.683143218924,8131.68314322,8131.683143218924
13740,829.8392182812855,829.839218281,829.8392182812855
13741,3974.331678013817,3974.33167801,3974.331678013817
13742,7111.346949812162,7111.34694981,7111.346949812162
13743,1751.6740545193638,1751.67405452,1751.6740545193638
13744,10919.435129203293,10919.4351292,10919.435129203293
13745,5588.643581397173,5588.6435814,5588.643581397173
13746,14227.61220495191,14227.612205,14227.61220495191
13747,5509.604950687785,5509.60495069,5509.604950687785
13748,4897.527637511254,4897.52763751,4897.527637511254
13749,8523.936713287094,8523.93671329,8523.936713287094
13750,8911.23844016991,8911.23844017,8911.23844016991
13751,5404.766640611658,5404.76664061,5404.766640611658
13752,3452.47355699948,3452.473557,3452.47355699948
13753,681.9819826883337,681.981982688,681.9819826883337
13754,1086.4416678611706,1086.44166786,1086.4416678611706
13755,2111.3986044140547,2111.39860441,2111.3986044140547
13756,925.8480898750344,925.848089875,925.8480898750344
13757,5173.259205680195,5173.25920568,5173.259205680195
13758,4222.982139041349,4222.98213904,4222.982139041349
13759,8021.949227707565,8021.94922771,8021.949227707565
13760,10446.015538661704,10446.0155387,10446.015538661704
13761,14777.922937331947,14777.9229373,14777.922937331947
13762,138.99568451432972,138.995684514,138.99568451432972
13763,1352.162152637835,1352.16215264,1352.162152637835
13764,1620.183754990972,1620.18375499,1620.183754990972
13765,3330.9223623719777,3330.92236237,3330.9223623719777
13766,7081.918781216355,7081.91878122,7081.918781216355
13767,1297.2660730501227,1297.26607305,1297.2660730501227
13768,5877.3393710772225,5877.33937108,5877.3393710772225
13769,1072.6061343465005,1072.60613435,1072.6061343465005
13770,437.9045655139697,437.904565514,437.9045655139697
13771,3487.9363978582496,3487.93639786,3487.9363978582496
13772,3141.205561261736,3141.20556126,3141.205561261736
13773,8837.488632898314,8837.4886329,8837.488632898314
13774,447.5052960600607,447.50529606,447.5052960600607
13775,1002.8731103205838,1002.87311032,1002.8731103205838
13776,5367.079361025074,5367.07936103,5367.079361025074
13777,3479.5962456152783,3479.59624562,3479.5962456152783
13778,2051.7503024822954,2051.75030248,2051.7503024822954
13779,2150.7207425289866,2150.72074253,2150.7207425289866
13780,678.4342960714724,678.434296071,678.4342960714724
13781,906.1488971188487,906.148897119,906.1488971188487
13782,3045.7578477700645,3045.75784777,3045.7578477700645
13783,4261.48390662629,4261.48390663,4261.48390662629
13784,4284.8045702310765,4284.80457023,4284.8045702310765
13785,2702.988603817891,2702.98860382,2702.988603817891
13786,6514.890421245371,6514.89042125,6514.890421245371
13787,3568.470936681276,3568.47093668,3568.470936681276
13788,2123.3655340980063,2123.3655341,2123.3655340980063
13789,5478.905538211353,5478.90553821,5478.905538211353
13790,6807.797876279292,6807.79787628,6807.797876279292
13791,1042.759564247581,1042.75956425,1042.759564247581
13792,233.8062363627395,233.806236363,233.8062363627395
13793,6309.902085844651,6309.90208584,6309.902085844651
13794,12780.325937703565,12780.3259377,12780.325937703565
13795,4215.78531222936,4215.78531223,4215.78531222936
13796,5352.111891158667,5352.11189116,5352.111891158667
13797,5228.945491076434,5228.94549108,5228.945491076434
13798,933.1448162275026,933.144816228,933.1448162275026
13799,1282.1324464406034,1282.13244644,1282.1324464406034
13800,704.7196038895933,704.71960389,704.7196038895933
13801,3494.2627169129137,3494.26271691,3494.2627169129137
13802,7082.06827591428,7082.06827591,7082.06827591428
13803,531.5386290480326,531.538629048,531.5386290480326
13804,5414.623028793905,5414.62302879,5414.623028793905
13805,4731.699767790513,4731.69976779,4731.699767790513
13806,2802.6317091690444,2802.63170917,2802.6317091690444
13807,709.3149035744705,709.314903574,709.3149035744705
13808,4323.706874001881,4323.706874,4323.706874001881
13809,6806.306466084828,6806.30646608,6806.306466084828
13810,14794.319863836092,14794.3198638,14794.319863836092
13811,3749.5075045553085,3749.50750456,3749.5075045553085
13812,7745.8284698453035,7745.82846985,7745.8284698453035
13813,4054.270491459436,4054.27049146,4054.270491459436
13814,6041.716743790926,6041.71674379,6041.716743790926
13815,7391.150126938156,7391.15012694,7391.150126938156
13816,2570.238394328845,2570.23839433,2570.238394328845
13817,13575.064053276294,13575.0640533,13575.064053276294
13818,1809.816080529966,1809.81608053,1809.816080529966
13819,843.823158487455,843.823158487,843.823158487455
13820,1549.534902745937,1549.53490275,1549.534902745937
13821,263.5561514130099,263.556151413,263.5561514130099
13822,2266.893821709703,2266.89382171,2266.893821709703
13823,5582.637874406624,5582.63787441,5582.637874406624
13824,3923.6439594042754,3923.6439594,3923.6439594042754
13825,4335.008644199453,4335.0086442,4335.008644199453
13826,1083.4945310275375,1083.49453103,1083.4945310275375
13827,2339.7911262886614,2339.79112629,2339.7911262886614
13828,6154.083087712706,6154.08308771,6154.083087712706
13829,2354.296733882067,2354.29673388,2354.296733882067
13830,2413.5788689271853,2413.57886893,2413.5788689271853
13831,4851.611893288855,4851.61189329,4851.611893288855
13832,590.1777104594333,590.177710459,590.1777104594333
13833,3490.346175662501,3490.34617566,3490.346175662501
13834,3146.252787017624,3146.25278702,3146.252787017624
13835,1357.2841522404367,1357.28415224,1357.2841522404367
13836,3026.026522144917,3026.02652214,3026.026522144917
13837,2704.1222474120123,2704.12224741,2704.1222474120123
13838,3265.335949627401,3265.33594963,3265.335949627401
13839,1888.442104469093,1888.44210447,1888.442104469093
13840,10627.183758341023,10627.1837583,10627.183758341023
13841,2135.2709225810763,2135.27092258,2135.2709225810763
13842,5414.708931819641,5414.70893182,5414.708931819641
13843,488.6906305884735,488.690630588,488.6906305884735
13844,2407.413796291893,2407.41379629,2407.413796291893
13845,527.9584181726764,527.958418173,527.9584181726764
13846,1542.125115637383,1542.12511564,1542.125115637383
13847,5132.743910324645,5132.74391032,5132.743910324645
13848,3415.7715985757136,3415.77159858,3415.7715985757136
13849,3380.0290093997246,3380.0290094,3380.0290093997246
13850,181.87965790749558,181.879657907,181.87965790749558
13851,2772.7679367568585,2772.76793676,2772.7679367568585
13852,3034.3530311980116,3034.3530312,3034.3530311980116
13853,1462.438191506576,1462.43819151,1462.438191506576
13854,8764.89988729639,8764.8998873,8764.89988729639
13855,5547.189358623615,5547.18935862,5547.189358623615
13856,5098.624523167906,5098.62452317,5098.624523167906
13857,1283.787125003075,1283.787125,1283.787125003075
13858,4528.7526292016155,4528.7526292,4528.7526292016155
13859,8476.308426854695,8476.30842685,8476.308426854695
13860,5321.5133375932855,5321.51333759,5321.5133375932855
13861,1462.1678310460495,1462.16783105,1462.1678310460495
13862,2396.747316266946,2396.74731627,2396.747316266946
13863,1829.6044066675845,1829.60440667,1829.6044066675845
13864,10055.76147898992,10055.761479,10055.76147898992
13865,2198.873902928123,2198.87390293,2198.873902928123
13866,1906.7678449987932,1906.767845,1906.7678449987932
13867,5757.756716067845,5757.75671607,5757.756716067845
13868,1180.2817787419333,1180.28177874,1180.2817787419333
13869,5830.248779605584,5830.24877961,5830.248779605584
13870,6815.6966768959555,6815.6966769,6815.6966768959555
13871,90.91462281748558,90.9146228175,90.91462281748558
13872,5282.004344370619,5282.00434437,5282.004344370619
13873,7266.0008555236245,7266.00085552,7266.0008555236245
13874,5216.912536040613,5216.91253604,5216.912536040613
13875,6151.3357059190175,6151.33570592,6151.3357059190175
13876,3526.8995770642614,3526.89957706,3526.8995770642614
13877,1736.9461773220348,1736.94617732,1736.9461773220348
13878,1582.4053148798007,1582.40531488,1582.4053148798007
13879,3294.9376691681637,3294.93766917,3294.9376691681637
13880,384.72673721200704,384.726737212,384.72673721200704
13881,1170.5775065841226,1170.57750658,1170.5775065841226
13882,3577.1189524981864,3577.1189525,3577.1189524981864
13883,9431.734286233152,9431.73428623,9431.734286233152
13884,3058.56954312438,3058.56954312,3058.56954312438
13885,2256.5921783985573,2256.5921784,2256.5921783985573
13886,3206.2215705144454,3206.22157051,3206.2215705144454
13887,9062.373991685574,9062.37399169,9062.373991685574
13888,3213.9278893168607,3213.92788932,3213.9278893168607
13889,1317.158304281239,1317.15830428,1317.158304281239
13890,5160.8888655141645,5160.88886551,5160.8888655141645
13891,8727.548191269174,8727.54819127,8727.548191269174
13892,2405.3511773921673,2405.35117739,2405.3511773921673
13893,3328.9548140931734,3328.95481409,3328.9548140931734
13894,4778.906310203116,4778.9063102,4778.906310203116
13895,252.592885027734,252.592885028,252.592885027734
13896,2115.532119529112,2115.53211953,2115.532119529112
13897,4050.9471957432984,4050.94719574,4050.9471957432984
13898,3258.1204284698706,3258.12042847,3258.1204284698706
13899,4318.257637052031,4318.25763705,4318.257637052031
13900,2030.5750015026188,2030.5750015,2030.5750015026188
13901,3899.1160590157288,3899.11605902,3899.1160590157288
13902,7680.117953344674,7680.11795334,7680.117953344674
13903,4049.491634900038,4049.4916349,4049.491634900038
13904,1781.3420164809982,1781.34201648,1781.3420164809984
13905,6281.790184439254,6281.79018444,6281.790184439254
13906,571.3627810785682,571.362781079,571.3627810785682
13907,1877.0417348638691,1877.04173486,1877.0417348638691
13908,17643.93589170647,17643.9358917,17643.93589170647
13909,754.0130726903533,754.01307269,754.0130726903533
13910,1816.6753025496855,1816.67530255,1816.6753025496855
13911,5753.258927470825,5753.25892747,5753.258927470825
13912,6307.612732708756,6307.61273271,6307.612732708756
13913,3310.857402429516,3310.85740243,3310.857402429516
13914,2149.192939400794,2149.1929394,2149.192939400794
13915,4165.311198583222,4165.31119858,4165.311198583222
13916,3002.6954017609396,3002.69540176,3002.6954017609396
13917,6819.380356438532,6819.38035644,6819.380356438532
13918,3176.8134618453732,3176.81346185,3176.8134618453732
13919,4237.863300032064,4237.86330003,4237.863300032064
13920,6197.3444632215405,6197.34446322,6197.3444632215405
13921,1650.8171863843597,1650.81718638,1650.8171863843597
13922,3411.052137199636,3411.0521372,3411.052137199636
13923,15672.948476972058,15672.948477,15672.948476972058
13924,3282.158031284122,3282.15803128,3282.158031284122
13925,3380.5979593412344,3380.59795934,3380.5979593412344
13926,5220.430486497158,5220.4304865,5220.430486497158
13927,491.5076506157449,491.507650616,491.5076506157449
13928,4191.732425873055,4191.73242587,4191.732425873055
13929,2540.6967834073553,2540.69678341,2540.6967834073553
13930,3906.0668181949763,3906.06681819,3906.0668181949763
13931,3551.99759344812,3551.99759345,3551.99759344812
13932,1531.3642297271967,1531.36422973,1531.3642297271967
13933,2080.523163886001,2080.52316389,2080.523163886001
13934,3020.811910890433,3020.81191089,3020.811910890433
13935,2691.5520889920613,2691.55208899,2691.5520889920613
13936,4511.163809300945,4511.1638093,4511.163809300945
13937,4675.637698398181,4675.6376984,4675.637698398181
13938,2563.3914942302163,2563.39149423,2563.3914942302163
13939,2601.5708734323966,2601.57087343,2601.5708734323966
13940,2305.1132254244835,2305.11322542,2305.1132254244835
13941,3769.8565409234798,3769.85654092,3769.8565409234798
13942,843.970216552246,843.970216552,843.970216552246
13943,2200.6524718426926,2200.65247184,2200.6524718426926
13944,2072.859497690217,2072.85949769,2072.859497690217
13945,12173.530538189281,12173.5305382,12173.530538189281
13946,5623.512276390377,5623.51227639,5623.512276390377
13947,4231.891725165872,4231.89172517,4231.891725165872
13948,2797.277946116858,2797.27794612,2797.277946116858
13949,1336.7696677524416,1336.76966775,1336.7696677524416
13950,1820.8235700812868,1820.82357008,1820.8235700812868
13951,2545.493281118265,2545.49328112,2545.493281118265
13952,4157.5405120418045,4157.54051204,4157.5405120418045
13953,3779.4219796910666,3779.42197969,3779.4219796910666
13954,5606.4094453923935,5606.40944539,5606.4094453923935
13955,6285.307032634086,6285.30703263,6285.307032634086
13956,2690.654623562541,2690.65462356,2690.654623562541
13957,5249.364588998914,5249.364589,5249.364588998914
13958,4023.3047059160663,4023.30470592,4023.3047059160663
13959,1364.9087311705232,1364.90873117,1364.9087311705232
13960,2240.0331861926725,2240.03318619,2240.0331861926725
13961,5912.75819307176,5912.75819307,5912.75819307176
13962,1122.496076392576,1122.49607639,1122.496076392576
13963,2967.54699560992,2967.54699561,2967.54699560992
13964,1518.4882326024758,1518.4882326,1518.4882326024758
13965,2251.134268398174,2251.1342684,2251.134268398174
13966,2722.082294697258,2722.0822947,2722.082294697258
13967,4148.645087979902,4148.64508798,4148.645087979902
13968,4690.95743649496,4690.95743649,4690.95743649496
13969,3804.0239063141785,3804.02390631,3804.0239063141785
13970,5465.746010651252,5465.74601065,5465.746010651252
13971,5026.175975463118,5026.17597546,5026.175975463118
13972,6343.016906857511,6343.01690686,6343.016906857511
13973,4707.02496302204,4707.02496302,4707.0249630220405
13974,1535.1014586463887,1535.10145865,1535.1014586463887
13975,1544.9961874731207,1544.99618747,1544.9961874731207
13976,1593.391985878328,1593.39198588,1593.391985878328
13977,5191.086908027251,5191.08690803,5191.086908027251
13978,5419.2674978564955,5419.26749786,5419.2674978564955
13979,2228.9299572336095,2228.92995723,2228.9299572336095
13980,57.8376095083551,57.8376095084,57.8376095083551
13981,6444.285619698532,6444.2856197,6444.285619698532
13982,1900.0819848030078,1900.0819848,1900.0819848030078
13983,1077.2854401003697,1077.2854401,1077.2854401003697
13984,1012.1313080709613,1012.13130807,1012.1313080709613
13985,6455.868047527528,6455.86804753,6455.868047527528
13986,6052.502780137589,6052.50278014,6052.502780137589
13987,1394.8206544376312,1394.82065444,1394.8206544376312
13988,3396.827968435061,3396.82796844,3396.827968435061
13989,3699.2806996533145,3699.28069965,3699.2806996533145
13990,2675.598034653173,2675.59803465,2675.598034653173
13991,7120.342163584761,7120.34216358,7120.342163584761
13992,2145.1561448323755,2145.15614483,2145.1561448323755
13993,7203.8004698964605,7203.8004699,7203.8004698964605
13994,74.63341782914831,74.6334178291,74.63341782914831
13995,1832.9775587999054,1832.9775588,1832.9775587999054
13996,353.7268144369121,353.726814437,353.7268144369121
13997,9499.511744990132,9499.51174499,9499.511744990132
13998,1179.6513203006443,1179.6513203,1179.6513203006443
13999,2096.039114324035,2096.03911432,2096.039114324035
14000,1711.9772550295406,1711.97725503,1711.9772550295406
14001,3815.7587327226493,3815.75873272,3815.7587327226493
14002,3814.718132561208,3814.71813256,3814.718132561208
14003,1597.7040207120826,1597.70402071,1597.7040207120826
14004,7068.5638587143,7068.56385871,7068.5638587143
14005,3271.7182755238027,3271.71827552,3271.7182755238027
14006,6740.381053162242,6740.38105316,6740.381053162242
14007,3144.6749760704542,3144.67497607,3144.6749760704542
14008,5627.826134137067,5627.82613414,5627.826134137067
14009,498.32666730449466,498.326667304,498.32666730449466
14010,3611.2093666154383,3611.20936662,3611.2093666154383
14011,9667.629190063513,9667.62919006,9667.629190063513
14012,1370.5632490488235,1370.56324905,1370.5632490488235
14013,506.2547675238074,506.254767524,506.2547675238074
14014,812.8928082207376,812.892808221,812.8928082207376
14015,5121.183176623783,5121.18317662,5121.183176623783
14016,6336.7311154062,6336.73111541,6336.7311154062
14017,2941.9994697273287,2941.99946973,2941.9994697273287
14018,809.3716855733218,809.371685573,809.3716855733218
14019,3466.7672268159577,3466.76722682,3466.7672268159577
14020,3490.5133216508266,3490.51332165,3490.5133216508266
14021,956.6778683862555,956.677868386,956.6778683862555
14022,6329.0290253805115,6329.02902538,6329.0290253805115
14023,2886.8683246999253,2886.8683247,2886.8683246999253
14024,1031.7214620272682,1031.72146203,1031.7214620272682
14025,1277.512250216716,1277.51225022,1277.512250216716
14026,6563.658573216782,6563.65857322,6563.658573216782
14027,2669.7093009421064,2669.70930094,2669.7093009421064
14028,7332.159890796454,7332.1598908,7332.159890796454
14029,1161.814763191729,1161.81476319,1161.814763191729
14030,3942.22488487008,3942.22488487,3942.22488487008
14031,374.20759574072105,374.207595741,374.20759574072105
14032,7296.9716505381675,7296.97165054,7296.9716505381675
14033,3801.4470446155424,3801.44704462,3801.4470446155424
14034,3176.9381738200527,3176.93817382,3176.9381738200527
14035,1231.7054793988975,1231.7054794,1231.7054793988975
14036,1679.1059790318302,1679.10597903,1679.1059790318302
14037,237.2765180349861,237.276518035,237.2765180349861
14038,1371.408239720117,1371.40823972,1371.408239720117
14039,4311.965198458668,4311.96519846,4311.965198458668
14040,3650.253350194344,3650.25335019,3650.253350194344
14041,3656.1611885835614,3656.16118858,3656.1611885835614
14042,1922.463734792393,1922.46373479,1922.463734792393
14043,2524.5822272450314,2524.58222725,2524.5822272450314
14044,3681.1346059120056,3681.13460591,3681.1346059120056
14045,5850.089571204025,5850.0895712,5850.089571204025
14046,3726.0991775744055,3726.09917757,3726.0991775744055
14047,6084.732889015511,6084.73288902,6084.732889015511
14048,301.9097981912435,301.909798191,301.9097981912435
14049,1620.6212450896983,1620.62124509,1620.6212450896983
14050,3867.6306438398524,3867.63064384,3867.6306438398524
14051,2067.5066806222762,2067.50668062,2067.5066806222762
14052,1840.2617473445468,1840.26174734,1840.2617473445468
14053,544.5435580140528,544.543558014,544.5435580140528
14054,1360.3755654978547,1360.3755655,1360.3755654978547
14055,326.91881553656776,326.918815537,326.91881553656776
14056,1764.447493919047,1764.44749392,1764.447493919047
14057,452.9673861533774,452.967386153,452.9673861533774
14058,3127.256528246553,3127.25652825,3127.256528246553
14059,1566.1293888337634,1566.12938883,1566.1293888337634
14060,702.7256261799963,702.72562618,702.7256261799963
14061,10156.480687182408,10156.4806872,10156.480687182408
14062,1053.2452944224297,1053.24529442,1053.2452944224297
14063,3355.916166263345,3355.91616626,3355.916166263345
14064,828.2581364281466,828.258136428,828.2581364281466
14065,1959.2384510735083,1959.23845107,1959.2384510735083
14066,14031.953823607795,14031.9538236,14031.953823607795
14067,2991.8128460625353,2991.81284606,2991.8128460625353
14068,3886.154866101278,3886.1548661,3886.154866101278
14069,2919.207589442611,2919.20758944,2919.207589442611
14070,6242.912844974457,6242.91284497,6242.912844974457
14071,1436.7526261224282,1436.75262612,1436.7526261224282
14072,5301.218665069911,5301.21866507,5301.218665069911
14073,896.1743467718704,896.174346772,896.1743467718704
14074,6858.493427639238,6858.49342764,6858.493427639238
14075,1842.3242435297054,1842.32424353,1842.3242435297054
14076,3841.730533834111,3841.73053383,3841.730533834111
14077,7398.368053385786,7398.36805339,7398.368053385786
14078,684.6138784261085,684.613878426,684.6138784261085
14079,6090.5474038598995,6090.54740386,6090.5474038598995
14080,364.02094979657113,364.020949797,364.02094979657113
14081,690.5212460213377,690.521246021,690.5212460213377
14082,5221.280375977955,5221.28037598,5221.280375977955
14083,2102.182747696928,2102.1827477,2102.182747696928
14084,2116.1581548521535,2116.15815485,2116.1581548521535
14085,1646.2783746813932,1646.27837468,1646.2783746813932
14086,4872.332846450709,4872.33284645,4872.332846450709
14087,1398.7106252330168,1398.71062523,1398.7106252330168
14088,1294.603748340604,1294.60374834,1294.603748340604
14089,14079.6536444586,14079.6536445,14079.6536444586
14090,8778.291681940776,8778.29168194,8778.291681940776
14091,3776.98354093317,3776.98354093,3776.98354093317
14092,510.9695412153348,510.969541215,510.9695412153348
14093,8771.425543178773,8771.42554318,8771.425543178773
14094,818.8074656795463,818.80746568,818.8074656795463
14095,1905.415582114526,1905.41558211,1905.415582114526
14096,7104.952773911894,7104.95277391,7104.952773911894
14097,5255.669264951052,5255.66926495,5255.669264951052
14098,6779.495032492728,6779.49503249,6779.495032492728
14099,2824.072611448826,2824.07261145,2824.072611448826
14100,3889.9604865259466,3889.96048653,3889.9604865259466
14101,479.9177238456021,479.917723846,479.9177238456021
14102,7493.273413652189,7493.27341365,7493.273413652189
14103,3683.1152818720543,3683.11528187,3683.1152818720543
14104,7729.422566409961,7729.42256641,7729.422566409961
14105,243.8874054829517,243.887405483,243.8874054829517
14106,6759.029759329179,6759.02975933,6759.029759329179
14107,1424.5588863552036,1424.55888636,1424.5588863552036
14108,1149.9321318733446,1149.93213187,1149.9321318733446
14109,2180.161511215278,2180.16151122,2180.161511215278
14110,1275.0674681479168,1275.06746815,1275.0674681479168
14111,7253.988327154886,7253.98832715,7253.988327154886
14112,1278.5225352242064,1278.52253522,1278.5225352242064
14113,4570.662076757629,4570.66207676,4570.662076757629
14114,4247.979479560436,4247.97947956,4247.979479560436
14115,4056.1948683233422,4056.19486832,4056.1948683233422
14116,11665.677962933092,11665.6779629,11665.677962933092
14117,668.947793960984,668.947793961,668.947793960984
14118,3468.987178872559,3468.98717887,3468.987178872559
14119,2854.9573167089434,2854.95731671,2854.9573167089434
14120,6053.636835065364,6053.63683507,6053.636835065364
14121,6056.698215824628,6056.69821582,6056.698215824628
14122,1000.7409028580174,1000.74090286,1000.7409028580174
14123,443.8509634587639,443.850963459,443.8509634587639
14124,6052.648152941909,6052.64815294,6052.648152941909
14125,1375.3436489761802,1375.34364898,1375.3436489761802
14126,1302.0465693165818,1302.04656932,1302.0465693165818
14127,4374.527094848457,4374.52709485,4374.527094848457
14128,5828.699977630831,5828.69997763,5828.699977630831
14129,2449.5922403005075,2449.5922403,2449.5922403005075
14130,9133.737515138235,9133.73751514,9133.737515138235
14131,1538.8658926766584,1538.86589268,1538.8658926766584
14132,1996.5697575178087,1996.56975752,1996.5697575178087
14133,9751.591274630293,9751.59127463,9751.591274630293
14134,4242.346630583671,4242.34663058,4242.346630583671
14135,1368.9461232839815,1368.94612328,1368.9461232839815
14136,1249.4698867668783,1249.46988677,1249.4698867668783
14137,5744.093952577705,5744.09395258,5744.093952577705
14138,110.32387218852023,110.323872189,110.32387218852023
14139,984.3405300056243,984.340530006,984.3405300056243
14140,1844.9579811253996,1844.95798113,1844.9579811253996
14141,6245.5252541207665,6245.52525412,6245.5252541207665
14142,2636.0249445338864,2636.02494453,2636.0249445338864
14143,2239.753136807045,2239.75313681,2239.753136807045
14144,2651.015572780852,2651.01557278,2651.015572780852
14145,408.32470420893344,408.324704209,408.32470420893344
14146,3609.7276540096495,3609.72765401,3609.7276540096495
14147,654.2598140080465,654.259814008,654.2598140080465
14148,699.183306267227,699.183306267,699.183306267227
14149,968.0579852951263,968.057985295,968.0579852951263
14150,2157.5771567308266,2157.57715673,2157.5771567308266
14151,3185.3180318374634,3185.31803184,3185.3180318374634
14152,2982.05636208312,2982.05636208,2982.05636208312
14153,4050.607185787743,4050.60718579,4050.607185787743
14154,1423.089736322484,1423.08973632,1423.089736322484
14155,4337.406025684613,4337.40602568,4337.406025684613
14156,3748.7485964603125,3748.74859646,3748.7485964603125
14157,3477.5068782968633,3477.5068783,3477.5068782968633
14158,3135.1537789859926,3135.15377899,3135.1537789859926
14159,1957.5265736881322,1957.52657369,1957.5265736881322
14160,9079.287987881586,9079.28798788,9079.287987881586
14161,1907.636434412804,1907.63643441,1907.636434412804
14162,12677.60759173829,12677.6075917,12677.60759173829
14163,17308.289111209946,17308.2891112,17308.289111209946
14164,777.9586859136342,777.958685914,777.9586859136342
14165,3406.74722828946,3406.74722829,3406.74722828946
14166,1670.6534950005573,1670.653495,1670.6534950005573
14167,5604.171792917045,5604.17179292,5604.171792917045
14168,10387.979366499882,10387.9793665,10387.979366499882
14169,3363.8384007364643,3363.83840074,3363.8384007364643
14170,3283.181305206791,3283.18130521,3283.181305206791
14171,1659.5776529226266,1659.57765292,1659.5776529226266
14172,9181.36261351126,9181.36261351,9181.36261351126
14173,501.8177195338543,501.817719534,501.8177195338543
14174,1951.5344716765564,1951.53447168,1951.5344716765564
14175,5745.63074628007,5745.63074628,5745.63074628007
14176,2209.9951636028895,2209.9951636,2209.9951636028895
14177,2771.364813879468,2771.36481388,2771.364813879468
14178,6671.938932311937,6671.93893231,6671.938932311937
14179,4676.601904200314,4676.6019042,4676.601904200314
14180,4864.454889012882,4864.45488901,4864.454889012882
14181,2582.395835542786,2582.39583554,2582.395835542786
14182,800.4448495181562,800.444849518,800.4448495181562
14183,2805.023221972235,2805.02322197,2805.023221972235
14184,449.728542777034,449.728542777,449.728542777034
14185,5427.686330647925,5427.68633065,5427.686330647925
14186,3156.2417450821076,3156.24174508,3156.2417450821076
14187,2671.8328467829447,2671.83284678,2671.8328467829447
14188,2525.054284830697,2525.05428483,2525.054284830697
14189,3129.168926618722,3129.16892662,3129.168926618722
14190,2473.2603937975628,2473.2603938,2473.2603937975628
14191,2658.509460916273,2658.50946092,2658.509460916273
14192,1094.884855288337,1094.88485529,1094.884855288337
14193,5375.629207370164,5375.62920737,5375.629207370164
14194,3265.9268045048616,3265.9268045,3265.9268045048616
14195,3959.467207685034,3959.46720769,3959.467207685034
14196,2189.174066146603,2189.17406615,2189.174066146603
14197,4297.041400873715,4297.04140087,4297.041400873715
14198,824.5084221532718,824.508422153,824.5084221532718
14199,96.50049951582955,96.5004995158,96.50049951582955
14200,4570.5126616232155,4570.51266162,4570.5126616232155
14201,2934.415815786946,2934.41581579,2934.415815786946
14202,11260.83850216087,11260.8385022,11260.83850216087
14203,44.18746887804189,44.187468878,44.18746887804189
14204,5452.121191340668,5452.12119134,5452.121191340668
14205,1901.0688124483002,1901.06881245,1901.0688124483002
14206,1963.7123340811847,1963.71233408,1963.7123340811847
14207,7609.9340127087835,7609.93401271,7609.9340127087835
14208,3264.807040074071,3264.80704007,3264.807040074071
14209,3974.9781618136208,3974.97816181,3974.9781618136208
14210,4229.657543350981,4229.65754335,4229.657543350981
14211,1527.4857314523824,1527.48573145,1527.4857314523824
14212,3889.486104721246,3889.48610472,3889.486104721246
14213,5830.834903193454,5830.83490319,5830.834903193454
14214,6939.03425662456,6939.03425662,6939.03425662456
14215,15260.44716595221,15260.447166,15260.44716595221
14216,1651.3404008632137,1651.34040086,1651.3404008632137
14217,1020.4267934797656,1020.42679348,1020.4267934797656
14218,4111.831348118647,4111.83134812,4111.831348118647
14219,6018.581158198382,6018.5811582,6018.581158198382
14220,4440.260988130903,4440.26098813,4440.260988130903
14221,896.9197070788068,896.919707079,896.9197070788068
14222,4059.0427048051965,4059.04270481,4059.0427048051965
14223,6088.266341583613,6088.26634158,6088.266341583613
14224,2206.5612356027464,2206.5612356,2206.5612356027464
14225,2180.629905971344,2180.62990597,2180.629905971344
14226,1485.257959194683,1485.25795919,1485.257959194683
14227,5631.659965636297,5631.65996564,5631.659965636297
14228,12507.67603974324,12507.6760397,12507.67603974324
14229,4810.104424811858,4810.10442481,4810.104424811858
14230,3222.237127198812,3222.2371272,3222.237127198812
14231,1983.1443602943227,1983.14436029,1983.1443602943227
14232,3198.8434201906202,3198.84342019,3198.8434201906202
14233,1552.6336412392386,1552.63364124,1552.6336412392386
14234,2499.6143597058476,2499.61435971,2499.6143597058476
14235,3848.378520253949,3848.37852025,3848.378520253949
14236,2658.237054369774,2658.23705437,2658.237054369774
14237,14036.88057766739,14036.8805777,14036.88057766739
14238,3804.7236704797406,3804.72367048,3804.7236704797406
14239,1302.1564849714828,1302.15648497,1302.1564849714828
14240,78.174801721556,78.1748017216,78.174801721556
14241,7368.7856511641385,7368.78565116,7368.7856511641385
14242,4353.595033246444,4353.59503325,4353.595033246444
14243,2278.4528878323226,2278.45288783,2278.4528878323226
14244,740.9692441571952,740.969244157,740.9692441571952
14245,1373.0328716245083,1373.03287162,1373.0328716245083
14246,8195.945931420038,8195.94593142,8195.945931420038
14247,3352.9761876745542,3352.97618767,3352.9761876745542
14248,3262.928476745809,3262.92847675,3262.928476745809
14249,6656.854650999381,6656.854651,6656.854650999381
14250,5942.953071863687,5942.95307186,5942.953071863687
14251,4279.747786070346,4279.74778607,4279.747786070346
14252,3333.8090737389916,3333.80907374,3333.8090737389916
14253,2325.5705936347963,2325.57059363,2325.5705936347963
14254,977.1110877297883,977.11108773,977.1110877297883
14255,5345.794436473381,5345.79443647,5345.794436473381
14256,420.54732244954863,420.54732245,420.54732244954863
14257,14746.0082681692,14746.0082682,14746.0082681692
14258,4530.544387286854,4530.54438729,4530.544387286854
14259,2386.1979543195444,2386.19795432,2386.1979543195444
14260,2129.670997512231,2129.67099751,2129.670997512231
14261,5890.694913471634,5890.69491347,5890.694913471634
14262,309.5124309463632,309.512430946,309.5124309463632
14263,882.5143494837332,882.514349484,882.5143494837333
14264,2668.4474800425096,2668.44748004,2668.4474800425096
14265,1291.3173661261076,1291.31736613,1291.3173661261076
14266,754.4837567235759,754.483756724,754.4837567235759
14267,505.2596343067037,505.259634307,505.2596343067037
14268,10974.965016899594,10974.9650169,10974.965016899594
14269,586.6799459933758,586.679945993,586.6799459933758
14270,1495.0837214212888,1495.08372142,1495.0837214212888
14271,14725.953364982071,14725.953365,14725.953364982071
14272,13174.579306796048,13174.5793068,13174.579306796048
14273,7109.493703663652,7109.49370366,7109.493703663652
14274,547.6807043143336,547.680704314,547.6807043143336
14275,2415.5147790091864,2415.51477901,2415.5147790091864
14276,3413.738076482118,3413.73807648,3413.738076482118
14277,10367.844341833632,10367.8443418,10367.844341833632
14278,2742.095009453285,2742.09500945,2742.095009453285
14279,2093.7385329199637,2093.73853292,2093.7385329199637
14280,1606.595023920935,1606.59502392,1606.595023920935
14281,10648.24312437656,10648.2431244,10648.24312437656
14282,3351.2952602041737,3351.2952602,3351.2952602041737
14283,5717.390999633063,5717.39099963,5717.390999633063
14284,202.87102850559614,202.871028506,202.87102850559614
14285,9956.207471959542,9956.20747196,9956.207471959542
14286,9511.765784516365,9511.76578452,9511.765784516365
14287,1891.4894451562973,1891.48944516,1891.4894451562973
14288,2598.3043620900507,2598.30436209,2598.3043620900507
14289,1768.1067324912133,1768.10673249,1768.1067324912133
14290,6705.439767324494,6705.43976732,6705.439767324494
14291,7336.436115203145,7336.4361152,7336.436115203145
14292,11254.841851387087,11254.8418514,11254.841851387087
14293,998.698834662343,998.698834662,998.698834662343
14294,6125.187729191103,6125.18772919,6125.187729191103
14295,2886.500877437207,2886.50087744,2886.500877437207
14296,605.4571427379402,605.457142738,605.4571427379402
14297,2191.1669067307935,2191.16690673,2191.1669067307935
14298,2796.4604348236567,2796.46043482,2796.4604348236567
14299,3479.5422155183255,3479.54221552,3479.5422155183255
14300,5019.12432865966,5019.12432866,5019.12432865966
14301,2268.4761052988965,2268.4761053,2268.4761052988965
14302,2734.0883601048067,2734.0883601,2734.0883601048067
14303,3697.3845648961114,3697.3845649,3697.3845648961114
14304,1549.8856521644839,1549.88565216,1549.8856521644839
14305,6080.248498461442,6080.24849846,6080.248498461442
14306,2502.0540748350163,2502.05407484,2502.0540748350163
14307,622.9443928918844,622.944392892,622.9443928918844
14308,2832.368041245132,2832.36804125,2832.368041245132
14309,3065.170632126736,3065.17063213,3065.170632126736
14310,8279.87178052398,8279.87178052,8279.87178052398
14311,4196.536777557279,4196.53677756,4196.536777557279
14312,7053.103652678454,7053.10365268,7053.103652678454
14313,3877.4280488935265,3877.42804889,3877.4280488935265
14314,6101.873720738779,6101.87372074,6101.873720738779
14315,7556.104256755868,7556.10425676,7556.104256755868
14316,3262.3716100325173,3262.37161003,3262.3716100325173
14317,917.645245334052,917.645245334,917.645245334052
14318,3733.6441752165347,3733.64417522,3733.6441752165347
14319,99.5481591706395,99.5481591706,99.5481591706395
14320,3487.363291707945,3487.36329171,3487.363291707945
14321,3353.055878093879,3353.05587809,3353.055878093879
14322,1005.8622696973675,1005.8622697,1005.8622696973675
14323,15464.607811680004,15464.6078117,15464.607811680004
14324,3184.112633604066,3184.1126336,3184.112633604066
14325,36657.15443247572,36657.1544325,36657.15443247572
14326,363.34150624378543,363.341506244,363.3415062437855
14327,1535.2082146651353,1535.20821467,1535.2082146651353
14328,3729.1228177649186,3729.12281776,3729.1228177649186
14329,1666.1317495509873,1666.13174955,1666.1317495509873
14330,4132.063111968026,4132.06311197,4132.063111968026
14331,1013.1948798336174,1013.19487983,1013.1948798336174
14332,2978.826759762888,2978.82675976,2978.826759762888
14333,5394.420279983932,5394.42027998,5394.420279983932
14334,494.5793780998404,494.5793781,494.5793780998404
14335,282.71240805949196,282.712408059,282.71240805949196
14336,1754.7093882918587,1754.70938829,1754.7093882918587
14337,1554.3949755589042,1554.39497556,1554.3949755589042
14338,4648.309917526091,4648.30991753,4648.309917526091
14339,1635.035797201341,1635.0357972,1635.035797201341
14340,1778.9770719873443,1778.97707199,1778.9770719873443
14341,4261.533757495065,4261.5337575,4261.533757495065
14342,753.0646470848302,753.064647085,753.0646470848302
14343,4928.6180008031815,4928.6180008,4928.6180008031815
14344,1532.9744133015324,1532.9744133,1532.9744133015324
14345,2400.484506600426,2400.4845066,2400.484506600426
14346,4614.73183689968,4614.7318369,4614.73183689968
14347,2751.1359148865863,2751.13591489,2751.1359148865863
14348,1372.243222308242,1372.24322231,1372.243222308242
14349,3779.717039277269,3779.71703928,3779.717039277269
14350,1983.9727905777102,1983.97279058,1983.9727905777102
14351,1079.0036547570705,1079.00365476,1079.0036547570705
14352,2239.9711251424374,2239.97112514,2239.9711251424374
14353,1236.3634739834029,1236.36347398,1236.3634739834029
14354,4176.8036166898,4176.80361669,4176.8036166898
14355,1210.880877372586,1210.88087737,1210.880877372586
14356,4092.448497559167,4092.44849756,4092.448497559167
14357,1532.8220193307143,1532.82201933,1532.8220193307143
14358,6942.527288857434,6942.52728886,6942.527288857434
14359,3340.0008949115654,3340.00089491,3340.0008949115654
14360,5379.660652892519,5379.66065289,5379.660652892519
14361,4782.298452891859,4782.29845289,4782.298452891859
14362,3403.8296556789346,3403.82965568,3403.8296556789346
14363,2681.1266160165715,2681.12661602,2681.1266160165715
14364,5541.012590900572,5541.0125909,5541.012590900572
14365,11249.792263885272,11249.7922639,11249.792263885272
14366,1454.1606298096617,1454.16062981,1454.1606298096617
14367,4860.116754189723,4860.11675419,4860.116754189723
14368,1850.8924039462095,1850.89240395,1850.8924039462095
14369,2602.2464260607017,2602.24642606,2602.2464260607017
14370,3122.6538592461598,3122.65385925,3122.6538592461598
14371,4458.43270009667,4458.4327001,4458.43270009667
14372,6459.781948593296,6459.78194859,6459.781948593296
14373,5853.650805577748,5853.65080558,5853.650805577748
14374,7042.378817488785,7042.37881749,7042.378817488785
14375,84.16968801250272,84.1696880125,84.16968801250272
14376,3114.5550828010046,3114.5550828,3114.5550828010046
14377,11326.967386583196,11326.9673866,11326.967386583196
14378,1083.9910512148367,1083.99105121,1083.9910512148367
14379,400.30625000663576,400.306250007,400.30625000663576
14380,11097.035341378598,11097.0353414,11097.035341378598
14381,6618.304601297819,6618.3046013,6618.304601297819
14382,3972.283128403549,3972.2831284,3972.283128403549
14383,2248.295328787131,2248.29532879,2248.295328787131
14384,2843.5313636086926,2843.53136361,2843.5313636086926
14385,4901.38744079733,4901.3874408,4901.38744079733
14386,3101.286819459898,3101.28681946,3101.286819459898
14387,507.6226980274152,507.622698027,507.6226980274152
14388,1892.8422597927677,1892.84225979,1892.8422597927677
14389,10688.766532943006,10688.7665329,10688.766532943006
14390,1672.3162105963745,1672.3162106,1672.3162105963745
14391,2478.45875591469,2478.45875591,2478.45875591469
14392,8942.129453853036,8942.12945385,8942.129453853036
14393,2219.0806239301833,2219.08062393,2219.0806239301833
14394,4165.370489983816,4165.37048998,4165.370489983816
14395,1804.6251193480477,1804.62511935,1804.6251193480477
14396,2107.2636204459513,2107.26362045,2107.2636204459513
14397,1411.7945549603119,1411.79455496,1411.7945549603119
14398,134.45532923435,134.455329234,134.45532923435
14399,3103.412186225408,3103.41218623,3103.412186225408
14400,6282.128442201095,6282.1284422,6282.128442201095
14401,3782.400020424018,3782.40002042,3782.400020424018
14402,4577.255615142728,4577.25561514,4577.255615142728
14403,2084.3401439304894,2084.34014393,2084.3401439304894
14404,9107.204417583202,9107.20441758,9107.204417583202
14405,4941.730692793295,4941.73069279,4941.730692793295
14406,2029.2222271292007,2029.22222713,2029.2222271292007
14407,1165.8358397036975,1165.8358397,1165.8358397036975
14408,1691.5979525398611,1691.59795254,1691.5979525398611
14409,5108.739814962887,5108.73981496,5108.739814962887
14410,2422.4157408278925,2422.41574083,2422.4157408278925
14411,7215.608576988019,7215.60857699,7215.608576988019
14412,3074.7266933941146,3074.72669339,3074.7266933941146
14413,2082.3653363371027,2082.36533634,2082.3653363371027
14414,3343.7671304156056,3343.76713042,3343.7671304156056
14415,2740.1409584952,2740.1409585,2740.1409584952
14416,1763.139155897356,1763.1391559,1763.139155897356
14417,4632.145745636891,4632.14574564,4632.145745636891
14418,4808.951155502178,4808.9511555,4808.951155502178
14419,6180.060188220187,6180.06018822,6180.060188220187
14420,4026.4480654590816,4026.44806546,4026.4480654590816
14421,7974.55553553569,7974.55553554,7974.55553553569
14422,5903.151694294019,5903.15169429,5903.151694294019
14423,4843.542704993428,4843.54270499,4843.542704993428
14424,2869.8109737057616,2869.81097371,2869.8109737057616
14425,1241.0331338404435,1241.03313384,1241.0331338404435
14426,865.3499754929395,865.349975493,865.3499754929395
14427,1029.1149372303926,1029.11493723,1029.1149372303926
14428,2709.0033099165635,2709.00330992,2709.0033099165635
14429,209.145635959341,209.145635959,209.145635959341
14430,416.69262099046017,416.69262099,416.69262099046017
14431,3739.0234020516596,3739.02340205,3739.0234020516596
14432,6291.752987634214,6291.75298763,6291.752987634214
14433,1600.73479198336,1600.73479198,1600.73479198336
14434,1825.4621327720415,1825.46213277,1825.4621327720415
14435,3294.2881352114196,3294.28813521,3294.2881352114196
14436,6594.0041052669885,6594.00410527,6594.0041052669885
14437,2260.2974356237064,2260.29743562,2260.2974356237064
14438,1620.1287311275194,1620.12873113,1620.1287311275194
14439,6994.547548959103,6994.54754896,6994.547548959103
14440,5209.027387575731,5209.02738758,5209.027387575731
14441,5896.206123749973,5896.20612375,5896.206123749973
14442,4713.466735510757,4713.46673551,4713.466735510757
14443,9522.724938213316,9522.72493821,9522.724938213316
14444,42.11966394096686,42.119663941,42.11966394096686
14445,700.2049240632845,700.204924063,700.2049240632845
14446,5079.304983217223,5079.30498322,5079.304983217223
14447,2292.601658848665,2292.60165885,2292.601658848665
14448,3818.6120410425538,3818.61204104,3818.6120410425538
14449,2806.8487711287244,2806.84877113,2806.8487711287244
14450,6390.4634357334135,6390.46343573,6390.4634357334135
14451,6603.365920810979,6603.36592081,6603.365920810979
14452,10322.706621192616,10322.7066212,10322.706621192616
14453,11248.615489407943,11248.6154894,11248.615489407943
14454,5833.495754362281,5833.49575436,5833.495754362281
14455,4523.6600457021395,4523.6600457,4523.6600457021395
14456,2273.048218057841,2273.04821806,2273.048218057841
14457,393.2367940934863,393.236794093,393.2367940934863
14458,4215.057562237136,4215.05756224,4215.057562237136
14459,9359.843346431517,9359.84334643,9359.843346431517
14460,2738.8497168614285,2738.84971686,2738.8497168614285
14461,3790.1231381456023,3790.12313815,3790.1231381456023
14462,3163.6258343410814,3163.62583434,3163.6258343410814
14463,743.7253210928307,743.725321093,743.7253210928307
14464,8308.034364659685,8308.03436466,8308.034364659685
14465,81.79826300377069,81.7982630038,81.79826300377069
14466,2162.003143685454,2162.00314369,2162.003143685454
14467,5623.693345965933,5623.69334597,5623.693345965933
14468,2620.0944942339784,2620.09449423,2620.0944942339784
14469,4978.429780450108,4978.42978045,4978.429780450108
14470,2139.70852207949,2139.70852208,2139.70852207949
14471,2385.111897819625,2385.11189782,2385.111897819625
14472,2314.7358157121007,2314.73581571,2314.7358157121007
14473,1463.134374848504,1463.13437485,1463.134374848504
14474,5865.626183211028,5865.62618321,5865.626183211028
14475,3750.362766377158,3750.36276638,3750.362766377158
14476,98.03670898231033,98.0367089823,98.03670898231033
14477,6572.416355735829,6572.41635574,6572.416355735829
14478,1436.1871294924792,1436.18712949,1436.1871294924792
14479,4263.549860556925,4263.54986056,4263.549860556925
14480,2744.340524478747,2744.34052448,2744.340524478747
14481,584.6095382457983,584.609538246,584.6095382457983
14482,2295.2679324482156,2295.26793245,2295.2679324482156
14483,7437.818399855709,7437.81839986,7437.818399855709
14484,1599.8776661113673,1599.87766611,1599.8776661113673
14485,4883.3195434017725,4883.3195434,4883.3195434017725
14486,2117.5679717260505,2117.56797173,2117.5679717260505
14487,2976.0325433744392,2976.03254337,2976.0325433744392
14488,4204.507697877516,4204.50769788,4204.507697877516
14489,4339.88961228884,4339.88961229,4339.88961228884
14490,3069.06361200599,3069.06361201,3069.06361200599
14491,5085.3652298661455,5085.36522987,5085.3652298661455
14492,2912.65504108382,2912.65504108,2912.65504108382
14493,2188.487122710958,2188.48712271,2188.487122710958
14494,3506.336823016212,3506.33682302,3506.336823016212
14495,6670.613980478923,6670.61398048,6670.613980478923
14496,1283.6799660432348,1283.67996604,1283.6799660432348
14497,2003.500184025345,2003.50018403,2003.500184025345
14498,8448.364650789235,8448.36465079,8448.364650789235
14499,766.7797505507949,766.779750551,766.7797505507949
14500,4429.2211659228,4429.22116592,4429.2211659228
14501,1855.500684216914,1855.50068422,1855.500684216914
14502,18524.604282364853,18524.6042824,18524.604282364853
14503,359.06846568347623,359.068465683,359.06846568347623
14504,950.288789186177,950.288789186,950.288789186177
14505,8855.694912926137,8855.69491293,8855.694912926137
14506,6491.730902607062,6491.73090261,6491.730902607062
14507,1018.2241523856648,1018.22415239,1018.2241523856648
14508,483.08143141199645,483.081431412,483.08143141199645
14509,649.2312662169452,649.231266217,649.2312662169452
14510,5242.448595062333,5242.44859506,5242.448595062333
14511,5007.393857251697,5007.39385725,5007.393857251697
14512,3066.0452500987635,3066.0452501,3066.0452500987635
14513,5945.950922302637,5945.9509223,5945.950922302637
14514,3190.040197051097,3190.04019705,3190.040197051097
14515,696.2276128835064,696.227612884,696.2276128835064
14516,5830.821422237883,5830.82142224,5830.821422237883
14517,3106.29881675469,3106.29881675,3106.29881675469
14518,1888.3497432328293,1888.34974323,1888.3497432328293
14519,6032.721123339421,6032.72112334,6032.721123339421
14520,4500.764193120986,4500.76419312,4500.764193120986
14521,2718.667855232067,2718.66785523,2718.667855232067
14522,3569.7346438027594,3569.7346438,3569.7346438027594
14523,5501.318782475992,5501.31878248,5501.318782475992
14524,1179.932099997057,1179.9321,1179.932099997057
14525,4143.858916321332,4143.85891632,4143.858916321332
14526,4852.29433299302,4852.29433299,4852.29433299302
14527,5767.693361725448,5767.69336173,5767.693361725448
14528,2352.379139996519,2352.37914,2352.379139996519
14529,3619.0817211397793,3619.08172114,3619.0817211397793
14530,1358.5818753367544,1358.58187534,1358.5818753367544
14531,3212.8158439732956,3212.81584397,3212.8158439732956
14532,2482.222690585881,2482.22269059,2482.222690585881
14533,4134.835829251849,4134.83582925,4134.835829251849
14534,1293.214965175162,1293.21496518,1293.214965175162
14535,6682.41746404263,6682.41746404,6682.41746404263
14536,5833.802282938583,5833.80228294,5833.802282938583
14537,765.070791927108,765.070791927,765.070791927108
14538,5220.899260906595,5220.89926091,5220.899260906595
14539,445.1039730692837,445.103973069,445.1039730692837
14540,3162.8132060282187,3162.81320603,3162.8132060282187
14541,277.11881633455266,277.118816335,277.11881633455266
14542,1494.2462921465433,1494.24629215,1494.2462921465433
14543,528.0086344482445,528.008634448,528.0086344482445
14544,3112.279926770272,3112.27992677,3112.279926770272
14545,2474.191223482572,2474.19122348,2474.191223482572
14546,2943.803266318781,2943.80326632,2943.803266318781
14547,2895.929051776638,2895.92905178,2895.929051776638
14548,2498.999595066839,2498.99959507,2498.999595066839
14549,1939.684784213764,1939.68478421,1939.684784213764
14550,4297.2462497062,4297.24624971,4297.2462497062
14551,2007.6879357136547,2007.68793571,2007.6879357136547
14552,158.05885534314802,158.058855343,158.05885534314802
14553,2477.970276621821,2477.97027662,2477.970276621821
14554,1865.6282207237587,1865.62822072,1865.6282207237587
14555,817.5417691480191,817.541769148,817.5417691480191
14556,3801.3350560463296,3801.33505605,3801.3350560463296
14557,14303.381929431396,14303.3819294,14303.381929431396
14558,5657.705028498414,5657.7050285,5657.705028498414
14559,761.842933824508,761.842933825,761.842933824508
14560,9582.999906989402,9582.99990699,9582.999906989402
14561,8426.210409370731,8426.21040937,8426.210409370731
14562,3162.103583140439,3162.10358314,3162.103583140439
14563,2031.8701381136577,2031.87013811,2031.8701381136577
14564,4185.298866006266,4185.29886601,4185.298866006266
14565,4887.121392052779,4887.12139205,4887.121392052779
14566,4826.934795985531,4826.93479599,4826.934795985531
14567,1048.3270610034604,1048.327061,1048.3270610034604
14568,3450.0360421319856,3450.03604213,3450.0360421319856
14569,1030.8486894020746,1030.8486894,1030.8486894020746
14570,474.8621149980878,474.862114998,474.8621149980878
14571,4072.803476287931,4072.80347629,4072.803476287931
14572,1122.2313367307506,1122.23133673,1122.2313367307506
14573,2177.8827765936985,2177.88277659,2177.8827765936985
14574,2286.2188445021357,2286.2188445,2286.2188445021357
14575,2764.932889846027,2764.93288985,2764.932889846027
14576,3706.452022129547,3706.45202213,3706.452022129547
14577,6287.525371423368,6287.52537142,6287.525371423368
14578,2715.049081509942,2715.04908151,2715.049081509942
14579,1600.1216358278218,1600.12163583,1600.1216358278218
14580,9061.467113766044,9061.46711377,9061.467113766044
14581,1621.4956500030094,1621.49565,1621.4956500030094
14582,2255.4914078050806,2255.49140781,2255.4914078050806
14583,4671.372771737815,4671.37277174,4671.372771737815
14584,17007.40102895369,17007.401029,17007.40102895369
14585,114.32767042798812,114.327670428,114.32767042798812
14586,2431.6954550347054,2431.69545503,2431.6954550347054
14587,2767.171912337725,2767.17191234,2767.171912337725
14588,2177.9332826253926,2177.93328263,2177.9332826253926
14589,10580.231033707514,10580.2310337,10580.231033707514
14590,2550.0117123706586,2550.01171237,2550.0117123706586
14591,2694.496104252684,2694.49610425,2694.496104252684
14592,2857.959173069713,2857.95917307,2857.959173069713
14593,627.836286384271,627.836286384,627.836286384271
14594,5474.237626822648,5474.23762682,5474.237626822648
14595,4877.269216429278,4877.26921643,4877.269216429278
14596,652.3041923075612,652.304192308,652.3041923075612
14597,2825.787083399028,2825.7870834,2825.787083399028
14598,2382.259756518134,2382.25975652,2382.259756518134
14599,18799.601024394153,18799.6010244,18799.601024394153
14600,856.3290974872777,856.329097487,856.3290974872777
14601,2475.0477801227594,2475.04778012,2475.0477801227594
14602,1734.2151240178853,1734.21512402,1734.2151240178853
14603,7741.643319896906,7741.6433199,7741.643319896906
14604,12974.826507864032,12974.8265079,12974.826507864032
14605,22158.85158990163,22158.8515899,22158.85158990163
14606,7692.941808071109,7692.94180807,7692.941808071109
14607,4494.462377375424,4494.46237738,4494.462377375424
14608,1386.7505494199254,1386.75054942,1386.7505494199254
14609,1755.9100578314346,1755.91005783,1755.9100578314346
14610,3979.2337147932412,3979.23371479,3979.2337147932412
14611,2024.4289063817068,2024.42890638,2024.4289063817068
14612,2447.9692828555,2447.96928286,2447.9692828555
14613,450.75067089208056,450.750670892,450.75067089208056
14614,2720.7152969182016,2720.71529692,2720.7152969182016
14615,1163.914238228249,1163.91423823,1163.914238228249
14616,7030.594988665833,7030.59498867,7030.594988665833
14617,2637.1416883458314,2637.14168835,2637.1416883458314
14618,15468.808658615217,15468.8086586,15468.808658615217
14619,3353.608607777708,3353.60860778,3353.608607777708
14620,2123.488623058154,2123.48862306,2123.488623058154
14621,7375.408665296538,7375.4086653,7375.408665296538
14622,251.54469522335464,251.544695223,251.54469522335464
14623,6217.952914871288,6217.95291487,6217.952914871288
14624,4201.206502238966,4201.20650224,4201.206502238966
14625,483.75591637942796,483.755916379,483.75591637942796
14626,2428.3261070051044,2428.32610701,2428.3261070051044
14627,1808.7371937098558,1808.73719371,1808.7371937098558
14628,619.6353477258535,619.635347726,619.6353477258535
14629,3241.4763833389097,3241.47638334,3241.4763833389097
14630,260.29951410924247,260.299514109,260.29951410924247
14631,1007.7082352881829,1007.70823529,1007.7082352881829
14632,5286.960182990403,5286.96018299,5286.960182990403
14633,4600.5932506042955,4600.5932506,4600.5932506042955
14634,13246.456377331393,13246.4563773,13246.456377331393
14635,8251.509150541,8251.50915054,8251.509150541
14636,1695.5830405650704,1695.58304057,1695.5830405650704
14637,6319.329178792421,6319.32917879,6319.329178792421
14638,3322.249921044744,3322.24992104,3322.249921044744
14639,2452.2495421429785,2452.24954214,2452.2495421429785
14640,4284.700034686866,4284.70003469,4284.700034686866
14641,5873.2380769225965,5873.23807692,5873.2380769225965
14642,679.0565088928747,679.056508893,679.0565088928747
14643,5190.360627419784,5190.36062742,5190.360627419784
14644,7607.6843217199275,7607.68432172,7607.6843217199275
14645,664.789441955691,664.789441956,664.789441955691
14646,427.7213054825942,427.721305483,427.7213054825942
14647,4018.9067111018094,4018.9067111,4018.9067111018094
14648,2918.1988268089776,2918.19882681,2918.1988268089776
14649,3287.9494318749557,3287.94943187,3287.9494318749557
14650,5002.375308829572,5002.37530883,5002.375308829572
14651,5151.299137529798,5151.29913753,5151.299137529798
14652,2342.657920535993,2342.65792054,2342.657920535993
14653,6271.396670029069,6271.39667003,6271.396670029069
14654,18661.437545253288,18661.4375453,18661.437545253288
14655,1774.5551099079564,1774.55510991,1774.5551099079564
14656,8471.993183751963,8471.99318375,8471.993183751963
14657,12201.527052808211,12201.5270528,12201.527052808211
14658,2727.4362824949717,2727.43628249,2727.4362824949717
14659,14652.538152187348,14652.5381522,14652.538152187348
14660,905.939416913552,905.939416914,905.939416913552
14661,2274.1213266675563,2274.12132667,2274.1213266675563
14662,4733.015960601236,4733.0159606,4733.015960601236
14663,3089.079168712923,3089.07916871,3089.079168712923
14664,4498.264954535258,4498.26495454,4498.264954535258
14665,683.5485160382908,683.548516038,683.5485160382908
14666,2159.888899496532,2159.8888995,2159.888899496532
14667,5259.323497430022,5259.32349743,5259.323497430022
14668,16273.931398514094,16273.9313985,16273.931398514094
14669,4122.783480694745,4122.78348069,4122.783480694745
14670,9109.479196521423,9109.47919652,9109.479196521423
14671,9364.21834261192,9364.21834261,9364.21834261192
14672,4763.009950483277,4763.00995048,4763.009950483277
14673,3675.335970617085,3675.33597062,3675.335970617085
14674,8334.037364693433,8334.03736469,8334.037364693433
14675,6774.136182882907,6774.13618288,6774.136182882907
14676,8394.93675501898,8394.93675502,8394.93675501898
14677,3006.5837886503805,3006.58378865,3006.5837886503805
14678,3167.487765547844,3167.48776555,3167.487765547844
14679,851.5296423232735,851.529642323,851.5296423232735
14680,10911.465282547075,10911.4652825,10911.465282547075
14681,7420.36343004491,7420.36343004,7420.36343004491
14682,9209.309737424885,9209.30973742,9209.309737424885
14683,1252.674445065773,1252.67444507,1252.674445065773
14684,3373.0354282158473,3373.03542822,3373.0354282158473
14685,22660.876623691933,22660.8766237,22660.876623691933
14686,20370.673992171196,20370.6739922,20370.673992171196
14687,709.4413368773834,709.441336877,709.4413368773834
14688,416.1884104727572,416.188410473,416.1884104727572
14689,3228.8564746128022,3228.85647461,3228.8564746128022
14690,3115.0223725838923,3115.02237258,3115.0223725838923
14691,995.2072864888053,995.207286489,995.2072864888053
14692,2743.4714976318696,2743.47149763,2743.4714976318696
14693,7464.766209547,7464.76620955,7464.766209547
14694,3301.1966130112014,3301.19661301,3301.1966130112014
14695,1590.6132492643837,1590.61324926,1590.6132492643837
14696,3580.411521320184,3580.41152132,3580.411521320184
14697,1858.293868553927,1858.29386855,1858.293868553927
14698,4859.775963136123,4859.77596314,4859.775963136123
14699,3167.922253547017,3167.92225355,3167.922253547017
14700,4489.255331278094,4489.25533128,4489.255331278094
14701,2285.8921030947913,2285.89210309,2285.8921030947913
14702,343.6953483024323,343.695348302,343.6953483024323
14703,3469.4325994810083,3469.43259948,3469.4325994810083
14704,9053.844994381252,9053.84499438,9053.844994381252
14705,769.9711791528496,769.971179153,769.9711791528496
14706,4630.17555722665,4630.17555723,4630.17555722665
14707,12191.40279314745,12191.4027931,12191.40279314745
14708,7486.851255015772,7486.85125502,7486.851255015772
14709,4321.838500961391,4321.83850096,4321.838500961391
14710,1747.252884586891,1747.25288459,1747.252884586891
14711,7995.322329350375,7995.32232935,7995.322329350375
14712,3689.0427696880597,3689.04276969,3689.0427696880597
14713,6399.476700895358,6399.4767009,6399.476700895358
14714,967.5679430167096,967.567943017,967.5679430167096
14715,3733.6413241264945,3733.64132413,3733.6413241264945
14716,1404.7467820983948,1404.7467821,1404.7467820983948
14717,2814.6884234917898,2814.68842349,2814.6884234917898
14718,492.43650698924796,492.436506989,492.43650698924796
14719,16112.330665877727,16112.3306659,16112.330665877727
14720,6225.685298079649,6225.68529808,6225.685298079649
14721,813.7252793649885,813.725279365,813.7252793649885
14722,2621.0330960877614,2621.03309609,2621.0330960877614
14723,945.6011318135277,945.601131814,945.6011318135277
14724,3823.3668715704207,3823.36687157,3823.3668715704207
14725,2126.374421796157,2126.3744218,2126.374421796157
14726,7773.946115309891,7773.94611531,7773.946115309891
14727,861.880779668306,861.880779668,861.880779668306
14728,10566.910676228175,10566.9106762,10566.910676228175
14729,542.2475460440521,542.247546044,542.2475460440521
14730,1513.9368556706386,1513.93685567,1513.9368556706386
14731,9257.613879380971,9257.61387938,9257.613879380971
14732,700.8128807963265,700.812880796,700.8128807963265
14733,4599.480561681244,4599.48056168,4599.480561681244
14734,1786.9162511394204,1786.91625114,1786.9162511394204
14735,4541.64618426298,4541.64618426,4541.64618426298
14736,1707.3855334722678,1707.38553347,1707.3855334722678
14737,867.6712251396061,867.67122514,867.6712251396061
14738,876.8335858530978,876.833585853,876.8335858530978
14739,1634.176947984302,1634.17694798,1634.176947984302
14740,4829.318935232008,4829.31893523,4829.318935232008
14741,3404.852652551654,3404.85265255,3404.852652551654
14742,309.7351513818756,309.735151382,309.7351513818756
14743,1385.7666459445848,1385.76664594,1385.7666459445848
14744,6085.681017687877,6085.68101769,6085.681017687877
14745,389.8890533820573,389.889053382,389.8890533820573
14746,3053.0878884259287,3053.08788843,3053.0878884259287
14747,3035.5018510314344,3035.50185103,3035.5018510314344
14748,10607.045030727315,10607.0450307,10607.045030727315
14749,1662.3028792664825,1662.30287927,1662.3028792664825
14750,2543.9181044288944,2543.91810443,2543.9181044288944
14751,2956.9220730268216,2956.92207303,2956.9220730268216
14752,1493.8485690836017,1493.84856908,1493.8485690836017
14753,6475.30641580349,6475.3064158,6475.30641580349
14754,1376.1816887332138,1376.18168873,1376.1816887332138
14755,10765.653148902815,10765.6531489,10765.653148902815
14756,2930.04521236096,2930.04521236,2930.04521236096
14757,8328.144866559203,8328.14486656,8328.144866559203
14758,2059.1356362604906,2059.13563626,2059.1356362604906
14759,12099.220870135048,12099.2208701,12099.220870135048
14760,1974.4490871711073,1974.44908717,1974.4490871711073
14761,7914.107769205813,7914.10776921,7914.107769205813
14762,2520.8154869222617,2520.81548692,2520.8154869222617
14763,1502.9312867685603,1502.93128677,1502.9312867685603
14764,6749.548212783011,6749.54821278,6749.548212783011
14765,939.9300838866926,939.930083887,939.9300838866926
14766,4658.757663850187,4658.75766385,4658.757663850187
14767,2414.0567185943596,2414.05671859,2414.0567185943596
14768,3422.6486490051825,3422.64864901,3422.6486490051825
14769,1632.111354620417,1632.11135462,1632.111354620417
14770,3597.5409368812752,3597.54093688,3597.5409368812752
14771,4074.596926544987,4074.59692654,4074.596926544987
14772,1350.3627968569247,1350.36279686,1350.3627968569247
14773,25899.283951663598,25899.2839517,25899.283951663598
14774,417.05802719178354,417.058027192,417.05802719178354
14775,5764.191347527805,5764.19134753,5764.191347527805
14776,9697.800682201914,9697.8006822,9697.800682201914
14777,270.5641815733013,270.564181573,270.5641815733013
14778,1108.3784026089295,1108.37840261,1108.3784026089295
14779,393.8667933304854,393.86679333,393.8667933304854
14780,1221.2996922539153,1221.29969225,1221.2996922539153
14781,1081.934948592603,1081.93494859,1081.934948592603
14782,1279.1014198011887,1279.1014198,1279.1014198011887
14783,1680.9980929905519,1680.99809299,1680.9980929905519
14784,868.9681645036908,868.968164504,868.9681645036908
14785,3911.2656326945385,3911.26563269,3911.2656326945385
14786,2686.534678143925,2686.53467814,2686.534678143925
14787,6015.425566699076,6015.4255667,6015.425566699076
14788,8625.066912688619,8625.06691269,8625.066912688619
14789,3484.8704751020946,3484.8704751,3484.8704751020946
14790,1635.7884390078311,1635.78843901,1635.7884390078311
14791,382.8088217792224,382.808821779,382.8088217792224
14792,5730.452599679957,5730.45259968,5730.452599679957
14793,1222.509040895374,1222.5090409,1222.509040895374
14794,7928.586520522478,7928.58652052,7928.586520522478
14795,1188.6415199386463,1188.64151994,1188.6415199386463
14796,9856.358954997104,9856.358955,9856.358954997104
14797,2233.4254330149206,2233.42543301,2233.4254330149206
14798,712.1016252402402,712.10162524,712.1016252402402
14799,6276.099613308937,6276.09961331,6276.099613308937
14800,8377.608173547478,8377.60817355,8377.608173547478
14801,717.7736968817522,717.773696882,717.7736968817522
14802,11283.538139627151,11283.5381396,11283.538139627151
14803,4580.853352305217,4580.85335231,4580.853352305217
14804,13789.213011999767,13789.213012,13789.213011999767
14805,5803.820424251125,5803.82042425,5803.820424251125
14806,1358.345045275047,1358.34504528,1358.345045275047
14807,3447.113703973294,3447.11370397,3447.113703973294
14808,2484.5425124522258,2484.54251245,2484.5425124522258
14809,3427.8277843097394,3427.82778431,3427.8277843097394
14810,5281.250875603998,5281.2508756,5281.250875603998
14811,347.824208009179,347.824208009,347.824208009179
14812,2064.3598345649143,2064.35983456,2064.3598345649143
14813,735.8590447221113,735.859044722,735.8590447221113
14814,4524.751957615015,4524.75195762,4524.751957615015
14815,2689.0173534420073,2689.01735344,2689.0173534420073
14816,337.05659619432294,337.056596194,337.05659619432294
14817,4175.964073087385,4175.96407309,4175.964073087385
14818,4583.537387585591,4583.53738759,4583.537387585591
14819,3870.44925220035,3870.4492522,3870.44925220035
14820,1537.9676788241932,1537.96767882,1537.9676788241932
14821,5639.201808592833,5639.20180859,5639.201808592833
14822,86.7149712153996,86.7149712154,86.7149712153996
14823,2397.6159962231823,2397.61599622,2397.6159962231823
14824,2885.4754926836736,2885.47549268,2885.4754926836736
14825,2741.4283739461303,2741.42837395,2741.4283739461303
14826,307.3546188960474,307.354618896,307.3546188960474
14827,1298.2354339017859,1298.2354339,1298.2354339017859
14828,2192.416953660142,2192.41695366,2192.416953660142
14829,1557.0585402987547,1557.0585403,1557.0585402987547
14830,2535.4840264469944,2535.48402645,2535.4840264469944
14831,525.3153844219853,525.315384422,525.3153844219853
14832,2181.8671686665684,2181.86716867,2181.8671686665684
14833,3754.1804700263124,3754.18047003,3754.1804700263124
14834,1098.4831830554074,1098.48318306,1098.4831830554074
14835,6880.93073822886,6880.93073823,6880.93073822886
14836,1307.7547331404526,1307.75473314,1307.7547331404526
14837,4914.708516088704,4914.70851609,4914.708516088704
14838,5571.794956892502,5571.79495689,5571.794956892502
14839,6552.11343550713,6552.11343551,6552.11343550713
14840,7429.010430716531,7429.01043072,7429.010430716531
14841,4499.29388785881,4499.29388786,4499.29388785881
14842,2007.7235362067404,2007.72353621,2007.7235362067404
14843,949.059867094203,949.059867094,949.059867094203
14844,541.1039511794111,541.103951179,541.1039511794111
14845,1561.4129591349265,1561.41295913,1561.4129591349265
14846,1920.2497706695099,1920.24977067,1920.2497706695099
14847,1278.4163202755308,1278.41632028,1278.4163202755308
14848,9060.710083098113,9060.7100831,9060.710083098113
14849,10850.54726366686,10850.5472637,10850.54726366686
14850,1140.929845859616,1140.92984586,1140.929845859616
14851,625.497330397878,625.497330398,625.497330397878
14852,819.989594917072,819.989594917,819.989594917072
14853,867.8993252973163,867.899325297,867.8993252973163
14854,1866.1327602402946,1866.13276024,1866.1327602402946
14855,459.9038867930462,459.903886793,459.9038867930462
14856,5145.179701407581,5145.17970141,5145.179701407581
14857,4004.998791087542,4004.99879109,4004.998791087542
14858,1971.1245073160583,1971.12450732,1971.1245073160583
14859,1437.532143453622,1437.53214345,1437.532143453622
14860,941.4004891798769,941.40048918,941.4004891798769
14861,1348.5453792037345,1348.5453792,1348.5453792037345
14862,7880.892893811859,7880.89289381,7880.892893811859
14863,21066.774138792047,21066.7741388,21066.774138792047
14864,1266.2838273859838,1266.28382739,1266.2838273859838
14865,365.24539042853775,365.245390429,365.24539042853775
14866,8528.430487911564,8528.43048791,8528.430487911564
14867,2381.858016207838,2381.85801621,2381.858016207838
14868,3568.591686867849,3568.59168687,3568.591686867849
14869,1401.2118700960916,1401.2118701,1401.2118700960916
14870,860.9924181980633,860.992418198,860.9924181980633
14871,1006.4240380684721,1006.42403807,1006.4240380684721
14872,4744.774597287352,4744.77459729,4744.774597287352
14873,1169.0660464748146,1169.06604647,1169.0660464748146
14874,5192.516409675543,5192.51640968,5192.516409675543
14875,2833.723706448548,2833.72370645,2833.723706448548
14876,1313.275033853022,1313.27503385,1313.275033853022
14877,2613.957741893639,2613.95774189,2613.957741893639
14878,2212.6661741769854,2212.66617418,2212.6661741769854
14879,4240.865633866074,4240.86563387,4240.865633866074
14880,1062.129239966792,1062.12923997,1062.129239966792
14881,2224.7474360745537,2224.74743607,2224.7474360745537
14882,637.9312824008679,637.931282401,637.9312824008679
14883,2165.5063951745688,2165.50639517,2165.5063951745688
14884,11490.580139953368,11490.58014,11490.580139953368
14885,6308.836329237846,6308.83632924,6308.836329237846
14886,795.3069708793427,795.306970879,795.3069708793427
14887,3347.4611091004904,3347.4611091,3347.4611091004904
14888,3046.0172719407715,3046.01727194,3046.0172719407715
14889,3835.098339705233,3835.09833971,3835.098339705233
14890,2645.547905409595,2645.54790541,2645.547905409595
14891,8714.356149690038,8714.35614969,8714.356149690038
14892,2519.0928089377107,2519.09280894,2519.0928089377107
14893,263.32756833199613,263.327568332,263.32756833199613
14894,2155.7933007947563,2155.79330079,2155.7933007947563
14895,2256.667346229404,2256.66734623,2256.667346229404
14896,436.33478097808273,436.334780978,436.33478097808273
14897,6853.420368345296,6853.42036835,6853.420368345296
14898,1025.7944880915752,1025.79448809,1025.7944880915752
14899,10206.242177411606,10206.2421774,10206.242177411606
14900,2040.5039225469618,2040.50392255,2040.5039225469618
14901,412.0610504740358,412.061050474,412.0610504740358
14902,1279.2331814607821,1279.23318146,1279.2331814607821
14903,2851.856266788176,2851.85626679,2851.856266788176
14904,3433.899008644141,3433.89900864,3433.899008644141
14905,2376.05634262265,2376.05634262,2376.05634262265
14906,27137.67860826991,27137.6786083,27137.67860826991
14907,2170.3443934794404,2170.34439348,2170.3443934794404
14908,4594.76373882743,4594.76373883,4594.76373882743
14909,3338.4184911943958,3338.41849119,3338.4184911943958
14910,3207.722381188435,3207.72238119,3207.722381188435
14911,6542.812983111775,6542.81298311,6542.812983111775
14912,1874.3874201856204,1874.38742019,1874.3874201856204
14913,7843.55946415637,7843.55946416,7843.55946415637
14914,370.80418874211296,370.804188742,370.80418874211296
14915,134.25671242789966,134.256712428,134.25671242789966
14916,9823.315143796694,9823.3151438,9823.315143796694
14917,2881.3143627274317,2881.31436273,2881.3143627274317
14918,1778.3011604852215,1778.30116049,1778.3011604852215
14919,2970.184462215909,2970.18446222,2970.184462215909
14920,2457.063713535644,2457.06371354,2457.063713535644
14921,9580.118296523891,9580.11829652,9580.118296523891
14922,2191.396829561287,2191.39682956,2191.396829561287
14923,889.8217907796225,889.82179078,889.8217907796225
14924,1576.2875096529633,1576.28750965,1576.2875096529633
14925,7177.061112456485,7177.06111246,7177.061112456485
14926,6284.9294757971,6284.9294758,6284.9294757971
14927,1529.3524929491437,1529.35249295,1529.3524929491437
14928,786.8975951389,786.897595139,786.8975951389
14929,4692.5748579652445,4692.57485797,4692.5748579652445
14930,3631.9605989874804,3631.96059899,3631.9605989874804
14931,3847.0338234641645,3847.03382346,3847.0338234641645
14932,2169.797551145931,2169.79755115,2169.797551145931
14933,4318.385894567381,4318.38589457,4318.385894567381
14934,2772.184511728448,2772.18451173,2772.184511728448
14935,1944.566339866033,1944.56633987,1944.566339866033
14936,1329.4554421994287,1329.4554422,1329.4554421994287
14937,1331.857774808488,1331.85777481,1331.857774808488
14938,1820.4801038642147,1820.48010386,1820.4801038642147
14939,4761.274814472373,4761.27481447,4761.274814472373
14940,6400.463059539651,6400.46305954,6400.463059539651
14941,635.1903647074337,635.190364707,635.1903647074337
14942,3881.096225299106,3881.0962253,3881.096225299106
14943,3877.918941033621,3877.91894103,3877.918941033621
14944,6951.956980298581,6951.9569803,6951.956980298581
14945,1560.0660774100918,1560.06607741,1560.0660774100918
14946,3452.5376171429893,3452.53761714,3452.5376171429893
14947,3447.8110765101255,3447.81107651,3447.8110765101255
14948,8444.483112325033,8444.48311233,8444.483112325033
14949,2583.171619737187,2583.17161974,2583.171619737187
14950,470.8758272315037,470.875827232,470.8758272315037
14951,1007.2816693885142,1007.28166939,1007.2816693885142
14952,1235.7796545498786,1235.77965455,1235.7796545498786
14953,7460.612033228118,7460.61203323,7460.612033228118
14954,2016.540498932507,2016.54049893,2016.540498932507
14955,6097.353353136914,6097.35335314,6097.353353136914
14956,5612.551845039112,5612.55184504,5612.551845039112
14957,8037.338976777112,8037.33897678,8037.338976777112
14958,422.19837051847486,422.198370518,422.19837051847486
14959,597.6496909494545,597.649690949,597.6496909494545
14960,2798.834373677293,2798.83437368,2798.834373677293
14961,1069.3931071088857,1069.39310711,1069.3931071088857
14962,12787.485913174685,12787.4859132,12787.485913174685
14963,8301.118861114099,8301.11886111,8301.118861114099
14964,3838.8073070525825,3838.80730705,3838.8073070525825
14965,1458.6876802344427,1458.68768023,1458.6876802344427
14966,306.12720756360983,306.127207564,306.12720756360983
14967,2347.9806950653397,2347.98069507,2347.9806950653397
14968,3767.829761923874,3767.82976192,3767.829761923874
14969,5300.4087985668375,5300.40879857,5300.4087985668375
14970,2311.80507748838,2311.80507749,2311.80507748838
14971,1052.8746275709861,1052.87462757,1052.8746275709861
14972,20866.48274040758,20866.4827404,20866.48274040758
14973,5501.116866192274,5501.11686619,5501.116866192272
14974,1166.765013216157,1166.76501322,1166.765013216157
14975,6061.5328396906225,6061.53283969,6061.5328396906225
14976,3620.5930299202055,3620.59302992,3620.5930299202055
14977,1540.6376009641037,1540.63760096,1540.6376009641037
14978,3498.5324556973696,3498.5324557,3498.5324556973696
14979,1858.2362085861555,1858.23620859,1858.2362085861555
14980,5304.805901869208,5304.80590187,5304.805901869208
14981,21632.658142251035,21632.6581423,21632.658142251035
14982,11006.460689883688,11006.4606899,11006.460689883688
14983,3131.4751208613766,3131.47512086,3131.4751208613766
14984,2054.158160611196,2054.15816061,2054.158160611196
14985,1827.999842456736,1827.99984246,1827.999842456736
14986,2214.6343249807996,2214.63432498,2214.6343249807996
14987,3273.5974189729936,3273.59741897,3273.5974189729936
14988,1033.3500078092782,1033.35000781,1033.3500078092782
14989,390.35031356951896,390.35031357,390.35031356951896
14990,1355.4275400753022,1355.42754008,1355.4275400753022
14991,1709.962616358837,1709.96261636,1709.962616358837
14992,4440.633818119387,4440.63381812,4440.633818119387
14993,777.3020734961469,777.302073496,777.3020734961469
14994,9039.636170346635,9039.63617035,9039.636170346635
14995,1800.5266375640335,1800.52663756,1800.5266375640335
14996,426.43082768364235,426.430827684,426.43082768364235
14997,7183.452154472159,7183.45215447,7183.452154472159
14998,1756.5930760221024,1756.59307602,1756.5930760221024
14999,1501.6147954823534,1501.61479548,1501.6147954823534
15000,829.5860372606842,829.586037261,829.5860372606842
15001,801.3485935707203,801.348593571,801.3485935707203
15002,5258.397079715363,5258.39707972,5258.397079715363
15003,10790.590897204893,10790.5908972,10790.590897204893
15004,3028.439630866045,3028.43963087,3028.439630866045
15005,1157.5693669460297,1157.56936695,1157.5693669460297
15006,197.47156700540788,197.471567005,197.47156700540788
15007,1242.2977231113434,1242.29772311,1242.2977231113434
15008,5747.566346578968,5747.56634658,5747.566346578968
15009,2944.357808561762,2944.35780856,2944.357808561762
15010,2359.264670265691,2359.26467027,2359.264670265691
15011,4863.299942331095,4863.29994233,4863.299942331095
15012,5143.517705962427,5143.51770596,5143.517705962427
15013,4092.362321449231,4092.36232145,4092.362321449231
15014,5765.70531944799,5765.70531945,5765.70531944799
15015,708.2073637316498,708.207363732,708.2073637316498
15016,3227.903366973114,3227.90336697,3227.903366973114
15017,23263.050857810307,23263.0508578,23263.050857810307
15018,3938.1900314752243,3938.19003148,3938.1900314752243
15019,2843.7767115180177,2843.77671152,2843.7767115180177
15020,3036.7176813769306,3036.71768138,3036.7176813769306
15021,9187.578925391228,9187.57892539,9187.578925391228
15022,3985.8502455946136,3985.85024559,3985.8502455946136
15023,9283.420991085839,9283.42099109,9283.420991085839
15024,2075.2804125511498,2075.28041255,2075.2804125511498
15025,7242.037331373305,7242.03733137,7242.037331373305
15026,277.2605084082151,277.260508408,277.2605084082151
15027,12641.023394462802,12641.0233945,12641.023394462802
15028,5247.735481609363,5247.73548161,5247.735481609363
15029,5879.908604931878,5879.90860493,5879.908604931878
15030,11421.40236611588,11421.4023661,11421.40236611588
15031,187.47827425428252,187.478274254,187.47827425428252
15032,1888.0005281977767,1888.0005282,1888.0005281977767
15033,3594.740215104927,3594.7402151,3594.740215104927
15034,694.7223130860012,694.722313086,694.7223130860012
15035,350.6520464167485,350.652046417,350.6520464167485
15036,1619.8089008246618,1619.80890082,1619.8089008246618
15037,8023.582240840133,8023.58224084,8023.582240840133
15038,5971.0501842940475,5971.05018429,5971.0501842940475
15039,10634.332622946584,10634.3326229,10634.332622946584
15040,3745.4784448972555,3745.4784449,3745.4784448972555
15041,3984.835461802102,3984.8354618,3984.835461802102
15042,981.1454719247531,981.145471925,981.1454719247531
15043,5504.066692892143,5504.06669289,5504.066692892143
15044,348.2290557259106,348.229055726,348.2290557259106
15045,20927.749534958886,20927.749535,20927.749534958886
15046,4516.716161107861,4516.71616111,4516.716161107861
15047,19242.28479510431,19242.2847951,19242.28479510431
15048,1391.1446289621324,1391.14462896,1391.1446289621324
15049,6648.162696369509,6648.16269637,6648.162696369509
15050,4631.465492703596,4631.4654927,4631.465492703596
15051,1390.3810484680137,1390.38104847,1390.3810484680137
15052,3959.764668614925,3959.76466861,3959.764668614925
15053,1401.6845349977882,1401.684535,1401.6845349977882
15054,1893.0379118114224,1893.03791181,1893.0379118114224
15055,2107.7365627525446,2107.73656275,2107.7365627525446
15056,1327.9190290119866,1327.91902901,1327.9190290119866
15057,4353.41619867614,4353.41619868,4353.41619867614
15058,2348.728090196002,2348.7280902,2348.728090196002
15059,2990.803297962514,2990.80329796,2990.803297962514
15060,1337.2461598880054,1337.24615989,1337.2461598880054
15061,4544.904932209314,4544.90493221,4544.904932209314
15062,6578.2846544725335,6578.28465447,6578.2846544725335
15063,1252.9195322735975,1252.91953227,1252.9195322735975
15064,4026.0376247880495,4026.03762479,4026.0376247880495
15065,1034.7152977876178,1034.71529779,1034.7152977876178
15066,3046.6365038418908,3046.63650384,3046.6365038418908
15067,4420.068663710416,4420.06866371,4420.068663710416
15068,15084.889842432316,15084.8898424,15084.889842432316
15069,2211.4584566372964,2211.45845664,2211.4584566372964
15070,253.97343649064794,253.973436491,253.97343649064794
15071,6376.884125527971,6376.88412553,6376.884125527971
15072,2164.4583385050555,2164.45833851,2164.4583385050555
15073,6830.935174775906,6830.93517478,6830.935174775906
15074,892.5080873052423,892.508087305,892.5080873052423
15075,1485.7004432868564,1485.70044329,1485.7004432868564
15076,160.56560894119283,160.565608941,160.56560894119283
15077,4436.169829294548,4436.16982929,4436.169829294548
15078,1845.3416049839634,1845.34160498,1845.3416049839634
15079,5695.687958431655,5695.68795843,5695.687958431655
15080,1023.0606022982868,1023.0606023,1023.0606022982868
15081,3377.3993198537787,3377.39931985,3377.3993198537787
15082,8692.722732545262,8692.72273255,8692.722732545262
15083,1764.8588672435826,1764.85886724,1764.8588672435826
15084,13036.913629645725,13036.9136296,13036.913629645725
15085,1866.349503346572,1866.34950335,1866.349503346572
15086,13627.65166913983,13627.6516691,13627.65166913983
15087,1311.3977849612413,1311.39778496,1311.3977849612413
15088,8366.71081257538,8366.71081258,8366.71081257538
15089,5565.18985431993,5565.18985432,5565.18985431993
15090,15430.792323010763,15430.792323,15430.792323010763
15091,19479.594092383435,19479.5940924,19479.594092383435
15092,1064.4234674354286,1064.42346744,1064.4234674354286
15093,3088.2273207203025,3088.22732072,3088.2273207203025
15094,14847.571393491391,14847.5713935,14847.571393491391
15095,2782.0332577125514,2782.03325771,2782.0332577125514
15096,6665.2517159204335,6665.25171592,6665.2517159204335
15097,1353.3238650480378,1353.32386505,1353.3238650480378
15098,3998.772732412333,3998.77273241,3998.772732412333
15099,3554.1915579824054,3554.19155798,3554.1915579824054
15100,11650.706145585245,11650.7061456,11650.706145585245
15101,1840.2615789584402,1840.26157896,1840.2615789584402
15102,869.3908232419075,869.390823242,869.3908232419075
15103,1985.415272201477,1985.4152722,1985.415272201477
15104,1290.8175496709682,1290.81754967,1290.8175496709682
15105,5493.363719232846,5493.36371923,5493.363719232846
15106,2802.1144026467837,2802.11440265,2802.1144026467837
15107,1557.4305555042392,1557.4305555,1557.4305555042392
15108,10894.383944207208,10894.3839442,10894.383944207208
15109,11045.485230840133,11045.4852308,11045.485230840133
15110,26309.58561499025,26309.585615,26309.58561499025
15111,5827.290329331707,5827.29032933,5827.290329331707
15112,4006.56131153795,4006.56131154,4006.56131153795
15113,6941.0901921489485,6941.09019215,6941.0901921489485
15114,25665.783933350427,25665.7839334,25665.783933350427
15115,12033.961025824141,12033.9610258,12033.961025824141
15116,14642.958458993842,14642.958459,14642.958458993842
15117,9789.197912052554,9789.19791205,9789.197912052554
15118,2212.0005274811333,2212.00052748,2212.0005274811333
15119,2066.3724609499645,2066.37246095,2066.3724609499645
15120,3523.2988265278095,3523.29882653,3523.2988265278095
15121,15574.16336642564,15574.1633664,15574.16336642564
15122,1172.4717221299709,1172.47172213,1172.4717221299709
15123,227.3938314432286,227.393831443,227.3938314432286
15124,4020.739427180191,4020.73942718,4020.739427180191
15125,1418.7970389599143,1418.79703896,1418.7970389599143
15126,1411.105324483283,1411.10532448,1411.105324483283
15127,9421.617016056154,9421.61701606,9421.617016056154
15128,18489.14055757244,18489.1405576,18489.14055757244
15129,740.5644542637333,740.564454264,740.5644542637333
15130,1955.650496756244,1955.65049676,1955.650496756244
15131,3329.8593044532527,3329.85930445,3329.8593044532527
15132,2859.371169526661,2859.37116953,2859.371169526661
15133,13185.103966505985,13185.1039665,13185.103966505985
15134,3905.074764296943,3905.0747643,3905.074764296943
15135,4573.465643728942,4573.46564373,4573.465643728942
15136,4937.486140832705,4937.48614083,4937.486140832705
15137,16765.65735415875,16765.6573542,16765.65735415875
15138,3032.3958643730316,3032.39586437,3032.3958643730316
15139,2516.0457023630493,2516.04570236,2516.0457023630493
15140,1456.246611369969,1456.24661137,1456.246611369969
15141,1124.8288374714327,1124.82883747,1124.8288374714327
15142,2426.26643025711,2426.26643026,2426.26643025711
15143,13974.50992955978,13974.5099296,13974.50992955978
15144,249.41410325889782,249.414103259,249.41410325889782
15145,2170.4527883199253,2170.45278832,2170.4527883199253
15146,12787.353188823892,12787.3531888,12787.353188823892
15147,6778.426856378107,6778.42685638,6778.426856378107
15148,1463.5833992096075,1463.58339921,1463.5833992096075
15149,10070.169704575506,10070.1697046,10070.169704575506
15150,282.4301814833224,282.430181483,282.4301814833224
15151,6280.1039644612165,6280.10396446,6280.1039644612165
15152,2264.4574891147668,2264.45748911,2264.4574891147668
15153,5826.905846267287,5826.90584627,5826.905846267287
15154,13199.733299981119,13199.7333,13199.733299981119
15155,696.1879863319106,696.187986332,696.1879863319106
15156,5707.556401948751,5707.55640195,5707.556401948751
15157,5201.907590628246,5201.90759063,5201.907590628246
15158,3352.2691830310523,3352.26918303,3352.2691830310523
15159,6493.05684172128,6493.05684172,6493.05684172128
15160,14582.517651964768,14582.517652,14582.517651964768
15161,1016.0048170888346,1016.00481709,1016.0048170888346
15162,1590.1129777726524,1590.11297777,1590.1129777726524
15163,1067.9404608235457,1067.94046082,1067.9404608235457
15164,13996.04540576848,13996.0454058,13996.04540576848
15165,13471.028959630035,13471.0289596,13471.028959630035
15166,7037.71814987001,7037.71814987,7037.71814987001
15167,35219.176804230185,35219.1768042,35219.176804230185
15168,1055.1340632333959,1055.13406323,1055.1340632333959
15169,648.6123888716431,648.612388872,648.6123888716431
15170,4221.745864667548,4221.74586467,4221.745864667548
15171,8323.248731655782,8323.24873166,8323.248731655782
15172,1005.6741270256056,1005.67412703,1005.6741270256056
15173,3128.05573394507,3128.05573395,3128.05573394507
15174,1377.6050900083574,1377.60509001,1377.6050900083574
15175,1045.9449782965426,1045.9449783,1045.9449782965426
15176,3394.8811515717134,3394.88115157,3394.8811515717134
15177,4235.046393514519,4235.04639351,4235.046393514519
15178,488.71157225343126,488.711572253,488.71157225343126
15179,9120.66204113643,9120.66204114,9120.66204113643
15180,987.2307953771495,987.230795377,987.2307953771495
15181,5263.672453157814,5263.67245316,5263.672453157814
15182,3252.2558105564267,3252.25581056,3252.2558105564267
15183,9043.544482622983,9043.54448262,9043.544482622983
15184,10491.446210173968,10491.4462102,10491.446210173968
15185,5013.186445135197,5013.18644514,5013.186445135197
15186,6497.1369802235795,6497.13698022,6497.1369802235795
15187,1656.5224388681056,1656.52243887,1656.5224388681056
15188,9453.040198781615,9453.04019878,9453.040198781615
15189,508.21820491879146,508.218204919,508.21820491879146
15190,409.94253131134826,409.942531311,409.94253131134826
15191,5290.916260036762,5290.91626004,5290.916260036762
15192,1982.7632034514013,1982.76320345,1982.7632034514013
15193,3391.844196886957,3391.84419689,3391.844196886957
15194,6704.073687854659,6704.07368785,6704.073687854659
15195,2933.7807797788773,2933.78077978,2933.7807797788773
15196,10911.702467231162,10911.7024672,10911.702467231162
15197,5333.139608136705,5333.13960814,5333.139608136705
15198,8951.264498095832,8951.2644981,8951.264498095832
15199,2759.25162641399,2759.25162641,2759.25162641399
15200,1381.0316829844862,1381.03168298,1381.0316829844862
15201,22147.3903182126,22147.3903182,22147.3903182126
15202,4231.280344715082,4231.28034472,4231.280344715082
15203,1914.7265931836926,1914.72659318,1914.7265931836926
15204,2238.312991203361,2238.3129912,2238.312991203361
15205,385.8706118849284,385.870611885,385.8706118849284
15206,823.4396684092666,823.439668409,823.4396684092666
15207,1650.1232908570403,1650.12329086,1650.1232908570403
15208,1961.1541143857169,1961.15411439,1961.1541143857169
15209,11350.16606213613,11350.1660621,11350.16606213613
15210,10247.511917971431,10247.511918,10247.511917971431
15211,7399.556096544559,7399.55609654,7399.556096544559
15212,1256.3731126616208,1256.37311266,1256.3731126616208
15213,15024.96957401851,15024.969574,15024.96957401851
15214,1390.3128182807347,1390.31281828,1390.3128182807347
15215,2259.137253059215,2259.13725306,2259.137253059215
15216,1508.0943698204164,1508.09436982,1508.0943698204164
15217,3826.4465817438627,3826.44658174,3826.4465817438627
15218,5489.344066476972,5489.34406648,5489.344066476972
15219,6290.443554610184,6290.44355461,6290.443554610184
15220,2140.6218793285334,2140.62187933,2140.6218793285334
15221,2261.8636991996914,2261.8636992,2261.8636991996914
15222,6776.4007435692465,6776.40074357,6776.4007435692465
15223,5226.369225526849,5226.36922553,5226.369225526849
15224,12045.127001384486,12045.1270014,12045.127001384486
15225,3341.8812501395496,3341.88125014,3341.8812501395496
15226,2419.0601481225335,2419.06014812,2419.0601481225335
15227,4817.396268117071,4817.39626812,4817.396268117071
15228,913.2853343772388,913.285334377,913.2853343772388
15229,24605.210992000437,24605.210992,24605.210992000437
15230,7976.322721832474,7976.32272183,7976.322721832474
15231,1615.683380850676,1615.68338085,1615.683380850676
15232,6963.1483853955115,6963.1483854,6963.1483853955115
15233,3398.6633787104593,3398.66337871,3398.6633787104593
15234,7226.624146163221,7226.62414616,7226.624146163221
15235,15697.066078705846,15697.0660787,15697.066078705846
15236,3700.981883300336,3700.9818833,3700.981883300336
15237,4673.464962664089,4673.46496266,4673.464962664089
15238,8217.252725920918,8217.25272592,8217.252725920918
15239,1798.0772793158594,1798.07727932,1798.0772793158594
15240,1693.1270222995872,1693.1270223,1693.1270222995872
15241,10197.440243920788,10197.4402439,10197.440243920788
15242,3089.727305014935,3089.72730501,3089.727305014935
15243,11353.852162360854,11353.8521624,11353.852162360854
15244,3422.4797162654077,3422.47971627,3422.4797162654077
15245,4366.5356970484145,4366.53569705,4366.5356970484145
15246,2284.154946827885,2284.15494683,2284.154946827885
15247,6535.567943201586,6535.5679432,6535.567943201586
15248,6993.610683711606,6993.61068371,6993.610683711606
15249,15787.97225881775,15787.9722588,15787.97225881775
15250,2368.1755304386697,2368.17553044,2368.1755304386697
15251,4267.370888385341,4267.37088839,4267.370888385341
15252,2729.6097537209557,2729.60975372,2729.6097537209557
15253,8972.997310879386,8972.99731088,8972.997310879386
15254,541.028577625754,541.028577626,541.028577625754
15255,2833.6074598292657,2833.60745983,2833.6074598292657
15256,586.9765934950273,586.976593495,586.9765934950273
15257,8234.08541979823,8234.0854198,8234.08541979823
15258,1564.0432820344615,1564.04328203,1564.0432820344615
15259,413.7004525293528,413.700452529,413.7004525293528
15260,777.676805443122,777.676805443,777.676805443122
15261,2264.7190103404546,2264.71901034,2264.7190103404546
15262,1439.7034589897046,1439.70345899,1439.7034589897046
15263,757.7059384249795,757.705938425,757.7059384249795
15264,1162.8350723826345,1162.83507238,1162.8350723826345
15265,5730.5320618662645,5730.53206187,5730.5320618662645
15266,7488.49519877089,7488.49519877,7488.49519877089
15267,6342.344843377502,6342.34484338,6342.344843377502
15268,7109.018420421048,7109.01842042,7109.018420421048
15269,2009.0515138104295,2009.05151381,2009.0515138104295
15270,6798.149260303251,6798.1492603,6798.149260303251
15271,1949.2691704085994,1949.26917041,1949.2691704085994
15272,3377.6028490204058,3377.60284902,3377.6028490204058
15273,822.6003453372615,822.600345337,822.6003453372615
15274,11822.676190461842,11822.6761905,11822.676190461842
15275,3164.0422988271803,3164.04229883,3164.0422988271803
15276,111.81013112107614,111.810131121,111.81013112107614
15277,1458.52703222061,1458.52703222,1458.52703222061
15278,4610.742874942648,4610.74287494,4610.742874942648
15279,1507.4218672214504,1507.42186722,1507.4218672214504
15280,8076.912307510564,8076.91230751,8076.912307510564
15281,1449.5540393486958,1449.55403935,1449.5540393486958
15282,3893.971012119437,3893.97101212,3893.971012119437
15283,944.2238398658433,944.223839866,944.2238398658433
15284,2566.3172383685937,2566.31723837,2566.3172383685937
15285,6472.826624353679,6472.82662435,6472.826624353679
15286,2414.1608818811733,2414.16088188,2414.1608818811733
15287,6433.151574980527,6433.15157498,6433.151574980527
15288,16373.854317147523,16373.8543171,16373.854317147523
15289,1547.00933894853,1547.00933895,1547.00933894853
15290,4153.638606323508,4153.63860632,4153.638606323508
15291,4525.030232016877,4525.03023202,4525.030232016877
15292,8705.85326088148,8705.85326088,8705.85326088148
15293,6055.474902707762,6055.47490271,6055.474902707762
15294,2736.2340410161446,2736.23404102,2736.2340410161446
15295,6326.416266360711,6326.41626636,6326.416266360711
15296,3929.3781864172306,3929.37818642,3929.3781864172306
15297,23231.750927182806,23231.7509272,23231.750927182806
15298,3879.6151855217813,3879.61518552,3879.6151855217813
15299,21843.582699984636,21843.5827,21843.582699984636
15300,12323.017891331314,12323.0178913,12323.017891331314
15301,43339.522371583356,43339.5223716,43339.522371583356
15302,2642.887712430607,2642.88771243,2642.887712430607
15303,13049.15137617741,13049.1513762,13049.15137617741
15304,2127.6224406645183,2127.62244066,2127.6224406645183
15305,8369.21779124043,8369.21779124,8369.21779124043
15306,3909.7894346188114,3909.78943462,3909.7894346188114
15307,15061.535755781777,15061.5357558,15061.535755781777
15308,143.10947251024842,143.10947251,143.10947251024842
15309,12317.762351761383,12317.7623518,12317.762351761383
15310,9163.747657564069,9163.74765756,9163.747657564069
15311,3149.9188128942196,3149.91881289,3149.9188128942196
15312,3765.331351052596,3765.33135105,3765.331351052596
15313,9995.61825192249,9995.61825192,9995.61825192249
15314,3459.5557401819756,3459.55574018,3459.5557401819756
15315,1752.2379066701412,1752.23790667,1752.2379066701412
15316,2233.665354083164,2233.66535408,2233.665354083164
15317,4343.562824497493,4343.5628245,4343.562824497493
15318,5741.773491847896,5741.77349185,5741.773491847896
15319,2710.5986565276144,2710.59865653,2710.5986565276144
15320,1302.9156049225066,1302.91560492,1302.9156049225066
15321,1629.4309797781902,1629.43097978,1629.4309797781902
15322,5696.742853769027,5696.74285377,5696.742853769027
15323,769.0853962332803,769.085396233,769.0853962332803
15324,526.4195752482267,526.419575248,526.4195752482267
15325,5072.028088825595,5072.02808883,5072.028088825595
15326,3782.4606880905994,3782.46068809,3782.4606880905994
15327,1747.2950652713237,1747.29506527,1747.2950652713237
15328,4065.0173085070396,4065.01730851,4065.0173085070396
15329,9160.865172589803,9160.86517259,9160.865172589803
15330,4384.06932961129,4384.06932961,4384.06932961129
15331,3810.9072032387007,3810.90720324,3810.9072032387007
15332,3055.7088982341893,3055.70889823,3055.7088982341893
15333,178.68317145120415,178.683171451,178.68317145120415
15334,10351.098411655668,10351.0984117,10351.098411655668
15335,578.5611104174917,578.561110417,578.5611104174917
15336,8047.710239282174,8047.71023928,8047.710239282174
15337,3227.685303042135,3227.68530304,3227.685303042135
15338,3966.772701931342,3966.77270193,3966.772701931342
15339,3896.651217903264,3896.6512179,3896.651217903264
15340,3969.883509356462,3969.88350936,3969.883509356462
15341,10432.876133421752,10432.8761334,10432.876133421752
15342,7532.254622249383,7532.25462225,7532.254622249383
15343,14816.048238153637,14816.0482382,14816.048238153637
15344,4778.703194607731,4778.70319461,4778.703194607731
15345,36623.57405751127,36623.5740575,36623.57405751127
15346,1325.1106125422775,1325.11061254,1325.1106125422775
15347,587.2569670449942,587.256967045,587.2569670449942
15348,6479.661718622161,6479.66171862,6479.661718622161
15349,3996.342267041399,3996.34226704,3996.342267041399
15350,25402.0021813527,25402.0021814,25402.0021813527
15351,1840.0579905007648,1840.0579905,1840.0579905007648
15352,665.8424938022721,665.842493802,665.8424938022721
15353,4649.240806789795,4649.24080679,4649.240806789795
15354,8310.463127776266,8310.46312778,8310.463127776266
15355,658.1975168996343,658.1975169,658.1975168996343
15356,4232.898870270557,4232.89887027,4232.898870270557
15357,3672.8116389312218,3672.81163893,3672.8116389312218
15358,31601.57312795629,31601.573128,31601.57312795629
15359,313.256596082715,313.256596083,313.256596082715
15360,5452.2413075129025,5452.24130751,5452.2413075129025
15361,27958.11986186274,27958.1198619,27958.11986186274
15362,3548.7856920690047,3548.78569207,3548.7856920690047
15363,239.7213820428273,239.721382043,239.7213820428273
15364,11657.839820316523,11657.8398203,11657.839820316523
15365,10322.074341507972,10322.0743415,10322.074341507972
15366,2804.5560073817737,2804.55600738,2804.5560073817737
15367,12579.611221889492,12579.6112219,12579.611221889492
15368,1921.190843756692,1921.19084376,1921.190843756692
15369,10248.668595518076,10248.6685955,10248.668595518076
15370,789.341659356887,789.341659357,789.341659356887
15371,10272.826833262425,10272.8268333,10272.826833262425
15372,2608.8953554964774,2608.8953555,2608.8953554964774
15373,9585.159039350405,9585.15903935,9585.159039350405
15374,1530.6127023043,1530.6127023,1530.6127023043
15375,4055.1978347713443,4055.19783477,4055.1978347713443
15376,3166.572371579926,3166.57237158,3166.572371579926
15377,3812.574757431632,3812.57475743,3812.574757431632
15378,4883.76289297627,4883.76289298,4883.76289297627
15379,1106.6498738393705,1106.64987384,1106.6498738393705
15380,1111.9159448468638,1111.91594485,1111.9159448468638
15381,3073.5314675037434,3073.5314675,3073.5314675037434
15382,3873.2405194618086,3873.24051946,3873.2405194618086
15383,22451.24950010918,22451.2495001,22451.24950010918
15384,3832.9491926031164,3832.9491926,3832.9491926031164
15385,3195.273367685405,3195.27336769,3195.273367685405
15386,977.6871538434605,977.687153843,977.6871538434605
15387,3704.3827952194406,3704.38279522,3704.3827952194406
15388,3394.334696442482,3394.33469644,3394.334696442482
15389,3610.2816769710003,3610.28167697,3610.2816769710003
15390,6545.581227171532,6545.58122717,6545.581227171532
15391,1509.8380110453072,1509.83801105,1509.8380110453072
15392,1817.2670266890325,1817.26702669,1817.2670266890325
15393,1664.7218556232133,1664.72185562,1664.7218556232133
15394,3976.5720554318755,3976.57205543,3976.5720554318755
15395,3508.018339268675,3508.01833927,3508.018339268675
15396,4390.578795381882,4390.57879538,4390.578795381882
15397,12140.538744455784,12140.5387445,12140.538744455784
15398,55649.86185895148,55649.861859,55649.86185895148
15399,5076.894013409608,5076.89401341,5076.894013409608
15400,7746.852912121257,7746.85291212,7746.852912121257
15401,18242.054611863205,18242.0546119,18242.054611863205
15402,14524.732724355801,14524.7327244,14524.732724355801
15403,322.88021635870933,322.880216359,322.88021635870933
15404,15563.6491783594,15563.6491784,15563.6491783594
15405,2151.0824185255206,2151.08241853,2151.0824185255206
15406,2332.9305420643173,2332.93054206,2332.9305420643173
15407,1643.0908753056158,1643.09087531,1643.0908753056158
15408,46866.095790900865,46866.0957909,46866.095790900865
15409,2733.603980552375,2733.60398055,2733.603980552375
15410,4033.292678642504,4033.29267864,4033.292678642504
15411,17754.022342195032,17754.0223422,17754.022342195032
15412,7751.0826238318705,7751.08262383,7751.0826238318705
15413,8278.001181840511,8278.00118184,8278.001181840511
15414,2715.4520436988814,2715.4520437,2715.4520436988814
15415,2033.5762789698379,2033.57627897,2033.5762789698379
15416,4684.642790784156,4684.64279078,4684.642790784156
15417,1323.257187531122,1323.25718753,1323.257187531122
15418,13421.50179419328,13421.5017942,13421.50179419328
15419,6396.932887630552,6396.93288763,6396.932887630552
15420,4493.93479182332,4493.93479182,4493.93479182332
15421,2763.1564879348043,2763.15648793,2763.1564879348043
15422,3335.0818161206766,3335.08181612,3335.0818161206766
15423,606.5106326196294,606.51063262,606.5106326196294
15424,9878.709328974715,9878.70932897,9878.709328974715
15425,3401.051609873401,3401.05160987,3401.051609873401
15426,833.6125834168212,833.612583417,833.6125834168212
15427,1488.534880442344,1488.53488044,1488.534880442344
15428,1707.76394672512,1707.76394673,1707.76394672512
15429,7840.163339663028,7840.16333966,7840.163339663028
15430,2549.245655433438,2549.24565543,2549.245655433438
15431,120.70058299998772,120.700583,120.70058299998772
15432,1186.2484624759218,1186.24846248,1186.2484624759218
15433,798.7840715399423,798.78407154,798.7840715399423
15434,1133.2789898325725,1133.27898983,1133.2789898325725
15435,1514.6603997186796,1514.66039972,1514.6603997186796
15436,2661.7129633157997,2661.71296332,2661.7129633157997
15437,4401.089298033782,4401.08929803,4401.089298033782
15438,34955.525264756114,34955.5252648,34955.525264756114
15439,20086.54515225895,20086.5451523,20086.54515225895
15440,12618.409748490985,12618.4097485,12618.409748490985
15441,5353.8608957370025,5353.86089574,5353.8608957370025
15442,5033.0592716093515,5033.05927161,5033.0592716093515
15443,10147.851685957954,10147.851686,10147.851685957954
15444,17316.033919052745,17316.0339191,17316.033919052745
15445,1258.613832575338,1258.61383258,1258.613832575338
15446,192.59271846541685,192.592718465,192.59271846541685
15447,22099.043237868653,22099.0432379,22099.043237868653
15448,10403.880646380663,10403.8806464,10403.880646380663
15449,6647.534206326594,6647.53420633,6647.534206326594
15450,6157.1427184433605,6157.14271844,6157.1427184433605
15451,13738.262166153867,13738.2621662,13738.262166153867
15452,2857.6170098266907,2857.61700983,2857.6170098266907
15453,3713.1112016230873,3713.11120162,3713.1112016230873
15454,1930.5581597955256,1930.5581598,1930.5581597955256
15455,1737.3613064899148,1737.36130649,1737.3613064899148
15456,1934.432662434213,1934.43266243,1934.432662434213
15457,8638.97370673983,8638.97370674,8638.97370673983
15458,5336.714975439799,5336.71497544,5336.714975439799
15459,1211.0886816716709,1211.08868167,1211.0886816716709
15460,2198.6104391703097,2198.61043917,2198.6104391703097
15461,6012.901516104872,6012.9015161,6012.901516104872
15462,1562.4372849598128,1562.43728496,1562.4372849598128
15463,204.4267818557575,204.426781856,204.4267818557575
15464,2685.4250440337264,2685.42504403,2685.4250440337264
15465,10455.643580319902,10455.6435803,10455.643580319902
15466,681.4207725406187,681.420772541,681.4207725406187
15467,2028.3005308779425,2028.30053088,2028.3005308779425
15468,6869.697990084666,6869.69799008,6869.697990084666
15469,1902.7846498716747,1902.78464987,1902.7846498716747
15470,15234.455150611602,15234.4551506,15234.455150611602
15471,1693.9876301489646,1693.98763015,1693.9876301489646
15472,3292.862647551653,3292.86264755,3292.862647551653
15473,5115.852482336717,5115.85248234,5115.852482336717
15474,5588.833130950772,5588.83313095,5588.833130950772
15475,10989.959881805746,10989.9598818,10989.959881805746
15476,1828.2593802614604,1828.25938026,1828.2593802614604
15477,2500.048303154076,2500.04830315,2500.048303154076
15478,4783.024141978972,4783.02414198,4783.024141978972
15479,2137.646399945885,2137.64639995,2137.646399945885
15480,4955.124194730476,4955.12419473,4955.124194730476
15481,4893.676823669649,4893.67682367,4893.676823669649
15482,7181.386334658555,7181.38633466,7181.386334658555
15483,2490.6827554552333,2490.68275546,2490.6827554552333
15484,2849.2353385545716,2849.23533855,2849.2353385545716
15485,389.1825433951739,389.182543395,389.1825433951739
15486,7343.04464917236,7343.04464917,7343.04464917236
15487,4972.342656384442,4972.34265638,4972.342656384442
15488,7284.549753924188,7284.54975392,7284.549753924188
15489,2307.535910464855,2307.53591046,2307.535910464855
15490,16224.170766058955,16224.1707661,16224.170766058955
15491,9188.92965548276,9188.92965548,9188.92965548276
15492,5083.197052012886,5083.19705201,5083.197052012886
15493,3906.2333487116675,3906.23334871,3906.2333487116675
15494,6512.264212435043,6512.26421244,6512.264212435043
15495,2595.74233882946,2595.74233883,2595.74233882946
15496,6417.301887167663,6417.30188717,6417.301887167663
15497,1330.243564446718,1330.24356445,1330.243564446718
15498,21677.562956797097,21677.5629568,21677.562956797097
15499,9003.249216218472,9003.24921622,9003.249216218472
15500,795.897788737453,795.897788737,795.897788737453
15501,17544.798761855265,17544.7987619,17544.798761855265
15502,5933.084135049559,5933.08413505,5933.084135049559
15503,8047.110542679111,8047.11054268,8047.110542679111
15504,940.7950055850166,940.795005585,940.7950055850166
15505,354.25352724141,354.253527241,354.25352724141
15506,4214.496650360182,4214.49665036,4214.496650360182
15507,6131.939440077156,6131.93944008,6131.939440077156
15508,752.7109615577009,752.710961558,752.7109615577009
15509,19001.72200249671,19001.7220025,19001.72200249671
15510,12183.137818108173,12183.1378181,12183.137818108173
15511,9794.47539936424,9794.47539936,9794.47539936424
15512,13473.819823887652,13473.8198239,13473.819823887652
15513,1359.5140038650002,1359.51400387,1359.5140038650002
15514,5019.229960755373,5019.22996076,5019.229960755373
15515,2004.4202364628486,2004.42023646,2004.4202364628486
15516,12971.058065209689,12971.0580652,12971.058065209689
15517,2741.2150309115514,2741.21503091,2741.2150309115514
15518,5413.316851490356,5413.31685149,5413.316851490356
15519,809.9468858954185,809.946885895,809.9468858954185
15520,2654.5239252542,2654.52392525,2654.5239252542
15521,9152.335008265747,9152.33500827,9152.335008265747
15522,10345.460955800449,10345.4609558,10345.460955800449
15523,10861.964741624197,10861.9647416,10861.964741624197
15524,5659.555535320236,5659.55553532,5659.555535320236
15525,716.8489989325668,716.848998933,716.8489989325668
15526,2466.400271500157,2466.4002715,2466.400271500157
15527,574.8382182327445,574.838218233,574.8382182327445
15528,6626.021951127891,6626.02195113,6626.021951127891
15529,1884.619980786462,1884.61998079,1884.619980786462
15530,1415.3715485972366,1415.3715486,1415.3715485972366
15531,19852.498534463317,19852.4985345,19852.498534463317
15532,1709.8073752632642,1709.80737526,1709.8073752632642
15533,964.1558300201008,964.15583002,964.1558300201008
15534,6042.0524269380985,6042.05242694,6042.0524269380985
15535,11620.545545248964,11620.5455452,11620.545545248964
15536,2573.593284882508,2573.59328488,2573.593284882508
15537,2077.85323745252,2077.85323745,2077.85323745252
15538,1521.7201831274465,1521.72018313,1521.7201831274465
15539,12456.915868825625,12456.9158688,12456.915868825625
15540,11978.888625706248,11978.8886257,11978.888625706248
15541,15093.783564546564,15093.7835645,15093.783564546564
15542,18483.35227338646,18483.3522734,18483.35227338646
15543,251.84291999223427,251.842919992,251.84291999223427
15544,4262.787174823464,4262.78717482,4262.787174823464
15545,233.78042331505736,233.780423315,233.78042331505736
15546,5041.019115894433,5041.01911589,5041.019115894433
15547,5815.918576196272,5815.9185762,5815.918576196272
15548,2864.039651015185,2864.03965102,2864.039651015185
15549,7527.869192416,7527.86919242,7527.869192416
15550,297.6583634382031,297.658363438,297.6583634382031
15551,9918.547949230195,9918.54794923,9918.547949230195
15552,9982.072940540922,9982.07294054,9982.072940540922
15553,10029.602258031866,10029.602258,10029.602258031866
15554,6582.326900876991,6582.32690088,6582.326900876991
15555,2590.830800584658,2590.83080058,2590.830800584658
15556,4623.536536719226,4623.53653672,4623.536536719226
15557,4719.0499619693555,4719.04996197,4719.0499619693555
15558,6265.348082771372,6265.34808277,6265.348082771372
15559,5179.987470896363,5179.9874709,5179.987470896363
15560,8689.020295033186,8689.02029503,8689.020295033186
15561,2569.279793541979,2569.27979354,2569.279793541979
15562,3524.972995923325,3524.97299592,3524.972995923325
15563,7574.986201291547,7574.98620129,7574.986201291547
15564,16364.398431984342,16364.398432,16364.398431984342
15565,5905.294780231317,5905.29478023,5905.294780231317
15566,1265.2077245509158,1265.20772455,1265.2077245509158
15567,3369.965004687207,3369.96500469,3369.965004687207
15568,8118.843472257416,8118.84347226,8118.843472257416
15569,10278.669156388822,10278.6691564,10278.669156388822
15570,10585.021935642953,10585.0219356,10585.021935642953
15571,16808.024502701035,16808.0245027,16808.024502701035
15572,19523.895228049554,19523.895228,19523.895228049554
15573,2440.259297349122,2440.25929735,2440.259297349122
15574,8172.1526286689905,8172.15262867,8172.1526286689905
15575,6452.254126474528,6452.25412647,6452.254126474528
15576,1783.040958056131,1783.04095806,1783.040958056131
15577,53.64237220516647,53.6423722052,53.64237220516647
15578,2707.6943688776446,2707.69436888,2707.6943688776446
15579,7869.75926822691,7869.75926823,7869.75926822691
15580,406.7781032474285,406.778103247,406.7781032474285
15581,5282.718702227547,5282.71870223,5282.718702227547
15582,15487.933158337499,15487.9331583,15487.933158337499
15583,6086.396277104623,6086.3962771,6086.396277104623
15584,22580.397173620604,22580.3971736,22580.397173620604
15585,4349.728138914668,4349.72813891,4349.728138914668
15586,1093.9963412714417,1093.99634127,1093.9963412714417
15587,18339.12499591026,18339.1249959,18339.12499591026
15588,407.6165857402208,407.61658574,407.6165857402208
15589,3481.1378253658395,3481.13782537,3481.1378253658395
15590,3134.917168494963,3134.91716849,3134.917168494963
15591,3825.428252636804,3825.42825264,3825.428252636804
15592,4829.084517935919,4829.08451794,4829.084517935919
15593,4892.15956823664,4892.15956824,4892.15956823664
15594,2099.1416152126967,2099.14161521,2099.1416152126967
15595,4752.78912154285,4752.78912154,4752.78912154285
15596,4526.25877439214,4526.25877439,4526.25877439214
15597,1433.9541676099043,1433.95416761,1433.9541676099043
15598,297.3501257522063,297.350125752,297.3501257522063
15599,31300.841174348454,31300.8411743,31300.841174348454
15600,20520.917041888024,20520.9170419,20520.917041888024
15601,256.40041417864484,256.400414179,256.40041417864484
15602,5726.914344460907,5726.91434446,5726.914344460907
15603,3811.4077831809077,3811.40778318,3811.4077831809077
15604,11958.052351989869,11958.052352,11958.052351989869
15605,2401.5652085510196,2401.56520855,2401.5652085510196
15606,70.4640815096346,70.4640815096,70.4640815096346
15607,3033.851369552967,3033.85136955,3033.851369552967
15608,394.5578250164775,394.557825016,394.5578250164775
15609,1945.2200903831701,1945.22009038,1945.2200903831701
15610,6124.695237780883,6124.69523778,6124.695237780883
15611,2608.984574363712,2608.98457436,2608.984574363712
15612,10985.342055924832,10985.3420559,10985.342055924832
15613,7196.149393935936,7196.14939394,7196.149393935936
15614,6952.546779524989,6952.54677952,6952.546779524989
15615,7323.413595707079,7323.41359571,7323.413595707079
15616,935.1964506125536,935.196450613,935.1964506125536
15617,3538.8656338316778,3538.86563383,3538.8656338316778
15618,2856.8016981813707,2856.80169818,2856.8016981813707
15619,8367.747460627788,8367.74746063,8367.747460627788
15620,13485.739143595,13485.7391436,13485.739143595
15621,7268.633683806665,7268.63368381,7268.633683806665
15622,8301.947961080503,8301.94796108,8301.947961080503
15623,1975.7329425778391,1975.73294258,1975.7329425778391
15624,1944.2084885754975,1944.20848858,1944.2084885754975
15625,806.1914285158944,806.191428516,806.1914285158944
15626,3186.885019287001,3186.88501929,3186.885019287001
15627,5492.55102922113,5492.55102922,5492.55102922113
15628,2500.43636813926,2500.43636814,2500.43636813926
15629,2551.73232218115,2551.73232218,2551.73232218115
15630,2572.08673105064,2572.08673105,2572.08673105064
15631,10576.571636487604,10576.5716365,10576.571636487604
15632,8162.47091122508,8162.47091123,8162.47091122508
15633,8026.754213510183,8026.75421351,8026.754213510183
15634,1390.4996392922244,1390.49963929,1390.4996392922244
15635,1213.3939650318484,1213.39396503,1213.3939650318484
15636,23145.073712233276,23145.0737122,23145.073712233276
15637,2441.814143877806,2441.81414388,2441.814143877806
15638,253.36927283877384,253.369272839,253.36927283877384
15639,9725.100820806267,9725.10082081,9725.100820806267
15640,12749.13869495286,12749.138695,12749.13869495286
15641,672.5395430666911,672.539543067,672.5395430666911
15642,9313.95379833116,9313.95379833,9313.95379833116
15643,1333.0179351260188,1333.01793513,1333.0179351260188
15644,5164.755116360811,5164.75511636,5164.755116360811
15645,4774.220375771573,4774.22037577,4774.220375771573
15646,18096.69255196499,18096.692552,18096.69255196499
15647,10544.85710943182,10544.8571094,10544.85710943182
15648,36205.04949957672,36205.0494996,36205.04949957672
15649,3291.559972082147,3291.55997208,3291.559972082147
15650,637.7033514071887,637.703351407,637.7033514071887
15651,521.8216530977602,521.821653098,521.8216530977602
15652,7950.5039878475545,7950.50398785,7950.5039878475545
15653,4276.692064984925,4276.69206498,4276.692064984925
15654,2610.225243599779,2610.2252436,2610.225243599779
15655,2553.5852621893573,2553.58526219,2553.5852621893573
15656,5387.629501872301,5387.62950187,5387.629501872301
15657,462.1020798126356,462.102079813,462.1020798126356
15658,340.04383011061867,340.043830111,340.04383011061867
15659,1940.200729452156,1940.20072945,1940.200729452156
15660,4286.752744815893,4286.75274482,4286.752744815893
15661,1760.1328100070953,1760.13281001,1760.1328100070953
15662,1802.4796612003781,1802.4796612,1802.4796612003781
15663,1010.550267208699,1010.55026721,1010.550267208699
15664,1027.5640070312131,1027.56400703,1027.5640070312131
15665,13976.65534419973,13976.6553442,13976.65534419973
15666,15671.882410935767,15671.8824109,15671.882410935767
15667,29148.19976902668,29148.199769,29148.19976902668
15668,11773.559478994592,11773.559479,11773.559478994592
15669,5729.093152498752,5729.0931525,5729.093152498752
15670,8104.8856122252955,8104.88561223,8104.8856122252955
15671,8665.129649925384,8665.12964993,8665.129649925384
15672,6901.227006055038,6901.22700606,6901.227006055038
15673,800.0533559079049,800.053355908,800.0533559079049
15674,6648.68919524688,6648.68919525,6648.68919524688
15675,9377.9953905453,9377.99539055,9377.9953905453
15676,12735.966824301571,12735.9668243,12735.966824301571
15677,745.5048033983076,745.504803398,745.5048033983076
15678,3886.688106460665,3886.68810646,3886.688106460665
15679,7912.636252017814,7912.63625202,7912.636252017814
15680,5807.166806472546,5807.16680647,5807.166806472546
15681,263.7523863418798,263.752386342,263.7523863418798
15682,6758.9452735571385,6758.94527356,6758.9452735571385
15683,1274.1656571590756,1274.16565716,1274.1656571590756
15684,4935.461250041318,4935.46125004,4935.461250041318
15685,1994.152151236889,1994.15215124,1994.152151236889
15686,3844.223557768777,3844.22355777,3844.223557768777
15687,21659.678607815407,21659.6786078,21659.678607815407
15688,24931.718753229306,24931.7187532,24931.718753229306
15689,5814.385746350351,5814.38574635,5814.385746350351
15690,7160.860468770456,7160.86046877,7160.860468770456
15691,11558.913476166465,11558.9134762,11558.913476166465
15692,1039.5586487368887,1039.55864874,1039.5586487368887
15693,1962.682743780593,1962.68274378,1962.682743780593
15694,10910.934355793583,10910.9343558,10910.934355793583
15695,1224.0937520053005,1224.09375201,1224.0937520053005
15696,4227.0640668249425,4227.06406682,4227.0640668249425
15697,1471.3397978047633,1471.3397978,1471.3397978047633
15698,1124.3343720816956,1124.33437208,1124.3343720816956
15699,3924.5292072217567,3924.52920722,3924.5292072217567
15700,7172.494872167329,7172.49487217,7172.494872167329
15701,9502.436546134471,9502.43654613,9502.436546134471
15702,3211.0731414898746,3211.07314149,3211.0731414898746
15703,12971.626382629527,12971.6263826,12971.626382629527
15704,3072.371006335235,3072.37100634,3072.371006335235
15705,1588.0097034515568,1588.00970345,1588.0097034515568
15706,394.89814310266047,394.898143103,394.89814310266047
15707,3049.078337423468,3049.07833742,3049.078337423468
15708,3310.1074749824097,3310.10747498,3310.1074749824097
15709,12375.867691691112,12375.8676917,12375.867691691112
15710,197.2781100317547,197.278110032,197.2781100317547
15711,509.87746352064227,509.877463521,509.87746352064227
15712,4054.613161037122,4054.61316104,4054.613161037122
15713,8015.5531085201565,8015.55310852,8015.5531085201565
15714,3053.127100223547,3053.12710022,3053.127100223547
15715,9420.85913141152,9420.85913141,9420.85913141152
15716,6297.514395692102,6297.51439569,6297.514395692102
15717,8657.593761381975,8657.59376138,8657.593761381975
15718,3235.127106765487,3235.12710677,3235.127106765487
15719,13839.541434573111,13839.5414346,13839.541434573111
15720,13687.950073936443,13687.9500739,13687.950073936443
15721,1588.7954806767284,1588.79548068,1588.7954806767284
15722,3487.838901292943,3487.83890129,3487.838901292943
15723,5821.743511571192,5821.74351157,5821.743511571192
15724,897.5851864107001,897.585186411,897.5851864107001
15725,10765.545699300481,10765.5456993,10765.545699300481
15726,4541.15987810935,4541.15987811,4541.15987810935
15727,3290.184228992616,3290.18422899,3290.184228992616
15728,364.1463755071488,364.146375507,364.1463755071488
15729,787.163973704623,787.163973705,787.163973704623
15730,9034.639682440646,9034.63968244,9034.639682440646
15731,17689.68282081502,17689.6828208,17689.68282081502
15732,1641.266009110622,1641.26600911,1641.266009110622
15733,10587.72542905634,10587.7254291,10587.72542905634
15734,1389.9134628280647,1389.91346283,1389.9134628280647
15735,1982.1769668232396,1982.17696682,1982.1769668232396
15736,675.9226898405841,675.922689841,675.9226898405841
15737,2527.598185281327,2527.59818528,2527.598185281327
15738,23609.750672174014,23609.7506722,23609.750672174014
15739,39747.237562455804,39747.2375625,39747.237562455804
15740,3946.68953969126,3946.68953969,3946.68953969126
15741,12149.302291577915,12149.3022916,12149.302291577915
15742,9871.889079599565,9871.8890796,9871.889079599565
15743,1740.5094432263336,1740.50944323,1740.5094432263336
15744,12979.947047407963,12979.9470474,12979.947047407963
15745,3749.581544248817,3749.58154425,3749.581544248817
15746,8187.7646259053545,8187.76462591,8187.7646259053545
15747,3009.481229472216,3009.48122947,3009.481229472216
15748,12832.828243410437,12832.8282434,12832.828243410437
15749,2955.7457186530805,2955.74571865,2955.7457186530805
15750,5066.590649143577,5066.59064914,5066.590649143577
15751,6033.431105486366,6033.43110549,6033.431105486366
15752,1352.0128665483803,1352.01286655,1352.0128665483803
15753,10620.047462747385,10620.0474627,10620.047462747385
15754,13143.24272833407,13143.2427283,13143.24272833407
15755,1585.7001679467453,1585.70016795,1585.7001679467453
15756,1375.9105858342873,1375.91058583,1375.9105858342873
15757,2100.5846326924325,2100.58463269,2100.5846326924325
15758,1495.6390603751752,1495.63906038,1495.6390603751752
15759,15550.334623238945,15550.3346232,15550.334623238945
15760,9795.970754869208,9795.97075487,9795.970754869208
15761,4992.532334096855,4992.5323341,4992.532334096855
15762,2753.800360557083,2753.80036056,2753.800360557083
15763,7339.284638115535,7339.28463812,7339.284638115535
15764,1457.3501650775158,1457.35016508,1457.3501650775158
15765,672.1338696372279,672.133869637,672.1338696372279
15766,11050.9733259898,11050.973326,11050.9733259898
15767,9330.288871135095,9330.28887114,9330.288871135095
15768,22252.424056324777,22252.4240563,22252.424056324777
15769,4740.476454288803,4740.47645429,4740.476454288803
15770,2478.7274201252294,2478.72742013,2478.7274201252294
15771,2939.1983905051075,2939.19839051,2939.1983905051075
15772,59.65205552066528,59.6520555207,59.65205552066528
15773,5357.327321661738,5357.32732166,5357.327321661738
15774,7573.878667898,7573.8786679,7573.878667898
15775,954.5449831433043,954.544983143,954.5449831433043
15776,1149.4669356944023,1149.46693569,1149.4669356944023
15777,23093.682403354316,23093.6824034,23093.682403354316
15778,5721.803199226018,5721.80319923,5721.803199226018
15779,2808.8310985702983,2808.83109857,2808.8310985702983
15780,12077.877271107607,12077.8772711,12077.877271107607
15781,4530.830548135627,4530.83054814,4530.830548135627
15782,7506.425797951901,7506.42579795,7506.425797951901
15783,6338.79391211538,6338.79391212,6338.79391211538
15784,654.1611893805318,654.161189381,654.1611893805318
15785,7484.035336807386,7484.03533681,7484.035336807386
15786,2025.716540355771,2025.71654036,2025.716540355771
15787,12034.37302538888,12034.3730254,12034.37302538888
15788,6616.277506890097,6616.27750689,6616.277506890097
15789,4644.282841408427,4644.28284141,4644.282841408427
15790,1897.9466938514279,1897.94669385,1897.9466938514279
15791,2766.3890355429103,2766.38903554,2766.3890355429103
15792,3134.699597124647,3134.69959712,3134.699597124647
15793,714.0563865668611,714.056386567,714.0563865668611
15794,15875.20691585675,15875.2069159,15875.20691585675
15795,966.621384213758,966.621384214,966.621384213758
15796,366.98832746635657,366.988327466,366.98832746635657
15797,2843.6920866121773,2843.69208661,2843.6920866121773
15798,152.59432061891457,152.594320619,152.59432061891457
15799,4870.928260643072,4870.92826064,4870.928260643072
15800,6836.236270452005,6836.23627045,6836.236270452005
15801,278.0004260798571,278.00042608,278.0004260798571
15802,4246.741209392525,4246.74120939,4246.741209392525
15803,927.1170474634027,927.117047463,927.1170474634027
15804,11328.613385045299,11328.613385,11328.613385045299
15805,3329.9655956661677,3329.96559567,3329.9655956661677
15806,3679.0065051571128,3679.00650516,3679.0065051571128
15807,16308.591089387079,16308.5910894,16308.591089387079
15808,1465.435674780743,1465.43567478,1465.435674780743
15809,4197.9524504934625,4197.95245049,4197.9524504934625
15810,20624.413191692052,20624.4131917,20624.413191692052
15811,5044.349499642816,5044.34949964,5044.349499642816
15812,6641.273147540073,6641.27314754,6641.273147540073
15813,3199.6283348672246,3199.62833487,3199.6283348672246
15814,2528.0690442111418,2528.06904421,2528.0690442111418
15815,876.8681950846008,876.868195085,876.8681950846008
15816,150.18333581632842,150.183335816,150.18333581632842
15817,391.2170003625594,391.217000363,391.2170003625594
15818,2886.4797967576687,2886.47979676,2886.4797967576687
15819,13012.40057996321,13012.40058,13012.40057996321
15820,564.0840127770798,564.084012777,564.0840127770798
15821,5523.335228278924,5523.33522828,5523.335228278924
15822,7660.978101330907,7660.97810133,7660.978101330907
15823,10938.74938343975,10938.7493834,10938.74938343975
15824,568.6465883960814,568.646588396,568.6465883960814
15825,2592.232281523819,2592.23228152,2592.232281523819
15826,4697.018185791339,4697.01818579,4697.018185791339
15827,4696.1882006767055,4696.18820068,4696.1882006767055
15828,10428.21364458473,10428.2136446,10428.21364458473
15829,4641.868939396347,4641.8689394,4641.868939396347
15830,2423.4388714727966,2423.43887147,2423.4388714727966
15831,14159.951187490102,14159.9511875,14159.951187490102
15832,4592.751591389144,4592.75159139,4592.751591389144
15833,3695.2806174083667,3695.28061741,3695.2806174083667
15834,4145.627903065852,4145.62790307,4145.627903065852
15835,9324.23199967713,9324.23199968,9324.23199967713
15836,5429.703958643587,5429.70395864,5429.703958643587
15837,12114.077397782983,12114.0773978,12114.077397782983
15838,2618.0641194322134,2618.06411943,2618.0641194322134
15839,26976.20499192947,26976.2049919,26976.20499192947
15840,1523.3739307488254,1523.37393075,1523.3739307488254
15841,14826.69388810439,14826.6938881,14826.69388810439
15842,4178.684074118568,4178.68407412,4178.684074118568
15843,4499.808050171694,4499.80805017,4499.808050171694
15844,4478.6048253308445,4478.60482533,4478.6048253308445
15845,3288.2370004020963,3288.2370004,3288.2370004020963
15846,3227.053584667833,3227.05358467,3227.053584667833
15847,7967.733708783468,7967.73370878,7967.733708783468
15848,1352.6875465207968,1352.68754652,1352.6875465207968
15849,846.0021838126019,846.002183813,846.0021838126019
15850,22968.54959607849,22968.5495961,22968.54959607849
15851,5480.097688565771,5480.09768857,5480.097688565771
15852,676.5244858163502,676.524485816,676.5244858163502
15853,6362.539434361249,6362.53943436,6362.539434361249
15854,1132.8470673208685,1132.84706732,1132.8470673208685
15855,7856.265248903325,7856.2652489,7856.265248903325
15856,5218.95965074024,5218.95965074,5218.95965074024
15857,3484.754869902958,3484.7548699,3484.754869902958
15858,9087.02631938273,9087.02631938,9087.02631938273
15859,3106.3940722353145,3106.39407224,3106.3940722353145
15860,11025.27455091837,11025.2745509,11025.27455091837
15861,430.14615553684064,430.146155537,430.14615553684064
15862,7243.563384331042,7243.56338433,7243.563384331042
15863,2142.5456449255275,2142.54564493,2142.5456449255275
15864,1880.141907172727,1880.14190717,1880.141907172727
15865,1696.193313329346,1696.19331333,1696.193313329346
15866,3250.971877347531,3250.97187735,3250.971877347531
15867,4694.60389260902,4694.60389261,4694.60389260902
15868,6749.340810352254,6749.34081035,6749.340810352254
15869,306.45589892311796,306.455898923,306.45589892311796
15870,10553.088392092815,10553.0883921,10553.088392092815
15871,4015.1561974792185,4015.15619748,4015.1561974792185
15872,204.94148430214761,204.941484302,204.94148430214761
15873,672.3853074367878,672.385307437,672.3853074367878
15874,5304.3814110189205,5304.38141102,5304.3814110189205
15875,1866.7072327675555,1866.70723277,1866.7072327675555
15876,6471.994522677266,6471.99452268,6471.994522677266
15877,6449.575128572293,6449.57512857,6449.575128572293
15878,1273.3059714197793,1273.30597142,1273.3059714197793
15879,2270.4852105032496,2270.4852105,2270.4852105032496
15880,8329.666483868945,8329.66648387,8329.666483868945
15881,2774.593830183345,2774.59383018,2774.593830183345
15882,6369.998687090154,6369.99868709,6369.998687090154
15883,5216.596360870678,5216.59636087,5216.596360870678
15884,8008.439752808002,8008.43975281,8008.439752808002
15885,783.5563902845078,783.556390285,783.5563902845078
15886,1040.2388255468466,1040.23882555,1040.2388255468466
15887,1295.6964174691143,1295.69641747,1295.6964174691143
15888,2374.5476760557212,2374.54767606,2374.5476760557212
15889,1373.5584762424194,1373.55847624,1373.5584762424194
15890,3137.818061156501,3137.81806116,3137.818061156501
15891,495.63571699259967,495.635716993,495.63571699259967
15892,1863.103390442744,1863.10339044,1863.103390442744
15893,8701.49718979254,8701.49718979,8701.49718979254
15894,11188.937215994783,11188.937216,11188.937215994783
15895,6205.449888737586,6205.44988874,6205.449888737586
15896,5167.875106800455,5167.8751068,5167.875106800455
15897,1363.4514545857364,1363.45145459,1363.4514545857364
15898,1337.2271987269062,1337.22719873,1337.2271987269062
15899,2768.6194897539026,2768.61948975,2768.6194897539026
15900,368.2380939302314,368.23809393,368.2380939302314
15901,4907.703174456068,4907.70317446,4907.703174456068
15902,5307.817105067328,5307.81710507,5307.817105067328
15903,495.8160281400412,495.81602814,495.8160281400412
15904,5373.4360967732,5373.43609677,5373.4360967732
15905,1756.831444668671,1756.83144467,1756.831444668671
15906,5365.526843319818,5365.52684332,5365.526843319818
15907,1027.3457747493383,1027.34577475,1027.3457747493383
15908,1998.803712471831,1998.80371247,1998.803712471831
15909,1453.1226303341662,1453.12263033,1453.1226303341662
15910,1899.5342736207392,1899.53427362,1899.5342736207392
15911,1729.3298445705757,1729.32984457,1729.3298445705757
15912,17626.183859338857,17626.1838593,17626.183859338857
15913,1248.8274016874698,1248.82740169,1248.8274016874698
15914,5849.231936100106,5849.2319361,5849.231936100106
15915,9752.252168815348,9752.25216882,9752.252168815348
15916,4642.886392917359,4642.88639292,4642.886392917359
15917,5985.169854968194,5985.16985497,5985.169854968194
15918,33155.981703569436,33155.9817036,33155.981703569436
15919,548.7317529211884,548.731752921,548.7317529211884
15920,376.43864628383994,376.438646284,376.43864628383994
15921,10614.168948613455,10614.1689486,10614.168948613455
15922,4858.258057826738,4858.25805783,4858.258057826738
15923,2202.0672735315293,2202.06727353,2202.0672735315293
15924,828.3355517747847,828.335551775,828.3355517747847
15925,1364.600222078692,1364.60022208,1364.600222078692
15926,2640.0904398389384,2640.09043984,2640.0904398389384
15927,1704.0267330028348,1704.026733,1704.0267330028348
15928,1351.5328859959354,1351.532886,1351.5328859959354
15929,951.5729546001794,951.5729546,951.5729546001794
15930,196.56675990266731,196.566759903,196.56675990266731
15931,3474.9546137249035,3474.95461372,3474.9546137249035
15932,11867.258868292172,11867.2588683,11867.258868292172
15933,4692.260772489645,4692.26077249,4692.260772489645
15934,6609.174533270626,6609.17453327,6609.174533270626
15935,3691.6565918619,3691.65659186,3691.6565918619
15936,3343.390899601929,3343.3908996,3343.390899601929
15937,359.96291921635896,359.962919216,359.96291921635896
15938,780.5912709295056,780.59127093,780.5912709295056
15939,2164.4456105192003,2164.44561052,2164.4456105192003
15940,4498.193131219319,4498.19313122,4498.193131219319
15941,2508.228398035987,2508.22839804,2508.228398035987
15942,1658.4768753948827,1658.47687539,1658.4768753948827
15943,3600.6341055523167,3600.63410555,3600.6341055523167
15944,2329.311828837925,2329.31182884,2329.311828837925
15945,17311.554360953036,17311.554361,17311.554360953036
15946,1496.8796222387703,1496.87962224,1496.8796222387703
15947,4501.831851680679,4501.83185168,4501.831851680679
15948,3499.084907833503,3499.08490783,3499.084907833503
15949,3463.868474695583,3463.8684747,3463.868474695583
15950,2420.7102247479183,2420.71022475,2420.7102247479183
15951,3888.0405196776182,3888.04051968,3888.0405196776182
15952,5185.000426463079,5185.00042646,5185.000426463079
15953,1436.291327063583,1436.29132706,1436.291327063583
15954,2400.517425704747,2400.5174257,2400.517425704747
15955,2941.736353679104,2941.73635368,2941.736353679104
15956,11229.074748030946,11229.074748,11229.074748030946
15957,3813.3254822182844,3813.32548222,3813.3254822182844
15958,10429.759863476325,10429.7598635,10429.759863476325
15959,1659.0712050312866,1659.07120503,1659.0712050312866
15960,2313.7701642915804,2313.77016429,2313.7701642915804
15961,2530.254415008415,2530.25441501,2530.254415008415
15962,7504.686314198697,7504.6863142,7504.686314198697
15963,1039.1629862500904,1039.16298625,1039.1629862500904
15964,1459.260389568715,1459.26038957,1459.260389568715
15965,3575.2179931256037,3575.21799313,3575.2179931256037
15966,14818.53007361022,14818.5300736,14818.53007361022
15967,908.9235733870223,908.923573387,908.9235733870223
15968,2752.7527248977117,2752.7527249,2752.7527248977117
15969,2521.1202554457077,2521.12025545,2521.1202554457077
15970,6557.36163190074,6557.3616319,6557.36163190074
15971,6393.4445289313,6393.44452893,6393.4445289313
15972,1153.9898733015593,1153.9898733,1153.9898733015593
15973,3445.769242463053,3445.76924246,3445.769242463053
15974,9830.39887366509,9830.39887367,9830.39887366509
15975,17425.581317509903,17425.5813175,17425.581317509903
15976,3415.547604572379,3415.54760457,3415.547604572379
15977,8625.41939780014,8625.4193978,8625.41939780014
15978,5408.731294573886,5408.73129457,5408.731294573886
15979,4793.607240941693,4793.60724094,4793.607240941693
15980,8980.552903125516,8980.55290313,8980.552903125516
15981,1545.8385455646674,1545.83854556,1545.8385455646674
15982,6484.353368807804,6484.35336881,6484.353368807804
15983,3623.5432020317116,3623.54320203,3623.5432020317116
15984,3956.6357146009195,3956.6357146,3956.6357146009195
15985,633.1426974176915,633.142697418,633.1426974176915
15986,486.5904369725961,486.590436973,486.5904369725961
15987,2549.6099446112394,2549.60994461,2549.6099446112394
15988,1234.4308415181602,1234.43084152,1234.4308415181602
15989,6239.015762967574,6239.01576297,6239.015762967574
15990,1460.9157098416026,1460.91570984,1460.9157098416026
15991,698.8704688254104,698.870468825,698.8704688254104
15992,6768.764327985082,6768.76432799,6768.764327985082
15993,16879.802329583872,16879.8023296,16879.802329583872
15994,10282.806392163595,10282.8063922,10282.806392163595
15995,3199.5435525210396,3199.54355252,3199.5435525210396
15996,702.1070076891006,702.107007689,702.1070076891006
15997,5521.9229028811615,5521.92290288,5521.9229028811615
15998,691.5078170829325,691.507817083,691.5078170829325
15999,2003.2535262275067,2003.25352623,2003.2535262275067
16000,3798.811174802602,3798.8111748,3798.811174802602
16001,1526.7033632671896,1526.70336327,1526.7033632671896
16002,2317.602606521227,2317.60260652,2317.602606521227
16003,6791.344916938731,6791.34491694,6791.344916938731
16004,10859.540379619351,10859.5403796,10859.540379619351
16005,593.915003283377,593.915003283,593.915003283377
16006,17303.507713133364,17303.5077131,17303.507713133364
16007,684.6313380873415,684.631338087,684.6313380873415
16008,6630.040545141348,6630.04054514,6630.040545141348
16009,385.987312443879,385.987312444,385.987312443879
16010,1521.5502816252636,1521.55028163,1521.5502816252636
16011,5257.833859802284,5257.8338598,5257.833859802284
16012,12223.971202627245,12223.9712026,12223.971202627245
16013,90.20410226063586,90.2041022606,90.20410226063586
16014,464.0817255490264,464.081725549,464.0817255490264
16015,1180.4150204037799,1180.4150204,1180.4150204037799
16016,5356.727406918249,5356.72740692,5356.727406918249
16017,5482.729772153965,5482.72977215,5482.729772153965
16018,1459.3683933213715,1459.36839332,1459.3683933213715
16019,6889.879793285357,6889.87979329,6889.879793285357
16020,2840.151930657856,2840.15193066,2840.151930657856
16021,1254.832734358446,1254.83273436,1254.832734358446
16022,3604.0035337087656,3604.00353371,3604.0035337087656
16023,885.8253582337175,885.825358234,885.8253582337175
16024,354.5527169762494,354.552716976,354.5527169762494
16025,20174.534696528674,20174.5346965,20174.534696528674
16026,1868.5400733523613,1868.54007335,1868.5400733523613
16027,5966.491429201752,5966.4914292,5966.491429201752
16028,3961.995575857786,3961.99557586,3961.995575857786
16029,8583.348878172788,8583.34887817,8583.348878172788
16030,7806.273475074019,7806.27347507,7806.273475074019
16031,2973.9423467350916,2973.94234674,2973.9423467350916
16032,1429.805113247226,1429.80511325,1429.805113247226
16033,587.961992313825,587.961992314,587.961992313825
16034,2422.673440110819,2422.67344011,2422.673440110819
16035,140.26714684992405,140.26714685,140.26714684992405
16036,2639.5558203738774,2639.55582037,2639.5558203738774
16037,4746.900563222003,4746.90056322,4746.900563222003
16038,10083.01150321552,10083.0115032,10083.01150321552
16039,8013.385142423676,8013.38514242,8013.385142423676
16040,8229.141624549999,8229.14162455,8229.141624549999
16041,235.28450403009148,235.28450403,235.28450403009148
16042,4968.314678633276,4968.31467863,4968.314678633276
16043,4505.44813881812,4505.44813882,4505.44813881812
16044,4316.726123001903,4316.726123,4316.726123001903
16045,1889.9741787993214,1889.9741788,1889.9741787993214
16046,6151.398308788826,6151.39830879,6151.398308788826
16047,3954.3495435054115,3954.34954351,3954.3495435054115
16048,979.0822263292343,979.082226329,979.0822263292343
16049,10111.180346962625,10111.180347,10111.180346962625
16050,3829.38661841636,3829.38661842,3829.38661841636
16051,411.65783088615456,411.657830886,411.65783088615456
16052,2931.4991640815538,2931.49916408,2931.4991640815538
16053,1613.1376556943546,1613.13765569,1613.1376556943546
16054,4925.092185692315,4925.09218569,4925.092185692315
16055,528.7388351170991,528.738835117,528.7388351170991
16056,16551.918423855765,16551.9184239,16551.918423855765
16057,7605.524224186733,7605.52422419,7605.524224186733
16058,21141.188090392956,21141.1880904,21141.188090392956
16059,4545.141410841271,4545.14141084,4545.141410841271
16060,179.33751337087824,179.337513371,179.33751337087824
16061,1109.1148411632196,1109.11484116,1109.1148411632196
16062,17773.55085703358,17773.550857,17773.55085703358
16063,2165.058347826525,2165.05834783,2165.058347826525
16064,9367.377297144287,9367.37729714,9367.377297144287
16065,16812.671705091856,16812.6717051,16812.671705091856
16066,385.2804994964207,385.280499496,385.2804994964207
16067,2498.210251651879,2498.21025165,2498.210251651879
16068,3661.0197906324456,3661.01979063,3661.0197906324456
16069,2623.742796255524,2623.74279626,2623.742796255524
16070,9151.625979831435,9151.62597983,9151.625979831435
16071,7430.04997794914,7430.04997795,7430.04997794914
16072,6328.907747089671,6328.90774709,6328.907747089671
16073,23033.317047466466,23033.3170475,23033.317047466466
16074,6619.2774047997755,6619.2774048,6619.2774047997755
16075,5125.0792171313415,5125.07921713,5125.0792171313415
16076,3874.978580862565,3874.97858086,3874.978580862565
16077,3154.265902793451,3154.26590279,3154.265902793451
16078,7647.799706382565,7647.79970638,7647.799706382565
16079,1414.8101615298026,1414.81016153,1414.8101615298026
16080,4547.9109702374235,4547.91097024,4547.9109702374235
16081,1200.3981308269283,1200.39813083,1200.3981308269283
16082,4890.968096515832,4890.96809652,4890.968096515832
16083,1050.8238946285717,1050.82389463,1050.8238946285717
16084,6180.771401588975,6180.77140159,6180.771401588975
16085,275.0903038786129,275.090303879,275.0903038786129
16086,1537.7490031008558,1537.7490031,1537.7490031008558
16087,6049.000534513782,6049.00053451,6049.000534513782
16088,3157.6787027286064,3157.67870273,3157.6787027286064
16089,4879.234397707876,4879.23439771,4879.234397707876
16090,12736.024266356171,12736.0242664,12736.024266356171
16091,1151.6648677140706,1151.66486771,1151.6648677140706
16092,720.372610939965,720.37261094,720.372610939965
16093,1787.4670616307917,1787.46706163,1787.4670616307917
16094,925.368342132203,925.368342132,925.368342132203
16095,11378.81724286024,11378.8172429,11378.81724286024
16096,2053.5712265626867,2053.57122656,2053.5712265626867
16097,3128.738172027398,3128.73817203,3128.738172027398
16098,2605.574972935874,2605.57497294,2605.574972935874
16099,1640.0317517386354,1640.03175174,1640.0317517386354
16100,9821.041326484648,9821.04132648,9821.041326484648
16101,15132.748135961792,15132.748136,15132.748135961792
16102,9521.542956064279,9521.54295606,9521.542956064279
16103,9156.54521392357,9156.54521392,9156.54521392357
16104,5117.075925420746,5117.07592542,5117.075925420746
16105,2791.4586438596098,2791.45864386,2791.4586438596098
16106,7781.310472799907,7781.3104728,7781.310472799907
16107,1320.556713037182,1320.55671304,1320.556713037182
16108,1950.48392223621,1950.48392224,1950.48392223621
16109,5017.73689053908,5017.73689054,5017.73689053908
16110,2215.81435227278,2215.81435227,2215.81435227278
16111,105.67094046953436,105.67094047,105.67094046953436
16112,3224.0528517732446,3224.05285177,3224.0528517732446
16113,3451.405986358627,3451.40598636,3451.405986358627
16114,639.0055069754833,639.005506975,639.0055069754833
16115,196.39947766627967,196.399477666,196.39947766627967
16116,1483.7098890534066,1483.70988905,1483.7098890534066
16117,1587.3962697708373,1587.39626977,1587.3962697708373
16118,2628.9290377222583,2628.92903772,2628.9290377222583
16119,7822.423618587808,7822.42361859,7822.423618587808
16120,5667.913742671151,5667.91374267,5667.913742671151
16121,3153.5162405895885,3153.51624059,3153.5162405895885
16122,605.1920329581917,605.192032958,605.1920329581917
16123,2665.2871880200864,2665.28718802,2665.287188020086
16124,5073.6558876488425,5073.65588765,5073.6558876488425
16125,6804.372789456009,6804.37278946,6804.372789456009
16126,1537.0236460642507,1537.02364606,1537.0236460642507
16127,8868.656369530408,8868.65636953,8868.656369530408
16128,960.5207697776923,960.520769778,960.5207697776923
16129,2696.302329264099,2696.30232926,2696.302329264099
16130,8972.065305532611,8972.06530553,8972.065305532611
16131,2823.7663164968517,2823.7663165,2823.7663164968517
16132,1819.720598576489,1819.72059858,1819.720598576489
16133,2094.4801784506026,2094.48017845,2094.4801784506026
16134,3626.436086479346,3626.43608648,3626.436086479346
16135,7524.069028477079,7524.06902848,7524.069028477079
16136,4583.88324811858,4583.88324812,4583.88324811858
16137,3077.3856207725285,3077.38562077,3077.3856207725285
16138,14200.581063379677,14200.5810634,14200.581063379677
16139,4053.6172259435875,4053.61722594,4053.6172259435875
16140,1124.0013394627724,1124.00133946,1124.0013394627724
16141,1290.784432334322,1290.78443233,1290.784432334322
16142,2052.8659564450913,2052.86595645,2052.8659564450913
16143,6973.651960602097,6973.6519606,6973.651960602097
16144,8899.16355209034,8899.16355209,8899.16355209034
16145,17501.69986373293,17501.6998637,17501.69986373293
16146,11780.023572625427,11780.0235726,11780.023572625427
16147,6470.54506771453,6470.54506771,6470.54506771453
16148,2700.40702922121,2700.40702922,2700.40702922121
16149,2918.4438470678206,2918.44384707,2918.4438470678206
16150,10670.693816198009,10670.6938162,10670.693816198009
16151,673.933202822635,673.933202823,673.933202822635
16152,3092.8387413660653,3092.83874137,3092.8387413660653
16153,11080.738882612812,11080.7388826,11080.738882612812
16154,1019.0738648225688,1019.07386482,1019.0738648225688
16155,6609.015661980195,6609.01566198,6609.015661980195
16156,2708.762591577353,2708.76259158,2708.762591577353
16157,2649.9148721586666,2649.91487216,2649.9148721586666
16158,6964.492578243102,6964.49257824,6964.492578243102
16159,8111.9923681556065,8111.99236816,8111.9923681556065
16160,4131.202760967931,4131.20276097,4131.202760967931
16161,3175.3528467404985,3175.35284674,3175.3528467404985
16162,9325.7022944571,9325.70229446,9325.7022944571
16163,13369.996989201909,13369.9969892,13369.996989201909
16164,5586.729609539509,5586.72960954,5586.729609539509
16165,6935.63083221709,6935.63083222,6935.63083221709
16166,832.2957320756219,832.295732076,832.2957320756219
16167,15692.330919125821,15692.3309191,15692.330919125821
16168,6318.483936975983,6318.48393698,6318.483936975983
16169,970.2494844097104,970.24948441,970.2494844097104
16170,443.24337221910065,443.243372219,443.24337221910065
16171,2071.650509909386,2071.65050991,2071.650509909386
16172,437.94025750242093,437.940257502,437.94025750242093
16173,3442.2129636407267,3442.21296364,3442.2129636407267
16174,1452.6981828650548,1452.69818287,1452.6981828650548
16175,8817.881468609226,8817.88146861,8817.881468609226
16176,3078.851786628312,3078.85178663,3078.851786628312
16177,665.2059948727646,665.205994873,665.2059948727646
16178,6280.638845474778,6280.63884547,6280.638845474778
16179,44024.888017655256,44024.8880177,44024.888017655256
16180,3732.8845290535346,3732.88452905,3732.8845290535346
16181,297.8331823628541,297.833182363,297.8331823628541
16182,12652.713605976434,12652.713606,12652.713605976434
16183,2443.999276359869,2443.99927636,2443.999276359869
16184,11458.122324354548,11458.1223244,11458.122324354548
16185,661.3631439663704,661.363143966,661.3631439663704
16186,1209.5982541645994,1209.59825416,1209.5982541645994
16187,377.4577637138328,377.457763714,377.4577637138328
16188,5214.009351204697,5214.0093512,5214.009351204697
16189,3696.212966588718,3696.21296659,3696.212966588718
16190,2094.2827170439573,2094.28271704,2094.2827170439573
16191,1310.6098221432724,1310.60982214,1310.6098221432724
16192,3657.1461849200323,3657.14618492,3657.1461849200323
16193,1638.016517384569,1638.01651738,1638.016517384569
16194,6108.75998213595,6108.75998214,6108.75998213595
16195,6622.175320208848,6622.17532021,6622.175320208848
16196,4157.08745961863,4157.08745962,4157.08745961863
16197,2019.6585488713147,2019.65854887,2019.6585488713147
16198,13669.109900490772,13669.1099005,13669.109900490772
16199,1065.6724354515675,1065.67243545,1065.6724354515675
16200,1276.420287417014,1276.42028742,1276.420287417014
16201,2295.3083433194756,2295.30834332,2295.3083433194756
16202,5734.864395097001,5734.8643951,5734.864395097001
16203,1271.9621270146108,1271.96212701,1271.9621270146108
16204,1160.2968813180137,1160.29688132,1160.2968813180137
16205,1580.0993280815,1580.09932808,1580.0993280815
16206,3839.981187772077,3839.98118777,3839.981187772077
16207,1038.1459005820386,1038.14590058,1038.1459005820386
16208,12443.146745562297,12443.1467456,12443.146745562297
16209,195.2869950763153,195.286995076,195.2869950763153
16210,5252.044731610039,5252.04473161,5252.044731610039
16211,15361.72605393878,15361.7260539,15361.72605393878
16212,9658.27244115338,9658.27244115,9658.27244115338
16213,4418.965128701301,4418.9651287,4418.965128701301
16214,2530.0067395631413,2530.00673956,2530.0067395631413
16215,609.3159890426808,609.315989043,609.3159890426808
16216,482.2640429960955,482.264042996,482.2640429960955
16217,80.19984148193032,80.1998414819,80.19984148193032
16218,9268.847619061207,9268.84761906,9268.847619061207
16219,7357.178978385621,7357.17897839,7357.178978385621
16220,959.1690633795614,959.16906338,959.1690633795614
16221,6688.821328554118,6688.82132855,6688.821328554118
16222,2179.5463970573473,2179.54639706,2179.5463970573473
16223,18659.190648808966,18659.1906488,18659.190648808966
16224,5012.901206354618,5012.90120635,5012.901206354618
16225,15924.884943734223,15924.8849437,15924.884943734223
16226,7350.269303373941,7350.26930337,7350.269303373941
16227,38082.16876739511,38082.1687674,38082.16876739511
16228,2329.5780894262793,2329.57808943,2329.5780894262793
16229,1009.339655997571,1009.339656,1009.339655997571
16230,2760.9426578964653,2760.9426579,2760.9426578964653
16231,4696.037862595199,4696.0378626,4696.037862595199
16232,7505.360572091312,7505.36057209,7505.360572091312
16233,1476.8647469585603,1476.86474696,1476.8647469585603
16234,2937.323291273714,2937.32329127,2937.323291273714
16235,4971.247606145144,4971.24760615,4971.247606145144
16236,7900.751334598386,7900.7513346,7900.751334598386
16237,30796.022891251374,30796.0228913,30796.022891251374
16238,5027.654118663287,5027.65411866,5027.654118663287
16239,1768.332937577358,1768.33293758,1768.332937577358
16240,16007.223614721,16007.2236147,16007.223614721
16241,6713.030957493942,6713.03095749,6713.030957493942
16242,1328.0782078187458,1328.07820782,1328.0782078187458
16243,1857.2400473661917,1857.24004737,1857.2400473661917
16244,28464.64751752665,28464.6475175,28464.64751752665
16245,902.9015831504362,902.90158315,902.9015831504362
16246,3041.2246469528213,3041.22464695,3041.2246469528213
16247,2746.304870517562,2746.30487052,2746.304870517562
16248,1820.845392756893,1820.84539276,1820.845392756893
16249,3461.1306264687723,3461.13062647,3461.1306264687723
16250,1359.5952373810171,1359.59523738,1359.5952373810171
16251,13090.871841298345,13090.8718413,13090.871841298345
16252,2635.891391814105,2635.89139181,2635.891391814105
16253,561.9602711056274,561.960271106,561.9602711056274
16254,804.6644316057685,804.664431606,804.6644316057685
16255,6914.655773396914,6914.6557734,6914.655773396914
16256,9838.655015657305,9838.65501566,9838.655015657305
16257,2013.50981074723,2013.50981075,2013.50981074723
16258,1988.4273055438405,1988.42730554,1988.4273055438405
16259,5433.143157345478,5433.14315735,5433.143157345478
16260,144.1300667109888,144.130066711,144.1300667109888
16261,1712.550909077412,1712.55090908,1712.550909077412
16262,3771.173711741211,3771.17371174,3771.173711741211
16263,1052.0730989535668,1052.07309895,1052.0730989535668
16264,2401.9263780202446,2401.92637802,2401.9263780202446
16265,1695.515750569151,1695.51575057,1695.515750569151
16266,4641.346319276149,4641.34631928,4641.346319276149
16267,4789.742494864619,4789.74249486,4789.742494864619
16268,3405.360345343713,3405.36034534,3405.360345343713
16269,214.19564582124386,214.195645821,214.19564582124386
16270,2433.8168625705102,2433.81686257,2433.8168625705102
16271,1627.809543204948,1627.8095432,1627.809543204948
16272,15134.8899825092,15134.8899825,15134.8899825092
16273,1197.7908145779938,1197.79081458,1197.7908145779938
16274,5442.609869086165,5442.60986909,5442.609869086165
16275,826.2199292621215,826.219929262,826.2199292621215
16276,1787.8530259044883,1787.8530259,1787.8530259044883
16277,239.27946312009271,239.27946312,239.27946312009271
16278,1549.7108006364936,1549.71080064,1549.7108006364936
16279,3715.4987504824276,3715.49875048,3715.4987504824276
16280,1400.4934243944324,1400.49342439,1400.4934243944324
16281,9707.977827618663,9707.97782762,9707.977827618663
16282,5739.646317976554,5739.64631798,5739.646317976554
16283,5271.113946182722,5271.11394618,5271.113946182722
16284,902.8916190230979,902.891619023,902.8916190230979
16285,10976.472875673195,10976.4728757,10976.472875673195
16286,6314.103180151717,6314.10318015,6314.103180151717
16287,1945.2702465026307,1945.2702465,1945.2702465026307
16288,4911.218074504924,4911.2180745,4911.218074504924
16289,5827.5193001653215,5827.51930017,5827.5193001653215
16290,765.20591133575,765.205911336,765.20591133575
16291,1760.584469518702,1760.58446952,1760.584469518702
16292,1891.6320220637817,1891.63202206,1891.6320220637817
16293,5836.574225433325,5836.57422543,5836.574225433325
16294,4752.076700681843,4752.07670068,4752.076700681843
16295,1216.279925361848,1216.27992536,1216.279925361848
16296,3183.181167723563,3183.18116772,3183.181167723563
16297,3346.8655395054457,3346.86553951,3346.8655395054457
16298,1113.732469197921,1113.7324692,1113.732469197921
16299,4869.9771265043855,4869.9771265,4869.9771265043855
16300,1246.7527398482168,1246.75273985,1246.7527398482168
16301,2356.1247385551,2356.12473856,2356.1247385551
16302,4390.87758379898,4390.8775838,4390.87758379898
16303,10445.591899741927,10445.5918997,10445.591899741927
16304,6376.33292830596,6376.33292831,6376.33292830596
16305,2053.2070329881703,2053.20703299,2053.2070329881703
16306,569.1828486669912,569.182848667,569.1828486669912
16307,2210.584309636469,2210.58430964,2210.584309636469
16308,3803.1644524220806,3803.16445242,3803.1644524220806
16309,4441.774924090234,4441.77492409,4441.774924090234
16310,40105.076582547,40105.0765825,40105.076582547
16311,3278.288604372531,3278.28860437,3278.288604372531
16312,13584.036562646259,13584.0365626,13584.036562646259
16313,1806.5796648319356,1806.57966483,1806.5796648319356
16314,18329.954224523397,18329.9542245,18329.954224523397
16315,3425.1903707826755,3425.19037078,3425.1903707826755
16316,11844.933732610225,11844.9337326,11844.933732610225
16317,5601.929079007867,5601.92907901,5601.929079007867
16318,907.6768976374682,907.676897637,907.6768976374682
16319,14369.091706814843,14369.0917068,14369.091706814843
16320,8054.612673793009,8054.61267379,8054.612673793009
16321,1998.8412516584146,1998.84125166,1998.8412516584146
16322,6124.203519223545,6124.20351922,6124.203519223545
16323,1401.1979275627195,1401.19792756,1401.1979275627195
16324,57169.78927292424,57169.7892729,57169.78927292424
16325,8666.016395601742,8666.0163956,8666.016395601742
16326,1514.580642285247,1514.58064229,1514.580642285247
16327,2223.953810492188,2223.95381049,2223.953810492188
16328,3188.167950095141,3188.1679501,3188.167950095141
16329,1332.5781905815033,1332.57819058,1332.5781905815033
16330,3663.8036201452624,3663.80362015,3663.8036201452624
16331,5835.201481930309,5835.20148193,5835.201481930309
16332,6008.9872826439405,6008.98728264,6008.9872826439405
16333,3486.288968695836,3486.2889687,3486.288968695836
16334,6502.328737737964,6502.32873774,6502.328737737964
16335,2356.027746201619,2356.0277462,2356.027746201619
16336,5069.762620295778,5069.7626203,5069.762620295778
16337,7567.24584214841,7567.24584215,7567.24584214841
16338,161.42127790212766,161.421277902,161.42127790212766
16339,10930.509659932643,10930.5096599,10930.509659932643
16340,2194.667288622374,2194.66728862,2194.667288622374
16341,4772.097035199233,4772.0970352,4772.097035199233
16342,2128.023914795175,2128.0239148,2128.023914795175
16343,13793.890644546347,13793.8906445,13793.890644546347
16344,5692.094823744003,5692.09482374,5692.094823744003
16345,11415.558711782023,11415.5587118,11415.558711782023
16346,4639.225311629636,4639.22531163,4639.225311629636
16347,790.6511680203374,790.65116802,790.6511680203374
16348,4248.051138212514,4248.05113821,4248.051138212514
16349,2546.8675980754992,2546.86759808,2546.8675980754992
16350,3524.803233470803,3524.80323347,3524.803233470803
16351,1090.1996373181937,1090.19963732,1090.1996373181937
16352,4675.433688489217,4675.43368849,4675.433688489217
16353,7251.030078121352,7251.03007812,7251.030078121352
16354,2749.0053830979014,2749.0053831,2749.0053830979014
16355,6305.755643248102,6305.75564325,6305.755643248102
16356,1871.4589033882476,1871.45890339,1871.4589033882476
16357,4616.783687621356,4616.78368762,4616.783687621356
16358,1471.5459780975973,1471.5459781,1471.5459780975973
16359,6089.588629263681,6089.58862926,6089.588629263681
16360,7142.68028607889,7142.68028608,7142.68028607889
16361,3071.152033573141,3071.15203357,3071.152033573141
16362,810.5829935819982,810.582993582,810.5829935819982
16363,1027.2325657023528,1027.2325657,1027.2325657023528
16364,3242.7794299092634,3242.77942991,3242.7794299092634
16365,4083.1101116167083,4083.11011162,4083.1101116167083
16366,863.9693198937946,863.969319894,863.9693198937946
16367,9987.702899722197,9987.70289972,9987.702899722197
16368,4703.949686313837,4703.94968631,4703.949686313837
16369,8030.835189309002,8030.83518931,8030.835189309002
16370,7662.9105026223015,7662.91050262,7662.9105026223015
16371,3386.123233356149,3386.12323336,3386.123233356149
16372,4197.354812306443,4197.35481231,4197.354812306443
16373,8606.617267152456,8606.61726715,8606.617267152456
16374,4721.169470216092,4721.16947022,4721.169470216092
16375,3328.4085757792673,3328.40857578,3328.4085757792673
16376,3686.511616202628,3686.5116162,3686.511616202628
16377,8030.422707128492,8030.42270713,8030.422707128492
16378,4777.105017493123,4777.10501749,4777.105017493123
16379,5564.0353539317875,5564.03535393,5564.0353539317875
16380,4281.08298106788,4281.08298107,4281.08298106788
16381,5314.333567800113,5314.3335678,5314.333567800113
16382,5955.645728227229,5955.64572823,5955.645728227229
16383,573.0812526248483,573.081252625,573.0812526248483
16384,7209.830019167322,7209.83001917,7209.830019167322
16385,5041.693525001816,5041.693525,5041.693525001816
16386,394.61524657466407,394.615246575,394.61524657466407
16387,7563.63058027793,7563.63058028,7563.63058027793
16388,61089.85501666027,61089.8550167,61089.85501666027
16389,2173.953708158937,2173.95370816,2173.953708158937
16390,2416.783130800141,2416.7831308,2416.783130800141
16391,800.6327265952224,800.632726595,800.6327265952224
16392,2929.1278331798244,2929.12783318,2929.1278331798244
16393,10122.024706071787,10122.0247061,10122.024706071787
16394,4639.189468018507,4639.18946802,4639.189468018507
16395,4439.284161637361,4439.28416164,4439.284161637361
16396,2485.848020704969,2485.8480207,2485.848020704969
16397,5652.25107908532,5652.25107909,5652.25107908532
16398,14582.39544856186,14582.3954486,14582.39544856186
16399,4417.4008127047755,4417.4008127,4417.4008127047755
16400,3807.9398443925297,3807.93984439,3807.9398443925297
16401,10104.14238954796,10104.1423895,10104.14238954796
16402,5503.53954153176,5503.53954153,5503.53954153176
16403,5398.646900990557,5398.64690099,5398.646900990557
16404,4512.648731120319,4512.64873112,4512.648731120319
16405,6238.282272725665,6238.28227273,6238.282272725665
16406,6672.717315379492,6672.71731538,6672.717315379492
16407,5860.143887972849,5860.14388797,5860.143887972849
16408,2504.0911556583096,2504.09115566,2504.0911556583096
16409,3200.3321202192838,3200.33212022,3200.3321202192838
16410,3233.7405192231527,3233.74051922,3233.7405192231527
16411,1000.3747221867451,1000.37472219,1000.3747221867451
16412,1795.6531935436685,1795.65319354,1795.6531935436685
16413,3756.302210255966,3756.30221026,3756.302210255966
16414,14068.058221244622,14068.0582212,14068.058221244622
16415,16140.529183003831,16140.529183,16140.529183003831
16416,1859.6080360391943,1859.60803604,1859.6080360391943
16417,5438.058577353897,5438.05857735,5438.058577353897
16418,288.48974218944096,288.489742189,288.48974218944096
16419,1010.6236469870416,1010.62364699,1010.6236469870416
16420,3816.5776585268036,3816.57765853,3816.5776585268036
16421,3771.882690019666,3771.88269002,3771.882690019666
16422,5013.292295355206,5013.29229536,5013.292295355206
16423,1457.2069309059868,1457.20693091,1457.2069309059868
16424,3929.5101700330933,3929.51017003,3929.5101700330933
16425,6721.139493269674,6721.13949327,6721.139493269674
16426,9267.110185513824,9267.11018551,9267.110185513824
16427,4212.863199306108,4212.86319931,4212.863199306108
16428,5120.307310075321,5120.30731008,5120.307310075321
16429,1704.0622547763714,1704.06225478,1704.0622547763714
16430,17898.882312243433,17898.8823122,17898.882312243433
16431,3733.38216903356,3733.38216903,3733.38216903356
16432,9485.302060432316,9485.30206043,9485.302060432316
16433,3263.2438688733178,3263.24386887,3263.2438688733178
16434,6307.357325516941,6307.35732552,6307.357325516941
16435,7181.462524752351,7181.46252475,7181.462524752351
16436,1053.6677323806298,1053.66773238,1053.6677323806298
16437,9746.916674989518,9746.91667499,9746.916674989518
16438,2975.851353544016,2975.85135354,2975.851353544016
16439,12232.655784978246,12232.655785,12232.655784978246
16440,6838.154005392992,6838.15400539,6838.154005392992
16441,5904.675835597905,5904.6758356,5904.675835597905
16442,3443.6497512951455,3443.6497513,3443.6497512951455
16443,941.8121165186243,941.812116519,941.8121165186243
16444,23216.275679707964,23216.2756797,23216.275679707964
16445,21549.914198701386,21549.9141987,21549.914198701386
16446,6234.071245478968,6234.07124548,6234.071245478968
16447,8255.34807782619,8255.34807783,8255.34807782619
16448,2560.0529202811626,2560.05292028,2560.0529202811626
16449,1175.5842711714286,1175.58427117,1175.5842711714286
16450,6490.0705902036925,6490.0705902,6490.0705902036925
16451,8915.096416488843,8915.09641649,8915.096416488843
16452,3692.9734858096735,3692.97348581,3692.9734858096735
16453,3397.9072984223403,3397.90729842,3397.9072984223403
16454,8378.468231883608,8378.46823188,8378.468231883608
16455,28438.14890679529,28438.1489068,28438.14890679529
16456,942.1831393517198,942.183139352,942.1831393517198
16457,9385.141735870564,9385.14173587,9385.141735870564
16458,9089.361476706186,9089.36147671,9089.361476706186
16459,5681.569227583915,5681.56922758,5681.569227583915
16460,86.08623273357756,86.0862327336,86.08623273357756
16461,4520.273238689085,4520.27323869,4520.273238689085
16462,7028.801243253742,7028.80124325,7028.801243253742
16463,3400.5092095010436,3400.5092095,3400.5092095010436
16464,6111.024845453968,6111.02484545,6111.024845453968
16465,4587.311232782848,4587.31123278,4587.311232782848
16466,3134.0021137719586,3134.00211377,3134.0021137719586
16467,4883.642057670912,4883.64205767,4883.642057670912
16468,2554.1915972193897,2554.19159722,2554.1915972193897
16469,5613.926285430005,5613.92628543,5613.926285430005
16470,4781.628260942164,4781.62826094,4781.628260942164
16471,1479.4505022443427,1479.45050224,1479.4505022443427
16472,22588.742288104695,22588.7422881,22588.742288104695
16473,1994.399706959533,1994.39970696,1994.399706959533
16474,21.80411790978582,21.8041179098,21.80411790978582
16475,2326.293348215375,2326.29334822,2326.293348215375
16476,3771.6626329488604,3771.66263295,3771.6626329488604
16477,331.9289517365278,331.928951737,331.9289517365278
16478,1968.047424293357,1968.04742429,1968.047424293357
16479,7078.8711423557415,7078.87114236,7078.8711423557415
16480,9490.616642445519,9490.61664245,9490.616642445519
16481,4389.668519322814,4389.66851932,4389.668519322814
16482,2246.057136077486,2246.05713608,2246.057136077486
16483,224.55133243440582,224.551332434,224.55133243440582
16484,4388.714612023659,4388.71461202,4388.714612023659
16485,5261.6713567648685,5261.67135676,5261.6713567648685
16486,10975.79408043416,10975.7940804,10975.79408043416
16487,2711.925783477526,2711.92578348,2711.925783477526
16488,6437.71050694741,6437.71050695,6437.71050694741
16489,5165.32331647075,5165.32331647,5165.32331647075
16490,10541.528058664986,10541.5280587,10541.528058664986
16491,25498.637023076175,25498.6370231,25498.637023076175
16492,5436.605972341993,5436.60597234,5436.605972341993
16493,6520.124605550174,6520.12460555,6520.124605550174
16494,2186.6423217355627,2186.64232174,2186.6423217355627
16495,1428.9978744881284,1428.99787449,1428.9978744881284
16496,3760.5046986439984,3760.50469864,3760.5046986439984
16497,753.3816891113781,753.381689111,753.3816891113781
16498,1821.4742490478136,1821.47424905,1821.4742490478136
16499,1412.264270298732,1412.2642703,1412.264270298732
16500,1471.998686427329,1471.99868643,1471.998686427329
16501,2820.7410287792027,2820.74102878,2820.7410287792027
16502,3885.8098122194256,3885.80981222,3885.8098122194256
16503,8388.01882187708,8388.01882188,8388.01882187708
16504,995.2592360567866,995.259236057,995.2592360567866
16505,1348.9613045668382,1348.96130457,1348.9613045668382
16506,13284.172709262359,13284.1727093,13284.172709262359
16507,10883.29244578038,10883.2924458,10883.29244578038
16508,7388.048599740426,7388.04859974,7388.048599740426
16509,6239.681309884102,6239.68130988,6239.681309884102
16510,4113.135744670351,4113.13574467,4113.135744670351
16511,4172.8532112541025,4172.85321125,4172.8532112541025
16512,4596.0187906611545,4596.01879066,4596.0187906611545
16513,5998.360090102108,5998.3600901,5998.360090102108
16514,5683.593024670494,5683.59302467,5683.593024670494
16515,2335.0110718667606,2335.01107187,2335.0110718667606
16516,4610.899301257569,4610.89930126,4610.899301257569
16517,4950.1508125250375,4950.15081253,4950.1508125250375
16518,2087.816622194568,2087.81662219,2087.816622194568
16519,5064.987420969843,5064.98742097,5064.987420969843
16520,7078.575077043148,7078.57507704,7078.575077043148
16521,1861.574311427604,1861.57431143,1861.574311427604
16522,4872.447298569242,4872.44729857,4872.447298569242
16523,5519.894020846573,5519.89402085,5519.894020846573
16524,5351.732833024724,5351.73283302,5351.732833024724
16525,1832.6663823348538,1832.66638233,1832.6663823348538
16526,825.4153913005855,825.415391301,825.4153913005855
16527,2470.3059619215383,2470.30596192,2470.3059619215383
16528,531.517352731837,531.517352732,531.517352731837
16529,7435.962166368156,7435.96216637,7435.962166368156
16530,17055.89406386214,17055.8940639,17055.89406386214
16531,91.28922326670089,91.2892232667,91.28922326670089
16532,2363.2587642766784,2363.25876428,2363.2587642766784
16533,6161.048314152437,6161.04831415,6161.048314152437
16534,1302.2733834287314,1302.27338343,1302.2733834287314
16535,5334.778535028976,5334.77853503,5334.778535028976
16536,3434.6036051502197,3434.60360515,3434.6036051502197
16537,953.2782640138859,953.278264014,953.2782640138859
16538,4208.042126828787,4208.04212683,4208.042126828787
16539,5750.714842277043,5750.71484228,5750.714842277043
16540,19814.956875108022,19814.9568751,19814.956875108022
16541,2688.133454925568,2688.13345493,2688.133454925568
16542,2588.174541444797,2588.17454144,2588.174541444797
16543,2875.9792832464004,2875.97928325,2875.9792832464004
16544,3358.6509694806896,3358.65096948,3358.6509694806896
16545,2243.837670807625,2243.83767081,2243.837670807625
16546,652.8815638371611,652.881563837,652.8815638371611
16547,5870.252290274692,5870.25229027,5870.252290274692
16548,4599.273795528641,4599.27379553,4599.273795528641
16549,6942.1091153380075,6942.10911534,6942.1091153380075
16550,6942.980033107889,6942.98003311,6942.980033107889
16551,1181.2343658171994,1181.23436582,1181.2343658171994
16552,1567.7121330871732,1567.71213309,1567.7121330871732
16553,9305.456241216501,9305.45624122,9305.456241216501
16554,1696.2856662737802,1696.28566627,1696.2856662737802
16555,1239.573310384803,1239.57331038,1239.573310384803
16556,7044.152913557518,7044.15291356,7044.152913557518
16557,3674.5104139098953,3674.51041391,3674.5104139098953
16558,1887.7300656405175,1887.73006564,1887.7300656405175
16559,451.2550223809587,451.255022381,451.2550223809587
16560,15626.517281168326,15626.5172812,15626.517281168326
16561,3064.4814702279355,3064.48147023,3064.4814702279355
16562,2866.8477906262997,2866.84779063,2866.8477906262997
16563,4475.7227017155865,4475.72270172,4475.7227017155865
16564,3637.551286592064,3637.55128659,3637.551286592064
16565,4590.29914620667,4590.29914621,4590.29914620667
16566,1375.9265118993142,1375.9265119,1375.9265118993142
16567,1353.1649629830576,1353.16496298,1353.1649629830576
16568,2569.330186494731,2569.33018649,2569.330186494731
16569,2953.2678941657286,2953.26789417,2953.2678941657286
16570,316.08211830051573,316.082118301,316.08211830051573
16571,5948.504951440367,5948.50495144,5948.504951440367
16572,4035.4783236689723,4035.47832367,4035.4783236689723
16573,6794.0798173781695,6794.07981738,6794.0798173781695
16574,7063.346609274125,7063.34660927,7063.346609274125
16575,4452.439383349627,4452.43938335,4452.439383349627
16576,5871.804114773407,5871.80411477,5871.804114773407
16577,1274.9109052134577,1274.91090521,1274.9109052134577
16578,394.77107975193945,394.771079752,394.77107975193945
16579,5032.992064038294,5032.99206404,5032.992064038294
16580,1240.0044739651182,1240.00447397,1240.0044739651182
16581,2438.7581426100573,2438.75814261,2438.7581426100573
16582,5720.030465627658,5720.03046563,5720.030465627658
16583,1473.5916218308712,1473.59162183,1473.5916218308712
16584,1257.3439177383527,1257.34391774,1257.3439177383527
16585,6097.307726077276,6097.30772608,6097.307726077276
16586,10285.36428177608,10285.3642818,10285.36428177608
16587,7214.764427944892,7214.76442794,7214.764427944892
16588,6260.454568871137,6260.45456887,6260.454568871137
16589,3735.226359802855,3735.2263598,3735.226359802855
16590,2200.8396140214654,2200.83961402,2200.8396140214654
16591,9940.358841937086,9940.35884194,9940.358841937086
16592,6224.048867712724,6224.04886771,6224.048867712724
16593,1239.1213526896856,1239.12135269,1239.1213526896856
16594,494.33468531741823,494.334685317,494.33468531741823
16595,895.8005871611244,895.800587161,895.8005871611244
16596,1303.474437342388,1303.47443734,1303.474437342388
16597,1634.6616102759308,1634.66161028,1634.6616102759308
16598,1615.3911964997935,1615.3911965,1615.3911964997935
16599,15154.369978624973,15154.3699786,15154.369978624973
16600,9383.497618152624,9383.49761815,9383.497618152624
16601,8251.629391988045,8251.62939199,8251.629391988045
16602,1548.2599577574645,1548.25995776,1548.2599577574645
16603,3389.3957649344034,3389.39576493,3389.3957649344034
16604,4307.775106589576,4307.77510659,4307.775106589576
16605,7652.450963341958,7652.45096334,7652.450963341958
16606,2047.8706236910693,2047.87062369,2047.8706236910693
16607,910.8035873722695,910.803587372,910.8035873722695
16608,1825.7340951749145,1825.73409517,1825.7340951749145
16609,6533.682821007176,6533.68282101,6533.682821007176
16610,1267.4788829979166,1267.478883,1267.4788829979166
16611,675.352249959587,675.35224996,675.352249959587
16612,4095.73983081733,4095.73983082,4095.73983081733
16613,8418.412565979475,8418.41256598,8418.412565979475
16614,428.80325791563837,428.803257916,428.80325791563837
16615,1994.1962665576257,1994.19626656,1994.1962665576257
16616,3574.641273137541,3574.64127314,3574.641273137541
16617,6631.930646368912,6631.93064637,6631.930646368912
16618,3081.466164235,3081.46616424,3081.466164235
16619,4092.3099139038263,4092.3099139,4092.3099139038263
16620,12649.60355441759,12649.6035544,12649.60355441759
16621,567.6839466413559,567.683946641,567.6839466413559
16622,5382.797225838283,5382.79722584,5382.797225838283
16623,2359.9151395193935,2359.91513952,2359.9151395193935
16624,15907.222015567539,15907.2220156,15907.222015567539
16625,12795.160408467322,12795.1604085,12795.160408467322
16626,5729.864197743549,5729.86419774,5729.864197743549
16627,3725.5825410732214,3725.58254107,3725.5825410732214
16628,2386.0024858014194,2386.0024858,2386.0024858014194
16629,982.6999066808401,982.699906681,982.6999066808401
16630,295.8316622390055,295.831662239,295.8316622390055
16631,1296.0992042834112,1296.09920428,1296.0992042834112
16632,1134.8686251257998,1134.86862513,1134.8686251257998
16633,3193.5215584943917,3193.52155849,3193.5215584943917
16634,25297.03875672429,25297.0387567,25297.03875672429
16635,4915.999775506767,4915.99977551,4915.999775506767
16636,6991.12057257102,6991.12057257,6991.12057257102
16637,4474.408512683597,4474.40851268,4474.408512683597
16638,890.1875712447131,890.187571245,890.1875712447131
16639,3585.526832100554,3585.5268321,3585.526832100554
16640,3038.909394601218,3038.9093946,3038.909394601218
16641,2548.1907925640016,2548.19079256,2548.1907925640016
16642,12791.411737773653,12791.4117378,12791.411737773653
16643,4689.660949002503,4689.660949,4689.660949002503
16644,1986.9793275589047,1986.97932756,1986.9793275589047
16645,2400.424098739951,2400.42409874,2400.424098739951
16646,424.7054510064808,424.705451006,424.7054510064808
16647,3979.436180470703,3979.43618047,3979.436180470703
16648,5594.0924189975085,5594.092419,5594.0924189975085
16649,8368.281222914471,8368.28122291,8368.281222914471
16650,9232.15863065278,9232.15863065,9232.15863065278
16651,7158.338340140388,7158.33834014,7158.338340140388
16652,2181.5065871042248,2181.5065871,2181.5065871042248
16653,2200.5377494042436,2200.5377494,2200.5377494042436
16654,5467.124140353651,5467.12414035,5467.124140353651
16655,2610.7890340463246,2610.78903405,2610.7890340463255
16656,523.6873066527091,523.687306653,523.6873066527091
16657,391.38769647668994,391.387696477,391.38769647668994
16658,9655.052522682014,9655.05252268,9655.052522682014
16659,2117.8503932633816,2117.85039326,2117.8503932633816
16660,6356.744538981826,6356.74453898,6356.744538981826
16661,2289.683389266326,2289.68338927,2289.683389266326
16662,856.1861050982836,856.186105098,856.1861050982836
16663,125.79801692268757,125.798016923,125.79801692268757
16664,1844.139511725085,1844.13951173,1844.139511725085
16665,10057.912710187811,10057.9127102,10057.912710187811
16666,74.01618777475848,74.0161877748,74.01618777475848
16667,1141.2232613649758,1141.22326136,1141.2232613649758
16668,659.8927522272738,659.892752227,659.8927522272738
16669,6093.139004587967,6093.13900459,6093.139004587967
16670,7688.500512436074,7688.50051244,7688.500512436074
16671,11898.048963660234,11898.0489637,11898.048963660234
16672,5793.11678994653,5793.11678995,5793.11678994653
16673,3732.0946316281807,3732.09463163,3732.0946316281807
16674,16807.60310114593,16807.6031011,16807.60310114593
16675,2313.7592790558374,2313.75927906,2313.7592790558374
16676,3972.2669580308257,3972.26695803,3972.2669580308257
16677,8536.668609504473,8536.6686095,8536.668609504473
16678,3930.625983916152,3930.62598392,3930.625983916152
16679,5049.332283063371,5049.33228306,5049.332283063371
16680,4485.354997216343,4485.35499722,4485.354997216343
16681,1834.1465061333063,1834.14650613,1834.1465061333063
16682,2879.268911702142,2879.2689117,2879.268911702142
16683,6114.766900225211,6114.76690023,6114.766900225211
16684,2942.510881230057,2942.51088123,2942.510881230057
16685,7928.210080707609,7928.21008071,7928.210080707609
16686,30250.203368777406,30250.2033688,30250.203368777406
16687,7182.705350341114,7182.70535034,7182.705350341114
16688,8096.966694030901,8096.96669403,8096.966694030901
16689,251.3196600578986,251.319660058,251.3196600578986
16690,7817.58433549711,7817.5843355,7817.58433549711
16691,23919.284859059793,23919.2848591,23919.284859059793
16692,638.5840515158343,638.584051516,638.5840515158343
16693,9406.382542355068,9406.38254236,9406.382542355068
16694,1520.3016855354429,1520.30168554,1520.3016855354429
16695,71.77914940510517,71.7791494051,71.77914940510517
16696,1051.9746714326448,1051.97467143,1051.9746714326448
16697,7369.917213112638,7369.91721311,7369.917213112638
16698,771.3894446618103,771.389444662,771.3894446618103
16699,674.1741278709617,674.174127871,674.1741278709617
16700,546.785986469187,546.785986469,546.785986469187
16701,3980.438009979124,3980.43800998,3980.438009979124
16702,449.8556061932096,449.855606193,449.8556061932096
16703,2536.418245415261,2536.41824542,2536.418245415261
16704,1853.4576335817321,1853.45763358,1853.4576335817321
16705,5038.387876202978,5038.3878762,5038.387876202978
16706,580.7960645192353,580.796064519,580.7960645192353
16707,4921.712067253078,4921.71206725,4921.712067253078
16708,1082.3144266069935,1082.31442661,1082.3144266069935
16709,4086.321236258387,4086.32123626,4086.321236258387
16710,2934.5342813297766,2934.53428133,2934.5342813297766
16711,1896.1279548865355,1896.12795489,1896.1279548865355
16712,1140.6199856401365,1140.61998564,1140.6199856401365
16713,1181.5652503607964,1181.56525036,1181.5652503607964
16714,3952.0903604309647,3952.09036043,3952.0903604309647
16715,1892.970568967105,1892.97056897,1892.970568967105
16716,658.2025180916075,658.202518092,658.2025180916075
16717,1794.3814658365259,1794.38146584,1794.3814658365259
16718,7215.906565866692,7215.90656587,7215.906565866692
16719,3679.1385252559057,3679.13852526,3679.1385252559057
16720,941.8257307609963,941.825730761,941.8257307609963
16721,353.81036498395554,353.810364984,353.81036498395554
16722,208.08021599579473,208.080215996,208.08021599579473
16723,1849.8897971000797,1849.8897971,1849.8897971000797
16724,27304.54767743937,27304.5476774,27304.54767743937
16725,135.08392176092664,135.083921761,135.08392176092664
16726,1191.3277558856958,1191.32775589,1191.3277558856958
16727,8664.479658464603,8664.47965846,8664.479658464603
16728,6447.572140574093,6447.57214057,6447.572140574093
16729,1792.022638058099,1792.02263806,1792.022638058099
16730,2767.488759622042,2767.48875962,2767.488759622042
16731,2305.7748128654057,2305.77481287,2305.7748128654057
16732,1869.2639143245074,1869.26391432,1869.2639143245074
16733,4880.68745995045,4880.68745995,4880.68745995045
16734,10452.38121244925,10452.3812124,10452.38121244925
16735,2046.1253482301074,2046.12534823,2046.1253482301074
16736,3016.1078193150233,3016.10781932,3016.1078193150233
16737,4255.669810985807,4255.66981099,4255.669810985807
16738,1291.062242940487,1291.06224294,1291.062242940487
16739,12367.124818695316,12367.1248187,12367.124818695316
16740,4993.9216006447205,4993.92160064,4993.9216006447205
16741,24833.260352998986,24833.260353,24833.260352998986
16742,6792.591636238399,6792.59163624,6792.591636238399
16743,5310.301022416591,5310.30102242,5310.301022416591
16744,1627.8631354575714,1627.86313546,1627.8631354575714
16745,5604.111955857349,5604.11195586,5604.111955857349
16746,685.6086592459422,685.608659246,685.6086592459422
16747,433.3099926123615,433.309992612,433.3099926123615
16748,4747.668971583442,4747.66897158,4747.668971583442
16749,3868.506377594139,3868.50637759,3868.506377594139
16750,1837.5211965110636,1837.52119651,1837.5211965110636
16751,38.12490253581201,38.1249025358,38.12490253581201
16752,3558.188099072705,3558.18809907,3558.188099072705
16753,3879.6890577890003,3879.68905779,3879.6890577890003
16754,4355.668502363982,4355.66850236,4355.668502363982
16755,1258.128871713477,1258.12887171,1258.128871713477
16756,2017.192869940773,2017.19286994,2017.192869940773
16757,225.64084061272428,225.640840613,225.64084061272428
16758,5600.517223077968,5600.51722308,5600.517223077968
16759,5395.89045219341,5395.89045219,5395.89045219341
16760,11236.127812265615,11236.1278123,11236.127812265615
16761,1010.8476089482782,1010.84760895,1010.8476089482782
16762,5550.75138751825,5550.75138752,5550.75138751825
16763,4804.06353334707,4804.06353335,4804.06353334707
16764,1432.2782231083158,1432.27822311,1432.2782231083158
16765,13199.494686690196,13199.4946867,13199.494686690196
16766,4732.428394624339,4732.42839462,4732.428394624339
16767,4892.800723418171,4892.80072342,4892.800723418171
16768,1357.115801705463,1357.11580171,1357.115801705463
16769,5553.78423681507,5553.78423682,5553.78423681507
16770,3740.466287082706,3740.46628708,3740.466287082706
16771,2953.7913305408265,2953.79133054,2953.7913305408265
16772,2080.1958635443752,2080.19586354,2080.1958635443752
16773,4325.479894504391,4325.4798945,4325.479894504391
16774,3343.596692818973,3343.59669282,3343.596692818973
16775,18892.259239909512,18892.2592399,18892.259239909512
16776,2093.251196070567,2093.25119607,2093.251196070567
16777,2885.9858255474987,2885.98582555,2885.9858255474987
16778,3768.265550988661,3768.26555099,3768.265550988661
16779,21373.833751969196,21373.833752,21373.833751969196
16780,6315.949933712836,6315.94993371,6315.949933712836
16781,633.7922965965142,633.792296597,633.7922965965142
16782,11049.783689682074,11049.7836897,11049.783689682074
16783,9224.258860421394,9224.25886042,9224.258860421394
16784,4587.726401263353,4587.72640126,4587.726401263353
16785,4033.152093483545,4033.15209348,4033.152093483545
16786,18197.94761352271,18197.9476135,18197.94761352271
16787,1937.6674611741923,1937.66746117,1937.6674611741923
16788,2905.7991067111975,2905.79910671,2905.7991067111975
16789,4480.6749518179395,4480.67495182,4480.6749518179395
16790,3153.1580415397784,3153.15804154,3153.1580415397784
16791,2959.4855455175034,2959.48554552,2959.4855455175034
16792,2270.279687256069,2270.27968726,2270.279687256069
16793,957.1177276799273,957.11772768,957.1177276799273
16794,728.1483599133054,728.148359913,728.1483599133054
16795,1545.3069594199858,1545.30695942,1545.3069594199858
16796,17715.871407611434,17715.8714076,17715.871407611434
16797,5892.501579569563,5892.50157957,5892.501579569563
16798,2004.7488026886545,2004.74880269,2004.7488026886545
16799,408.64481922016023,408.64481922,408.64481922016023
16800,1313.655709112206,1313.65570911,1313.655709112206
16801,1550.875602043276,1550.87560204,1550.875602043276
16802,1662.2728343974907,1662.2728344,1662.2728343974907
16803,2662.541680827774,2662.54168083,2662.541680827774
16804,758.3333464194577,758.333346419,758.3333464194577
16805,2089.852046917687,2089.85204692,2089.852046917687
16806,6356.139650242617,6356.13965024,6356.139650242617
16807,857.8618989842576,857.861898984,857.8618989842576
16808,8554.670489302802,8554.6704893,8554.670489302802
16809,6439.239067759846,6439.23906776,6439.239067759846
16810,1289.2211129078735,1289.22111291,1289.2211129078735
16811,606.3809557209805,606.380955721,606.3809557209805
16812,8560.849027468032,8560.84902747,8560.849027468032
16813,9567.200425520827,9567.20042552,9567.200425520827
16814,2483.0034438251364,2483.00344383,2483.0034438251364
16815,1669.9979764709942,1669.99797647,1669.9979764709942
16816,15463.08731325473,15463.0873133,15463.08731325473
16817,8400.350892885048,8400.35089289,8400.350892885048
16818,1286.3698328133842,1286.36983281,1286.3698328133842
16819,6461.238039226198,6461.23803923,6461.238039226198
16820,10022.310038450953,10022.3100385,10022.310038450953
16821,1626.3632068155457,1626.36320682,1626.3632068155457
16822,2087.5771604132497,2087.57716041,2087.5771604132497
16823,3763.4757360364524,3763.47573604,3763.4757360364524
16824,3640.3290477129576,3640.32904771,3640.3290477129576
16825,394.01716196168235,394.017161962,394.01716196168235
16826,9630.565130869943,9630.56513087,9630.565130869943
16827,101.46148562431019,101.461485624,101.46148562431019
16828,1511.4969960332733,1511.49699603,1511.4969960332733
16829,20543.392546439307,20543.3925464,20543.392546439307
16830,10155.945855379727,10155.9458554,10155.945855379727
16831,823.2938834938659,823.293883494,823.2938834938659
16832,2049.357226097257,2049.3572261,2049.357226097257
16833,3207.528710101691,3207.5287101,3207.528710101691
16834,3010.7650626706563,3010.76506267,3010.7650626706563
16835,1407.6226515620808,1407.62265156,1407.6226515620808
16836,4643.588056995129,4643.588057,4643.588056995129
16837,3269.3496499291045,3269.34964993,3269.3496499291045
16838,501.6865429055815,501.686542906,501.6865429055815
16839,5907.654969839536,5907.65496984,5907.654969839536
16840,2229.961963019944,2229.96196302,2229.961963019944
16841,670.5226321976099,670.522632198,670.5226321976099
16842,4730.88594579565,4730.8859458,4730.88594579565
16843,9984.544025688692,9984.54402569,9984.544025688692
16844,299.6462386653686,299.646238665,299.6462386653686
16845,1644.90453281607,1644.90453282,1644.90453281607
16846,4999.3584718870825,4999.35847189,4999.3584718870825
16847,1680.4760846661143,1680.47608467,1680.4760846661143
16848,3317.204712626431,3317.20471263,3317.204712626431
16849,1714.8918871085677,1714.89188711,1714.8918871085677
16850,3850.612822609745,3850.61282261,3850.612822609745
16851,1449.809881925939,1449.80988193,1449.809881925939
16852,1244.2593074001268,1244.2593074,1244.2593074001268
16853,243.25586645586026,243.255866456,243.25586645586026
16854,488.1923657734581,488.192365773,488.1923657734581
16855,8289.194750587583,8289.19475059,8289.194750587583
16856,3513.846416817362,3513.84641682,3513.846416817362
16857,3855.319207232426,3855.31920723,3855.319207232426
16858,544.5793644130836,544.579364413,544.5793644130836
16859,17459.933676358374,17459.9336764,17459.933676358374
16860,781.1573929937606,781.157392994,781.1573929937606
16861,5670.942166844031,5670.94216684,5670.942166844031
16862,3537.8108738056762,3537.81087381,3537.8108738056762
16863,2692.9114975400466,2692.91149754,2692.9114975400466
16864,165.67599385315634,165.675993853,165.67599385315634
16865,4945.93916121117,4945.93916121,4945.93916121117
16866,6612.559128928666,6612.55912893,6612.559128928666
16867,9013.408173703414,9013.4081737,9013.408173703414
16868,7742.405484529668,7742.40548453,7742.405484529668
16869,1413.5935420031808,1413.593542,1413.5935420031808
16870,753.0860819522613,753.086081952,753.0860819522613
16871,3957.482541398673,3957.4825414,3957.482541398673
16872,4884.050031417179,4884.05003142,4884.050031417179
16873,11410.723703224547,11410.7237032,11410.723703224547
16874,3180.7103774231355,3180.71037742,3180.7103774231355
16875,150.9603170896255,150.96031709,150.9603170896255
16876,450.8745320982438,450.874532098,450.8745320982438
16877,2217.588610996041,2217.588611,2217.588610996041
16878,1204.5294128979526,1204.5294129,1204.5294128979526
16879,3477.1652797926436,3477.16527979,3477.1652797926436
16880,3541.3094842315045,3541.30948423,3541.3094842315045
16881,1284.2601568941984,1284.26015689,1284.2601568941984
16882,4977.72770207419,4977.72770207,4977.72770207419
16883,459.98843155024286,459.98843155,459.98843155024286
16884,1150.5789349858505,1150.57893499,1150.5789349858505
16885,289.3564870539011,289.356487054,289.3564870539011
16886,12263.603029041527,12263.603029,12263.603029041527
16887,1437.9958385546918,1437.99583855,1437.9958385546918
16888,8346.478156028263,8346.47815603,8346.478156028263
16889,606.0572188844435,606.057218884,606.0572188844435
16890,1292.098753687545,1292.09875369,1292.098753687545
16891,792.0152078984692,792.015207898,792.0152078984692
16892,1516.1255377336038,1516.12553773,1516.1255377336038
16893,9178.689154370577,9178.68915437,9178.689154370577
16894,2809.4550573758306,2809.45505738,2809.4550573758306
16895,2570.1531800368944,2570.15318004,2570.1531800368944
16896,2862.37182752547,2862.37182753,2862.37182752547
16897,2556.384941800377,2556.3849418,2556.384941800377
16898,1965.7667189899628,1965.76671899,1965.7667189899628
16899,7934.364042720166,7934.36404272,7934.364042720166
16900,9975.577521629166,9975.57752163,9975.577521629166
16901,2407.05091449224,2407.05091449,2407.05091449224
16902,32.61003108330214,32.6100310833,32.61003108330214
16903,414.63819258943613,414.638192589,414.63819258943613
16904,2679.922594840343,2679.92259484,2679.922594840343
16905,4134.665712159998,4134.66571216,4134.665712159998
16906,7804.688741733702,7804.68874173,7804.688741733702
16907,5052.771118842535,5052.77111884,5052.771118842535
16908,20970.45275738937,20970.4527574,20970.45275738937
16909,2982.694285520735,2982.69428552,2982.694285520735
16910,17389.58773867993,17389.5877387,17389.58773867993
16911,15395.273411390237,15395.2734114,15395.273411390237
16912,1153.914166681835,1153.91416668,1153.914166681835
16913,3806.5672258701584,3806.56722587,3806.5672258701584
16914,1353.2123209770584,1353.21232098,1353.2123209770584
16915,2669.817244386001,2669.81724439,2669.817244386001
16916,2482.3416297430927,2482.34162974,2482.3416297430927
16917,5146.527158267097,5146.52715827,5146.527158267097
16918,411.8727538772183,411.872753877,411.8727538772183
16919,382.2294185032457,382.229418503,382.2294185032457
16920,4741.307361146776,4741.30736115,4741.307361146776
16921,650.7470593881025,650.747059388,650.7470593881025
16922,520.8719568231453,520.871956823,520.8719568231453
16923,12433.29445320401,12433.2944532,12433.29445320401
16924,24007.461755186305,24007.4617552,24007.461755186305
16925,3628.192230811726,3628.19223081,3628.192230811726
16926,281.5238958848123,281.523895885,281.5238958848123
16927,7035.191066682028,7035.19106668,7035.191066682028
16928,2555.7264205781476,2555.72642058,2555.7264205781476
16929,3093.6600177684745,3093.66001777,3093.6600177684745
16930,4007.6149137116454,4007.61491371,4007.6149137116454
16931,1704.0166982286496,1704.01669823,1704.0166982286496
16932,10067.259982050009,10067.2599821,10067.259982050009
16933,5324.7667928391775,5324.76679284,5324.7667928391775
16934,322.5258811293869,322.525881129,322.5258811293869
16935,981.6338909169643,981.633890917,981.6338909169643
16936,184.72229816000868,184.72229816,184.72229816000868
16937,8183.086361225101,8183.08636123,8183.086361225101
16938,13951.510745252244,13951.5107453,13951.510745252244
16939,5316.964050472299,5316.96405047,5316.964050472299
16940,6970.499688605108,6970.49968861,6970.499688605108
16941,2578.4581232238947,2578.45812322,2578.4581232238947
16942,214.46784724364943,214.467847244,214.46784724364943
16943,303.86897175397473,303.868971754,303.86897175397473
16944,2575.8765696908154,2575.87656969,2575.8765696908154
16945,818.7714804290613,818.771480429,818.7714804290613
16946,3765.9122156218373,3765.91221562,3765.9122156218373
16947,1150.5156064657708,1150.51560647,1150.5156064657708
16948,17123.701920716252,17123.7019207,17123.701920716252
16949,8247.601988304003,8247.6019883,8247.601988304003
16950,1294.3254738042124,1294.3254738,1294.3254738042124
16951,857.0749354519056,857.074935452,857.0749354519056
16952,3667.429225848022,3667.42922585,3667.429225848022
16953,5057.313041466409,5057.31304147,5057.313041466409
16954,4101.309532907221,4101.30953291,4101.309532907221
16955,2961.121218719645,2961.12121872,2961.121218719645
16956,1119.2134282090667,1119.21342821,1119.2134282090667
16957,1221.880955279588,1221.88095528,1221.880955279588
16958,5558.28125462078,5558.28125462,5558.28125462078
16959,4960.266921890187,4960.26692189,4960.266921890187
16960,1496.1107585448567,1496.11075854,1496.1107585448567
16961,8558.306016300434,8558.3060163,8558.306016300434
16962,6359.609423439132,6359.60942344,6359.609423439132
16963,1354.2418451222202,1354.24184512,1354.2418451222202
16964,281.86611432494215,281.866114325,281.86611432494215
16965,7127.907730871686,7127.90773087,7127.907730871686
16966,2606.6514305185756,2606.65143052,2606.6514305185756
16967,437.5907294137551,437.590729414,437.5907294137551
16968,3305.865824105512,3305.86582411,3305.865824105512
16969,4248.154075665768,4248.15407567,4248.154075665768
16970,750.6217278900032,750.62172789,750.6217278900032
16971,11521.566571973526,11521.566572,11521.566571973526
16972,1395.3962727429775,1395.39627274,1395.3962727429775
16973,1419.2113960783122,1419.21139608,1419.2113960783122
16974,4347.974847819089,4347.97484782,4347.974847819089
16975,10107.082258495262,10107.0822585,10107.082258495262
16976,3739.3462960881534,3739.34629609,3739.3462960881534
16977,891.514499001596,891.514499002,891.514499001596
16978,1013.3100570401693,1013.31005704,1013.3100570401693
16979,2214.2793879698506,2214.27938797,2214.2793879698506
16980,295.0645000302143,295.06450003,295.0645000302143
16981,4687.757677687378,4687.75767769,4687.757677687378
16982,3061.2595863806714,3061.25958638,3061.2595863806714
16983,921.5048119913405,921.504811991,921.5048119913405
16984,3431.7087235486506,3431.70872355,3431.7087235486506
16985,2086.271602519428,2086.27160252,2086.271602519428
16986,11012.950287807345,11012.9502878,11012.950287807345
16987,1377.2315454826626,1377.23154548,1377.2315454826626
16988,5394.758865071909,5394.75886507,5394.758865071909
16989,1623.4766727630752,1623.47667276,1623.4766727630752
16990,2174.8294802883615,2174.82948029,2174.8294802883615
16991,951.9280157567221,951.928015757,951.9280157567221
16992,3339.2252982777322,3339.22529828,3339.2252982777322
16993,7182.017873012115,7182.01787301,7182.017873012115
16994,11068.021699265906,11068.0216993,11068.021699265906
16995,9136.202531350435,9136.20253135,9136.202531350435
16996,3762.7138433560767,3762.71384336,3762.7138433560767
16997,2327.4689604648393,2327.46896046,2327.4689604648393
16998,4963.595457566242,4963.59545757,4963.595457566242
16999,5597.154171609576,5597.15417161,5597.154171609576
17000,3081.160197294539,3081.16019729,3081.160197294539
17001,3829.6881702610654,3829.68817026,3829.6881702610654
17002,503.60273071155933,503.602730712,503.60273071155933
17003,663.8826274888062,663.882627489,663.8826274888062
17004,642.2122311493557,642.212231149,642.2122311493557
17005,1267.6240340449176,1267.62403404,1267.6240340449176
17006,1728.8636865700958,1728.86368657,1728.8636865700962
17007,11322.866431167253,11322.8664312,11322.866431167253
