reachid,Str_Order,iso_pred,assignment_sum,assignment_rescale,assignment_norm,assignment_individuals
7,3,0.708654736,0,0,0,0
151,4,0.707849574,0,0,0,0
156,3,0.705511964,0,0,0,0
205,4,0.70775438,0,0,0,0
206,4,0.706804988,0,0,0,0
210,4,0.706789103,0,0,0,0
259,4,0.706433198,0,0,0,0
358,3,0.706828389,0,0,0,0
360,4,0.70693026,0,0,0,0
127,3,0.707182937,0,0,0,0
1244,3,0.706719267,0,0,0,0
1245,7,0.706969331,0,0,0,0
608,3,0.705630818,0,0,0,0
362,4,0.707002547,0,0,0,0
40,3,0.708571552,0,0,0,0
44,3,0.708555177,0,0,0,0
47,3,0.707193923,0,0,0,0
52,3,0.707493249,0,0,0,0
56,3,0.708325619,0,0,0,0
57,4,0.708480043,0,0,0,0
58,3,0.708330239,0,0,0,0
60,3,0.707442152,0,0,0,0
69,3,0.707417024,0,0,0,0
71,4,0.708371866,0,0,0,0
74,3,0.707382598,0,0,0,0
79,4,0.7071631,0,0,0,0
81,4,0.708205583,0,0,0,0
83,4,0.707148127,0,0,0,0
87,4,0.707134868,0,0,0,0
89,3,0.707289702,0,0,0,0
95,4,0.707117326,0,0,0,0
99,3,0.707271263,0,0,0,0
105,3,0.705357554,0,0,0,0
199,3,0.705653688,0,0,0,0
201,4,0.70777131,0,0,0,0
313,3,0.706834134,0,0,0,0
8,2,0.708556761,0,0,0,0
9,2,0.708339547,0,0,0,0
10,1,0.707894726,0,0,0,0
11,1,0.70588463,0,0,0,0
12,1,0.707800051,0,0,0,0
13,1,0.708501179,0,0,0,0
14,1,0.707162217,0,0,0,0
15,1,0.708403657,0,0,0,0
16,1,0.707226289,0,0,0,0
17,2,0.706431156,0,0,0,0
18,1,0.707216048,0,0,0,0
19,1,0.706945854,0,0,0,0
20,1,0.708409263,0,0,0,0
21,1,0.708362478,0,0,0,0
22,2,0.706589286,0,0,0,0
23,1,0.708407015,0,0,0,0
24,2,0.708403873,0,0,0,0
25,1,0.706488432,0,0,0,0
26,2,0.708384079,0,0,0,0
27,2,0.706616638,0,0,0,0
1,1,0.708639329,0,0,0,0
2,1,0.70866363,0,0,0,0
3,2,0.708707102,0,0,0,0
28,1,0.708377674,0,0,0,0
29,1,0.707953443,0,0,0,0
30,1,0.707047687,0,0,0,0
152,1,0.706910303,0,0,0,0
153,1,0.707293628,0,0,0,0
154,2,0.706164196,0,0,0,0
155,1,0.706903105,0,0,0,0
207,1,0.70687679,0,0,0,0
208,1,0.706857598,0,0,0,0
209,2,0.706857403,0,0,0,0
4,1,0.708552385,0,0,0,0
5,2,0.708682169,0,0,0,0
6,1,0.708558958,0,0,0,0
260,2,0.704751195,0,0,0,0
261,2,0.706834424,0,0,0,0
359,1,0.706871479,0,0,0,0
76,1,0.706972411,0,0,0,0
77,2,0.706969987,0,0,0,0
78,1,0.706905907,0,0,0,0
128,1,0.70649146,0,0,0,0
129,1,0.705615487,0,0,0,0
1162,2,0.706704745,0,0,0,0
1163,1,0.707324041,0,0,0,0
1164,1,0.706684951,0,0,0,0
1165,1,0.706660485,0,0,0,0
1166,2,0.706648144,0,0,0,0
1167,1,0.704428911,0,0,0,0
1243,2,0.70441594,0,0,0,0
607,1,0.706840511,0,0,0,0
609,1,0.706577524,0,0,0,0
361,1,0.706846676,0,0,0,0
363,1,0.706808328,0,0,0,0
31,2,0.706932952,0,0,0,0
32,2,0.707585838,0,0,0,0
33,1,0.707018141,0,0,0,0
34,1,0.708359274,0,0,0,0
35,2,0.708360576,0,0,0,0
36,1,0.70833946,0,0,0,0
37,1,0.706998007,0,0,0,0
38,1,0.708344558,0,0,0,0
39,2,0.708354913,0,0,0,0
41,1,0.70832986,0,0,0,0
42,2,0.707104999,0,0,0,0
43,1,0.708334502,0,0,0,0
45,1,0.704862588,0,0,0,0
46,1,0.707141889,0,0,0,0
48,1,0.707004399,0,0,0,0
49,2,0.708329016,0,0,0,0
50,1,0.705235194,0,0,0,0
51,1,0.708321022,0,0,0,0
53,1,0.707002028,0,0,0,0
54,2,0.70700306,0,0,0,0
55,1,0.706959286,0,0,0,0
59,1,0.706987738,0,0,0,0
61,1,0.705826955,0,0,0,0
62,2,0.708323908,0,0,0,0
63,1,0.705913432,0,0,0,0
64,2,0.708316272,0,0,0,0
65,1,0.708312962,0,0,0,0
66,1,0.706972727,0,0,0,0
67,1,0.706869081,0,0,0,0
68,1,0.706972588,0,0,0,0
70,1,0.706988704,0,0,0,0
72,1,0.70670948,0,0,0,0
73,2,0.706004656,0,0,0,0
75,1,0.706375005,0,0,0,0
80,1,0.707073235,0,0,0,0
82,2,0.70497922,0,0,0,0
84,1,0.708282683,0,0,0,0
85,1,0.707814445,0,0,0,0
86,2,0.70516355,0,0,0,0
88,2,0.707513775,0,0,0,0
90,1,0.70518026599999994,0,0,0,0
91,1,0.707821934,0,0,0,0
92,2,0.705093309,0,0,0,0
93,1,0.7060275,0,0,0,0
94,1,0.706699273,0,0,0,0
96,1,0.707117205,0,0,0,0
97,1,0.705603094,0,0,0,0
98,1,0.708243689,0,0,0,0
100,2,0.706229415,0,0,0,0
101,1,0.708248081,0,0,0,0
102,1,0.706687219,0,0,0,0
103,1,0.708227188,0,0,0,0
104,1,0.707723995,0,0,0,0
139,1,0.707212654,0,0,0,0
140,2,0.706913413,0,0,0,0
141,1,0.704642794,0,0,0,0
200,2,0.706873786,0,0,0,0
532,1,0.706722999,0,0,0,0
533,1,0.706807638,0,0,0,0
534,1,0.706827136,0,0,0,0
405,3,0.706815234,0,0,0,0
228,4,0.706326726,0,0,0,0
388,3,0.706825333,0,0,0,0
320,3,0.705697467,0,0,0,0
323,3,0.707010293,0,0,0,0
324,3,0.706998438,0,0,0,0
399,3,0.706816927,0,0,0,0
484,4,0.706514775,0,0,0,0
486,3,0.706753732,0,0,0,0
548,4,0.706511326,0,0,0,0
637,3,0.706451644,0,0,0,0
638,5,0.706962782,0,0,0,0
641,5,0.706954218,0,0,0,0
642,3,0.705606168,0,0,0,0
643,5,0.706958295,0,0,0,0
745,3,0.705709221,0,0,0,0
747,4,0.706077228,0,0,0,0
748,3,0.70509951,19.062651190166136,1.8435423230324618e-4,0.282388431908458,36.644828171845454
5599,6,0.705097997,18.258122926277096,1.7657366762858853e-4,0.270470390047478,35.09825420920506
11522,5,0.708202588,43.90068434101295,4.245619813601619e-4,0.6503316504664428,84.39188328288482
7473,5,0.707994739,41.68557426280414,4.0313972934172114e-4,0.6175176701207973,80.13369656017127
1642,7,0.707039628,0,0,0,0
1643,3,0.70621078,43.43223123334997,4.2003158775584363e-4,0.6433921257814486,83.49135882458006
1976,3,0.706096471,0,0,0,0
513,3,0.706800962,0,0,0,0
888,4,0.707127327,0,0,0,0
890,4,0.705878729,0,0,0,0
891,4,0.707136072,0,0,0,0
697,3,0.70681130700000006,0,0,0,0
698,5,0.706970836,0,0,0,0
699,3,0.705060619,17.359928525838743,1.6788726102648336e-4,0.2571648059627422,33.371622423278204
983,3,0.70462852,0,0,0,0
1075,4,0.707186265,0,0,0,0
1076,7,0.706976329,0,0,0,0
1083,7,0.708652216,0,0,0,0
1084,4,0.707103504,0,0,0,0
314,2,0.706839182,0,0,0,0
315,1,0.704933334,0,0,0,0
316,1,0.706824753,0,0,0,0
317,2,0.706846653,0,0,0,0
318,1,0.706825368,0,0,0,0
403,1,0.704461837,0,0,0,0
404,1,0.706754732,0,0,0,0
226,1,0.706880805,0,0,0,0
227,1,0.70696955,0,0,0,0
385,1,0.706800425,0,0,0,0
386,2,0.704856269,0,0,0,0
387,2,0.706837876,0,0,0,0
389,1,0.704854782,0,0,0,0
390,2,0.705023306,0,0,0,0
319,1,0.706810024,0,0,0,0
321,1,0.706826803,0,0,0,0
322,1,0.706854439,0,0,0,0
397,1,0.706854079,0,0,0,0
398,2,0.706863747,0,0,0,0
241,2,0.706969393,0,0,0,0
242,1,0.706626774,0,0,0,0
243,1,0.705824002,0,0,0,0
485,1,0.706806277,0,0,0,0
544,1,0.70673932800000006,0,0,0,0
545,1,0.70671623,0,0,0,0
546,2,0.706786412,0,0,0,0
547,1,0.7067808,0,0,0,0
549,1,0.706761625,0,0,0,0
328,1,0.706924354,0,0,0,0
329,1,0.706898474,0,0,0,0
330,1,0.706803852,0,0,0,0
636,1,0.706723031,0,0,0,0
639,1,0.706602196,0,0,0,0
640,1,0.704755993,0,0,0,0
746,1,0.706558514,0,0,0,0
749,1,0.70668338,0,0,0,0
750,2,0.706666752,0,0,0,0
751,2,0.706604881,0,0,0,0
752,1,0.706639943,0,0,0,0
5583,1,0.705522672,0,0,0,0
5584,1,0.707559477,0,0,0,0
5588,2,0.706792077,0,0,0,0
5589,1,0.70687385,0,0,0,0
5590,2,0.706760083,0,0,0,0
5597,2,0.705894158,0,0,0,0
5598,1,0.707427338,0,0,0,0
11507,2,0.709855333,0,0,0,0
11520,1,0.70816854,0,0,0,0
11521,1,0.706768489,0,0,0,0
1420,2,0.706756227,0,0,0,0
1421,1,0.706735498,0,0,0,0
1422,2,0.70674171,0,0,0,0
1423,2,0.706544297,0,0,0,0
7465,1,0.707536854,0,0,0,0
7466,2,0.705834519,0,0,0,0
7470,1,0.707793778,0,0,0,0
7471,2,0.70711658,0,0,0,0
7472,1,0.707168882,0,0,0,0
7474,2,0.707419691,0,0,0,0
7475,1,0.705116522,0,0,0,0
2159,1,0.706685862,0,0,0,0
2160,1,0.706745975,0,0,0,0
2212,1,0.706710993,0,0,0,0
2213,1,0.706707708,0,0,0,0
2214,1,0.707335945,0,0,0,0
1641,1,0.705683782,0,0,0,0
1919,2,0.707307729,0,0,0,0
1920,1,0.707298522,0,0,0,0
1975,1,0.706808897,0,0,0,0
1977,1,0.704800962,0,0,0,0
1737,1,0.706711138,0,0,0,0
1738,1,0.707307957,0,0,0,0
1739,1,0.706747858,0,0,0,0
500,2,0.706824056,0,0,0,0
501,2,0.706800146,0,0,0,0
502,1,0.706822571,0,0,0,0
503,1,0.706756984,0,0,0,0
504,1,0.706765368,0,0,0,0
163,1,0.705790918,0,0,0,0
164,2,0.705674695,0,0,0,0
165,1,0.70803286,0,0,0,0
508,2,0.706819084,0,0,0,0
509,1,0.706760648,0,0,0,0
510,1,0.706818323,0,0,0,0
511,2,0.706775313,0,0,0,0
512,1,0.706805366,0,0,0,0
514,1,0.706723087,0,0,0,0
515,1,0.705643769,0,0,0,0
887,1,0.706670454,0,0,0,0
889,1,0.706626155,0,0,0,0
811,1,0.707449468,0,0,0,0
812,1,0.70553865,0,0,0,0
813,2,0.706642514,0,0,0,0
693,2,0.706615436,0,0,0,0
700,1,0.70660125,0,0,0,0
701,1,0.706788358,0,0,0,0
702,1,0.706617572,0,0,0,0
703,1,0.706631955,0,0,0,0
982,2,0.70676935,0,0,0,0
984,1,0.706936594,0,0,0,0
991,2,0.706559121,0,0,0,0
992,2,0.706716474,0,0,0,0
993,1,0.705448454,0,0,0,0
1105,1,0.707117612,0,0,0,0
1106,1,0.704783003,0,0,0,0
1077,1,0.707279803,0,0,0,0
1078,1,0.704481583,0,0,0,0
1079,1,0.70670039,0,0,0,0
1080,2,0.705009509,0,0,0,0
1081,1,0.706715901,0,0,0,0
1082,1,0.706666245,0,0,0,0
1085,1,0.70734298,0,0,0,0
1086,2,0.70674407400000006,0,0,0,0
1087,2,0.704735413,0,0,0,0
1088,1,0.707219142,0,0,0,0
1090,6,0.706527896,0,0,0,0
536,3,0.70680255299999994,0,0,0,0
597,3,0.706804172,0,0,0,0
1275,3,0.706694115,0,0,0,0
1277,3,0.706620493,0,0,0,0
1280,6,0.706573059,0,0,0,0
11550,3,0.706691925,24.636746571692772,2.3826111359667962e-4,0.3649614191805273,47.360114594066395
12321,3,0.707051109,23.9666304245057,2.317804437970658e-4,0.3550345183463813,46.07192593531796
12322,3,0.707619073,41.94404773344661,4.056394172275085e-4,0.6213466190606131,80.63056951998078
1925,4,0.704685281,11.942452791029684,1.1549504285342008e-4,0.17691193544680647,22.957411648145722
2001,5,0.705067847,17.380554443720083,1.6808673355622918e-4,0.25747035216138375,33.411272375905895
2068,5,0.70509903,19.06103434378581,1.843385958385056e-4,0.2823644804281827,36.641720049203116
2069,6,0.706882668,0,0,0,0
5545,3,0.705551761,39.44228797567127,3.8144498619318564e-4,0.5842862958158428,75.82134568556428
10217,3,0.706440615,33.8196976526836,3.270691120186229e-4,0.5009949189379386,65.01283567238974
401,5,0.706754474,0,0,0,0
263,3,0.705677599,0,0,0,0
430,5,0.706973514,0,0,0,0
435,4,0.707626046,0,0,0,0
499,5,0.706970213,0,0,0,0
275,3,0.705697767,0,0,0,0
412,4,0.707658834,0,0,0,0
413,5,0.706811908,0,0,0,0
108,4,0.707090609,0,0,0,0
109,4,0.70709103,0,0,0,0
115,4,0.707064552,0,0,0,0
119,3,0.707197429,0,0,0,0
124,4,0.707048652,0,0,0,0
126,3,0.705502878,0,0,0,0
132,4,0.706979518,0,0,0,0
133,4,0.706984912,0,0,0,0
146,4,0.706927279,0,0,0,0
160,4,0.706908322,0,0,0,0
161,4,0.706894073,0,0,0,0
169,4,0.707833879,0,0,0,0
171,4,0.706879958,0,0,0,0
173,3,0.705972993,0,0,0,0
175,4,0.707786226,0,0,0,0
179,3,0.705526183,0,0,0,0
180,3,0.706102469,0,0,0,0
184,3,0.706095123,0,0,0,0
185,4,0.706820895,0,0,0,0
189,3,0.705891905,0,0,0,0
204,3,0.706406764,0,0,0,0
211,4,0.706310776,0,0,0,0
220,4,0.7067792,0,0,0,0
229,4,0.706748259,0,0,0,0
245,4,0.707742311,0,0,0,0
246,3,0.705674435,0,0,0,0
247,4,0.70773583,0,0,0,0
248,4,0.706373458,0,0,0,0
250,4,0.707028552,0,0,0,0
254,4,0.707724112,0,0,0,0
270,4,0.707718103,0,0,0,0
273,4,0.706451599,0,0,0,0
483,3,0.707021985,0,0,0,0
462,4,0.70654632,0,0,0,0
393,3,0.706820888,0,0,0,0
772,4,0.706377865,0,0,0,0
278,4,0.707707508,0,0,0,0
281,4,0.706718534,0,0,0,0
284,4,0.706676161,0,0,0,0
302,3,0.706842274,0,0,0,0
307,4,0.707695628,0,0,0,0
308,4,0.707677538,0,0,0,0
312,4,0.707010406,0,0,0,0
339,3,0.705704009,0,0,0,0
347,3,0.706833394,0,0,0,0
364,4,0.706998539,0,0,0,0
367,4,0.706929093,0,0,0,0
368,4,0.706920286,0,0,0,0
369,3,0.705710344,0,0,0,0
375,3,0.706991619,0,0,0,0
377,3,0.706939529,0,0,0,0
380,3,0.706824946,0,0,0,0
395,3,0.706989677,0,0,0,0
396,3,0.705733982,0,0,0,0
409,3,0.706988318,0,0,0,0
411,5,0.706810985,0,0,0,0
415,3,0.706796835,0,0,0,0
416,5,0.706759844,0,0,0,0
417,4,0.707645967,0,0,0,0
419,3,0.706812842,0,0,0,0
694,4,0.707576719,0,0,0,0
696,3,0.70680278,0,0,0,0
756,4,0.70610003,0,0,0,0
807,6,0.70652321,0,0,0,0
947,7,0.707001823,0,0,0,0
421,3,0.706794072,0,0,0,0
425,5,0.706807588,0,0,0,0
479,5,0.706971681,0,0,0,0
535,3,0.706800553,0,0,0,0
557,3,0.706651893,0,0,0,0
559,3,0.706658175,0,0,0,0
560,3,0.706804136,0,0,0,0
561,5,0.706961474,0,0,0,0
920,3,0.705890265,0,0,0,0
1140,4,0.705300074,23.13410975154184,2.2372916551422078e-4,0.3427018052822658,44.47154114592372
563,5,0.706962454,0,0,0,0
775,4,0.70630203,0,0,0,0
777,4,0.706425541,0,0,0,0
848,4,0.705909067,0,0,0,0
507,4,0.707613448,0,0,0,0
660,5,0.706965989,0,0,0,0
852,4,0.706083864,0,0,0,0
925,3,0.705880172,0,0,0,0
927,4,0.70583637,0,0,0,0
928,7,0.707010014,0,0,0,0
929,7,0.707021817,0,0,0,0
427,5,0.706813175,0,0,0,0
429,5,0.706973057,0,0,0,0
440,5,0.706976717,0,0,0,0
442,3,0.706808149,0,0,0,0
443,5,0.70696655,0,0,0,0
452,3,0.705736559,0,0,0,0
453,5,0.706971068,0,0,0,0
455,3,0.706623955,0,0,0,0
457,5,0.706971488,0,0,0,0
465,3,0.706805255,0,0,0,0
467,4,0.706526586,0,0,0,0
489,3,0.706804918,0,0,0,0
490,3,0.70679781,0,0,0,0
491,3,0.705634191,0,0,0,0
498,3,0.706803808,0,0,0,0
526,3,0.706553598,0,0,0,0
530,5,0.706962891,0,0,0,0
543,3,0.706807103,0,0,0,0
550,3,0.706783791,0,0,0,0
555,5,0.706959192,0,0,0,0
1089,1,0.707292696,0,0,0,0
537,1,0.706545643,0,0,0,0
595,2,0.706329176,0,0,0,0
596,1,0.706170992,0,0,0,0
598,2,0.706751174,0,0,0,0
599,1,0.706807775,0,0,0,0
600,1,0.706738577,0,0,0,0
1176,1,0.707262823,0,0,0,0
1177,1,0.704706607,0,0,0,0
1178,1,0.706652497,0,0,0,0
1179,1,0.706862598,0,0,0,0
1189,1,0.706682488,0,0,0,0
1190,1,0.707265441,0,0,0,0
1191,2,0.706544545,0,0,0,0
1192,2,0.706684297,0,0,0,0
1276,1,0.704459579,0,0,0,0
1278,2,0.706385294,0,0,0,0
1279,2,0.706720922,0,0,0,0
1281,1,0.706702911,0,0,0,0
1282,1,0.704639095,0,0,0,0
11543,2,0.708160509,0,0,0,0
11544,2,0.705539192,0,0,0,0
11545,1,0.707448384,0,0,0,0
11546,1,0.707773668,0,0,0,0
12323,2,0.706705323,0,0,0,0
1926,1,0.706726005,0,0,0,0
1999,1,0.704472405,0,0,0,0
2000,2,0.705247156,0,0,0,0
2070,1,0.706789768,0,0,0,0
5538,2,0.705591597,0,0,0,0
5539,1,0.707460894,0,0,0,0
5540,1,0.706897299,0,0,0,0
5541,2,0.706896328,0,0,0,0
5542,2,0.706747937,0,0,0,0
5543,2,0.707549768,0,0,0,0
5544,1,0.706823338,0,0,0,0
8758,1,0.707284856,0,0,0,0
8759,1,0.708194784,0,0,0,0
10212,2,0.704920145,0,0,0,0
10213,2,0.709695552,0,0,0,0
10214,2,0.70863626,0,0,0,0
10215,2,0.704768835,0,0,0,0
10216,2,0.708599954,0,0,0,0
400,2,0.706831359,0,0,0,0
402,2,0.706857819,0,0,0,0
193,2,0.705642147,0,0,0,0
194,1,0.705188046,0,0,0,0
195,2,0.706552974,0,0,0,0
262,1,0.706831131,0,0,0,0
264,2,0.706671533,0,0,0,0
431,1,0.706854208,0,0,0,0
432,1,0.70680786,0,0,0,0
433,1,0.706746577,0,0,0,0
434,2,0.706792515,0,0,0,0
166,2,0.70724375,0,0,0,0
167,1,0.704699236,0,0,0,0
168,2,0.706904251,0,0,0,0
223,1,0.706968787,0,0,0,0
224,2,0.706821136,0,0,0,0
225,1,0.706253171,0,0,0,0
274,1,0.706939683,0,0,0,0
276,1,0.706825755,0,0,0,0
292,2,0.706786982,0,0,0,0
293,1,0.705153495,0,0,0,0
294,2,0.70481932,0,0,0,0
414,1,0.706799597,0,0,0,0
106,1,0.707087692,0,0,0,0
107,1,0.705886467,0,0,0,0
110,2,0.707148245,0,0,0,0
111,2,0.705844604,0,0,0,0
112,1,0.706417367,0,0,0,0
113,2,0.706934017,0,0,0,0
114,1,0.706944377,0,0,0,0
116,2,0.707381026,0,0,0,0
117,1,0.707814887,0,0,0,0
118,1,0.705173396,0,0,0,0
120,2,0.706634192,0,0,0,0
121,1,0.707072561,0,0,0,0
122,1,0.706951797,0,0,0,0
123,1,0.707290999,0,0,0,0
125,1,0.706928283,0,0,0,0
130,1,0.70693122,0,0,0,0
131,1,0.706739264,0,0,0,0
134,2,0.706280335,0,0,0,0
135,2,0.707293394,0,0,0,0
136,1,0.707977975,0,0,0,0
137,2,0.705968001,0,0,0,0
138,1,0.706892238,0,0,0,0
142,2,0.707030928,0,0,0,0
143,1,0.706585793,0,0,0,0
144,1,0.706997007,0,0,0,0
145,1,0.706325322,0,0,0,0
147,1,0.706889685,0,0,0,0
148,1,0.706889366,0,0,0,0
149,1,0.706687315,0,0,0,0
150,1,0.70668029,0,0,0,0
157,2,0.706575814,0,0,0,0
158,1,0.706668703,0,0,0,0
159,1,0.708184613,0,0,0,0
162,2,0.707426383,0,0,0,0
170,1,0.706890238,0,0,0,0
172,1,0.706701354,0,0,0,0
174,1,0.70686313,0,0,0,0
176,1,0.70690017,0,0,0,0
177,1,0.706899687,0,0,0,0
178,1,0.706888198,0,0,0,0
181,1,0.70710759,0,0,0,0
182,1,0.707902929,0,0,0,0
183,2,0.707005306,0,0,0,0
186,1,0.706882022,0,0,0,0
187,1,0.706892181,0,0,0,0
188,1,0.705403145,0,0,0,0
190,1,0.706859199,0,0,0,0
191,1,0.706858519,0,0,0,0
192,2,0.706932759,0,0,0,0
196,2,0.706864042,0,0,0,0
197,2,0.706879954,0,0,0,0
198,1,0.707326818,0,0,0,0
202,1,0.706868869,0,0,0,0
203,1,0.706870008,0,0,0,0
212,1,0.706599064,0,0,0,0
213,1,0.706859952,0,0,0,0
214,1,0.706907238,0,0,0,0
215,1,0.706623402,0,0,0,0
216,1,0.706841432,0,0,0,0
217,1,0.706946434,0,0,0,0
218,1,0.70683987,0,0,0,0
219,2,0.706840307,0,0,0,0
221,1,0.70684349,0,0,0,0
222,1,0.706869857,0,0,0,0
230,1,0.706855818,0,0,0,0
231,2,0.706865095,0,0,0,0
232,1,0.706918171,0,0,0,0
233,1,0.706877102,0,0,0,0
234,1,0.706959263,0,0,0,0
235,2,0.704704625,0,0,0,0
236,1,0.706998672,0,0,0,0
237,1,0.706287247,0,0,0,0
238,1,0.706831535,0,0,0,0
239,2,0.706862193,0,0,0,0
240,1,0.706947255,0,0,0,0
244,1,0.706866182,0,0,0,0
249,1,0.706579744,0,0,0,0
251,1,0.706872198,0,0,0,0
252,1,0.706868468,0,0,0,0
253,1,0.706871032,0,0,0,0
255,2,0.706854655,0,0,0,0
256,1,0.706845555,0,0,0,0
257,1,0.706590296,0,0,0,0
258,1,0.706643451,0,0,0,0
265,1,0.706833622,0,0,0,0
266,2,0.706957009,0,0,0,0
267,2,0.706839419,0,0,0,0
268,2,0.706490784,0,0,0,0
269,1,0.706388587,0,0,0,0
271,1,0.706923779,0,0,0,0
272,1,0.706802377,0,0,0,0
481,2,0.706793558,0,0,0,0
482,1,0.70686611,0,0,0,0
460,1,0.706877106,0,0,0,0
461,1,0.706785676,0,0,0,0
1159,1,0.704714597,0,0,0,0
1160,2,0.706821414,0,0,0,0
1161,1,0.70735925,0,0,0,0
391,1,0.704468063,0,0,0,0
392,1,0.706823073,0,0,0,0
773,1,0.707236941,0,0,0,0
774,2,0.706611804,0,0,0,0
277,1,0.706857669,0,0,0,0
279,1,0.706790009,0,0,0,0
280,1,0.706846054,0,0,0,0
282,1,0.706808099,0,0,0,0
283,2,0.706846036,0,0,0,0
285,2,0.70682354,0,0,0,0
286,1,0.706860081,0,0,0,0
287,1,0.706896209,0,0,0,0
288,1,0.706903587,0,0,0,0
289,1,0.706794204,0,0,0,0
290,2,0.706911138,0,0,0,0
291,1,0.706883688,0,0,0,0
295,1,0.706794572,0,0,0,0
296,2,0.706823027,0,0,0,0
297,1,0.706616407,0,0,0,0
298,1,0.706835725,0,0,0,0
299,1,0.706939126,0,0,0,0
300,1,0.70683882,0,0,0,0
301,1,0.706623185,0,0,0,0
303,1,0.706785207,0,0,0,0
304,1,0.706840869,0,0,0,0
305,2,0.706926436,0,0,0,0
306,1,0.706823664,0,0,0,0
309,1,0.704705721,0,0,0,0
310,2,0.705503217,0,0,0,0
311,1,0.706815812,0,0,0,0
325,1,0.706937946,0,0,0,0
326,2,0.706851741,0,0,0,0
327,1,0.70685425,0,0,0,0
331,1,0.706863628,0,0,0,0
332,2,0.706932574,0,0,0,0
333,2,0.70681642,0,0,0,0
334,2,0.706832572,0,0,0,0
335,1,0.70677429,0,0,0,0
336,2,0.705502623,0,0,0,0
338,1,0.706771242,0,0,0,0
340,1,0.706832818,0,0,0,0
341,2,0.705999692,0,0,0,0
342,2,0.706774618,0,0,0,0
343,2,0.706819516,0,0,0,0
344,1,0.705121482,0,0,0,0
345,1,0.706807146,0,0,0,0
346,1,0.706608103,0,0,0,0
348,2,0.706796828,0,0,0,0
349,1,0.706550803,0,0,0,0
350,2,0.70694936,0,0,0,0
351,1,0.706797909,0,0,0,0
352,2,0.706803182,0,0,0,0
353,1,0.706765889,0,0,0,0
354,1,0.706831673,0,0,0,0
355,1,0.706794399,0,0,0,0
356,2,0.70695688,0,0,0,0
357,2,0.706954735,0,0,0,0
365,1,0.706815754,0,0,0,0
366,2,0.706802448,0,0,0,0
370,2,0.706944449,0,0,0,0
371,1,0.706812894,0,0,0,0
372,1,0.706832809,0,0,0,0
373,1,0.706796906,0,0,0,0
374,1,0.70680535,0,0,0,0
376,1,0.706766565,0,0,0,0
378,2,0.705690091,0,0,0,0
379,1,0.70684393,0,0,0,0
381,2,0.706825578,0,0,0,0
382,1,0.706834321,0,0,0,0
383,2,0.706821472,0,0,0,0
384,2,0.706822869,0,0,0,0
394,1,0.706808136,0,0,0,0
406,1,0.706785326,0,0,0,0
407,2,0.706759034,0,0,0,0
408,2,0.706788872,0,0,0,0
410,2,0.706400151,0,0,0,0
418,1,0.706745927,0,0,0,0
420,1,0.706778094,0,0,0,0
601,1,0.706818138,0,0,0,0
602,2,0.706306941,0,0,0,0
603,1,0.706706774,0,0,0,0
695,1,0.705750354,0,0,0,0
754,1,0.706634755,0,0,0,0
755,2,0.706821724,0,0,0,0
805,1,0.706854877,0,0,0,0
806,1,0.706663942,0,0,0,0
946,1,0.706691346,0,0,0,0
954,1,0.706680172,0,0,0,0
1000,1,0.706661438,0,0,0,0
1001,2,0.705324172,0,0,0,0
1047,1,0.70675526,0,0,0,0
422,1,0.705286871,0,0,0,0
423,1,0.706890294,0,0,0,0
424,2,0.706788602,0,0,0,0
426,1,0.706802445,0,0,0,0
478,1,0.706739163,0,0,0,0
480,2,0.706877709,0,0,0,0
649,2,0.706591866,0,0,0,0
650,1,0.705896992,0,0,0,0
651,1,0.706696226,0,0,0,0
556,1,0.706745887,0,0,0,0
558,1,0.705520737,0,0,0,0
583,1,0.706391137,0,0,0,0
584,1,0.706766279,0,0,0,0
585,2,0.706722905,0,0,0,0
586,1,0.706740328,0,0,0,0
587,1,0.704955095,0,0,0,0
588,1,0.706836076,0,0,0,0
919,1,0.706659731,0,0,0,0
921,2,0.706545725,0,0,0,0
1144,1,0.704495291,0,0,0,0
1145,2,0.706850356,0,0,0,0
1146,2,0.706737189,0,0,0,0
1048,2,0.70471162,0,0,0,0
1049,1,0.706752084,0,0,0,0
1050,1,0.706700338,0,0,0,0
1051,1,0.707108954,0,0,0,0
1052,2,0.706517831,0,0,0,0
1131,1,0.707256118,0,0,0,0
1138,1,0.707221707,0,0,0,0
1139,1,0.706138931,0,0,0,0
562,2,0.706746796,0,0,0,0
564,1,0.706744649,0,0,0,0
610,2,0.70640965,0,0,0,0
611,1,0.706912148,0,0,0,0
612,2,0.706405831,0,0,0,0
721,2,0.704764556,0,0,0,0
722,1,0.706717831,0,0,0,0
723,1,0.70665094,0,0,0,0
776,1,0.706633452,0,0,0,0
847,1,0.70672575,0,0,0,0
849,1,0.706578487,0,0,0,0
505,1,0.704471806,0,0,0,0
506,1,0.706743922,0,0,0,0
658,2,0.704524076,0,0,0,0
659,1,0.706583661,0,0,0,0
733,1,0.706651799,0,0,0,0
734,1,0.707015557,0,0,0,0
735,1,0.706618148,0,0,0,0
850,1,0.706520164,0,0,0,0
851,1,0.706681101,0,0,0,0
926,1,0.70671190800000006,0,0,0,0
930,2,0.704800974,0,0,0,0
934,2,0.706700184,0,0,0,0
935,1,0.706661725,0,0,0,0
936,1,0.706717993,0,0,0,0
428,1,0.706807786,0,0,0,0
436,2,0.707054644,0,0,0,0
437,1,0.706813681,0,0,0,0
438,1,0.706815201,0,0,0,0
439,1,0.706888068,0,0,0,0
441,1,0.707812509,0,0,0,0
444,1,0.706829792,0,0,0,0
445,1,0.704805564,0,0,0,0
446,2,0.705669011,0,0,0,0
447,1,0.706770497,0,0,0,0
448,2,0.706796902,0,0,0,0
449,1,0.706628884,0,0,0,0
450,1,0.706735526,0,0,0,0
451,2,0.706775773,0,0,0,0
454,1,0.706809185,0,0,0,0
456,1,0.706803136,0,0,0,0
458,1,0.706716317,0,0,0,0
459,1,0.706124751,0,0,0,0
463,1,0.706567541,0,0,0,0
464,1,0.706754074,0,0,0,0
466,2,0.704393356,0,0,0,0
468,2,0.706890084,0,0,0,0
469,1,0.705309633,0,0,0,0
470,1,0.706749975,0,0,0,0
471,1,0.706806328,0,0,0,0
472,1,0.707868513,0,0,0,0
473,2,0.706807248,0,0,0,0
474,1,0.706808585,0,0,0,0
475,1,0.706733403,0,0,0,0
476,1,0.706794838,0,0,0,0
477,1,0.706762558,0,0,0,0
487,2,0.706777423,0,0,0,0
488,2,0.70487866,0,0,0,0
492,1,0.706870318,0,0,0,0
493,2,0.706183442,0,0,0,0
494,1,0.706799347,0,0,0,0
495,1,0.70671563,0,0,0,0
496,1,0.706760647,0,0,0,0
497,1,0.706838726,0,0,0,0
516,2,0.704683272,0,0,0,0
517,2,0.706766613,0,0,0,0
518,2,0.706793538,0,0,0,0
519,1,0.706562353,0,0,0,0
520,1,0.706194582,0,0,0,0
521,1,0.706808,0,0,0,0
522,2,0.706771095,0,0,0,0
523,1,0.706749899,0,0,0,0
524,1,0.706790569,0,0,0,0
525,2,0.706765538,0,0,0,0
527,2,0.706725032,0,0,0,0
528,2,0.706743266,0,0,0,0
529,1,0.706759262,0,0,0,0
531,1,0.70679441,0,0,0,0
538,2,0.706762709,0,0,0,0
539,1,0.705170678,0,0,0,0
540,2,0.706750681,0,0,0,0
541,1,0.706809307,0,0,0,0
542,2,0.70494971,0,0,0,0
551,2,0.706453465,0,0,0,0
552,2,0.706803963,0,0,0,0
553,1,0.706813451,0,0,0,0
554,1,0.706716335,0,0,0,0
565,3,0.706377718,0,0,0,0
566,3,0.706645834,0,0,0,0
570,3,0.706804393,0,0,0,0
673,3,0.705671818,0,0,0,0
674,5,0.706971045,0,0,0,0
730,3,0.70666159,0,0,0,0
794,5,0.705922187,0,0,0,0
795,4,0.706074272,0,0,0,0
861,3,0.706476944,0,0,0,0
931,4,0.705969071,0,0,0,0
578,3,0.706622748,0,0,0,0
579,5,0.70695816,0,0,0,0
604,4,0.707602795,0,0,0,0
815,4,0.706079581,0,0,0,0
948,7,0.707048355,0,0,0,0
949,4,0.705857453,0,0,0,0
950,4,0.707167312,0,0,0,0
951,3,0.70451102,0,0,0,0
627,3,0.706800888,0,0,0,0
632,5,0.706964764,0,0,0,0
644,3,0.705040949,15.710728154146397,1.519379019680532e-4,0.23273404330443492,30.201304525797806
645,3,0.706797157,0,0,0,0
647,5,0.706970412,0,0,0,0
667,3,0.706799845,0,0,0,0
672,3,0.706795922,0,0,0,0
684,3,0.705051298,16.532105950477725,1.5988141788108158e-4,0.24490168911595164,31.780268957894112
687,4,0.707580939,0,0,0,0
704,3,0.705682927,0,0,0,0
707,3,0.7056763,0,0,0,0
708,4,0.707574073,0,0,0,0
710,3,0.705675341,0,0,0,0
712,3,0.70568905,0,0,0,0
714,5,0.706983116,0,0,0,0
724,4,0.706096105,0,0,0,0
725,3,0.705693618,0,0,0,0
726,4,0.707441931,0,0,0,0
740,3,0.705707177,0,0,0,0
741,3,0.706658926,0,0,0,0
743,4,0.707427656,0,0,0,0
753,3,0.706393375,0,0,0,0
758,4,0.706102942,0,0,0,0
759,3,0.706443392,0,0,0,0
760,8,0.708499273,0,0,0,0
761,4,0.706435546,0,0,0,0
1022,7,0.706982643,0,0,0,0
768,4,0.706098256,0,0,0,0
782,4,0.706105085,0,0,0,0
785,3,0.706608156,0,0,0,0
787,4,0.706100718,0,0,0,0
788,4,0.706250484,0,0,0,0
798,6,0.706507747,0,0,0,0
800,3,0.705839555,0,0,0,0
809,4,0.705929706,0,0,0,0
810,3,0.705722839,0,0,0,0
818,4,0.705901592,0,0,0,0
822,4,0.706095235,0,0,0,0
823,4,0.706073521,0,0,0,0
825,4,0.705893707,0,0,0,0
827,4,0.705905484,0,0,0,0
828,3,0.705770954,0,0,0,0
829,4,0.705921926,0,0,0,0
830,6,0.706338834,0,0,0,0
832,3,0.705884353,0,0,0,0
834,4,0.705914467,0,0,0,0
836,5,0.705924083,0,0,0,0
837,3,0.707305682,0,0,0,0
840,4,0.706068083,0,0,0,0
841,4,0.705906677,0,0,0,0
842,3,0.706008364,0,0,0,0
843,3,0.705761471,0,0,0,0
955,3,0.704497147,0,0,0,0
956,4,0.707153141,0,0,0,0
854,5,0.705926203,0,0,0,0
855,4,0.705995608,0,0,0,0
862,6,0.70632138,0,0,0,0
864,7,0.708614401,0,0,0,0
870,4,0.705890288,0,0,0,0
873,4,0.705982008,0,0,0,0
898,4,0.70585463,0,0,0,0
900,4,0.70586816,0,0,0,0
901,4,0.706079601,0,0,0,0
903,4,0.705961327,0,0,0,0
905,4,0.705851959,0,0,0,0
910,4,0.706071725,0,0,0,0
915,3,0.705869052,0,0,0,0
938,7,0.707035208,0,0,0,0
940,4,0.70584367,0,0,0,0
941,7,0.707087586,0,0,0,0
942,4,0.705861757,0,0,0,0
1063,7,0.708647779,0,0,0,0
4969,3,0.705697638,41.83950350368936,4.046283736414739e-4,0.6197979320069751,80.42960034221034
7421,5,0.707999191,41.66763089388601,4.029661996490863e-4,0.6172518624027944,80.09920336904749
12368,4,0.706942461,23.13873327969152,2.237738794930931e-4,0.3427702968499417,44.480429122360086
11514,3,0.708836696,55.22784093052509,5.341065161893684e-4,0.8181287714117176,106.16648864902551
1094,4,0.707106058,0,0,0,0
1185,5,0.704953405,13.19435668303163,1.2760216156556043e-4,0.19545726649419498,25.363992063032708
1187,3,0.706575471,0,0,0,0
1260,3,0.705485937,37.14358889976406,3.5921434790433794e-4,0.5502340529772536,71.40247279033687
945,3,0.704568329,0,0,0,0
959,4,0.707146315,0,0,0,0
1219,3,0.706593542,0,0,0,0
963,7,0.706997131,0,0,0,0
967,7,0.708632162,0,0,0,0
973,3,0.704489103,0,0,0,0
974,3,0.70448844,0,0,0,0
979,7,0.706993689,0,0,0,0
981,3,0.704911069,0,0,0,0
1107,3,0.706525655,27.126387996001696,2.623383486522948e-4,0.40184222504595796,52.14604291501124
1257,3,0.706954499,0,0,0,0
1352,3,0.706649997,0,0,0,0
1353,7,0.70867633,0,0,0,0
1434,3,0.706687751,0,0,0,0
995,7,0.708640973,0,0,0,0
997,6,0.706527492,0,0,0,0
1231,3,0.706761,0,0,0,0
1232,3,0.706606071,0,0,0,0
1298,3,0.70695481,0,0,0,0
1303,3,0.706628626,0,0,0,0
1304,3,0.705050015,16.528916936510196,1.5985057703864455e-4,0.24485444801372294,31.77413860027953
1006,4,0.707116786,0,0,0,0
1009,7,0.706987497,0,0,0,0
1011,7,0.708643802,0,0,0,0
1014,3,0.705165879,18.523152630098767,1.7913676061592735e-4,0.2743964610711126,35.607730454670346
1031,3,0.704499855,0,0,0,0
1033,4,0.707176437,0,0,0,0
1044,3,0.704742784,0,0,0,0
1092,3,0.704581287,0,0,0,0
1102,6,0.706535599,0,0,0,0
1117,3,0.706529809,27.91425323000159,2.69957765748244e-4,0.4135134257496247,53.66058492884145
1120,7,0.706967619,0,0,0,0
1123,7,0.708656479,0,0,0,0
567,1,0.70654955,0,0,0,0
568,1,0.706742541,0,0,0,0
569,1,0.70657311,0,0,0,0
571,1,0.706780004,0,0,0,0
572,1,0.706798356,0,0,0,0
573,2,0.706155905,0,0,0,0
574,2,0.706409505,0,0,0,0
575,1,0.704601107,0,0,0,0
576,2,0.707491469,0,0,0,0
675,1,0.706774054,0,0,0,0
731,1,0.706789616,0,0,0,0
732,1,0.706779596,0,0,0,0
793,1,0.707442729,0,0,0,0
859,2,0.705101445,0,0,0,0
860,1,0.706718301,0,0,0,0
932,1,0.70451869,0,0,0,0
933,1,0.70673447,0,0,0,0
985,1,0.706735144,0,0,0,0
986,2,0.706861417,0,0,0,0
987,2,0.706748732,0,0,0,0
988,2,0.706720733,0,0,0,0
989,1,0.706598098,0,0,0,0
990,1,0.706714684,0,0,0,0
577,1,0.704933635,0,0,0,0
580,1,0.707104916,0,0,0,0
581,2,0.70597583,0,0,0,0
582,1,0.706710464,0,0,0,0
589,1,0.706775438,0,0,0,0
590,1,0.706808767,0,0,0,0
591,1,0.706698265,0,0,0,0
592,2,0.706263572,0,0,0,0
593,1,0.706771341,0,0,0,0
594,1,0.706735267,0,0,0,0
605,1,0.706753062,0,0,0,0
606,2,0.705774455,0,0,0,0
763,2,0.705411461,0,0,0,0
764,1,0.706569879,0,0,0,0
765,1,0.706633677,0,0,0,0
886,1,0.707140341,0,0,0,0
814,1,0.70674771,0,0,0,0
816,1,0.70669119,0,0,0,0
952,2,0.706880085,0,0,0,0
953,1,0.704494475,0,0,0,0
613,2,0.706722925,0,0,0,0
614,2,0.706544132,0,0,0,0
615,1,0.706796085,0,0,0,0
616,2,0.706704462,0,0,0,0
617,2,0.706741481,0,0,0,0
618,1,0.70673675,0,0,0,0
619,1,0.706704386,0,0,0,0
620,1,0.704983006,0,0,0,0
621,1,0.704558679,0,0,0,0
622,1,0.706705912,0,0,0,0
623,2,0.706795385,0,0,0,0
624,2,0.706825767,0,0,0,0
625,1,0.706694859,0,0,0,0
626,1,0.706723945,0,0,0,0
628,1,0.706778236,0,0,0,0
629,2,0.706838424,0,0,0,0
630,1,0.706688692,0,0,0,0
631,2,0.706693744,0,0,0,0
633,1,0.706580674,0,0,0,0
634,1,0.70474651,0,0,0,0
635,2,0.706405171,0,0,0,0
646,1,0.705131489,0,0,0,0
648,2,0.706817854,0,0,0,0
652,1,0.70674331,0,0,0,0
653,1,0.70675844,0,0,0,0
654,1,0.70676187,0,0,0,0
655,1,0.706779047,0,0,0,0
656,2,0.705982387,0,0,0,0
657,2,0.706710426,0,0,0,0
661,1,0.704684108,0,0,0,0
662,2,0.706759408,0,0,0,0
663,1,0.706746266,0,0,0,0
664,1,0.706799715,0,0,0,0
665,2,0.706699531,0,0,0,0
666,1,0.706765714,0,0,0,0
668,1,0.707106498,0,0,0,0
669,2,0.704936856,0,0,0,0
670,1,0.705820792,0,0,0,0
671,1,0.706798469,0,0,0,0
676,1,0.705219124,0,0,0,0
677,1,0.706580326,0,0,0,0
678,1,0.706624516,0,0,0,0
679,1,0.704671635,0,0,0,0
680,2,0.704701663,0,0,0,0
681,1,0.706803475,0,0,0,0
682,1,0.706824515,0,0,0,0
683,2,0.706357993,0,0,0,0
685,1,0.704723254,0,0,0,0
686,1,0.706628074,0,0,0,0
688,1,0.706787854,0,0,0,0
689,1,0.706713044,0,0,0,0
690,1,0.706581297,0,0,0,0
691,1,0.706716064,0,0,0,0
692,1,0.706804415,0,0,0,0
705,2,0.706785606,0,0,0,0
706,1,0.706825946,0,0,0,0
709,1,0.706709541,0,0,0,0
711,2,0.706666003,0,0,0,0
713,1,0.706828194,0,0,0,0
715,1,0.706713718,0,0,0,0
716,1,0.705044383,0,0,0,0
717,1,0.706852363,0,0,0,0
718,2,0.706716793,0,0,0,0
719,1,0.706644351,0,0,0,0
720,1,0.706932652,0,0,0,0
727,2,0.706577122,0,0,0,0
728,1,0.706643697,0,0,0,0
729,2,0.706635138,0,0,0,0
736,2,0.706691063,0,0,0,0
737,1,0.70661435399999994,0,0,0,0
738,2,0.706637895,0,0,0,0
739,1,0.706583554,0,0,0,0
742,2,0.704420049,0,0,0,0
744,1,0.706663199,0,0,0,0
757,2,0.706578672,0,0,0,0
762,1,0.706762037,0,0,0,0
1015,1,0.704493588,0,0,0,0
1016,1,0.704482304,0,0,0,0
1017,1,0.706903929,0,0,0,0
1018,1,0.706712304,0,0,0,0
1019,2,0.706718375,0,0,0,0
1020,1,0.706749972,0,0,0,0
1021,1,0.706662335,0,0,0,0
1023,2,0.707247951,0,0,0,0
1171,1,0.706557116,0,0,0,0
1172,2,0.70674364,0,0,0,0
1173,2,0.707167541,0,0,0,0
1246,2,0.706447252,0,0,0,0
1247,2,0.706718671,0,0,0,0
1248,1,0.704431835,0,0,0,0
766,1,0.706736729,0,0,0,0
767,1,0.706821778,0,0,0,0
769,1,0.707429655,0,0,0,0
770,1,0.707460197,0,0,0,0
771,2,0.706961747,0,0,0,0
778,1,0.706856564,0,0,0,0
779,1,0.706646828,0,0,0,0
780,1,0.706845165,0,0,0,0
781,2,0.706851255,0,0,0,0
783,1,0.70515183,0,0,0,0
784,1,0.706929902,0,0,0,0
786,1,0.706488634,0,0,0,0
789,2,0.70562734,0,0,0,0
790,1,0.706741472,0,0,0,0
791,1,0.706878766,0,0,0,0
792,1,0.706725803,0,0,0,0
796,2,0.706838164,0,0,0,0
797,1,0.706649278,0,0,0,0
799,1,0.706629413,0,0,0,0
801,1,0.706719706,0,0,0,0
802,1,0.70448938,0,0,0,0
803,1,0.7071533,0,0,0,0
804,1,0.7044863,0,0,0,0
808,1,0.707197319,0,0,0,0
817,1,0.706721784,0,0,0,0
819,2,0.706687195,0,0,0,0
820,2,0.707139674,0,0,0,0
821,1,0.706741448,0,0,0,0
824,1,0.706750978,0,0,0,0
826,1,0.707152979,0,0,0,0
831,1,0.706799597,0,0,0,0
833,2,0.707439999,0,0,0,0
835,1,0.706775489,0,0,0,0
838,1,0.706671701,0,0,0,0
839,2,0.707447235,0,0,0,0
957,1,0.707101681,0,0,0,0
844,2,0.706678429,0,0,0,0
845,1,0.704714274,0,0,0,0
846,2,0.705280328,0,0,0,0
853,1,0.707210206,0,0,0,0
856,1,0.704498672,0,0,0,0
857,1,0.706737711,0,0,0,0
858,1,0.707126945,0,0,0,0
863,1,0.706581467,0,0,0,0
865,2,0.707439048,0,0,0,0
866,1,0.70672306,0,0,0,0
867,1,0.706887731,0,0,0,0
868,1,0.706777389,0,0,0,0
869,1,0.70713116,0,0,0,0
871,2,0.707134052,0,0,0,0
872,1,0.706857503,0,0,0,0
874,2,0.707130013,0,0,0,0
875,1,0.704487461,0,0,0,0
876,1,0.706734884,0,0,0,0
877,2,0.707127824,0,0,0,0
878,1,0.707123958,0,0,0,0
879,1,0.706729992,0,0,0,0
880,2,0.706506859,0,0,0,0
881,1,0.707204397,0,0,0,0
882,2,0.706683736,0,0,0,0
883,1,0.706783152,0,0,0,0
884,1,0.706862586,0,0,0,0
885,1,0.706679691,0,0,0,0
892,1,0.704474815,0,0,0,0
893,2,0.707399731,0,0,0,0
894,2,0.704440392,0,0,0,0
895,2,0.704457442,0,0,0,0
896,1,0.705014107,0,0,0,0
897,1,0.706894031,0,0,0,0
899,1,0.706659067,0,0,0,0
902,1,0.704477727,0,0,0,0
904,1,0.704514111,0,0,0,0
906,2,0.704469915,0,0,0,0
907,2,0.706802787,0,0,0,0
908,1,0.706910609,0,0,0,0
909,2,0.704458946,0,0,0,0
911,1,0.706621407,0,0,0,0
912,2,0.706677792,0,0,0,0
913,1,0.706700712,0,0,0,0
914,1,0.706722485,0,0,0,0
916,1,0.705656777,0,0,0,0
917,1,0.704733133,0,0,0,0
918,1,0.70714501,0,0,0,0
922,2,0.706855472,0,0,0,0
923,2,0.70684685,0,0,0,0
924,1,0.707156161,0,0,0,0
937,1,0.706636402,0,0,0,0
939,1,0.707442478,0,0,0,0
1064,1,0.704492311,0,0,0,0
1065,1,0.705393175,0,0,0,0
4970,2,0.70742053,0,0,0,0
12369,1,0.707188407,0,0,0,0
12370,1,0.706663702,0,0,0,0
12371,1,0.707573905,0,0,0,0
12372,1,0.707214244,0,0,0,0
12373,2,0.707241195,0,0,0,0
11515,2,0.706577231,0,0,0,0
11516,1,0.707475858,0,0,0,0
1093,2,0.707284621,0,0,0,0
1095,2,0.706758264,0,0,0,0
1096,2,0.706753682,0,0,0,0
1097,2,0.706787927,0,0,0,0
1098,2,0.704483103,0,0,0,0
1180,1,0.707436121,0,0,0,0
1181,2,0.705316252,0,0,0,0
1182,1,0.706633094,0,0,0,0
1183,1,0.704659403,0,0,0,0
1184,1,0.706634645,0,0,0,0
1186,1,0.704504055,0,0,0,0
1188,2,0.706950492,0,0,0,0
1258,2,0.706354563,0,0,0,0
1259,1,0.70668827,0,0,0,0
943,1,0.706655491,0,0,0,0
944,2,0.706590653,0,0,0,0
958,2,0.704481755,0,0,0,0
960,1,0.706446449,0,0,0,0
1066,1,0.706701838,0,0,0,0
1067,2,0.704731393,0,0,0,0
1068,1,0.706730822,0,0,0,0
1069,2,0.705020006,0,0,0,0
1070,1,0.705286784,0,0,0,0
1071,2,0.706490614,0,0,0,0
1141,1,0.705069995,0,0,0,0
1142,1,0.706685327,0,0,0,0
1143,1,0.706701179,0,0,0,0
1147,1,0.706739254,0,0,0,0
1148,1,0.706962717,0,0,0,0
1149,1,0.706726865,0,0,0,0
1220,1,0.706916502,0,0,0,0
1221,1,0.707140379,0,0,0,0
1222,1,0.706705349,0,0,0,0
1223,1,0.706978402,0,0,0,0
1224,1,0.706686887,0,0,0,0
961,1,0.705353276,0,0,0,0
962,2,0.704453481,0,0,0,0
964,2,0.706727229,0,0,0,0
965,1,0.707141364,0,0,0,0
966,2,0.704455599,0,0,0,0
968,1,0.706670175,0,0,0,0
969,1,0.706690108,0,0,0,0
970,2,0.706668522,0,0,0,0
971,1,0.706692698,0,0,0,0
972,1,0.707288256,0,0,0,0
975,1,0.704501495,0,0,0,0
976,1,0.706469917,0,0,0,0
977,2,0.706742578,0,0,0,0
978,1,0.706714323,0,0,0,0
980,1,0.70713016,0,0,0,0
1252,1,0.706884075,0,0,0,0
1253,1,0.706714729,0,0,0,0
1254,1,0.706625856,0,0,0,0
1255,2,0.705233264,0,0,0,0
1256,2,0.704785841,0,0,0,0
1351,2,0.706772571,0,0,0,0
1354,2,0.706808961,0,0,0,0
1355,1,0.706569954,0,0,0,0
1356,1,0.70675463,0,0,0,0
1429,1,0.707309122,0,0,0,0
1430,1,0.70470156,0,0,0,0
1431,1,0.706774364,0,0,0,0
1432,1,0.706782514,0,0,0,0
1433,2,0.706795499,0,0,0,0
994,1,0.707197288,0,0,0,0
996,1,0.706747365,0,0,0,0
998,1,0.706655015,0,0,0,0
999,1,0.706848282,0,0,0,0
1132,2,0.70665382,0,0,0,0
1133,2,0.704764328,0,0,0,0
1230,1,0.707210617,0,0,0,0
4935,2,0.7081111,0,0,0,0
1297,2,0.706651633,0,0,0,0
1299,1,0.706626338,0,0,0,0
1300,1,0.706744032,0,0,0,0
1301,1,0.707125943,0,0,0,0
1302,1,0.706674634,0,0,0,0
1002,1,0.707270321,0,0,0,0
1003,2,0.706730605,0,0,0,0
1004,2,0.706713624,0,0,0,0
1005,1,0.706810153,0,0,0,0
1007,2,0.706658677,0,0,0,0
1008,2,0.706723881,0,0,0,0
1010,2,0.706653634,0,0,0,0
1012,2,0.706707719,0,0,0,0
1013,2,0.706654893,0,0,0,0
1024,1,0.70670733,0,0,0,0
1025,2,0.706536548,0,0,0,0
1026,1,0.706869038,0,0,0,0
1027,1,0.706710606,0,0,0,0
1028,1,0.70671511,0,0,0,0
1029,1,0.705726811,0,0,0,0
1030,1,0.706723542,0,0,0,0
1032,2,0.707155052,0,0,0,0
1034,1,0.706717396,0,0,0,0
1035,1,0.706662731,0,0,0,0
1036,1,0.706690865,0,0,0,0
1037,1,0.706806988,0,0,0,0
1038,1,0.706642771,0,0,0,0
1039,2,0.706876606,0,0,0,0
1040,1,0.704483471,0,0,0,0
1041,1,0.706910922,0,0,0,0
1042,1,0.707133823,0,0,0,0
1043,2,0.706648256,0,0,0,0
1045,1,0.707340612,0,0,0,0
1046,2,0.704835324,0,0,0,0
1053,1,0.706736939,0,0,0,0
1054,1,0.706602031,0,0,0,0
1055,1,0.706943386,0,0,0,0
1056,1,0.706833374,0,0,0,0
1057,1,0.706642971,0,0,0,0
1058,2,0.706705938,0,0,0,0
1059,1,0.704516622,0,0,0,0
1060,2,0.706551865,0,0,0,0
1061,2,0.704697101,0,0,0,0
1062,2,0.706832953,0,0,0,0
1072,1,0.706661353,0,0,0,0
1073,2,0.707269048,0,0,0,0
1074,1,0.704498601,0,0,0,0
1091,1,0.706667858,0,0,0,0
1099,1,0.706611761,0,0,0,0
1100,2,0.70656693,0,0,0,0
1101,1,0.706759653,0,0,0,0
1103,2,0.705096588,0,0,0,0
1104,1,0.706730213,0,0,0,0
1108,1,0.707429394,0,0,0,0
1109,2,0.707234739,0,0,0,0
1110,1,0.706627289,0,0,0,0
1111,1,0.706629093,0,0,0,0
1112,2,0.707111622,0,0,0,0
1113,2,0.704905875,0,0,0,0
1114,2,0.706734516,0,0,0,0
1115,2,0.704627228,0,0,0,0
1116,1,0.706661251,0,0,0,0
1118,1,0.707294886,0,0,0,0
1119,2,0.707250451,0,0,0,0
1121,1,0.706615497,0,0,0,0
1122,1,0.706854153,0,0,0,0
1124,2,0.707119983,0,0,0,0
1308,3,0.707135833,0,0,0,0
1175,5,0.704946838,12.392266111165064,1.1984517172511192e-4,0.18357533587612843,23.822104164487396
1198,7,0.708663847,0,0,0,0
1202,6,0.706547817,0,0,0,0
1208,6,0.706556931,0,0,0,0
1216,7,0.706963886,0,0,0,0
1225,6,0.706555871,0,0,0,0
1227,3,0.706709522,0,0,0,0
1228,3,0.706549913,0,0,0,0
1229,3,0.706706429,0,0,0,0
1233,5,0.704963082,13.196823351562722,1.2762601663056998e-4,0.1954938069864688,25.368733829724917
1239,3,0.706611601,0,0,0,0
1240,3,0.706604478,0,0,0,0
1250,3,0.705046357,15.721229777884316,1.520394628035754e-4,0.23288961122781873,30.2214921793179
1324,3,0.70663906,0,0,0,0
1325,3,0.706666759,0,0,0,0
4922,3,0.708203914,0,0,0,0
11509,5,0.709245371,61.89620645225565,5.985960456998413e-4,0.9169119503246977,118.98533038794027
12436,3,0.707039483,23.160331001492743,2.2398275030452656e-4,0.343090239062145,44.521947209031964
12438,7,0.709199393,62.799804336964,6.073347092091533e-4,0.930297580014561,120.72234948834023
12439,7,0.709187766,63.62368189535625,6.153024002335596e-4,0.9425022565560367,122.30611930402557
6310,5,0.707355425,31.149924561693204,3.012498299206898e-4,0.4614456962618662,59.880633692655195
6311,3,0.708280367,0,0,0,0
6315,3,0.708311834,0,0,0,0
8419,4,0.706513692,27.957557718292787,2.7037656193847835e-4,0.41415492552954286,53.74383072275909
8421,3,0.707184128,0,0,0,0
8423,3,0.707662245,0,0,0,0
8428,4,0.707381459,0,0,0,0
11749,5,0.709149083,65.24462734663412,6.309785069458267e-4,0.9665144592464807,125.42212173964975
11754,3,0.709168145,64.44580106918261,6.232530859823878e-4,0.9546808849127505,123.88650891306315
2111,3,0.706844723,0,0,0,0
2114,3,0.705110607,19.098263562168043,1.8469863830613713e-4,0.28291598297078596,36.7132871306641
2115,4,0.706797243,0,0,0,0
1333,5,0.704987229,13.21138517595581,1.2776684352448637e-4,0.19570952151195997,25.396726554736254
1337,6,0.706591919,0,0,0,0
11490,4,0.706293226,42.04614331562787,4.066267800285595e-4,0.6228590325790339,80.82683157339689
1261,4,0.707114542,0,0,0,0
1262,3,0.706697993,0,0,0,0
1263,3,0.704545552,8.298198705995778,8.02515891773137e-5,0.12292704183035102,15.951929387131353
1266,3,0.70713395,0,0,0,0
1285,3,0.70668129,0,0,0,0
1289,5,0.704969767,13.19739499312412,1.276315449560979e-4,0.1955022751141456,25.369832717103403
1294,7,0.706976487,0,0,0,0
1295,3,0.706676476,0,0,0,0
1770,3,0.704452058,4.9086671938451625,4.747154858607933e-5,0.07271553247249789,9.436109598649333
13434,3,0.710171699,13.844199278810736,1.3388676655925658e-4,0.20508384098159108,26.613208136049668
13436,4,0.707806262,42.656914168966054,4.1253352356895667e-4,0.6319068099217015,82.0009386138958
1345,4,0.704949768,13.192928564742418,1.2758835028358188e-4,0.1954361107755991,25.361246739268704
1435,3,0.706691185,0,0,0,0
1436,3,0.705532707,38.439557593079044,3.717476157673294e-4,0.5694321468550068,73.89376057653513
1310,3,0.706690922,0,0,0,0
1805,7,0.70870104,0,0,0,0
1809,3,0.706599181,25.455393968010164,2.461782239067607e-4,0.377088617660205,48.93383027884245
4958,4,0.705041009,15.71084845596194,1.5193906540269972e-4,0.2327358254196669,30.201535786356235
1312,6,0.706589705,0,0,0,0
1314,6,0.706587305,0,0,0,0
1315,6,0.706594272,0,0,0,0
1365,3,0.70677462,0,0,0,0
1447,3,0.707087682,0,0,0,0
1783,3,0.706837462,0,0,0,0
4951,3,0.705406618,31.689689691182853,3.064698795915593e-4,0.4694416159791655,60.9182438459326
4952,3,0.707704313,42.46326940564795,4.106607918421406e-4,0.6290382141259134,81.62868823762966
12335,5,0.708993464,63.804699097027815,6.170530112537654e-4,0.9451837914180322,122.65409525895596
12336,4,0.706622851,24.661313614438466,2.384987006070153e-4,0.3653253480280091,47.407340714458854
12337,7,0.708154063,0,0,0,0
1400,3,0.70429117,4.653629274388551,4.500508579553655e-5,0.06893747676376724,8.945840923921981
1401,3,0.706952998,0,0,0,0
7427,3,0.706316643,40.26420082821463,3.8939367661610904e-4,0.5964618677905774,77.40133867569045
11506,5,0.709277488,60.16472642709522,5.818509629932174e-4,0.8912623214085423,115.65684331801378
1424,3,0.706947543,0,0,0,0
1427,3,0.70662552,24.663837374176705,2.385231077990905e-4,0.36536273425240595,47.41219222965641
1440,7,0.706996221,0,0,0,0
1452,7,0.70701307,0,0,0,0
1453,3,0.704590998,9.224788216897023,8.921260389863224e-5,0.1366532626165347,17.733146127346725
1459,4,0.704620386,10.120040593330659,9.787055828958395e-5,0.14991526443471997,19.454122353453762
1756,3,0.704561477,8.341288196883301,8.06683061351839e-5,0.1235653567028247,16.034761883715046
1758,7,0.708697907,0,0,0,0
1760,3,0.706169978,43.74731142466178,4.2307871725550186e-4,0.648059629806065,84.09704894374512
1814,3,0.704526831,7.453000367215667,7.207770563218713e-5,0.1104065256042096,14.327173859332364
1817,3,0.704526147,7.451414902125716,7.206237265480713e-5,0.1103830389970147,14.324126062086632
1819,3,0.704485958,6.556941050823116,6.341194735314258e-5,0.09713257001803216,12.604646423173563
11535,3,0.707690122,42.40372435241142,4.100849337168795e-4,0.6281561314584174,81.51422261463901
12352,3,0.706956632,23.136863336845078,2.2375579534128924e-4,0.3427425960740686,44.476834463169425
1767,4,0.706846934,0,0,0,0
1772,5,0.705063036,17.366973652699983,1.6795539420171835e-4,0.2572691703718213,33.385165527052365
1775,4,0.706702954,0,0,0,0
1784,3,0.705371516,26.66242548557252,2.5785138345661506e-4,0.39496922272968016,51.2541508952052
1785,3,0.704527051,7.453509177342252,7.20826263171086e-5,0.11041406296574197,14.328151963556945
1787,4,0.706713566,0,0,0,0
1788,6,0.707243135,0,0,0,0
1789,3,0.704478872,5.742284125095903,5.553342874443829e-5,0.08506448518006647,11.038601765246977
1790,6,0.706964263,0,0,0,0
1793,3,0.70714471,0,0,0,0
4904,3,0.707659902,41.43800949891841,4.0074553917707965e-4,0.6138503195108496,79.65779380438484
4905,3,0.705694616,41.813831680101025,4.0438010233428593e-4,0.6194176372654399,80.38025046139535
4906,3,0.706584359,0,0,0,0
4910,3,0.70507944,17.410852634323106,1.6837974629685357e-4,0.25791918052469476,33.46951569041077
4912,3,0.705794884,42.41358302682969,4.101802766120401e-4,0.6283021749222514,81.53317430328165
4914,3,0.706584726,0,0,0,0
4930,3,0.706849034,0,0,0,0
4936,4,0.707815459,43.482599491338384,4.205186974155271e-4,0.6441382661398604,83.58818356007399
4937,7,0.708950812,0,0,0,0
4943,3,0.706910884,0,0,0,0
4944,3,0.707548347,38.16221220099229,3.690654181899341e-4,0.5653236348968791,73.36060943528595
13416,4,0.706548374,27.878392379436082,2.6961095671786334e-4,0.41298219379993023,53.591648310636565
1502,3,0.706550922,27.87399063242787,2.6956838757664594e-4,0.4129169876319682,53.58318667216022
4964,3,0.706834425,27.3827676908588,2.6481778770576204e-4,0.4056401574154709,52.638890933425145
4965,7,0.708952506,0,0,0,0
7433,7,0.708533911,0,0,0,0
1125,2,0.704493313,0,0,0,0
1126,2,0.707342497,0,0,0,0
1127,1,0.706782364,0,0,0,0
1128,1,0.704471113,0,0,0,0
1129,1,0.707322241,0,0,0,0
1130,1,0.706618651,0,0,0,0
1134,2,0.707216861,0,0,0,0
1135,1,0.707121434,0,0,0,0
1136,1,0.706666139,0,0,0,0
1137,1,0.704502055,0,0,0,0
1210,1,0.706765102,0,0,0,0
1211,2,0.706490318,0,0,0,0
1212,1,0.706641806,0,0,0,0
1213,1,0.706527439,0,0,0,0
1214,1,0.706735073,0,0,0,0
1215,2,0.706472426,0,0,0,0
1270,1,0.7072351,0,0,0,0
1271,1,0.706750278,0,0,0,0
1272,1,0.70673741,0,0,0,0
4933,1,0.707565162,0,0,0,0
4934,1,0.707956934,0,0,0,0
1305,1,0.707201616,0,0,0,0
1306,1,0.706637119,0,0,0,0
1307,1,0.706692546,0,0,0,0
1150,1,0.706646013,0,0,0,0
1151,2,0.704602081,0,0,0,0
1152,2,0.704598584,0,0,0,0
1153,1,0.706734654,0,0,0,0
1154,1,0.706747279,0,0,0,0
1155,1,0.706558067,0,0,0,0
1156,2,0.707255288,0,0,0,0
1157,1,0.706700062,0,0,0,0
1158,1,0.706656376,0,0,0,0
1168,1,0.707248068,0,0,0,0
1169,2,0.704498385,0,0,0,0
1170,2,0.706753599,0,0,0,0
1174,1,0.706648957,0,0,0,0
1193,2,0.706961256,0,0,0,0
1194,2,0.706712544,0,0,0,0
1195,1,0.706647931,0,0,0,0
1196,2,0.705309427,0,0,0,0
1197,2,0.707261771,0,0,0,0
1199,1,0.706759478,0,0,0,0
1200,1,0.706730063,0,0,0,0
1201,2,0.707260708,0,0,0,0
1203,2,0.706502362,0,0,0,0
1204,1,0.706725083,0,0,0,0
1205,1,0.707265784,0,0,0,0
1206,1,0.704689455,0,0,0,0
1207,1,0.704769149,0,0,0,0
1209,1,0.707369995,0,0,0,0
1217,1,0.706689655,0,0,0,0
1218,1,0.707181948,0,0,0,0
1226,1,0.707261056,0,0,0,0
1234,1,0.707264791,0,0,0,0
1235,1,0.704458123,0,0,0,0
1236,1,0.706562683,0,0,0,0
1237,1,0.70661458,0,0,0,0
1238,1,0.706677024,0,0,0,0
1241,1,0.704437402,0,0,0,0
1242,1,0.706638719,0,0,0,0
1249,1,0.707025263,0,0,0,0
1251,2,0.706436348,0,0,0,0
1326,1,0.706759931,0,0,0,0
1411,2,0.706787853,0,0,0,0
1412,2,0.706624645,0,0,0,0
1413,1,0.706674224,0,0,0,0
4921,1,0.70748858,0,0,0,0
4923,1,0.706763462,0,0,0,0
1330,1,0.706768673,0,0,0,0
11501,2,0.706704285,0,0,0,0
11502,1,0.706846009,0,0,0,0
11503,2,0.708154864,0,0,0,0
11504,1,0.707462284,0,0,0,0
11508,1,0.706485488,0,0,0,0
11510,1,0.70814584,0,0,0,0
11511,1,0.706606431,0,0,0,0
12435,1,0.706798274,0,0,0,0
12437,1,0.707976535,0,0,0,0
12440,1,0.706706403,0,0,0,0
12441,1,0.70734442,0,0,0,0
12442,1,0.708898099,0,0,0,0
6308,1,0.706894936,0,0,0,0
6309,1,0.707321656,0,0,0,0
6312,1,0.707737467,0,0,0,0
6313,2,0.708004962,0,0,0,0
6314,1,0.706999153,0,0,0,0
8418,1,0.70755224,0,0,0,0
8420,2,0.708183076,0,0,0,0
8422,1,0.707164599,0,0,0,0
8427,1,0.708253497,0,0,0,0
11750,1,0.708981795,0,0,0,0
11751,2,0.709330786,0,0,0,0
11752,1,0.706985471,0,0,0,0
11753,1,0.707225303,0,0,0,0
11755,2,0.706772064,0,0,0,0
11756,2,0.708908714,0,0,0,0
2109,1,0.705869277,0,0,0,0
2110,1,0.707362517,0,0,0,0
2112,1,0.707268886,0,0,0,0
2113,1,0.70685312,0,0,0,0
2119,1,0.706794269,0,0,0,0
1331,1,0.707317264,0,0,0,0
1332,2,0.70444988100000006,0,0,0,0
1334,1,0.707127104,0,0,0,0
1335,1,0.706673225,0,0,0,0
1336,1,0.706658688,0,0,0,0
1338,1,0.70658166,0,0,0,0
1339,1,0.706961262,0,0,0,0
1340,1,0.706776709,0,0,0,0
1341,1,0.706683785,0,0,0,0
1405,1,0.707336099,0,0,0,0
1406,2,0.707170925,0,0,0,0
1407,1,0.706703181,0,0,0,0
1408,2,0.704423285,0,0,0,0
1409,2,0.706642559,0,0,0,0
1410,2,0.70733267,0,0,0,0
1414,1,0.704416812,0,0,0,0
1415,1,0.706683337,0,0,0,0
1416,1,0.707257999,0,0,0,0
11491,1,0.70733254,0,0,0,0
11492,2,0.7080431,0,0,0,0
11493,1,0.708466194,0,0,0,0
11494,1,0.706797002,0,0,0,0
11495,1,0.708118455,0,0,0,0
12398,1,0.709157186,0,0,0,0
12399,1,0.706758235,0,0,0,0
12400,2,0.709549387,0,0,0,0
1264,2,0.706670754,0,0,0,0
1265,2,0.706656859,0,0,0,0
1267,1,0.706663841,0,0,0,0
1268,1,0.706931542,0,0,0,0
1269,1,0.7069477,0,0,0,0
1273,1,0.706888129,0,0,0,0
1274,1,0.70675512,0,0,0,0
1283,2,0.707033392,0,0,0,0
1284,2,0.70442159,0,0,0,0
1286,1,0.706988097,0,0,0,0
1287,1,0.706673026,0,0,0,0
1288,1,0.707023873,0,0,0,0
1290,1,0.706643767,0,0,0,0
1291,2,0.706734682,0,0,0,0
1292,1,0.706670454,0,0,0,0
1293,2,0.706655444,0,0,0,0
1296,2,0.706413116,0,0,0,0
1348,2,0.706642175,0,0,0,0
1349,2,0.706547178,0,0,0,0
1350,1,0.707137566,0,0,0,0
1769,1,0.707684022,0,0,0,0
1771,2,0.707394939,0,0,0,0
7467,2,0.706104395,0,0,0,0
7468,1,0.70803806,0,0,0,0
7469,1,0.707784636,0,0,0,0
11547,1,0.709690679,0,0,0,0
11548,2,0.709752295,0,0,0,0
11549,1,0.707114888,0,0,0,0
13435,1,0.70774912,0,0,0,0
1346,1,0.706652153,0,0,0,0
1347,2,0.706672068,0,0,0,0
1437,2,0.704421608,0,0,0,0
1309,1,0.707143238,0,0,0,0
1311,1,0.707330559,0,0,0,0
1381,2,0.706781068,0,0,0,0
1382,1,0.707095516,0,0,0,0
1383,2,0.706634096,0,0,0,0
1468,2,0.707324115,0,0,0,0
1469,1,0.706802955,0,0,0,0
1470,1,0.706970456,0,0,0,0
1799,1,0.707487326,0,0,0,0
1800,1,0.706850788,0,0,0,0
1801,1,0.706746515,0,0,0,0
1802,1,0.707680731,0,0,0,0
1803,1,0.706817874,0,0,0,0
1804,2,0.705939771,0,0,0,0
1806,1,0.706626775,0,0,0,0
1807,1,0.706830092,0,0,0,0
1808,1,0.706690374,0,0,0,0
1810,1,0.707097446,0,0,0,0
4957,2,0.706728971,0,0,0,0
4959,2,0.70673324,0,0,0,0
1313,2,0.704422029,0,0,0,0
1316,1,0.706541388,0,0,0,0
1317,2,0.707136716,0,0,0,0
1318,1,0.706504062,0,0,0,0
1319,1,0.706669235,0,0,0,0
1320,1,0.706553761,0,0,0,0
1321,1,0.706763866,0,0,0,0
1322,1,0.706671129,0,0,0,0
1323,1,0.707043854,0,0,0,0
1327,2,0.706662637,0,0,0,0
1328,2,0.707054077,0,0,0,0
1329,2,0.707133473,0,0,0,0
1342,1,0.706797655,0,0,0,0
1343,1,0.706667597,0,0,0,0
1344,1,0.706687341,0,0,0,0
1357,2,0.706684479,0,0,0,0
1358,2,0.706909506,0,0,0,0
1359,2,0.706766434,0,0,0,0
1360,2,0.706145289,0,0,0,0
1361,1,0.706585367,0,0,0,0
1362,1,0.70694729,0,0,0,0
1363,2,0.706679238,0,0,0,0
1364,1,0.706615649,0,0,0,0
1366,1,0.706698444,0,0,0,0
1367,2,0.706702381,0,0,0,0
1368,1,0.704459694,0,0,0,0
1369,2,0.706669038,0,0,0,0
1370,2,0.706763039,0,0,0,0
1371,1,0.707326621,0,0,0,0
1372,2,0.70663532,0,0,0,0
1373,1,0.704594065,0,0,0,0
1374,1,0.704478471,0,0,0,0
1448,2,0.705264427,0,0,0,0
1449,1,0.706634611,0,0,0,0
1778,1,0.706083745,0,0,0,0
1779,2,0.707005189,0,0,0,0
1780,1,0.704461991,0,0,0,0
1781,2,0.707680069,0,0,0,0
1782,2,0.707006529,0,0,0,0
4948,1,0.707954433,0,0,0,0
4949,1,0.70469278,0,0,0,0
4950,2,0.704872251,0,0,0,0
4953,2,0.705211749,0,0,0,0
1375,1,0.707255703,0,0,0,0
1376,2,0.706776926,0,0,0,0
1377,1,0.707333874,0,0,0,0
1378,1,0.706629491,0,0,0,0
1379,1,0.706978268,0,0,0,0
1380,1,0.706606188,0,0,0,0
1384,1,0.706717947,0,0,0,0
1385,1,0.706681025,0,0,0,0
1386,1,0.705843207,0,0,0,0
1387,1,0.704462267,0,0,0,0
1388,1,0.706598454,0,0,0,0
1389,1,0.706742727,0,0,0,0
1390,1,0.706662697,0,0,0,0
1391,1,0.706690144,0,0,0,0
1392,2,0.706759014,0,0,0,0
1393,2,0.70733427,0,0,0,0
1394,1,0.706697857,0,0,0,0
1395,1,0.706625184,0,0,0,0
1396,1,0.706739404,0,0,0,0
1397,2,0.706655168,0,0,0,0
1398,1,0.707190626,0,0,0,0
1399,1,0.706793488,0,0,0,0
1402,1,0.707362877,0,0,0,0
1403,2,0.706266749,0,0,0,0
1404,2,0.7044155,0,0,0,0
1417,2,0.706467631,0,0,0,0
1418,2,0.705283936,0,0,0,0
1419,1,0.706582566,0,0,0,0
1820,1,0.707329013,0,0,0,0
4901,1,0.707171198,0,0,0,0
11531,1,0.709864886,0,0,0,0
4927,2,0.707483786,0,0,0,0
4928,1,0.705479076,0,0,0,0
4929,1,0.70827193,0,0,0,0
7422,1,0.708038987,0,0,0,0
7423,1,0.707450939,0,0,0,0
7424,1,0.709058699,0,0,0,0
7425,1,0.707047343,0,0,0,0
7426,1,0.707540609,0,0,0,0
7479,2,0.705240844,0,0,0,0
7480,1,0.707519545,0,0,0,0
7481,1,0.706019241,0,0,0,0
11505,1,0.706878396,0,0,0,0
1425,1,0.707249615,0,0,0,0
1426,2,0.706743058,0,0,0,0
1428,1,0.706594856,0,0,0,0
1438,2,0.707330308,0,0,0,0
1439,1,0.706582821,0,0,0,0
1441,2,0.706745742,0,0,0,0
1442,2,0.706652163,0,0,0,0
1443,1,0.707346008,0,0,0,0
1444,2,0.706751312,0,0,0,0
1445,2,0.706241706,0,0,0,0
1446,1,0.706640962,0,0,0,0
1450,1,0.705875128,0,0,0,0
1451,2,0.704427299,0,0,0,0
1454,1,0.706729331,0,0,0,0
1455,1,0.706754791,0,0,0,0
1456,1,0.707154692,0,0,0,0
1457,2,0.707311985,0,0,0,0
1458,1,0.706682092,0,0,0,0
1460,1,0.70620879,0,0,0,0
1461,1,0.706696513,0,0,0,0
1462,1,0.704443706,0,0,0,0
1463,1,0.704647023,0,0,0,0
1464,1,0.706746927,0,0,0,0
1465,2,0.704712043,0,0,0,0
1466,2,0.70680341,0,0,0,0
1467,1,0.706742271,0,0,0,0
1751,1,0.707347581,0,0,0,0
1752,1,0.707677809,0,0,0,0
1753,2,0.704544769,0,0,0,0
1754,2,0.70724966,0,0,0,0
1755,1,0.706768728,0,0,0,0
1757,1,0.707246216,0,0,0,0
1759,1,0.706926935,0,0,0,0
1761,2,0.706783098,0,0,0,0
1813,1,0.704469919,0,0,0,0
1815,1,0.70768361,0,0,0,0
1816,1,0.70739019,0,0,0,0
1818,1,0.707290344,0,0,0,0
11532,1,0.706903198,0,0,0,0
11533,1,0.70689209,0,0,0,0
11534,1,0.707518489,0,0,0,0
11536,1,0.707404002,0,0,0,0
12351,1,0.705603112,0,0,0,0
12353,1,0.705952349,0,0,0,0
1762,2,0.707484704,0,0,0,0
1763,1,0.704445534,0,0,0,0
1764,1,0.706669545,0,0,0,0
1765,2,0.706717654,0,0,0,0
1766,2,0.706792927,0,0,0,0
1768,2,0.706753437,0,0,0,0
1773,2,0.706657032,0,0,0,0
1774,1,0.707183904,0,0,0,0
1776,1,0.704727427,0,0,0,0
1777,1,0.707029012,0,0,0,0
1786,2,0.706656905,0,0,0,0
1791,2,0.706766083,0,0,0,0
1792,2,0.706746996,0,0,0,0
1794,1,0.706728387,0,0,0,0
1795,2,0.706778708,0,0,0,0
1796,1,0.704472367,0,0,0,0
1797,2,0.707684784,0,0,0,0
1798,2,0.706774124,0,0,0,0
1811,1,0.707496642,0,0,0,0
1812,1,0.704448399,0,0,0,0
4902,1,0.706102492,0,0,0,0
4903,1,0.706809908,0,0,0,0
4907,2,0.707857418,0,0,0,0
4908,1,0.705471983,0,0,0,0
4909,2,0.707840355,0,0,0,0
4911,2,0.707147133,0,0,0,0
4913,2,0.707850606,0,0,0,0
4915,1,0.704831924,0,0,0,0
4916,2,0.70718495,0,0,0,0
4917,1,0.706879909,0,0,0,0
4918,2,0.707943816,0,0,0,0
4919,2,0.707699275,0,0,0,0
4920,1,0.705719766,0,0,0,0
4924,1,0.707839431,0,0,0,0
4925,2,0.705848609,0,0,0,0
4926,1,0.707133661,0,0,0,0
4931,1,0.706839819,0,0,0,0
4932,2,0.705761624,0,0,0,0
4938,1,0.706769554,0,0,0,0
4939,2,0.70673515,0,0,0,0
4940,2,0.707709524,0,0,0,0
4941,1,0.70509113,0,0,0,0
4942,2,0.704905803,0,0,0,0
4945,1,0.707730605,0,0,0,0
4946,2,0.704679989,0,0,0,0
4947,1,0.707199278,0,0,0,0
4954,1,0.706752409,0,0,0,0
4955,2,0.707873528,0,0,0,0
4956,1,0.707568884,0,0,0,0
4960,1,0.707878256,0,0,0,0
4961,2,0.707813866,0,0,0,0
4962,2,0.707561201,0,0,0,0
7446,1,0.70730091,0,0,0,0
7447,1,0.709067309,0,0,0,0
7448,1,0.707615528,0,0,0,0
1485,1,0.706596621,0,0,0,0
1486,1,0.706709503,0,0,0,0
1487,1,0.70727016,0,0,0,0
7482,1,0.705059277,0,0,0,0
7483,1,0.708288313,0,0,0,0
7484,2,0.707057624,0,0,0,0
13417,1,0.709691157,0,0,0,0
13418,2,0.706721885,0,0,0,0
2098,2,0.707353341,0,0,0,0
2099,2,0.706948451,0,0,0,0
2100,2,0.707728541,0,0,0,0
1734,1,0.707493315,0,0,0,0
1735,1,0.704455185,0,0,0,0
1736,1,0.704824876,0,0,0,0
1500,2,0.706638435,0,0,0,0
1501,1,0.706686711,0,0,0,0
4963,1,0.704920652,0,0,0,0
4966,1,0.706758832,0,0,0,0
4967,1,0.707568912,0,0,0,0
4968,1,0.70751841,0,0,0,0
7428,2,0.708878169,0,0,0,0
7429,1,0.708961496,0,0,0,0
7430,1,0.707046198,0,0,0,0
7431,1,0.707115498,0,0,0,0
7432,2,0.706223697,0,0,0,0
7434,1,0.708861656,0,0,0,0
7435,2,0.708046526,0,0,0,0
7440,5,0.70781397,43.4787952228351,4.2048190646801404e-4,0.6440819108403544,83.58087047627302
7441,3,0.707595005,0,0,0,0
7443,3,0.705897116,44.0506292241973,4.2601209307607644e-4,0.6525528892654284,84.68012778910402
7445,3,0.708837095,55.231879966054144,5.341455775605688e-4,0.8181886044799562,106.1742530340245
7453,3,0.708848684,56.144247190020664,5.429690490428441e-4,0.8317041405473365,107.9281297544423
7455,5,0.70803294,40.711231237613745,3.937168920554962e-4,0.6030840430098738,78.26068150143921
7461,5,0.706925426,23.95473629384016,2.316654160757963e-4,0.354858322240496,46.04906141505033
7463,5,0.706946002,22.337783966541124,2.1602792672573476e-4,0.3309052724982725,42.9407351069812
7464,3,0.70620737200000006,43.45539758132216,4.2025562869606116e-4,0.6437353051541209,83.53589233843086
7477,3,0.707290961,0,0,0,0
7478,3,0.705844727,43.30329268300023,4.187846275493703e-4,0.6414820685348156,83.24349555649853
13399,5,0.709352451,57.268498323027174,5.538416423916848e-4,0.8483584616779036,110.08931862476474
13401,3,0.705869784,44.09509212852516,4.264420922672468e-4,0.6532115494751749,84.76560044832972
11481,6,0.707481491,36.84622898402149,3.5633859056934775e-4,0.5458290518322768,70.83084700183153
11482,4,0.705974066,47.8830232962331,4.6307504197995935e-4,0.7093248325623684,92.04727839452444
11483,5,0.709224203,62.75554111138762,6.069066411041979e-4,0.9296418777863119,120.63726067884583
11500,5,0.70924007,62.71393194174175,6.065042402812318e-4,0.9290254919514093,120.55727385766156
11512,6,0.708388925,41.144026384654936,3.979024387709767e-4,0.6094953412963159,79.09265936426212
11517,5,0.709257427,61.05009432625766,0.00059041332495052105,0.9043778975271224,117.35881825371487
12329,3,0.706446865,33.78943930264144,3.267764845746678e-4,0.5005466807608191,64.95466894484501
12330,3,0.706845255,27.36398787081727,2.646361687235957e-4,0.4053619587598827,52.60278980186401
12375,3,0.709405932,56.72742484693058,5.486089397465829e-4,0.840343160504004,109.04919338918727
1590,4,0.704745821,12.955512492730621,1.2529230776276158e-4,0.19191909986161548,24.904853183235172
1591,4,0.704922598,13.19775125446563,1.276349903470594e-4,0.19550755266345263,25.37051757124639
1479,7,0.70868493,0,0,0,0
1482,7,0.707016446,0,0,0,0
1484,4,0.704935736,12.393492394296754,1.1985703106634802e-4,0.18359350166887042,23.824461493182262
11523,5,0.709234523,62.73134548874581,6.06672646084684e-4,0.9292834510455239,120.59074855283697
11527,5,0.70923353,62.7341376414487,6.066996488957242e-4,0.9293248131632876,120.59611600959867
11530,3,0.707584877,40.04940001473585,3.8731634546883287e-4,0.5932798725746011,76.98841925422178
11537,4,0.706275171,41.36839541270107,4.0007230378636386e-4,0.6128190771904846,79.52397211283069
12332,6,0.707310637,30.82720491645856,2.9812881952959055e-4,0.4566650236442569,59.26025797317483
12338,7,0.709186659,0,0,0,0
12342,3,0.706259231,43.081274817637045,4.16637500545979e-4,0.6381931620637202,82.81670253352642
12344,7,0.70918574,63.62696222137754,6.153341241516718e-4,0.9425508503278085,122.31242519412442
12346,7,0.708753899,53.51566912500355,5.175481625989181e-4,0.7927651687052626,102.87511847243735
12350,3,0.706879152,26.482260275513106,2.561090120174634e-4,0.39230030901743734,50.90781275475927
12354,4,0.706999227,24.7417589444357,2.3927668457713965e-4,0.36651704116479566,47.56198370013636
1491,4,0.704682049,11.930827842291881,1.1538261838115005e-4,0.17673972692175213,22.93506458609472
1492,3,0.705450735,35.22436938201571,3.4065364313739415e-4,0.5218033071854695,67.71308726099238
1495,4,0.704924801,13.196725057833618,1.2762506603535695e-4,0.1954923508924685,25.368544876112043
1497,3,0.707078536,0,0,0,0
1576,3,0.706696758,0,0,0,0
12359,7,0.709312036,57.574698843043166,5.568028969011059e-4,0.8528944248990884,110.67793902862043
12360,3,0.70939831,56.00809701051867,5.416523454233083e-4,0.8296872523763218,107.6664033091727
12383,4,0.706586705,25.45485758268026,2.4617303654301333e-4,0.3770806718078313,48.93279916580093
12386,3,0.70686969,26.504877490814668,2.563277423148476e-4,0.3926353537024305,50.951290650891515
12395,5,0.708977475,62.91595245020339,6.084579735461078e-4,0.9320181635388357,120.94562523365404
12403,3,0.707408714,0,0,0,0
12409,6,0.707300175,28.354649838856716,2.742168259348104e-4,0.4200373298252842,54.507175358366
12412,3,0.706182817,43.65104253155948,4.221477041605493e-4,0.6466335311226488,83.91198774680903
1656,3,0.706658869,0,0,0,0
1885,7,0.708709062,0,0,0,0
1924,3,0.705012496,14.844324538301773,1.4355894293080292e-4,0.21989939842542697,28.53578532212742
2072,5,0.705106807,19.08645059820933,1.845843955452478e-4,0.28274098924429875,36.690578640111084
12419,3,0.70628432,42.10726715050828,4.072179064958276e-4,0.6237645028471471,80.94433214580164
12421,3,0.706973319,23.942186654359418,2.3154404895172343e-4,0.354672415622438,46.024936786329874
12427,3,0.709400424,55.98575287683482,5.414362560886888e-4,0.8293562530410044,107.62345036777303
12428,4,0.707420626,0,0,0,0
12429,3,0.707465833,0,0,0,0
12430,4,0.706591845,25.455831561460705,2.4618245585770137e-4,0.3770951000391291,48.93467148065873
1542,3,0.704176298,4.357812347308742,4.2144250649886055e-5,0.06455533299285571,8.377181278680451
1848,3,0.705299844,23.133076712159603,2.2371917502652045e-4,0.3426865021448197,44.46955529672157
1970,3,0.706081818,0,0,0,0
1971,4,0.70498968,13.21397133291981,1.2779185415794745e-4,0.19574783207025787,25.401698018391848
12434,3,0.707443649,0,0,0,0
13371,3,0.709642334,39.56735760085642,3.826545301598379e-4,0.5861390399584641,76.06177157799162
13372,3,0.706029439,46.08913577439018,4.457264185577185e-4,0.6827507175948399,88.59882312239193
13390,4,0.709532927,53.36861177397276,5.161259761053723e-4,0.7905867049467893,102.59242477436928
13391,7,0.709433818,58.033304619400795,5.612380573091115e-4,0.8596880741537419,111.55953360356132
13392,5,0.709401474,55.974507034618725,5.413274979423182e-4,0.829189660486946,107.60183207598637
1509,3,0.707336115,0,0,0,0
1513,3,0.707345545,0,0,0,0
1514,3,0.705443755,33.56866296586705,3.246413643507945e-4,0.4972761659241223,64.53026255746482
1516,7,0.70702106,0,0,0,0
1587,3,0.706967684,0,0,0,0
1593,3,0.705063716,17.368928957955855,1.6797430389039537e-4,0.25729813568098003,33.388924281509446
13408,7,0.709445334,57.89460218414917,5.59896670913572e-4,0.8576333776269128,111.29290086417437
13413,3,0.706447807,33.78471164217232,3.2673076353577975e-4,0.5004766466080063,64.94558079106109
13431,3,0.707847373,41.9573704258104,4.057682605189499e-4,0.6215439774536236,80.65618021639374
13437,3,0.707901252,42.7653403198432,4.1358210907824113e-4,0.6335130025975587,82.2093701499183
13439,4,0.709552576,50.629236645846255,4.896335751429663e-4,0.7500064184418496,97.32642426546798
1611,7,0.707030547,0,0,0,0
1615,4,0.704891605,13.201543369587263,1.2767166375964408e-4,0.195563727926386,25.377807292159492
1616,3,0.704248449,4.5535438099044,4.403716277236295e-5,0.0674548405296694,8.753442992913673
1683,4,0.706697059,0,0,0,0
1685,3,0.706665976,0,0,0,0
1691,4,0.706702762,0,0,0,0
1506,6,0.706614901,0,0,0,0
1534,3,0.707353625,0,0,0,0
1538,3,0.707362054,0,0,0,0
1550,3,0.707393047,0,0,0,0
1555,5,0.705049642,16.527982251267538,1.5984153773038483e-4,0.24484060186517995,31.772341820819513
1558,6,0.706645575,0,0,0,0
1563,3,0.704598363,9.24595908989114,8.94173466701956e-5,0.13696688161775875,17.77384366702146
1570,3,0.70540973,32.514789371843875,3.144493897176421e-4,0.4816643966756004,62.504362991734595
1572,3,0.706601089,24.65592053033696,2.38446544279474e-4,0.36524545648787743,47.39697339260816
1574,3,0.707103507,0,0,0,0
1585,4,0.704734555,12.918832633153837,1.2493757812490528e-4,0.19137573535658517,24.83434215419992
1599,4,0.706985168,0,0,0,0
1706,3,0.70668304,0,0,0,0
1832,6,0.707253496,0,0,0,0
1937,4,0.705021487,15.667234499642767,1.5151727635800082e-4,0.23208974127263865,30.117695090785254
2012,5,0.706943206,0,0,0,0
1603,3,0.706797836,0,0,0,0
1622,3,0.706960455,0,0,0,0
1628,4,0.704595551,9.237964552380447,8.93400317778073e-5,0.13684845292235026,17.758475476601866
1629,3,0.704591443,9.226088667980399,8.922518051553259e-5,0.13667252711120256,17.735646031794474
1631,4,0.704810054,13.116925412846399,1.268533264623599e-4,0.1943102227409332,25.215143114229125
1638,4,0.704587369,9.214081131585445,8.910905605142411e-5,0.13649465104664948,17.712563507565775
1916,4,0.70674398,0,0,0,0
1912,5,0.705004976,14.034295035392304,1.357251759661694e-4,0.20789986284958878,26.978636127499357
1995,3,0.706811121,0,0,0,0
2134,3,0.70661069,24.658241832552893,2.3846899351193871e-4,0.3652798435668941,47.40143571634211
2135,3,0.706871315,0,0,0,0
2158,3,0.706238015,43.24953060732756,4.182646963976752e-4,0.6406856531729702,83.1401467617515
1651,3,0.706780422,0,0,0,0
1654,3,0.706696585,0,0,0,0
7436,1,0.707050261,0,0,0,0
7437,1,0.705065609,0,0,0,0
7438,2,0.707552702,0,0,0,0
7439,1,0.707054447,0,0,0,0
7442,1,0.70786337,0,0,0,0
7444,1,0.705083777,0,0,0,0
7449,1,0.708080853,0,0,0,0
7450,1,0.707441113,0,0,0,0
7451,2,0.707921235,0,0,0,0
7452,1,0.70746949,0,0,0,0
7454,2,0.707463869,0,0,0,0
7456,1,0.706549732,0,0,0,0
7457,1,0.707042259,0,0,0,0
7458,2,0.707464309,0,0,0,0
7459,1,0.705940711,0,0,0,0
7460,1,0.707141617,0,0,0,0
7462,1,0.707258708,0,0,0,0
7476,1,0.707071958,0,0,0,0
12443,2,0.706396371,0,0,0,0
12444,2,0.709461952,0,0,0,0
12445,1,0.707579408,0,0,0,0
13398,1,0.70895529,0,0,0,0
13400,1,0.705882402,0,0,0,0
13402,1,0.706683609,0,0,0,0
13403,1,0.70953491,0,0,0,0
7485,1,0.705836717,0,0,0,0
7486,2,0.707826807,0,0,0,0
7487,2,0.707244431,0,0,0,0
7488,2,0.70705425,0,0,0,0
7489,2,0.708233692,0,0,0,0
7490,2,0.70746307,0,0,0,0
11484,2,0.708129231,0,0,0,0
11485,1,0.709212645,0,0,0,0
11486,2,0.7066278,0,0,0,0
11487,2,0.70673616,0,0,0,0
11488,1,0.707487995,0,0,0,0
11489,1,0.707777753,0,0,0,0
11496,1,0.707495081,0,0,0,0
11497,2,0.7065758,0,0,0,0
11498,2,0.705535376,0,0,0,0
11499,1,0.708132292,0,0,0,0
11513,2,0.705451654,0,0,0,0
11518,1,0.707461327,0,0,0,0
11519,1,0.709022546,0,0,0,0
12331,1,0.709695619,0,0,0,0
12374,1,0.707329638,0,0,0,0
12376,1,0.707039171,0,0,0,0
12377,1,0.706710459,0,0,0,0
12378,2,0.706308236,0,0,0,0
12379,1,0.709808372,0,0,0,0
1592,2,0.706634682,0,0,0,0
1480,2,0.706686287,0,0,0,0
1481,1,0.706765463,0,0,0,0
1483,1,0.706677647,0,0,0,0
1488,1,0.706648204,0,0,0,0
1489,2,0.706645266,0,0,0,0
1490,1,0.704441102,0,0,0,0
11524,1,0.706908673,0,0,0,0
11525,2,0.707475357,0,0,0,0
11526,1,0.70893324,0,0,0,0
11528,1,0.706947817,0,0,0,0
11529,1,0.707384716,0,0,0,0
11538,1,0.709764186,0,0,0,0
11539,1,0.707340738,0,0,0,0
11540,1,0.706939383,0,0,0,0
11541,1,0.707109513,0,0,0,0
11542,2,0.70798391,0,0,0,0
12324,1,0.708014759,0,0,0,0
12325,2,0.709833205,0,0,0,0
12326,1,0.706785888,0,0,0,0
12327,1,0.705682871,0,0,0,0
12328,2,0.70706293,0,0,0,0
12333,2,0.708983661,0,0,0,0
12334,2,0.707890059,0,0,0,0
12339,1,0.707881258,0,0,0,0
12340,2,0.706340343,0,0,0,0
12341,2,0.707192526,0,0,0,0
12343,1,0.707187589,0,0,0,0
12345,1,0.706925442,0,0,0,0
12347,1,0.706564213,0,0,0,0
12348,1,0.706717764,0,0,0,0
12349,1,0.706471292,0,0,0,0
12355,1,0.709199434,0,0,0,0
12356,1,0.707177616,0,0,0,0
12387,1,0.706556879,0,0,0,0
12388,1,0.70664285,0,0,0,0
12389,1,0.707900605,0,0,0,0
13380,1,0.70688748,0,0,0,0
13381,1,0.705865036,0,0,0,0
13382,1,0.707473227,0,0,0,0
1493,2,0.704497645,0,0,0,0
1494,1,0.707123841,0,0,0,0
1496,1,0.704430202,0,0,0,0
1498,2,0.704500039,0,0,0,0
1499,1,0.704465248,0,0,0,0
1575,1,0.707352717,0,0,0,0
1577,2,0.704574364,0,0,0,0
1578,2,0.70666235,0,0,0,0
1579,1,0.70734689,0,0,0,0
1580,2,0.706643245,0,0,0,0
12357,1,0.709676907,0,0,0,0
12358,1,0.709071934,0,0,0,0
12361,2,0.709205799,0,0,0,0
12362,1,0.707664079,0,0,0,0
12363,1,0.705659511,0,0,0,0
12364,1,0.707186147,0,0,0,0
12365,2,0.706186462,0,0,0,0
12366,1,0.7066057,0,0,0,0
12367,1,0.707029018,0,0,0,0
12380,2,0.705819708,0,0,0,0
12381,2,0.709172975,0,0,0,0
12382,2,0.707028656,0,0,0,0
12384,2,0.709574354,0,0,0,0
12385,1,0.709401517,0,0,0,0
12390,1,0.709704153,0,0,0,0
12391,1,0.709682039,0,0,0,0
12392,2,0.709379775,0,0,0,0
12393,1,0.706972812,0,0,0,0
12394,1,0.707656869,0,0,0,0
12396,2,0.707791851,0,0,0,0
12397,1,0.705703345,0,0,0,0
12401,1,0.70914398,0,0,0,0
12402,1,0.709122847,0,0,0,0
12404,1,0.706813364,0,0,0,0
12405,1,0.709703978,0,0,0,0
12406,1,0.70594107,0,0,0,0
12407,2,0.706983926,0,0,0,0
12408,1,0.707106589,0,0,0,0
12410,1,0.706998051,0,0,0,0
12411,1,0.706882666,0,0,0,0
12413,1,0.709650952,0,0,0,0
12414,2,0.707504167,0,0,0,0
12415,1,0.707134464,0,0,0,0
13422,1,0.707762971,0,0,0,0
13423,2,0.706935852,0,0,0,0
13424,1,0.709510391,0,0,0,0
1527,2,0.706625118,0,0,0,0
1528,2,0.706676328,0,0,0,0
1529,2,0.706707727,0,0,0,0
1530,2,0.704521952,0,0,0,0
1531,1,0.706758377,0,0,0,0
1532,1,0.704466204,0,0,0,0
1657,2,0.706670042,0,0,0,0
1658,2,0.707204801,0,0,0,0
1886,2,0.704458494,0,0,0,0
1887,1,0.704469806,0,0,0,0
1888,1,0.707296667,0,0,0,0
1889,1,0.704477702,0,0,0,0
1890,1,0.704417324,0,0,0,0
1981,1,0.706943504,0,0,0,0
1982,2,0.707380098,0,0,0,0
1983,2,0.706070329,0,0,0,0
12416,1,0.707447571,0,0,0,0
12417,1,0.706546823,0,0,0,0
12418,1,0.706970797,0,0,0,0
12449,2,0.707238577,0,0,0,0
12450,2,0.706299361,0,0,0,0
12451,2,0.70670235,0,0,0,0
1635,1,0.704768136,0,0,0,0
1636,1,0.706694308,0,0,0,0
1637,1,0.704465033,0,0,0,0
2056,1,0.706649544,0,0,0,0
2057,1,0.706433455,0,0,0,0
2058,1,0.707175585,0,0,0,0
2071,1,0.704475259,0,0,0,0
2073,2,0.704975009,0,0,0,0
12420,1,0.707547106,0,0,0,0
12422,1,0.709564805,0,0,0,0
12423,1,0.706863394,0,0,0,0
12424,1,0.709709411,0,0,0,0
12425,1,0.70769041,0,0,0,0
12426,1,0.707081761,0,0,0,0
12431,2,0.708007797,0,0,0,0
12432,1,0.707594508,0,0,0,0
12433,1,0.706507524,0,0,0,0
1543,2,0.704485469,0,0,0,0
1544,1,0.706826639,0,0,0,0
1843,1,0.704810437,0,0,0,0
1844,2,0.707339715,0,0,0,0
1845,1,0.707105859,0,0,0,0
1846,2,0.707101972,0,0,0,0
1847,1,0.707102445,0,0,0,0
1891,1,0.706719559,0,0,0,0
1892,1,0.706776154,0,0,0,0
1893,1,0.704439854,0,0,0,0
1969,1,0.707343955,0,0,0,0
1972,1,0.704381122,0,0,0,0
1973,1,0.707670186,0,0,0,0
1974,1,0.706953627,0,0,0,0
1978,2,0.706806793,0,0,0,0
1979,1,0.704442112,0,0,0,0
1980,1,0.706700383,0,0,0,0
12446,1,0.709737391,0,0,0,0
12447,1,0.707216943,0,0,0,0
12448,1,0.706654717,0,0,0,0
12452,1,0.709538653,0,0,0,0
12453,1,0.707958327,0,0,0,0
12454,1,0.707966533,0,0,0,0
12455,2,0.707107169,0,0,0,0
12456,2,0.709161322,0,0,0,0
12457,1,0.706063306,0,0,0,0
12458,1,0.707242944,0,0,0,0
12459,1,0.706539387,0,0,0,0
12460,2,0.706993001,0,0,0,0
13373,1,0.709572921,0,0,0,0
13374,1,0.709774268,0,0,0,0
13375,2,0.709361669,0,0,0,0
13376,1,0.70961999,0,0,0,0
13377,1,0.707774461,0,0,0,0
13378,1,0.709686662,0,0,0,0
13379,2,0.705728893,0,0,0,0
13383,2,0.706629998,0,0,0,0
13384,1,0.708011747,0,0,0,0
13385,2,0.707604445,0,0,0,0
13386,1,0.708005069,0,0,0,0
13387,1,0.706947701,0,0,0,0
13388,1,0.707729852,0,0,0,0
13389,1,0.707582509,0,0,0,0
13393,2,0.707744637,0,0,0,0
13394,1,0.706999956,0,0,0,0
1510,2,0.706627761,0,0,0,0
1511,1,0.704480391,0,0,0,0
1512,1,0.706727252,0,0,0,0
1515,2,0.704520417,0,0,0,0
1517,1,0.706697118,0,0,0,0
1588,2,0.70676678,0,0,0,0
1589,2,0.706730803,0,0,0,0
1594,2,0.70667153,0,0,0,0
1595,1,0.7055303,0,0,0,0
1596,1,0.707180878,0,0,0,0
1597,1,0.70693717,0,0,0,0
1598,1,0.706666744,0,0,0,0
13395,1,0.705923615,0,0,0,0
13396,2,0.707297425,0,0,0,0
13397,2,0.709342854,0,0,0,0
13404,1,0.7078322,0,0,0,0
13405,2,0.707900865,0,0,0,0
13406,2,0.709362287,0,0,0,0
13407,1,0.707752855,0,0,0,0
13409,2,0.707743894,0,0,0,0
13410,1,0.707864941,0,0,0,0
13411,1,0.705682208,0,0,0,0
13412,2,0.705768157,0,0,0,0
13414,1,0.709384146,0,0,0,0
13415,2,0.709845942,0,0,0,0
13419,1,0.707732916,0,0,0,0
13420,1,0.707748483,0,0,0,0
13421,2,0.707603259,0,0,0,0
13425,2,0.707832325,0,0,0,0
13426,1,0.706017693,0,0,0,0
13427,2,0.707758948,0,0,0,0
13428,1,0.709342322,0,0,0,0
13429,2,0.709671656,0,0,0,0
13430,1,0.707740315,0,0,0,0
13432,1,0.709580492,0,0,0,0
13433,1,0.709579926,0,0,0,0
13438,2,0.709272365,0,0,0,0
13440,2,0.707754593,0,0,0,0
1471,1,0.707021676,0,0,0,0
1472,1,0.706687465,0,0,0,0
1473,1,0.704710511,0,0,0,0
1474,2,0.70697955,0,0,0,0
1475,1,0.706612124,0,0,0,0
1476,2,0.706800435,0,0,0,0
1477,2,0.705276967,0,0,0,0
1478,1,0.706664743,0,0,0,0
1612,1,0.707282172,0,0,0,0
1613,2,0.70675212,0,0,0,0
1614,2,0.70449013,0,0,0,0
1684,1,0.706726214,0,0,0,0
1686,1,0.706701449,0,0,0,0
1687,1,0.70670017,0,0,0,0
1688,1,0.707165611,0,0,0,0
1689,1,0.707349861,0,0,0,0
1690,1,0.706754926,0,0,0,0
1503,1,0.706928936,0,0,0,0
1504,1,0.704888012,0,0,0,0
1505,1,0.706484051,0,0,0,0
1507,2,0.70718507,0,0,0,0
1508,2,0.706682234,0,0,0,0
1518,1,0.706608225,0,0,0,0
1519,1,0.706660019,0,0,0,0
1520,1,0.706633348,0,0,0,0
1521,1,0.706682828,0,0,0,0
1522,1,0.706646407,0,0,0,0
1523,1,0.70679459,0,0,0,0
1524,1,0.70670551,0,0,0,0
1525,2,0.706914661,0,0,0,0
1526,2,0.704676482,0,0,0,0
1533,1,0.706676634,0,0,0,0
1535,2,0.705926515,0,0,0,0
1536,2,0.706712014,0,0,0,0
1537,1,0.704463918,0,0,0,0
1539,1,0.706611991,0,0,0,0
1540,1,0.706703901,0,0,0,0
1541,2,0.706654373,0,0,0,0
1545,1,0.706565556,0,0,0,0
1546,2,0.706720418,0,0,0,0
1547,2,0.70536575,0,0,0,0
1548,1,0.70449243,0,0,0,0
1549,1,0.705113223,0,0,0,0
1551,2,0.706625164,0,0,0,0
1552,1,0.706713228,0,0,0,0
1553,1,0.707253932,0,0,0,0
1554,2,0.707118929,0,0,0,0
1556,1,0.707121456,0,0,0,0
1557,1,0.707196501,0,0,0,0
1559,1,0.70443079,0,0,0,0
1560,1,0.706740506,0,0,0,0
1561,1,0.707012136,0,0,0,0
1562,1,0.70662577,0,0,0,0
1564,2,0.707115326,0,0,0,0
1565,1,0.707337382,0,0,0,0
1566,1,0.706806082,0,0,0,0
1567,1,0.706964264,0,0,0,0
1568,2,0.706965701,0,0,0,0
1569,2,0.706660564,0,0,0,0
1571,2,0.706728429,0,0,0,0
1573,2,0.707025657,0,0,0,0
1581,1,0.706673068,0,0,0,0
1582,1,0.707365486,0,0,0,0
1583,1,0.706634002,0,0,0,0
1584,1,0.706735734,0,0,0,0
1586,1,0.704458648,0,0,0,0
1600,1,0.706687169,0,0,0,0
1601,1,0.707189507,0,0,0,0
1659,1,0.707284363,0,0,0,0
1660,1,0.707039242,0,0,0,0
1661,1,0.707129849,0,0,0,0
1704,1,0.704461189,0,0,0,0
1705,2,0.70594676,0,0,0,0
1831,1,0.706784283,0,0,0,0
1833,2,0.707689916,0,0,0,0
1834,2,0.706736937,0,0,0,0
1835,2,0.706729781,0,0,0,0
1836,2,0.707096755,0,0,0,0
1936,1,0.70661421,0,0,0,0
1938,1,0.706593214,0,0,0,0
2011,2,0.706805454,0,0,0,0
2013,1,0.706600149,0,0,0,0
1602,2,0.706744861,0,0,0,0
1604,1,0.704562259,0,0,0,0
1605,2,0.704449118,0,0,0,0
1606,1,0.704452894,0,0,0,0
1607,1,0.706748198,0,0,0,0
1608,1,0.704774655,0,0,0,0
1609,1,0.704486389,0,0,0,0
1610,1,0.707476801,0,0,0,0
1617,1,0.706790153,0,0,0,0
1618,2,0.706739248,0,0,0,0
1619,1,0.706512751,0,0,0,0
1620,1,0.706664019,0,0,0,0
1621,2,0.706734792,0,0,0,0
1623,1,0.706587805,0,0,0,0
1624,1,0.704450423,0,0,0,0
1625,1,0.707304,0,0,0,0
1626,1,0.705240624,0,0,0,0
1627,1,0.707462742,0,0,0,0
1630,1,0.704501042,0,0,0,0
1632,1,0.706682491,0,0,0,0
1633,1,0.706554996,0,0,0,0
1634,1,0.706545212,0,0,0,0
1639,1,0.707020597,0,0,0,0
1640,2,0.707300823,0,0,0,0
1915,1,0.707252891,0,0,0,0
1917,2,0.706743376,0,0,0,0
1909,1,0.706786561,0,0,0,0
1910,1,0.706803023,0,0,0,0
1911,2,0.705997037,0,0,0,0
1913,1,0.705834757,0,0,0,0
1914,1,0.706818756,0,0,0,0
1993,1,0.707715396,0,0,0,0
1994,1,0.706741006,0,0,0,0
2136,1,0.707735148,0,0,0,0
1644,1,0.706582955,0,0,0,0
1645,2,0.706545304,0,0,0,0
1646,1,0.706732178,0,0,0,0
1647,1,0.706712874,0,0,0,0
1648,2,0.704496937,0,0,0,0
1649,1,0.706805845,0,0,0,0
1650,1,0.70682524,0,0,0,0
1652,1,0.704973514,0,0,0,0
1653,2,0.706763584,0,0,0,0
1655,7,0.708688687,0,0,0,0
1663,3,0.706795801,0,0,0,0
1669,3,0.706599842,24.655354183903256,2.3844106716294064e-4,0.3652370668006438,47.39588468424636
1672,4,0.704623441,10.129769804829076,9.796464915337901e-5,0.15005939007345387,19.47282517081376
1939,6,0.706904639,0,0,0,0
2015,5,0.705013953,15.648013482856433,1.513313905775612e-4,0.23180500685999939,30.08074583066415
2016,7,0.708730416,0,0,0,0
2018,4,0.706770813,0,0,0,0
2095,4,0.706794611,0,0,0,0
2096,6,0.706764557,0,0,0,0
1956,6,0.706848183,0,0,0,0
1957,6,0.707292412,0,0,0,0
2030,6,0.70673265,0,0,0,0
2031,5,0.705130663,18.3767710772416,1.7772110974285983e-4,0.2722280083853191,35.32633586802722
2033,5,0.705109016,19.09336615590399,1.8465127566160883e-4,0.28284343425437036,36.70387266836063
2034,5,0.706947125,0,0,0,0
2273,6,0.707304632,0,0,0,0
1676,3,0.706158948,43.024334452139584,4.160868322646559e-4,0.6373496644638996,82.7072439965747
1682,4,0.704888261,13.20076463870997,1.2766413268059206e-4,0.1955521920393195,25.376310309452005
1699,5,0.705055759,17.345313499690903,1.677459196202593e-4,0.2569483033223163,33.34352742659742
1700,3,0.706693087,0,0,0,0
1703,3,0.706687156,0,0,0,0
1714,3,0.706600995,24.65587996037757,2.38446151928817e-4,0.36524485549659347,47.396895403498675
1715,7,0.708694405,0,0,0,0
1716,3,0.706676645,0,0,0,0
1718,3,0.706814466,0,0,0,0
1720,3,0.706828424,0,0,0,0
1730,3,0.706805106,0,0,0,0
1852,3,0.705183918,17.79037450068529,1.7205008897991063e-4,0.26354130431261125,34.19908438689276
1854,6,0.706647004,0,0,0,0
1856,3,0.706594296,25.45592445698273,2.461833542470427e-4,0.377096476165699,48.93485005710166
1857,6,0.706698391,0,0,0,0
1741,6,0.706999917,0,0,0,0
1744,4,0.706814775,0,0,0,0
1745,3,0.706821266,0,0,0,0
1749,7,0.707050492,0,0,0,0
1822,4,0.706999477,0,0,0,0
1827,7,0.708703557,0,0,0,0
1837,3,0.706491242,28.82952853980511,2.7880936122684085e-4,0.4270720413336562,55.42005196850406
1840,3,0.706725518,0,0,0,0
1849,6,0.706807684,0,0,0,0
1851,3,0.707127636,0,0,0,0
1858,3,0.706515879,27.152145856439112,2.625874520188382e-4,0.4022237943117267,52.195558187592546
1861,3,0.704518897,7.434282553977993,7.189668631565014e-5,0.1101292454989287,14.29119192570704
1863,3,0.706568292,27.056581944718772,2.616632567741502e-4,0.4008081390123387,52.01185220202493
1864,3,0.704489456,6.564054133911872,6.348073773067483e-5,0.09723794111040703,12.61832016167716
1865,6,0.706661252,0,0,0,0
1868,4,0.706399172,35.63452354463764,3.446202296851852e-4,0.5278792086782945,68.50154153544301
1871,3,0.704504749,7.399139481272514,7.155681888982545e-5,0.10960864649647387,14.223635118006163
1874,4,0.706442636,33.81012430894492,3.269765285464755e-4,0.5008531022777312,64.99443248529712
1877,6,0.706754053,0,0,0,0
1878,3,0.704498014,7.381623222087998,7.138741976047181e-5,0.10934916585473767,14.189962975468024
2060,3,0.706828526,0,0,0,0
2061,6,0.706788988,0,0,0,0
2598,4,0.706866814,0,0,0,0
2162,3,0.706860232,0,0,0,0
2348,3,0.706891119,0,0,0,0
2349,3,0.706755828,0,0,0,0
1879,3,0.704487871,6.5608465334543355,6.344971713894362e-5,0.09719042467345623,12.612154074576377
1880,3,0.706736586,0,0,0,0
1882,4,0.70673415,0,0,0,0
1884,5,0.705068656,17.38278021333553,1.6810825889625904e-4,0.2575033240489363,33.41555105384499
1900,7,0.708715088,0,0,0,0
1905,3,0.707403356,0,0,0,0
3079,5,0.706819099,0,0,0,0
3080,4,0.706660082,0,0,0,0
3081,3,0.705039266,15.707319075197688,1.5190493288488736e-4,0.23268354222517929,30.1947511292606
5376,4,0.707637078,41.28554999852262,3.9927110868614654e-4,0.6115918299221335,79.36471535798009
5377,5,0.707940224,0,0,0,0
5379,4,0.706900503,0,0,0,0
2086,4,0.706889436,0,0,0,0
8940,5,0.706994798,23.94290805563419,2.3155102559819653e-4,0.35468310224586347,46.02632356225592
8941,4,0.70798164,0,0,0,0
8942,4,0.707981649,0,0,0,0
12568,3,0.706554773,27.06831284651078,2.6177670591469814e-4,0.400981917094352,52.03440294148821
2604,3,0.706434874,0,0,0,0
1923,4,0.706339425,40.08636001576781,3.876737843448948e-4,0.5938273870116346,77.05946880937212
1928,4,0.705038988,15.70674952860672,1.5189942481974513e-4,0.23267510513176987,30.19365626912002
1929,6,0.706948875,0,0,0,0
1944,3,0.707313703,0,0,0,0
1946,4,0.70676111,0,0,0,0
1950,5,0.705130364,18.375382478574068,1.7770768065375903e-4,0.27220743809861747,35.3236665142703
1951,5,0.706944521,0,0,0,0
1952,4,0.704715149,12.84993190871432,1.2427124163096905e-4,0.1903550605649345,24.701891783954242
1964,4,0.7050906,18.237484167971996,1.7637407091955409e-4,0.27016465363462683,35.058579572963446
1968,6,0.706944117,0,0,0,0
1984,5,0.705063551,17.36845558978438,1.6796972596338098e-4,0.2572911233460049,33.38801430864509
2045,4,0.706780726,0,0,0,0
2280,3,0.706896268,0,0,0,0
1990,5,0.706918496,0,0,0,0
1992,6,0.706975757,0,0,0,0
1996,5,0.706885381,0,0,0,0
2005,5,0.705009487,14.040453393204047,1.3578473322897126e-4,0.2079910909263259,26.990474562855532
2020,3,0.706813362,0,0,0,0
2022,3,0.704936978,12.393477021722841,1.1985688239872389e-4,0.18359327394414324,23.82443194192394
2023,7,0.708746806,0,0,0,0
2025,3,0.706119982,0,0,0,0
2085,6,0.706744949,0,0,0,0
2142,5,0.705007056,14.037189467206787,1.3575316791491725e-4,0.207942740099621,26.984200199119762
2185,4,0.70680997,0,0,0,0
2187,5,0.705005222,14.034642248890785,1.3572853385575775e-4,0.20790500636684642,26.97930358864439
2190,4,0.707012537,0,0,0,0
2312,3,0.706696035,0,0,0,0
2366,3,0.707029592,0,0,0,0
2027,3,0.706820868,0,0,0,0
2040,4,0.704983672,13.207409973488621,1.2772839948059248e-4,0.19565063404767027,25.38908487835529
2047,6,0.706859514,0,0,0,0
2048,4,0.704975061,12.398919125138564,1.1990951279033688e-4,0.18367389164178238,23.834893495386424
3142,4,0.70607816,45.0860440409831,4.360255535207822e-4,0.6678912156907559,86.67054337553996
3144,3,0.706700995,24.619657886009552,2.3809584951568825e-4,0.3647082724851741,47.32726439163142
3217,3,0.707768881,0,0,0,0
3278,7,0.708896518,0,0,0,0
3285,3,0.706519825,0,0,0,0
3346,3,0.706760233,0,0,0,0
3063,3,0.707766682,0,0,0,0
3029,3,0.707991172,0,0,0,0
3030,3,0.706861371,0,0,0,0
2934,6,0.707225142,0,0,0,0
2935,4,0.708073037,0,0,0,0
3022,3,0.706694776,24.63172052511758,2.3821250687620582e-4,0.36488696482489186,47.350452841810935
3485,3,0.704939052,12.393382943151227,1.1985597256815136e-4,0.1835918802922294,23.82425109126172
2881,4,0.707978526,0,0,0,0
2883,4,0.707935562,0,0,0,0
2884,3,0.706830342,0,0,0,0
5340,7,0.708973289,0,0,0,0
5346,3,0.70676187,0,0,0,0
5347,3,0.708178292,0,0,0,0
5348,3,0.707665002,41.46747939613111,4.0103054152132363e-4,0.6142868777828012,79.71444486035958
5350,4,0.707829192,42.71457903946282,4.1309119851276415e-4,0.6327610401225975,82.11178989317618
5353,3,0.707818006,43.48875415252766,4.205782189284225e-4,0.6442294394559342,83.60001488927826
5354,5,0.706991782,23.943797272557237,2.3155962518392906e-4,0.35469627484027444,46.02803293631032
5355,3,0.70564931,42.17627169689476,4.078852470481783e-4,0.6247867156261695,81.07698209675459
5356,4,0.7051069,19.086744460220373,1.845872374744689e-4,0.28274534242852634,36.69114354175008
5358,4,0.708097548,0,0,0,0
5361,3,0.7075829,0,0,0,0
5363,4,0.706969863,23.940537724752097,2.3152810221121778e-4,0.3546479888708024,46.021766988932605
5372,5,0.706807266,26.643942053633953,2.576726308334164e-4,0.3946954146790922,51.21861952128151
5537,3,0.7078657,41.97834356849998,4.059710910476603e-4,0.6218546673370621,80.69649765190762
5607,4,0.708129772,0,0,0,0
5608,3,0.705533748,38.45018049255985,3.718503494563154e-4,0.5695895113210918,73.91418136282964
5810,4,0.705934398,0,0,0,0
5846,4,0.705958675,47.925534676257286,4.634861680479091e-4,0.7099545834728551,92.12899956755508
5384,3,0.707610304,41.87274568587358,4.049498576216151e-4,0.6202903717839281,80.49350299887892
5389,4,0.706904931,0,0,0,0
6039,3,0.707719005,42.510774508529096,4.111202120290167e-4,0.6297419405581096,81.72000902585576
6040,3,0.706842009,0,0,0,0
6046,3,0.705468887,36.17643859947577,3.49861071208834e-4,0.5359069767487857,69.54328456846477
6050,4,0.705314674,24.801132016846054,2.398508794818517e-4,0.36739657615960253,47.676118718125586
6055,3,0.705461768,36.11490561804654,3.4926598789961587e-4,0.5349954455056701,69.42499747875824
6056,5,0.707023647,23.152715891531592,2.2390910484268667e-4,0.3429774310933432,44.5073084060002
6057,3,0.705554229,39.469941593529356,3.8171242336337656e-4,0.5846959482668916,75.87450524163181
6066,5,0.707834978,41.93034814400097,4.055069289775833e-4,0.62114367742659,80.60423430059015
6069,3,0.706835866,0,0,0,0
1662,1,0.707027847,0,0,0,0
1664,1,0.706673182,0,0,0,0
1665,1,0.706715251,0,0,0,0
1666,1,0.707493894,0,0,0,0
1667,1,0.704491462,0,0,0,0
1668,1,0.70664174,0,0,0,0
1670,1,0.706550509,0,0,0,0
1671,1,0.704338961,0,0,0,0
1673,2,0.707021757,0,0,0,0
1940,2,0.707689536,0,0,0,0
1941,2,0.706738279,0,0,0,0
2014,2,0.704459391,0,0,0,0
2017,1,0.706832859,0,0,0,0
2019,1,0.70679774,0,0,0,0
2092,1,0.707310388,0,0,0,0
2093,1,0.704469732,0,0,0,0
2094,1,0.706596003,0,0,0,0
2097,1,0.707395313,0,0,0,0
1731,1,0.707169824,0,0,0,0
1732,1,0.706721628,0,0,0,0
1733,1,0.704505573,0,0,0,0
1954,1,0.706787743,0,0,0,0
1955,1,0.707134413,0,0,0,0
1958,1,0.706925992,0,0,0,0
1959,1,0.70719398,0,0,0,0
2029,1,0.706853489,0,0,0,0
2032,2,0.707370861,0,0,0,0
2035,1,0.70700035,0,0,0,0
2036,1,0.706700545,0,0,0,0
2037,2,0.70553206,0,0,0,0
2272,1,0.7044644,0,0,0,0
2274,2,0.707206601,0,0,0,0
1674,2,0.706677594,0,0,0,0
1675,1,0.706652477,0,0,0,0
1677,2,0.706653819,0,0,0,0
1678,2,0.706106539,0,0,0,0
1679,2,0.707022351,0,0,0,0
1680,1,0.706079112,0,0,0,0
1681,1,0.707191541,0,0,0,0
1692,1,0.7044572,0,0,0,0
1693,2,0.707016346,0,0,0,0
1694,1,0.706738781,0,0,0,0
1695,1,0.707340811,0,0,0,0
1696,1,0.707023062,0,0,0,0
1697,2,0.7062002,0,0,0,0
1698,1,0.70665876,0,0,0,0
1701,2,0.706651402,0,0,0,0
1702,1,0.706709915,0,0,0,0
1707,2,0.704977026,0,0,0,0
1708,1,0.707545086,0,0,0,0
1709,2,0.707490924,0,0,0,0
1710,2,0.7057628,0,0,0,0
1711,2,0.707096378,0,0,0,0
1712,2,0.707461219,0,0,0,0
1713,1,0.706736162,0,0,0,0
1717,1,0.70669949,0,0,0,0
1719,2,0.707357283,0,0,0,0
1721,1,0.706759405,0,0,0,0
1722,1,0.706702534,0,0,0,0
1723,1,0.70670451,0,0,0,0
1724,1,0.706778886,0,0,0,0
1725,2,0.706714513,0,0,0,0
1726,2,0.706698857,0,0,0,0
1727,1,0.704443077,0,0,0,0
1728,2,0.707159996,0,0,0,0
1729,1,0.70723071,0,0,0,0
1853,2,0.707357758,0,0,0,0
1855,1,0.706705376,0,0,0,0
1918,2,0.70517157,0,0,0,0
1740,2,0.706723429,0,0,0,0
1742,1,0.706659313,0,0,0,0
1743,1,0.704452478,0,0,0,0
1746,1,0.704454789,0,0,0,0
1747,1,0.704481501,0,0,0,0
1748,2,0.704431223,0,0,0,0
1750,2,0.706069105,0,0,0,0
1821,2,0.706156514,0,0,0,0
1823,1,0.706698595,0,0,0,0
1824,1,0.706603276,0,0,0,0
1825,2,0.707164805,0,0,0,0
1826,2,0.70745847,0,0,0,0
1828,1,0.706738491,0,0,0,0
1829,1,0.707333603,0,0,0,0
1830,1,0.704955104,0,0,0,0
1838,1,0.704790332,0,0,0,0
1839,1,0.704443892,0,0,0,0
1841,1,0.706713442,0,0,0,0
1842,1,0.705468766,0,0,0,0
1850,1,0.707183326,0,0,0,0
1859,1,0.707585055,0,0,0,0
1860,1,0.706749539,0,0,0,0
1862,1,0.70734474,0,0,0,0
1866,2,0.707355977,0,0,0,0
1867,1,0.705105406,0,0,0,0
1869,1,0.7057604,0,0,0,0
1870,1,0.706715477,0,0,0,0
1872,1,0.70771528399999994,0,0,0,0
1873,1,0.707109037,0,0,0,0
1875,1,0.704470288,0,0,0,0
1876,2,0.706678043,0,0,0,0
1987,1,0.707386371,0,0,0,0
1988,2,0.706771914,0,0,0,0
1989,1,0.70730419,0,0,0,0
2059,2,0.707639868,0,0,0,0
2593,2,0.706454447,0,0,0,0
2594,1,0.70446795,0,0,0,0
2595,1,0.707257435,0,0,0,0
2596,1,0.708028054,0,0,0,0
2597,1,0.707832269,0,0,0,0
2161,1,0.706704024,0,0,0,0
2163,2,0.707410602,0,0,0,0
2347,1,0.704922324,0,0,0,0
1881,2,0.707696722,0,0,0,0
1883,2,0.706348051,0,0,0,0
1894,1,0.704845564,0,0,0,0
1895,1,0.704458032,0,0,0,0
1896,1,0.70668912,0,0,0,0
1897,1,0.706604325,0,0,0,0
1898,1,0.706933073,0,0,0,0
1899,1,0.706772543,0,0,0,0
1901,2,0.706722715,0,0,0,0
1902,1,0.707247579,0,0,0,0
1903,1,0.705298338,0,0,0,0
1904,2,0.706710222,0,0,0,0
1906,1,0.70715141,0,0,0,0
3025,1,0.7068178,0,0,0,0
3026,1,0.706735249,0,0,0,0
3027,2,0.704433097,0,0,0,0
3247,1,0.70476147,0,0,0,0
3248,1,0.706847209,0,0,0,0
5848,1,0.706859131,0,0,0,0
5375,1,0.70752257,0,0,0,0
5378,1,0.705514958,0,0,0,0
5380,1,0.706892877,0,0,0,0
5381,2,0.704997105,0,0,0,0
2077,2,0.70633211,0,0,0,0
2078,2,0.706715585,0,0,0,0
2079,2,0.7069073,0,0,0,0
2080,1,0.706916875,0,0,0,0
2081,2,0.704467792,0,0,0,0
2082,2,0.705309794,0,0,0,0
2087,1,0.706999339,0,0,0,0
8818,1,0.706996172,0,0,0,0
8819,1,0.707456394,0,0,0,0
8991,2,0.707468849,0,0,0,0
8992,1,0.706836902,0,0,0,0
8993,1,0.707210807,0,0,0,0
12562,1,0.707496358,0,0,0,0
12566,1,0.706024119,0,0,0,0
12567,1,0.706518034,0,0,0,0
12569,1,0.708996207,0,0,0,0
12573,1,0.70577965,0,0,0,0
12574,2,0.709455732,0,0,0,0
12575,1,0.706660247,0,0,0,0
15706,1,0.70806284,0,0,0,0
15707,1,0.710634329,0,0,0,0
15708,1,0.710569024,0,0,0,0
15709,1,0.710983775,0,0,0,0
15710,1,0.708091349,0,0,0,0
15711,2,0.708069951,0,0,0,0
15712,2,0.707953956,0,0,0,0
15713,2,0.710156671,0,0,0,0
2588,1,0.707807613,0,0,0,0
2589,1,0.704462336,0,0,0,0
2602,2,0.706683254,0,0,0,0
2603,2,0.708098539,0,0,0,0
2944,1,0.707049023,0,0,0,0
2945,2,0.706837276,0,0,0,0
2946,1,0.707510785,0,0,0,0
1907,1,0.706706248,0,0,0,0
1908,1,0.706689682,0,0,0,0
1921,2,0.705686244,0,0,0,0
1922,2,0.707247558,0,0,0,0
1927,1,0.706763109,0,0,0,0
1930,2,0.706042947,0,0,0,0
1931,1,0.707332394,0,0,0,0
1932,2,0.70736888,0,0,0,0
1933,1,0.706630404,0,0,0,0
1934,1,0.704458189,0,0,0,0
1935,1,0.70668457,0,0,0,0
1942,1,0.706654379,0,0,0,0
1943,2,0.706796757,0,0,0,0
1945,1,0.704442152,0,0,0,0
1947,1,0.706649213,0,0,0,0
1948,1,0.704456469,0,0,0,0
1949,1,0.707377246,0,0,0,0
1953,2,0.707306123,0,0,0,0
1960,1,0.706991221,0,0,0,0
1961,1,0.706717328,0,0,0,0
1962,1,0.706728344,0,0,0,0
1963,1,0.706678084,0,0,0,0
1965,2,0.70770044,0,0,0,0
1966,2,0.706957075,0,0,0,0
1967,1,0.707370328,0,0,0,0
1985,1,0.704447193,0,0,0,0
1986,1,0.706701765,0,0,0,0
2044,1,0.706728937,0,0,0,0
2046,2,0.707256157,0,0,0,0
2116,1,0.70676644,0,0,0,0
2117,1,0.706829619,0,0,0,0
2118,1,0.707932813,0,0,0,0
2143,2,0.70757884,0,0,0,0
2144,1,0.706808261,0,0,0,0
2145,2,0.707602861,0,0,0,0
2278,1,0.70702797,0,0,0,0
2279,2,0.707714543,0,0,0,0
2623,1,0.705124684,0,0,0,0
2624,2,0.707574518,0,0,0,0
2625,1,0.707525924,0,0,0,0
2752,2,0.707666465,0,0,0,0
2753,2,0.707783386,0,0,0,0
2754,2,0.707710392,0,0,0,0
2755,1,0.706762931,0,0,0,0
2756,2,0.708119584,0,0,0,0
2757,1,0.707297544,0,0,0,0
1991,1,0.707680669,0,0,0,0
1997,1,0.706937789,0,0,0,0
1998,1,0.706753771,0,0,0,0
2002,2,0.7073822,0,0,0,0
2003,1,0.70670885,0,0,0,0
2004,1,0.70479716,0,0,0,0
2006,1,0.706636972,0,0,0,0
2007,2,0.70738546,0,0,0,0
2008,1,0.707698848,0,0,0,0
2009,1,0.706675425,0,0,0,0
2010,2,0.706764435,0,0,0,0
2021,1,0.706706415,0,0,0,0
2024,1,0.706696956,0,0,0,0
2083,2,0.706667823,0,0,0,0
2084,1,0.706735419,0,0,0,0
2140,1,0.706852798,0,0,0,0
2141,2,0.707435773,0,0,0,0
2186,1,0.707334537,0,0,0,0
2188,1,0.707278276,0,0,0,0
2189,1,0.707435248,0,0,0,0
2311,1,0.706676405,0,0,0,0
2313,2,0.706666173,0,0,0,0
2365,1,0.706894552,0,0,0,0
2367,1,0.706911884,0,0,0,0
2026,1,0.706954978,0,0,0,0
2028,1,0.704459042,0,0,0,0
2038,1,0.704460131,0,0,0,0
2039,1,0.704922976,0,0,0,0
2041,2,0.706720511,0,0,0,0
2042,1,0.704879378,0,0,0,0
2043,2,0.707172444,0,0,0,0
2049,1,0.706812575,0,0,0,0
2050,1,0.707388909,0,0,0,0
2051,1,0.707274945,0,0,0,0
2052,2,0.70668775,0,0,0,0
3143,2,0.706703258,0,0,0,0
3218,1,0.706739611,0,0,0,0
3219,2,0.707691396,0,0,0,0
3277,1,0.707947083,0,0,0,0
3279,1,0.707730484,0,0,0,0
3283,2,0.706917908,0,0,0,0
3284,1,0.707633039,0,0,0,0
3347,1,0.7052541,0,0,0,0
3348,1,0.707206574,0,0,0,0
3061,1,0.706826706,0,0,0,0
3062,2,0.70674875,0,0,0,0
3028,1,0.706581082,0,0,0,0
3163,2,0.706719939,0,0,0,0
3164,1,0.707399927,0,0,0,0
3165,1,0.706818159,0,0,0,0
3355,2,0.707043007,0,0,0,0
3356,1,0.706753135,0,0,0,0
3357,2,0.706716395,0,0,0,0
3502,2,0.705260973,0,0,0,0
3503,2,0.708078402,0,0,0,0
3504,1,0.706720452,0,0,0,0
2932,1,0.70707906,0,0,0,0
2933,2,0.70684738,0,0,0,0
2936,1,0.706046086,0,0,0,0
2937,1,0.706727705,0,0,0,0
3023,2,0.706829311,0,0,0,0
3024,2,0.706757567,0,0,0,0
3249,2,0.706954893,0,0,0,0
3250,2,0.706948137,0,0,0,0
3251,1,0.707268472,0,0,0,0
3252,1,0.707374776,0,0,0,0
3484,1,0.708170502,0,0,0,0
3486,1,0.705311915,0,0,0,0
3487,2,0.706884939,0,0,0,0
3488,2,0.70731,0,0,0,0
3489,1,0.706918723,0,0,0,0
2878,1,0.707024643,0,0,0,0
2879,2,0.7079398,0,0,0,0
2880,1,0.706521255,0,0,0,0
2882,2,0.706661686,0,0,0,0
2885,1,0.706773608,0,0,0,0
2886,1,0.707495576,0,0,0,0
2887,1,0.707170177,0,0,0,0
2888,1,0.7077481,0,0,0,0
2889,1,0.707258038,0,0,0,0
5336,2,0.70755179,0,0,0,0
5337,1,0.704866835,0,0,0,0
5338,1,0.708185579,0,0,0,0
5339,1,0.706813663,0,0,0,0
5341,2,0.708185914,0,0,0,0
5345,1,0.707887174,0,0,0,0
5349,1,0.706909251,0,0,0,0
5351,1,0.707806761,0,0,0,0
5352,1,0.707605554,0,0,0,0
5357,1,0.707715363,0,0,0,0
5359,2,0.708295848,0,0,0,0
5360,1,0.706829397,0,0,0,0
5362,2,0.708187036,0,0,0,0
5364,1,0.708015884,0,0,0,0
5365,2,0.707641867,0,0,0,0
5373,1,0.707676317,0,0,0,0
5374,2,0.70826623,0,0,0,0
5567,2,0.708069388,0,0,0,0
5568,1,0.708218302,0,0,0,0
5569,2,0.705457498,0,0,0,0
5606,1,0.706851083,0,0,0,0
5811,2,0.706863643,0,0,0,0
5812,2,0.708086912,0,0,0,0
5847,1,0.704933075,0,0,0,0
5382,1,0.705251811,0,0,0,0
5383,2,0.707651728,0,0,0,0
5385,1,0.707164049,0,0,0,0
5386,2,0.708317078,0,0,0,0
5387,2,0.706877427,0,0,0,0
5388,1,0.707879039,0,0,0,0
5390,1,0.707881682,0,0,0,0
5391,2,0.70802551,0,0,0,0
5392,1,0.706932612,0,0,0,0
6038,2,0.706841904,0,0,0,0
6041,1,0.706927532,0,0,0,0
6042,1,0.707523716,0,0,0,0
6043,1,0.707745027,0,0,0,0
6044,1,0.705400849,0,0,0,0
6045,2,0.707687953,0,0,0,0
6051,1,0.708058226,0,0,0,0
6052,1,0.705441857,0,0,0,0
6053,1,0.706887511,0,0,0,0
6054,1,0.706895754,0,0,0,0
6058,2,0.705032754,0,0,0,0
6059,1,0.70401687,0,0,0,0
6060,1,0.707170523,0,0,0,0
6061,1,0.706996103,0,0,0,0
6062,2,0.708325648,0,0,0,0
6063,1,0.705506787,0,0,0,0
6064,2,0.707220637,0,0,0,0
6065,1,0.704921471,0,0,0,0
6067,2,0.704980141,0,0,0,0
6068,1,0.708204737,0,0,0,0
6071,6,0.705167672,18.529686664361176,1.7919995103253167e-4,0.2744932543067959,35.62029106654045
6072,3,0.706442583,33.81037794305682,3.269789814330923e-4,0.5008568595378532,64.99492005538148
6073,3,0.706778207,0,0,0,0
6076,3,0.707731462,42.53974265691686,4.1140036197794027e-4,0.6301710660725466,81.7756955518031
6078,3,0.707646586,0,0,0,0
6085,5,0.707024047,23.153015792708423,2.2391200517646868e-4,0.34298187373997235,44.50788491694738
6090,4,0.708234676,0,0,0,0
6094,3,0.707738712,43.35606301771206,4.192949676089525e-4,0.642263792541718,83.34493789150193
6113,7,0.708906106,0,0,0,0
6116,3,0.707452653,33.43051349143785,3.233053256200103e-4,0.4952296607940718,64.26469279479193
6118,4,0.70808003,42.89446822003477,4.14830900480406e-4,0.6354258648163009,82.45759741209223
6269,3,0.707052536,23.967312759467266,2.317870426345915e-4,0.355044626253089,46.07323761264829
6272,3,0.707693439,0,0,0,0
6290,3,0.707293429,26.719949504956304,2.584076962342399e-4,0.395821366404178,51.364731411264806
6304,5,0.706901572,26.414892292550185,2.554574986126882e-4,0.391302339801091,50.77830882923848
6306,3,0.708409767,40.34340131569965,3.9015962175787793e-4,0.5976351202014916,77.55358865530043
6307,3,0.70683537,0,0,0,0
6431,4,0.706146682,0,0,0,0
6433,5,0.706936645,23.94359369010065,2.3155765634511852e-4,0.35469325903045307,46.027641582344586
6437,3,0.706642821,24.6734260428246,2.3861583947789837e-4,0.36550477793124986,47.430624876379774
6478,3,0.706905121,0,0,0,0
6537,3,0.706864039,0,0,0,0
6539,3,0.706315017,41.0766918466935,3.9725124881163996e-4,0.6084978675242511,78.96321973128492
6540,4,0.706239414,0,0,0,0
8233,3,0.708871673,61.20945986496435,5.919545434961882e-4,0.906738691108597,117.6651724289113
8242,5,0.707878182,41.97964810213118,4.059837071467377e-4,0.6218739923093763,80.69900540438564
8252,4,0.707874882,0,0,0,0
8365,4,0.706022447,46.1091968828736,4.4592042883555017e-4,0.6830478968754375,88.63738732135765
8367,4,0.707652881,41.3946851929378,4.003265513306647e-4,0.6132085261575883,79.57450991420154
8368,4,0.705742809,41.375964249115746,4.001455017383558e-4,0.6129311996767636,79.53852196253993
8370,4,0.706381719,38.944523298466834,3.7663112142598916e-4,0.5769125582778191,74.86447453032957
8380,4,0.706480387,29.66004142430985,2.8684122225778756e-4,0.43937501161808595,57.01657711306947
8381,5,0.707908273,42.75540781192351,4.134860521418731e-4,0.6333658653862454,82.19027652844868
8390,3,0.705592689,41.51253660526757,4.0146628821349225e-4,0.6149543418468125,79.80105997334871
8401,4,0.706479112,29.663844308549923,2.8687799981813963e-4,0.4394313464115295,57.02388753585089
8416,5,0.707886079,42.77531421825081,4.136785663005689e-4,0.6336607529552212,82.22854333782928
8417,3,0.707180135,0,0,0,0
8654,5,0.707542202,38.11261226708791,3.6858573896556934e-4,0.5645888762624008,73.26526167714208
10218,4,0.708183507,0,0,0,0
10220,3,0.707384576,0,0,0,0
10224,3,0.709192754,63.61383262152895,6.152071482511851e-4,0.9423563523497548,122.28718568648107
10226,5,0.707837921,41.937700814894995,4.0557803640039265e-4,0.6212525977012879,80.61836860745164
10227,3,0.70490991,13.201706893662294,1.2767324519524895e-4,0.19556615032328487,25.378121640440416
10228,3,0.707392068,0,0,0,0
10246,5,0.70584,43.30050790747616,4.187576960827681e-4,0.6414408157003796,83.23814228115614
10247,4,0.707322296,30.91557702100553,2.989834630588801e-4,0.45797414165614936,59.43013888606583
10252,5,0.708272122,44.40703435623596,4.294588746307754e-4,0.6578325686424735,85.36525834585774
10253,3,0.707489342,0,0,0,0
10258,3,0.706353559,41.565097873062605,4.019746063942413e-4,0.615732968798735,79.90210041140891
10259,3,0.708950501,62.74826049999761,6.068362305663292e-4,0.9295340249796247,120.62326489459151
10260,4,0.706651972,24.673752071469224,2.3861899248950671e-4,0.365509607622398,47.43125161310921
10263,3,0.707538678,0,0,0,0
10269,7,0.708892342,0,0,0,0
10271,5,0.708852216,57.78148989725919,5.588027659469625e-4,0.8559577659291591,111.07546099834153
10272,3,0.707481443,0,0,0,0
10281,3,0.708985403,62.1581243683123,6.01129044696644e-4,0.9207919242520455,119.48882473053071
10282,3,0.70640045,35.627515970810094,3.4455245968402444e-4,0.5277754005686617,68.48807062123227
10286,4,0.708854922,58.612676194336665,5.668411395273249e-4,0.8682707119466884,112.67328066840449
11730,3,0.706550792,27.874221872949043,2.695706238956308e-4,0.4129204131601131,53.583631194230115
11733,3,0.707926037,0,0,0,0
11800,3,0.70790625,0,0,0,0
11804,3,0.706017387,46.12151845444789,4.4603959032288407e-4,0.6832304249635193,88.66107352684095
11940,5,0.706407565,34.79107856903263,3.3646330285394224e-4,0.5153846662515288,66.88015656148951
11942,4,0.707534384,0,0,0,0
11943,4,0.709427439,58.10503287694184,5.619317387766847e-4,0.8607506351778347,111.69741944359671
12082,6,0.70843123,39.530179973542516,3.822949866276221e-4,0.5855883016705671,75.99030367191895
12083,3,0.706568264,27.056592547239067,2.616633593107528e-4,0.4008082960749136,52.01187258363557
12084,3,0.707844764,0,0,0,0
12085,5,0.709107733,66.74342194511318,6.454732970370078e-4,0.9887171556183112,128.30330914523418
11746,3,0.708039475,0,0,0,0
11757,5,0.705764662,41.4925673020273,4.0127316578095304e-4,0.6146585225417184,79.76267225494315
11758,7,0.708777371,0,0,0,0
11759,3,0.706535929,28.699868095824502,2.775554196123358e-4,0.4251512901699814,55.170800978022434
12194,7,0.708159753,42.49667506092171,4.1098385676480766e-4,0.6295330755444813,81.69290514456787
12295,3,0.706148561,43.09398310939215,4.16760401990643e-4,0.6383814189092744,82.84113214528807
12234,7,0.708209603,0,0,0,0
12512,6,0.707299929,28.353134934634923,2.742021753491161e-4,0.4200148884857551,54.50426320284521
12514,7,0.709197825,62.80310775365304,6.073666564363049e-4,0.930346515844601,120.72869976647006
12564,3,0.709742002,30.528938394911815,2.952442944416072e-4,0.452246592311168,58.68688938333604
11762,3,0.709224796,62.75443988818757,6.068959912131825e-4,0.9296255645941152,120.63514375740914
11763,7,0.708740325,0,0,0,0
11767,3,0.709189277,63.62096452658822,6.152761206553352e-4,0.9424620022651897,122.3008956071436
11769,4,0.707850283,0,0,0,0
2053,6,0.706863419,0,0,0,0
2054,7,0.708751996,0,0,0,0
2062,3,0.706163576,0,0,0,0
2064,3,0.706198018,0,0,0,0
2065,5,0.706937223,0,0,0,0
2074,6,0.706738813,0,0,0,0
2075,5,0.705017627,15.657552337322844,1.5142364050516386e-4,0.23194631260640902,30.09908271777344
2102,3,0.70689565,0,0,0,0
2400,3,0.706792596,0,0,0,0
2531,6,0.707315403,0,0,0,0
2532,4,0.706491908,0,0,0,0
2124,4,0.706801715,0,0,0,0
3392,5,0.704956493,13.195354392659318,1.2761181038044138e-4,0.19547204626718942,25.365909996561854
3398,3,0.707650063,0,0,0,0
7910,4,0.708047464,42.235020274315175,4.084534024837053e-4,0.6256569995383654,81.18991662529604
3239,4,0.7057522,41.43004987803408,4.0066856196216253e-4,0.6137324080599349,79.6424927354669
3337,3,0.707269085,0,0,0,0
3698,5,0.707004898,0,0,0,0
4205,3,0.70453303,0,0,0,0
4206,6,0.707729283,0,0,0,0
3988,7,0.708925841,0,0,0,0
3989,3,0.707361521,0,0,0,0
3990,3,0.706953084,0,0,0,0
2315,4,0.707671031,0,0,0,0
2210,3,0.706366671,39.858435237663556,3.854695317951774e-4,0.59045097729612,76.62132071305459
2283,5,0.705005967,14.035685766144354,1.3573862567458494e-4,0.20792046472035483,26.981309579839948
2287,4,0.707596784,0,0,0,0
2378,3,0.707231685,0,0,0,0
2379,3,0.70701137,0,0,0,0
2125,3,0.706881319,0,0,0,0
2130,4,0.704902029,13.20248647808303,1.276807845288897e-4,0.19557769885448945,25.379620263945522
2132,6,0.707278971,0,0,0,0
2386,5,0.704931321,12.393298631390676,1.1985515719206672e-4,0.183590631322943,23.82408901569587
2733,6,0.707338999,0,0,0,0
2736,6,0.707331915,0,0,0,0
2354,4,0.707025094,0,0,0,0
2138,3,0.706254473,0,0,0,0
2147,4,0.7052008,19.459629641512212,1.8819339700855179e-4,0.28826915234229233,37.40795429697787
2317,3,0.706416328,33.947599428203326,3.2830604561201124e-4,0.5028896177113156,65.25870591048192
2319,4,0.707678677,0,0,0,0
2454,3,0.706762627,0,0,0,0
2149,3,0.7066063,24.65762834568578,2.3846306050192417e-4,0.365270755555333,47.40025638820948
2152,3,0.706806707,26.64537418047547,2.5768648088196394e-4,0.39471662977918687,51.221372550831504
2153,3,0.706475351,30.476944718862487,2.947414654207603e-4,0.45147637349416,58.58694004754621
2157,7,0.708768244,0,0,0,0
2168,3,0.706606975,24.657771775291135,2.384644476046163e-4,0.36527288027874855,47.40053210816
2184,3,0.706486983,28.840971951464486,2.7892003006038077e-4,0.4272415606225493,55.442050055222126
2199,3,0.706834608,27.382489192696717,2.648150943597864e-4,0.4056360318267217,52.638355566272175
2201,4,0.706826755,0,0,0,0
2260,3,0.704376107,4.813537948478853,4.655155698448405e-5,0.07130631619089878,9.253239188033833
2261,4,0.707018414,0,0,0,0
6070,2,0.705120776,0,0,0,0
6074,1,0.706877227,0,0,0,0
6075,1,0.70768389,0,0,0,0
6077,1,0.707593372,0,0,0,0
6079,2,0.708213838,0,0,0,0
6083,2,0.705419796,0,0,0,0
6084,2,0.708126967,0,0,0,0
6089,2,0.705133787,0,0,0,0
6091,1,0.706641937,0,0,0,0
6092,1,0.706921473,0,0,0,0
6093,1,0.708144533,0,0,0,0
6095,1,0.706868519,0,0,0,0
6096,1,0.706952999,0,0,0,0
6097,2,0.707440103,0,0,0,0
6098,1,0.708244882,0,0,0,0
6099,2,0.704964297,0,0,0,0
6100,1,0.707768183,0,0,0,0
6101,1,0.707840083,0,0,0,0
6102,1,0.708014892,0,0,0,0
6103,1,0.706873415,0,0,0,0
6107,1,0.707704558,0,0,0,0
6108,2,0.707761394,0,0,0,0
6109,1,0.708326233,0,0,0,0
6110,1,0.706941812,0,0,0,0
6111,1,0.706937201,0,0,0,0
6112,1,0.707784047,0,0,0,0
6114,1,0.707686428,0,0,0,0
6115,1,0.706924508,0,0,0,0
6117,1,0.70778678799999994,0,0,0,0
6270,2,0.707702082,0,0,0,0
6271,1,0.707281323,0,0,0,0
6273,2,0.707273434,0,0,0,0
6274,1,0.706878165,0,0,0,0
6278,1,0.707746331,0,0,0,0
6279,1,0.70690054,0,0,0,0
6280,1,0.707774491,0,0,0,0
6281,1,0.708142244,0,0,0,0
6282,2,0.708359029,0,0,0,0
6283,1,0.707948626,0,0,0,0
6291,2,0.707327465,0,0,0,0
6292,1,0.705434249,0,0,0,0
6296,1,0.706887504,0,0,0,0
6297,2,0.707095186,0,0,0,0
6298,1,0.706959722,0,0,0,0
6302,1,0.707728681,0,0,0,0
6303,2,0.708378191,0,0,0,0
6305,1,0.707629872,0,0,0,0
6316,1,0.706886188,0,0,0,0
6317,1,0.707899345,0,0,0,0
6318,1,0.707564499,0,0,0,0
6319,1,0.706991938,0,0,0,0
6320,2,0.707569808,0,0,0,0
6321,2,0.705515577,0,0,0,0
6322,2,0.706957902,0,0,0,0
6323,1,0.706960765,0,0,0,0
6324,2,0.706898476,0,0,0,0
6325,1,0.703539684,0,0,0,0
6432,1,0.707757933,0,0,0,0
6434,2,0.707017722,0,0,0,0
6435,1,0.707261282,0,0,0,0
6436,1,0.70698826,0,0,0,0
6438,1,0.708602409,0,0,0,0
6439,2,0.705580718,0,0,0,0
6476,1,0.705514111,0,0,0,0
6477,2,0.706912257,0,0,0,0
6530,1,0.706923368,0,0,0,0
6531,1,0.70503869,0,0,0,0
6532,1,0.705487563,0,0,0,0
6380,1,0.707013023,0,0,0,0
6381,2,0.705264522,0,0,0,0
6382,2,0.706984504,0,0,0,0
6383,1,0.707055896,0,0,0,0
6384,2,0.70776056,0,0,0,0
6385,1,0.706953629,0,0,0,0
6536,2,0.707338986,0,0,0,0
6538,1,0.705425999,0,0,0,0
6541,2,0.707703094,0,0,0,0
8232,1,0.706209912,0,0,0,0
8234,1,0.705776099,0,0,0,0
8235,1,0.707208394,0,0,0,0
8236,1,0.707319415,0,0,0,0
8237,1,0.707154251,0,0,0,0
8241,1,0.707169153,0,0,0,0
8243,1,0.707198446,0,0,0,0
8244,1,0.707270284,0,0,0,0
8245,1,0.707294885,0,0,0,0
8246,1,0.707633743,0,0,0,0
8247,1,0.707203455,0,0,0,0
8248,2,0.70693846,0,0,0,0
8249,1,0.707159065,0,0,0,0
8250,2,0.707605351,0,0,0,0
8251,2,0.707157585,0,0,0,0
8253,1,0.707144067,0,0,0,0
8254,1,0.707615495,0,0,0,0
8255,2,0.70717757,0,0,0,0
8256,2,0.707039626,0,0,0,0
8257,2,0.707615668,0,0,0,0
8258,1,0.707202832,0,0,0,0
8364,2,0.70886464,0,0,0,0
8366,1,0.707166542,0,0,0,0
8369,1,0.707157552,0,0,0,0
8371,2,0.707254885,0,0,0,0
8372,1,0.705198622,0,0,0,0
8379,2,0.705648186,0,0,0,0
8388,1,0.70724403,0,0,0,0
8389,1,0.707347211,0,0,0,0
8400,1,0.707228165,0,0,0,0
8402,2,0.707442674,0,0,0,0
8403,2,0.70694658,0,0,0,0
8404,1,0.708196804,0,0,0,0
8405,1,0.707249471,0,0,0,0
8409,1,0.707218121,0,0,0,0
8410,2,0.707259493,0,0,0,0
8411,1,0.707340795,0,0,0,0
8415,1,0.70905682,0,0,0,0
8429,1,0.707171737,0,0,0,0
8589,1,0.707532453,0,0,0,0
8590,1,0.707816766,0,0,0,0
8591,2,0.70819878,0,0,0,0
8652,1,0.707240176,0,0,0,0
8653,2,0.707607982,0,0,0,0
8757,2,0.708252144,0,0,0,0
10219,1,0.706540102,0,0,0,0
10221,1,0.707485076,0,0,0,0
10222,1,0.705934143,0,0,0,0
10223,1,0.709648526,0,0,0,0
10225,1,0.70708874,0,0,0,0
10229,2,0.707410736,0,0,0,0
10233,1,0.70947629,0,0,0,0
10234,2,0.705444837,0,0,0,0
10235,1,0.707098797,0,0,0,0
10236,1,0.707304317,0,0,0,0
10237,1,0.708751993,0,0,0,0
10238,1,0.707357047,0,0,0,0
10239,1,0.707431246,0,0,0,0
10240,2,0.707373426,0,0,0,0
10241,2,0.70736426,0,0,0,0
10245,1,0.707419862,0,0,0,0
10248,2,0.706569989,0,0,0,0
10249,2,0.706365313,0,0,0,0
10250,2,0.705611615,0,0,0,0
10251,1,0.708396266,0,0,0,0
10254,1,0.707161789,0,0,0,0
10255,2,0.708717781,0,0,0,0
10256,1,0.706308529,0,0,0,0
10257,1,0.705572981,0,0,0,0
10261,1,0.707351815,0,0,0,0
10262,1,0.709076559,0,0,0,0
10264,1,0.707136541,0,0,0,0
10265,2,0.705512598,0,0,0,0
10266,2,0.705804081,0,0,0,0
10267,2,0.709619026,0,0,0,0
10268,2,0.706760822,0,0,0,0
10270,1,0.707348888,0,0,0,0
10273,1,0.706753249,0,0,0,0
10274,1,0.707334056,0,0,0,0
10275,1,0.706872168,0,0,0,0
10276,1,0.707155191,0,0,0,0
10277,2,0.707129601,0,0,0,0
10278,1,0.70924705,0,0,0,0
10279,1,0.707100121,0,0,0,0
10280,2,0.706833806,0,0,0,0
10283,2,0.707466976,0,0,0,0
10284,2,0.709685603,0,0,0,0
10285,1,0.709800296,0,0,0,0
11725,1,0.709426999,0,0,0,0
11726,2,0.705878751,0,0,0,0
11727,2,0.708067581,0,0,0,0
11728,2,0.70678887,0,0,0,0
11729,2,0.708077892,0,0,0,0
11731,2,0.709374127,0,0,0,0
11732,2,0.706556386,0,0,0,0
11801,2,0.70806228,0,0,0,0
11802,1,0.706420771,0,0,0,0
11803,1,0.707038764,0,0,0,0
11805,1,0.707119255,0,0,0,0
11938,1,0.707769627,0,0,0,0
11939,1,0.707868614,0,0,0,0
11941,1,0.707151771,0,0,0,0
12086,2,0.707664099,0,0,0,0
12087,1,0.707128816,0,0,0,0
11743,2,0.70653832,0,0,0,0
11744,2,0.709830883,0,0,0,0
11745,1,0.707096939,0,0,0,0
11747,1,0.709210011,0,0,0,0
11748,1,0.708058317,0,0,0,0
11760,1,0.706543795,0,0,0,0
12192,1,0.707053085,0,0,0,0
12193,1,0.707901749,0,0,0,0
12252,1,0.706722242,0,0,0,0
12296,1,0.707896254,0,0,0,0
12159,1,0.707182772,0,0,0,0
12160,1,0.707411083,0,0,0,0
12161,2,0.706725336,0,0,0,0
12235,1,0.709239395,0,0,0,0
12236,1,0.709806756,0,0,0,0
12513,1,0.70735433,0,0,0,0
12563,1,0.706820388,0,0,0,0
12565,1,0.706761531,0,0,0,0
11761,2,0.707401923,0,0,0,0
11768,1,0.707535537,0,0,0,0
2055,2,0.706735215,0,0,0,0
2063,2,0.704792389,0,0,0,0
2066,1,0.70691418,0,0,0,0
2067,1,0.704467332,0,0,0,0
2076,2,0.706739272,0,0,0,0
2088,1,0.707465721,0,0,0,0
2089,1,0.706550957,0,0,0,0
2090,1,0.706797261,0,0,0,0
2091,1,0.707099524,0,0,0,0
2101,1,0.706692487,0,0,0,0
2103,1,0.706687203,0,0,0,0
2275,2,0.707715492,0,0,0,0
2276,1,0.708029915,0,0,0,0
2277,2,0.706999904,0,0,0,0
2398,1,0.70670712,0,0,0,0
2399,1,0.706164303,0,0,0,0
2527,2,0.70770328,0,0,0,0
2528,2,0.70682658,0,0,0,0
2529,1,0.704491363,0,0,0,0
2530,1,0.706925139,0,0,0,0
2104,2,0.707114376,0,0,0,0
2105,1,0.70735125,0,0,0,0
2106,1,0.707311205,0,0,0,0
2107,1,0.705965345,0,0,0,0
2108,1,0.70694368,0,0,0,0
2120,1,0.706722964,0,0,0,0
2121,1,0.707134348,0,0,0,0
2122,1,0.707121616,0,0,0,0
2123,1,0.706605483,0,0,0,0
2239,1,0.707492895,0,0,0,0
2240,1,0.706722782,0,0,0,0
2241,1,0.706619589,0,0,0,0
3393,1,0.707074755,0,0,0,0
3394,2,0.706852068,0,0,0,0
3395,1,0.706644677,0,0,0,0
3396,2,0.707077307,0,0,0,0
3397,2,0.70668176,0,0,0,0
3399,2,0.704514943,0,0,0,0
8181,1,0.707592568,0,0,0,0
8182,2,0.707438284,0,0,0,0
8183,1,0.707193458,0,0,0,0
7908,1,0.707415971,0,0,0,0
7909,1,0.70787282,0,0,0,0
7911,1,0.707145712,0,0,0,0
7912,2,0.707848222,0,0,0,0
3235,1,0.705288309,0,0,0,0
3236,1,0.707734484,0,0,0,0
3237,1,0.707311655,0,0,0,0
3238,1,0.706666808,0,0,0,0
3240,1,0.708053109,0,0,0,0
3241,2,0.706374893,0,0,0,0
3242,2,0.707432242,0,0,0,0
3328,1,0.708124258,0,0,0,0
3329,1,0.706853682,0,0,0,0
3330,2,0.706954061,0,0,0,0
3338,1,0.706683026,0,0,0,0
3339,1,0.706926532,0,0,0,0
3721,1,0.707432559,0,0,0,0
3722,2,0.706904102,0,0,0,0
3746,2,0.707401841,0,0,0,0
3747,1,0.704539268,0,0,0,0
3697,1,0.706899339,0,0,0,0
3699,1,0.707060226,0,0,0,0
3706,2,0.707136141,0,0,0,0
3707,1,0.707952844,0,0,0,0
3708,1,0.704577858,0,0,0,0
4002,1,0.707834456,0,0,0,0
4492,2,0.707089877,0,0,0,0
4493,1,0.70670941,0,0,0,0
4494,1,0.704753752,0,0,0,0
4204,2,0.707088839,0,0,0,0
4207,1,0.706777791,0,0,0,0
3986,1,0.708184989,0,0,0,0
3987,2,0.70778846,0,0,0,0
3991,2,0.704576689,0,0,0,0
3992,2,0.704596353,0,0,0,0
3993,1,0.704848754,0,0,0,0
2314,1,0.704534793,0,0,0,0
2316,1,0.706920186,0,0,0,0
2209,1,0.706971235,0,0,0,0
2211,2,0.706449061,0,0,0,0
2281,2,0.70733255,0,0,0,0
2282,1,0.707717292,0,0,0,0
2284,2,0.707775729,0,0,0,0
2285,1,0.706895923,0,0,0,0
2286,1,0.705549915,0,0,0,0
2288,1,0.707185818,0,0,0,0
2289,2,0.707190543,0,0,0,0
2377,1,0.706699972,0,0,0,0
2126,1,0.706716788,0,0,0,0
2127,1,0.707060148,0,0,0,0
2128,2,0.706927368,0,0,0,0
2129,1,0.707250171,0,0,0,0
2131,2,0.70669309,0,0,0,0
2133,1,0.704443534,0,0,0,0
2164,2,0.705729642,0,0,0,0
2165,1,0.707674888,0,0,0,0
2166,1,0.704432641,0,0,0,0
2387,1,0.705086665,0,0,0,0
2388,1,0.70663388,0,0,0,0
2731,1,0.706695046,0,0,0,0
2732,1,0.707819521,0,0,0,0
2734,1,0.707018852,0,0,0,0
2735,1,0.706647496,0,0,0,0
2353,1,0.706984244,0,0,0,0
2355,1,0.707002956,0,0,0,0
2479,1,0.706835483,0,0,0,0
2480,1,0.70742838,0,0,0,0
2481,1,0.706902742,0,0,0,0
2482,1,0.70805459,0,0,0,0
2483,1,0.707685095,0,0,0,0
2484,1,0.706550889,0,0,0,0
2137,2,0.706747758,0,0,0,0
2139,1,0.707657418,0,0,0,0
2146,1,0.706659183,0,0,0,0
2148,2,0.706428571,0,0,0,0
2236,1,0.706667678,0,0,0,0
2237,2,0.70559739,0,0,0,0
2238,1,0.707216462,0,0,0,0
2318,1,0.706986809,0,0,0,0
2368,1,0.706667635,0,0,0,0
2369,2,0.706305663,0,0,0,0
2370,1,0.707465865,0,0,0,0
2449,1,0.706912848,0,0,0,0
2450,1,0.707337634,0,0,0,0
2451,2,0.705969617,0,0,0,0
2452,1,0.706689036,0,0,0,0
2453,2,0.707330447,0,0,0,0
2150,1,0.706185717,0,0,0,0
2151,1,0.706618871,0,0,0,0
2154,1,0.707029662,0,0,0,0
2155,2,0.706632166,0,0,0,0
2156,1,0.707153872,0,0,0,0
2167,1,0.706705448,0,0,0,0
2169,1,0.706209099,0,0,0,0
2170,2,0.70732939,0,0,0,0
2171,1,0.706881248,0,0,0,0
2172,1,0.707172726,0,0,0,0
2173,1,0.706815138,0,0,0,0
2174,1,0.706781624,0,0,0,0
2175,1,0.706934628,0,0,0,0
2176,2,0.706702773,0,0,0,0
2177,1,0.707492439,0,0,0,0
2178,1,0.706675571,0,0,0,0
2179,1,0.707462322,0,0,0,0
2180,2,0.707713142,0,0,0,0
2181,2,0.706943093,0,0,0,0
2182,2,0.70740124,0,0,0,0
2183,1,0.70723244,0,0,0,0
2191,1,0.70798927,0,0,0,0
2192,2,0.707333229,0,0,0,0
2193,2,0.706277185,0,0,0,0
2194,1,0.706710148,0,0,0,0
2195,1,0.707640675,0,0,0,0
2196,1,0.706764688,0,0,0,0
2197,2,0.706761345,0,0,0,0
2198,1,0.704488522,0,0,0,0
2200,1,0.707272715,0,0,0,0
2202,1,0.706731632,0,0,0,0
2203,1,0.70719577,0,0,0,0
2204,1,0.707764791,0,0,0,0
2205,1,0.707441426,0,0,0,0
2206,1,0.707708715,0,0,0,0
2207,1,0.707202437,0,0,0,0
2208,1,0.706750898,0,0,0,0
2262,2,0.706704453,0,0,0,0
2263,5,0.705006041,14.035788760466714,1.357396217290708e-4,0.20792199044754234,26.98150756957432
2265,3,0.704402741,4.852232324095667,4.692576893643809e-5,0.07187952313599283,9.327622794571544
2335,3,0.707242133,0,0,0,0
2336,3,0.705117393,18.32158554296123,1.7718741237280304e-4,0.27141050633201064,35.22025070699155
2216,4,0.704927252,13.19546536636956,1.2761288360330807e-4,0.1954736901986502,25.366123325363958
2222,3,0.704394929,4.841470631496939,4.682169298406766e-5,0.07172010263003493,9.306935201215065
2227,4,0.707018959,0,0,0,0
2231,7,0.708792116,0,0,0,0
2234,3,0.706847551,27.35940640486852,2.645918615267961e-4,0.4052940902891121,52.593982683127365
2244,3,0.7043592,4.786066449064962,4.6285881075391216e-5,0.07089936158819037,9.200429724879813
2251,3,0.704390869,4.83568409697657,4.6765731611299683e-5,0.0716343826326909,9.295811535304484
2258,3,0.704391709,4.836892135656871,4.677741451108512e-5,0.07165227815756893,9.298133792026434
2292,3,0.706891881,0,0,0,0
2299,7,0.708811967,0,0,0,0
2303,4,0.70701771,0,0,0,0
2309,4,0.707697242,0,0,0,0
2321,3,0.707710353,42.48454399468279,4.108665376479028e-4,0.6293533695456456,81.66958515442423
2322,4,0.707682751,0,0,0,0
2323,5,0.70492353,13.197329364362199,1.2763091026263892e-4,0.1955013029092313,25.369706556545786
2329,5,0.704933495,12.393442496893826,1.1985654851031114e-4,0.1835927625036185,23.824365573588587
2331,3,0.706494957,28.818897025678076,2.7870654422591275e-4,0.42691454925277,55.39961462196158
2332,4,0.705288265,23.07870251580013,2.2319332407709283e-4,0.3418810190096011,44.36502980010005
2333,3,0.706432794,33.8601371152572,3.274602006454429e-4,0.5015939770809774,65.09057392309727
2341,3,0.706771724,0,0,0,0
2350,3,0.706724195,0,0,0,0
2547,4,0.706904754,26.403767499957628,2.5534991113298903e-4,0.39113754044006926,50.75692323554876
2727,3,0.707305547,29.988246044690793,2.900152776515053e-4,0.4442369370223706,57.64749679990032
2730,7,0.708934755,0,0,0,0
2478,3,0.706343224,0,0,0,0
2600,3,0.705177911,17.766571206257424,1.7181988815281892e-4,0.2631886894050266,34.15332644768843
2854,4,0.707920172,0,0,0,0
2856,5,0.704937815,12.393449353418223,1.1985661481951855e-4,0.18359286407412692,23.82437875413498
3382,3,0.706462187,31.324834171702342,3.029413746357465e-4,0.46403675508172654,60.21686880184588
3385,3,0.706787385,0,0,0,0
3388,3,0.707175238,25.624619036952225,2.478147936241656e-4,0.37959546738333283,49.25913778784989
3589,3,0.70597206,47.889565431836324,4.631383107443471e-4,0.7094217458088995,92.05985457989685
3402,3,0.706895629,0,0,0,0
3613,5,0.706467875,31.303625330451357,3.027362646745002e-4,0.4637225736300641,60.17609827440911
3481,5,0.706969846,0,0,0,0
3482,4,0.705623905,42.686626167223324,4.128208672639271e-4,0.632346954606354,82.05805506951985
3483,3,0.707690071,0,0,0,0
3559,7,0.708901979,0,0,0,0
3866,3,0.708144096,0,0,0,0
3867,3,0.706839988,0,0,0,0
3922,3,0.707665757,0,0,0,0
3413,5,0.706949932,0,0,0,0
3463,3,0.706370712,39.828809595888835,3.851830232507265e-4,0.5900121118706558,76.5643702636399
3466,3,0.705845918,43.303744428776255,4.1878899636695527e-4,0.6414887605620705,83.24436396384516
3468,3,0.706914179,0,0,0,0
3691,3,0.706716978,0,0,0,0
5504,3,0.705632612,42.78703572224947,4.137919245553864e-4,0.6338343918211254,82.25107601157238
5506,3,0.707926159,0,0,0,0
5526,3,0.707561083,38.2580147815822,3.699919215929042e-4,0.5667428257657506,73.54477422270794
5585,3,0.707316854,30.875079835831553,2.9859181619881254e-4,0.45737422842771625,59.35228967310277
5587,3,0.707642711,41.32629155409687,3.9966511884380004e-4,0.6121953631808262,79.44303433305751
5634,4,0.707484863,0,0,0,0
5640,3,0.707953679,0,0,0,0
5643,4,0.707791947,45.03774971269048,4.3555850076258136e-4,0.6671757979085924,86.57770543058135
5854,3,0.706742988,0,0,0,0
5533,3,0.707895756,0,0,0,0
5535,7,0.708982319,0,0,0,0
5560,3,0.707650816,41.3813368954538,4.0019746041300224e-4,0.6130107884579602,79.54884999613411
5571,4,0.706404376,34.807306208927926,3.366202397912626e-4,0.5156250576712686,66.91135154426844
5579,4,0.70569097,41.78204915710605,4.0407273466706335e-4,0.6189468204445732,80.31915376071085
5611,4,0.706920921,0,0,0,0
8289,4,0.708226912,43.000639422353586,4.1585767846112544e-4,0.6369986533564445,82.66169417843174
8161,5,0.707913294,42.74624313544005,4.133974208764441e-4,0.6332301026009279,82.1726589372943
8162,4,0.707854596,0,0,0,0
8031,4,0.707093878,0,0,0,0
8032,4,0.707640525,41.31072247263848,3.995145508020678e-4,0.6119647274494461,79.41310532113023
8188,5,0.708177293,42.41706600056018,4.102139603290536e-4,0.6283537706567754,81.53986975044731
7864,3,0.705993589,47.01162378955789,4.5464776785738567e-4,0.6964161800459359,90.37215540808398
7929,4,0.707996357,41.679204446129376,4.0307812706765796e-4,0.6174233095555021,80.12145162974664
8099,3,0.705873848,44.09186652127369,4.264108975324419e-4,0.6531637662909469,84.7593997461136
8148,7,0.708794192,0,0,0,0
7897,3,0.705782439,42.368182290227736,4.097412076777791e-4,0.6276296219447763,81.44589881494286
7900,3,0.709027343,66.38401920248036,6.419975256951949e-4,0.9833930705315507,127.61241617253667
7902,7,0.708591733,0,0,0,0
8398,4,0.706468826,31.299932289123973,3.027005494011113e-4,0.46366786601678356,60.16899900665649
8387,4,0.705731584,41.303488725818085,3.9944459348981116e-4,0.6118575688805221,79.39919962634373
8505,3,0.708882225,61.331148700796945,5.931313919673686e-4,0.9085413532456065,117.89909930692173
8506,5,0.706624497,24.662903027060057,2.3851407176083558e-4,0.3653488931127609,47.41039610018833
8617,7,0.708814187,0,0,0,0
8657,3,0.707434447,0,0,0,0
8658,5,0.707897933,42.76886491935071,4.13616195356687e-4,0.6335652149639344,82.2161456158301
8659,4,0.707053061,0,0,0,0
8662,5,0.707925676,42.71630370409226,4.131078776840174e-4,0.6327865887902732,82.11510527876287
8468,4,0.708099311,41.98671662257209,4.060520665604627e-4,0.6219787032639708,80.71259347848941
8469,4,0.706408221,34.7876760737388,3.3643039744107227e-4,0.5153342627005739,66.8736158209517
8471,3,0.707597368,0,0,0,0
8472,4,0.707417679,0,0,0,0
8473,3,0.70642786,33.887761784842645,3.277273578579026e-4,0.5020032007009452,65.14367783084673
8474,3,0.70718482,0,0,0,0
8475,3,0.70760714,0,0,0,0
8476,5,0.706305657,41.95269941987766,4.057230873840997e-4,0.6214747825642231,80.64720097168704
8477,4,0.707179146,0,0,0,0
8480,4,0.707182599,0,0,0,0
8484,3,0.707190614,0,0,0,0
8485,3,0.707627704,0,0,0,0
8487,4,0.706453205,32.16131998538752,3.1103099965569336e-4,0.476428206558428,61.82487592556079
8488,3,0.707188411,0,0,0,0
8494,4,0.706937095,23.943071042262318,2.315526018361712e-4,0.35468551668118414,46.02663687738309
8495,4,0.708285973,44.35040192941783,4.289111844136395e-4,0.656993632754448,85.25639177063678
8497,3,0.705639332,42.064498570868615,4.068042930594008e-4,0.6231309418582315,80.86211654858933
8518,3,0.709219975,62.76237061727903,6.069726890165823e-4,0.9297430480506234,120.65038928658213
8772,5,0.706363684,41.48240163299464,4.0117485395162406e-4,0.6145079313511859,79.74313041938012
8774,3,0.70744566,0,0,0,0
8701,4,0.706329609,40.16670515419086,3.884507993658128e-4,0.5950175959403096,77.21391919314007
8702,3,0.707295363,0,0,0,0
15725,7,0.709707175,0,0,0,0
15726,5,0.708292759,43.53598732714998,4.2103500930662735e-4,0.6449291376239696,83.69081293991555
15727,7,0.709609307,0,0,0,0
15731,6,0.709124466,65.19340031025581,6.304830920703993e-4,0.9657555972010141,125.32364614320156
2422,3,0.707030978,0,0,0,0
2424,4,0.707782682,0,0,0,0
2426,4,0.707785321,0,0,0,0
2428,7,0.708859258,0,0,0,0
2709,5,0.706138911,42.3576877755092,4.096397155933344e-4,0.6274741593322863,81.42572482734946
3107,5,0.706824786,0,0,0,0
3108,6,0.707000893,0,0,0,0
3109,3,0.706877959,0,0,0,0
3111,7,0.708924652,0,0,0,0
2929,6,0.707167266,0,0,0,0
2930,3,0.707324457,0,0,0,0
2264,1,0.707186581,0,0,0,0
2266,1,0.707028484,0,0,0,0
2267,2,0.706689255,0,0,0,0
2268,2,0.707774391,0,0,0,0
2337,1,0.70695881,0,0,0,0
2380,2,0.706677147,0,0,0,0
2381,1,0.707781232,0,0,0,0
2382,1,0.706536907,0,0,0,0
2383,2,0.707471147,0,0,0,0
2384,1,0.706793119,0,0,0,0
2385,1,0.706874382,0,0,0,0
2215,1,0.704935098,0,0,0,0
2217,2,0.707244276,0,0,0,0
2218,1,0.706685175,0,0,0,0
2219,2,0.706189615,0,0,0,0
2220,2,0.706718667,0,0,0,0
2221,1,0.706481421,0,0,0,0
2223,2,0.706726441,0,0,0,0
2224,1,0.70660559,0,0,0,0
2225,2,0.707245355,0,0,0,0
2226,2,0.707395839,0,0,0,0
2228,2,0.707338078,0,0,0,0
2229,1,0.704949535,0,0,0,0
2230,1,0.706669827,0,0,0,0
2232,1,0.707717746,0,0,0,0
2233,2,0.707716342,0,0,0,0
2235,2,0.706731356,0,0,0,0
2242,2,0.707293021,0,0,0,0
2243,1,0.707459528,0,0,0,0
2245,1,0.706666964,0,0,0,0
2246,2,0.707443904,0,0,0,0
2247,1,0.707785605,0,0,0,0
2248,2,0.706680231,0,0,0,0
2249,1,0.706705307,0,0,0,0
2250,1,0.70742693,0,0,0,0
2252,1,0.704494859,0,0,0,0
2253,1,0.706923642,0,0,0,0
2254,2,0.705314927,0,0,0,0
2255,1,0.707299352,0,0,0,0
2256,2,0.706985195,0,0,0,0
2257,1,0.706887084,0,0,0,0
2259,1,0.706680322,0,0,0,0
2269,2,0.707023749,0,0,0,0
2270,2,0.706785887,0,0,0,0
2271,1,0.707317267,0,0,0,0
2290,1,0.707217241,0,0,0,0
2291,2,0.707191451,0,0,0,0
2293,2,0.707445585,0,0,0,0
2294,2,0.707367061,0,0,0,0
2295,1,0.706721353,0,0,0,0
2296,1,0.707687278,0,0,0,0
2297,1,0.707338062,0,0,0,0
2298,2,0.707197591,0,0,0,0
2300,1,0.706771058,0,0,0,0
2301,2,0.706739887,0,0,0,0
2302,2,0.707450991,0,0,0,0
2304,2,0.707783763,0,0,0,0
2305,1,0.707018059,0,0,0,0
2306,2,0.707245092,0,0,0,0
2307,1,0.704478816,0,0,0,0
2308,2,0.706947566,0,0,0,0
2310,2,0.706871995,0,0,0,0
2320,1,0.707764265,0,0,0,0
2324,2,0.706975689,0,0,0,0
2325,1,0.707482487,0,0,0,0
2326,1,0.707197249,0,0,0,0
2327,1,0.707813334,0,0,0,0
2328,1,0.707421096,0,0,0,0
2330,2,0.706712022,0,0,0,0
2334,1,0.706693717,0,0,0,0
2338,1,0.706728149,0,0,0,0
2339,1,0.706005425,0,0,0,0
2340,1,0.707280713,0,0,0,0
2342,1,0.704945018,0,0,0,0
2343,2,0.70688756,0,0,0,0
2344,1,0.707005826,0,0,0,0
2345,2,0.704830356,0,0,0,0
2346,1,0.704442638,0,0,0,0
2351,1,0.706739712,0,0,0,0
2352,1,0.704459155,0,0,0,0
2407,2,0.708017345,0,0,0,0
2408,1,0.708051832,0,0,0,0
2409,1,0.706725912,0,0,0,0
2410,1,0.706717861,0,0,0,0
2411,1,0.7067092,0,0,0,0
2412,2,0.704433453,0,0,0,0
2545,2,0.706672289,0,0,0,0
2546,1,0.707673701,0,0,0,0
2725,1,0.706985145,0,0,0,0
2726,2,0.706725442,0,0,0,0
2728,1,0.707836032,0,0,0,0
2729,1,0.706599071,0,0,0,0
2356,2,0.707008481,0,0,0,0
2357,1,0.704985267,0,0,0,0
2358,1,0.707213661,0,0,0,0
2359,2,0.706887046,0,0,0,0
2360,1,0.706857824,0,0,0,0
2361,1,0.706671339,0,0,0,0
2413,2,0.70750854,0,0,0,0
2414,2,0.705136496,0,0,0,0
2415,1,0.706766184,0,0,0,0
2470,1,0.706941187,0,0,0,0
2471,2,0.707680172,0,0,0,0
2472,2,0.708062601,0,0,0,0
2473,2,0.708008008,0,0,0,0
2474,2,0.704450201,0,0,0,0
2475,2,0.707428556,0,0,0,0
2476,2,0.707611495,0,0,0,0
2477,2,0.708054666,0,0,0,0
2590,1,0.706733526,0,0,0,0
2591,1,0.706998425,0,0,0,0
2592,2,0.708085098,0,0,0,0
2599,2,0.707289955,0,0,0,0
2601,2,0.706886638,0,0,0,0
2855,1,0.706764983,0,0,0,0
2362,2,0.706722763,0,0,0,0
2363,2,0.707466374,0,0,0,0
2364,2,0.706743342,0,0,0,0
3379,1,0.704547466,0,0,0,0
3380,1,0.707438806,0,0,0,0
3381,1,0.707027544,0,0,0,0
3383,1,0.707294301,0,0,0,0
3384,2,0.707907456,0,0,0,0
3386,1,0.706780142,0,0,0,0
3387,1,0.704542913,0,0,0,0
3389,1,0.705888249,0,0,0,0
3390,1,0.706768323,0,0,0,0
3391,2,0.707224985,0,0,0,0
3454,2,0.707306449,0,0,0,0
3455,1,0.707614227,0,0,0,0
3456,1,0.706869659,0,0,0,0
3526,2,0.707608669,0,0,0,0
3527,1,0.706942667,0,0,0,0
3528,1,0.705477432,0,0,0,0
3586,2,0.706937628,0,0,0,0
3587,1,0.707404904,0,0,0,0
3588,1,0.707867178,0,0,0,0
3590,1,0.70454261,0,0,0,0
3591,2,0.707045719,0,0,0,0
3709,2,0.707803724,0,0,0,0
3710,1,0.705292137,0,0,0,0
3711,1,0.706928367,0,0,0,0
3712,2,0.706578909,0,0,0,0
3713,1,0.706727498,0,0,0,0
3714,1,0.706955286,0,0,0,0
3763,1,0.707735976,0,0,0,0
3764,2,0.706885628,0,0,0,0
3765,2,0.704519527,0,0,0,0
3400,1,0.704512463,0,0,0,0
3401,1,0.706819844,0,0,0,0
3403,1,0.707328529,0,0,0,0
3404,2,0.70774352,0,0,0,0
3405,1,0.707738784,0,0,0,0
3610,2,0.70770348,0,0,0,0
3611,1,0.707329625,0,0,0,0
3612,1,0.706960393,0,0,0,0
3614,1,0.707280744,0,0,0,0
3615,1,0.706885638,0,0,0,0
3556,1,0.70704455,0,0,0,0
3557,1,0.707936667,0,0,0,0
3558,2,0.707359034,0,0,0,0
3560,1,0.707302892,0,0,0,0
3561,2,0.706886098,0,0,0,0
3865,2,0.70773089,0,0,0,0
3923,1,0.706925889,0,0,0,0
3924,1,0.707000525,0,0,0,0
3700,2,0.70776398,0,0,0,0
3701,2,0.706937395,0,0,0,0
3702,2,0.707444376,0,0,0,0
3658,1,0.704827765,0,0,0,0
3659,1,0.705128992,0,0,0,0
3660,1,0.706938776,0,0,0,0
3406,1,0.706685454,0,0,0,0
3407,1,0.706726451,0,0,0,0
3408,2,0.706751034,0,0,0,0
3412,1,0.704528974,0,0,0,0
3414,1,0.707387715,0,0,0,0
3464,1,0.706912316,0,0,0,0
3465,2,0.707862453,0,0,0,0
3467,1,0.707820056,0,0,0,0
3692,2,0.70689373,0,0,0,0
3693,1,0.707147352,0,0,0,0
5498,2,0.707161988,0,0,0,0
5499,2,0.70809337,0,0,0,0
5500,1,0.706812798,0,0,0,0
5505,1,0.707694215,0,0,0,0
5507,1,0.706832945,0,0,0,0
5508,1,0.708329453,0,0,0,0
5509,1,0.708336363,0,0,0,0
5510,1,0.70683814,0,0,0,0
5511,2,0.706812929,0,0,0,0
5512,1,0.705356898,0,0,0,0
5525,1,0.706826273,0,0,0,0
5527,2,0.707849425,0,0,0,0
5586,2,0.705399357,0,0,0,0
5633,1,0.706803937,0,0,0,0
5635,1,0.707652193,0,0,0,0
5636,2,0.707631433,0,0,0,0
5637,2,0.707400743,0,0,0,0
5638,2,0.708283642,0,0,0,0
5639,1,0.707692413,0,0,0,0
5641,2,0.705720961,0,0,0,0
5642,2,0.707420338,0,0,0,0
5644,2,0.707862492,0,0,0,0
5852,1,0.707691075,0,0,0,0
5853,1,0.707560562,0,0,0,0
5528,1,0.707582345,0,0,0,0
5529,2,0.705403425,0,0,0,0
5530,1,0.707656693,0,0,0,0
5531,1,0.706839658,0,0,0,0
5532,1,0.708118993,0,0,0,0
5534,1,0.70756025,0,0,0,0
5536,1,0.706854994,0,0,0,0
5555,1,0.707756879,0,0,0,0
5556,1,0.707623526,0,0,0,0
5557,1,0.708034031,0,0,0,0
5558,2,0.705472584,0,0,0,0
5559,1,0.706833892,0,0,0,0
5561,2,0.707680203,0,0,0,0
5562,2,0.706802232,0,0,0,0
5563,1,0.70804227,0,0,0,0
5564,1,0.708276528,0,0,0,0
5565,2,0.708038325,0,0,0,0
5566,2,0.707558119,0,0,0,0
5570,2,0.706748224,0,0,0,0
5572,1,0.705518908,0,0,0,0
5573,2,0.708281791,0,0,0,0
5574,1,0.707711685,0,0,0,0
5575,1,0.706804018,0,0,0,0
5576,1,0.707628583,0,0,0,0
5577,2,0.707696601,0,0,0,0
5578,1,0.70490179,0,0,0,0
5580,1,0.707655307,0,0,0,0
5581,1,0.704883641,0,0,0,0
5582,1,0.707667427,0,0,0,0
5600,2,0.70755238,0,0,0,0
5601,1,0.70825033,0,0,0,0
5602,1,0.707247615,0,0,0,0
5603,1,0.70683343,0,0,0,0
5604,1,0.704938211,0,0,0,0
5605,1,0.705547261,0,0,0,0
5609,2,0.706814561,0,0,0,0
5610,1,0.706331911,0,0,0,0
5615,1,0.706853132,0,0,0,0
5616,1,0.70681707,0,0,0,0
5617,1,0.708188629,0,0,0,0
5819,1,0.706828691,0,0,0,0
5820,2,0.707870419,0,0,0,0
5821,2,0.707292495,0,0,0,0
7857,2,0.707158931,0,0,0,0
7858,1,0.707057202,0,0,0,0
7859,2,0.707438462,0,0,0,0
8290,2,0.707151481,0,0,0,0
8291,1,0.709246515,0,0,0,0
8160,2,0.707646394,0,0,0,0
8033,1,0.707142995,0,0,0,0
8175,1,0.707662998,0,0,0,0
8176,1,0.70705823,0,0,0,0
8177,1,0.707228461,0,0,0,0
8187,1,0.707250304,0,0,0,0
8189,2,0.707312346,0,0,0,0
8637,2,0.707271851,0,0,0,0
8638,1,0.709350417,0,0,0,0
8639,1,0.707631669,0,0,0,0
8424,1,0.707579639,0,0,0,0
8425,1,0.705559631,0,0,0,0
8426,2,0.707342673,0,0,0,0
7860,2,0.708874465,0,0,0,0
7861,1,0.707168147,0,0,0,0
7862,2,0.706173307,0,0,0,0
7863,1,0.707398438,0,0,0,0
7865,2,0.708202009,0,0,0,0
7866,2,0.709032962,0,0,0,0
7867,1,0.70890622,0,0,0,0
7868,2,0.707298062,0,0,0,0
7878,2,0.707156574,0,0,0,0
7879,1,0.705577427,0,0,0,0
7880,1,0.708913493,0,0,0,0
7881,1,0.708953516,0,0,0,0
7882,1,0.705895843,0,0,0,0
7883,1,0.708140995,0,0,0,0
7887,1,0.707146838,0,0,0,0
7888,2,0.705542425,0,0,0,0
7889,1,0.707403539,0,0,0,0
7930,1,0.707127951,0,0,0,0
7931,1,0.705811738,0,0,0,0
8043,2,0.70886995,0,0,0,0
8044,2,0.707161363,0,0,0,0
8045,1,0.70719163,0,0,0,0
8097,2,0.706114985,0,0,0,0
8098,1,0.705114949,0,0,0,0
8149,1,0.707306518,0,0,0,0
8150,1,0.707214913,0,0,0,0
8196,1,0.707180824,0,0,0,0
8197,1,0.707165617,0,0,0,0
8198,1,0.708264591,0,0,0,0
7896,2,0.707454156,0,0,0,0
7898,1,0.707059714,0,0,0,0
7899,1,0.707179172,0,0,0,0
7901,2,0.707413139,0,0,0,0
7903,1,0.707668027,0,0,0,0
7904,2,0.707670977,0,0,0,0
7905,1,0.707943247,0,0,0,0
7906,1,0.70715486,0,0,0,0
7907,1,0.70766314,0,0,0,0
8397,1,0.708861791,0,0,0,0
8399,1,0.705633738,0,0,0,0
8382,2,0.709181255,0,0,0,0
8383,1,0.708856793,0,0,0,0
8384,2,0.707147548,0,0,0,0
8385,2,0.707340183,0,0,0,0
8386,2,0.708866436,0,0,0,0
8178,2,0.706251096,0,0,0,0
8179,2,0.707159015,0,0,0,0
8180,1,0.707201272,0,0,0,0
7913,1,0.708194123,0,0,0,0
8507,1,0.707511838,0,0,0,0
8616,1,0.708304667,0,0,0,0
8618,2,0.706919361,0,0,0,0
8655,1,0.707222599,0,0,0,0
8656,1,0.707190427,0,0,0,0
8660,1,0.707417281,0,0,0,0
8661,2,0.707291956,0,0,0,0
8663,1,0.706552805,0,0,0,0
8466,2,0.70848144,0,0,0,0
8467,1,0.707170536,0,0,0,0
8470,2,0.70690287,0,0,0,0
8478,1,0.704942192,0,0,0,0
8479,1,0.707213008,0,0,0,0
8481,2,0.706096135,0,0,0,0
8482,1,0.708832236,0,0,0,0
8483,2,0.707176179,0,0,0,0
8486,1,0.709054668,0,0,0,0
8489,1,0.708135119,0,0,0,0
8490,2,0.709207599,0,0,0,0
8491,2,0.707303979,0,0,0,0
8492,1,0.707171906,0,0,0,0
8493,2,0.707437346,0,0,0,0
8496,1,0.70743376,0,0,0,0
8498,1,0.70755979,0,0,0,0
8604,2,0.707192898,0,0,0,0
8605,1,0.707407551,0,0,0,0
8606,1,0.707489944,0,0,0,0
8517,2,0.707563149,0,0,0,0
8519,1,0.70725035,0,0,0,0
8773,1,0.709084774,0,0,0,0
8700,2,0.707685147,0,0,0,0
8808,2,0.707562139,0,0,0,0
8809,1,0.707312779,0,0,0,0
8810,1,0.707473533,0,0,0,0
7260,1,0.707420549,0,0,0,0
7261,1,0.708961624,0,0,0,0
7328,1,0.70717246,0,0,0,0
7329,2,0.707059647,0,0,0,0
7330,2,0.707809859,0,0,0,0
7298,1,0.707012751,0,0,0,0
7299,2,0.707600064,0,0,0,0
7300,1,0.708851753,0,0,0,0
15728,1,0.709160836,0,0,0,0
15729,1,0.709157416,0,0,0,0
15730,2,0.710438236,0,0,0,0
15732,1,0.70802833,0,0,0,0
2423,1,0.707933556,0,0,0,0
2425,2,0.706711227,0,0,0,0
2427,1,0.7079949,0,0,0,0
2429,2,0.707413418,0,0,0,0
2707,1,0.707893684,0,0,0,0
2708,1,0.707730923,0,0,0,0
2710,2,0.707711518,0,0,0,0
2711,1,0.707516803,0,0,0,0
2712,1,0.706907461,0,0,0,0
2713,1,0.705095983,0,0,0,0
2714,1,0.707584678,0,0,0,0
3105,1,0.705807305,0,0,0,0
3106,1,0.707022753,0,0,0,0
3110,1,0.706704612,0,0,0,0
3112,2,0.707346501,0,0,0,0
2931,3,0.707739052,0,0,0,0
2948,3,0.707806118,0,0,0,0
3960,3,0.707734347,43.346127774835416,4.191988842229115e-4,0.6421166148155677,83.32583901252501
3961,3,0.705293748,23.105028226494763,2.2344791910359417e-4,0.34227100023979684,44.41563667189783
8714,4,0.706130224,42.41108189095944,4.1015608821460013e-4,0.6282651238410903,81.52836627876893
8716,4,0.708143303,0,0,0,0
8817,5,0.706337646,40.101337285725236,3.878186289983197e-4,0.5940492558238661,77.088260160512
8995,3,0.705895877,44.05380132032582,4.2604277030668466e-4,0.6525998797518334,84.68622562494093
8996,5,0.707027036,23.155080408301902,2.239319720015939e-4,0.3430124583398856,44.51185380264483
9480,3,0.707325774,0,0,0,0
9482,5,0.705933507,47.17513327773222,4.562290623932804e-4,0.698838360859459,90.68647564816192
9486,3,0.706019451,46.1167152779826,4.459931389714408e-4,0.6831592721392515,88.65184020590917
9495,4,0.708976984,62.91323532762234,6.084316963487492e-4,0.9319779128949294,120.94040201002626
9496,3,0.707643833,0,0,0,0
9497,3,0.707475579,35.999742030150514,3.481522448727901e-4,0.5332894464463321,69.20361432234398
9503,3,0.70760725,0,0,0,0
9505,6,0.707120733,24.782853004136328,2.3967410378985868e-4,0.3671257963145305,47.64098030672537
9507,3,0.707613986,0,0,0,0
9511,4,0.708376173,41.14452911166277,3.9790730062626967e-4,0.6095027885443405,79.09362577468613
9512,3,0.707496541,0,0,0,0
9514,3,0.70742233,0,0,0,0
9518,5,0.707357625,30.366102614974327,2.9366951531448546e-4,0.4498343916106243,58.37386423712153
9528,3,0.707329517,0,0,0,0
9529,3,0.707275115,0,0,0,0
9531,3,0.707703817,0,0,0,0
9535,3,0.706557909,27.864742869833172,2.694789527883439e-4,0.4127799940337679,53.56540936155027
9540,4,0.708546913,38.781944928809295,3.7505883170467323e-4,0.5745041707764252,74.55194421326472
9545,5,0.708774969,53.77999472104644,5.201044461845783e-4,0.7966808092861661,103.38324118589337
9552,3,0.708428024,39.5321981978774,3.823145048045095e-4,0.5856181990442052,75.99418337801157
9556,4,0.707931673,0,0,0,0
9562,3,0.707335625,0,0,0,0
9578,5,0.70741487,32.379977177921774,3.1314562570980854e-4,0.4796673290240956,62.24520860484148
9582,5,0.707455782,34.252459428183876,3.3125433599909943e-4,0.5074057228683219,65.84474938388499
9583,3,0.706384867,38.921087405809885,3.7640447372856175e-4,0.5765653859505415,74.81942286092114
9584,5,0.708780433,53.84268180756329,5.207106908036951e-4,0.797609437097996,103.5037468538137
11858,3,0.70788565,0,0,0,0
11864,3,0.707575947,39.1747947366637,3.788580684433089e-4,0.580323730716376,75.30713369675028
11865,7,0.708318681,40.32588275759963,3.8999020039579295e-4,0.5973756055043065,77.51991209347335
11876,3,0.707553819,38.20453313949861,3.6947470250463157e-4,0.5659505646634929,73.44196451565564
11879,4,0.707801634,0,0,0,0
11880,4,0.705957016,47.92906107856641,4.6352027176118623e-4,0.7100068225453964,92.13577849905803
11890,7,0.708446387,39.51250300804551,3.8212403331314653e-4,0.5853264403734263,75.95632259778739
12105,5,0.705843626,43.30278559995609,4.187797235670027e-4,0.6414745567577678,83.24252077230739
12189,7,0.708653538,45.889290709868405,4.437937239350256e-4,0.6797902723854106,88.21465368146077
12279,4,0.707136783,25.58726703432276,2.474535637143776e-4,0.37904214595149466,49.1873346737617
11894,3,0.709446105,57.88489432865347,5.598027865829316e-4,0.8574895683496367,111.27423910023565
11897,7,0.708676292,0,0,0,0
11900,4,0.707776758,0,0,0,0
11902,4,0.70652993100000006,27.913972050911998,2.6995504647511217e-4,0.4135092604464145,53.660044408043944
11905,3,0.708905115,60.77027371780957,5.877071896423492e-4,0.900232718451712,116.82090891396831
11909,5,0.709097779,67.50507115796331,6.528391799102039e-4,1,129.76745514747088
11912,3,0.707224358,0,0,0,0
11913,3,0.707558277,38.23772110837878,3.697956621898072e-4,0.5664422013407214,73.50576295611674
11914,4,0.70758035,0,0,0,0
11916,3,0.709749194,30.471162200569847,2.9468554288879006e-4,0.45139071299201616,58.575824102176355
11918,3,0.707806531,0,0,0,0
11922,3,0.709735864,31.3784841992798,3.034602221742354e-4,0.46483151059649247,60.32000220246147
11924,3,0.708896372,60.68258178804623,5.868591240595801e-4,0.8989336763462953,116.65233552581898
11925,3,0.707773699,0,0,0,0
11926,7,0.708467396,38.68788674779458,3.741491983289257e-4,0.5731108209228325,74.37113274863388
11928,3,0.707796261,44.23918595114654,4.2783561858129426e-4,0.6553461124072575,85.04259724787819
11936,5,0.709129998,65.21034278912894,6.306469421904488e-4,0.9660065780322689,125.35621528696427
11937,4,0.709416925,58.21526994385049,5.629978375915121e-4,0.862383654223925,111.90933216941522
11951,4,0.706067916,44.334803591545864,4.287603334341558e-4,0.6567625636272788,85.22640651804089
11952,3,0.70777976,0,0,0,0
11955,3,0.709623578,42.233288895602854,4.084366583807916e-4,0.6256313514102674,81.18658833298346
11959,7,0.708652015,0,0,0,0
11974,4,0.707780914,0,0,0,0
11975,3,0.708870828,61.1992690534493,5.918559885147921e-4,0.9065877274648255,117.6455822610393
11977,3,0.705842582,43.30222537179324,4.187743056200526e-4,0.6414662577047746,83.24144382532033
11990,4,0.707787736,0,0,0,0
11994,5,0.705837373,43.298275428924526,4.1873610586085124e-4,0.6414077444286465,83.23385070638484
11997,3,0.70778163,0,0,0,0
11998,3,0.706594392,25.45592321262041,2.461833422128583e-4,0.3770964577320866,48.934847665018694
12000,3,0.707743731,0,0,0,0
12008,3,0.707583292,40.03571752550145,3.871840225944518e-4,0.5930771842580095,76.96211690718957
12009,5,0.706378273,39.7708876264468,3.8462286191202e-4,0.5891540730826292,76.45302475369986
12010,3,0.709612556,44.00400911156305,4.2556123159889574e-4,0.6518622728149227,84.5905082498389
12022,4,0.706528534,27.118039830356423,2.62257613834597e-4,0.4017185578087849,52.12999493235818
12023,4,0.706241576,43.223294704178954,4.1801096989680747e-4,0.6402970023249885,83.089712530268
12029,6,0.7084359,39.52616484195878,3.8225615643063996e-4,0.5855288227082482,75.98258523834403
12030,3,0.70606003,44.367582246989286,4.290773346634141e-4,0.6572481368572769,85.28941812038548
12031,7,0.708246818,43.716066429754754,4.227765480035997e-4,0.6475967757660491,84.03698555286753
7138,3,0.706014302,47.73185309589708,4.6161308026476775e-4,0.707085442280381,91.75667841654895
6745,3,0.706865459,0,0,0,0
6747,3,0.707806971,43.45887645887535,4.202892727990874e-4,0.6437868402090955,83.5425799113658
6749,5,0.707803914,42.651038175675,4.1247669704354924e-4,0.6318197647087973,81.98964297813446
6751,3,0.70782791,42.711605470377684,4.1306244123024235e-4,0.6327169905566297,82.10607369310019
6762,3,0.708192384,0,0,0,0
6763,3,0.705019675,15.662732779748131,1.5147374038249875e-4,0.2320230541361404,30.109041270790808
6778,3,0.706006132,46.96176468858269,4.5416558223735216e-4,0.6956775821877316,90.27630944364743
6780,3,0.708331732,0,0,0,0
6794,3,0.705603006,0,0,0,0
6798,5,0.706960988,23.137800329395215,2.237648569634388e-4,0.3427564764023767,44.47863567805058
6839,3,0.705011115,14.042567474671785,1.358051784368347e-4,0.20802240829895394,26.99453853860338
6840,4,0.70652219,27.135975574183835,2.6243106978524646e-4,0.40198425257096715,52.164473465492584
6841,3,0.705389083,30.758127598058493,2.9746077520164413e-4,0.45564173284231957,59.12746812993161
7095,3,0.706037843,46.060370367630405,4.454482293159815e-4,0.68232459543444,88.5435263340549
7096,4,0.707862374,41.97622091858359,4.0595056297462994e-4,0.6218232230339902,80.69241720471909
7161,5,0.707966691,41.77961378321354,4.0404918225140794e-4,0.6189107435417459,80.31447215284136
7162,4,0.707823107,43.499741134275965,4.206844736442714e-4,0.6443921973281924,83.62113556416641
6801,4,0.707684288,42.37536554918958,4.098106767237232e-4,0.6277360326016147,81.45970745508136
6804,3,0.708336506,0,0,0,0
6807,3,0.70783926,41.94085314330643,4.05608522458101e-4,0.621299295354625,80.62442844308657
6810,3,0.706169285,43.75219617591292,4.231259575138433e-4,0.6481319910548919,84.10643907885668
6817,3,0.708194877,43.13416737436201,4.171490226103714e-4,0.6389766966310891,82.91837982035396
6824,3,0.707806381,42.65720203557729,4.125363075168762e-4,0.6319110742918637,82.00149199035955
6825,3,0.707058455,0,0,0,0
6826,5,0.707727257,42.53112645662467,4.1131703500655567e-4,0.6300434282500188,81.75913231639309
6829,4,0.706827257,0,0,0,0
6830,3,0.707769645,45.023817219292994,4.354237601066915e-4,0.6669694061048583,86.5509224914475
6831,4,0.707326651,30.94703318488974,2.992876745185678e-4,0.45844012389044103,59.4906082147538
6832,5,0.707713691,42.495256630062784,4.1097013916962827e-4,0.6295120633325898,81.6901784433037
8263,3,0.707146858,0,0,0,0
8264,7,0.708805355,0,0,0,0
8267,3,0.707033695,23.1585609720647,2.2396563241189422e-4,0.34306401837386663,44.51854461704186
8269,4,0.708212157,43.05949160304521,4.1642683584026133e-4,0.6378704720166145,82.77482786731211
8272,4,0.707012308,0,0,0,0
8275,4,0.707315816,0,0,0,0
8280,4,0.709035458,66.41967323668085,6.423423346117497e-4,0.9839212387652684,127.68095522011593
8284,4,0.707297298,0,0,0,0
8285,3,0.706225856,43.33297795698803,4.1907171279486624e-4,0.6419218173341071,83.30056063908674
8287,3,0.708740749,54.94486165983932,5.313698335692762e-4,0.8139368008555561,105.6225072978993
8314,5,0.70788469,41.97615579001439,4.059499331185172e-4,0.6218222582387816,80.69229200570014
8317,7,0.708837717,0,0,0,0
8322,3,0.707005442,0,0,0,0
8325,4,0.706401288,35.622874948076294,3.4450757651564157e-4,0.5277066498414319,68.47914901432014
8326,4,0.706389605,38.08774810276265,3.683452785028395e-4,0.5642205459444152,73.21746438912342
8340,3,0.708119359,43.48942189149656,4.2058467660861413e-4,0.644239331141958,83.60129850820067
8342,4,0.706395406,35.654679381664344,3.448151560794427e-4,0.5281777912392926,68.54028783453515
8343,3,0.706863175,27.322669229116638,2.6423657758621697e-4,0.4047498767193506,52.52336147312269
8353,3,0.70770573,0,0,0,0
8530,5,0.706310991,41.909715472973865,4.053073911384012e-4,0.6208380311888604,80.56457136614456
8672,5,0.70675926,24.433955466053042,2.3629992791347176e-4,0.36195733219622955,46.97028187107244
8832,3,0.707461147,0,0,0,0
12547,3,0.706618735,25.45791365781915,2.462025917386926e-4,0.3771259435938833,48.93867397026688
12557,4,0.706161376,43.00702279668994,4.1591941185085924e-4,0.6370932147608968,82.6739651712427
12561,4,0.706243128,43.211606360834246,0.00041789793233751343,0.6401238546911263,83.0672436024569
12582,7,0.709340586,0,0,0,0
2938,2,0.707895803,0,0,0,0
2939,1,0.706812354,0,0,0,0
2940,2,0.7078818,0,0,0,0
2947,1,0.704994297,0,0,0,0
3955,1,0.705318931,0,0,0,0
3956,1,0.707757972,0,0,0,0
3957,1,0.706979439,0,0,0,0
3958,1,0.704589144,0,0,0,0
3959,1,0.706829493,0,0,0,0
3962,1,0.707658909,0,0,0,0
8853,1,0.707961105,0,0,0,0
8854,1,0.707222502,0,0,0,0
8855,2,0.707054864,0,0,0,0
9156,1,0.708472368,0,0,0,0
9157,1,0.707865785,0,0,0,0
9158,1,0.707268312,0,0,0,0
8937,1,0.707395338,0,0,0,0
8938,1,0.708038077,0,0,0,0
8939,2,0.707199422,0,0,0,0
8712,2,0.707156607,0,0,0,0
8713,1,0.705768628,0,0,0,0
8715,1,0.707252917,0,0,0,0
8717,1,0.707273369,0,0,0,0
8994,1,0.70609104,0,0,0,0
9481,2,0.707625717,0,0,0,0
9483,1,0.707740039,0,0,0,0
9484,1,0.707300931,0,0,0,0
9485,1,0.707575887,0,0,0,0
9487,1,0.709300602,0,0,0,0
9488,1,0.707267316,0,0,0,0
9489,1,0.708518694,0,0,0,0
9490,2,0.706908204,0,0,0,0
9491,1,0.707600415,0,0,0,0
9498,2,0.708338717,0,0,0,0
9499,2,0.708863636,0,0,0,0
9500,1,0.708329953,0,0,0,0
9501,1,0.707298589,0,0,0,0
9502,1,0.706507393,0,0,0,0
9504,2,0.707328492,0,0,0,0
9506,1,0.707315666,0,0,0,0
9508,1,0.707647055,0,0,0,0
9509,1,0.708548668,0,0,0,0
9510,1,0.707200041,0,0,0,0
9513,1,0.704575839,0,0,0,0
9515,2,0.707440793,0,0,0,0
9516,1,0.706907457,0,0,0,0
9517,2,0.70712229,0,0,0,0
9519,1,0.708925627,0,0,0,0
9520,2,0.706360024,0,0,0,0
9521,2,0.707398883,0,0,0,0
9530,1,0.707268535,0,0,0,0
9532,1,0.70885321,0,0,0,0
9533,1,0.707457254,0,0,0,0
9534,2,0.708824337,0,0,0,0
9536,1,0.708774877,0,0,0,0
9537,2,0.708470767,0,0,0,0
9538,1,0.707284969,0,0,0,0
9539,1,0.708545131,0,0,0,0
9541,1,0.706889636,0,0,0,0
9542,1,0.707279586,0,0,0,0
9543,1,0.705295503,0,0,0,0
9544,1,0.707314751,0,0,0,0
9546,1,0.704664473,0,0,0,0
9547,1,0.707327872,0,0,0,0
9548,1,0.707301935,0,0,0,0
9553,1,0.706885232,0,0,0,0
9554,1,0.708075171,0,0,0,0
9555,1,0.706872487,0,0,0,0
9557,1,0.706358322,0,0,0,0
9558,2,0.707874409,0,0,0,0
9559,1,0.706906169,0,0,0,0
9560,1,0.707268016,0,0,0,0
9561,1,0.709326805,0,0,0,0
9563,1,0.707486538,0,0,0,0
9564,2,0.70733224,0,0,0,0
9565,1,0.707311945,0,0,0,0
9566,2,0.706887901,0,0,0,0
9567,2,0.707519099,0,0,0,0
9568,2,0.708320045,0,0,0,0
9569,1,0.707403712,0,0,0,0
9570,2,0.707300214,0,0,0,0
9571,2,0.708532904,0,0,0,0
9572,1,0.706191137,0,0,0,0
9576,2,0.706275117,0,0,0,0
9577,1,0.706797168,0,0,0,0
9585,1,0.707101869,0,0,0,0
9586,2,0.706349445,0,0,0,0
9587,1,0.707312783,0,0,0,0
11857,2,0.709342793,0,0,0,0
11859,1,0.707284333,0,0,0,0
11860,1,0.706808701,0,0,0,0
11861,1,0.707091367,0,0,0,0
11862,1,0.707042587,0,0,0,0
11863,1,0.706576238,0,0,0,0
11866,2,0.709376653,0,0,0,0
11867,1,0.706975105,0,0,0,0
11868,2,0.707928774,0,0,0,0
11869,2,0.708938951,0,0,0,0
11870,1,0.707884877,0,0,0,0
11871,1,0.709370019,0,0,0,0
11872,1,0.709822563,0,0,0,0
11873,2,0.708983091,0,0,0,0
11874,1,0.70943433,0,0,0,0
11875,1,0.709857563,0,0,0,0
11877,1,0.709567129,0,0,0,0
11878,1,0.70979796,0,0,0,0
11881,1,0.706608113,0,0,0,0
11882,2,0.707184759,0,0,0,0
11883,1,0.707934584,0,0,0,0
11884,1,0.709256512,0,0,0,0
11885,1,0.705559766,0,0,0,0
11889,1,0.707029706,0,0,0,0
11891,2,0.709756099,0,0,0,0
13037,1,0.704543687,0,0,0,0
13089,1,0.709620736,0,0,0,0
13090,1,0.705705802,0,0,0,0
12106,2,0.707757159,0,0,0,0
12107,1,0.709680128,0,0,0,0
12108,1,0.707409346,0,0,0,0
12109,1,0.70639061,0,0,0,0
12110,2,0.709417331,0,0,0,0
12196,1,0.707068356,0,0,0,0
12197,1,0.708018321,0,0,0,0
12280,1,0.707671844,0,0,0,0
12281,1,0.707551339,0,0,0,0
12665,1,0.709383271,0,0,0,0
12666,2,0.707349999,0,0,0,0
12667,1,0.707606952,0,0,0,0
12728,1,0.707465256,0,0,0,0
12729,2,0.707186883,0,0,0,0
12730,1,0.709833467,0,0,0,0
11892,2,0.705660033,0,0,0,0
11893,1,0.707748686,0,0,0,0
11895,2,0.706577797,0,0,0,0
11896,1,0.707838049,0,0,0,0
11898,2,0.707869006,0,0,0,0
11899,1,0.70807381,0,0,0,0
11901,1,0.709775238,0,0,0,0
11903,1,0.709274098,0,0,0,0
11904,2,0.706266617,0,0,0,0
11906,1,0.709519396,0,0,0,0
11907,2,0.708271294,0,0,0,0
11908,1,0.707794104,0,0,0,0
11910,1,0.706680277,0,0,0,0
11911,1,0.70752174,0,0,0,0
11915,2,0.707546218,0,0,0,0
11917,1,0.706608969,0,0,0,0
11919,2,0.708329367,0,0,0,0
11920,2,0.706466009,0,0,0,0
11921,1,0.706382552,0,0,0,0
11923,2,0.709245723,0,0,0,0
11927,1,0.707832635,0,0,0,0
11929,1,0.707529041,0,0,0,0
11930,1,0.709261358,0,0,0,0
11931,1,0.70914247,0,0,0,0
11935,1,0.709295408,0,0,0,0
11944,2,0.707965323,0,0,0,0
11945,1,0.707229379,0,0,0,0
11946,1,0.708039976,0,0,0,0
11947,1,0.708059669,0,0,0,0
11948,2,0.708007418,0,0,0,0
11949,2,0.707164107,0,0,0,0
11950,2,0.70788064,0,0,0,0
11953,2,0.706602837,0,0,0,0
11954,1,0.70666034,0,0,0,0
11956,1,0.709804321,0,0,0,0
11957,1,0.706976933,0,0,0,0
11958,2,0.709728735,0,0,0,0
11960,1,0.707145152,0,0,0,0
11961,1,0.707541778,0,0,0,0
11962,2,0.709164822,0,0,0,0
11963,1,0.70690854,0,0,0,0
11964,1,0.709914963,0,0,0,0
11971,1,0.706704669,0,0,0,0
11972,1,0.707974034,0,0,0,0
11973,2,0.707884418,0,0,0,0
11976,1,0.709664422,0,0,0,0
11978,1,0.707764995,0,0,0,0
11979,1,0.70755299,0,0,0,0
11980,1,0.709744351,0,0,0,0
11981,2,0.70778032,0,0,0,0
11982,1,0.706847178,0,0,0,0
11983,1,0.706673001,0,0,0,0
11984,2,0.706669588,0,0,0,0
11985,2,0.708095655,0,0,0,0
11986,1,0.705620273,0,0,0,0
11987,2,0.707895645,0,0,0,0
11988,1,0.708832042,0,0,0,0
11989,1,0.707877715,0,0,0,0
11991,1,0.707784688,0,0,0,0
11992,1,0.70948874,0,0,0,0
11993,2,0.708154611,0,0,0,0
11995,1,0.705557777,0,0,0,0
11996,1,0.709410939,0,0,0,0
11999,1,0.707015231,0,0,0,0
12001,1,0.709749353,0,0,0,0
12002,1,0.707753897,0,0,0,0
12003,1,0.707437783,0,0,0,0
12004,2,0.706503966,0,0,0,0
12005,1,0.707729144,0,0,0,0
12006,1,0.707610909,0,0,0,0
12007,1,0.706161995,0,0,0,0
12011,1,0.707826414,0,0,0,0
12012,2,0.707268919,0,0,0,0
12013,1,0.707617511,0,0,0,0
12014,2,0.707785951,0,0,0,0
12015,1,0.706434752,0,0,0,0
12016,1,0.709144307,0,0,0,0
12017,1,0.707051254,0,0,0,0
12018,1,0.70708339,0,0,0,0
12019,1,0.707772526,0,0,0,0
12020,1,0.709789882,0,0,0,0
12021,2,0.707668236,0,0,0,0
12024,1,0.707604763,0,0,0,0
12025,2,0.706653139,0,0,0,0
12026,1,0.70789524,0,0,0,0
12027,2,0.707979221,0,0,0,0
12028,1,0.709799744,0,0,0,0
12032,1,0.705880963,0,0,0,0
12033,1,0.707964524,0,0,0,0
7133,2,0.705568737,0,0,0,0
7134,1,0.70707528,0,0,0,0
7135,1,0.707917469,0,0,0,0
7136,1,0.708384146,0,0,0,0
7137,1,0.707523387,0,0,0,0
7259,1,0.707050839,0,0,0,0
6743,1,0.707277003,0,0,0,0
6744,1,0.707159904,0,0,0,0
6746,2,0.707680226,0,0,0,0
6748,2,0.708258852,0,0,0,0
6750,2,0.707108473,0,0,0,0
6758,2,0.706943748,0,0,0,0
6759,1,0.707430329,0,0,0,0
6760,1,0.706938849,0,0,0,0
6761,1,0.707020871,0,0,0,0
6773,2,0.708417463,0,0,0,0
6774,1,0.707647565,0,0,0,0
6775,1,0.707126027,0,0,0,0
6776,2,0.705342943,0,0,0,0
6777,1,0.705242876,0,0,0,0
6779,2,0.707672747,0,0,0,0
6781,1,0.706993145,0,0,0,0
6782,2,0.706539614,0,0,0,0
6783,2,0.708203868,0,0,0,0
6784,1,0.70697937,0,0,0,0
6791,2,0.707338278,0,0,0,0
6792,1,0.708337982,0,0,0,0
6793,2,0.706947626,0,0,0,0
6795,1,0.704807754,0,0,0,0
6796,1,0.705155638,0,0,0,0
6797,1,0.707798736,0,0,0,0
6799,1,0.707645008,0,0,0,0
6911,1,0.705080945,0,0,0,0
6912,1,0.708251711,0,0,0,0
6913,1,0.706934531,0,0,0,0
7094,2,0.707831757,0,0,0,0
7097,1,0.708417309,0,0,0,0
7098,1,0.707858469,0,0,0,0
7099,2,0.705620862,0,0,0,0
7160,2,0.707925564,0,0,0,0
6800,1,0.708214096,0,0,0,0
6802,1,0.707292232,0,0,0,0
6803,1,0.70833503,0,0,0,0
6805,1,0.705101606,0,0,0,0
6806,1,0.707025602,0,0,0,0
6808,1,0.706984331,0,0,0,0
6809,1,0.708262763,0,0,0,0
6811,1,0.7069349,0,0,0,0
6815,1,0.707777745,0,0,0,0
6816,1,0.705035184,0,0,0,0
6827,1,0.707984055,0,0,0,0
6828,1,0.708401564,0,0,0,0
8259,2,0.705252816,0,0,0,0
8260,1,0.70760564,0,0,0,0
8261,1,0.70811716,0,0,0,0
8262,1,0.707150468,0,0,0,0
8265,1,0.708217561,0,0,0,0
8266,1,0.708297319,0,0,0,0
8268,1,0.707145212,0,0,0,0
8270,2,0.707334724,0,0,0,0
8271,1,0.707161913,0,0,0,0
8273,1,0.7050868,0,0,0,0
8274,1,0.707207447,0,0,0,0
8276,2,0.70719957,0,0,0,0
8281,1,0.707203357,0,0,0,0
8282,2,0.707240908,0,0,0,0
8283,1,0.707232637,0,0,0,0
8286,2,0.707647329,0,0,0,0
8288,2,0.707158787,0,0,0,0
8307,1,0.707217991,0,0,0,0
8308,1,0.707221635,0,0,0,0
8309,1,0.70731449,0,0,0,0
8310,1,0.70816840700000006,0,0,0,0
8311,2,0.70687658,0,0,0,0
8312,2,0.70725719,0,0,0,0
8313,1,0.708284476,0,0,0,0
8315,1,0.708191787,0,0,0,0
8316,1,0.70763232,0,0,0,0
8318,1,0.708895157,0,0,0,0
8323,2,0.707182049,0,0,0,0
8324,2,0.707250955,0,0,0,0
8327,1,0.707284594,0,0,0,0
8328,1,0.709106814,0,0,0,0
8329,2,0.707637637,0,0,0,0
8330,2,0.709247209,0,0,0,0
8331,1,0.705872827,0,0,0,0
8332,1,0.707592154,0,0,0,0
8333,1,0.70763287,0,0,0,0
8334,1,0.707145109,0,0,0,0
8335,1,0.708336689,0,0,0,0
8336,2,0.707164981,0,0,0,0
8341,1,0.707554686,0,0,0,0
8344,2,0.707144047,0,0,0,0
8345,2,0.707171409,0,0,0,0
8346,1,0.707164588,0,0,0,0
8347,1,0.70885503,0,0,0,0
8348,1,0.707185935,0,0,0,0
8352,1,0.708872702,0,0,0,0
8354,1,0.705111451,0,0,0,0
8358,1,0.707618854,0,0,0,0
8359,1,0.708876798,0,0,0,0
8360,1,0.707048212,0,0,0,0
8406,1,0.707544054,0,0,0,0
8407,1,0.707248786,0,0,0,0
8408,1,0.709151324,0,0,0,0
8529,1,0.708329002,0,0,0,0
8531,1,0.70756484,0,0,0,0
8667,2,0.708341254,0,0,0,0
8668,1,0.704646167,0,0,0,0
8669,2,0.708254951,0,0,0,0
8670,1,0.707218659,0,0,0,0
8671,1,0.709066702,0,0,0,0
8775,1,0.708099101,0,0,0,0
8776,2,0.707283343,0,0,0,0
8777,1,0.704761451,0,0,0,0
8833,1,0.706993729,0,0,0,0
8834,1,0.708957123,0,0,0,0
8361,1,0.708190003,0,0,0,0
8362,1,0.705230183,0,0,0,0
8363,2,0.707174606,0,0,0,0
12537,1,0.706578621,0,0,0,0
12538,2,0.706779283,0,0,0,0
12539,2,0.706435775,0,0,0,0
12546,2,0.706817643,0,0,0,0
12548,1,0.706914409,0,0,0,0
12549,1,0.709367734,0,0,0,0
12550,1,0.709276245,0,0,0,0
12551,2,0.709754653,0,0,0,0
12552,1,0.706437844,0,0,0,0
12553,1,0.70653712,0,0,0,0
12554,1,0.707495818,0,0,0,0
12555,2,0.70948674,0,0,0,0
12556,2,0.709455324,0,0,0,0
12558,1,0.706818397,0,0,0,0
12559,1,0.709370842,0,0,0,0
12560,1,0.709551616,0,0,0,0
12583,1,0.706193772,0,0,0,0
12584,1,0.706714556,0,0,0,0
12585,1,0.707672973,0,0,0,0
12586,1,0.707163214,0,0,0,0
12587,1,0.709575036,0,0,0,0
12588,1,0.70733155,0,0,0,0
12592,3,0.709748361,30.477974848890955,2.947514277722022e-4,0.4514916335333066,58.58892030399172
12595,3,0.706434794,33.848595199274186,3.2734857918003757e-4,0.5014229985783993,65.06838647793279
12597,4,0.706270987,41.396055140677575,4.0033980004729614e-4,0.6132288201550061,79.57714341460124
12602,3,0.70629857,42.00712971641869,4.062494808764192e-4,0.6222810967508071,80.75183431172935
12603,4,0.706631103,24.66821393688404,2.3856543338381578e-4,0.36542756734764253,47.4206054554346
12605,5,0.708845583,55.31458795701936,5.34945443645702e-4,0.8194138160017941,106.33324561523077
12611,3,0.70625182,43.1433045746054,4.172373881540446e-4,0.6391120523915773,82.93594459293206
12616,3,0.707244828,0,0,0,0
12618,3,0.709441569,57.94124941056661,5.603477946072007e-4,0.8583243957329197,111.3825725252517
12620,5,0.708893141,60.64837444766809,5.865283060683344e-4,0.8984269390035837,116.5865775104271
12623,3,0.706703456,24.614468582881432,0.00023804566394680649,0.36463139969563246,47.31728880536251
12625,3,0.709704747,34.04635416763844,3.2926109923982243e-4,0.5043525409812434,65.44854574029647
12630,6,0.707297745,26.741167495790773,2.5861289468078776e-4,0.3961356833950425,51.405519527278905
12632,3,0.70642218,33.91806346813214,3.280204043761756e-4,0.5024520808038725,65.20192785946993
12633,3,0.706375504,39.79247588293707,3.848316411847626e-4,0.5894738750785378,76.49452464486
12635,7,0.709351674,0,0,0,0
15714,4,0.708188264,42.365866102142796,4.097188079038961e-4,0.6275953106249715,81.44144632228905
15715,3,0.707856923,41.97112730833086,4.059013028481959e-4,0.6217477678101772,80.68262557234729
15724,7,0.709606212,0,0,0,0
15733,7,0.709640719,0,0,0,0
15737,7,0.709594657,0,0,0,0
15739,6,0.708978508,62.92159199876289,6.08512513422794e-4,0.9321017061299739,120.95646634310246
15741,3,0.710693696,6.500881077396085,6.286979331271131e-5,0.09630211428388667,12.496880295940878
15742,7,0.709656161,0,0,0,0
15743,3,0.710560633,8.404531556711472,8.127993045402026e-5,0.12450222498165639,16.156336896067423
15744,4,0.708198869,43.91699191676438,4.2471969135434855e-4,0.6505732260321255,84.42323192926928
15751,3,0.710296862,12.061192147326626,1.1664336701126844e-4,0.17867090487325282,23.185668634297873
15753,3,0.710168065,13.848240895167354,1.3392585288955007e-4,0.20514371228143993,26.620977482267424
15756,7,0.709595777,0,0,0,0
15758,7,0.709679405,0,0,0,0
15769,4,0.710594907,8.336061549868617,8.061775941488252e-5,0.1234879307120802,16.024714509933858
15771,4,0.71059174,8.343013104273926,8.068498765417203e-5,0.12359090896669224,16.03807773597039
15772,4,0.710611843,8.29675833134009,8.023765936444404e-5,0.12290570454959594,15.949160502507999
15773,3,0.71016438,13.852060020082005,1.3396278751289743e-4,0.20520028765939508,26.628319125088673
15775,4,0.710583038,8.361462840439223,8.086341440672708e-5,0.12386421785814018,16.07354433528277
15777,4,0.710785565,6.352855518198151,6.143824331187662e-5,0.09410930777826058,12.212325376074963
15794,7,0.709422325,0,0,0,0
15799,4,0.710323152,11.998759707034608,1.1603958506687706e-4,0.17774604931468413,23.06565248208342
15810,5,0.708281437,44.36755181109787,4.2907704031897373e-4,0.6572476859890547,85.28935961236368
15819,3,0.710564669,8.397248076513481,8.120949217200998e-5,0.12439432967730292,16.14233559699911
15821,4,0.710334797,11.96713267680084,1.1573372116470453e-4,0.1772775359172275,23.00485469079298
2373,7,0.708836322,0,0,0,0
2437,3,0.707760902,45.00887133798706,4.352792190118163e-4,0.6667480022747526,86.52219147985477
2494,3,0.707243892,0,0,0,0
2574,3,0.706406233,0,0,0,0
2390,3,0.707016308,0,0,0,0
2774,4,0.707887423,0,0,0,0
2775,7,0.708948045,0,0,0,0
2778,4,0.70804501500000006,0,0,0,0
2844,5,0.704936171,12.393490501880235,1.1985701276485412e-4,0.18359347363517625,23.82445785532111
2395,4,0.707725216,0,0,0,0
2396,3,0.706775562,0,0,0,0
2403,3,0.707504877,0,0,0,0
2406,4,0.707783554,0,0,0,0
2416,3,0.704410687,4.862672924260536,4.702673961512169e-5,0.0720341870743574,9.3476931402562
2419,3,0.704427598,4.883180075897511,4.7225063560676066e-5,0.0723379739052606,9.387114784209825
2583,3,0.707689486,42.40074238065084,4.100560951723775e-4,0.6281119574177204,81.50849026179417
2802,4,0.707894541,0,0,0,0
2971,3,0.708083821,0,0,0,0
2973,3,0.707874353,0,0,0,0
3035,3,0.706548564,0,0,0,0
2469,4,0.70685043,0,0,0,0
2485,4,0.707788566,0,0,0,0
2487,3,0.706383118,0,0,0,0
2941,6,0.707030019,0,0,0,0
2779,4,0.706923389,23.95909495185447,2.3170756850486216e-4,0.35492289010094774,46.05744022198547
2781,5,0.704934928,12.393485919822217,1.1985696845193144e-4,0.18359340575793476,23.82444904706422
2861,5,0.706773857,0,0,0,0
2865,3,0.707843239,41.94950815045392,4.056922247292247e-4,0.6214275080503385,80.6410662783269
2490,3,0.707241441,0,0,0,0
2497,3,0.70699473,0,0,0,0
2501,3,0.708023096,0,0,0,0
2505,4,0.707761195,0,0,0,0
2508,3,0.705137727,18.40886841199772,1.7803152194360332e-4,0.272703488733766,35.38803774281781
2510,3,0.706419853,0,0,0,0
2514,5,0.70609662,44.19426028134761,4.2740114400145393e-4,0.6546805969277789,84.956234997745
2538,4,0.707808031,0,0,0,0
2541,3,0.707502337,0,0,0,0
2553,4,0.706859487,0,0,0,0
2558,3,0.708043323,0,0,0,0
2746,7,0.708944073,0,0,0,0
3057,4,0.706938034,23.941957241408396,2.3154183030710553e-4,0.35466901716737254,46.024495777464594
3117,3,0.707331496,30.98103030467692,2.996164594738379e-4,0.45894374708798763,59.55596211545265
2799,5,0.706701292,0,0,0,0
2579,3,0.707522905,0,0,0,0
2587,7,0.708892197,0,0,0,0
2980,6,0.707019532,0,0,0,0
2981,3,0.707978647,0,0,0,0
3102,6,0.706977605,0,0,0,0
2605,4,0.707843406,0,0,0,0
2606,3,0.707522475,0,0,0,0
2615,3,0.707518011,0,0,0,0
2626,6,0.707329074,0,0,0,0
2627,3,0.707034267,0,0,0,0
2632,5,0.704934526,12.393477860581807,1.1985689051129957e-4,0.1835932863707499,23.824433554493062
2638,3,0.706505931,0,0,0,0
2640,3,0.706468651,0,0,0,0
2649,7,0.70891831,0,0,0,0
2659,3,0.707037561,0,0,0,0
2660,4,0.706528202,0,0,0,0
2663,4,0.706914369,24.77697525960512,2.39617260328269e-4,0.3670387251592768,47.62968130449134
2671,5,0.706194093,43.5575045646144,4.2124310175685725e-4,0.6452478875652009,83.73217630861754
2673,3,0.70737348,30.484741913756896,2.948168718196152e-4,0.4515918788148811,58.60192887907219
2677,3,0.708065794,0,0,0,0
2688,3,0.706776967,0,0,0,0
2691,3,0.70671053,0,0,0,0
2692,5,0.706121773,43.2599652929986,4.183656098774961e-4,0.6408402294957865,83.16020573778941
2694,3,0.707524448,38.77668653938012,3.750079780045926e-4,0.5744262745630153,74.54183581988488
2701,3,0.706790125,0,0,0,0
2719,4,0.707852224,0,0,0,0
2751,3,0.706737613,0,0,0,0
2761,3,0.704782768,13.058384025381843,1.2628717475364257e-4,0.1934430080789774,25.102606874480546
2763,4,0.707880102,0,0,0,0
2764,3,0.706753435,0,0,0,0
2766,4,0.706559916,0,0,0,0
2783,4,0.707903944,0,0,0,0
2784,3,0.707805053,42.65393519091475,4.125047139765124e-4,0.6318626802289213,81.99521201596728
12589,2,0.707150641,0,0,0,0
12590,1,0.707948055,0,0,0,0
12591,2,0.706733913,0,0,0,0
12593,2,0.709481797,0,0,0,0
12594,2,0.709738313,0,0,0,0
12596,1,0.709515761,0,0,0,0
12598,1,0.706492671,0,0,0,0
12599,2,0.709446434,0,0,0,0
12600,2,0.70753479,0,0,0,0
12601,1,0.709744509,0,0,0,0
12604,1,0.706104282,0,0,0,0
12606,2,0.708234503,0,0,0,0
12607,1,0.70759977,0,0,0,0
12608,2,0.707361227,0,0,0,0
12609,1,0.709657319,0,0,0,0
12610,1,0.706399808,0,0,0,0
12612,1,0.709295198,0,0,0,0
12613,2,0.706456264,0,0,0,0
12614,1,0.707584169,0,0,0,0
12615,2,0.706749569,0,0,0,0
12617,1,0.70564947,0,0,0,0
12619,1,0.709702287,0,0,0,0
12621,2,0.709382312,0,0,0,0
12622,1,0.707201849,0,0,0,0
12624,2,0.707604272,0,0,0,0
12626,1,0.707145247,0,0,0,0
12627,2,0.709413667,0,0,0,0
12628,2,0.706717096,0,0,0,0
12629,1,0.706802485,0,0,0,0
12631,1,0.70936405,0,0,0,0
12634,1,0.706181364,0,0,0,0
12639,2,0.709116974,0,0,0,0
12640,1,0.709092461,0,0,0,0
12641,1,0.709721422,0,0,0,0
12642,2,0.707547019,0,0,0,0
12643,1,0.709251166,0,0,0,0
12644,1,0.707414902,0,0,0,0
12645,1,0.706762341,0,0,0,0
12646,2,0.706996892,0,0,0,0
12647,2,0.709100672,0,0,0,0
15705,1,0.709153018,0,0,0,0
15716,1,0.711049451,0,0,0,0
15720,1,0.710533157,0,0,0,0
15721,2,0.707944414,0,0,0,0
15722,2,0.71056344,0,0,0,0
15723,1,0.710897276,0,0,0,0
15734,1,0.709144582,0,0,0,0
15735,2,0.710992858,0,0,0,0
15736,1,0.708075253,0,0,0,0
15738,1,0.709310895,0,0,0,0
15740,2,0.710363244,0,0,0,0
15752,1,0.709985161,0,0,0,0
15754,1,0.710679312,0,0,0,0
15755,2,0.710376842,0,0,0,0
15757,1,0.709856522,0,0,0,0
15759,1,0.709946662,0,0,0,0
15760,1,0.710325908,0,0,0,0
15761,1,0.711167369,0,0,0,0
15762,2,0.708175568,0,0,0,0
15763,1,0.710354823,0,0,0,0
15764,1,0.708149684,0,0,0,0
15765,1,0.709154704,0,0,0,0
15770,1,0.7091607,0,0,0,0
15774,1,0.710441383,0,0,0,0
15776,1,0.708122632,0,0,0,0
15778,2,0.710242668,0,0,0,0
15779,1,0.710998866,0,0,0,0
15780,1,0.71167423,0,0,0,0
15781,1,0.709127877,0,0,0,0
15782,1,0.71008627,0,0,0,0
15783,1,0.710541719,0,0,0,0
15787,2,0.71128939,0,0,0,0
15788,1,0.710780728,0,0,0,0
15789,2,0.711446458,0,0,0,0
15790,1,0.711363634,0,0,0,0
15791,1,0.71012242,0,0,0,0
15792,1,0.710633319,0,0,0,0
15793,1,0.709205449,0,0,0,0
15795,2,0.711348266,0,0,0,0
15796,1,0.711361188,0,0,0,0
15797,1,0.710701793,0,0,0,0
15798,1,0.711370488,0,0,0,0
15800,2,0.707983223,0,0,0,0
15801,1,0.709216814,0,0,0,0
15805,2,0.710452068,0,0,0,0
15809,1,0.710371307,0,0,0,0
15811,2,0.709184582,0,0,0,0
15812,2,0.710366735,0,0,0,0
15820,1,0.709906433,0,0,0,0
2371,1,0.707402911,0,0,0,0
2372,2,0.707253089,0,0,0,0
2374,2,0.706894986,0,0,0,0
2375,2,0.707223621,0,0,0,0
2376,1,0.706739684,0,0,0,0
2438,2,0.706698382,0,0,0,0
2439,1,0.707707019,0,0,0,0
2440,2,0.707426584,0,0,0,0
2441,1,0.704730848,0,0,0,0
2442,1,0.707814256,0,0,0,0
2495,1,0.708063474,0,0,0,0
2496,1,0.707947391,0,0,0,0
2566,2,0.707720708,0,0,0,0
2567,1,0.70669804,0,0,0,0
2568,2,0.706773438,0,0,0,0
2569,1,0.708081089,0,0,0,0
2570,1,0.70663924,0,0,0,0
2571,1,0.70782654,0,0,0,0
2572,1,0.707525802,0,0,0,0
2573,1,0.707722026,0,0,0,0
2389,2,0.707264764,0,0,0,0
2391,1,0.707750029,0,0,0,0
2773,1,0.707862811,0,0,0,0
2776,1,0.704512168,0,0,0,0
2777,2,0.706707496,0,0,0,0
2995,1,0.707938637,0,0,0,0
2996,1,0.706806044,0,0,0,0
2997,1,0.707523914,0,0,0,0
2839,1,0.707237283,0,0,0,0
2840,2,0.707842178,0,0,0,0
2841,2,0.704712398,0,0,0,0
2842,1,0.707730119,0,0,0,0
2843,2,0.706916583,0,0,0,0
2845,1,0.7067929,0,0,0,0
2846,1,0.707496273,0,0,0,0
2847,1,0.704517131,0,0,0,0
2392,1,0.704468661,0,0,0,0
2393,1,0.706979144,0,0,0,0
2394,2,0.706959034,0,0,0,0
2397,2,0.706415993,0,0,0,0
2401,1,0.707342252,0,0,0,0
2402,1,0.706938888,0,0,0,0
2404,1,0.704903019,0,0,0,0
2405,2,0.704422303,0,0,0,0
2417,1,0.707819453,0,0,0,0
2418,1,0.706748829,0,0,0,0
2420,1,0.706648158,0,0,0,0
2421,2,0.7068833,0,0,0,0
2430,2,0.707791316,0,0,0,0
2431,1,0.707014457,0,0,0,0
2432,1,0.706757107,0,0,0,0
2433,2,0.704439588,0,0,0,0
2434,1,0.707425013,0,0,0,0
2435,1,0.707633028,0,0,0,0
2436,1,0.707611098,0,0,0,0
2443,1,0.707038127,0,0,0,0
2444,1,0.707255842,0,0,0,0
2445,2,0.707670803,0,0,0,0
2446,1,0.707379756,0,0,0,0
2447,2,0.707687742,0,0,0,0
2448,1,0.707694879,0,0,0,0
2455,1,0.704474649,0,0,0,0
2456,1,0.708027031,0,0,0,0
2457,1,0.706716001,0,0,0,0
2581,1,0.707725297,0,0,0,0
2582,1,0.706799503,0,0,0,0
2800,1,0.707886778,0,0,0,0
2801,2,0.70746157,0,0,0,0
2869,1,0.706690719,0,0,0,0
2870,2,0.706717898,0,0,0,0
2871,1,0.707865246,0,0,0,0
2972,1,0.704462183,0,0,0,0
3034,2,0.706802073,0,0,0,0
3036,1,0.706694582,0,0,0,0
2458,2,0.706804416,0,0,0,0
2459,1,0.70733787,0,0,0,0
2460,2,0.704991908,0,0,0,0
2461,1,0.707677109,0,0,0,0
2462,2,0.704457099,0,0,0,0
2463,1,0.706847351,0,0,0,0
2464,2,0.706709705,0,0,0,0
2465,1,0.706688792,0,0,0,0
2466,1,0.704931941,0,0,0,0
2467,1,0.707519883,0,0,0,0
2468,1,0.706328533,0,0,0,0
2486,2,0.706399872,0,0,0,0
2650,1,0.707692562,0,0,0,0
2651,2,0.707789716,0,0,0,0
2652,1,0.707731686,0,0,0,0
2942,1,0.707865993,0,0,0,0
2943,1,0.707447352,0,0,0,0
3409,1,0.704544177,0,0,0,0
3410,2,0.705481105,0,0,0,0
3411,1,0.707038425,0,0,0,0
2780,1,0.706696716,0,0,0,0
2857,2,0.706734156,0,0,0,0
2858,1,0.70790557,0,0,0,0
2859,2,0.706654306,0,0,0,0
2860,1,0.70724902,0,0,0,0
2862,1,0.704476662,0,0,0,0
2863,2,0.706705533,0,0,0,0
2864,2,0.706879648,0,0,0,0
2488,2,0.706983998,0,0,0,0
2489,2,0.707299675,0,0,0,0
2491,1,0.707239499,0,0,0,0
2492,1,0.70743119,0,0,0,0
2493,1,0.706805388,0,0,0,0
2498,2,0.707541735,0,0,0,0
2499,1,0.707440458,0,0,0,0
2500,2,0.707501879,0,0,0,0
2502,2,0.707310688,0,0,0,0
2503,1,0.707695999,0,0,0,0
2504,1,0.707791599,0,0,0,0
2506,1,0.704473495,0,0,0,0
2507,1,0.70697271,0,0,0,0
2509,1,0.706767413,0,0,0,0
2511,2,0.70503098,0,0,0,0
2512,2,0.707685557,0,0,0,0
2513,1,0.707839866,0,0,0,0
2515,1,0.707653189,0,0,0,0
2516,1,0.708003929,0,0,0,0
2517,1,0.706764488,0,0,0,0
2518,1,0.707338116,0,0,0,0
2519,1,0.706667515,0,0,0,0
2520,2,0.70642072,0,0,0,0
2521,1,0.706771073,0,0,0,0
2522,2,0.706660522,0,0,0,0
2523,2,0.708072945,0,0,0,0
2524,2,0.706377601,0,0,0,0
2525,1,0.707513457,0,0,0,0
2526,1,0.707304304,0,0,0,0
2533,2,0.704869215,0,0,0,0
2534,1,0.707750994,0,0,0,0
2535,1,0.707716074,0,0,0,0
2536,1,0.704932723,0,0,0,0
2537,1,0.704472045,0,0,0,0
2539,1,0.706768009,0,0,0,0
2540,1,0.707957371,0,0,0,0
2542,1,0.708018645,0,0,0,0
2543,1,0.706751496,0,0,0,0
2544,1,0.707397788,0,0,0,0
2548,1,0.70704424,0,0,0,0
2549,1,0.707280413,0,0,0,0
2550,2,0.707954342,0,0,0,0
2551,2,0.706768464,0,0,0,0
2552,2,0.707261606,0,0,0,0
2554,1,0.707434381,0,0,0,0
2555,1,0.706729671,0,0,0,0
2556,1,0.707951697,0,0,0,0
2557,1,0.706722472,0,0,0,0
2559,2,0.704469303,0,0,0,0
2560,2,0.706993144,0,0,0,0
2561,1,0.704462214,0,0,0,0
2562,2,0.708026353,0,0,0,0
2563,1,0.704458778,0,0,0,0
2564,1,0.707688069,0,0,0,0
2565,1,0.706664675,0,0,0,0
2575,2,0.707723577,0,0,0,0
2576,2,0.707475605,0,0,0,0
2577,2,0.70779779,0,0,0,0
2608,1,0.706851866,0,0,0,0
2609,1,0.706916745,0,0,0,0
2610,2,0.707723356,0,0,0,0
2668,2,0.706850171,0,0,0,0
2669,1,0.706552793,0,0,0,0
2670,1,0.706806064,0,0,0,0
2737,1,0.707286578,0,0,0,0
2738,1,0.706730925,0,0,0,0
2739,1,0.706741155,0,0,0,0
2740,1,0.707729764,0,0,0,0
2741,2,0.70703475,0,0,0,0
2742,2,0.70527717,0,0,0,0
2743,1,0.707905914,0,0,0,0
2744,1,0.707522699,0,0,0,0
2745,2,0.70810852,0,0,0,0
2747,1,0.707493964,0,0,0,0
2748,2,0.706642144,0,0,0,0
2617,1,0.706622081,0,0,0,0
2618,1,0.706725194,0,0,0,0
2619,1,0.706779016,0,0,0,0
2620,2,0.704594299,0,0,0,0
2621,1,0.70808541,0,0,0,0
2622,1,0.708022482,0,0,0,0
3055,2,0.706871774,0,0,0,0
3056,1,0.707297985,0,0,0,0
3116,1,0.706811816,0,0,0,0
2797,1,0.707299149,0,0,0,0
2798,2,0.706976397,0,0,0,0
2578,2,0.707666132,0,0,0,0
2580,1,0.70738687,0,0,0,0
2584,1,0.70681477,0,0,0,0
2585,1,0.706795372,0,0,0,0
2586,1,0.70666761,0,0,0,0
2824,2,0.707291489,0,0,0,0
2825,1,0.706667779,0,0,0,0
2826,1,0.706681832,0,0,0,0
2917,1,0.706910008,0,0,0,0
2918,1,0.707932673,0,0,0,0
2919,1,0.706862409,0,0,0,0
2982,1,0.706576971,0,0,0,0
3100,2,0.704975143,0,0,0,0
3101,1,0.707413109,0,0,0,0
2607,1,0.707026418,0,0,0,0
2611,1,0.707498906,0,0,0,0
2612,1,0.70743908,0,0,0,0
2613,1,0.708089351,0,0,0,0
2614,1,0.707289311,0,0,0,0
2616,1,0.704791437,0,0,0,0
2628,1,0.707686513,0,0,0,0
2629,1,0.70705638,0,0,0,0
2630,1,0.704524888,0,0,0,0
2631,2,0.706778124,0,0,0,0
2633,1,0.707721914,0,0,0,0
2634,1,0.706793069,0,0,0,0
2635,1,0.706792271,0,0,0,0
2636,1,0.707468226,0,0,0,0
2637,1,0.706788648,0,0,0,0
2639,1,0.706841084,0,0,0,0
2641,1,0.706623664,0,0,0,0
2642,1,0.706670993,0,0,0,0
2643,1,0.707786652,0,0,0,0
2644,2,0.704556435,0,0,0,0
2645,1,0.704467256,0,0,0,0
2646,2,0.706629549,0,0,0,0
2647,1,0.706706526,0,0,0,0
2648,1,0.707731213,0,0,0,0
2653,2,0.704446582,0,0,0,0
2654,1,0.706842769,0,0,0,0
2655,1,0.7067435,0,0,0,0
2656,1,0.708066058,0,0,0,0
2657,1,0.707934981,0,0,0,0
2658,1,0.706484025,0,0,0,0
2661,2,0.705185033,0,0,0,0
2662,1,0.7066841,0,0,0,0
2664,1,0.706758029,0,0,0,0
2665,1,0.704452324,0,0,0,0
2666,1,0.706719653,0,0,0,0
2667,1,0.706632289,0,0,0,0
2672,1,0.7075114,0,0,0,0
2674,2,0.707047277,0,0,0,0
2675,1,0.707692488,0,0,0,0
2676,2,0.707512047,0,0,0,0
2678,1,0.706813427,0,0,0,0
2679,1,0.707398973,0,0,0,0
2680,1,0.707065525,0,0,0,0
2681,2,0.7068445,0,0,0,0
2682,1,0.707202493,0,0,0,0
2683,1,0.705003265,0,0,0,0
2684,2,0.706854728,0,0,0,0
2685,2,0.707658726,0,0,0,0
2686,2,0.706687905,0,0,0,0
2687,1,0.707009515,0,0,0,0
2689,1,0.707616748,0,0,0,0
2690,2,0.70679943,0,0,0,0
2693,1,0.704478246,0,0,0,0
2695,2,0.708064132,0,0,0,0
2696,1,0.70761332,0,0,0,0
2697,2,0.707035614,0,0,0,0
2698,1,0.706538129,0,0,0,0
2699,1,0.707450917,0,0,0,0
2700,1,0.706788022,0,0,0,0
2702,1,0.706596279,0,0,0,0
2703,1,0.707364519,0,0,0,0
2704,1,0.707539999,0,0,0,0
2705,1,0.708010734,0,0,0,0
2706,2,0.704558264,0,0,0,0
2715,2,0.707516767,0,0,0,0
2716,2,0.705257305,0,0,0,0
2717,1,0.706380249,0,0,0,0
2718,1,0.706799445,0,0,0,0
2720,1,0.706733093,0,0,0,0
2721,1,0.707039979,0,0,0,0
2722,1,0.704463709,0,0,0,0
2723,1,0.707887297,0,0,0,0
2724,1,0.705320852,0,0,0,0
2749,1,0.70754754500000006,0,0,0,0
2750,1,0.706839742,0,0,0,0
2758,2,0.707285195,0,0,0,0
2759,1,0.707239939,0,0,0,0
2760,1,0.707878364,0,0,0,0
2762,1,0.704702665,0,0,0,0
2765,1,0.70477536,0,0,0,0
2767,1,0.706629223,0,0,0,0
2768,1,0.707509305,0,0,0,0
2769,1,0.706630468,0,0,0,0
2770,1,0.708111879,0,0,0,0
2771,1,0.706978543,0,0,0,0
2772,1,0.706653358,0,0,0,0
3178,1,0.706798201,0,0,0,0
3179,2,0.70781708,0,0,0,0
3180,2,0.705319824,0,0,0,0
2782,1,0.706830867,0,0,0,0
2785,1,0.707813885,0,0,0,0
2786,1,0.708077873,0,0,0,0
2787,1,0.706086984,0,0,0,0
2792,3,0.706771607,0,0,0,0
2794,4,0.706569345,0,0,0,0
2795,3,0.707252473,0,0,0,0
2805,7,0.708951151,0,0,0,0
2807,4,0.706597075,0,0,0,0
2811,4,0.708002511,0,0,0,0
2816,3,0.706802595,0,0,0,0
2821,3,0.706806539,0,0,0,0
2833,5,0.706719288,0,0,0,0
2838,3,0.705090671,18.23768918292298,1.7637605361196776e-4,0.27016769066499313,35.05897368066528
2902,6,0.707044496,0,0,0,0
2978,6,0.707095342,0,0,0,0
2979,3,0.707738703,0,0,0,0
3104,3,0.707332532,0,0,0,0
2873,7,0.708954006,0,0,0,0
2876,6,0.707150004,0,0,0,0
2877,6,0.707191728,0,0,0,0
2965,5,0.704944005,12.392812059060054,1.1985045156809149e-4,0.18358342338549066,23.823153659995818
2891,4,0.708051864,0,0,0,0
2896,5,0.706735093,0,0,0,0
2897,4,0.706631734,0,0,0,0
2898,3,0.706708703,24.602618355072757,2.3793106080852874e-4,0.3644558539535808,47.29450868115449
2999,6,0.707297552,0,0,0,0
3334,4,0.70689894,26.423801285753697,2.555436571740679e-4,0.3914343149705218,50.79543491111817
3335,3,0.707988662,0,0,0,0
3191,4,0.706564924,27.859128655759665,2.694246579205848e-4,0.4126968267401527,53.554616953506326
3192,4,0.706949607,22.337357251018698,2.160237999748561e-4,0.3308989512617327,42.93991481620205
3196,4,0.706741464,24.50452624052521,2.3698241540280764e-4,0.3630027466112004,47.105942639277686
3197,3,0.706829779,0,0,0,0
2901,6,0.707386121,0,0,0,0
2908,4,0.707964247,0,0,0,0
2910,4,0.707998895,0,0,0,0
2911,3,0.707304862,29.1832069249508,2.822297725077974e-4,0.43231132749510726,56.09994080046492
2912,5,0.706258967,43.08354427222063,4.1665944836180634e-4,0.6382267810873676,82.82106518866969
2914,6,0.707304951,0,0,0,0
2922,6,0.70725821,0,0,0,0
2924,7,0.708955618,0,0,0,0
2926,6,0.707124301,0,0,0,0
2951,3,0.706936665,23.943570614352996,2.3155743318037082e-4,0.35469291719320656,46.02759722299503
2954,7,0.708954322,0,0,0,0
2962,4,0.707691573,0,0,0,0
2970,6,0.707058395,0,0,0,0
2991,3,0.707854839,41.96865007209623,4.0587734558329545e-4,0.6217110707710936,80.67786349097398
3003,7,0.708951983,0,0,0,0
3006,3,0.708121625,0,0,0,0
3012,3,0.707330167,0,0,0,0
3017,3,0.705062839,17.36640499188742,1.679498947029081e-4,0.25726074640006913,33.384072369675856
3042,7,0.708946723,0,0,0,0
3092,3,0.706780665,0,0,0,0
3093,3,0.706578017,0,0,0,0
3221,4,0.708014262,40.80562271513099,3.946297487300514e-4,0.6044823302184951,78.44213367406724
3047,3,0.706698358,24.624956684866188,2.3814709401392723e-4,0.36478676731179593,47.33745046552437
3268,3,0.707029731,0,0,0,0
3272,4,0.706842224,0,0,0,0
3274,5,0.706969626,0,0,0,0
3373,3,0.707215091,24.883057741274953,2.4064318029469814e-4,0.3686101994181751,47.83360751989833
3376,3,0.70660654,0,0,0,0
3864,5,0.707040517,0,0,0,0
3825,3,0.706725985,0,0,0,0
4979,3,0.708245181,0,0,0,0
4986,4,0.708189807,0,0,0,0
4308,6,0.70784057,0,0,0,0
4990,3,0.705543032,0,0,0,0
4313,3,0.707721421,42.517205098142746,4.1118240203604433e-4,0.6298372013956044,81.73237078231267
3064,6,0.707024003,0,0,0,0
3068,3,0.708105868,0,0,0,0
3072,7,0.70894021,0,0,0,0
3073,3,0.707314296,0,0,0,0
3074,5,0.706843292,0,0,0,0
3075,3,0.7072482,0,0,0,0
3085,5,0.706853043,0,0,0,0
3088,4,0.70695469,23.136232972102018,2.2374969910592728e-4,0.34273325803868476,44.47562269008159
3094,4,0.706163474,43.79189647526917,4.235098977190654e-4,0.6487200994543831,84.1827564092095
3096,7,0.708932172,0,0,0,0
3118,4,0.706231292,43.296845818145066,4.1872228014505175e-4,0.641386566600745,83.23110251355251
3122,7,0.708920173,0,0,0,0
3130,4,0.706652464,24.673676579867394,2.3861826241286827e-4,0.3655084893123135,47.43110649285548
3133,4,0.706652348,24.67369523379231,2.3861844281432306e-4,0.36550876564599616,47.43114235197425
3138,3,0.706848659,0,0,0,0
3140,5,0.706808598,0,0,0,0
3141,4,0.706809748,0,0,0,0
3145,4,0.706698673,0,0,0,0
3150,5,0.706315629,41.07193597430835,3.972052549362997e-4,0.6084274154485245,78.95407734470804
3156,6,0.706969722,0,0,0,0
3160,3,0.708007074,0,0,0,0
3161,4,0.706898001,26.426915439413925,2.555737740450938e-4,0.391480447114475,50.80142136203948
3166,4,0.70671546,0,0,0,0
3167,3,0.704426787,4.882250155892463,4.721607033686246e-5,0.072324198347527,9.385327165139499
3168,6,0.706965828,0,0,0,0
3169,3,0.707994127,0,0,0,0
3172,5,0.704951895,13.193796981622862,1.275967487128306e-4,0.19544897524437968,25.362916128644187
3173,6,0.706959434,0,0,0,0
3176,4,0.706269013,40.608742722778786,3.927257292165074e-4,0.6015658087042596,78.06366409928204
3200,3,0.706838986,0,0,0,0
3203,4,0.706513538,27.958026751569424,2.703810979428765e-4,0.41416187364867807,53.74473236249734
3204,3,0.706827329,0,0,0,0
3205,3,0.707259497,0,0,0,0
3211,3,0.707717286,0,0,0,0
3215,3,0.707848971,0,0,0,0
3226,3,0.706747263,0,0,0,0
3231,3,0.707264002,25.016572764472155,2.4193439940986338e-4,0.3705880511692646,48.09026830829618
3254,4,0.708073336,42.92773695392391,4.151526412411559e-4,0.6359186979222952,82.52155111006952
3350,3,0.706560028,27.863266554441914,2.6946467539387876e-4,0.41275812433767045,53.56257138674285
4284,6,0.70774569,0,0,0,0
3419,3,0.704443444,4.900258770437029,4.7390231017666455e-5,0.07259097259478949,9.419945780305632
3477,7,0.70889474,0,0,0,0
3259,7,0.708903752,0,0,0,0
3261,5,0.706928016,0,0,0,0
3288,3,0.707795959,0,0,0,0
3291,4,0.70572094,41.226930895527715,3.9870420539325595e-4,0.6107234640054792,79.25202972283905
3293,7,0.708895558,0,0,0,0
3297,3,0.706588951,25.455412975241558,2.461784077250301e-4,0.37708889922766464,48.93386681713513
3304,4,0.706886765,26.46155300932177,2.559087527710595e-4,0.3919935577491826,50.86800642331458
3314,5,0.706426987,33.89252356298223,3.2777340884758725e-4,0.5020737402627574,65.15283157027031
3321,3,0.706767517,0,0,0,0
3326,3,0.70777132,0,0,0,0
3327,4,0.705709423,41.135556134877696,3.9782052328191266e-4,0.6093698655412068,79.07637669483891
3508,3,0.706617685,0,0,0,0
3510,7,0.708894712,0,0,0,0
3513,3,0.706925801,0,0,0,0
2788,2,0.707736153,0,0,0,0
2789,1,0.706886464,0,0,0,0
2790,1,0.70667716,0,0,0,0
2791,2,0.707799876,0,0,0,0
2793,1,0.707787258,0,0,0,0
2796,1,0.706905192,0,0,0,0
2803,2,0.704902743,0,0,0,0
2804,1,0.707937064,0,0,0,0
2806,2,0.706805883,0,0,0,0
2808,1,0.706712995,0,0,0,0
2809,2,0.706911256,0,0,0,0
2810,2,0.707471156,0,0,0,0
2812,1,0.707548771,0,0,0,0
2813,2,0.707820089,0,0,0,0
2814,2,0.707848716,0,0,0,0
2815,1,0.707748128,0,0,0,0
2817,2,0.707903285,0,0,0,0
2818,1,0.706867232,0,0,0,0
2819,1,0.707985135,0,0,0,0
2820,1,0.706812067,0,0,0,0
2822,1,0.707048254,0,0,0,0
2823,1,0.706780903,0,0,0,0
2827,2,0.707528623,0,0,0,0
2828,1,0.707238107,0,0,0,0
2829,2,0.707030374,0,0,0,0
2830,1,0.707556152,0,0,0,0
2831,1,0.707186084,0,0,0,0
2832,1,0.707483709,0,0,0,0
2834,1,0.706689956,0,0,0,0
2835,1,0.706990902,0,0,0,0
2836,1,0.704526136,0,0,0,0
2837,2,0.707251809,0,0,0,0
2848,2,0.707928871,0,0,0,0
2849,1,0.70448596,0,0,0,0
2850,1,0.70728145,0,0,0,0
2851,2,0.706766238,0,0,0,0
2852,1,0.706379878,0,0,0,0
2853,2,0.706711871,0,0,0,0
2866,1,0.704479459,0,0,0,0
2867,2,0.706648989,0,0,0,0
2868,2,0.704694193,0,0,0,0
2903,2,0.704884993,0,0,0,0
2904,1,0.704810136,0,0,0,0
2977,1,0.707945357,0,0,0,0
3103,1,0.70792322,0,0,0,0
3113,1,0.707344062,0,0,0,0
3114,2,0.706855235,0,0,0,0
3184,1,0.707709313,0,0,0,0
3185,1,0.706863296,0,0,0,0
3186,1,0.706837488,0,0,0,0
2872,1,0.70776304,0,0,0,0
2874,1,0.707679604,0,0,0,0
2875,1,0.706810046,0,0,0,0
2966,2,0.707789189,0,0,0,0
2967,1,0.706694923,0,0,0,0
2890,1,0.705237357,0,0,0,0
2892,1,0.705412713,0,0,0,0
2893,1,0.707402651,0,0,0,0
2894,1,0.707092874,0,0,0,0
2895,1,0.705889873,0,0,0,0
2992,1,0.708000194,0,0,0,0
2993,1,0.706654752,0,0,0,0
2994,1,0.706971996,0,0,0,0
2998,2,0.707393509,0,0,0,0
3000,2,0.707986109,0,0,0,0
3187,1,0.708109246,0,0,0,0
3188,1,0.707035541,0,0,0,0
3189,1,0.707745058,0,0,0,0
3331,1,0.706869477,0,0,0,0
3332,2,0.704586607,0,0,0,0
3333,2,0.706574467,0,0,0,0
3336,1,0.707404156,0,0,0,0
3124,2,0.705484806,0,0,0,0
3125,2,0.706764881,0,0,0,0
3126,1,0.706804657,0,0,0,0
3190,2,0.706876812,0,0,0,0
3193,2,0.704518288,0,0,0,0
3194,1,0.707736211,0,0,0,0
3195,1,0.707772772,0,0,0,0
3198,1,0.70748126,0,0,0,0
3307,2,0.707366293,0,0,0,0
3308,1,0.707040708,0,0,0,0
3309,1,0.706955071,0,0,0,0
3370,1,0.707285164,0,0,0,0
3371,1,0.706756876,0,0,0,0
3372,1,0.706810861,0,0,0,0
2899,1,0.706808296,0,0,0,0
2900,1,0.706855658,0,0,0,0
2905,1,0.706814582,0,0,0,0
2906,1,0.706722225,0,0,0,0
2907,2,0.707288432,0,0,0,0
2909,2,0.704778546,0,0,0,0
2913,1,0.704708473,0,0,0,0
2915,1,0.708133421,0,0,0,0
2916,2,0.707446193,0,0,0,0
2920,1,0.706587855,0,0,0,0
2921,1,0.705651302,0,0,0,0
2923,1,0.707834479,0,0,0,0
2925,1,0.706867324,0,0,0,0
2927,2,0.706979546,0,0,0,0
2928,1,0.708017845,0,0,0,0
2949,1,0.706695959,0,0,0,0
2950,2,0.706863574,0,0,0,0
2952,1,0.704479043,0,0,0,0
2953,2,0.70791177,0,0,0,0
2955,1,0.707953546,0,0,0,0
2956,2,0.708134002,0,0,0,0
2957,2,0.70669371,0,0,0,0
2958,1,0.706576989,0,0,0,0
2959,1,0.707355395,0,0,0,0
2960,1,0.706587973,0,0,0,0
2961,1,0.706842305,0,0,0,0
2963,1,0.70666708,0,0,0,0
2964,1,0.707333763,0,0,0,0
2968,2,0.707667913,0,0,0,0
2969,2,0.706828246,0,0,0,0
2974,1,0.707742429,0,0,0,0
2975,2,0.707491788,0,0,0,0
2976,2,0.707789025,0,0,0,0
2983,2,0.707537526,0,0,0,0
2984,1,0.706797385,0,0,0,0
2985,1,0.706978759,0,0,0,0
2986,1,0.707207671,0,0,0,0
2987,1,0.7044588,0,0,0,0
2988,1,0.706173916,0,0,0,0
2989,2,0.706741751,0,0,0,0
2990,1,0.706777799,0,0,0,0
3002,2,0.707898174,0,0,0,0
3004,1,0.706760964,0,0,0,0
3005,1,0.707345795,0,0,0,0
3007,1,0.70740447,0,0,0,0
3008,1,0.7079855,0,0,0,0
3009,1,0.708141006,0,0,0,0
3010,1,0.706485873,0,0,0,0
3011,2,0.706711995,0,0,0,0
3013,1,0.707486162,0,0,0,0
3014,1,0.706796652,0,0,0,0
3015,1,0.706842801,0,0,0,0
3016,1,0.707934238,0,0,0,0
3018,1,0.707044828,0,0,0,0
3019,2,0.70446851,0,0,0,0
3020,1,0.706746977,0,0,0,0
3021,2,0.707530424,0,0,0,0
3031,2,0.704917842,0,0,0,0
3032,2,0.704977465,0,0,0,0
3033,2,0.706668249,0,0,0,0
3037,1,0.706996208,0,0,0,0
3038,1,0.707126145,0,0,0,0
3039,1,0.704543004,0,0,0,0
3040,1,0.70701044,0,0,0,0
3041,2,0.704973268,0,0,0,0
3043,2,0.707228912,0,0,0,0
3044,2,0.707728651,0,0,0,0
3045,2,0.708071894,0,0,0,0
3091,2,0.704941736,0,0,0,0
3220,2,0.708115231,0,0,0,0
3222,2,0.706789702,0,0,0,0
3223,1,0.706756011,0,0,0,0
3224,1,0.706689348,0,0,0,0
3225,1,0.706874942,0,0,0,0
3280,2,0.707855056,0,0,0,0
3281,1,0.707530182,0,0,0,0
3282,1,0.708089713,0,0,0,0
3340,1,0.706710151,0,0,0,0
3341,1,0.707367952,0,0,0,0
3342,1,0.705442936,0,0,0,0
3046,1,0.704510198,0,0,0,0
3048,1,0.706813329,0,0,0,0
3049,2,0.70783111,0,0,0,0
3050,1,0.708079471,0,0,0,0
3051,2,0.704457998,0,0,0,0
3052,1,0.706798833,0,0,0,0
3053,2,0.706991588,0,0,0,0
3054,2,0.707251379,0,0,0,0
3269,1,0.704539159,0,0,0,0
3270,1,0.706788368,0,0,0,0
3271,1,0.705225478,0,0,0,0
3273,1,0.704478374,0,0,0,0
3275,1,0.707152721,0,0,0,0
3366,1,0.706630714,0,0,0,0
3367,2,0.707064232,0,0,0,0
3368,1,0.704520419,0,0,0,0
3369,1,0.707288219,0,0,0,0
3374,1,0.705328078,0,0,0,0
3375,1,0.706881375,0,0,0,0
3810,1,0.70813618,0,0,0,0
3862,1,0.707925973,0,0,0,0
3863,1,0.706289266,0,0,0,0
3634,2,0.707265123,0,0,0,0
3635,2,0.706708163,0,0,0,0
3636,2,0.70794621,0,0,0,0
3637,2,0.708097273,0,0,0,0
3820,1,0.70697842,0,0,0,0
3821,2,0.708164564,0,0,0,0
3822,1,0.706777544,0,0,0,0
3823,1,0.706654913,0,0,0,0
3824,2,0.705322712,0,0,0,0
3826,1,0.706949964,0,0,0,0
3827,1,0.707712635,0,0,0,0
3910,2,0.707547546,0,0,0,0
3911,1,0.706673725,0,0,0,0
3912,2,0.707519483,0,0,0,0
3913,1,0.704615847,0,0,0,0
3914,1,0.707346621,0,0,0,0
3915,2,0.705235396,0,0,0,0
3919,2,0.707481183,0,0,0,0
3920,2,0.70783138,0,0,0,0
4980,1,0.707924402,0,0,0,0
4981,1,0.708298415,0,0,0,0
4982,2,0.706737314,0,0,0,0
4983,1,0.706780959,0,0,0,0
4984,2,0.706720064,0,0,0,0
4985,1,0.707649931,0,0,0,0
4988,1,0.706977377,0,0,0,0
4989,2,0.706729579,0,0,0,0
4312,2,0.707325162,0,0,0,0
4314,2,0.707685091,0,0,0,0
4315,1,0.707068187,0,0,0,0
3058,1,0.706617551,0,0,0,0
3059,1,0.707864685,0,0,0,0
3060,1,0.70683953,0,0,0,0
3065,2,0.707900701,0,0,0,0
3066,1,0.707224101,0,0,0,0
3067,1,0.707278467,0,0,0,0
3069,1,0.707994225,0,0,0,0
3070,1,0.707246378,0,0,0,0
3071,1,0.705247076,0,0,0,0
3076,1,0.705543585,0,0,0,0
3077,2,0.707404668,0,0,0,0
3078,1,0.704535778,0,0,0,0
3082,2,0.707867752,0,0,0,0
3083,2,0.706494863,0,0,0,0
3084,1,0.70453642,0,0,0,0
3086,1,0.707108069,0,0,0,0
3087,1,0.705186889,0,0,0,0
3089,1,0.706793415,0,0,0,0
3090,2,0.706504855,0,0,0,0
3095,1,0.707623638,0,0,0,0
3097,1,0.708080349,0,0,0,0
3098,1,0.706840191,0,0,0,0
3099,1,0.707766866,0,0,0,0
3352,1,0.706739626,0,0,0,0
3353,1,0.707347333,0,0,0,0
3354,1,0.706702708,0,0,0,0
3562,1,0.707284547,0,0,0,0
3563,2,0.707838365,0,0,0,0
3564,1,0.707231241,0,0,0,0
3119,1,0.706993817,0,0,0,0
3120,1,0.707955378,0,0,0,0
3121,1,0.704500625,0,0,0,0
3123,1,0.70659336,0,0,0,0
3127,1,0.704457152,0,0,0,0
3128,1,0.707252336,0,0,0,0
3129,1,0.706765108,0,0,0,0
3131,1,0.707863657,0,0,0,0
3132,1,0.705815961,0,0,0,0
3134,2,0.708102075,0,0,0,0
3135,1,0.707191126,0,0,0,0
3136,2,0.706814341,0,0,0,0
3137,1,0.708117998,0,0,0,0
3139,1,0.707423178,0,0,0,0
3146,1,0.706721435,0,0,0,0
3147,1,0.707310157,0,0,0,0
3148,1,0.70785523400000006,0,0,0,0
3149,2,0.706716256,0,0,0,0
3151,2,0.707076063,0,0,0,0
3152,1,0.706984753,0,0,0,0
3153,2,0.705042422,0,0,0,0
3154,2,0.707863073,0,0,0,0
3155,2,0.706819642,0,0,0,0
3157,2,0.70672362,0,0,0,0
3158,2,0.706729439,0,0,0,0
3159,1,0.706846217,0,0,0,0
3162,1,0.70682869,0,0,0,0
3170,2,0.707693929,0,0,0,0
3171,1,0.70452251,0,0,0,0
3174,1,0.706621313,0,0,0,0
3175,1,0.706902264,0,0,0,0
3177,1,0.707809766,0,0,0,0
3181,1,0.707085898,0,0,0,0
3182,2,0.707731753,0,0,0,0
3183,1,0.706793211,0,0,0,0
3199,1,0.707355299,0,0,0,0
3201,1,0.707529951,0,0,0,0
3202,2,0.706822619,0,0,0,0
3206,1,0.706894138,0,0,0,0
3207,1,0.706820563,0,0,0,0
3208,1,0.708049789,0,0,0,0
3209,1,0.707736126,0,0,0,0
3210,2,0.706578826,0,0,0,0
3212,2,0.705324147,0,0,0,0
3213,1,0.707904981,0,0,0,0
3214,1,0.70772804,0,0,0,0
3216,1,0.706779956,0,0,0,0
3227,1,0.707304198,0,0,0,0
3228,1,0.707991149,0,0,0,0
3229,2,0.706954437,0,0,0,0
3230,1,0.704956048,0,0,0,0
3232,1,0.707771568,0,0,0,0
3233,2,0.707686859,0,0,0,0
3234,1,0.70668682,0,0,0,0
3243,1,0.706847112,0,0,0,0
3244,1,0.706607416,0,0,0,0
3245,1,0.707734272,0,0,0,0
3246,2,0.708057266,0,0,0,0
3253,2,0.706725874,0,0,0,0
3255,2,0.706550748,0,0,0,0
3349,2,0.706980321,0,0,0,0
3351,2,0.706965651,0,0,0,0
3703,1,0.708180969,0,0,0,0
3704,2,0.705237727,0,0,0,0
3705,1,0.706917924,0,0,0,0
4282,1,0.707319219,0,0,0,0
4283,1,0.704772166,0,0,0,0
3415,1,0.706740957,0,0,0,0
3416,2,0.704525149,0,0,0,0
3417,1,0.706908736,0,0,0,0
3418,1,0.704513013,0,0,0,0
3420,1,0.70687483,0,0,0,0
3475,2,0.706740241,0,0,0,0
3476,1,0.706378428,0,0,0,0
3553,1,0.707699315,0,0,0,0
3554,1,0.706956792,0,0,0,0
3555,2,0.707523561,0,0,0,0
3256,2,0.706666709,0,0,0,0
3257,1,0.707135177,0,0,0,0
3258,1,0.707490345,0,0,0,0
3260,1,0.706865306,0,0,0,0
3262,2,0.706862688,0,0,0,0
3263,1,0.706855223,0,0,0,0
3264,2,0.70505264,0,0,0,0
3265,2,0.70658288,0,0,0,0
3266,2,0.707409376,0,0,0,0
3267,2,0.706668721,0,0,0,0
3276,1,0.705129678,0,0,0,0
3286,2,0.706893397,0,0,0,0
3287,1,0.707375004,0,0,0,0
3289,2,0.707344096,0,0,0,0
3290,2,0.707722058,0,0,0,0
3292,1,0.706691595,0,0,0,0
3294,1,0.706710508,0,0,0,0
3295,2,0.706698712,0,0,0,0
3296,1,0.704525462,0,0,0,0
3298,1,0.704933623,0,0,0,0
3299,1,0.707992875,0,0,0,0
3300,2,0.706809913,0,0,0,0
3301,2,0.707627779,0,0,0,0
3302,1,0.707663761,0,0,0,0
3303,1,0.707145577,0,0,0,0
3305,2,0.708079346,0,0,0,0
3306,1,0.706668873,0,0,0,0
3310,2,0.706872865,0,0,0,0
3311,2,0.706678093,0,0,0,0
3312,2,0.706953061,0,0,0,0
3313,1,0.706966023,0,0,0,0
3315,1,0.706793235,0,0,0,0
3316,1,0.707496971,0,0,0,0
3317,1,0.704544098,0,0,0,0
3318,2,0.706309094,0,0,0,0
3319,1,0.707800317,0,0,0,0
3320,1,0.707725295,0,0,0,0
3322,2,0.707599984,0,0,0,0
3323,2,0.707204081,0,0,0,0
3324,1,0.707688645,0,0,0,0
3325,2,0.707843966,0,0,0,0
3723,2,0.706116899,0,0,0,0
3505,1,0.706746775,0,0,0,0
3506,2,0.705058141,0,0,0,0
3507,1,0.707312799,0,0,0,0
3509,1,0.707340588,0,0,0,0
3511,1,0.706893775,0,0,0,0
3512,2,0.707304658,0,0,0,0
3514,1,0.707317922,0,0,0,0
3515,1,0.706942974,0,0,0,0
3516,1,0.7045416,0,0,0,0
3517,1,0.706890975,0,0,0,0
3518,1,0.70745378,0,0,0,0
3519,1,0.708060014,0,0,0,0
3577,1,0.706694061,0,0,0,0
3578,1,0.706778799,0,0,0,0
3579,1,0.707301937,0,0,0,0
3344,3,0.706870716,0,0,0,0
3797,3,0.706766804,0,0,0,0
3798,4,0.705217527,19.536265770278025,1.889345423269219e-4,0.2894044171076088,37.555274716491574
3853,3,0.706825867,0,0,0,0
3358,3,0.707377715,31.31738159192321,3.0286930099760693e-4,0.4639263547865888,60.20254243649832
3360,3,0.706600217,0,0,0,0
3362,3,0.705153867,18.477070195863387,1.786910990077188e-4,0.27371380962811886,35.519144514160296
4169,6,0.707718307,0,0,0,0
3585,4,0.705605456,41.66520387663535,4.0294272805022166e-4,0.6172159092927683,80.09453782545476
3874,4,0.705102288,19.071884390182166,1.8444352625735975e-4,0.28252520978095924,36.66257748828043
3936,3,0.708186324,0,0,0,0
3432,7,0.708894341,0,0,0,0
3433,5,0.704956163,13.195257189715564,1.2761087033417526e-4,0.19547060633175808,25.365723139805354
3435,3,0.706424274,33.90707945254766,3.279141783459932e-4,0.502289366871481,65.18081288654645
3436,3,0.707180293,25.632474569081868,2.4789076420038013e-4,0.37971183689446575,49.27423876316636
3441,3,0.706910471,0,0,0,0
3445,3,0.705193483,17.826231656818823,1.72396862281569e-4,0.26407248153409185,34.26801390315659
3446,7,0.708894748,0,0,0,0
3474,3,0.707681559,0,0,0,0
3493,7,0.708894723,0,0,0,0
3498,3,0.707692426,0,0,0,0
3525,3,0.706237965,43.24989320352234,4.18268203052781e-4,0.6406910245649051,83.14084379361348
3532,7,0.708901577,0,0,0,0
3536,3,0.706625578,0,0,0,0
3541,5,0.706452698,32.163281347906874,3.110499679239534e-4,0.4764572615980821,61.828646324115915
3542,3,0.707313105,30.846415180642907,2.983146013219928e-4,0.4569495987710558,59.297186563177796
3547,3,0.707183469,25.636918987768546,2.479337460179061e-4,0.3797776751879515,49.28278243096326
3550,5,0.704963221,13.196844659244984,1.276262226964192e-4,0.19549412263212176,25.368774790258033
3566,3,0.706843439,0,0,0,0
3743,5,0.707060763,0,0,0,0
3744,3,0.70675822,0,0,0,0
3745,7,0.708909099,0,0,0,0
3847,3,0.707178398,25.62964217787447,2.4786337224417144e-4,0.37966987869549174,49.268793954462936
3848,3,0.706788879,0,0,0,0
3568,3,0.706113815,43.305625642464385,4.1880718951867445e-4,0.6415166283008322,83.247980289385
3571,5,0.706990712,0,0,0,0
3594,3,0.706943756,0,0,0,0
3595,3,0.706818069,0,0,0,0
3596,3,0.706630871,0,0,0,0
3598,3,0.707701387,0,0,0,0
3603,5,0.706461605,32.12704513864461,3.1069952881275726e-4,0.4759204691965532,61.75898814022701
3618,3,0.706988371,23.94441302588342,2.315655801127899e-4,0.35470539642648446,46.0292166213397
3620,3,0.706959991,0,0,0,0
3622,3,0.707320398,30.90160270866345,2.9884831797344103e-4,0.4577671303590368,59.40327555685277
3623,3,0.708014608,0,0,0,0
3628,5,0.706494045,28.82156300224561,2.787323267919653e-4,0.4269540422348795,55.40473952574611
3630,3,0.70779961,0,0,0,0
3633,3,0.707340932,31.848621042071226,3.0800689912203566e-4,0.4717959776317363,61.22376336608352
3808,3,0.706775352,0,0,0,0
3642,3,0.70665803,0,0,0,0
3647,5,0.706529886,27.914075838245804,2.69956050198784e-4,0.41351079792103723,53.66024392221309
3650,3,0.708041622,0,0,0,0
3653,3,0.706705912,0,0,0,0
3655,7,0.708904292,0,0,0,0
3656,5,0.706999704,0,0,0,0
3657,3,0.707005419,0,0,0,0
3663,3,0.707833743,0,0,0,0
3664,3,0.706987706,0,0,0,0
3667,3,0.706973833,0,0,0,0
3673,3,0.707111322,24.77994027203829,2.3964593485970923e-4,0.36708264796955326,47.63538105580384
3676,3,0.7068696,0,0,0,0
3678,3,0.706710476,0,0,0,0
3679,3,0.704940902,12.393226815062771,1.1985446265887373e-4,0.1835895674572708,23.823950960554967
3685,3,0.706538391,0,0,0,0
3686,4,0.70817084,41.64656639612937,4.0276248562872054e-4,0.6169398192126264,80.0587103183633
3690,3,0.704457498,4.913657645658347,4.7519811070855873e-5,0.07278945953794023,9.445702925798305
3696,3,0.708057391,0,0,0,0
3716,4,0.705297546,23.122654522801028,2.236183823981e-4,0.34253211093865116,44.44952034279993
3805,6,0.707632754,0,0,0,0
3807,3,0.70689118,0,0,0,0
3812,3,0.707266145,25.82180188630626,2.4972174205717174e-4,0.382516475330908,49.638189555672255
4083,3,0.707206758,25.663573318896823,2.481915191211167e-4,0.3801725245032853,49.33402102178085
4085,3,0.707290465,26.70494868461411,2.5826262382586834e-4,0.3955991487235671,51.335894788363156
4086,3,0.707202936,26.45719385697123,2.558665955612853e-4,0.3919289825657813,50.85962666609892
3729,5,0.70498026,13.203349947952855,1.2768913511577193e-4,0.19559049003972953,25.381280143502448
3892,3,0.706806921,0,0,0,0
3893,4,0.70507211,17.39209518074384,1.6819834361996082e-4,0.25764131319921085,33.43345755471409
3895,3,0.708192956,0,0,0,0
3971,3,0.707676021,0,0,0,0
3977,4,0.70507087,17.38878611854949,1.681663417953249e-4,0.2575922937383379,33.427096424023915
4129,5,0.704995741,14.020312309960481,1.3558994951803397e-4,0.2076927269234729,26.951756625497687
3731,3,0.706723733,0,0,0,0
3733,3,0.705229396,20.393288596627198,1.9722278007737004e-4,0.30210009776756575,39.20276088709915
3754,5,0.707082934,0,0,0,0
3755,3,0.706914401,0,0,0,0
3758,3,0.706705075,0,0,0,0
3761,5,0.707031117,0,0,0,0
3768,3,0.705259701,22.125460159449474,2.13974550620512e-4,0.3277599709164875,42.53257732504165
3943,3,0.704953217,13.194289569409205,1.276015125120675e-4,0.1954562722929998,25.363863048073707
3945,3,0.708174846,0,0,0,0
3946,4,0.704808049,13.113133926008365,1.2681665912588395e-4,0.1942540567852058,25.207854601088457
3951,3,0.707217562,24.089824513385803,2.3297184951777194e-4,0.3568594788533012,46.3087464160456
4087,3,0.706577974,0,0,0,0
4089,3,0.707200639,25.654373288989373,2.4810254595396193e-4,0.3800362380028841,49.31633546945283
4094,5,0.70677851,24.344072589058726,2.3543067375673399e-4,0.36062583405168297,46.79749674532104
4095,3,0.707819861,0,0,0,0
3771,3,0.706707472,0,0,0,0
3772,3,0.706557628,0,0,0,0
3773,3,0.706752054,0,0,0,0
3774,3,0.704972598,13.197358088915317,1.2763118805678652e-4,0.195501728426198,25.369761774799684
3786,3,0.704533943,7.469168439526472,7.223406649348325e-5,0.11064603460751057,14.358254333175639
3789,3,0.706738275,0,0,0,0
3898,3,0.708079529,0,0,0,0
4005,5,0.706759416,24.433283458009928,2.3629342894721287e-4,0.3619473772694132,46.96899004555329
4008,3,0.707681611,0,0,0,0
4009,4,0.704805943,13.109063964339512,1.2677729866906817e-4,0.1941937655863516,25.200030765645355
4010,4,0.704807777,13.112613309721723,1.268116242640019e-4,0.19424634453073797,25.206853801452713
4014,3,0.705378977,27.498478316761094,2.6593682111799536e-4,0.40735426013275455,52.86132568090841
4363,3,0.708184436,0,0,0,0
3790,3,0.70669856,0,0,0,0
3815,3,0.706686192,0,0,0,0
3819,3,0.707199352,25.653449963677627,2.480936165071964e-4,0.3800225601369711,49.31456052760145
3828,3,0.707072857,23.96914541390311,2.318047661714819e-4,0.3550717746495637,46.07676059097014
3829,3,0.708195344,0,0,0,0
3830,5,0.707102231,0,0,0,0
3831,3,0.707418102,32.400993629240375,3.1334887507475406e-4,0.4799786604686536,62.285609294109165
3838,3,0.707400513,32.28049580893001,3.121835448729933e-4,0.47819364168053335,62.05397194858437
3843,3,0.706747541,0,0,0,0
3883,3,0.706924214,0,0,0,0
3884,3,0.705307053,23.164581274042625,2.2402385454156035e-4,0.34315320133263777,44.530117662644116
4495,3,0.706764117,0,0,0,0
4496,3,0.707728053,42.5328484350065,4.1133368819920227e-4,0.6300689371244231,81.76244253810823
3981,3,0.708135278,0,0,0,0
3983,3,0.70692864,0,0,0,0
4238,3,0.705489869,37.185066741902446,3.5961547866357685e-4,0.5508484933656109,71.48220715587382
4442,3,0.707635454,0,0,0,0
4446,4,0.706965482,0,0,0,0
3859,3,0.706821244,0,0,0,0
3860,3,0.708139457,0,0,0,0
3877,3,0.708161703,0,0,0,0
3880,4,0.706876264,0,0,0,0
3881,3,0.706737853,0,0,0,0
3887,3,0.70532322,24.84589524580844,2.4028378310204864e-4,0.3680596852889542,47.76216870232662
3888,5,0.707056955,0,0,0,0
3921,7,0.708918281,0,0,0,0
3928,3,0.707758187,45.003144526391246,4.3522383521736087e-4,0.6666631669950088,86.51118262149569
3931,3,0.707208676,24.86764766367265,2.404941499736916e-4,0.36838191912251783,47.80398416687057
3932,3,0.707626071,0,0,0,0
3343,2,0.708016256,0,0,0,0
3345,1,0.706869357,0,0,0,0
3424,1,0.706867565,0,0,0,0
3425,1,0.706934801,0,0,0,0
3426,2,0.706725148,0,0,0,0
3427,1,0.708121121,0,0,0,0
3428,1,0.706774889,0,0,0,0
3429,1,0.706937862,0,0,0,0
3724,1,0.706931935,0,0,0,0
3725,2,0.707822228,0,0,0,0
3726,1,0.706806467,0,0,0,0
3793,1,0.704559233,0,0,0,0
3794,1,0.707458339,0,0,0,0
3795,1,0.706854224,0,0,0,0
3796,1,0.70663424,0,0,0,0
3854,1,0.705364274,0,0,0,0
3855,1,0.706803996,0,0,0,0
3359,1,0.706890263,0,0,0,0
3361,1,0.708050611,0,0,0,0
3363,1,0.705364855,0,0,0,0
3364,1,0.707860869,0,0,0,0
3365,1,0.707079393,0,0,0,0
3377,2,0.707051557,0,0,0,0
3378,1,0.706863785,0,0,0,0
3916,1,0.706812133,0,0,0,0
3917,1,0.706933534,0,0,0,0
3918,1,0.707448066,0,0,0,0
4165,1,0.706852224,0,0,0,0
4166,1,0.707740276,0,0,0,0
4167,1,0.707026845,0,0,0,0
4168,1,0.707542885,0,0,0,0
4170,2,0.706089584,0,0,0,0
3580,1,0.706809448,0,0,0,0
3581,1,0.70713625,0,0,0,0
3582,2,0.707535036,0,0,0,0
3583,1,0.706724681,0,0,0,0
3584,1,0.706623978,0,0,0,0
3643,1,0.70456273,0,0,0,0
3644,1,0.706902161,0,0,0,0
3645,2,0.705092704,0,0,0,0
3875,2,0.70779135,0,0,0,0
3876,1,0.707689806,0,0,0,0
3934,1,0.704579443,0,0,0,0
3935,2,0.706658047,0,0,0,0
4123,1,0.707330382,0,0,0,0
4124,2,0.70769932,0,0,0,0
4125,1,0.707761738,0,0,0,0
3421,1,0.706718358,0,0,0,0
3422,1,0.706710527,0,0,0,0
3423,2,0.707420709,0,0,0,0
3430,2,0.707301226,0,0,0,0
3431,1,0.70810609,0,0,0,0
3434,2,0.705188224,0,0,0,0
3437,2,0.707285387,0,0,0,0
3438,2,0.70687472,0,0,0,0
3439,1,0.705308729,0,0,0,0
3440,2,0.706975456,0,0,0,0
3442,1,0.706682197,0,0,0,0
3443,1,0.707013806,0,0,0,0
3444,1,0.707857048,0,0,0,0
3447,1,0.705888479,0,0,0,0
3448,2,0.706879748,0,0,0,0
3449,1,0.706987271,0,0,0,0
3450,1,0.707310927,0,0,0,0
3451,1,0.707610565,0,0,0,0
3452,2,0.706584308,0,0,0,0
3453,1,0.706909635,0,0,0,0
3457,1,0.706766025,0,0,0,0
3458,1,0.706876886,0,0,0,0
3459,1,0.707672971,0,0,0,0
3460,2,0.706693944,0,0,0,0
3461,1,0.707678038,0,0,0,0
3462,1,0.707860471,0,0,0,0
3469,1,0.704553633,0,0,0,0
3470,1,0.706834854,0,0,0,0
3471,1,0.708021248,0,0,0,0
3472,1,0.707759346,0,0,0,0
3473,2,0.707569577,0,0,0,0
3478,1,0.704551578,0,0,0,0
3479,2,0.708128374,0,0,0,0
3480,2,0.70728031,0,0,0,0
3490,1,0.707862447,0,0,0,0
3491,1,0.707339109,0,0,0,0
3492,2,0.705746016,0,0,0,0
3494,1,0.707275469,0,0,0,0
3495,2,0.706903168,0,0,0,0
3496,1,0.707635356,0,0,0,0
3497,1,0.706881024,0,0,0,0
3499,2,0.706698129,0,0,0,0
3500,1,0.708097344,0,0,0,0
3501,1,0.707822422,0,0,0,0
3520,2,0.70782181,0,0,0,0
3521,1,0.707236945,0,0,0,0
3522,1,0.707058226,0,0,0,0
3523,1,0.708128979,0,0,0,0
3524,1,0.704502987,0,0,0,0
3529,1,0.707634304,0,0,0,0
3530,2,0.704551536,0,0,0,0
3531,1,0.707299135,0,0,0,0
3533,1,0.705888293,0,0,0,0
3534,1,0.706706505,0,0,0,0
3535,2,0.707316877,0,0,0,0
3537,2,0.706970526,0,0,0,0
3538,1,0.706876217,0,0,0,0
3539,1,0.708153728,0,0,0,0
3540,1,0.706880509,0,0,0,0
3543,1,0.707680347,0,0,0,0
3544,1,0.70769263,0,0,0,0
3545,1,0.706631847,0,0,0,0
3546,2,0.707705714,0,0,0,0
3548,1,0.706613828,0,0,0,0
3549,1,0.706256133,0,0,0,0
3551,1,0.707040261,0,0,0,0
3552,2,0.707280744,0,0,0,0
3565,2,0.707092612,0,0,0,0
3567,1,0.707317144,0,0,0,0
3742,1,0.70748917,0,0,0,0
3739,1,0.70666745,0,0,0,0
3740,1,0.705786335,0,0,0,0
3741,2,0.707788748,0,0,0,0
3748,1,0.704566376,0,0,0,0
3749,1,0.706885522,0,0,0,0
3750,2,0.70818998,0,0,0,0
3849,2,0.708200728,0,0,0,0
3569,1,0.706705019,0,0,0,0
3570,1,0.705269707,0,0,0,0
3572,1,0.705258379,0,0,0,0
3573,1,0.706724688,0,0,0,0
3574,2,0.708111115,0,0,0,0
3575,2,0.7078659,0,0,0,0
3576,1,0.706753324,0,0,0,0
3592,2,0.706790592,0,0,0,0
3593,2,0.70676966,0,0,0,0
3597,1,0.707395799,0,0,0,0
3599,1,0.706899292,0,0,0,0
3600,1,0.707618052,0,0,0,0
3601,2,0.707809105,0,0,0,0
3602,2,0.705192566,0,0,0,0
3604,2,0.706894005,0,0,0,0
3605,1,0.706872577,0,0,0,0
3606,1,0.707036716,0,0,0,0
3607,2,0.707041505,0,0,0,0
3608,1,0.707783436,0,0,0,0
3609,1,0.704525035,0,0,0,0
3616,1,0.705058395,0,0,0,0
3617,2,0.704509071,0,0,0,0
3619,1,0.70770276,0,0,0,0
3621,2,0.706896297,0,0,0,0
3624,1,0.705269578,0,0,0,0
3625,1,0.706820216,0,0,0,0
3626,1,0.706932968,0,0,0,0
3627,1,0.706891456,0,0,0,0
3629,1,0.707538577,0,0,0,0
3631,1,0.70692837100000006,0,0,0,0
3632,1,0.706117559,0,0,0,0
3809,1,0.707716684,0,0,0,0
3638,1,0.704839214,0,0,0,0
3639,1,0.707700001,0,0,0,0
3640,1,0.706639795,0,0,0,0
3641,1,0.707943041,0,0,0,0
3646,1,0.704544723,0,0,0,0
3648,1,0.707620236,0,0,0,0
3649,2,0.707732546,0,0,0,0
3651,1,0.708116256,0,0,0,0
3652,1,0.708025898,0,0,0,0
3654,2,0.705284249,0,0,0,0
3661,2,0.706900481,0,0,0,0
3662,1,0.707421205,0,0,0,0
3665,1,0.706698772,0,0,0,0
3666,1,0.70687605,0,0,0,0
3668,1,0.704564429,0,0,0,0
3669,2,0.70724156,0,0,0,0
3670,2,0.706760639,0,0,0,0
3671,1,0.706887788,0,0,0,0
3672,1,0.707117768,0,0,0,0
3674,2,0.707411959,0,0,0,0
3675,2,0.70697953,0,0,0,0
3677,1,0.707294068,0,0,0,0
3680,1,0.706926843,0,0,0,0
3681,1,0.706851578,0,0,0,0
3682,1,0.706712062,0,0,0,0
3683,2,0.704520772,0,0,0,0
3684,1,0.707758683,0,0,0,0
3687,1,0.707491431,0,0,0,0
3688,1,0.707002594,0,0,0,0
3689,1,0.707447483,0,0,0,0
3694,2,0.704520397,0,0,0,0
3695,2,0.707492883,0,0,0,0
3715,2,0.705297733,0,0,0,0
3717,1,0.704542551,0,0,0,0
3718,1,0.70618324,0,0,0,0
3719,1,0.70746113,0,0,0,0
3720,1,0.708154277,0,0,0,0
3806,2,0.704504398,0,0,0,0
3811,1,0.704723958,0,0,0,0
3813,1,0.704547009,0,0,0,0
4081,1,0.707690816,0,0,0,0
4082,1,0.707010578,0,0,0,0
4084,1,0.707251336,0,0,0,0
4096,2,0.70677989,0,0,0,0
4097,1,0.704591806,0,0,0,0
4098,2,0.707413598,0,0,0,0
4498,2,0.705091161,0,0,0,0
4499,2,0.707776886,0,0,0,0
4500,1,0.706971329,0,0,0,0
3727,1,0.707794754,0,0,0,0
3728,1,0.705300834,0,0,0,0
3844,1,0.707424465,0,0,0,0
3845,1,0.706761015,0,0,0,0
3846,1,0.7068885,0,0,0,0
3894,1,0.707663227,0,0,0,0
3896,1,0.706827478,0,0,0,0
3897,2,0.707455016,0,0,0,0
3970,2,0.705962029,0,0,0,0
3972,2,0.705991116,0,0,0,0
3973,1,0.706792258,0,0,0,0
3974,1,0.706775376,0,0,0,0
3975,1,0.704588565,0,0,0,0
3976,1,0.707678852,0,0,0,0
3978,1,0.705820013,0,0,0,0
4130,2,0.707472347,0,0,0,0
4131,1,0.705425893,0,0,0,0
3730,2,0.705423484,0,0,0,0
3732,1,0.707237357,0,0,0,0
3734,2,0.706967699,0,0,0,0
3735,1,0.704574991,0,0,0,0
3736,1,0.707373142,0,0,0,0
3737,1,0.707396159,0,0,0,0
3738,1,0.707450035,0,0,0,0
3751,1,0.706856184,0,0,0,0
3752,1,0.707681443,0,0,0,0
3753,1,0.707757948,0,0,0,0
3756,1,0.707500024,0,0,0,0
3757,1,0.706820177,0,0,0,0
3759,1,0.70665927,0,0,0,0
3760,1,0.707719642,0,0,0,0
3762,2,0.706604983,0,0,0,0
3766,2,0.707008894,0,0,0,0
3767,1,0.708173606,0,0,0,0
3944,2,0.706831074,0,0,0,0
3947,1,0.707450881,0,0,0,0
3948,1,0.706923832,0,0,0,0
3949,1,0.704580585,0,0,0,0
3950,1,0.706984243,0,0,0,0
3952,1,0.707349844,0,0,0,0
3953,1,0.70784496,0,0,0,0
3954,1,0.706675633,0,0,0,0
4088,1,0.70677245,0,0,0,0
4090,2,0.706775531,0,0,0,0
4091,1,0.706701691,0,0,0,0
4092,2,0.707654712,0,0,0,0
4093,1,0.70730091,0,0,0,0
3769,1,0.707419246,0,0,0,0
3770,1,0.708144637,0,0,0,0
3775,1,0.705664759,0,0,0,0
3776,1,0.706977116,0,0,0,0
3777,2,0.706710794,0,0,0,0
3778,2,0.707261495,0,0,0,0
3779,1,0.706715831,0,0,0,0
3780,1,0.706992063,0,0,0,0
3781,2,0.706949922,0,0,0,0
3782,1,0.707064201,0,0,0,0
3783,1,0.707793866,0,0,0,0
3784,1,0.704537743,0,0,0,0
3785,1,0.706740627,0,0,0,0
3787,1,0.707037405,0,0,0,0
3788,2,0.70452842,0,0,0,0
3899,1,0.707520902,0,0,0,0
3900,1,0.707927809,0,0,0,0
3901,1,0.708206064,0,0,0,0
3902,2,0.704535082,0,0,0,0
3903,1,0.706848081,0,0,0,0
4003,1,0.704833207,0,0,0,0
4004,1,0.704583766,0,0,0,0
4006,1,0.707656696,0,0,0,0
4007,1,0.70748574,0,0,0,0
4011,1,0.70775393,0,0,0,0
4012,2,0.707631703,0,0,0,0
4013,1,0.707866473,0,0,0,0
4364,2,0.707559194,0,0,0,0
4365,1,0.704611842,0,0,0,0
3791,1,0.707240975,0,0,0,0
3792,2,0.706957472,0,0,0,0
3799,2,0.707725654,0,0,0,0
3800,2,0.70519684,0,0,0,0
3801,1,0.704628305,0,0,0,0
3802,2,0.706954187,0,0,0,0
3803,1,0.706371738,0,0,0,0
3804,1,0.70665837,0,0,0,0
3814,1,0.707915682,0,0,0,0
3816,2,0.706859426,0,0,0,0
3817,1,0.70528531,0,0,0,0
3818,2,0.706628203,0,0,0,0
3832,1,0.707833491,0,0,0,0
3833,1,0.707734877,0,0,0,0
3834,1,0.70686962,0,0,0,0
3835,1,0.706656922,0,0,0,0
3836,1,0.7077224,0,0,0,0
3837,1,0.708104803,0,0,0,0
3839,1,0.705299382,0,0,0,0
3840,1,0.706955618,0,0,0,0
3841,1,0.706973545,0,0,0,0
3842,1,0.707430576,0,0,0,0
3851,1,0.704575753,0,0,0,0
3852,1,0.70763172,0,0,0,0
3885,1,0.707797183,0,0,0,0
4000,1,0.707718946,0,0,0,0
4001,2,0.706654647,0,0,0,0
4208,1,0.707467542,0,0,0,0
4209,1,0.707936023,0,0,0,0
4497,1,0.707088857,0,0,0,0
4501,1,0.707088468,0,0,0,0
4502,1,0.708138371,0,0,0,0
4503,1,0.707470985,0,0,0,0
3856,1,0.706483102,0,0,0,0
3857,2,0.707464573,0,0,0,0
3858,2,0.707425902,0,0,0,0
3904,2,0.707305323,0,0,0,0
3905,1,0.707809077,0,0,0,0
3906,1,0.705137469,0,0,0,0
3979,1,0.706678443,0,0,0,0
3982,1,0.707846429,0,0,0,0
3984,2,0.706988065,0,0,0,0
4237,1,0.707682678,0,0,0,0
4239,1,0.704669702,0,0,0,0
4438,1,0.707051338,0,0,0,0
4439,1,0.706851965,0,0,0,0
4440,2,0.707509704,0,0,0,0
4441,1,0.704724888,0,0,0,0
4443,2,0.707348043,0,0,0,0
4444,1,0.708148768,0,0,0,0
4445,1,0.706910249,0,0,0,0
3861,1,0.706662163,0,0,0,0
3868,2,0.704530108,0,0,0,0
3869,2,0.705259801,0,0,0,0
3870,2,0.706667699,0,0,0,0
3871,2,0.706628141,0,0,0,0
3872,2,0.707723343,0,0,0,0
3873,2,0.706813286,0,0,0,0
3878,1,0.706875218,0,0,0,0
3879,1,0.707021946,0,0,0,0
3882,1,0.707504966,0,0,0,0
3886,1,0.706925638,0,0,0,0
3889,1,0.707064938,0,0,0,0
3890,1,0.706976318,0,0,0,0
3891,1,0.707353245,0,0,0,0
3907,2,0.706592099,0,0,0,0
3908,1,0.707253065,0,0,0,0
3909,1,0.707306215,0,0,0,0
3925,1,0.707764908,0,0,0,0
3926,1,0.707035158,0,0,0,0
3927,1,0.70751356,0,0,0,0
3929,1,0.706817918,0,0,0,0
3930,1,0.706787489,0,0,0,0
3933,2,0.706831997,0,0,0,0
3937,2,0.706627286,0,0,0,0
3938,2,0.706721062,0,0,0,0
3939,1,0.706663773,0,0,0,0
3940,1,0.704774837,0,0,0,0
3941,1,0.706958424,0,0,0,0
3942,1,0.706835555,0,0,0,0
3963,2,0.707347057,0,0,0,0
3964,1,0.705373303,0,0,0,0
3966,5,0.707081767,0,0,0,0
3969,4,0.708197947,43.9208973706541,4.2475746086219156e-4,0.6506310802617816,84.43073952542126
3995,6,0.707698483,0,0,0,0
3998,3,0.707076046,0,0,0,0
4021,4,0.704733215,12.914306737293526,1.248938083444855e-4,0.19130869008453855,24.82564185986676
4022,4,0.705029794,15.686887835351616,1.517073430796052e-4,0.23238087992891618,30.155475413305446
4023,3,0.707439485,33.339954954454306,3.224295371791706e-4,0.49388815362386773,64.09060882325245
4024,3,0.707061183,23.969893570855582,2.3181200157117732e-4,0.35508285762362235,46.0781988003092
4035,7,0.708928568,0,0,0,0
4037,6,0.707714091,0,0,0,0
4038,3,0.707223765,24.910604941063234,2.409095882994615e-4,0.3690182754236624,47.88656250463716
4041,5,0.707033569,0,0,0,0
4042,3,0.70655224,0,0,0,0
4050,3,0.706750869,0,0,0,0
4054,3,0.707283305,25.8693065290795,2.5018115779436035e-4,0.3832201949472028,49.729509459416185
4058,3,0.704563491,0,0,0,0
4061,6,0.707714953,0,0,0,0
4066,3,0.706753874,0,0,0,0
4070,3,0.707676985,0,0,0,0
4071,3,0.707850163,0,0,0,0
4076,3,0.707189166,25.643940717857603,2.480016529237764e-4,0.37988169300422236,49.29628055827072
4079,3,0.707816252,0,0,0,0
4246,3,0.707378624,0,0,0,0
4516,6,0.707838951,0,0,0,0
4571,4,0.706924272,0,0,0,0
4332,3,0.70682666,0,0,0,0
4335,3,0.707215862,24.08483496951695,2.3292359581369323e-4,0.3567855652378755,46.29915483427106
4425,3,0.705815596,42.4652096771037,0.00041067955613946293,0.6290669567288389,81.6324180920656
4426,3,0.70736335,0,0,0,0
4661,3,0.705728616,41.28290597928613,3.992455384686739e-4,0.6115526622093804,79.35963266357219
4666,4,0.70499229,13.216587904790433,1.2781715893290572e-4,0.19578659318591538,25.4067279497294
4995,3,0.708284555,0,0,0,0
5153,5,0.706921304,23.963403039971926,2.317492318742259e-4,0.354986708834023,46.06572181656738
5222,3,0.705065078,17.372809932443747,1.6801183665880027e-4,0.257355627280075,33.396384820016365
5049,3,0.708214181,0,0,0,0
5058,4,0.708395966,41.1451390922565,3.9791319972723704e-4,0.6095118246150129,79.09479836258181
5173,6,0.705040678,15.710183732332219,1.5193263688374775e-4,0.23272597840197892,30.200257963930074
5664,4,0.708157304,0,0,0,0
5665,4,0.705194596,17.830240285929904,1.7243562959336572e-4,0.2641318641707192,34.27571983679168
4604,3,0.706008909,46.95159482421002,4.5406722983503685e-4,0.6955269288486828,90.25675954322962
4607,3,0.704619016,0,0,0,0
4608,7,0.708940352,0,0,0,0
4808,3,0.70694949,0,0,0,0
5188,4,0.70810416,0,0,0,0
5192,4,0.706912021,24.782725500148302,2.3967287070325423e-4,0.3671239075084625,47.64073520116865
5743,4,0.706406619,34.79594656354791,3.3651038105847784e-4,0.5154567792710661,66.88951448451787
5745,3,0.70773604,43.350134820473656,4.1923763622099785e-4,0.6421759739951005,83.33354190219262
5748,4,0.706936445,0,0,0,0
6134,3,0.708109406,0,0,0,0
7750,5,0.707897536,42.769236169874816,4.136197857075086e-4,0.6335707145585239,82.21685928422431
7756,5,0.708136861,42.610239159517775,4.120821311866094e-4,0.6312153802461581,81.9112135444871
4210,3,0.707450256,33.413991252772306,3.2314553962829636e-4,0.4949849052759733,64.23293149407498
4273,5,0.706805346,26.648809461201672,2.5771970336160263e-4,0.3947675190037632,51.2279763159992
4274,5,0.706998701,0,0,0,0
4275,3,0.705658662,42.275137887321065,4.088413785146235e-4,0.6262512898978557,81.26703617286577
4318,4,0.705015621,15.652383168334975,1.5137364965284758e-4,0.2318697380780188,30.089145836095124
4319,3,0.707066734,0,0,0,0
4430,4,0.706883984,0,0,0,0
4225,3,0.707507692,38.648684594741965,3.7377007567916665e-4,0.5725300919141796,74.29577302305067
4231,3,0.706885407,26.465410469678083,2.559460581351211e-4,0.3920507010169422,50.875421759750566
4455,5,0.706813978,26.625784924598292,2.574970338741683e-4,0.39442644038243274,51.18371541130393
4380,3,0.706833379,0,0,0,0
4601,4,0.707526256,38.78952801867496,3.7513216750129064e-4,0.5746165044090781,74.56652146290155
4127,3,0.708097808,0,0,0,0
4128,3,0.705444416,33.573365149517464,3.246868390042608e-4,0.49734582267093785,64.53930173623293
4177,6,0.707792032,0,0,0,0
4178,3,0.707710951,42.48651787075687,4.108856269343126e-4,0.6293826099573692,81.67337960824105
4236,5,0.706985244,0,0,0,0
4133,5,0.706787532,23.502539254418757,2.2729223433834005e-4,0.3481596101042885,45.179786588369204
4134,3,0.705352128,24.97729770958863,2.4155457172904974e-4,0.3700062422146214,48.014768440870135
4137,3,0.707203184,26.457519065901202,2.5586974064546194e-4,0.3919338001139209,50.86025182706105
4138,3,0.706768857,0,0,0,0
4149,4,0.70452027,0,0,0,0
4150,5,0.704643767,11.000374910080772,1.063842406475968e-4,0.16295627456401993,21.146421050485404
4151,5,0.704644746,11.003845194650134,1.0641780164817726e-4,0.16300768232509377,21.15309210481479
4152,4,0.706925154,0,0,0,0
4155,3,0.705731794,41.30492260447018,3.9945846048005746e-4,0.6118788099314164,79.40195602346294
4157,3,0.705375254,26.67965554910154,2.580180147978037e-4,0.3952244637542945,51.28727287341864
4158,5,0.704634651,10.96731868629915,1.0606455506465704e-4,0.16246658951940646,21.08287586842214
4162,5,0.704632097,10.957818017443508,1.0597267442875931e-4,0.16232584944325115,21.0646123869022
4171,4,0.705033228,15.694539030683293,1.5178133752180017e-4,0.23249422245563944,30.170183584558306
4172,3,0.707459473,34.279361686301016,3.315145067955397e-4,0.5078042449001583,65.89646457377661
4181,5,0.70463831,10.980747609783801,1.0619442571354922e-4,0.16266552158857245,21.108690776785032
4184,5,0.70701561,0,0,0,0
4185,4,0.706646928,24.6739785425954,2.3862118268383952e-4,0.3655129624981472,47.431686966797514
4192,5,0.704634333,10.966141444910068,1.0605317000439683e-4,0.16244915021641948,21.080612814453975
4196,3,0.707403106,0,0,0,0
4198,3,0.707687224,42.389919297228595,4.0995142551150204e-4,0.6279516274864043,81.48768465462331
4200,3,0.707202302,26.45635171307696,2.558584512171661e-4,0.3919165072971856,50.858007782240975
4203,4,0.707509195,0,0,0,0
4259,3,0.705488049,37.16597018097864,3.594307964914267e-4,0.5505656026050172,71.44549714178684
4366,3,0.707689273,0,0,0,0
4217,6,0.707778584,0,0,0,0
4220,6,0.707735422,0,0,0,0
4223,4,0.706979144,0,0,0,0
4224,4,0.706964201,0,0,0,0
4244,3,0.706813667,0,0,0,0
4254,6,0.704915752,13.20029939695606,1.2765963334387747e-4,0.19554530008667168,25.3754159582959
4263,3,0.707673944,42.31954712533996,4.092708587007987e-4,0.6269091551109,81.35240566739256
4265,3,0.706585226,0,0,0,0
4289,3,0.707467913,35.13872039737233,3.3982533480535963e-4,0.5205345286600317,67.54844110060056
4321,4,0.708210483,43.066770634103264,4.1649723109479504e-4,0.6379783014127354,82.78882061363679
4326,3,0.70577658,42.34308266756884,4.094984701057477e-4,0.6272578036172293,81.3976488967999
4557,3,0.706564846,0,0,0,0
4291,3,0.707461551,34.29419794961686,3.3165798777867034e-4,0.5080240248820375,65.92498486271742
4292,5,0.707015098,0,0,0,0
4294,5,0.707012631,0,0,0,0
4295,3,0.70746279,34.302937757733616,3.31742510156999e-4,0.5081534937940293,65.94178571394733
4300,3,0.706788666,0,0,0,0
4309,6,0.704936679,12.393483527049089,1.1985694531150628e-4,0.18359337031210696,23.82444444734935
4329,3,0.706569541,0,0,0,0
4330,4,0.707476204,36.00458559068222,3.481990867771259e-4,0.5333611975081208,69.21292527503643
4340,7,0.708939652,0,0,0,0
4344,3,0.706860371,0,0,0,0
4346,3,0.707091176,0,0,0,0
4575,4,0.706932412,0,0,0,0
4463,4,0.706848299,27.357868551751746,2.6457698900314184e-4,0.40527130899149405,52.591026412110516
4464,3,0.707660477,41.44141638554548,4.007784870583797e-4,0.613900788113706,79.66434298654237
4550,3,0.706780024,0,0,0,0
4770,4,0.704981193,13.204484148270318,1.2770010392733534e-4,0.19560729174511265,25.383460458052156
4822,4,0.706930705,23.949816962465903,2.316178413942948e-4,0.35478544873203405,46.03960480530956
4348,3,0.707219833,24.89700454422138,2.407780593377349e-4,0.36881680319930127,47.86041796679892
4355,3,0.70710887,0,0,0,0
4371,3,0.706932096,23.948472295856394,2.3160483717058915e-4,0.35476552924174326,46.03701990374669
4373,4,0.706653584,24.673469333949193,2.3861625814484874e-4,0.36550541923306396,47.43070809648416
4374,3,0.706875904,26.49041416067994,2.5618786795545567e-4,0.39242109824152027,50.923487264977744
4375,3,0.70697621,23.943239662450168,2.3155423255610474e-4,0.3546880145703791,46.026961022107166
4377,7,0.708945135,0,0,0,0
4386,3,0.706838689,0,0,0,0
4390,3,0.708184828,0,0,0,0
4391,3,0.707387497,0,0,0,0
4393,3,0.705814517,42.46326001421452,4.1066070101791665e-4,0.6290380750040183,81.62867018413536
3965,2,0.70731845,0,0,0,0
3967,1,0.707715348,0,0,0,0
3968,2,0.705451194,0,0,0,0
3985,2,0.707439735,0,0,0,0
3994,2,0.707706097,0,0,0,0
3996,2,0.706656232,0,0,0,0
3997,1,0.706983887,0,0,0,0
3999,2,0.707763604,0,0,0,0
4015,2,0.707014896,0,0,0,0
4016,2,0.707849923,0,0,0,0
4017,2,0.707811964,0,0,0,0
4018,1,0.70669558,0,0,0,0
4019,1,0.708146682,0,0,0,0
4020,2,0.707309687,0,0,0,0
4025,1,0.7077459,0,0,0,0
4026,1,0.70777853,0,0,0,0
4027,1,0.705189911,0,0,0,0
4028,1,0.708195573,0,0,0,0
4029,2,0.705241997,0,0,0,0
4030,1,0.704583442,0,0,0,0
4031,1,0.706909147,0,0,0,0
4032,1,0.704590224,0,0,0,0
4033,1,0.706753848,0,0,0,0
4034,1,0.707251273,0,0,0,0
4036,1,0.706664844,0,0,0,0
4039,2,0.704536527,0,0,0,0
4040,2,0.706624499,0,0,0,0
4043,1,0.706806976,0,0,0,0
4044,2,0.706660529,0,0,0,0
4045,2,0.707881463,0,0,0,0
4046,1,0.708206059,0,0,0,0
4047,1,0.706680674,0,0,0,0
4048,1,0.707834266,0,0,0,0
4049,2,0.707655589,0,0,0,0
4051,1,0.707657021,0,0,0,0
4052,2,0.707456428,0,0,0,0
4053,1,0.705053256,0,0,0,0
4055,1,0.704573274,0,0,0,0
4056,2,0.707489457,0,0,0,0
4057,1,0.706887059,0,0,0,0
4059,1,0.706676275,0,0,0,0
4060,2,0.706997963,0,0,0,0
4062,1,0.70676712,0,0,0,0
4063,1,0.706824329,0,0,0,0
4064,1,0.70771322,0,0,0,0
4065,1,0.707719138,0,0,0,0
4067,2,0.706753626,0,0,0,0
4068,2,0.707457331,0,0,0,0
4069,1,0.707674752,0,0,0,0
4072,1,0.707457772,0,0,0,0
4073,1,0.70454975,0,0,0,0
4074,1,0.706998945,0,0,0,0
4075,2,0.707683184,0,0,0,0
4077,2,0.70456665,0,0,0,0
4078,1,0.706756442,0,0,0,0
4080,2,0.706632113,0,0,0,0
4099,1,0.706997205,0,0,0,0
4100,1,0.706845548,0,0,0,0
4101,1,0.707658167,0,0,0,0
4102,1,0.706725001,0,0,0,0
4103,1,0.70680768,0,0,0,0
4104,1,0.707407768,0,0,0,0
4186,1,0.707734874,0,0,0,0
4187,1,0.705890637,0,0,0,0
4188,2,0.706822363,0,0,0,0
4189,1,0.706895237,0,0,0,0
4190,1,0.707864272,0,0,0,0
4191,1,0.707704738,0,0,0,0
4247,1,0.704600946,0,0,0,0
4248,1,0.704592615,0,0,0,0
4517,1,0.704630347,0,0,0,0
4518,1,0.704625517,0,0,0,0
4570,1,0.707108389,0,0,0,0
4572,2,0.706716112,0,0,0,0
4105,1,0.707547343,0,0,0,0
4106,1,0.706726753,0,0,0,0
4107,1,0.708173764,0,0,0,0
4331,1,0.707917656,0,0,0,0
4333,1,0.707427273,0,0,0,0
4334,1,0.704606917,0,0,0,0
4336,2,0.707119696,0,0,0,0
4337,1,0.708237757,0,0,0,0
4338,1,0.70753166,0,0,0,0
4420,2,0.707756794,0,0,0,0
4421,1,0.707445795,0,0,0,0
4422,2,0.707111841,0,0,0,0
4423,2,0.704603906,0,0,0,0
4424,1,0.704622515,0,0,0,0
4427,2,0.707080876,0,0,0,0
4659,2,0.705287834,0,0,0,0
4660,2,0.707012854,0,0,0,0
4662,2,0.707121105,0,0,0,0
4663,1,0.70712921,0,0,0,0
4664,2,0.706903179,0,0,0,0
4665,1,0.704647531,0,0,0,0
5107,1,0.708312758,0,0,0,0
4994,1,0.705359931,0,0,0,0
4996,2,0.707173222,0,0,0,0
5154,1,0.707916236,0,0,0,0
5155,2,0.705264748,0,0,0,0
5048,1,0.706808515,0,0,0,0
5050,1,0.707837722,0,0,0,0
5057,1,0.707605436,0,0,0,0
5059,1,0.704857636,0,0,0,0
5060,1,0.707141938,0,0,0,0
5061,2,0.704849395,0,0,0,0
5170,1,0.706119116,0,0,0,0
5171,1,0.707576718,0,0,0,0
5172,1,0.708240146,0,0,0,0
5177,1,0.706881599,0,0,0,0
5178,1,0.70678367,0,0,0,0
5179,2,0.708266384,0,0,0,0
5342,1,0.70785762,0,0,0,0
5662,1,0.706936351,0,0,0,0
5663,2,0.706748639,0,0,0,0
5666,2,0.707810696,0,0,0,0
5667,1,0.70488624,0,0,0,0
5668,1,0.706834049,0,0,0,0
5669,1,0.706855897,0,0,0,0
4108,1,0.707769606,0,0,0,0
4109,1,0.70743473,0,0,0,0
4110,2,0.707688063,0,0,0,0
4111,1,0.706987941,0,0,0,0
4112,1,0.705325434,0,0,0,0
4113,1,0.706812754,0,0,0,0
4114,1,0.707437955,0,0,0,0
4115,1,0.707031015,0,0,0,0
4548,1,0.705867839,0,0,0,0
4603,2,0.705078212,0,0,0,0
4605,1,0.704820449,0,0,0,0
4606,1,0.704799549,0,0,0,0
4609,1,0.706932578,0,0,0,0
4809,1,0.707369959,0,0,0,0
4816,1,0.706867007,0,0,0,0
4817,2,0.707273556,0,0,0,0
4818,1,0.708281732,0,0,0,0
4855,1,0.707733391,0,0,0,0
4856,1,0.705529198,0,0,0,0
4857,2,0.707088782,0,0,0,0
5186,1,0.70594342,0,0,0,0
5187,1,0.707340236,0,0,0,0
5189,1,0.706776269,0,0,0,0
5190,1,0.707383342,0,0,0,0
5191,1,0.705534869,0,0,0,0
5193,1,0.708170628,0,0,0,0
5742,2,0.708301626,0,0,0,0
5744,2,0.707210371,0,0,0,0
5746,1,0.705433897,0,0,0,0
5747,1,0.708319452,0,0,0,0
5749,1,0.706851365,0,0,0,0
6124,1,0.707632224,0,0,0,0
6131,1,0.706899489,0,0,0,0
6132,1,0.704979782,0,0,0,0
6133,2,0.707761866,0,0,0,0
6135,1,0.70770937,0,0,0,0
6136,1,0.70726694,0,0,0,0
6137,1,0.70773411,0,0,0,0
7749,1,0.707113534,0,0,0,0
7751,1,0.706147235,0,0,0,0
7752,1,0.708151672,0,0,0,0
7753,1,0.707410852,0,0,0,0
7754,2,0.707238474,0,0,0,0
7755,1,0.705258321,0,0,0,0
4116,1,0.70459708,0,0,0,0
4211,2,0.707097419,0,0,0,0
4212,1,0.708139498,0,0,0,0
4213,2,0.70683562,0,0,0,0
4214,1,0.706221721,0,0,0,0
4215,2,0.706664171,0,0,0,0
4276,1,0.707495038,0,0,0,0
4277,1,0.705416612,0,0,0,0
4278,1,0.704584028,0,0,0,0
4320,1,0.706745591,0,0,0,0
4429,2,0.70768793,0,0,0,0
4431,2,0.705013045,0,0,0,0
4117,1,0.70684189100000006,0,0,0,0
4118,1,0.706977092,0,0,0,0
4119,2,0.706789784,0,0,0,0
4226,2,0.70818319,0,0,0,0
4227,1,0.707292462,0,0,0,0
4228,1,0.704607025,0,0,0,0
4229,1,0.706792312,0,0,0,0
4230,1,0.70679171,0,0,0,0
4232,2,0.704548017,0,0,0,0
4233,2,0.707720929,0,0,0,0
4453,1,0.707512505,0,0,0,0
4454,2,0.706968012,0,0,0,0
4456,1,0.704609579,0,0,0,0
4457,1,0.70483348,0,0,0,0
4458,1,0.707690598,0,0,0,0
4378,1,0.70781294,0,0,0,0
4379,2,0.707496907,0,0,0,0
4600,1,0.707958935,0,0,0,0
4602,1,0.707793441,0,0,0,0
4120,2,0.707121027,0,0,0,0
4121,1,0.707001322,0,0,0,0
4122,2,0.707066184,0,0,0,0
4126,1,0.707101214,0,0,0,0
4174,1,0.707032378,0,0,0,0
4175,1,0.707009612,0,0,0,0
4176,1,0.707881466,0,0,0,0
4179,1,0.704585615,0,0,0,0
4234,1,0.705150905,0,0,0,0
4235,2,0.707282052,0,0,0,0
4132,2,0.706733744,0,0,0,0
4135,2,0.707771678,0,0,0,0
4136,2,0.707029395,0,0,0,0
4139,1,0.707551115,0,0,0,0
4140,2,0.707447442,0,0,0,0
4141,1,0.706783378,0,0,0,0
4142,1,0.706755498,0,0,0,0
4143,2,0.70769184,0,0,0,0
4144,1,0.704601159,0,0,0,0
4145,1,0.706801879,0,0,0,0
4146,1,0.708228791,0,0,0,0
4147,1,0.706810952,0,0,0,0
4148,2,0.706813043,0,0,0,0
4153,2,0.706798271,0,0,0,0
4154,1,0.707693043,0,0,0,0
4156,1,0.707445968,0,0,0,0
4159,1,0.707724994,0,0,0,0
4160,2,0.706858313,0,0,0,0
4161,1,0.70461088,0,0,0,0
4163,1,0.707721644,0,0,0,0
4164,1,0.707846749,0,0,0,0
4173,2,0.70681533,0,0,0,0
4180,1,0.707145978,0,0,0,0
4182,1,0.707147722,0,0,0,0
4183,2,0.706802527,0,0,0,0
4193,1,0.707037236,0,0,0,0
4194,1,0.707340989,0,0,0,0
4195,1,0.707655832,0,0,0,0
4197,1,0.707033879,0,0,0,0
4199,1,0.705482998,0,0,0,0
4201,1,0.707699927,0,0,0,0
4202,1,0.708222025,0,0,0,0
4255,1,0.707498163,0,0,0,0
4256,1,0.705670763,0,0,0,0
4257,2,0.708227844,0,0,0,0
4258,1,0.707541799,0,0,0,0
4260,2,0.707078279,0,0,0,0
4306,1,0.707073204,0,0,0,0
4307,1,0.707076449,0,0,0,0
4316,1,0.707046359,0,0,0,0
4317,2,0.707435006,0,0,0,0
4360,2,0.707865338,0,0,0,0
4361,1,0.707257878,0,0,0,0
4362,1,0.707809342,0,0,0,0
4367,1,0.707077195,0,0,0,0
4368,2,0.704568612,0,0,0,0
4216,2,0.706928637,0,0,0,0
4218,2,0.707494063,0,0,0,0
4219,1,0.707763374,0,0,0,0
4221,2,0.707886873,0,0,0,0
4222,1,0.707732467,0,0,0,0
4240,1,0.707660939,0,0,0,0
4241,1,0.706677195,0,0,0,0
4242,2,0.706796522,0,0,0,0
4243,1,0.708171506,0,0,0,0
4245,1,0.706739245,0,0,0,0
4249,1,0.707706916,0,0,0,0
4250,1,0.707686101,0,0,0,0
4251,2,0.706741697,0,0,0,0
4252,2,0.706647517,0,0,0,0
4253,1,0.707694878,0,0,0,0
4261,1,0.70697479,0,0,0,0
4262,1,0.707114055,0,0,0,0
4264,2,0.706737976,0,0,0,0
4266,2,0.70457463,0,0,0,0
4486,1,0.705426488,0,0,0,0
4487,1,0.707099147,0,0,0,0
4488,1,0.706767989,0,0,0,0
4576,1,0.705338108,0,0,0,0
4577,1,0.707568545,0,0,0,0
4578,1,0.70622986,0,0,0,0
4705,1,0.707107767,0,0,0,0
4706,1,0.706970084,0,0,0,0
4707,1,0.707119705,0,0,0,0
4708,1,0.706971444,0,0,0,0
4709,2,0.707579168,0,0,0,0
4710,1,0.707753103,0,0,0,0
5117,1,0.707221688,0,0,0,0
5118,1,0.707594257,0,0,0,0
5119,1,0.707158249,0,0,0,0
4267,1,0.706686536,0,0,0,0
4268,1,0.707552049,0,0,0,0
4269,1,0.706303331,0,0,0,0
4270,2,0.707771707,0,0,0,0
4271,1,0.707834975,0,0,0,0
4272,1,0.705410366,0,0,0,0
4279,1,0.707049882,0,0,0,0
4280,2,0.704554228,0,0,0,0
4281,1,0.706892053,0,0,0,0
4285,2,0.708223132,0,0,0,0
4286,1,0.706715215,0,0,0,0
4287,1,0.706734062,0,0,0,0
4288,1,0.70773163,0,0,0,0
4290,1,0.7070197,0,0,0,0
4322,1,0.707001956,0,0,0,0
4323,2,0.704586608,0,0,0,0
4324,2,0.707685679,0,0,0,0
4325,2,0.707513865,0,0,0,0
4555,2,0.707794453,0,0,0,0
4556,1,0.707379758,0,0,0,0
4293,1,0.706736081,0,0,0,0
4296,2,0.708161003,0,0,0,0
4297,2,0.706850318,0,0,0,0
4298,2,0.70692848,0,0,0,0
4299,2,0.707432736,0,0,0,0
4301,2,0.707741134,0,0,0,0
4302,1,0.706381251,0,0,0,0
4303,1,0.707536627,0,0,0,0
4304,1,0.704614059,0,0,0,0
4305,2,0.704560942,0,0,0,0
4310,2,0.708201683,0,0,0,0
4311,1,0.707685145,0,0,0,0
4327,1,0.706888684,0,0,0,0
4328,2,0.708180891,0,0,0,0
4339,1,0.705426111,0,0,0,0
4341,1,0.705406425,0,0,0,0
4342,1,0.704596826,0,0,0,0
4343,1,0.706874687,0,0,0,0
4345,1,0.707544315,0,0,0,0
4347,2,0.705424951,0,0,0,0
4573,1,0.707054081,0,0,0,0
4574,1,0.707660357,0,0,0,0
4462,2,0.706843716,0,0,0,0
4801,1,0.707921794,0,0,0,0
4802,1,0.707070122,0,0,0,0
4803,2,0.707808891,0,0,0,0
4549,2,0.70752758,0,0,0,0
4551,1,0.706854643,0,0,0,0
4768,2,0.707137868,0,0,0,0
4769,1,0.706761057,0,0,0,0
4823,1,0.70688725,0,0,0,0
4824,2,0.706873163,0,0,0,0
4645,2,0.70581184,0,0,0,0
4646,1,0.705299505,0,0,0,0
4647,1,0.707870068,0,0,0,0
4780,2,0.707525452,0,0,0,0
4781,1,0.706968095,0,0,0,0
4782,1,0.705487176,0,0,0,0
5009,2,0.707829958,0,0,0,0
5010,1,0.707627947,0,0,0,0
5011,2,0.70758953,0,0,0,0
4349,1,0.707843555,0,0,0,0
4350,1,0.704622014,0,0,0,0
4351,1,0.706821778,0,0,0,0
4352,1,0.707487291,0,0,0,0
4353,2,0.707550588,0,0,0,0
4354,1,0.707040115,0,0,0,0
4356,2,0.707086341,0,0,0,0
4357,2,0.704565647,0,0,0,0
4358,2,0.707135467,0,0,0,0
4359,1,0.70598013,0,0,0,0
4369,1,0.7068362,0,0,0,0
4370,2,0.706753423,0,0,0,0
4372,1,0.704623163,0,0,0,0
4376,2,0.706749355,0,0,0,0
4381,1,0.706772104,0,0,0,0
4382,2,0.707945513,0,0,0,0
4383,1,0.707613878,0,0,0,0
4384,1,0.707053358,0,0,0,0
4385,1,0.707673715,0,0,0,0
4387,1,0.707477781,0,0,0,0
4388,1,0.704625623,0,0,0,0
4389,1,0.704629603,0,0,0,0
4392,1,0.707915223,0,0,0,0
4394,1,0.707465593,0,0,0,0
4396,4,0.706783584,23.520625615842565,2.274671469064914e-4,0.3484275360706427,45.21455465919092
4405,3,0.706857528,0,0,0,0
4410,4,0.706868617,0,0,0,0
4412,3,0.705826272,43.28344156067266,4.185926480403005e-4,0.6411879999265311,83.20533502156269
4413,3,0.706845417,0,0,0,0
4415,4,0.707491212,36.92292859328702,3.570803498054083e-4,0.5469652569787916,70.97828945222022
4419,4,0.706958693,0,0,0,0
4428,3,0.706797171,0,0,0,0
4529,7,0.708944997,0,0,0,0
4619,5,0.707907056,0,0,0,0
4620,7,0.708939874,0,0,0,0
4811,4,0.707558666,38.240561962924076,3.698231359946604e-4,0.56648428491306,73.51122403420263
4813,3,0.706805141,0,0,0,0
4461,5,0.707866043,0,0,0,0
4466,7,0.708946482,0,0,0,0
4470,5,0.707854549,0,0,0,0
4472,3,0.705836359,43.297282851968816,4.187265066838613e-4,0.6413930406895245,83.23194263957784
4476,3,0.706802908,0,0,0,0
4478,3,0.706563584,0,0,0,0
4480,6,0.707836112,0,0,0,0
4481,5,0.706851555,27.35091522127469,2.645097435875247e-4,0.40516830442668467,52.57765977186663
5288,3,0.705045038,15.718732184940917,1.5201530866965705e-4,0.23285261263051998,30.216690965502412
4527,3,0.707229749,24.93019924209524,2.4109908409877288e-4,0.3693085395578362,47.92422934264948
4891,4,0.707577959,39.19159838308953,3.7902057591962084e-4,0.580572654925144,75.33943595784672
5123,3,0.707751173,44.98597068987675,4.3505774764566123e-4,0.6664087589006256,86.47816873051866
5125,3,0.707580605,39.21332707613217,3.7923071334934497e-4,0.5808945373062735,75.38120581530269
5268,3,0.706193517,43.56248543025625,4.212912715341064e-4,0.6453216726239589,83.74175120792047
5330,3,0.705052033,16.533914700853234,1.598989102426413e-4,0.24492848340480258,31.783745984570782
5332,3,0.706166019,43.77478646522199,4.2334442741089675e-4,0.6484666368662593,84.14986521417359
5333,5,0.706551839,27.872339155094952,2.695524161971752e-4,0.4128925231390851,53.5800119771773
5646,3,0.706534292,0,0,0,0
5647,3,0.707892506,0,0,0,0
5816,3,0.706751606,0,0,0,0
5822,3,0.70674995,0,0,0,0
4579,3,0.70724355,24.970293973466394,2.4148683884220263e-4,0.3699024909556109,48.00130490401999
4580,4,0.706918956,0,0,0,0
4688,3,0.707811945,43.47337745802056,4.20429511454161e-4,0.6440016536874974,83.5704557097894
4776,5,0.707944624,0,0,0,0
5051,3,0.705825779,43.28258033598742,4.1858431916651977e-4,0.6411752420007861,83.2036794580058
5052,3,0.70685204,0,0,0,0
4731,6,0.704976652,12.399879705458586,1.1991880252898324e-4,0.1836881213922818,23.836740053896115
5063,5,0.706906754,25.597062687400207,2.475482971323574e-4,0.3791872558359731,49.20616521418721
5183,3,0.705096473,18.25398982374417,1.7653369653868677e-4,0.27040916349868654,35.09030899578092
5185,3,0.70587246,44.09310125635869,4.264228386122226e-4,0.6531820572884057,84.76177332230594
4504,4,0.707505037,37.82801499316601,3.658334086928245e-4,0.5603729370886469,72.7181699795075
4509,3,0.707676999,0,0,0,0
4511,4,0.706905035,0,0,0,0
4514,3,0.707526036,38.78797558587648,3.7511715397804506e-4,0.5745935071324018,74.56353716483193
4523,3,0.707737959,43.354441453775905,4.192792855208947e-4,0.642239771176977,83.34182070013031
4541,3,0.70680842,0,0,0,0
4542,7,0.708940788,0,0,0,0
4636,3,0.705340936,24.930109092905887,2.4109821226911865e-4,0.36930720411461976,47.92405604558179
4638,7,0.708942034,0,0,0,0
4695,3,0.707526378,38.7903877021484,3.75140481470066e-4,0.574629239503771,74.56817406373091
4783,3,0.707602307,41.80344735669187,4.042796759061367e-4,0.6192638069941576,80.36028829856642
4784,3,0.706833249,0,0,0,0
4553,3,0.707697314,0,0,0,0
4561,3,0.707813196,43.4767576381684,4.204622010580354e-4,0.6440517266685322,83.57695355310992
4562,3,0.706550036,0,0,0,0
4563,3,0.707233303,24.94120486640497,2.412055191061807e-4,0.3694715735954417,47.94538585481197
4591,3,0.707767425,0,0,0,0
4592,3,0.706917831,0,0,0,0
4595,3,0.707963032,0,0,0,0
4597,3,0.706568388,0,0,0,0
4765,3,0.707572631,38.34856800676707,3.7086765866352486e-4,0.5680842542485526,73.7188479831835
4889,3,0.70683056,0,0,0,0
4642,4,0.704992756,13.217040166563491,1.278215327406799e-4,0.19579329285699637,25.407597348995907
4654,3,0.705362212,26.6171496325926,2.5741352226749077e-4,0.3942985197409525,51.16711547519821
4655,5,0.707936296,0,0,0,0
4656,3,0.706576673,0,0,0,0
4669,3,0.707647613,41.360088732110675,3.9999197016917946e-4,0.6126960245005473,79.50800387840847
4672,4,0.708250787,43.69786206811529,4.226004942594938e-4,0.6473271017796776,84.00199064593663
4678,3,0.707718999,0,0,0,0
4680,4,0.707535737,38.86076406813603,3.758210888417538e-4,0.5756717740094075,74.70346111343078
4683,5,0.707846258,0,0,0,0
4686,7,0.708944795,0,0,0,0
4690,3,0.706817759,0,0,0,0
4701,3,0.706794734,0,0,0,0
4704,3,0.707741866,0,0,0,0
4713,4,0.70828211,44.364486213327474,4.2904739303025857e-4,0.6572022731375785,85.28346650219662
4717,3,0.707621112,41.95992196547751,4.0579293636974463e-4,0.6215817752016052,80.66108513395962
4745,5,0.707954815,0,0,0,0
4751,4,0.704988684,13.212935474451367,1.277818364069631e-4,0.19573248717170913,25.399706749957684
4755,4,0.707823564,42.70069383177472,4.1295691515531434e-4,0.6325553487952659,82.08509785308246
4757,4,0.707548877,38.166387477075205,3.691057971387613e-4,0.5653854861920675,73.36863572046013
4761,7,0.708946966,0,0,0,0
5106,4,0.70507365,17.396150121412266,1.6823755880920733e-4,0.2577013818814427,33.44125251474138
5024,3,0.706838781,0,0,0,0
5100,3,0.706730082,24.543300832089876,2.373574031203851e-4,0.36357714185143253,47.18048044785143
5238,4,0.706879168,0,0,0,0
5259,3,0.706944582,0,0,0,0
4797,3,0.706073586,44.30856176281526,4.28506549627192e-4,0.6563738249994919,85.17596089559547
4799,3,0.706934765,0,0,0,0
4807,4,0.70782111,43.49565267967308,4.20644934342938e-4,0.6443316321805264,83.61327617908316
5144,4,0.707526041,0,0,0,0
5150,3,0.705443673,0,0,0,0
5152,3,0.707736559,43.35132423467597,4.192491390041087e-4,0.6421935936225138,83.3358283564027
5780,3,0.705750537,41.42090807681671,4.0058015192263104e-4,0.6135969841419898,79.62491911826906
5781,3,0.707375284,31.298678941666857,3.0268842832173145e-4,0.46364929930119286,60.166589651223845
5411,4,0.707476823,0,0,0,0
4827,7,0.70894675,0,0,0,0
4836,5,0.707965419,0,0,0,0
4847,4,0.704996054,14.020816432322812,1.3559482486775147e-4,0.20770019484186308,26.952725718262432
4849,3,0.705764849,41.49342480031971,4.012814586169191e-4,0.6146712252657908,79.76432065511948
4854,3,0.706140205,42.349307118057936,4.0955866654851844e-4,0.6273500107711857,81.40961438451521
4974,7,0.708952831,0,0,0,0
4975,3,0.706844398,27.365644179155424,2.6465218682354897e-4,0.4053864948178372,52.60597378366412
5033,3,0.70720933,24.86928842007044,2.4051001767137403e-4,0.368406224798664,47.807138252609704
5038,4,0.70698024,23.944211409667908,2.31563630289428e-4,0.35470240974397227,46.02882904715076
4860,4,0.706949125,22.337439888445783,2.1602459915852042e-4,0.33090017542794226,42.940073673135736
4863,3,0.707546742,38.14946865885039,0.00036894217584001337,0.5651348558626035,73.33611206042282
4867,4,0.708343223,40.34251911740023,3.9015109004900876e-4,0.5976220515788787,77.55189277340166
4870,3,0.707743592,44.166788730834554,4.2713546759818287e-4,0.6542736415681026,84.9034254363612
4871,3,0.706940274,23.140064326139516,2.2378675199669355e-4,0.3427900145752201,44.482987841390766
4876,6,0.704995054,13.219204316279175,1.2784246215681642e-4,0.19582535192572353,25.41175757275903
4395,2,0.707803802,0,0,0,0
4397,1,0.70728791,0,0,0,0
4398,1,0.707046219,0,0,0,0
4399,1,0.707683888,0,0,0,0
4400,2,0.707502567,0,0,0,0
4401,1,0.705846731,0,0,0,0
4402,1,0.707751299,0,0,0,0
4403,2,0.706668235,0,0,0,0
4404,2,0.707784587,0,0,0,0
4406,2,0.70459818,0,0,0,0
4407,1,0.707844556,0,0,0,0
4408,2,0.704573547,0,0,0,0
4409,1,0.707069138,0,0,0,0
4411,2,0.707484067,0,0,0,0
4414,1,0.707532332,0,0,0,0
4416,1,0.707151362,0,0,0,0
4417,2,0.707889342,0,0,0,0
4418,1,0.704621433,0,0,0,0
4432,2,0.707810894,0,0,0,0
4433,2,0.705049731,0,0,0,0
4434,2,0.707484642,0,0,0,0
4528,2,0.707641773,0,0,0,0
4530,1,0.707667326,0,0,0,0
4588,2,0.704627385,0,0,0,0
4589,1,0.707392443,0,0,0,0
4590,1,0.707790417,0,0,0,0
4534,1,0.707533461,0,0,0,0
4535,1,0.706708429,0,0,0,0
4536,1,0.707776582,0,0,0,0
4585,1,0.70770478,0,0,0,0
4586,2,0.707511537,0,0,0,0
4587,2,0.707566627,0,0,0,0
4618,2,0.704758096,0,0,0,0
4810,2,0.70571789,0,0,0,0
4812,2,0.706799735,0,0,0,0
4814,1,0.707269161,0,0,0,0
4815,1,0.70677118,0,0,0,0
4435,1,0.706791319,0,0,0,0
4436,1,0.707442161,0,0,0,0
4437,1,0.70749374,0,0,0,0
4447,1,0.705228526,0,0,0,0
4448,1,0.704580427,0,0,0,0
4449,2,0.707561799,0,0,0,0
4450,1,0.706892312,0,0,0,0
4451,2,0.70710543,0,0,0,0
4452,1,0.707155648,0,0,0,0
4459,1,0.707494746,0,0,0,0
4460,2,0.70749241,0,0,0,0
4465,1,0.704646691,0,0,0,0
4467,1,0.706634338,0,0,0,0
4468,1,0.707764619,0,0,0,0
4469,1,0.707650021,0,0,0,0
4471,1,0.705377164,0,0,0,0
4473,1,0.70755846,0,0,0,0
4474,1,0.707693694,0,0,0,0
4475,1,0.705416352,0,0,0,0
4477,1,0.704953294,0,0,0,0
4479,2,0.704572495,0,0,0,0
4482,1,0.706803635,0,0,0,0
4483,1,0.707667792,0,0,0,0
4484,2,0.70463012,0,0,0,0
4485,1,0.706833188,0,0,0,0
4489,1,0.705127903,0,0,0,0
4490,1,0.708224607,0,0,0,0
4491,1,0.705093551,0,0,0,0
5289,1,0.707805509,0,0,0,0
5290,1,0.707579126,0,0,0,0
4526,2,0.706979666,0,0,0,0
4531,1,0.707886447,0,0,0,0
4532,1,0.706785636,0,0,0,0
4533,1,0.707624788,0,0,0,0
4537,2,0.705487785,0,0,0,0
4538,1,0.707764002,0,0,0,0
4539,1,0.707465687,0,0,0,0
4892,1,0.705036393,0,0,0,0
4893,2,0.706004391,0,0,0,0
5124,1,0.708130962,0,0,0,0
4612,1,0.706955896,0,0,0,0
4613,2,0.706890461,0,0,0,0
4727,1,0.707444351,0,0,0,0
4728,2,0.704842986,0,0,0,0
4732,1,0.707649486,0,0,0,0
4733,1,0.706944212,0,0,0,0
4734,1,0.707665935,0,0,0,0
4735,2,0.707532241,0,0,0,0
4736,1,0.706828528,0,0,0,0
4737,1,0.706903831,0,0,0,0
5266,1,0.706883136,0,0,0,0
5267,1,0.706799193,0,0,0,0
5269,2,0.707262507,0,0,0,0
5331,1,0.70719594,0,0,0,0
5648,1,0.708173374,0,0,0,0
5649,1,0.70756593,0,0,0,0
5650,1,0.706969738,0,0,0,0
5651,1,0.707665261,0,0,0,0
5652,2,0.706806245,0,0,0,0
5653,1,0.706839558,0,0,0,0
5701,2,0.706937197,0,0,0,0
5702,1,0.70506468,0,0,0,0
5703,1,0.706469322,0,0,0,0
5704,2,0.706939907,0,0,0,0
5705,2,0.707876785,0,0,0,0
5706,2,0.706646418,0,0,0,0
5707,2,0.706771512,0,0,0,0
5708,1,0.70696247,0,0,0,0
5817,1,0.708112073,0,0,0,0
5818,1,0.707722641,0,0,0,0
5823,2,0.706849287,0,0,0,0
5824,1,0.707829843,0,0,0,0
5825,1,0.706857561,0,0,0,0
5826,1,0.706897865,0,0,0,0
4564,1,0.706909759,0,0,0,0
4565,1,0.707505544,0,0,0,0
4566,1,0.70708489,0,0,0,0
4567,2,0.707391275,0,0,0,0
4568,2,0.707183202,0,0,0,0
4569,1,0.706882284,0,0,0,0
4581,1,0.706688779,0,0,0,0
4621,1,0.706709511,0,0,0,0
4622,2,0.707790338,0,0,0,0
4623,1,0.707668412,0,0,0,0
4624,1,0.706878609,0,0,0,0
4625,2,0.70754837,0,0,0,0
4626,2,0.708079063,0,0,0,0
4687,1,0.704649899,0,0,0,0
4689,1,0.706724535,0,0,0,0
4774,2,0.707595066,0,0,0,0
4775,1,0.707772651,0,0,0,0
5053,1,0.708326645,0,0,0,0
5054,1,0.708190011,0,0,0,0
5055,1,0.707539098,0,0,0,0
5056,1,0.708240931,0,0,0,0
5114,2,0.706091801,0,0,0,0
5115,1,0.707166498,0,0,0,0
5116,1,0.707582359,0,0,0,0
4729,1,0.704797058,0,0,0,0
4730,1,0.704798928,0,0,0,0
5064,1,0.707776982,0,0,0,0
5065,2,0.705601351,0,0,0,0
5120,2,0.705057418,0,0,0,0
5121,1,0.707650582,0,0,0,0
5122,1,0.705674521,0,0,0,0
5180,2,0.707570121,0,0,0,0
5181,1,0.708239484,0,0,0,0
5182,2,0.707354562,0,0,0,0
5184,1,0.707680073,0,0,0,0
4505,1,0.707866418,0,0,0,0
4506,1,0.706814654,0,0,0,0
4507,2,0.70487456,0,0,0,0
4508,1,0.707691433,0,0,0,0
4510,1,0.706846955,0,0,0,0
4512,2,0.705438629,0,0,0,0
4513,1,0.707831661,0,0,0,0
4515,1,0.704628963,0,0,0,0
4519,1,0.708196455,0,0,0,0
4520,1,0.706725484,0,0,0,0
4521,1,0.707694014,0,0,0,0
4522,1,0.70763221,0,0,0,0
4524,2,0.705232271,0,0,0,0
4525,1,0.706769585,0,0,0,0
4540,1,0.707936009,0,0,0,0
4543,2,0.707944286,0,0,0,0
4544,1,0.707670512,0,0,0,0
4545,1,0.707768841,0,0,0,0
4546,1,0.708045816,0,0,0,0
4547,1,0.707736956,0,0,0,0
4610,1,0.704724058,0,0,0,0
4611,2,0.707820256,0,0,0,0
4637,1,0.707837407,0,0,0,0
4639,1,0.704640208,0,0,0,0
4640,2,0.704896003,0,0,0,0
4641,1,0.70636569,0,0,0,0
4693,1,0.707525945,0,0,0,0
4694,1,0.70576101,0,0,0,0
4785,1,0.706740373,0,0,0,0
4552,1,0.708066509,0,0,0,0
4554,2,0.707774588,0,0,0,0
4558,1,0.707494101,0,0,0,0
4559,2,0.704623964,0,0,0,0
4560,2,0.706357266,0,0,0,0
4582,2,0.707124297,0,0,0,0
4583,2,0.706796987,0,0,0,0
4584,1,0.70463295,0,0,0,0
4593,1,0.707186825,0,0,0,0
4594,1,0.704721934,0,0,0,0
4596,1,0.704981192,0,0,0,0
4598,1,0.704805347,0,0,0,0
4599,2,0.707627293,0,0,0,0
4766,1,0.707571262,0,0,0,0
4767,2,0.707726308,0,0,0,0
5072,1,0.70800455,0,0,0,0
5073,1,0.70772541,0,0,0,0
5074,1,0.706793678,0,0,0,0
4651,1,0.70769786,0,0,0,0
4652,1,0.707779005,0,0,0,0
4653,1,0.707501984,0,0,0,0
4762,2,0.706915382,0,0,0,0
4763,1,0.707114909,0,0,0,0
4764,1,0.707735294,0,0,0,0
4771,2,0.707445226,0,0,0,0
4772,1,0.707730405,0,0,0,0
4773,1,0.706769673,0,0,0,0
4828,2,0.707220338,0,0,0,0
4829,1,0.707845346,0,0,0,0
4830,2,0.707919528,0,0,0,0
4888,1,0.707558075,0,0,0,0
4890,1,0.704787466,0,0,0,0
4614,1,0.704709185,0,0,0,0
4615,1,0.707099418,0,0,0,0
4616,1,0.705960124,0,0,0,0
4617,1,0.707930363,0,0,0,0
4627,1,0.70711032,0,0,0,0
4628,1,0.707825911,0,0,0,0
4629,1,0.708216815,0,0,0,0
4630,1,0.708196776,0,0,0,0
4631,1,0.707609572,0,0,0,0
4632,2,0.707006608,0,0,0,0
4633,1,0.706877104,0,0,0,0
4634,2,0.707634201,0,0,0,0
4635,1,0.706897247,0,0,0,0
4643,1,0.706695355,0,0,0,0
4644,2,0.708187803,0,0,0,0
4648,1,0.707470646,0,0,0,0
4649,2,0.705687884,0,0,0,0
4650,1,0.707332467,0,0,0,0
4657,2,0.707947396,0,0,0,0
4658,1,0.705473756,0,0,0,0
4667,2,0.705045182,0,0,0,0
4668,1,0.704630862,0,0,0,0
4670,2,0.707814068,0,0,0,0
4671,2,0.705639307,0,0,0,0
4673,1,0.707436317,0,0,0,0
4674,1,0.707906108,0,0,0,0
4675,2,0.704640135,0,0,0,0
4676,2,0.705442999,0,0,0,0
4677,1,0.707540802,0,0,0,0
4679,2,0.707833695,0,0,0,0
4681,2,0.706031538,0,0,0,0
4682,1,0.706785787,0,0,0,0
4684,1,0.707688661,0,0,0,0
4685,2,0.705715842,0,0,0,0
4691,1,0.704932808,0,0,0,0
4692,1,0.707127539,0,0,0,0
4696,2,0.707413053,0,0,0,0
4697,2,0.707932463,0,0,0,0
4698,1,0.707521434,0,0,0,0
4699,1,0.707572846,0,0,0,0
4700,1,0.70753171,0,0,0,0
4702,1,0.707891384,0,0,0,0
4703,1,0.706733951,0,0,0,0
4711,1,0.707531631,0,0,0,0
4712,2,0.707663975,0,0,0,0
4714,1,0.707800921,0,0,0,0
4715,1,0.70579669,0,0,0,0
4716,1,0.707627078,0,0,0,0
4718,1,0.705603856,0,0,0,0
4719,2,0.706965111,0,0,0,0
4720,2,0.704836071,0,0,0,0
4721,2,0.707633529,0,0,0,0
4722,2,0.707666433,0,0,0,0
4723,2,0.706722264,0,0,0,0
4724,1,0.70666528,0,0,0,0
4725,2,0.704864104,0,0,0,0
4726,1,0.706736376,0,0,0,0
4738,1,0.707670545,0,0,0,0
4739,1,0.70767383,0,0,0,0
4740,1,0.707530334,0,0,0,0
4741,1,0.706898729,0,0,0,0
4742,2,0.707648676,0,0,0,0
4743,1,0.707542883,0,0,0,0
4744,1,0.705740887,0,0,0,0
4746,2,0.707633012,0,0,0,0
4747,2,0.707203844,0,0,0,0
4748,1,0.70693168,0,0,0,0
4749,1,0.707613683,0,0,0,0
4750,1,0.707533392,0,0,0,0
4752,1,0.706069625,0,0,0,0
4753,2,0.706728701,0,0,0,0
4754,1,0.707044823,0,0,0,0
4756,1,0.708218085,0,0,0,0
4758,1,0.706538074,0,0,0,0
4759,1,0.707858675,0,0,0,0
4760,1,0.707015096,0,0,0,0
4777,1,0.70711369,0,0,0,0
4778,1,0.707113767,0,0,0,0
4779,2,0.705889102,0,0,0,0
5039,1,0.708005236,0,0,0,0
5040,1,0.706742015,0,0,0,0
5041,1,0.706811009,0,0,0,0
5105,1,0.70822911,0,0,0,0
5223,2,0.707178657,0,0,0,0
5224,2,0.705556028,0,0,0,0
5678,1,0.707722677,0,0,0,0
5679,1,0.707808587,0,0,0,0
5680,1,0.706935647,0,0,0,0
5681,2,0.705391404,0,0,0,0
5682,2,0.705291424,0,0,0,0
5683,1,0.707750948,0,0,0,0
4786,1,0.706862502,0,0,0,0
4787,2,0.705017361,0,0,0,0
4788,2,0.707151534,0,0,0,0
4840,2,0.706934831,0,0,0,0
4841,1,0.706915996,0,0,0,0
4842,1,0.705173234,0,0,0,0
4843,2,0.706947759,0,0,0,0
4844,2,0.706731297,0,0,0,0
4845,2,0.706893705,0,0,0,0
5025,2,0.707578077,0,0,0,0
5026,1,0.705048754,0,0,0,0
5099,2,0.708243829,0,0,0,0
5101,2,0.707208571,0,0,0,0
5174,1,0.706776696,0,0,0,0
5175,1,0.707229735,0,0,0,0
5176,1,0.707433546,0,0,0,0
5237,1,0.704848864,0,0,0,0
5239,1,0.704849484,0,0,0,0
5258,2,0.706766289,0,0,0,0
5260,1,0.708013853,0,0,0,0
4789,2,0.707178742,0,0,0,0
4790,2,0.706715802,0,0,0,0
4791,2,0.707158637,0,0,0,0
4792,1,0.704937768,0,0,0,0
4793,1,0.704644311,0,0,0,0
4794,1,0.70754706,0,0,0,0
4795,1,0.707881999,0,0,0,0
4796,1,0.707001497,0,0,0,0
4798,2,0.707055677,0,0,0,0
4800,1,0.707871671,0,0,0,0
4804,1,0.705510636,0,0,0,0
4805,1,0.707890854,0,0,0,0
4806,1,0.707538242,0,0,0,0
5145,1,0.706588692,0,0,0,0
5146,1,0.707784962,0,0,0,0
5147,1,0.704790319,0,0,0,0
5148,1,0.705435699,0,0,0,0
5149,2,0.708236482,0,0,0,0
5151,2,0.706771034,0,0,0,0
5782,2,0.705461119,0,0,0,0
5412,2,0.705587486,0,0,0,0
5413,1,0.704782344,0,0,0,0
5414,1,0.706806512,0,0,0,0
5415,2,0.707889938,0,0,0,0
5416,1,0.706809168,0,0,0,0
4819,1,0.70754681,0,0,0,0
4820,1,0.708105017,0,0,0,0
4821,1,0.707064162,0,0,0,0
4825,1,0.707685211,0,0,0,0
4826,2,0.70710211,0,0,0,0
4831,1,0.707482339,0,0,0,0
4832,1,0.706889955,0,0,0,0
4833,1,0.706933711,0,0,0,0
4834,1,0.706798797,0,0,0,0
4835,1,0.707707695,0,0,0,0
4837,1,0.707540669,0,0,0,0
4838,1,0.707562375,0,0,0,0
4839,2,0.707549486,0,0,0,0
4846,1,0.707034309,0,0,0,0
4848,1,0.704844135,0,0,0,0
4850,1,0.707957493,0,0,0,0
4851,1,0.707785577,0,0,0,0
4852,2,0.705055883,0,0,0,0
4853,1,0.706742574,0,0,0,0
4973,2,0.707717817,0,0,0,0
5034,1,0.707882074,0,0,0,0
5035,2,0.708295245,0,0,0,0
5036,1,0.705354221,0,0,0,0
5037,1,0.705341067,0,0,0,0
5234,2,0.705421532,0,0,0,0
5235,1,0.707838398,0,0,0,0
5236,1,0.704732266,0,0,0,0
4858,1,0.705759422,0,0,0,0
4859,2,0.707574156,0,0,0,0
4861,1,0.707074481,0,0,0,0
4862,2,0.70626175,0,0,0,0
4864,1,0.704844596,0,0,0,0
4865,2,0.708280189,0,0,0,0
4866,1,0.70772206,0,0,0,0
4868,1,0.704674311,0,0,0,0
4869,1,0.70724685,0,0,0,0
4872,2,0.706930342,0,0,0,0
4873,1,0.707429367,0,0,0,0
4874,1,0.707819913,0,0,0,0
4875,1,0.704667442,0,0,0,0
4877,1,0.706879713,0,0,0,0
4878,2,0.707443593,0,0,0,0
4879,1,0.708285824,0,0,0,0
4882,5,0.706892379,26.44485297203977,2.557472472951503e-4,0.3917461683753839,50.835903333846204
4884,3,0.706816518,0,0,0,0
4895,3,0.707679884,42.35246498111964,4.0958920613163577e-4,0.6273967904131819,81.41568485960977
4896,4,0.708326299,40.331683822600894,3.90046302292333e-4,0.5974615407518628,77.5310636918562
4972,4,0.708383549,40.34471335453404,3.9017231043951274e-4,0.5976545563536486,77.5561108353037
4976,3,0.706951675,0,0,0,0
4977,3,0.706960953,0,0,0,0
4978,5,0.707897539,0,0,0,0
4987,3,0.706590389,0,0,0,0
4999,3,0.707567913,38.310651850746,3.705009728460369e-4,0.5675225756165526,73.64596037649814
5001,4,0.708122922,0,0,0,0
5002,3,0.705504558,0,0,0,0
5008,3,0.707567188,38.3047091899543,3.7044350158156467e-4,0.5674345428111683,73.63453658337393
5016,3,0.707580266,39.21056673799958,3.7920401821590026e-4,0.5808536464800698,75.37589951684735
5017,7,0.708953486,0,0,0,0
5020,3,0.708278675,0,0,0,0
5022,3,0.706845799,27.362921326498004,2.646258542108223e-4,0.40534615929028767,52.60073954490199
5023,4,0.708114016,0,0,0,0
5029,7,0.70895413,0,0,0,0
5031,3,0.705412873,32.53976196291411,3.146908987716268e-4,0.48203433319506284,62.552368712431345
5042,3,0.706953905,0,0,0,0
5043,5,0.707934902,0,0,0,0
5046,3,0.708223738,0,0,0,0
5070,3,0.70686346,0,0,0,0
5075,3,0.707598547,40.97034533207991,3.9622277539185516e-4,0.6069224819600356,78.75878595574062
5084,3,0.708231567,0,0,0,0
5086,3,0.705128188,18.365203607726116,1.7760924115013658e-4,0.27205665134032886,35.304099300377246
5094,3,0.707611793,41.88519917188876,4.050702948488887e-4,0.6204748540132118,80.517442788293
5097,4,0.706948934,22.337470450130805,2.1602489471950635e-4,0.33090062815963334,42.940132422975154
5098,3,0.705413033,32.541021027417145,3.1470307514035753e-4,0.48205298460126733,62.55478905794943
5103,3,0.708240216,0,0,0,0
5108,3,0.707238606,24.956749465492067,2.4135585037975726e-4,0.36970184665227207,47.97526780338587
5109,3,0.706216102,44.19779557933284,4.274353337445032e-4,0.654732967778214,84.96303102972988
5112,3,0.706936708,0,0,0,0
5131,3,0.705415866,32.56311811511473,3.1491677530189266e-4,0.48238032427099203,62.59726709385841
5132,4,0.707614827,41.91013661818336,4.053114640189785e-4,0.620844269908445,80.56538094890844
5137,4,0.707781674,45.035652302270734,4.3553821677983943e-4,0.6671447274958994,86.5736735021958
5143,4,0.706862956,0,0,0,0
5157,3,0.706809964,26.63685674761381,2.5760410908694226e-4,0.394590455067931,51.204999179647864
5161,7,0.70895566,0,0,0,0
5168,4,0.707576404,0,0,0,0
5169,3,0.708248974,0,0,0,0
5208,6,0.705059446,17.356455941705537,1.6785367778690145e-4,0.2571133641366151,33.36494694841355
5300,3,0.705965824,47.90798685899192,4.633164637214604e-4,0.709694635339117,92.09526675976957
5301,3,0.705517137,38.27342562973557,3.7014095936588315e-4,0.5669711174761216,73.57439905699405
5305,4,0.708422392,40.336575716809044,3.900936116299616e-4,0.5975340078143254,77.540467558134
5369,3,0.708258333,0,0,0,0
5370,4,0.706897612,0,0,0,0
5371,7,0.708974933,0,0,0,0
5503,3,0.705594283,41.531037097668175,4.01645205827822e-4,0.6152284026259991,79.8366241432195
5614,4,0.706411463,33.97085001589868,3.285309012316423e-4,0.5032340449861339,65.30340136141847
5194,4,0.705085495,17.425308515756345,1.6851954862011419e-4,0.25813332564276176,33.497304757414575
5195,5,0.707957807,0,0,0,0
5197,4,0.708407267,40.34363193440424,3.901618520632964e-4,0.5976385365182311,77.55403198202968
5201,3,0.707616036,41.91990990120559,4.0540598109693754e-4,0.6209890484095945,80.58416848656266
5202,4,0.706872205,0,0,0,0
5212,3,0.705067857,17.380582058204457,1.680870006149408e-4,0.25747076123412305,33.411325460234245
5214,5,0.708045922,0,0,0,0
5216,3,0.707726792,42.53010088029937,4.113071166938177e-4,0.6300282356680734,81.75716081369693
5218,3,0.705591603,0,0,0,0
5263,3,0.708149789,0,0,0,0
5335,4,0.708106665,0,0,0,0
5496,3,0.707858837,41.97314427839607,4.059208088950853e-4,0.6217776466034384,80.68650286731169
5219,3,0.70728393,26.671444301020724,2.579386041050785e-4,0.39510282477310443,51.271488092382874
5517,4,0.706914633,0,0,0,0
5518,3,0.705429699,32.665655138073774,3.159084072612513e-4,0.48389927716149567,62.794377744947965
5519,3,0.705968267,47.9011156872484,4.6325001286007895e-4,0.7095928478492937,92.08205805624934
5521,4,0.707620578,41.955790383955666,4.057529799894878e-4,0.6215205711846183,80.65314284443045
5523,4,0.707625278,41.19363061811369,3.983821595761812e-4,0.6102301636231108,79.18801538759584
5524,3,0.707870299,41.980048244100594,4.059875769057155e-4,0.6218799198932238,80.6997746118567
5592,3,0.706911883,0,0,0,0
5246,3,0.705067783,17.380377650638625,1.6808502379652766e-4,0.25746773320137933,33.41093252013099
5685,3,0.705561288,39.54707660325907,3.824583933420835e-4,0.5858386033060845,76.0227846781793
5445,4,0.706908656,0,0,0,0
5474,3,0.706482364,0,0,0,0
5476,3,0.707862561,41.976360075792876,4.059519087591292e-4,0.6218252844674038,80.69268471168715
5729,5,0.706269917,41.402956577705815,4.0040654360318657e-4,0.6133310559857349,79.5904102981798
6082,3,0.708125566,43.4622231862719,4.203216388825752e-4,0.6438364176310453,83.549013447245
5280,3,0.705041464,15.711757979035054,1.5194786136849868e-4,0.23274929882333142,30.203284195661958
5281,4,0.706890484,0,0,0,0
5287,7,0.708965274,0,0,0,0
5299,4,0.707787547,45.037755111230155,4.355585529716696e-4,0.6671758778809498,86.57771580839065
5312,3,0.707549844,38.17396330447674,3.6917906270034245e-4,0.565497712240742,73.38319900919787
5315,3,0.705042761,15.71432379303195,1.519726752658371e-4,0.23278730802697914,30.208216553291503
5316,4,0.707502595,0,0,0,0
5317,3,0.706759508,0,0,0,0
5318,4,0.707483725,0,0,0,0
5319,3,0.70784012,41.94281412200762,4.0562748701446905e-4,0.6213283447085114,80.62819810381407
5322,7,0.708971289,0,0,0,0
5323,3,0.705068308,17.381824820523097,1.68099019325817e-4,0.2574891711446279,33.413714467469944
5327,3,0.705060611,17.35990496074863,1.6788703312932185e-4,0.25716445687652234,33.371577123247825
5328,5,0.70691034,24.78671844334878,2.3971148631715864e-4,0.3671830577786864,47.648410981206894
5329,4,0.707480609,0,0,0,0
5394,7,0.708976558,0,0,0,0
5420,4,0.707939995,0,0,0,0
5426,3,0.707577805,39.19032080222113,3.790082204797689e-4,0.580553729223023,75.33698001764559
5430,3,0.707854418,41.968114053782806,4.058721617689515e-4,0.6217031303555923,80.67683308346157
5434,4,0.708453995,38.70286142364557,3.742940178948382e-4,0.5733326513067448,74.39991911302856
5438,4,0.705149908,18.461005252925073,1.7853573550697361e-4,0.27347582835259776,35.488262289663176
5440,3,0.705227034,20.382142545519834,1.9711498700731843e-4,0.3019349834892431,39.18133442739271
5450,3,0.705727852,0,0,0,0
5458,3,0.707863281,41.976873825707024,4.0595687721656324e-4,0.6218328950054766,80.69367231184513
5459,3,0.707943973,0,0,0,0
5460,4,0.707631691,41.24468814842653,3.9887593516438373e-4,0.6109865146562556,79.28616513636521
5464,4,0.707625518,41.195588529585585,3.9840109446948215e-4,0.6102591675399768,79.19177915207685
5469,4,0.707619797,41.94971481609473,4.056942233854019e-4,0.6214305695335318,80.64146355920987
5471,3,0.705687554,41.751469761762394,4.037770024052369e-4,0.6184938263980652,80.26036987609855
5472,5,0.70651697,27.149469824123933,2.625615722040023e-4,0.4021841523667695,52.19041395327835
5473,4,0.707968971,0,0,0,0
5481,4,0.707634521,41.26638564682388,3.990857709117853e-4,0.6113079349292093,79.3278750272192
5483,4,0.707787759,45.03778590379933,4.3555885076552813e-4,0.6671763340328899,86.57777500206709
5484,4,0.707620632,41.95620901572801,4.0575702856270236e-4,0.6215267726708943,80.6539475955226
5485,4,0.707620386,41.95430040066534,4.057385704132493e-4,0.6214984990163388,80.65027859532321
5491,4,0.70764302,41.32846757065308,3.996861630237359e-4,0.6122275980413914,79.44721736888008
5937,4,0.708040762,0,0,0,0
6127,3,0.706120717,43.26627012329699,4.184265836705885e-4,0.6409336273722753,83.17232574253755
6006,4,0.706984951,0,0,0,0
6007,3,0.706825212,0,0,0,0
6104,3,0.707952458,0,0,0,0
6105,3,0.706096202,44.19634779291528,4.27421332252744e-4,0.6547115207018283,84.96024789720694
6106,3,0.708247776,0,0,0,0
6239,3,0.705500641,37.2944687222952,3.606735013859443e-4,0.5524691416890051,71.6925145644897
6241,5,0.706849024,27.3563567528419,2.645623684488107e-4,0.4052489136531304,52.588120226043905
5618,3,0.707889843,0,0,0,0
5619,3,0.70735544,31.15003301853396,3.012508788029998e-4,0.46144730290917274,59.88084218318748
5624,4,0.705756729,41.453993522290716,4.009001201075348e-4,0.6140871020680428,79.68852047425513
5625,3,0.707697726,42.437296309873474,4.104096069421875e-4,0.6286534564280258,81.57875921032638
5626,3,0.707956737,0,0,0,0
5630,3,0.70549813,37.269522664160334,3.6043224893104873e-4,0.5520995982205374,71.64455984902028
5660,3,0.706571637,0,0,0,0
5794,3,0.705496964,37.25782362035862,3.603191078880096e-4,0.551926292073295,71.62207035133122
5851,3,0.706742991,0,0,0,0
5856,4,0.706373503,39.80780619537047,3.8497990009961314e-4,0.5897009737567619,76.5239946624005
6693,3,0.707801618,41.845395407942696,4.046853540412406e-4,0.6198852129201312,80.44092656419356
5864,4,0.707647746,41.36098417846419,4.00000629999516e-4,0.6127092893758841,79.5097252275238
5927,4,0.70803769,0,0,0,0
6028,3,0.707731101,42.53904947063611,4.113936581976866e-4,0.6301607974176313,81.77436301458695
5720,4,0.706930454,0,0,0,0
4880,1,0.705208415,0,0,0,0
4881,1,0.707553836,0,0,0,0
4883,1,0.707133949,0,0,0,0
4885,2,0.706880111,0,0,0,0
4886,1,0.706821885,0,0,0,0
4887,1,0.706763806,0,0,0,0
4894,2,0.706889401,0,0,0,0
4897,1,0.707891378,0,0,0,0
4898,2,0.705974507,0,0,0,0
4899,1,0.705348078,0,0,0,0
4900,1,0.70711724,0,0,0,0
4971,2,0.704948006,0,0,0,0
4991,1,0.707207397,0,0,0,0
4992,1,0.707627146,0,0,0,0
4993,1,0.706763723,0,0,0,0
4997,1,0.7071725,0,0,0,0
4998,1,0.706763535,0,0,0,0
5000,1,0.704708546,0,0,0,0
5003,1,0.707110327,0,0,0,0
5004,1,0.706834426,0,0,0,0
5005,1,0.707457134,0,0,0,0
5006,2,0.705174023,0,0,0,0
5007,1,0.706736121,0,0,0,0
5012,2,0.705603014,0,0,0,0
5013,1,0.70738370800000006,0,0,0,0
5014,1,0.705843119,0,0,0,0
5015,2,0.707849072,0,0,0,0
5018,1,0.70690917,0,0,0,0
5019,1,0.707588911,0,0,0,0
5021,1,0.704792625,0,0,0,0
5027,1,0.706861779,0,0,0,0
5028,1,0.707990671,0,0,0,0
5030,1,0.704843397,0,0,0,0
5032,1,0.705608896,0,0,0,0
5044,1,0.707706612,0,0,0,0
5045,1,0.707568026,0,0,0,0
5047,1,0.704949656,0,0,0,0
5062,1,0.706840068,0,0,0,0
5066,1,0.706683174,0,0,0,0
5067,1,0.704835872,0,0,0,0
5068,1,0.707927384,0,0,0,0
5069,1,0.706932161,0,0,0,0
5071,2,0.707606036,0,0,0,0
5076,1,0.706782341,0,0,0,0
5077,1,0.7069596,0,0,0,0
5078,2,0.705604929,0,0,0,0
5079,1,0.704846247,0,0,0,0
5080,1,0.704816834,0,0,0,0
5081,2,0.708306749,0,0,0,0
5082,1,0.70756649,0,0,0,0
5083,2,0.706727184,0,0,0,0
5085,1,0.708246434,0,0,0,0
5087,2,0.707823732,0,0,0,0
5088,1,0.705131864,0,0,0,0
5089,1,0.708055497,0,0,0,0
5090,2,0.706731051,0,0,0,0
5091,2,0.706902078,0,0,0,0
5092,2,0.705074535,0,0,0,0
5093,1,0.708294645,0,0,0,0
5095,2,0.707533209,0,0,0,0
5096,2,0.707290884,0,0,0,0
5102,1,0.70762189,0,0,0,0
5104,1,0.706899464,0,0,0,0
5110,1,0.706958136,0,0,0,0
5111,2,0.705432191,0,0,0,0
5113,1,0.706274447,0,0,0,0
5126,1,0.707745415,0,0,0,0
5127,1,0.705439438,0,0,0,0
5128,1,0.707473433,0,0,0,0
5129,1,0.704931779,0,0,0,0
5130,1,0.708004177,0,0,0,0
5133,1,0.708277138,0,0,0,0
5134,1,0.707606863,0,0,0,0
5135,2,0.707102485,0,0,0,0
5136,1,0.705404902,0,0,0,0
5138,1,0.707054126,0,0,0,0
5139,2,0.70508864,0,0,0,0
5140,1,0.70539828,0,0,0,0
5141,2,0.708319252,0,0,0,0
5142,1,0.706895853,0,0,0,0
5156,1,0.708330118,0,0,0,0
5158,1,0.705216794,0,0,0,0
5159,2,0.705719924,0,0,0,0
5160,2,0.706525393,0,0,0,0
5162,1,0.706792387,0,0,0,0
5163,1,0.707854486,0,0,0,0
5164,1,0.704879174,0,0,0,0
5165,1,0.706807479,0,0,0,0
5166,1,0.704858786,0,0,0,0
5167,2,0.70664775,0,0,0,0
5343,2,0.707051791,0,0,0,0
5344,2,0.707601248,0,0,0,0
5204,1,0.707825633,0,0,0,0
5205,2,0.707569182,0,0,0,0
5206,1,0.707195416,0,0,0,0
5207,1,0.7071941,0,0,0,0
5209,2,0.706736703,0,0,0,0
5302,1,0.707542966,0,0,0,0
5303,1,0.707350269,0,0,0,0
5304,1,0.706802547,0,0,0,0
5306,1,0.706827391,0,0,0,0
5307,2,0.706741968,0,0,0,0
5308,1,0.70832145,0,0,0,0
5366,1,0.708313987,0,0,0,0
5367,1,0.708193418,0,0,0,0
5368,1,0.707470126,0,0,0,0
5501,1,0.707528896,0,0,0,0
5502,1,0.70734062,0,0,0,0
5612,1,0.707834082,0,0,0,0
5613,1,0.707686386,0,0,0,0
5837,2,0.705245622,0,0,0,0
5838,2,0.707297634,0,0,0,0
5839,1,0.706850614,0,0,0,0
5196,2,0.708172404,0,0,0,0
5198,1,0.704772624,0,0,0,0
5199,2,0.707844455,0,0,0,0
5200,1,0.707499459,0,0,0,0
5203,1,0.70787442,0,0,0,0
5210,1,0.706788748,0,0,0,0
5211,1,0.70679843,0,0,0,0
5213,1,0.706815869,0,0,0,0
5215,1,0.707625098,0,0,0,0
5217,2,0.705410471,0,0,0,0
5261,1,0.707475851,0,0,0,0
5262,1,0.704911363,0,0,0,0
5264,2,0.708010659,0,0,0,0
5265,2,0.706681113,0,0,0,0
5334,1,0.707603737,0,0,0,0
5492,2,0.707254251,0,0,0,0
5493,1,0.707789406,0,0,0,0
5494,1,0.704846232,0,0,0,0
5495,1,0.707235583,0,0,0,0
5497,1,0.704517892,0,0,0,0
5220,1,0.707726981,0,0,0,0
5221,1,0.704941406,0,0,0,0
5225,2,0.707214197,0,0,0,0
5226,1,0.707606323,0,0,0,0
5227,1,0.707111658,0,0,0,0
5228,1,0.707154816,0,0,0,0
5229,1,0.707844419,0,0,0,0
5230,1,0.707606611,0,0,0,0
5231,1,0.705400778,0,0,0,0
5232,1,0.706866942,0,0,0,0
5233,1,0.70785957,0,0,0,0
5276,1,0.708006154,0,0,0,0
5277,2,0.706715505,0,0,0,0
5278,1,0.705538476,0,0,0,0
5435,1,0.705485038,0,0,0,0
5436,2,0.70804064,0,0,0,0
5437,1,0.705719229,0,0,0,0
5516,1,0.707261825,0,0,0,0
5520,1,0.706802335,0,0,0,0
5522,1,0.707608638,0,0,0,0
5591,1,0.707707744,0,0,0,0
5593,1,0.70719506,0,0,0,0
5594,2,0.706838962,0,0,0,0
5595,1,0.706814309,0,0,0,0
5596,1,0.707722745,0,0,0,0
5240,1,0.706777366,0,0,0,0
5241,1,0.707507602,0,0,0,0
5242,1,0.707575292,0,0,0,0
5243,1,0.708006876,0,0,0,0
5244,1,0.70512284,0,0,0,0
5245,2,0.704868511,0,0,0,0
5247,1,0.707118135,0,0,0,0
5248,2,0.707784554,0,0,0,0
5249,1,0.706753925,0,0,0,0
5250,2,0.705144139,0,0,0,0
5251,1,0.704890613,0,0,0,0
5252,1,0.70485123,0,0,0,0
5253,1,0.707881799,0,0,0,0
5254,2,0.706751281,0,0,0,0
5255,1,0.707620873,0,0,0,0
5256,1,0.706801005,0,0,0,0
5257,2,0.704906311,0,0,0,0
5408,1,0.706836276,0,0,0,0
5409,2,0.707881843,0,0,0,0
5410,1,0.704890916,0,0,0,0
5417,1,0.707954955,0,0,0,0
5418,1,0.707990365,0,0,0,0
5419,1,0.708197349,0,0,0,0
5546,1,0.708147125,0,0,0,0
5547,1,0.708280591,0,0,0,0
5548,1,0.706920472,0,0,0,0
5675,1,0.70809693,0,0,0,0
5676,1,0.706840558,0,0,0,0
5677,1,0.704865117,0,0,0,0
5684,2,0.708065821,0,0,0,0
5686,1,0.707984052,0,0,0,0
5444,1,0.706904688,0,0,0,0
5446,1,0.707053683,0,0,0,0
5447,1,0.708281291,0,0,0,0
5448,2,0.70754634,0,0,0,0
5449,1,0.706894534,0,0,0,0
5513,1,0.706890195,0,0,0,0
5514,1,0.706508241,0,0,0,0
5515,1,0.707613944,0,0,0,0
5475,1,0.704886896,0,0,0,0
5477,1,0.707704933,0,0,0,0
5478,1,0.704861958,0,0,0,0
5479,1,0.70519418,0,0,0,0
5690,2,0.706808358,0,0,0,0
5691,1,0.708290599,0,0,0,0
5692,2,0.707783162,0,0,0,0
5730,2,0.70832449,0,0,0,0
5731,1,0.706012466,0,0,0,0
6080,1,0.706991988,0,0,0,0
6081,1,0.707790714,0,0,0,0
5975,1,0.707739491,0,0,0,0
5976,1,0.706895564,0,0,0,0
5977,1,0.705527992,0,0,0,0
5549,2,0.708270724,0,0,0,0
5550,1,0.707883227,0,0,0,0
5551,1,0.707106358,0,0,0,0
5552,1,0.707077762,0,0,0,0
5553,2,0.706904899,0,0,0,0
5554,2,0.707581705,0,0,0,0
5807,1,0.707804755,0,0,0,0
5808,2,0.706826176,0,0,0,0
5809,2,0.706832847,0,0,0,0
5270,2,0.706685869,0,0,0,0
5271,2,0.70623389,0,0,0,0
5272,2,0.706733727,0,0,0,0
5273,1,0.706787072,0,0,0,0
5274,1,0.706803532,0,0,0,0
5275,1,0.70752935,0,0,0,0
5279,2,0.704993232,0,0,0,0
5282,2,0.706906711,0,0,0,0
5283,2,0.704941152,0,0,0,0
5284,2,0.706732237,0,0,0,0
5285,1,0.707370648,0,0,0,0
5286,1,0.706910021,0,0,0,0
5291,2,0.706797138,0,0,0,0
5292,1,0.707160195,0,0,0,0
5293,1,0.70488247,0,0,0,0
5294,1,0.70679828200000006,0,0,0,0
5295,1,0.70487319,0,0,0,0
5296,2,0.70762904,0,0,0,0
5297,2,0.708076592,0,0,0,0
5298,2,0.706793957,0,0,0,0
5309,2,0.706903394,0,0,0,0
5310,1,0.707622246,0,0,0,0
5311,2,0.706899053,0,0,0,0
5313,1,0.70680307,0,0,0,0
5314,2,0.70544503,0,0,0,0
5320,2,0.706782452,0,0,0,0
5321,1,0.707838974,0,0,0,0
5324,1,0.706873531,0,0,0,0
5325,1,0.706873681,0,0,0,0
5326,1,0.707662435,0,0,0,0
5393,2,0.707877427,0,0,0,0
5395,2,0.708097739,0,0,0,0
5396,2,0.705706296,0,0,0,0
5397,1,0.70762632,0,0,0,0
5398,2,0.708192249,0,0,0,0
5399,2,0.708029042,0,0,0,0
5400,2,0.707885069,0,0,0,0
5401,2,0.706749157,0,0,0,0
5441,1,0.70761849,0,0,0,0
5442,2,0.706348275,0,0,0,0
5443,2,0.707868981,0,0,0,0
5627,1,0.70757359,0,0,0,0
5628,1,0.707704585,0,0,0,0
5629,1,0.705809508,0,0,0,0
5687,2,0.706797124,0,0,0,0
5688,2,0.706751312,0,0,0,0
5689,2,0.707652378,0,0,0,0
5402,1,0.704777005,0,0,0,0
5403,1,0.707619659,0,0,0,0
5404,2,0.705618823,0,0,0,0
5405,1,0.706823873,0,0,0,0
5406,1,0.704848615,0,0,0,0
5407,1,0.705240942,0,0,0,0
5421,1,0.70823927,0,0,0,0
5422,2,0.705514903,0,0,0,0
5423,2,0.708185353,0,0,0,0
5424,1,0.707215605,0,0,0,0
5425,1,0.707493433,0,0,0,0
5427,1,0.705472926,0,0,0,0
5428,2,0.707230691,0,0,0,0
5429,1,0.708042235,0,0,0,0
5431,1,0.707950066,0,0,0,0
5432,1,0.706839306,0,0,0,0
5433,1,0.706827164,0,0,0,0
5439,1,0.707837071,0,0,0,0
5451,1,0.70753068,0,0,0,0
5452,1,0.706892797,0,0,0,0
5453,1,0.706785289,0,0,0,0
5454,1,0.707602309,0,0,0,0
5455,1,0.707583026,0,0,0,0
5456,2,0.707627426,0,0,0,0
5457,1,0.707845505,0,0,0,0
5461,2,0.706946513,0,0,0,0
5462,1,0.707992438,0,0,0,0
5463,1,0.707127092,0,0,0,0
5465,1,0.707189459,0,0,0,0
5466,2,0.707876272,0,0,0,0
5467,2,0.705573565,0,0,0,0
5468,2,0.708324455,0,0,0,0
5470,1,0.706912602,0,0,0,0
5480,2,0.707238799,0,0,0,0
5482,1,0.708284402,0,0,0,0
5486,1,0.706136185,0,0,0,0
5487,1,0.705415061,0,0,0,0
5488,2,0.706746203,0,0,0,0
5489,2,0.706903001,0,0,0,0
5490,2,0.707682429,0,0,0,0
5936,2,0.706629828,0,0,0,0
5938,1,0.70782165,0,0,0,0
6125,1,0.707117341,0,0,0,0
6126,1,0.70777458,0,0,0,0
6005,1,0.706996271,0,0,0,0
6167,1,0.706276986,0,0,0,0
6168,2,0.704876281,0,0,0,0
6169,1,0.706977804,0,0,0,0
6240,1,0.707696802,0,0,0,0
5620,2,0.707041168,0,0,0,0
5621,1,0.707955597,0,0,0,0
5622,2,0.707670681,0,0,0,0
5623,2,0.707706687,0,0,0,0
5631,1,0.7070724,0,0,0,0
5632,1,0.706832567,0,0,0,0
5645,1,0.707722434,0,0,0,0
5654,1,0.706885682,0,0,0,0
5655,1,0.707430921,0,0,0,0
5656,1,0.707838457,0,0,0,0
5657,2,0.706621367,0,0,0,0
5658,1,0.706883632,0,0,0,0
5659,1,0.706851107,0,0,0,0
5661,2,0.707673829,0,0,0,0
5670,1,0.707234443,0,0,0,0
5671,1,0.707867026,0,0,0,0
5672,1,0.707671517,0,0,0,0
5673,2,0.708219484,0,0,0,0
5674,1,0.706856067,0,0,0,0
5792,1,0.706834846,0,0,0,0
5793,1,0.70684506,0,0,0,0
5849,1,0.707689533,0,0,0,0
5850,1,0.706878205,0,0,0,0
5855,1,0.704941715,0,0,0,0
5857,2,0.707215799,0,0,0,0
6692,1,0.707024521,0,0,0,0
6694,2,0.705407097,0,0,0,0
5865,2,0.706847626,0,0,0,0
5866,1,0.704199827,0,0,0,0
5928,1,0.705442827,0,0,0,0
5929,1,0.707727823,0,0,0,0
5930,1,0.706862026,0,0,0,0
5931,1,0.705907525,0,0,0,0
5932,2,0.70508121,0,0,0,0
6182,2,0.707608089,0,0,0,0
6183,1,0.707607363,0,0,0,0
6184,2,0.707605751,0,0,0,0
6185,1,0.706887612,0,0,0,0
6186,1,0.707010112,0,0,0,0
6187,1,0.707001774,0,0,0,0
6026,1,0.706995747,0,0,0,0
6027,1,0.708042,0,0,0,0
5721,1,0.70832968,0,0,0,0
5722,1,0.706836814,0,0,0,0
5723,1,0.704196887,0,0,0,0
5724,1,0.706856565,0,0,0,0
5725,1,0.707228071,0,0,0,0
6129,3,0.706100746,44.17300976982075,4.2719563104842847e-4,0.6543657981850721,84.91538436602032
6130,4,0.706064325,0,0,0,0
6030,4,0.7069879,0,0,0,0
6219,5,0.707010627,23.943951428329516,2.3156111601900598e-4,0.35469855845792914,46.028329275561894
5897,4,0.705965925,0,0,0,0
5954,3,0.707714866,42.49885041872913,4.1100489457400696e-4,0.6295653006465382,81.69708691405366
5956,3,0.70730977,30.82039245627683,2.980629364656678e-4,0.4565641058900072,59.24716213302665
5709,5,0.706282075,42.12190463723222,4.0735946511749686e-4,0.6239813382118518,80.97247031926533
5710,4,0.707635451,41.2734042402898,3.99153647483483e-4,0.61141190628048,79.34136712488186
5712,3,0.708116008,41.90573353257834,4.0526888193223825e-4,0.6207790439109089,80.55691673719873
5713,4,0.705810642,42.455587183539556,4.105864973410742e-4,0.6289244119777694,81.61392042247468
5715,3,0.706794905,0,0,0,0
5875,3,0.706881948,26.474914878027533,2.5603797493553256e-4,0.39219149648884405,50.893692429835546
5876,3,0.707679964,42.35289241583815,4.0959333983783456e-4,0.627403122303678,81.41650653292572
6450,3,0.708196664,43.92624102750999,4.2480913918057083e-4,0.6507102396014315,84.44101183147879
6454,3,0.706185117,43.63264369560637,4.219697696621643e-4,0.64636097625177,83.87661899482706
6677,4,0.706415862,33.94987782634094,3.2832807992063653e-4,0.5029233692221062,65.26308575814461
6678,7,0.708652858,0,0,0,0
6680,5,0.707814989,43.48141511089684,4.2050724331374044e-4,0.6441207210810784,83.58590678244545
6681,5,0.70769909,42.44291183238939,4.1046391446384733e-4,0.6287366431045168,81.5895541336368
6768,5,0.706962095,23.137933307499495,2.2376614299002992e-4,0.34275844630037106,44.478891306700206
6769,4,0.707726884,42.530304939736126,4.113090901454867e-4,0.6300312585437366,81.75755308457897
7046,3,0.705909214,0,0,0,0
7120,3,0.705576872,42.121336056384486,4.0735396639202364e-4,0.6239729154246747,80.97137731560811
6662,3,0.706902995,0,0,0,0
7341,3,0.706069792,44.32636847120147,4.28678757680607e-4,0.6566376082691153,85.21019137920497
7342,3,0.70746455,0,0,0,0
7343,7,0.708579918,0,0,0,0
7344,4,0.705848616,43.30439573266226,4.187952951040355e-4,0.6414984087836756,83.24561598900955
8526,3,0.708286589,44.34829605876627,4.288908186122919e-4,0.656962437014403,85.25234357883971
8527,5,0.707900445,42.76626648186754,4.135910659587549e-4,0.6335267224856864,82.21115054488554
8205,3,0.708262727,45.24545494547561,4.3756721079737563e-4,0.6702526813074572,86.97698475903755
5727,3,0.70551222,38.21815730253743,3.6960646130841706e-4,0.566152388953211,73.46815474011929
5735,7,0.708989634,0,0,0,0
5738,4,0.705816677,42.46708131158696,4.1069765665102724e-4,0.6290946825641155,81.63601600315128
5739,4,0.707815765,43.483362451816014,4.205260759795961e-4,0.6441495684089276,83.58965022676824
5740,3,0.705447029,35.19361180957709,3.4035618773112003e-4,0.5213476736765937,67.65396086006565
5752,3,0.705689862,41.77221545355481,4.0397763326428354e-4,0.6188011468917192,80.30025007447469
5764,4,0.706952986,0,0,0,0
5768,4,0.705916912,0,0,0,0
5772,3,0.707129475,25.584410842990195,2.474259415879916e-4,0.37899983518456154,49.18184411321145
5773,3,0.706751015,0,0,0,0
5785,3,0.706751863,0,0,0,0
5786,4,0.705923256,0,0,0,0
5806,7,0.708988379,0,0,0,0
5869,3,0.706751246,0,0,0,0
5989,4,0.70765573,41.41264955334091,4.00500284031216e-4,0.6134746448371919,79.60904345802093
6048,4,0.706040354,0,0,0,0
6275,4,0.707434835,33.31118028337204,3.2215125834249514e-4,0.49346189422455633,64.03529422577112
5814,4,0.707466566,0,0,0,0
5815,4,0.707442437,0,0,0,0
5829,3,0.706797992,0,0,0,0
5833,3,0.707729212,42.535279757371754,4.1135720143267945e-4,0.6301049540091335,81.76711635757943
5834,3,0.70549027,37.18925055972499,3.5965594021926904e-4,0.5509104711955839,71.49024986114499
5835,3,0.705838942,43.299667638088536,4.1874956986693706e-4,0.6414283682001666,83.23652700073055
5840,4,0.705950054,0,0,0,0
5843,3,0.70738889,31.399807387340264,3.03666437979473e-4,0.4651473859477022,60.36099254293177
5900,4,0.705963338,47.91452175074598,4.633796624308365e-4,0.7097914412774261,92.1078290200271
5901,3,0.70540343,31.665708595047178,3.062379592503759e-4,0.4690863671700862,60.87214411203422
5966,7,0.708939094,0,0,0,0
6088,3,0.706829572,0,0,0,0
6225,4,0.705366684,26.63933646934989,2.576280903890403e-4,0.39462718892649223,51.2097660389911
6226,7,0.708846786,0,0,0,0
6229,3,0.705623744,42.684723288639084,4.1280246459175605e-4,0.6323187659302798,82.05439709676172
5870,4,0.705258055,22.116925054787753,2.138920079221306e-4,0.32763353442045373,42.516169982713585
5871,4,0.705971623,47.89095083252798,4.6315170890593517e-4,0.7094422687217399,92.062517786068355
5887,3,0.707716698,42.504269557922385,4.1105730287942845e-4,0.6296455781590317,81.70750432255551
5889,3,0.707738376,43.35534420989362,4.1928801604370486e-4,0.6422531443369816,83.34355610107139
5890,4,0.705923154,47.19628943471141,4.564336628467785e-4,0.6991517618620249,90.72714489870555
5903,3,0.707944604,0,0,0,0
5908,4,0.707807355,43.46005634865519,4.2030068347184197e-4,0.6438043187445537,83.54484805643192
5912,3,0.708069411,0,0,0,0
5919,3,0.707402583,32.2954536271656,3.1232820140949727e-4,0.4784152223407564,62.08272590697141
5922,3,0.705471327,36.199261821786884,3.5008179379279557e-4,0.5362450731602051,69.58715847936915
5934,3,0.708105487,0,0,0,0
5935,4,0.70819466,0,0,0,0
5940,3,0.707727463,42.53157616672547,4.113213841371968e-4,0.6300500901213877,81.75999681048715
5941,4,0.70596251,47.916595870984445,4.633997211750506e-4,0.7098221666763166,92.1118161768495
5944,3,0.706811763,0,0,0,0
5945,3,0.70811667,41.9021547507554,4.052342716585168e-4,0.6207260289038651,80.55003711465001
5946,3,0.706064628,44.34899685341224,4.2889759597277923e-4,0.6569728183773725,85.25369074189322
5953,7,0.708967909,0,0,0,0
5961,3,0.70833374,41.1345722768531,3.978110084254003e-4,0.6093552909617311,79.07448538875052
5969,3,0.707536561,38.86726614415084,3.7588397019126444e-4,0.575768093825138,74.71596029079839
5970,3,0.707951361,0,0,0,0
5972,4,0.707369315,30.454681129283447,2.9452615502535863e-4,0.45114656731519975,58.544141939010636
5978,3,0.708365725,40.34890577890478,3.9021285522883114e-4,0.5977166616784607,77.56417008525568
5980,4,0.707168922,0,0,0,0
6172,3,0.70805917,0,0,0,0
6175,5,0.707342354,31.858796723790153,3.0810530778370296e-4,0.4719467171472183,61.243324449397775
6233,5,0.70696033,23.137701095583257,2.237638972767174e-4,0.3427550063822693,44.478444917282225
6234,3,0.70767493,0,0,0,0
6235,3,0.706145566,42.31340929063946,4.092114999162873e-4,0.6268182310574146,81.34060668436008
6284,3,0.706486911,28.841158561729944,2.7892183476172503e-4,0.42724432501139087,55.44240878292713
6575,3,0.707828461,42.71289719349288,4.130749334392679e-4,0.6327361257577787,82.10855681945704
6576,7,0.708784428,0,0,0,0
6578,4,0.706242686,0,0,0,0
6580,4,0.706250526,0,0,0,0
6299,4,0.705410725,32.522744454354644,3.145263230421074e-4,0.48178224089640204,62.51965533637186
6300,4,0.706109563,0,0,0,0
6195,5,0.706966327,23.938410977224223,2.3150753451033017e-4,0.3546164838669354,46.01767866475637
6197,3,0.705519464,38.29911448023529,3.703893953397351e-4,0.5673516644492462,73.62378166926051
6373,3,0.705655647,42.24389009776463,4.085391822357648e-4,0.6257883944587366,81.20696740973192
6375,3,0.707899014,0,0,0,0
6483,3,0.707690407,42.40505190529523,4.10097772434343e-4,0.6281757974310774,81.5167746178641
6650,3,0.706783864,0,0,0,0
6652,4,0.7063375,0,0,0,0
6874,5,0.707935652,41.88848420193765,4.051020642594872e-4,0.6205235174690461,80.5237577211153
6876,5,0.707728072,0,0,0,0
6985,3,0.707061208,0,0,0,0
6988,4,0.707863629,41.977109592842794,4.059591573122794e-4,0.6218363875895406,80.69412553559103
6989,3,0.705607611,41.691513207493124,4.0319716466789417e-4,0.6176056478769438,80.14511320969599
7214,5,0.707827454,0,0,0,0
7217,3,0.70701474,0,0,0,0
7219,4,0.707785913,45.037412284788644,4.3555523750915564e-4,0.6671707993522462,86.57705678064491
7996,3,0.708991609,63.7932532246107,6.169423186223235e-4,0.9450142356762076,122.63209244183373
7997,4,0.708116829,41.90129102436087,4.0522591859079316e-4,0.6207132339185445,80.54837674196632
7639,4,0.705899996,44.04283207902859,4.2593668715811705e-4,0.652437384681329,84.66513905316756
7640,3,0.708833233,55.19221665449751,5.337619950630618e-4,0.8176010440067019,106.09800680666504
7681,4,0.707164349,26.406725315013606,2.5537851605884643e-4,0.39118135663054565,50.76260915108114
6378,3,0.70685778,0,0,0,0
6379,3,0.706563267,27.860642646375542,2.6943929967082825e-4,0.4127192545457961,53.55752735276921
6513,3,0.708281263,0,0,0,0
5985,4,0.705269219,22.9792343005837,2.222313704499783e-4,0.34040752652214523,44.17381842982398
5992,4,0.707804381,42.65223659786382,4.1248828694258224e-4,0.6318375177778374,81.99194674872484
5993,3,0.707435493,33.315317851067356,3.2219127261482605e-4,0.4935231869189323,64.04324802273943
5998,4,0.705974372,0,0,0,0
5999,3,0.70545799,36.082953606092566,3.4895698111060436e-4,0.5345221179258915,69.36357496327928
6002,4,0.706971171,0,0,0,0
6003,3,0.706860561,0,0,0,0
6008,4,0.707030239,0,0,0,0
6011,3,0.706830134,0,0,0,0
6247,3,0.707472103,35.97242086904401,3.478880228802048e-4,0.5328847189104915,69.15109385998983
6516,3,0.70823101,42.98405603054458,4.1569730105950195e-4,0.6367529919339092,82.62981532080144
6017,4,0.70697227,0,0,0,0
6018,4,0.705999875,0,0,0,0
6019,4,0.707687288,42.39023018411914,4.099544320877368e-4,0.6279562328721214,81.48828228380779
6023,3,0.706821368,0,0,0,0
6032,3,0.707727486,42.5316262005994,4.113218680130399e-4,0.6300508313082802,81.76009299242399
6036,4,0.708096271,42.00257842355401,4.0620546548245936e-4,0.6222136752551091,80.74308519581038
6121,4,0.706050471,0,0,0,0
6140,3,0.707904788,0,0,0,0
6147,3,0.707768786,45.02258523919288,4.354118456702732e-4,0.6669511559189245,86.54855421126288
6150,3,0.706986319,0,0,0,0
6151,4,0.706439622,33.82432746305247,3.27113886752617e-4,0.5010635035685367,65.02173572536469
6155,4,0.70738046,31.338169151990876,3.030703367632778e-4,0.4642342955043909,60.242503119783784
6157,3,0.706827532,0,0,0,0
6158,3,0.708066327,42.95941054202632,4.154589554028461e-4,0.6363879010141383,82.58243840124533
6160,4,0.706372234,39.817410752908685,3.8507278543932304e-4,0.5898432528088903,76.542457852916
6161,7,0.708870756,0,0,0,0
6163,4,0.705357174,24.997040512285622,2.4174550368276436e-4,0.3702987062081901,48.0527207490378
6190,4,0.705331757,24.887926798212202,2.4069026877387937e-4,0.3686823281761147,47.8429674852591
6191,4,0.706381003,38.949776768239246,3.7668192754824147e-4,0.5769903816129004,74.87457346647415
6128,1,0.706875031,0,0,0,0
6029,1,0.708012347,0,0,0,0
6031,1,0.707273959,0,0,0,0
6218,1,0.706887573,0,0,0,0
6220,1,0.706905415,0,0,0,0
5898,1,0.706845792,0,0,0,0
5899,2,0.706985096,0,0,0,0
5955,1,0.704895149,0,0,0,0
5693,2,0.705363982,0,0,0,0
5694,2,0.707054457,0,0,0,0
5695,1,0.704913952,0,0,0,0
5696,1,0.706938434,0,0,0,0
5697,1,0.707958899,0,0,0,0
5698,2,0.706893019,0,0,0,0
5699,2,0.707712717,0,0,0,0
5700,1,0.706861954,0,0,0,0
5711,2,0.705702405,0,0,0,0
5714,1,0.706833218,0,0,0,0
5716,1,0.706865156,0,0,0,0
5877,1,0.707054722,0,0,0,0
5878,1,0.707729463,0,0,0,0
5879,1,0.704885863,0,0,0,0
5880,2,0.707314659,0,0,0,0
5881,2,0.705451177,0,0,0,0
5882,1,0.707710952,0,0,0,0
6448,1,0.708120339,0,0,0,0
6449,1,0.708414003,0,0,0,0
6451,2,0.707730227,0,0,0,0
6452,1,0.707705782,0,0,0,0
6453,1,0.707862565,0,0,0,0
6458,1,0.708318178,0,0,0,0
6591,2,0.705090452,0,0,0,0
6592,1,0.70489358,0,0,0,0
6679,2,0.707453539,0,0,0,0
6682,2,0.708373467,0,0,0,0
6767,2,0.707947678,0,0,0,0
6974,1,0.707253392,0,0,0,0
6975,2,0.70765836,0,0,0,0
6976,2,0.707671795,0,0,0,0
7047,2,0.707017113,0,0,0,0
6656,1,0.707047803,0,0,0,0
6657,1,0.705396909,0,0,0,0
6658,2,0.707922444,0,0,0,0
6659,1,0.706335975,0,0,0,0
6660,1,0.706987364,0,0,0,0
6661,2,0.703867835,0,0,0,0
7338,1,0.708405445,0,0,0,0
7339,1,0.70779479,0,0,0,0
7340,1,0.705386499,0,0,0,0
7345,1,0.705042807,0,0,0,0
8528,1,0.705797874,0,0,0,0
8628,2,0.70829472,0,0,0,0
8630,1,0.707282025,0,0,0,0
8206,1,0.707368172,0,0,0,0
5717,1,0.70484741,0,0,0,0
5718,1,0.707521571,0,0,0,0
5719,2,0.707886329,0,0,0,0
5726,1,0.706823481,0,0,0,0
5728,1,0.707884863,0,0,0,0
5732,2,0.707727372,0,0,0,0
5733,1,0.7048626,0,0,0,0
5734,2,0.705367775,0,0,0,0
5736,1,0.706925306,0,0,0,0
5737,1,0.707844265,0,0,0,0
5741,1,0.704895874,0,0,0,0
5750,1,0.706843097,0,0,0,0
5751,1,0.70686795,0,0,0,0
5753,1,0.706846801,0,0,0,0
5754,1,0.706864749,0,0,0,0
5755,1,0.706879898,0,0,0,0
5756,1,0.707400819,0,0,0,0
5757,1,0.706335027,0,0,0,0
5758,1,0.707500648,0,0,0,0
5759,1,0.707811287,0,0,0,0
5760,1,0.70689599,0,0,0,0
5761,1,0.707863442,0,0,0,0
5762,1,0.707711764,0,0,0,0
5763,1,0.706937477,0,0,0,0
5765,1,0.708151753,0,0,0,0
5766,1,0.707219661,0,0,0,0
5767,1,0.707163939,0,0,0,0
5769,2,0.706810331,0,0,0,0
5770,2,0.704513548,0,0,0,0
5771,1,0.707208779,0,0,0,0
5774,1,0.706845152,0,0,0,0
5775,1,0.704907095,0,0,0,0
5776,1,0.706822645,0,0,0,0
5777,2,0.70810144,0,0,0,0
5778,1,0.707176591,0,0,0,0
5779,1,0.70791004,0,0,0,0
5783,1,0.708340908,0,0,0,0
5784,1,0.704949838,0,0,0,0
5787,1,0.706836445,0,0,0,0
5788,1,0.707191971,0,0,0,0
5789,1,0.706843795,0,0,0,0
5790,2,0.705464886,0,0,0,0
5791,1,0.707301403,0,0,0,0
5795,2,0.707425335,0,0,0,0
5796,1,0.707870666,0,0,0,0
5797,2,0.706842189,0,0,0,0
5798,1,0.706871153,0,0,0,0
5799,1,0.706958627,0,0,0,0
5800,2,0.70504766,0,0,0,0
5801,2,0.70523056,0,0,0,0
5802,1,0.70762826,0,0,0,0
5803,2,0.70725417,0,0,0,0
5804,1,0.707938218,0,0,0,0
5805,1,0.707239153,0,0,0,0
5867,1,0.70773673,0,0,0,0
5868,2,0.706867516,0,0,0,0
5915,1,0.706960009,0,0,0,0
5916,1,0.706878678,0,0,0,0
5917,1,0.707684785,0,0,0,0
5987,2,0.70686588,0,0,0,0
5988,1,0.708366548,0,0,0,0
6047,1,0.706883704,0,0,0,0
6049,2,0.706794861,0,0,0,0
6276,1,0.707324733,0,0,0,0
6277,1,0.705159392,0,0,0,0
6554,1,0.70701304,0,0,0,0
6555,1,0.707797308,0,0,0,0
6556,1,0.705081336,0,0,0,0
5813,1,0.706831938,0,0,0,0
5827,1,0.70777774,0,0,0,0
5828,2,0.706862889,0,0,0,0
5830,2,0.706903141,0,0,0,0
5831,2,0.706829896,0,0,0,0
5832,1,0.706867369,0,0,0,0
5836,1,0.70788293,0,0,0,0
5841,1,0.707663461,0,0,0,0
5842,1,0.707858183,0,0,0,0
5844,1,0.706870601,0,0,0,0
5845,2,0.704916419,0,0,0,0
5858,2,0.707220438,0,0,0,0
5859,1,0.706876843,0,0,0,0
5860,1,0.706871113,0,0,0,0
5891,1,0.707841371,0,0,0,0
5892,2,0.707754926,0,0,0,0
5893,1,0.704917554,0,0,0,0
5894,1,0.705498175,0,0,0,0
5895,1,0.706880755,0,0,0,0
5896,1,0.707248056,0,0,0,0
5902,1,0.707642963,0,0,0,0
5967,2,0.707722447,0,0,0,0
5968,2,0.70684443,0,0,0,0
6086,2,0.708208754,0,0,0,0
6087,1,0.70772909,0,0,0,0
6224,2,0.706977406,0,0,0,0
6227,1,0.706996574,0,0,0,0
6228,1,0.70697965,0,0,0,0
5861,1,0.707962046,0,0,0,0
5862,2,0.706780245,0,0,0,0
5863,2,0.705686998,0,0,0,0
5872,1,0.706839384,0,0,0,0
5873,1,0.707446887,0,0,0,0
5874,1,0.70693094,0,0,0,0
5883,1,0.706917157,0,0,0,0
5884,1,0.707331256,0,0,0,0
5886,2,0.706855756,0,0,0,0
5888,1,0.708275329,0,0,0,0
5904,2,0.704536601,0,0,0,0
5905,1,0.707026472,0,0,0,0
5906,1,0.704961098,0,0,0,0
5907,1,0.707831522,0,0,0,0
5909,1,0.706868712,0,0,0,0
5910,2,0.704959451,0,0,0,0
5911,1,0.707716705,0,0,0,0
5913,1,0.70495187,0,0,0,0
5914,2,0.70493561,0,0,0,0
5918,1,0.705447877,0,0,0,0
5920,1,0.706985299,0,0,0,0
5921,1,0.705832933,0,0,0,0
5923,1,0.704923326,0,0,0,0
5924,2,0.706837031,0,0,0,0
5925,2,0.704956607,0,0,0,0
5926,1,0.707208592,0,0,0,0
5933,1,0.704909924,0,0,0,0
5939,1,0.70428354,0,0,0,0
5942,1,0.704965861,0,0,0,0
5943,1,0.707221466,0,0,0,0
5947,2,0.706497243,0,0,0,0
5948,1,0.70498723,0,0,0,0
5949,1,0.706215933,0,0,0,0
5950,1,0.708033929,0,0,0,0
5951,2,0.707749998,0,0,0,0
5952,1,0.707968456,0,0,0,0
5957,1,0.706854975,0,0,0,0
5958,1,0.704370895,0,0,0,0
5959,1,0.706862136,0,0,0,0
5960,2,0.706793771,0,0,0,0
5962,2,0.706840841,0,0,0,0
5963,1,0.705244193,0,0,0,0
5964,1,0.70685528500000006,0,0,0,0
5965,1,0.707771564,0,0,0,0
5971,1,0.707218979,0,0,0,0
5973,2,0.706954082,0,0,0,0
5974,2,0.704968674,0,0,0,0
5979,1,0.706869332,0,0,0,0
5981,1,0.707608432,0,0,0,0
5982,1,0.707550072,0,0,0,0
5983,1,0.706872738,0,0,0,0
6170,1,0.708208067,0,0,0,0
6171,2,0.707988571,0,0,0,0
6173,1,0.707258188,0,0,0,0
6174,1,0.706635729,0,0,0,0
6734,2,0.706922552,0,0,0,0
6735,1,0.707041593,0,0,0,0
6736,1,0.706975795,0,0,0,0
6285,2,0.708424969,0,0,0,0
6286,1,0.70692266,0,0,0,0
6577,1,0.708401868,0,0,0,0
6579,1,0.705086992,0,0,0,0
6179,1,0.707018627,0,0,0,0
6180,2,0.707586287,0,0,0,0
6181,2,0.704978357,0,0,0,0
6301,1,0.706973241,0,0,0,0
6350,1,0.707261588,0,0,0,0
6351,1,0.707005496,0,0,0,0
6352,1,0.706916273,0,0,0,0
6353,1,0.70691195,0,0,0,0
6354,1,0.705491569,0,0,0,0
6355,1,0.708223433,0,0,0,0
6194,1,0.706910249,0,0,0,0
6196,1,0.707294836,0,0,0,0
6198,2,0.707614042,0,0,0,0
6199,1,0.70776701,0,0,0,0
6371,1,0.705010833,0,0,0,0
6372,1,0.708087627,0,0,0,0
6374,1,0.707821082,0,0,0,0
6474,2,0.706904633,0,0,0,0
6475,1,0.707812328,0,0,0,0
6479,1,0.707835248,0,0,0,0
6480,1,0.70695139,0,0,0,0
6481,1,0.706969167,0,0,0,0
6482,2,0.706510532,0,0,0,0
6484,2,0.706038952,0,0,0,0
6642,2,0.706913046,0,0,0,0
6643,2,0.707890447,0,0,0,0
6647,1,0.706985342,0,0,0,0
6648,1,0.708425116,0,0,0,0
6649,2,0.706911241,0,0,0,0
6651,1,0.705030583,0,0,0,0
6873,1,0.707134811,0,0,0,0
6875,2,0.70697225,0,0,0,0
6877,1,0.70698604,0,0,0,0
6878,1,0.703987981,0,0,0,0
6879,2,0.708403808,0,0,0,0
6880,1,0.707830876,0,0,0,0
6986,2,0.707057146,0,0,0,0
6987,1,0.70794438,0,0,0,0
6990,1,0.706941276,0,0,0,0
6991,2,0.706990934,0,0,0,0
7139,2,0.707730126,0,0,0,0
7213,1,0.707085289,0,0,0,0
7215,1,0.707143793,0,0,0,0
7216,1,0.707002884,0,0,0,0
7218,1,0.707338395,0,0,0,0
7220,1,0.707164809,0,0,0,0
7320,2,0.707447602,0,0,0,0
7321,1,0.707580075,0,0,0,0
7539,1,0.70505122,0,0,0,0
7540,2,0.707182496,0,0,0,0
7541,1,0.707961385,0,0,0,0
7995,2,0.707153636,0,0,0,0
7638,1,0.707076605,0,0,0,0
7677,1,0.708135613,0,0,0,0
7678,1,0.70530259,0,0,0,0
7679,1,0.705703888,0,0,0,0
7680,1,0.707190092,0,0,0,0
6376,1,0.707294987,0,0,0,0
6377,1,0.706975543,0,0,0,0
6512,1,0.707153859,0,0,0,0
6514,2,0.706968207,0,0,0,0
5984,1,0.707740584,0,0,0,0
5986,2,0.706264525,0,0,0,0
5990,1,0.704937343,0,0,0,0
5991,1,0.706939953,0,0,0,0
5994,1,0.708003,0,0,0,0
5995,1,0.706865719,0,0,0,0
5996,1,0.706969245,0,0,0,0
5997,1,0.704890605,0,0,0,0
6000,1,0.707939844,0,0,0,0
6001,1,0.706872847,0,0,0,0
6004,2,0.706840824,0,0,0,0
6009,1,0.705687419,0,0,0,0
6010,2,0.706878022,0,0,0,0
6012,1,0.707788113,0,0,0,0
6013,1,0.708049604,0,0,0,0
6245,2,0.706172371,0,0,0,0
6246,1,0.707750728,0,0,0,0
6293,1,0.707808153,0,0,0,0
6294,1,0.707733189,0,0,0,0
6295,1,0.70701025,0,0,0,0
6608,2,0.708393714,0,0,0,0
6609,2,0.706054714,0,0,0,0
6610,1,0.707657951,0,0,0,0
6509,2,0.707842321,0,0,0,0
6510,1,0.706915368,0,0,0,0
6511,1,0.706058858,0,0,0,0
6515,2,0.705862973,0,0,0,0
6517,2,0.703874187,0,0,0,0
6572,1,0.70783907,0,0,0,0
6573,2,0.707153508,0,0,0,0
6574,1,0.708343552,0,0,0,0
6014,1,0.705551604,0,0,0,0
6015,2,0.705203958,0,0,0,0
6016,1,0.707956601,0,0,0,0
6020,1,0.70689705,0,0,0,0
6021,1,0.707288982,0,0,0,0
6022,1,0.70793256,0,0,0,0
6024,2,0.705621113,0,0,0,0
6025,1,0.707001701,0,0,0,0
6033,1,0.704973921,0,0,0,0
6034,2,0.706874511,0,0,0,0
6035,1,0.704325948,0,0,0,0
6037,1,0.706935424,0,0,0,0
6119,1,0.705014992,0,0,0,0
6120,1,0.706878275,0,0,0,0
6122,1,0.706886084,0,0,0,0
6123,2,0.706944207,0,0,0,0
6138,2,0.706206862,0,0,0,0
6139,2,0.708056718,0,0,0,0
6141,1,0.707516841,0,0,0,0
6142,1,0.708045442,0,0,0,0
6143,1,0.706896595,0,0,0,0
6144,2,0.707002377,0,0,0,0
6145,1,0.707869264,0,0,0,0
6146,2,0.705804771,0,0,0,0
6148,1,0.706984423,0,0,0,0
6149,1,0.707232015,0,0,0,0
6152,2,0.707359258,0,0,0,0
6153,2,0.705620176,0,0,0,0
6154,2,0.706026661,0,0,0,0
6156,1,0.704086251,0,0,0,0
6159,1,0.704929858,0,0,0,0
6162,1,0.707824653,0,0,0,0
6164,2,0.704586427,0,0,0,0
6165,1,0.704915493,0,0,0,0
6166,1,0.707535038,0,0,0,0
6176,1,0.70701921,0,0,0,0
6177,2,0.707565217,0,0,0,0
6178,1,0.707272831,0,0,0,0
6188,2,0.707589114,0,0,0,0
6189,1,0.706971435,0,0,0,0
6192,2,0.708320784,0,0,0,0
6193,1,0.704942992,0,0,0,0
6200,1,0.707772768,0,0,0,0
6201,1,0.70837308,0,0,0,0
6204,3,0.706857837,0,0,0,0
6214,4,0.706072815,0,0,0,0
6216,3,0.706832545,0,0,0,0
6222,3,0.708312228,0,0,0,0
6230,3,0.707460305,34.28532869226077,3.3157221350127994e-4,0.5078926383476046,65.90793516650342
6232,5,0.707323361,30.92334782894191,2.9905861427038764e-4,0.45808925608834056,59.44507699298203
6398,3,0.706998699,0,0,0,0
6400,3,0.708199174,43.91568795600854,4.2470708079552866e-4,0.6505539095462161,84.42072527805041
6401,3,0.706889383,0,0,0,0
6457,5,0.70712386,24.78310466507918,2.396765375940267e-4,0.3671295243447146,47.641464083715064
6548,4,0.707936602,41.88579235562617,4.0507603150804664e-4,0.620483641260262,80.51858308698046
6731,5,0.705616215,42.59387207288686,4.119238456647907e-4,0.6309729231040477,81.87975049817311
6733,3,0.707821171,43.49578162087956,4.206461813288319e-4,0.6443335422771203,83.61352404745723
6288,4,0.706381996,38.94248322767662,3.76611391972797e-4,0.5768823372773043,74.86055282800075
6416,5,0.707923931,42.72115470794998,4.1315479157249846e-4,0.6328584501152744,82.12443054003181
6418,5,0.707162698,26.404446497788435,2.5535647769724e-4,0.3911475989115168,50.75822849779118
6248,4,0.706077676,0,0,0,0
6259,3,0.705602687,42.43112996717997,4.103499724578737e-4,0.6285621100656307,81.56690542534139
6260,3,0.705585833,41.431171930125124,4.0067941328865355e-4,0.6137490298051134,79.64464969703882
6264,3,0.707679404,0,0,0,0
6266,4,0.706096603,0,0,0,0
6268,4,0.708066686,42.95786691595049,4.1544402704910693e-4,0.6363650341976258,82.57947103265919
6646,3,0.708225221,43.007174638738825,4.1592088030999825e-4,0.6370954641037428,82.6742570627396
6328,5,0.70686901,27.306468186840075,2.640798978735362e-4,0.4045098793088056,52.49221761991429
6329,3,0.70843403,39.5279256769176,3.822731854038823e-4,0.5855549071924004,75.98597015547129
6330,3,0.707786964,45.03765422202184,4.35557577275668e-4,0.6671743833382943,86.57752186539363
6333,3,0.706998096,0,0,0,0
6334,3,0.707005628,0,0,0,0
6335,4,0.706123287,0,0,0,0
6338,3,0.706842588,0,0,0,0
6339,5,0.707369715,30.457602404480795,2.945544065755224e-4,0.45118984221510344,58.54975761264289
6340,3,0.708062171,0,0,0,0
6342,4,0.706384949,38.9204695821876,3.7639849877793975e-4,0.5765562336955822,74.81823519608619
6349,3,0.707833375,41.92609809567708,4.054658269090312e-4,0.6210807184777142,80.59606427801576
6359,5,0.707831535,41.92100662805601,4.0541658750391305e-4,0.6210052949942081,80.58627676450281
6362,3,0.707008996,0,0,0,0
6366,4,0.706127934,0,0,0,0
6386,3,0.708351408,40.34831612359248,3.9020715269294894e-4,0.5977079267004483,77.56303656938823
6390,3,0.706998807,0,0,0,0
6391,3,0.705674745,42.431697552573375,4.1035546155634295e-4,0.628570518106444,81.56799651540051
6396,5,0.707257087,25.002686347955397,2.418001043618739e-4,0.37038234193470554,48.06357394442712
6405,3,0.70680065,0,0,0,0
6407,5,0.706972638,23.941895343790982,2.3154123169741447e-4,0.35466810023452067,46.024376789421865
6408,3,0.70556007,39.53397518348174,3.8233168997007936e-4,0.5856445227792056,75.99759934211255
6415,3,0.706626758,24.664913252967075,2.3853351258520714e-4,0.3653786720000731,47.41426043061196
6424,5,0.706967109,23.938919607572316,2.3151245345662014e-4,0.3546240185652828,46.01865642338621
6427,3,0.707427841,33.265863983704534,3.217130059948712e-4,0.49279059207065645,63.94818105362453
6429,4,0.70786682,41.9788902567012,4.0597637805011547e-4,0.6218627658131001,80.69754857053366
6430,3,0.707497819,36.972084059584816,3.575557305991099e-4,0.5476934314026475,71.07278279410748
6462,4,0.707355329,31.14923019410579,3.0124311471606074e-4,0.46143541010742617,59.879298884570254
6464,3,0.706669552,24.665167048783818,2.3853596703566582e-4,0.36538243165564255,47.41474831154744
6468,4,0.706310135,0,0,0,0
6469,5,0.707928482,42.708069041028985,4.130282405458165e-4,0.6326646029465133,82.09927548625413
6670,3,0.706789756,0,0,0,0
6470,4,0.706398888,35.63606925275797,3.4463517817430385e-4,0.5279021063375936,68.50451290641908
6472,4,0.706287513,0,0,0,0
6473,5,0.706957989,23.13722598591083,2.2375930250770828e-4,0.34274796824921827,44.477531596667205
6488,3,0.708231558,42.98175844825662,4.156750812216303e-4,0.6367189562348343,82.62539859474833
6489,3,0.705575715,42.1075052814733,4.072202094520537e-4,0.6237680304482731,80.94478991362253
6498,3,0.706790883,24.288721267291294,2.3489537306169378e-4,0.3598058760719645,46.69109288496512
6508,4,0.70622755,0,0,0,0
6520,3,0.705728055,41.27894895969277,3.9920727027071624e-4,0.611494044100763,79.35202594079135
6523,4,0.706229926,0,0,0,0
6534,3,0.706707568,0,0,0,0
6727,4,0.706422939,33.91410741814458,3.2798214555524173e-4,0.5023934770587064,65.19432300059762
6869,5,0.705648001,42.161977259690666,4.077470060464058e-4,0.6245749620947845,81.04950337986827
6870,5,0.707798483,44.23958645791343,4.278394918682157e-4,0.6553520453951059,85.0433671566127
6936,3,0.704278064,4.624255753396435,4.472101550234783e-5,0.06850234618041624,8.889375135463688
6937,3,0.706950626,0,0,0,0
6571,4,0.706252522,0,0,0,0
6581,4,0.70629209,0,0,0,0
6583,4,0.706795307,0,0,0,0
6593,4,0.706282074,0,0,0,0
6594,4,0.706291805,0,0,0,0
6597,4,0.706266877,0,0,0,0
6598,3,0.70655412,27.06910846570088,2.617844003200321e-4,0.40099370315984983,52.03593238921406
6601,4,0.70625055,0,0,0,0
6604,4,0.706277517,0,0,0,0
6611,4,0.706289595,0,0,0,0
6865,3,0.70787794,41.97972281758343,4.059844297172607e-4,0.6218750991218123,80.69914903261878
6720,3,0.707796237,44.23917976060368,4.2783555871277103e-4,0.6553460207024011,85.04258534757236
6721,3,0.707472431,35.97502666315169,3.4791322342379497e-4,0.5329233203675818,69.15610307284142
6790,4,0.706438996,33.82722109500269,3.2714187096590555e-4,0.5011063689696181,65.0272982593769
6771,3,0.707830022,41.91664944350076,4.0537444932461816e-4,0.6209407489611396,80.57790079005164
6818,3,0.707792032,45.03773627470856,4.3555837080432865e-4,0.6671755988423342,86.57767959825962
6633,5,0.707699678,42.44529441004018,4.1048695628889735e-4,0.6287719378995583,81.59413424936928
6634,5,0.707712173,42.490477184277104,4.1092391731675673e-4,0.6294412620475354,81.680990740721
6641,3,0.706357831,41.53094185222001,4.0164428471242724e-4,0.615226991688324,79.83644104942802
6836,3,0.707871796,41.98029502612117,4.05989963525997e-4,0.6218835756485076,80.70024900991653
6837,3,0.704223218,4.488741534673452,4.3410462237241796e-5,0.06649487894279381,8.6288712207455
6968,3,0.70432857,4.73069393259447,4.575037540711972e-5,0.07007908963645923,9.093985121174814
6969,3,0.707882118,41.97787771693133,4.059665858134487e-4,0.6218477663508005,80.69560212848245
6663,5,0.707694516,0,0,0,0
6666,7,0.70857163,0,0,0,0
6671,7,0.708587238,0,0,0,0
6675,4,0.707327548,30.953406808375494,2.9934931360816686e-4,0.45853454084869943,59.50286046314976
6684,3,0.706803876,0,0,0,0
6687,7,0.708738127,0,0,0,0
6695,4,0.707709725,42.482445392657766,4.1084624214118794e-4,0.6293222814808673,81.6655509353725
6696,5,0.706958164,23.137268092481467,2.237597097188788e-4,0.3427485920034032,44.47761253966041
6699,3,0.706852047,0,0,0,0
6702,3,0.708309113,0,0,0,0
6703,5,0.707715367,42.500354688823,4.110194423174224e-4,0.6295875844552665,81.69997862720332
6712,3,0.705911401,46.41770993439496,4.4890404775620136e-4,0.6876181172489475,89.23045318869117
6714,3,0.706859239,0,0,0,0
6813,3,0.706875446,0,0,0,0
6857,4,0.706533645,27.90510914318248,2.698693336047381e-4,0.4133779679734568,53.643006917948206
6971,3,0.704135204,3.459348138170146,3.3455234737286464e-5,0.05124575204246799,6.6500308296693795
6724,3,0.708178097,0,0,0,0
6728,3,0.707796373,44.23921431345663,4.278358928722022e-4,0.655346532558064,85.04265176977913
6753,3,0.706133696,42.39034093008613,4.0995550310810654e-4,0.6279578734298616,81.48849517481077
6755,3,0.705087692,17.430320770824647,1.6856802196340764e-4,0.25820757569512554,33.506939997754394
6756,4,0.707692333,42.41388204710409,4.101831684266455e-4,0.6283066045194545,81.53374912083804
6881,3,0.705379155,27.499384928269098,2.6594558892615005e-4,0.4073676904053615,52.86306849320655
6943,3,0.704829312,13.14919046512294,1.2716536065337182e-4,0.19478818760672886,25.27716739851333
7250,5,0.706954523,23.136172641858607,2.2374911565425533e-4,0.3427323643244441,44.47550671505895
7252,4,0.707583792,40.0400503279758,3.872259249754959e-4,0.5931413691022001,76.97044601107922
7020,3,0.708357001,0,0,0,0
6738,3,0.708113769,0,0,0,0
6786,3,0.707222221,0,0,0,0
7040,4,0.70779237800000006,45.03767635827506,4.355577913545979e-4,0.6671747112581502,86.57756441871884
7558,3,0.705847826,43.304258472941996,4.1879396767008614e-4,0.6414963754590985,83.2453521296537
7559,3,0.708813097,52.57264035044919,5.084281643343261e-4,0.7787954215680788,101.06229993739133
7607,5,0.706957946,23.137215476753735,2.237592008740179e-4,0.342747812569698,44.47751139453204
7362,3,0.707072126,23.96933498280707,2.3180659948571553e-4,0.355074582866794,46.07712500617362
6846,5,0.707721168,42.51655000778649,4.111760666801428e-4,0.6298274970823577,81.7311114782787
6848,4,0.707745931,44.17246211814883,4.271903347282818e-4,0.6543576854364662,84.91433159527949
6852,7,0.708559864,0,0,0,0
6853,3,0.707857384,41.971635711431,4.059062195967789e-4,0.6217552991421411,80.68360289413013
6872,4,0.707854392,41.96808055845917,4.058718378368493e-4,0.6217026341658535,80.67676869418189
6885,4,0.706361404,41.50154944964821,4.013600318161424e-4,0.6147915813988803,79.77993896422188
6888,4,0.706357404,41.5344042263735,4.016777692116528e-4,0.6152782822668553,79.84309689727706
6891,4,0.706442073,33.81281148177531,3.270025161008441e-4,0.5008929092549597,64.99959813542918
6894,3,0.707883678,41.97688660361924,4.05957000791305e-4,0.6218330842936589,80.69369687529085
6899,3,0.704176593,4.358675686807272,4.215259997595203e-5,0.06456812224681428,8.378840907619889
6202,1,0.706929655,0,0,0,0
6203,1,0.707768094,0,0,0,0
6205,1,0.707412653,0,0,0,0
6206,2,0.706869295,0,0,0,0
6207,1,0.707353339,0,0,0,0
6208,1,0.7054438,0,0,0,0
6209,1,0.707688666,0,0,0,0
6210,2,0.708356064,0,0,0,0
6211,2,0.707383609,0,0,0,0
6212,2,0.70769273,0,0,0,0
6213,1,0.706885809,0,0,0,0
6215,2,0.707829189,0,0,0,0
6217,1,0.707778517,0,0,0,0
6221,2,0.707359495,0,0,0,0
6223,1,0.708843379,0,0,0,0
6231,1,0.706896338,0,0,0,0
6399,1,0.708555533,0,0,0,0
6402,2,0.706991701,0,0,0,0
6403,1,0.705928156,0,0,0,0
6455,1,0.705047244,0,0,0,0
6456,1,0.70752537,0,0,0,0
6549,2,0.705398209,0,0,0,0
6550,1,0.707073609,0,0,0,0
6551,1,0.706945248,0,0,0,0
6552,2,0.705065221,0,0,0,0
6553,1,0.706906006,0,0,0,0
6732,1,0.707761287,0,0,0,0
6236,2,0.706015149,0,0,0,0
6237,2,0.706882483,0,0,0,0
6238,1,0.706994897,0,0,0,0
6242,2,0.708336771,0,0,0,0
6243,2,0.70762406,0,0,0,0
6244,1,0.707278559,0,0,0,0
6287,2,0.706891189,0,0,0,0
6289,1,0.70689743,0,0,0,0
6344,1,0.708310422,0,0,0,0
6345,1,0.706916151,0,0,0,0
6346,1,0.707030977,0,0,0,0
6417,1,0.707803637,0,0,0,0
6557,2,0.708419806,0,0,0,0
6558,2,0.706911052,0,0,0,0
6559,1,0.707298336,0,0,0,0
6560,1,0.706914195,0,0,0,0
6561,2,0.708308054,0,0,0,0
6562,1,0.706907973,0,0,0,0
6617,1,0.707240842,0,0,0,0
6618,1,0.707924244,0,0,0,0
6619,1,0.707051235,0,0,0,0
6249,1,0.707636155,0,0,0,0
6250,2,0.707862441,0,0,0,0
6251,1,0.707321322,0,0,0,0
6252,2,0.705565392,0,0,0,0
6253,1,0.706968757,0,0,0,0
6254,1,0.706889148,0,0,0,0
6255,1,0.706974484,0,0,0,0
6256,1,0.706991771,0,0,0,0
6257,1,0.706952988,0,0,0,0
6258,2,0.705545275,0,0,0,0
6261,2,0.706612696,0,0,0,0
6262,2,0.705874477,0,0,0,0
6263,1,0.706904663,0,0,0,0
6265,2,0.705438598,0,0,0,0
6267,1,0.706917738,0,0,0,0
6644,1,0.706948022,0,0,0,0
6645,2,0.707083826,0,0,0,0
6326,1,0.70512063,0,0,0,0
6327,2,0.706905031,0,0,0,0
6331,2,0.707741416,0,0,0,0
6332,1,0.708352709,0,0,0,0
6336,1,0.707699481,0,0,0,0
6337,1,0.707084203,0,0,0,0
6341,2,0.707325769,0,0,0,0
6343,1,0.706905988,0,0,0,0
6347,1,0.706248345,0,0,0,0
6348,1,0.706975158,0,0,0,0
6356,1,0.706994451,0,0,0,0
6357,2,0.707704413,0,0,0,0
6358,1,0.707760282,0,0,0,0
6360,2,0.706894506,0,0,0,0
6361,1,0.707047785,0,0,0,0
6363,1,0.707565441,0,0,0,0
6364,1,0.705078146,0,0,0,0
6365,2,0.706967125,0,0,0,0
6367,1,0.707492739,0,0,0,0
6368,1,0.707882849,0,0,0,0
6369,2,0.708328866,0,0,0,0
6370,2,0.708693875,0,0,0,0
6387,2,0.707692495,0,0,0,0
6388,1,0.70884559,0,0,0,0
6389,1,0.70724215,0,0,0,0
6392,1,0.705405527,0,0,0,0
6393,2,0.706963023,0,0,0,0
6394,1,0.70884604,0,0,0,0
6395,2,0.707901668,0,0,0,0
6397,1,0.707778453,0,0,0,0
6404,1,0.707574198,0,0,0,0
6406,1,0.706999699,0,0,0,0
6409,1,0.706905173,0,0,0,0
6410,1,0.707110737,0,0,0,0
6411,1,0.704996834,0,0,0,0
6412,1,0.707015946,0,0,0,0
6413,1,0.706916754,0,0,0,0
6414,2,0.70763267,0,0,0,0
6419,1,0.706906812,0,0,0,0
6420,1,0.707742516,0,0,0,0
6421,2,0.707799233,0,0,0,0
6422,1,0.70766158,0,0,0,0
6423,1,0.706958027,0,0,0,0
6425,1,0.706909412,0,0,0,0
6426,1,0.706959462,0,0,0,0
6428,1,0.706197928,0,0,0,0
6440,1,0.708297543,0,0,0,0
6441,1,0.707117137,0,0,0,0
6442,2,0.707801929,0,0,0,0
6443,2,0.706987677,0,0,0,0
6444,2,0.707672237,0,0,0,0
6445,1,0.704250337,0,0,0,0
6446,1,0.706913928,0,0,0,0
6447,1,0.708662506,0,0,0,0
6459,1,0.707509162,0,0,0,0
6460,1,0.706179195,0,0,0,0
6461,1,0.706978605,0,0,0,0
6463,1,0.706921262,0,0,0,0
6465,1,0.706914046,0,0,0,0
6466,1,0.708361084,0,0,0,0
6467,1,0.707834786,0,0,0,0
6605,2,0.705156753,0,0,0,0
6606,1,0.70692919,0,0,0,0
6607,1,0.708650626,0,0,0,0
6668,1,0.707184877,0,0,0,0
6669,2,0.705288257,0,0,0,0
6716,2,0.705394336,0,0,0,0
6717,1,0.704829805,0,0,0,0
6718,1,0.707713094,0,0,0,0
6471,1,0.707900736,0,0,0,0
6485,1,0.707750223,0,0,0,0
6486,2,0.707816278,0,0,0,0
6487,1,0.705377621,0,0,0,0
6490,2,0.706894503,0,0,0,0
6491,2,0.707837669,0,0,0,0
6492,2,0.707987153,0,0,0,0
6493,2,0.706967696,0,0,0,0
6494,2,0.707300965,0,0,0,0
6495,1,0.707683922,0,0,0,0
6496,1,0.707618322,0,0,0,0
6497,1,0.704995861,0,0,0,0
6499,1,0.70365619,0,0,0,0
6500,1,0.707275389,0,0,0,0
6501,1,0.707887553,0,0,0,0
6502,1,0.707747861,0,0,0,0
6503,2,0.706153566,0,0,0,0
6504,1,0.706936347,0,0,0,0
6505,1,0.705564736,0,0,0,0
6506,1,0.706919135,0,0,0,0
6507,1,0.70831927,0,0,0,0
6518,2,0.703758871,0,0,0,0
6519,1,0.70825523,0,0,0,0
6521,2,0.706967319,0,0,0,0
6522,2,0.707299869,0,0,0,0
6524,2,0.703698219,0,0,0,0
6525,1,0.708434305,0,0,0,0
6526,2,0.706895441,0,0,0,0
6527,2,0.705422367,0,0,0,0
6528,1,0.70710499,0,0,0,0
6529,2,0.70597353,0,0,0,0
6533,2,0.708425876,0,0,0,0
6535,1,0.707637731,0,0,0,0
6590,2,0.708189461,0,0,0,0
6725,1,0.706989278,0,0,0,0
6726,1,0.707679929,0,0,0,0
6740,1,0.707833811,0,0,0,0
6741,1,0.708427267,0,0,0,0
6742,1,0.708215401,0,0,0,0
6871,1,0.707860241,0,0,0,0
6935,1,0.707949574,0,0,0,0
6542,1,0.707890114,0,0,0,0
6543,1,0.704955975,0,0,0,0
6544,1,0.707663968,0,0,0,0
6545,2,0.708408376,0,0,0,0
6546,2,0.706132262,0,0,0,0
6547,1,0.707318035,0,0,0,0
6563,2,0.707808991,0,0,0,0
6564,2,0.708204507,0,0,0,0
6565,2,0.706916608,0,0,0,0
6566,1,0.707086961,0,0,0,0
6567,1,0.708351066,0,0,0,0
6568,1,0.706915601,0,0,0,0
6569,1,0.707346797,0,0,0,0
6570,1,0.707779577,0,0,0,0
6582,1,0.707336122,0,0,0,0
6584,1,0.707878871,0,0,0,0
6585,1,0.708834582,0,0,0,0
6586,2,0.706951099,0,0,0,0
6587,1,0.706934821,0,0,0,0
6588,1,0.707015457,0,0,0,0
6589,1,0.707733251,0,0,0,0
6595,1,0.708329479,0,0,0,0
6596,1,0.707755886,0,0,0,0
6599,1,0.704979539,0,0,0,0
6600,2,0.707441878,0,0,0,0
6602,1,0.708377626,0,0,0,0
6603,1,0.707527017,0,0,0,0
6612,1,0.706927011,0,0,0,0
6613,2,0.707002158,0,0,0,0
6614,1,0.708207347,0,0,0,0
6615,1,0.707868263,0,0,0,0
6616,1,0.707742089,0,0,0,0
6620,1,0.706923551,0,0,0,0
6621,2,0.707822684,0,0,0,0
6622,1,0.708391448,0,0,0,0
6623,1,0.708866531,0,0,0,0
6624,1,0.706936763,0,0,0,0
6625,1,0.707036957,0,0,0,0
6626,1,0.70699149,0,0,0,0
6627,1,0.707013792,0,0,0,0
6628,2,0.706930631,0,0,0,0
6629,1,0.705240454,0,0,0,0
6630,1,0.703453015,0,0,0,0
6631,2,0.706897867,0,0,0,0
6863,2,0.70842901,0,0,0,0
6864,1,0.707927297,0,0,0,0
6764,1,0.708377492,0,0,0,0
6765,2,0.707056705,0,0,0,0
6766,1,0.707774718,0,0,0,0
7048,1,0.707062964,0,0,0,0
7103,1,0.708356274,0,0,0,0
7104,1,0.708365016,0,0,0,0
7105,2,0.707070642,0,0,0,0
6719,1,0.707192524,0,0,0,0
6788,1,0.708286019,0,0,0,0
6789,1,0.707637684,0,0,0,0
6842,1,0.704244461,0,0,0,0
6843,2,0.707902286,0,0,0,0
6844,1,0.708447362,0,0,0,0
6770,1,0.707885094,0,0,0,0
6772,1,0.707002952,0,0,0,0
6819,2,0.70389269,0,0,0,0
6820,1,0.707023227,0,0,0,0
6821,2,0.707062921,0,0,0,0
6822,1,0.706997708,0,0,0,0
6823,1,0.707528804,0,0,0,0
6632,1,0.704924229,0,0,0,0
6635,1,0.706968608,0,0,0,0
6636,1,0.708435595,0,0,0,0
6637,2,0.705191733,0,0,0,0
6638,2,0.706930636,0,0,0,0
6639,1,0.705765984,0,0,0,0
6640,1,0.708373636,0,0,0,0
6653,1,0.70696090599999994,0,0,0,0
6654,1,0.707062232,0,0,0,0
6655,2,0.706622736,0,0,0,0
6704,2,0.705875458,0,0,0,0
6705,2,0.705020837,0,0,0,0
6706,1,0.705422232,0,0,0,0
6866,2,0.708400562,0,0,0,0
6867,2,0.707876045,0,0,0,0
6868,1,0.707014457,0,0,0,0
7166,1,0.708917393,0,0,0,0
7167,2,0.707563412,0,0,0,0
7168,1,0.707826635,0,0,0,0
7169,2,0.707003962,0,0,0,0
7170,2,0.707184488,0,0,0,0
7171,1,0.707916251,0,0,0,0
6833,1,0.705531561,0,0,0,0
6835,1,0.707072237,0,0,0,0
6838,1,0.706989553,0,0,0,0
6970,1,0.706998474,0,0,0,0
6896,1,0.705528665,0,0,0,0
6897,1,0.707435722,0,0,0,0
6898,2,0.708442256,0,0,0,0
7325,2,0.707453855,0,0,0,0
7326,1,0.707081114,0,0,0,0
7327,2,0.707995698,0,0,0,0
7118,1,0.708949107,0,0,0,0
7119,1,0.707070111,0,0,0,0
6664,2,0.708378707,0,0,0,0
6665,1,0.706935103,0,0,0,0
6667,1,0.706910045,0,0,0,0
6672,2,0.707800984,0,0,0,0
6673,1,0.707729385,0,0,0,0
6674,1,0.7070147,0,0,0,0
6676,1,0.706917141,0,0,0,0
6683,1,0.707048877,0,0,0,0
6685,2,0.706125703,0,0,0,0
6686,1,0.707287108,0,0,0,0
6688,1,0.706904511,0,0,0,0
6689,1,0.706932249,0,0,0,0
6690,1,0.707426101,0,0,0,0
6691,1,0.707495714,0,0,0,0
6697,2,0.708355258,0,0,0,0
6698,1,0.705147257,0,0,0,0
6700,2,0.707810334,0,0,0,0
6701,2,0.707243096,0,0,0,0
6707,2,0.707920053,0,0,0,0
6708,2,0.708334039,0,0,0,0
6709,1,0.708450661,0,0,0,0
6710,2,0.706046502,0,0,0,0
6711,2,0.707695591,0,0,0,0
6713,2,0.70796795,0,0,0,0
6715,1,0.704680514,0,0,0,0
6812,1,0.707013273,0,0,0,0
6814,2,0.707629183,0,0,0,0
6858,1,0.708437789,0,0,0,0
6859,2,0.707847268,0,0,0,0
6860,1,0.707704857,0,0,0,0
6861,1,0.708348866,0,0,0,0
6862,1,0.707665549,0,0,0,0
6972,1,0.708449116,0,0,0,0
6973,1,0.707165568,0,0,0,0
7022,1,0.707064417,0,0,0,0
7023,1,0.706990086,0,0,0,0
7024,1,0.708409027,0,0,0,0
7026,1,0.707471753,0,0,0,0
7027,1,0.705109054,0,0,0,0
6722,1,0.707068891,0,0,0,0
6723,1,0.707659862,0,0,0,0
6729,1,0.707776129,0,0,0,0
6730,1,0.707082284,0,0,0,0
6752,1,0.707752947,0,0,0,0
6754,1,0.707054431,0,0,0,0
6757,1,0.707008569,0,0,0,0
6882,2,0.707948993,0,0,0,0
6883,1,0.708396769,0,0,0,0
6941,1,0.707931517,0,0,0,0
6942,1,0.707007364,0,0,0,0
7251,2,0.708402099,0,0,0,0
7016,2,0.705102653,0,0,0,0
7017,2,0.707446119,0,0,0,0
7018,1,0.707854018,0,0,0,0
7019,1,0.707498151,0,0,0,0
7021,1,0.70787381,0,0,0,0
6737,1,0.707434615,0,0,0,0
6739,1,0.708019476,0,0,0,0
6785,1,0.707539464,0,0,0,0
6787,1,0.708413326,0,0,0,0
7041,1,0.707124936,0,0,0,0
7042,2,0.707487625,0,0,0,0
7043,1,0.707360868,0,0,0,0
7044,2,0.70748579,0,0,0,0
7045,2,0.708547381,0,0,0,0
7178,2,0.70546848,0,0,0,0
7179,2,0.707058222,0,0,0,0
7180,2,0.707594148,0,0,0,0
7557,1,0.705084572,0,0,0,0
7605,1,0.705373589,0,0,0,0
7606,2,0.708604411,0,0,0,0
7361,1,0.707073529,0,0,0,0
7363,2,0.707467242,0,0,0,0
6845,2,0.708267312,0,0,0,0
6847,2,0.705368941,0,0,0,0
6849,2,0.707664516,0,0,0,0
6850,2,0.708414026,0,0,0,0
6851,1,0.70754107,0,0,0,0
6854,2,0.705489799,0,0,0,0
6855,2,0.706914306,0,0,0,0
6856,1,0.705722345,0,0,0,0
6884,1,0.705736577,0,0,0,0
6886,1,0.707523313,0,0,0,0
6887,1,0.707111764,0,0,0,0
6889,1,0.708431906,0,0,0,0
6890,1,0.707468212,0,0,0,0
6892,2,0.708435006,0,0,0,0
6893,1,0.707623183,0,0,0,0
6895,2,0.707878193,0,0,0,0
6900,2,0.708394907,0,0,0,0
6901,1,0.707342912,0,0,0,0
6903,5,0.707780325,45.03482863096277,4.3553025108345573e-4,0.6671325258746903,86.57209012886283
6915,3,0.706243718,43.20712259453638,4.1785456999061715e-4,0.6400574335138584,83.05862429531493
6916,3,0.704966706,13.197248114684486,1.276301244998502e-4,0.19550009930072723,25.369550367333225
6917,3,0.707885406,41.97559697070267,4.0594452879651703e-4,0.621813980056089,80.69121776699888
6918,4,0.706363669,41.48252860208032,4.011760818652067e-4,0.6145098122333701,79.7433744966746
6922,5,0.707768336,45.021919275179144,4.354054051556108e-4,0.6669412905265575,86.54727400440139
6924,5,0.707757805,0,0,0,0
6925,4,0.70636601,40.663487514670095,3.9325516418234937e-4,0.6023767817312075,78.16890200518232
6931,3,0.706501944,0,0,0,0
6933,4,0.707320522,30.902520582480353,2.988571946989908e-4,0.45778072746813037,59.40504001909719
6934,6,0.70510036,19.065498835587054,1.843817717824198e-4,0.2824306160788036,36.65030230427871
6938,4,0.706368203,39.84731308246122,3.853619698215867e-4,0.5902862170046107,76.59994018931609
6945,4,0.707611259,41.88074923954488,4.05027259708977e-4,0.620408934042052,80.5088885213922
6951,3,0.706451754,32.166900665666745,3.1108497021930186e-4,0.47651087709241147,61.83560387037151
6957,3,0.704171805,4.344602988186027,4.2016503400251536e-5,0.06435965348469248,8.3517884468816
6958,3,0.708385849,0,0,0,0
6959,5,0.707745027,44.17031402748409,4.271695606186648e-4,0.6543258642617324,84.91020224241447
6964,3,0.707655973,41.41415752334015,4.005148675562867e-4,0.6134969834552153,79.61194228363334
6977,5,0.706974382,23.942608400124435,2.315481276402522e-4,0.35467866323847314,46.02574752356349
6980,6,0.705122685,19.142129890382016,1.8512286803059545e-4,0.2835658056798284,36.79761296991358
6981,3,0.705573227,41.27829986062485,3.992009928563544e-4,0.6114844285406758,79.350778154029
6983,3,0.7054412,33.55028968609121,3.244636770053053e-4,0.4970039896348352,64.49494293305256
7197,3,0.707014653,0,0,0,0
7079,4,0.70777935300000006,45.03415627375759,4.355237487404627e-4,0.6671225657754911,86.57079763213673
7080,4,0.707861891,41.975850568358,4.0594698133056365e-4,0.6218177367761544,80.69170526700145
7084,4,0.707695698,42.428718341980996,4.1032664971500204e-4,0.6285263849688697,81.56226947044982
7149,5,0.707775794,45.03113071086802,4.3549448862767844e-4,0.6670777459888044,86.56498148247816
7591,5,0.706139498,42.35389974536673,4.096030816864403e-4,0.6274180445830165,81.41844295914048
6993,3,0.705769499,0,0,0,0
6998,4,0.706564452,27.859571752353474,2.6942894309223137e-4,0.4127033906410006,53.5554687342152
7000,3,0.707005549,0,0,0,0
7003,4,0.706372707,39.813841485848215,3.8503826718253633e-4,0.5897903787507012,76.53559652094148
7005,5,0.70772497,42.52594279469146,4.112669039934724e-4,0.6299666390274569,81.74916757439848
7006,4,0.707738191,43.35494516420907,4.192841568868596e-4,0.6422472329931712,83.34278900102863
7007,5,0.707751097,44.98576582856294,4.350557664390673e-4,0.6664057241461947,86.47777491815917
7013,3,0.707623503,41.179036631388335,3.982410216414754e-4,0.6100139726544174,79.15996083576263
7029,3,0.70754556,38.13998806766577,3.688504893745692e-4,0.5649944132110812,73.31788717494061
7034,3,0.707543351,38.12205290875921,3.6867703908066875e-4,0.5647287271137421,73.28340976622086
7036,5,0.707757642,45.001932980687116,4.3521211840127076e-4,0.6666452195181253,86.5088536230942
7049,4,0.707989004,41.706758504173564,4.033446013983741e-4,0.6178314871571479,80.17441979836042
7050,5,0.70776148,45.01002413099695,4.352903676326573e-4,0.6667650794067387,86.52440753581382
7052,3,0.70516064,18.503547117776254,1.78947156392618e-4,0.2741060308562235,35.57004206478625
7054,5,0.707740198,43.359150066003245,4.193248223449033e-4,0.6423095231548146,83.35087223678582
7057,3,0.70838048,0,0,0,0
7060,3,0.708372103,0,0,0,0
7069,3,0.705722119,41.23578513875035,3.9878983446948736e-4,0.610854628125015,79.26905055683788
7074,4,0.707806722,43.45810597559456,4.202818214822525e-4,0.643775426499465,83.54109878331326
7075,3,0.706966062,0,0,0,0
7076,5,0.707732461,42.541615365097236,4.1141847287319176e-4,0.6301988078132522,81.77929552689582
7087,3,0.705771227,41.521241240874346,4.015504704397082e-4,0.6150832897237268,79.81779321118256
7090,3,0.706135812,0,0,0,0
7093,5,0.707944704,41.86037718770919,4.048302423088711e-4,0.6201071485393299,80.46972658470355
7107,5,0.707778729,45.033689820677544,4.355192376890555e-4,0.6671156558786191,86.56990095240431
7108,3,0.70454463,8.295607087025344,8.02265257209796e-5,0.12288865035951811,15.946947423661998
7111,5,0.70776861,45.022326457441864,4.354093430010187e-4,0.6669473224032111,86.54805674568449
7127,5,0.706962704,23.137988294153264,2.237666747640335e-4,0.34275926085626773,44.47899700954599
7131,3,0.706001723,46.17779654220225,4.465838537393391e-4,0.6840641117782873,88.76925894318339
7132,3,0.707799494,41.84094167628479,4.0464228215829595e-4,0.619819236667066,80.43236499373312
7142,5,0.707794953,0,0,0,0
7143,4,0.707314443,30.85671702972535,0.00029841423014381573,0.45710220729224876,59.31699018260683
7237,3,0.707021749,0,0,0,0
7920,3,0.707843832,41.95070670666832,4.0570381592441434e-4,0.6214452631047935,80.64337030655953
7922,7,0.708763683,0,0,0,0
7944,3,0.70844884,38.70899162085736,3.743533028174637e-4,0.5734234622207492,74.41170341423853
7993,4,0.708081066,42.889056318780334,4.1477856217283745e-4,0.6353456945244754,82.4471939173436
7994,5,0.707858306,41.97260949185985,4.059156369932156e-4,0.6217697244351176,80.68547482768945
7158,4,0.707784397,45.03692721243923,4.355505463914462e-4,0.6671636136350684,86.57612430841333
7159,3,0.705263632,22.947709932802535,2.2192649939279085e-4,0.33994053393565654,44.11321799030261
7163,3,0.705938413,47.96495071128675,4.638673591427786e-4,0.7105384808653521,92.20477044624667
7172,3,0.707014893,0,0,0,0
7175,3,0.705205833,19.483556748508253,1.8842479522265582e-4,0.2886236013723519,37.45395024558819
7182,3,0.705962339,47.917017844074145,4.634038020620284e-4,0.7098284176598717,92.11262735107763
7223,4,0.707773747,45.0289894429495,4.3547378050060124e-4,0.6670460258841991,86.56086524522651
7405,3,0.707042887,0,0,0,0
7406,6,0.706055787,45.18402385455794,4.369731128677278e-4,0.669342659440005,86.85889353716973
7185,4,0.707849387,41.96078343630313,4.0580126762394033e-4,0.6215945367736003,80.66274117068112
7192,5,0.706909912,24.78771857834484,2.3972115858769222e-4,0.36719787348036487,47.65033357710993
7193,3,0.708405559,0,0,0,0
7201,4,0.70762153,41.963143283694066,4.058240896254431e-4,0.6216294948493486,80.66727759120782
7202,4,0.707758723,45.00431585943203,4.3523516313819156e-4,0.6666805187734854,86.51343431763088
7203,5,0.706902003,26.413408131746433,2.554431453455135e-4,0.39128035388539173,50.775455772909105
7205,4,0.70773181,42.54040260815971,4.114067443433059e-4,0.6301808423935182,81.77696420009629
7206,6,0.705158162,18.49400783695161,1.7885490234171978e-4,0.2739647187938701,35.55170435807301
7211,5,0.707777513,45.032702620458785,4.3550969051030035e-4,0.6671010317888755,86.56800322149444
7212,4,0.707751187,44.98600838360475,4.350581121803851e-4,0.6664093172842752,86.47824119054387
7222,3,0.707844603,41.952229600251506,4.0571854377494294e-4,0.6214678227963406,80.64629782032051
7226,3,0.705313101,24.79260099601541,2.3976837627805766e-4,0.3672702001602249,47.659719226294634
7273,3,0.705611275,41.735575014740604,4.036232848632421e-4,0.6182583663541138,80.22981482540608
7658,3,0.706078096,45.086327531113675,4.360282951439104e-4,0.6678954152290382,86.67108833893565
7765,3,0.705554464,39.47255626285317,3.8173770973887124e-4,0.5847346811987879,75.8795315156344
7825,3,0.70755959,0,0,0,0
7230,3,0.705354003,24.984745231060085,2.4162659644847283e-4,0.37011656757749717,48.02908508244874
7231,3,0.706456971,0,0,0,0
7379,3,0.706152502,43.06840032197643,4.1651299174916333e-4,0.6380024431230574,82.7919534219482
7381,7,0.708568006,0,0,0,0
7988,4,0.70702817,23.155782277093742,2.2393875975010834e-4,0.34302285561493173,44.513203030568036
8224,3,0.707155478,0,0,0,0
8225,4,0.708181777,42.39705745281721,4.1002045836430266e-4,0.6280573699953176,81.5014065909059
7232,3,0.707554405,0,0,0,0
7234,4,0.707578413,39.19535647330536,3.7905692027853264e-4,0.5806283261532661,75.34666027144505
7240,5,0.706909997,24.787520486764535,2.39719242850954e-4,0.3671949390107479,47.64995277845553
7249,3,0.707494721,0,0,0,0
7253,4,0.707744186,44.16826516206771,4.271497461129509e-4,0.6542955129802475,84.9062636338557
7254,3,0.707517874,0,0,0,0
7642,4,0.706857119,0,0,0,0
7815,4,0.707065192,0,0,0,0
7266,3,0.707515028,0,0,0,0
7268,3,0.705976378,47.875111347761504,4.6299852580327684e-4,0.7092076273163643,92.03206896802055
7282,5,0.706957272,23.137042350221357,2.237575265733842e-4,0.3427452479248586,44.47717858709787
7288,4,0.705584567,41.41583044444675,4.00531046317742e-4,0.6135217656097691,79.61515820076285
7293,6,0.705181963,17.782736117041164,1.719762184390975e-4,0.26342815157440813,34.18440084401316
7294,5,0.70799336,41.690866652550994,4.031909118576838e-4,0.6175960700047775,80.14387031359924
7491,3,0.707582702,40.0305851977464,3.8713438803240837e-4,0.5930011554846594,76.95225084675394
7492,3,0.705836491,43.29741618938701,4.187277961853647e-4,0.6413950159102881,83.23219895894968
7493,5,0.707922797,42.72419613248235,4.13184205082675e-4,0.6329035048716091,82.13027718110364
7536,7,0.708740348,0,0,0,0
7537,4,0.707647916,0,0,0,0
7729,5,0.707013202,23.94512948913343,2.3157250900379835e-4,0.35471600989948315,46.030593904721016
7781,5,0.706370538,39.83010436750397,3.851955449416883e-4,0.5900312922313743,76.56685925023915
7836,5,0.707833284,41.92585164155323,4.0546344345982746e-4,0.6210770675797946,80.59559051028374
7837,4,0.707619127,41.94447157589929,4.056435161930303e-4,0.6213528977363542,80.6313842877534
7309,3,0.707034629,0,0,0,0
7310,3,0.707476131,0,0,0,0
7818,4,0.707610915,41.87787298470233,4.049994435490883e-4,0.6203663260602631,80.50335939202648
7976,5,0.707879617,41.979123811590426,4.059786367512728e-4,0.6218662256256035,80.6979975415975
7323,5,0.706974785,23.942757782481216,2.3154957231179496e-4,0.3546808761441737,46.02603468670473
7333,5,0.707995075,41.68426570917864,4.031270743654196e-4,0.617498285597486,80.13118107991193
7334,5,0.706920021,23.96597690761905,2.3177412365813375e-4,0.3550248373420443,46.07066965602188
7335,5,0.706924524,23.956684595756155,2.3168425803541857e-4,0.3548871838042656,46.05280670673229
7346,3,0.707457329,0,0,0,0
7350,3,0.707540514,38.09860443382377,3.684502697004666e-4,0.564381368396342,73.23833390944054
7351,3,0.705560495,39.5385565642288,3.823759963428964e-4,0.5857123899878237,76.00640629706288
7352,4,0.707241863,24.96577519352861,2.4144313787962052e-4,0.3698355510967193,47.99261828888369
7354,3,0.706849396,0,0,0,0
7359,3,0.708203679,43.89573191280668,4.2451408660035674e-4,0.6502582866713781,84.38236304989931
7364,3,0.707225251,0,0,0,0
7647,3,0.705572597,40.47152677261762,3.91398718566238e-4,0.59953313252442,77.79988888428538
7649,4,0.707898038,42.76876493082723,4.1361522837117683e-4,0.6335637337637554,82.2159534042523
7708,4,0.706008775,46.95209849460443,4.540721008137884e-4,0.695534390071755,90.25772776715998
7710,7,0.708569643,0,0,0,0
7833,7,0.708581638,0,0,0,0
7835,4,0.707615567,41.91612970764589,4.053694229773609e-4,0.6209330497491254,80.57690168290193
7841,4,0.707070973,0,0,0,0
7848,3,0.707165925,0,0,0,0
7371,3,0.707458573,0,0,0,0
6902,1,0.706981691,0,0,0,0
6904,1,0.707073629,0,0,0,0
6905,1,0.707154207,0,0,0,0
6906,2,0.706917841,0,0,0,0
6907,1,0.708182742,0,0,0,0
6908,1,0.706086791,0,0,0,0
6909,1,0.70701062,0,0,0,0
6910,1,0.705337725,0,0,0,0
6914,1,0.706996843,0,0,0,0
6919,2,0.707391226,0,0,0,0
6920,1,0.707957875,0,0,0,0
6921,1,0.706957001,0,0,0,0
6923,2,0.707664357,0,0,0,0
6926,1,0.706985896,0,0,0,0
6927,1,0.707881604,0,0,0,0
6928,2,0.707691453,0,0,0,0
6929,1,0.708329554,0,0,0,0
6930,2,0.70888139,0,0,0,0
6932,1,0.705091636,0,0,0,0
6939,1,0.707056364,0,0,0,0
6940,1,0.707784865,0,0,0,0
6944,1,0.706996879,0,0,0,0
6946,1,0.706977044,0,0,0,0
6947,1,0.707138234,0,0,0,0
6948,1,0.707152652,0,0,0,0
6949,1,0.707356661,0,0,0,0
6950,2,0.706990475,0,0,0,0
6952,1,0.708375678,0,0,0,0
6953,1,0.706514242,0,0,0,0
6954,1,0.708923299,0,0,0,0
6955,1,0.706919586,0,0,0,0
6956,1,0.705398662,0,0,0,0
6960,1,0.705084682,0,0,0,0
6961,1,0.705455099,0,0,0,0
6962,2,0.708204858,0,0,0,0
6963,1,0.705283717,0,0,0,0
6965,2,0.707004075,0,0,0,0
6966,2,0.707610834,0,0,0,0
6967,1,0.707971756,0,0,0,0
6978,1,0.708856036,0,0,0,0
6979,2,0.707389535,0,0,0,0
6982,1,0.708265136,0,0,0,0
6984,1,0.707911398,0,0,0,0
7140,2,0.705456258,0,0,0,0
7141,1,0.707451547,0,0,0,0
7196,2,0.707069394,0,0,0,0
7198,1,0.707066111,0,0,0,0
7010,1,0.707103425,0,0,0,0
7011,1,0.708695781,0,0,0,0
7012,2,0.706366656,0,0,0,0
7081,1,0.707746774,0,0,0,0
7082,1,0.708850848,0,0,0,0
7083,2,0.7051164,0,0,0,0
7148,1,0.705354463,0,0,0,0
7150,2,0.707460407,0,0,0,0
7151,1,0.707155354,0,0,0,0
7152,1,0.707440964,0,0,0,0
7153,1,0.706995543,0,0,0,0
7154,1,0.707185182,0,0,0,0
7155,2,0.70755431,0,0,0,0
7156,1,0.708206657,0,0,0,0
7893,1,0.708861723,0,0,0,0
7894,1,0.70711671,0,0,0,0
7895,1,0.707161773,0,0,0,0
7494,1,0.707959099,0,0,0,0
7495,2,0.705866867,0,0,0,0
7496,1,0.707748595,0,0,0,0
7545,1,0.707487296,0,0,0,0
7546,1,0.707143251,0,0,0,0
7547,2,0.708007742,0,0,0,0
7590,1,0.707782266,0,0,0,0
7592,1,0.708118124,0,0,0,0
6992,1,0.708337422,0,0,0,0
6994,1,0.707406587,0,0,0,0
6995,2,0.708272294,0,0,0,0
6996,1,0.707893076,0,0,0,0
6997,2,0.707439134,0,0,0,0
6999,1,0.707053195,0,0,0,0
7001,2,0.707629812,0,0,0,0
7002,1,0.707608471,0,0,0,0
7004,1,0.708501052,0,0,0,0
7008,1,0.706995446,0,0,0,0
7009,1,0.707513897,0,0,0,0
7014,2,0.707648107,0,0,0,0
7015,1,0.707022768,0,0,0,0
7028,1,0.707469677,0,0,0,0
7030,2,0.707563096,0,0,0,0
7031,1,0.705208553,0,0,0,0
7032,2,0.707563069,0,0,0,0
7033,2,0.707594457,0,0,0,0
7035,1,0.707307747,0,0,0,0
7241,1,0.707097435,0,0,0,0
7242,1,0.705244279,0,0,0,0
7243,1,0.707582523,0,0,0,0
7244,2,0.708960312,0,0,0,0
7245,1,0.707996338,0,0,0,0
7246,1,0.707401263,0,0,0,0
7295,1,0.708965635,0,0,0,0
7296,2,0.708862087,0,0,0,0
7297,1,0.704997122,0,0,0,0
7037,1,0.708295068,0,0,0,0
7038,1,0.70761447,0,0,0,0
7039,1,0.707004561,0,0,0,0
7051,2,0.70751646,0,0,0,0
7053,1,0.708929993,0,0,0,0
7055,1,0.705099098,0,0,0,0
7056,2,0.707492327,0,0,0,0
7058,1,0.707843302,0,0,0,0
7059,1,0.707828301,0,0,0,0
7061,1,0.705094449,0,0,0,0
7062,1,0.70701941,0,0,0,0
7063,1,0.707304216,0,0,0,0
7064,1,0.706999281,0,0,0,0
7065,1,0.707933921,0,0,0,0
7066,2,0.7070836,0,0,0,0
7067,1,0.705453177,0,0,0,0
7068,2,0.708898994,0,0,0,0
7070,2,0.706995939,0,0,0,0
7071,1,0.70751049,0,0,0,0
7072,2,0.707512247,0,0,0,0
7073,1,0.708853376,0,0,0,0
7077,2,0.70711914,0,0,0,0
7078,1,0.708890588,0,0,0,0
7085,2,0.707829754,0,0,0,0
7086,1,0.707579379,0,0,0,0
7088,1,0.707156503,0,0,0,0
7089,2,0.707609186,0,0,0,0
7091,2,0.705899509,0,0,0,0
7092,1,0.707342203,0,0,0,0
7100,1,0.705083214,0,0,0,0
7101,2,0.708233541,0,0,0,0
7102,1,0.708906343,0,0,0,0
7106,1,0.707726527,0,0,0,0
7109,2,0.707767926,0,0,0,0
7110,1,0.70768551,0,0,0,0
7112,2,0.708944213,0,0,0,0
7113,2,0.707012671,0,0,0,0
7114,1,0.707040158,0,0,0,0
7115,1,0.707831888,0,0,0,0
7116,2,0.707855647,0,0,0,0
7117,1,0.706593795,0,0,0,0
7121,1,0.706947419,0,0,0,0
7122,1,0.708856201,0,0,0,0
7123,1,0.707227844,0,0,0,0
7124,1,0.707165862,0,0,0,0
7125,2,0.707876154,0,0,0,0
7126,2,0.705158845,0,0,0,0
7128,1,0.707086034,0,0,0,0
7129,2,0.707699809,0,0,0,0
7130,1,0.708709697,0,0,0,0
7144,2,0.705475646,0,0,0,0
7145,1,0.708379753,0,0,0,0
7146,2,0.707072445,0,0,0,0
7147,2,0.708384751,0,0,0,0
7235,1,0.707265819,0,0,0,0
7236,2,0.705598531,0,0,0,0
7869,1,0.708861752,0,0,0,0
7870,1,0.707444569,0,0,0,0
7871,1,0.705169159,0,0,0,0
7872,1,0.705576721,0,0,0,0
7873,1,0.707180671,0,0,0,0
7874,1,0.707190956,0,0,0,0
7875,1,0.705045776,0,0,0,0
7876,1,0.706405272,0,0,0,0
7877,1,0.705978481,0,0,0,0
7921,1,0.707554836,0,0,0,0
7945,2,0.707826952,0,0,0,0
7946,1,0.707594011,0,0,0,0
7992,1,0.707186541,0,0,0,0
7157,1,0.705517683,0,0,0,0
7164,2,0.707061536,0,0,0,0
7165,1,0.705481792,0,0,0,0
7173,1,0.707611214,0,0,0,0
7174,2,0.707064423,0,0,0,0
7176,1,0.705089336,0,0,0,0
7177,1,0.708240183,0,0,0,0
7181,1,0.707182887,0,0,0,0
7183,2,0.70829084,0,0,0,0
7224,1,0.708858414,0,0,0,0
7225,1,0.707171122,0,0,0,0
7382,2,0.707067882,0,0,0,0
7383,2,0.707987627,0,0,0,0
7384,2,0.707077786,0,0,0,0
7542,1,0.707463915,0,0,0,0
7543,1,0.705352004,0,0,0,0
7544,1,0.706562892,0,0,0,0
8040,1,0.707196448,0,0,0,0
8041,2,0.707531575,0,0,0,0
8042,1,0.707155553,0,0,0,0
7403,2,0.708512642,0,0,0,0
7404,1,0.70581895,0,0,0,0
7407,1,0.707320793,0,0,0,0
7408,1,0.705675824,0,0,0,0
7650,1,0.707162109,0,0,0,0
7651,1,0.707464074,0,0,0,0
7652,1,0.707172903,0,0,0,0
7184,1,0.708294349,0,0,0,0
7186,1,0.707375669,0,0,0,0
7187,1,0.708880763,0,0,0,0
7188,2,0.707010874,0,0,0,0
7189,1,0.708878563,0,0,0,0
7190,1,0.707031481,0,0,0,0
7191,2,0.707013866,0,0,0,0
7194,1,0.707225288,0,0,0,0
7195,2,0.707111268,0,0,0,0
7199,1,0.705757328,0,0,0,0
7200,1,0.707575656,0,0,0,0
7204,1,0.707001337,0,0,0,0
7207,1,0.707767141,0,0,0,0
7208,2,0.708407401,0,0,0,0
7209,2,0.7054299,0,0,0,0
7210,2,0.707960083,0,0,0,0
7221,1,0.709010247,0,0,0,0
7227,1,0.70508698,0,0,0,0
7228,1,0.708860346,0,0,0,0
7271,1,0.707036235,0,0,0,0
7272,1,0.707049565,0,0,0,0
7626,2,0.707481204,0,0,0,0
7627,2,0.70739118,0,0,0,0
7628,1,0.70767871,0,0,0,0
7656,1,0.70904257,0,0,0,0
7657,1,0.708073177,0,0,0,0
7659,2,0.707332503,0,0,0,0
7660,2,0.70732886,0,0,0,0
7661,2,0.708956209,0,0,0,0
7764,1,0.707157063,0,0,0,0
7766,1,0.708033887,0,0,0,0
7824,2,0.707309925,0,0,0,0
7826,1,0.707146215,0,0,0,0
7229,1,0.707882555,0,0,0,0
7380,2,0.70797341,0,0,0,0
7569,2,0.707424515,0,0,0,0
7570,1,0.707394716,0,0,0,0
7571,1,0.708090235,0,0,0,0
7572,1,0.707162766,0,0,0,0
7573,2,0.705051252,0,0,0,0
7574,1,0.707721389,0,0,0,0
7986,1,0.707124672,0,0,0,0
7987,1,0.708122999,0,0,0,0
8100,1,0.707105776,0,0,0,0
8101,1,0.708156167,0,0,0,0
8102,2,0.707376263,0,0,0,0
8223,1,0.707446363,0,0,0,0
8082,2,0.707150429,0,0,0,0
8083,1,0.708247859,0,0,0,0
8084,1,0.707122824,0,0,0,0
7233,1,0.707411572,0,0,0,0
7238,1,0.706230005,0,0,0,0
7239,1,0.706111313,0,0,0,0
7247,2,0.707190315,0,0,0,0
7248,2,0.707056695,0,0,0,0
7255,2,0.707032127,0,0,0,0
7256,1,0.707070799,0,0,0,0
7257,1,0.707059252,0,0,0,0
7258,1,0.707175113,0,0,0,0
7641,2,0.707510396,0,0,0,0
7643,2,0.70751487,0,0,0,0
7812,2,0.70732124,0,0,0,0
7813,1,0.70716541,0,0,0,0
7814,1,0.707140909,0,0,0,0
7816,2,0.708155814,0,0,0,0
7817,1,0.707514456,0,0,0,0
7884,2,0.707113004,0,0,0,0
7885,1,0.705385683,0,0,0,0
7886,2,0.707828475,0,0,0,0
7926,1,0.70730659,0,0,0,0
7927,2,0.70710509,0,0,0,0
7928,1,0.70814199,0,0,0,0
7262,1,0.705008278,0,0,0,0
7263,2,0.707435009,0,0,0,0
7264,1,0.707015759,0,0,0,0
7265,1,0.707927595,0,0,0,0
7267,1,0.707894754,0,0,0,0
7269,1,0.708975466,0,0,0,0
7270,1,0.708004499,0,0,0,0
7274,1,0.705350417,0,0,0,0
7275,1,0.707283264,0,0,0,0
7276,1,0.707007783,0,0,0,0
7277,1,0.707510687,0,0,0,0
7278,1,0.707577895,0,0,0,0
7279,2,0.707036113,0,0,0,0
7280,2,0.707854096,0,0,0,0
7281,2,0.708010046,0,0,0,0
7283,1,0.708418834,0,0,0,0
7284,1,0.705022733,0,0,0,0
7285,1,0.707088336,0,0,0,0
7286,2,0.708870936,0,0,0,0
7287,1,0.705456906,0,0,0,0
7289,1,0.705614892,0,0,0,0
7290,1,0.707036687,0,0,0,0
7291,1,0.707020744,0,0,0,0
7292,2,0.707946199,0,0,0,0
7538,2,0.708351111,0,0,0,0
7728,1,0.707364848,0,0,0,0
7730,2,0.707131851,0,0,0,0
7779,1,0.70810498,0,0,0,0
7780,2,0.707664808,0,0,0,0
7838,2,0.707783055,0,0,0,0
7890,2,0.708099396,0,0,0,0
7891,2,0.707299117,0,0,0,0
7892,1,0.707235609,0,0,0,0
7301,1,0.707273966,0,0,0,0
7302,1,0.707875087,0,0,0,0
7303,1,0.707563704,0,0,0,0
7304,2,0.707980464,0,0,0,0
7305,1,0.708333563,0,0,0,0
7306,1,0.707064805,0,0,0,0
7307,2,0.707201627,0,0,0,0
7308,1,0.707423629,0,0,0,0
7311,2,0.708312874,0,0,0,0
7312,1,0.707033458,0,0,0,0
7313,1,0.708842137,0,0,0,0
7314,1,0.707692052,0,0,0,0
7315,1,0.705118448,0,0,0,0
7316,2,0.706749414,0,0,0,0
7317,1,0.705140607,0,0,0,0
7318,2,0.707995571,0,0,0,0
7319,2,0.70716531,0,0,0,0
7819,2,0.708038287,0,0,0,0
7820,1,0.707113628,0,0,0,0
7974,1,0.707169069,0,0,0,0
7975,1,0.707175871,0,0,0,0
7322,2,0.705104932,0,0,0,0
7324,1,0.707205088,0,0,0,0
7331,1,0.707729543,0,0,0,0
7332,1,0.705438591,0,0,0,0
7336,2,0.708331531,0,0,0,0
7337,2,0.708859044,0,0,0,0
7347,1,0.707432555,0,0,0,0
7348,1,0.70756392,0,0,0,0
7349,1,0.707029272,0,0,0,0
7353,1,0.707556319,0,0,0,0
7355,1,0.708901517,0,0,0,0
7356,1,0.707467062,0,0,0,0
7357,2,0.707997385,0,0,0,0
7358,1,0.705507896,0,0,0,0
7360,2,0.708871876,0,0,0,0
7365,1,0.705622737,0,0,0,0
7366,1,0.707363496,0,0,0,0
7648,1,0.707166713,0,0,0,0
7707,2,0.707475245,0,0,0,0
7709,1,0.707912758,0,0,0,0
7711,2,0.707600738,0,0,0,0
7712,1,0.7089695,0,0,0,0
7834,2,0.705434782,0,0,0,0
7839,1,0.707081837,0,0,0,0
7840,1,0.705109666,0,0,0,0
7845,1,0.707288061,0,0,0,0
7846,2,0.707164823,0,0,0,0
7847,2,0.707164627,0,0,0,0
7849,2,0.707133683,0,0,0,0
7850,1,0.707443921,0,0,0,0
7367,1,0.707442741,0,0,0,0
7368,1,0.707998701,0,0,0,0
7369,1,0.708040651,0,0,0,0
7370,2,0.707103664,0,0,0,0
7395,3,0.70587309,44.092557930156346,4.264175841235408e-4,0.6531740086160166,84.76072886657269
7398,5,0.706914331,24.777069925515764,2.3961817583897672e-4,0.36704012751185594,47.62986328421676
7399,5,0.70789512,42.77126351831751,4.136393921233233e-4,0.6336007470939752,82.22075652992146
7400,4,0.705653449,42.22073408521396,4.08315241249047e-4,0.6254453681919175,81.16245376403808
7402,3,0.707639295,0,0,0,0
7409,5,0.706934981,23.94546371938488,2.315757413328592e-4,0.3547209610867898,46.031236407697754
7411,4,0.70764873,0,0,0,0
7412,3,0.708769341,53.712893733979804,5.194555148877689e-4,0.7956867952674324,103.25425051630137
7502,3,0.708788643,53.93229888279667,5.215773744009083e-4,0.7989369977344952,103.67602101916616
7519,5,0.707891582,0,0,0,0
7524,5,0.706924424,23.956898807436097,2.3168632966907605e-4,0.35489035707223304,46.05321849364092
7528,3,0.705817982,42.46923188939498,4.107184548137199e-4,0.6291265405826486,81.64015013714236
7533,4,0.705743102,41.37774204817412,4.0016269477081105e-4,0.6129575354620295,79.5419394903732
7551,5,0.707891973,0,0,0,0
7553,6,0.706023468,46.10648695404236,4.458942212086941e-4,0.6830077527975964,88.63217792653697
7560,3,0.70566257,42.314751604310075,4.0922448138480325e-4,0.62683811569197,81.34318706278287
7561,3,0.705551696,39.44155487461451,3.8143789639853053e-4,0.5842754358753348,75.81993641872151
7566,7,0.708742107,0,0,0,0
7576,5,0.707911105,0,0,0,0
7579,3,0.706336785,40.10851996244921,3.878880924134617e-4,0.5941556578556063,77.10206768139344
7580,3,0.708158403,42.50288016295681,4.110438660893571e-4,0.6296249960762081,81.70483343804587
7582,5,0.70696138,23.13785229129155,2.2376535948511915e-4,0.3427572461504185,44.47873556629507
7583,3,0.707615284,0,0,0,0
7587,3,0.705930832,47.18136208959307,4.562893010147246e-4,0.6989306326214763,90.69844951990088
7593,3,0.705769976,41.516004448260006,4.0149982560166775e-4,0.6150057134390936,79.80772633414591
7596,4,0.705967707,47.90273007638825,4.6326562556093295e-4,0.7096167629287411,92.08516145524888
7602,3,0.70589654,44.052117547537314,4.2602648659899355e-4,0.6525749368436989,84.68298884722834
7608,3,0.707295432,0,0,0,0
7611,3,0.707327592,0,0,0,0
7616,3,0.707480818,36.840726835129054,3.5628537948003157e-4,0.5457475446388459,70.8202700207638
7618,4,0.705944958,48.753569240587964,4.7149406133121505e-4,0.7222208406610455,93.72076054705094
7621,4,0.707592037,40.91404281271847,3.9567827569818347e-4,0.6060884332227239,78.65055357363072
7622,3,0.706152978,43.065240548284855,4.164824336884114e-4,0.6379556351775598,82.78587927398029
7623,5,0.707057831,23.96920975176215,2.318053883806643e-4,0.35507272773142756,46.076884269978166
7625,3,0.705951721,48.73921279059629,4.713552206059449e-4,0.7220081684907121,93.69316262072608
7630,5,0.705953813,47.935287447167916,4.635804867539549e-4,0.7100990581136981,92.14774767403064
7632,4,0.705670316,42.390291425751265,4.099550243534171e-4,0.6279571400874029,81.48840001082613
7782,5,0.707966902,0,0,0,0
7842,4,0.707074456,0,0,0,0
7843,3,0.707120066,0,0,0,0
7985,4,0.708804119,54.0861997045578,5.230657438603069e-4,0.8012168386282407,103.97187017008864
7654,3,0.705965886,47.90781798546535,4.63314830551497e-4,0.7096921336970379,92.09494212804326
7663,3,0.708217862,43.83728710598034,4.2394886891961036e-4,0.6493925027262047,84.27001247062663
7665,5,0.707001694,24.742152100285256,2.3928048677359688e-4,0.36652286525834615,47.56273947793495
7671,5,0.707925585,0,0,0,0
7673,4,0.707226025,24.918161890418045,2.4098267129211363e-4,0.3691302218185803,47.901089503418596
7686,3,0.705941359,48.759798732257195,4.7155430652706236e-4,0.7223131224935416,93.7327357256103
7696,4,0.707941649,41.87047694171073,4.049279166762417e-4,0.6202567632842415,80.48914170940327
7718,5,0.706245734,43.19163403011544,4.177047806263353e-4,0.6398279905378678,83.02885006421917
7719,4,0.70691855,0,0,0,0
7723,3,0.707493467,36.93997689188605,3.572452233043223e-4,0.5472178053919196,71.01106201709337
7741,3,0.707118164,0,0,0,0
7742,3,0.707123682,0,0,0,0
7743,4,0.707602998,41.80959559737166,4.043391353265096e-4,0.6193548851987181,80.37210728539162
7745,3,0.707117342,0,0,0,0
7746,3,0.705946629,48.75034378104134,4.7146286802485845e-4,0.722173059664873,93.71456012877321
7757,4,0.707703437,0,0,0,0
7772,4,0.705744292,41.38490273417537,4.002319455144435e-4,0.613063611729759,79.55570473768799
7774,5,0.706220129,44.17090081100789,4.27175235381581e-4,0.6543345566979263,84.91133023773838
7777,3,0.707117612,0,0,0,0
7791,3,0.705595219,41.54182717437629,4.0174955628192067e-4,0.6153882436056919,79.8573663003825
7798,7,0.70860615,0,0,0,0
7799,3,0.707347784,31.896794675015897,3.084727846397518e-4,0.4725096074689961,61.31636929398202
7806,3,0.705978288,47.86827486543032,4.6293241042198773e-4,0.709106353705154,92.01892694922019
7808,4,0.705685644,41.73403436905683,4.0360838533277016e-4,0.6182355436882407,80.22685318613605
7851,5,0.708057517,42.994624417229645,4.1579950755714877e-4,0.6369095488636891,82.65013131516469
7855,5,0.707842202,41.947355250258276,4.056714041068026e-4,0.6213956156286476,80.63692767992559
7915,3,0.708939655,62.669725534842755,6.060767216677162e-4,0.9283706314181086,120.47229427277863
7917,3,0.70581854,42.47011508870058,4.107269962032848e-4,0.6291396240338686,81.64184794331173
7932,4,0.70878038,53.842085415400774,5.207049231159704e-4,0.7976006023222929,103.5026003874539
7933,4,0.707077518,0,0,0,0
7934,3,0.708944398,62.705468264728985,6.064223883571428e-4,0.9289001135632735,120.5410038233027
7978,3,0.707998514,41.67044383214442,4.029934034765063e-4,0.6172935324315811,80.10461078263907
7960,3,0.707590347,0,0,0,0
7961,7,0.708622066,0,0,0,0
8571,4,0.706266602,40.62561895751707,3.9288893869184787e-4,0.6018158082146488,78.09610589953337
8037,3,0.707420164,32.414136161512694,3.134759760442579e-4,0.48017335002377703,62.31087366222132
8279,3,0.708878934,61.29430441944136,5.927750722122457e-4,0.9079955530453612,117.82827220391692
8351,4,0.707346005,0,0,0,0
8392,3,0.708294058,43.533735571104685,4.2101323265274416e-4,0.6448957807811921,83.68648430731656
8393,4,0.706479097,29.663888614926517,2.868784283035566e-4,0.43943200275298405,57.02397270761116
7935,5,0.707966689,0,0,0,0
7937,3,0.707884512,41.97628934318345,4.059512247065397e-4,0.6218242366556141,80.69254873981772
7939,7,0.708785113,0,0,0,0
7941,4,0.707124211,24.783110611647587,2.396765951030816e-4,0.3671296124354062,47.64147551501994
7943,5,0.707886717,42.77521140329409,4.136775719807218e-4,0.6336592298851026,82.22834569289599
7947,3,0.707124626,0,0,0,0
7952,3,0.707569639,0,0,0,0
7962,4,0.708754279,53.52075196009906,5.175973185191839e-4,0.7928404643091087,102.88488939133225
7964,7,0.708766241,0,0,0,0
8065,3,0.707156853,0,0,0,0
8066,3,0.705968738,47.89973975969214,4.6323670631285164e-4,0.7095724652686569,92.07941306063077
8172,4,0.707288039,0,0,0,0
8174,4,0.707688434,0,0,0,0
8203,3,0.707372878,30.48044586363577,2.947753248692925e-4,0.4515282384090948,58.593670425568746
8204,3,0.706001662,46.17803738091785,4.465861828821263e-4,0.684067679491223,88.76972191621176
7966,7,0.708600941,0,0,0,0
7968,3,0.708404356,40.34343349329377,3.901599329462642e-4,0.5976355968707784,77.55365051146072
7971,3,0.707123037,0,0,0,0
7981,4,0.708063719,42.97036907044919,4.1556493494758083e-4,0.6365502373873158,82.60350437927043
8001,4,0.707098509,0,0,0,0
8005,4,0.707098295,0,0,0,0
8008,3,0.707172431,0,0,0,0
8011,4,0.707112004,0,0,0,0
8015,3,0.705596397,42.35604339078431,4.0962381280622767e-4,0.6274497999071842,81.4225637667451
8020,7,0.708779655,0,0,0,0
8021,4,0.707104039,0,0,0,0
8024,5,0.706430508,33.87308643133951,3.2758543302793743e-4,0.5017858043890623,65.11546686469524
8026,5,0.708168957,41.65516703265887,4.0284566208350107e-4,0.6170672264782137,80.07524363498584
8047,3,0.707152882,0,0,0,0
8054,4,0.708122226,43.477171611566845,4.204662045802791e-4,0.6440578591470459,83.57774934924039
8060,3,0.708970956,62.8779585756903,6.080905361158044e-4,0.9314553336082638,120.8725882258829
8092,3,0.70716784,0,0,0,0
8151,3,0.707640935,0,0,0,0
8375,4,0.707429539,0,0,0,0
8378,3,0.705948558,48.746357696425164,4.7142431874008274e-4,0.7221140109956724,93.7068975332412
8460,3,0.70758026,0,0,0,0
8227,3,0.707689556,0,0,0,0
8228,3,0.707426836,0,0,0,0
8305,3,0.707342311,31.858490386807993,3.081023452094729e-4,0.4719421791624876,61.24273556666777
8950,5,0.707961391,41.79697656887881,4.0421709714372986e-4,0.6191679506725205,80.34784926764776
9039,3,0.706191501,43.57974686093903,4.21458206225941e-4,0.645577378312238,83.77493348435519
9040,3,0.708271718,44.408622180085345,4.2947423041963525e-4,0.6578560901916275,85.36831067743258
9041,3,0.705838758,43.29951340359891,4.187480782705874e-4,0.6414260834164165,83.23623051015774
9099,3,0.705833266,43.2938050271522,4.1869287276181363e-4,0.6413415212294759,83.22525709035675
9100,3,0.706221128,44.16406439669802,4.2710912065812364e-4,0.6542332840943633,84.89818834969786
9348,3,0.707463869,0,0,0,0
10686,3,0.709187669,63.62384843384831,6.153040108214861e-4,0.9425047236076108,122.30643944703007
10687,5,0.707939154,0,0,0,0
10691,3,0.705976507,47.874658168760796,4.629941431250262e-4,0.7092009140577464,92.03119780553396
10692,3,0.707676523,42.33412533771741,4.0941184408233814e-4,0.627125112403106,81.38042989562268
7372,2,0.707504237,0,0,0,0
7373,2,0.707906487,0,0,0,0
7374,1,0.707543612,0,0,0,0
7375,1,0.707107608,0,0,0,0
7376,1,0.708856614,0,0,0,0
7377,1,0.70720895,0,0,0,0
7378,1,0.707513092,0,0,0,0
7385,1,0.708112848,0,0,0,0
7386,1,0.705046737,0,0,0,0
7387,1,0.707184135,0,0,0,0
7388,1,0.707245407,0,0,0,0
7389,1,0.70711216,0,0,0,0
7390,1,0.708052287,0,0,0,0
7391,1,0.707974416,0,0,0,0
7392,1,0.708335213,0,0,0,0
7393,1,0.707121248,0,0,0,0
7394,2,0.707579821,0,0,0,0
7396,1,0.707132077,0,0,0,0
7397,1,0.707108361,0,0,0,0
7401,2,0.707485142,0,0,0,0
7410,1,0.707087467,0,0,0,0
7413,1,0.707268508,0,0,0,0
7414,1,0.706801991,0,0,0,0
7415,1,0.707974201,0,0,0,0
7416,1,0.70703526,0,0,0,0
7417,2,0.707097868,0,0,0,0
7418,1,0.707263099,0,0,0,0
7419,2,0.708868449,0,0,0,0
7420,2,0.708881058,0,0,0,0
7497,2,0.70722185,0,0,0,0
7498,2,0.705573875,0,0,0,0
7499,2,0.707055126,0,0,0,0
7500,1,0.706072544,0,0,0,0
7501,1,0.707045736,0,0,0,0
7503,1,0.707512144,0,0,0,0
7504,2,0.70747530300000006,0,0,0,0
7505,1,0.707038127,0,0,0,0
7506,1,0.707487438,0,0,0,0
7507,1,0.707551483,0,0,0,0
7508,1,0.707052081,0,0,0,0
7509,2,0.707551615,0,0,0,0
7510,2,0.706839053,0,0,0,0
7511,1,0.707450807,0,0,0,0
7512,1,0.70714052,0,0,0,0
7513,1,0.708996579,0,0,0,0
7514,1,0.70710113,0,0,0,0
7515,2,0.707110964,0,0,0,0
7516,1,0.70737227,0,0,0,0
7517,2,0.706279623,0,0,0,0
7518,2,0.707109237,0,0,0,0
7520,2,0.707460784,0,0,0,0
7521,2,0.707062588,0,0,0,0
7522,1,0.707950369,0,0,0,0
7523,2,0.705582292,0,0,0,0
7525,1,0.707190238,0,0,0,0
7526,1,0.708860833,0,0,0,0
7527,2,0.707026793,0,0,0,0
7529,1,0.708387364,0,0,0,0
7530,2,0.708377571,0,0,0,0
7531,1,0.707112755,0,0,0,0
7532,1,0.705481468,0,0,0,0
7534,1,0.707780057,0,0,0,0
7535,1,0.70745581,0,0,0,0
7548,2,0.707065423,0,0,0,0
7549,1,0.708065692,0,0,0,0
7550,1,0.707155137,0,0,0,0
7552,1,0.705485693,0,0,0,0
7554,1,0.705163385,0,0,0,0
7555,1,0.707096544,0,0,0,0
7556,1,0.708021009,0,0,0,0
7562,1,0.707258862,0,0,0,0
7563,2,0.707149195,0,0,0,0
7564,1,0.70771881699999994,0,0,0,0
7565,1,0.707219576,0,0,0,0
7567,1,0.707131452,0,0,0,0
7568,1,0.706983047,0,0,0,0
7575,2,0.708287495,0,0,0,0
7577,1,0.708393726,0,0,0,0
7578,1,0.707136849,0,0,0,0
7581,2,0.707095277,0,0,0,0
7584,1,0.707327985,0,0,0,0
7585,1,0.707645536,0,0,0,0
7586,1,0.708042635,0,0,0,0
7588,1,0.705822929,0,0,0,0
7589,2,0.707325838,0,0,0,0
7594,1,0.707316248,0,0,0,0
7595,1,0.707005216,0,0,0,0
7597,1,0.707217531,0,0,0,0
7598,1,0.707112993,0,0,0,0
7599,1,0.70719822,0,0,0,0
7600,1,0.707197572,0,0,0,0
7601,1,0.70469731,0,0,0,0
7603,1,0.705380896,0,0,0,0
7604,1,0.70733437,0,0,0,0
7609,1,0.707471256,0,0,0,0
7610,2,0.707100888,0,0,0,0
7612,1,0.705181095,0,0,0,0
7613,1,0.707885933,0,0,0,0
7614,1,0.707082907,0,0,0,0
7615,1,0.707106113,0,0,0,0
7617,1,0.708296864,0,0,0,0
7619,1,0.704850141,0,0,0,0
7620,1,0.707341853,0,0,0,0
7624,1,0.708868879,0,0,0,0
7629,1,0.707208978,0,0,0,0
7631,2,0.70744986,0,0,0,0
7633,2,0.708029257,0,0,0,0
7634,1,0.708066586,0,0,0,0
7635,1,0.708081844,0,0,0,0
7636,1,0.704858936,0,0,0,0
7637,1,0.706162293,0,0,0,0
7682,1,0.708880879,0,0,0,0
7783,1,0.707783286,0,0,0,0
7784,1,0.707657006,0,0,0,0
7844,2,0.707543047,0,0,0,0
7983,1,0.705211311,0,0,0,0
7984,1,0.707825858,0,0,0,0
7644,2,0.707126815,0,0,0,0
7645,1,0.70887993,0,0,0,0
7646,2,0.70523671,0,0,0,0
7653,1,0.706430727,0,0,0,0
7655,1,0.705371796,0,0,0,0
7662,1,0.707312592,0,0,0,0
7664,1,0.707087601,0,0,0,0
7666,1,0.705077779,0,0,0,0
7667,1,0.707428969,0,0,0,0
7668,1,0.707051561,0,0,0,0
7669,2,0.705954448,0,0,0,0
7670,2,0.707268293,0,0,0,0
7672,2,0.707112022,0,0,0,0
7674,1,0.708003971,0,0,0,0
7675,1,0.707515377,0,0,0,0
7676,2,0.707561019,0,0,0,0
7683,1,0.70712677,0,0,0,0
7684,1,0.707323778,0,0,0,0
7685,2,0.707347144,0,0,0,0
7687,1,0.707231484,0,0,0,0
7688,1,0.707242209,0,0,0,0
7689,1,0.707580235,0,0,0,0
7690,1,0.708869569,0,0,0,0
7691,2,0.70612029,0,0,0,0
7692,1,0.707716742,0,0,0,0
7693,1,0.708386933,0,0,0,0
7694,2,0.707472905,0,0,0,0
7695,1,0.707119196,0,0,0,0
7697,2,0.70714955,0,0,0,0
7698,2,0.70727213,0,0,0,0
7699,2,0.708877465,0,0,0,0
7700,2,0.707586958,0,0,0,0
7701,1,0.707043555,0,0,0,0
7702,1,0.70767535,0,0,0,0
7703,1,0.708186047,0,0,0,0
7704,1,0.705937511,0,0,0,0
7705,1,0.70900986,0,0,0,0
7706,1,0.70798587,0,0,0,0
7713,2,0.707284478,0,0,0,0
7714,1,0.707305907,0,0,0,0
7715,1,0.707415161,0,0,0,0
7716,1,0.707255587,0,0,0,0
7717,1,0.707162607,0,0,0,0
7720,2,0.70901928,0,0,0,0
7721,1,0.708177189,0,0,0,0
7722,1,0.70715901,0,0,0,0
7724,2,0.707127426,0,0,0,0
7725,2,0.706116646,0,0,0,0
7726,1,0.707123578,0,0,0,0
7727,1,0.707337251,0,0,0,0
7731,1,0.708865693,0,0,0,0
7732,1,0.70505297199999994,0,0,0,0
7733,2,0.707318787,0,0,0,0
7734,1,0.707109244,0,0,0,0
7735,1,0.708602574,0,0,0,0
7736,1,0.707446643,0,0,0,0
7737,1,0.707800048,0,0,0,0
7738,1,0.707082301,0,0,0,0
7739,1,0.707451406,0,0,0,0
7740,1,0.708880027,0,0,0,0
7744,2,0.707392855,0,0,0,0
7747,1,0.70714264,0,0,0,0
7748,1,0.707207704,0,0,0,0
7758,1,0.707645571,0,0,0,0
7759,1,0.707208202,0,0,0,0
7760,1,0.707206995,0,0,0,0
7761,1,0.707340948,0,0,0,0
7762,1,0.705254457,0,0,0,0
7763,1,0.705370181,0,0,0,0
7767,1,0.708145471,0,0,0,0
7768,2,0.707135543,0,0,0,0
7769,1,0.707129016,0,0,0,0
7770,1,0.707599032,0,0,0,0
7771,1,0.70539264,0,0,0,0
7773,2,0.707789762,0,0,0,0
7775,1,0.709033448,0,0,0,0
7776,2,0.707135974,0,0,0,0
7778,1,0.70779311,0,0,0,0
7785,1,0.707539074,0,0,0,0
7786,2,0.7056518,0,0,0,0
7787,2,0.705405663,0,0,0,0
7788,1,0.707141944,0,0,0,0
7789,1,0.70717942,0,0,0,0
7790,1,0.70705395,0,0,0,0
7792,1,0.705469859,0,0,0,0
7793,2,0.707123873,0,0,0,0
7794,1,0.707221945,0,0,0,0
7795,2,0.706101947,0,0,0,0
7796,2,0.70748452,0,0,0,0
7797,1,0.707939854,0,0,0,0
7800,1,0.705657286,0,0,0,0
7801,1,0.707515297,0,0,0,0
7802,2,0.705998,0,0,0,0
7803,1,0.707078061,0,0,0,0
7804,2,0.705488197,0,0,0,0
7805,1,0.707537685,0,0,0,0
7807,1,0.707211291,0,0,0,0
7809,1,0.708124548,0,0,0,0
7810,1,0.707154603,0,0,0,0
7811,2,0.707542412,0,0,0,0
7821,2,0.707139327,0,0,0,0
7822,2,0.707251792,0,0,0,0
7823,1,0.70814945,0,0,0,0
7827,1,0.70718821,0,0,0,0
7828,1,0.705122842,0,0,0,0
7829,1,0.70888325,0,0,0,0
7830,1,0.707614403,0,0,0,0
7831,1,0.707133995,0,0,0,0
7832,1,0.707509764,0,0,0,0
7852,2,0.705384592,0,0,0,0
7853,1,0.709038775,0,0,0,0
7854,1,0.707151892,0,0,0,0
7856,2,0.70716187,0,0,0,0
7914,2,0.706760992,0,0,0,0
7916,2,0.70537785,0,0,0,0
7918,2,0.706218824,0,0,0,0
7919,1,0.707426935,0,0,0,0
7923,2,0.707157439,0,0,0,0
7924,1,0.707153193,0,0,0,0
7925,1,0.708863418,0,0,0,0
7977,1,0.707156613,0,0,0,0
7979,1,0.709108425,0,0,0,0
7956,1,0.707209812,0,0,0,0
7957,1,0.70756207,0,0,0,0
7958,1,0.705198004,0,0,0,0
7959,2,0.708117033,0,0,0,0
8572,1,0.705233313,0,0,0,0
8573,1,0.707182693,0,0,0,0
8394,1,0.707631032,0,0,0,0
8395,1,0.707175019,0,0,0,0
8396,1,0.706913618,0,0,0,0
8038,2,0.707146534,0,0,0,0
8039,1,0.708865442,0,0,0,0
8184,2,0.708190566,0,0,0,0
8185,2,0.707177883,0,0,0,0
8186,1,0.707581951,0,0,0,0
8277,2,0.707633045,0,0,0,0
8278,1,0.707161367,0,0,0,0
8349,1,0.709285199,0,0,0,0
8350,1,0.707407134,0,0,0,0
8391,1,0.70767439,0,0,0,0
7936,1,0.708349767,0,0,0,0
7938,1,0.707125374,0,0,0,0
7940,2,0.707097013,0,0,0,0
7942,2,0.708156965,0,0,0,0
7948,2,0.708162597,0,0,0,0
7949,1,0.707103685,0,0,0,0
7950,2,0.707633224,0,0,0,0
7951,1,0.70719429599999994,0,0,0,0
7953,2,0.707785146,0,0,0,0
7954,1,0.70721833,0,0,0,0
7955,2,0.70527965,0,0,0,0
7963,2,0.70900246,0,0,0,0
8064,2,0.707405663,0,0,0,0
8169,1,0.707046154,0,0,0,0
8170,1,0.70885856,0,0,0,0
8171,1,0.708282157,0,0,0,0
8173,1,0.707159371,0,0,0,0
8202,2,0.708095645,0,0,0,0
8337,1,0.70714603,0,0,0,0
8338,1,0.707158274,0,0,0,0
8339,2,0.70713264,0,0,0,0
7965,1,0.707294443,0,0,0,0
7967,1,0.707659917,0,0,0,0
7969,1,0.707124763,0,0,0,0
7970,2,0.707822464,0,0,0,0
7972,1,0.70812488,0,0,0,0
7973,2,0.707246741,0,0,0,0
7980,1,0.708869694,0,0,0,0
7982,1,0.708867201,0,0,0,0
7989,2,0.70672396,0,0,0,0
7990,1,0.70713995,0,0,0,0
7991,1,0.707226477,0,0,0,0
7998,1,0.708885521,0,0,0,0
7999,1,0.707593236,0,0,0,0
8000,2,0.707429973,0,0,0,0
8002,1,0.707114556,0,0,0,0
8003,2,0.707185777,0,0,0,0
8004,1,0.708245411,0,0,0,0
8006,1,0.708858528,0,0,0,0
8007,1,0.70767513,0,0,0,0
8009,1,0.707164261,0,0,0,0
8010,2,0.706174018,0,0,0,0
8012,1,0.707097517,0,0,0,0
8013,1,0.708820318,0,0,0,0
8014,1,0.708063333,0,0,0,0
8016,1,0.707691581,0,0,0,0
8017,1,0.707102585,0,0,0,0
8018,1,0.707880533,0,0,0,0
8019,2,0.70589747,0,0,0,0
8022,1,0.707281434,0,0,0,0
8023,1,0.707159227,0,0,0,0
8025,1,0.707603461,0,0,0,0
8027,1,0.707198274,0,0,0,0
8028,2,0.706449514,0,0,0,0
8029,2,0.707284879,0,0,0,0
8030,1,0.707546896,0,0,0,0
8034,1,0.707199615,0,0,0,0
8035,2,0.707185006,0,0,0,0
8036,2,0.708070024,0,0,0,0
8046,2,0.707741159,0,0,0,0
8048,1,0.707352268,0,0,0,0
8049,2,0.707433097,0,0,0,0
8050,1,0.707185274,0,0,0,0
8051,2,0.707183769,0,0,0,0
8052,1,0.707516251,0,0,0,0
8053,2,0.706018683,0,0,0,0
8055,1,0.707199092,0,0,0,0
8056,1,0.708189758,0,0,0,0
8057,2,0.707278072,0,0,0,0
8058,1,0.70587322,0,0,0,0
8059,1,0.707067683,0,0,0,0
8091,2,0.705547085,0,0,0,0
8093,1,0.707108312,0,0,0,0
8152,1,0.707156407,0,0,0,0
8153,2,0.707582592,0,0,0,0
8373,2,0.7071448,0,0,0,0
8374,2,0.706431224,0,0,0,0
8376,1,0.708859541,0,0,0,0
8377,2,0.707178105,0,0,0,0
8461,2,0.707183476,0,0,0,0
8462,2,0.706288531,0,0,0,0
8463,1,0.707155544,0,0,0,0
8464,1,0.707150967,0,0,0,0
8465,1,0.707213733,0,0,0,0
8550,1,0.706595438,0,0,0,0
8551,2,0.707258547,0,0,0,0
8552,1,0.70702362,0,0,0,0
8292,1,0.709153632,0,0,0,0
8293,2,0.707237059,0,0,0,0
8294,1,0.707242622,0,0,0,0
8301,2,0.70716172,0,0,0,0
8302,1,0.706292228,0,0,0,0
8303,2,0.70716586,0,0,0,0
8304,2,0.707161852,0,0,0,0
8306,1,0.707049209,0,0,0,0
8061,1,0.708179958,0,0,0,0
8062,2,0.707126502,0,0,0,0
8949,2,0.707353533,0,0,0,0
8951,1,0.705833998,0,0,0,0
9347,1,0.706739654,0,0,0,0
9349,1,0.707553626,0,0,0,0
9350,2,0.707549799,0,0,0,0
9354,1,0.707753167,0,0,0,0
9355,1,0.70729573,0,0,0,0
9356,1,0.708448375,0,0,0,0
9357,1,0.708534757,0,0,0,0
10685,2,0.708214068,0,0,0,0
10688,2,0.705406172,0,0,0,0
10689,1,0.706680985,0,0,0,0
10690,2,0.706639029,0,0,0,0
10742,1,0.704730204,0,0,0,0
10743,2,0.706577675,0,0,0,0
10747,3,0.707396313,0,0,0,0
10749,4,0.708149047,0,0,0,0
10901,3,0.704852771,13.178272859153052,1.2744661546790296e-4,0.19521900552205348,25.333073543016944
10908,7,0.70891437,0,0,0,0
11079,4,0.708201392,0,0,0,0
11081,5,0.707559063,38.24345211413031,3.698510865457957e-4,0.5665270987514377,73.51677987705399
11082,5,0.707568096,38.31214697210789,3.705154321123856e-4,0.5675447238986926,73.64883450270733
11084,4,0.708191488,0,0,0,0
11152,4,0.706232914,43.285696207923706,4.186144526549333e-4,0.6412213995987687,83.20966921203171
8069,3,0.707671733,42.30669993479482,4.0914661397079894e-4,0.6267188406600778,81.32770904543159
8070,3,0.705863656,43.298566617864026,4.18738921938891e-4,0.641412058014789,83.23441046948112
8072,4,0.705636831,42.03547105208438,4.0652356894145146e-4,0.6227009368484403,80.80631589276807
8074,4,0.707125416,0,0,0,0
8085,4,0.708218219,43.835835502838265,4.23934830516442e-4,0.6493709991099997,84.26722200107524
8128,3,0.707347478,31.894689592639967,3.0845242646179016e-4,0.47247842340623136,61.312322617515875
8134,3,0.707700914,42.45022764769969,4.1053466545759674e-4,0.6288450174115845,81.60361759166834
8135,4,0.708149216,42.54845688699852,4.11484636991987e-4,0.6303001560791518,81.79244723344522
8239,4,0.706996111,0,0,0,0
8500,4,0.708276345,44.38981663712656,4.2929236267203667e-4,0.6575775104844114,85.33216009777142
8089,3,0.70765632,41.416304264106756,4.0053562861108613e-4,0.6135287846329606,79.61606904154003
8103,3,0.70717008,0,0,0,0
8110,4,0.706966399,23.938458716492146,2.3150799619511895e-4,0.35461719106221873,46.017770435688576
8114,4,0.708124715,43.46610103666962,4.203591414380134e-4,0.6438938629507999,83.55646798019967
8116,3,0.707619632,0,0,0,0
8117,4,0.708098124,42.79222335640168,4.138420939836605e-4,0.6339112398869554,82.26104838950813
8119,3,0.707132796,0,0,0,0
8122,4,0.707123073,0,0,0,0
8124,3,0.707398665,0,0,0,0
8138,3,0.707644873,41.34138798674329,3.9981111591541856e-4,0.6124189972336087,79.47205475497141
8140,3,0.705981866,47.85473749899875,4.6280149102515233e-4,0.7089058151945006,91.99290357703363
8141,3,0.707154286,0,0,0,0
8142,3,0.707161403,0,0,0,0
8143,3,0.705887836,44.071720606674134,4.2621606709762996e-4,0.6528653307178266,84.72067252126429
8145,4,0.706962223,0,0,0,0
8155,7,0.708764076,0,0,0,0
8157,4,0.708211678,43.061592522352065,4.1644715375732764e-4,0.637901594408915,82.77886654095904
8191,4,0.705656964,42.257613022298166,4.086718961585082e-4,0.6259916817717953,81.2333474870113
8194,5,0.707880906,41.978534322699204,4.0597293582484296e-4,0.6218574931129032,80.69686434564734
8199,3,0.707156175,0,0,0,0
8200,3,0.705898514,44.04691835658194,4.2597620540528057e-4,0.6524979175788321,84.67299425322923
8201,3,0.706111648,43.31731810028133,4.189202668688855e-4,0.6416898368852597,83.27045712659584
8295,4,0.707440833,0,0,0,0
8297,3,0.707441582,0,0,0,0
8413,3,0.707164167,0,0,0,0
8446,3,0.709233897,62.73311720365214,6.066897802775178e-4,0.9293096967019752,120.59415438488332
8447,4,0.707663641,41.45977993106782,4.009560802642441e-4,0.6141728202026637,79.69964389844486
8448,5,0.706580259,25.452144888678088,2.4614680217428597e-4,0.37704048676757224,48.92758445539152
8565,7,0.708802877,0,0,0,0
8568,5,0.70753391,39.646329034605046,3.834182601309411e-4,0.5873088992356114,76.21358123926768
8569,3,0.707187247,0,0,0,0
11599,3,0.706688588,24.64222663049273,2.383141110534848e-4,0.36504259913791354,47.370649110545386
11640,5,0.709216953,61.96797879374736,5.992901535017581e-4,0.9179751643952936,119.12330097215846
9429,3,0.707263996,0,0,0,0
9432,3,0.708610524,40.67149700013225,3.9333262363585295e-4,0.6024954318611127,78.18429893059303
10321,3,0.706274698,41.37157604381446,4.00103063558512e-4,0.612866194111611,79.53008635577966
9616,5,0.70805235,42.21587732384919,4.082682716799168e-4,0.6253734215769232,81.15311743490378
9617,6,0.707207464,25.664892398990112,2.482042758985197e-4,0.3801920649625524,49.336556737452355
9618,5,0.705893361,44.05990519226768,4.261018006385463e-4,0.6526903006911371,84.6979593201264
9619,5,0.708052797,42.21404791828864,4.0825057956278565e-4,0.6253463213083187,81.14960070201316
9751,3,0.706384598,38.923111546923444,3.764240491264086e-4,0.5765953709735752,74.82331394105275
9754,5,0.707624625,41.188284941776,3.9833046172746406e-4,0.6101509743674595,79.17773919941494
9757,4,0.707429094,33.27416207363671,3.217932565321007e-4,0.49291351750114387,63.964132773911786
9758,5,0.707665925,41.472632607380824,4.0108037804691284e-4,0.6143632159180156,79.72435106589705
8210,4,0.705909647,45.620894430668514,4.411980729150631e-4,0.6758143299177427,87.69870574561875
8215,3,0.707303634,28.37568458006051,2.744202521805953e-4,0.42034893221074904,54.54761120694565
8217,3,0.707155207,0,0,0,0
8219,4,0.705937239,47.96734518015614,4.638905159673874e-4,0.7105739518133611,92.20937342090147
8221,3,0.706059407,44.369987079802414,4.2910059171736003e-4,0.6572837613336588,85.29404101802652
8541,3,0.707764292,0,0,0,0
8543,4,0.706892336,26.444985490673197,2.557485288782149e-4,0.391748131466914,50.83615807923829
8830,4,0.705640502,42.07793918220186,4.069342767410675e-4,0.6233300470677022,80.88795392492895
9126,5,0.705959902,47.92279424368306,4.634596654204225e-4,0.7099139875216588,92.12373153427906
9177,3,0.709240884,62.71111743079037,6.06477021244353e-4,0.9289837986252174,120.55186342082501
8231,3,0.707657547,0,0,0,0
8870,5,0.70686975,26.50474498227304,2.5632646082938043e-4,0.3926333907603973,50.951035924899266
8872,3,0.707489394,0,0,0,0
8874,5,0.707922647,42.724591885855034,4.1318803239968747e-4,0.6329093674440928,82.13103795221548
8875,3,0.707069118,23.96991438669629,2.3181220288044405e-4,0.3550831659832811,46.07823881535739
8435,5,0.707894442,42.77176085227226,4.1364420182258866e-4,0.6336081144509191,82.22171257308324
8440,7,0.708772304,0,0,0,0
8441,3,0.70735568,0,0,0,0
8443,3,0.70782386,0,0,0,0
8444,4,0.707899654,0,0,0,0
8453,3,0.708293993,43.53385074720121,4.2101434651674145e-4,0.6448974869655506,83.68670571451877
8456,4,0.706452402,32.16442078530469,3.110609873831376e-4,0.47647414088401235,61.830836706095795
8457,5,0.708178071,42.4136854675687,4.101812673128407e-4,0.6283036924488201,81.5333712288426
8458,5,0.708029608,0,0,0,0
8649,5,0.708114489,0,0,0,0
8650,3,0.707436144,0,0,0,0
8510,4,0.708255979,44.47465478718295,4.301128294511666e-4,0.658834277547998,85.4952475613262
8513,3,0.707373902,0,0,0,0
8516,3,0.707184786,0,0,0,0
8520,3,0.708296983,43.528279935349644,4.2096047139035135e-4,0.6448149626195125,83.6759967401457
8523,3,0.708303646,42.717898662446885,4.1312330247042766e-4,0.6328102160278608,82.11817132525678
8537,3,0.7083041,42.717782665759415,4.1312218067052404e-4,0.6328084976875128,82.11794834060275
8538,4,0.7081271,43.45511368598807,4.2025288315422393e-4,0.6437310996132746,83.53534659609771
8539,4,0.706854528,0,0,0,0
8554,4,0.707281393,0,0,0,0
8560,4,0.708255853,44.47519999180188,4.3011810210594946e-4,0.6588423540466902,85.496295628008
8563,5,0.706309685,41.92039964726844,4.05410717413966e-4,0.6209963033617698,80.58510994324368
8579,3,0.707183746,0,0,0,0
8584,3,0.707191854,0,0,0,0
8586,5,0.706638519,24.672138004597933,2.386033829053007e-4,0.36548569731694086,47.42814883361824
8598,5,0.706700364,24.620950460116024,2.3810834995462073e-4,0.36472742029265437,47.32974915387978
8600,3,0.70719566,0,0,0,0
8601,5,0.706666148,24.667774781374067,2.3856118632625305e-4,0.3654210618288357,47.419761250814624
8603,4,0.708113855,0,0,0,0
8631,7,0.708815633,0,0,0,0
8677,5,0.706729025,24.546648670998657,2.3738977995326876e-4,0.3636267357389932,47.18691612043104
8678,3,0.706124658,42.44266278415393,4.1046150592708103e-4,0.6287329537782013,81.5890753791496
8728,3,0.706194637,43.55278041914462,4.2119741471140476e-4,0.6451779054825404,83.72309491184477
8729,3,0.707743293,0,0,0,0
8922,4,0.706080133,45.07716373506972,4.35939672393181e-4,0.667759665486289,86.65347244028216
8924,4,0.705635059,42.014660214704485,4.063223080617089e-4,0.622392651307474,80.76631046265813
8640,5,0.706314267,41.082489617000924,3.973073188453112e-4,0.608583753965195,78.97436499615789
8645,3,0.70767592,42.33075608941938,4.093792602000006e-4,0.6270752013632355,81.37395306699493
8664,4,0.708178631,42.4112285046284,4.101575061102599e-4,0.6282672957322749,81.5286481195608
8665,4,0.705753789,41.43860934267295,4.007513402450301e-4,0.613859205417408,79.6589469058656
8673,3,0.707277969,0,0,0,0
8674,3,0.707195242,0,0,0,0
8675,3,0.707183327,0,0,0,0
8686,5,0.707894678,42.77159129951449,4.136425620838041e-4,0.6336056027469115,82.22138663564608
8790,4,0.707299379,0,0,0,0
8791,5,0.707557167,38.22956616483988,3.697167960163357e-4,0.5663213964382302,73.49008641135111
8838,3,0.708238301,42.951944684281784,4.15386753353968e-4,0.6362773040231795,82.56808651118163
8841,4,0.707956585,0,0,0,0
8842,5,0.707909047,42.754107099003626,4.1347347299276104e-4,0.6333465970128096,82.18777612066309
8843,3,0.707646605,41.35326518628676,3.9992597989639924e-4,0.61259494252689894,79.49488672792687
8928,5,0.707571303,38.33802824227646,3.7076572897011865e-4,0.5679281213194287,73.69858701030637
8929,4,0.70582828,43.28677153500853,4.1862485210552496e-4,0.6412373291736344,83.21173635242361
8932,5,0.708152733,0,0,0,0
8933,3,0.707642591,0,0,0,0
8691,3,0.70599949,46.186437211942575,4.466674173539e-4,0.6841921120839252,88.78586921710412
8692,5,0.708185409,42.37992052152892,4.0985472770175375e-4,0.6278035086039536,81.4684636441884
8693,4,0.707316639,0,0,0,0
8694,5,0.706335563,40.11864019618137,3.879859648395902e-4,0.5943055759811421,77.12152217502471
8705,4,0.706297211,42.017216787087634,4.063470325837243e-4,0.6224305236086107,80.77122505479721
8706,4,0.706302202,41.97961761984187,4.0598341235358493e-4,0.6218735407538296,80.6989468071715
8708,5,0.707929268,42.705666449249485,4.1300500516482834e-4,0.6326290116681355,82.0946568966336
8720,3,0.705627978,42.73420796092661,4.132810291250593e-4,0.6330518171135269,82.14952328330453
8722,4,0.706276949,41.35631714170081,3.9995549525036385e-4,0.6126401532845754,79.50075361289582
8733,3,0.707291057,0,0,0,0
8735,5,0.707903739,42.762206600125126,4.135518029845548e-4,0.6334665806078575,82.20334608645189
8736,5,0.708229653,42.989664289516696,4.15751538335684e-4,0.6368360710104276,82.64059628113725
8740,3,0.705865097,44.09734252424038,4.264638557654255e-4,0.6532448861664282,84.7699264659167
8763,3,0.707340452,0,0,0,0
8780,5,0.706797669,26.66681734074795,2.578938569342639e-4,0.3950342823629802,51.26259351825138
8782,5,0.708132711,0,0,0,0
8787,4,0.705615022,41.77975949181142,4.04050591394157e-4,0.6189129020254773,80.31475225378216
10744,1,0.706546658,0,0,0,0
10745,1,0.707400472,0,0,0,0
10746,1,0.708139118,0,0,0,0
10748,2,0.706510812,0,0,0,0
11160,2,0.709194754,0,0,0,0
11161,1,0.7081575,0,0,0,0
11162,1,0.705274798,0,0,0,0
11301,2,0.706554885,0,0,0,0
11302,2,0.708970899,0,0,0,0
11303,1,0.708809845,0,0,0,0
11608,1,0.707516256,0,0,0,0
10903,1,0.707172541,0,0,0,0
10904,1,0.708245506,0,0,0,0
10909,2,0.708977966,0,0,0,0
10910,1,0.706995142,0,0,0,0
10911,1,0.70913077,0,0,0,0
10912,2,0.709496333,0,0,0,0
10913,1,0.707098065,0,0,0,0
11080,1,0.708182032,0,0,0,0
11083,1,0.708476798,0,0,0,0
11151,2,0.708162139,0,0,0,0
8063,1,0.707115641,0,0,0,0
8067,1,0.705740787,0,0,0,0
8068,1,0.707170982,0,0,0,0
8071,1,0.707142928,0,0,0,0
8073,1,0.707144843,0,0,0,0
8075,1,0.707426011,0,0,0,0
8076,2,0.707581889,0,0,0,0
8077,1,0.706497964,0,0,0,0
8078,1,0.707828247,0,0,0,0
8079,1,0.707341791,0,0,0,0
8080,1,0.705824816,0,0,0,0
8081,1,0.70809994,0,0,0,0
8086,1,0.707556061,0,0,0,0
8087,1,0.707354781,0,0,0,0
8127,1,0.709072993,0,0,0,0
8129,1,0.707203533,0,0,0,0
8130,1,0.70720086,0,0,0,0
8131,1,0.707342689,0,0,0,0
8132,1,0.707326179,0,0,0,0
8133,1,0.707200045,0,0,0,0
8238,1,0.707631002,0,0,0,0
8240,1,0.708931667,0,0,0,0
8319,2,0.706599524,0,0,0,0
8320,1,0.707336721,0,0,0,0
8321,1,0.707169083,0,0,0,0
8499,2,0.708200415,0,0,0,0
8501,1,0.708331319,0,0,0,0
8622,2,0.707319529,0,0,0,0
8623,2,0.707139225,0,0,0,0
8624,1,0.707295694,0,0,0,0
8088,1,0.707373872,0,0,0,0
8090,1,0.70717049,0,0,0,0
8094,1,0.707765902,0,0,0,0
8095,1,0.707243878,0,0,0,0
8096,1,0.705651344,0,0,0,0
8104,1,0.707770882,0,0,0,0
8105,2,0.707547679,0,0,0,0
8106,1,0.70737817,0,0,0,0
8107,2,0.707113447,0,0,0,0
8108,1,0.708415214,0,0,0,0
8109,1,0.708090581,0,0,0,0
8111,2,0.705728203,0,0,0,0
8112,1,0.707161441,0,0,0,0
8113,2,0.707171841,0,0,0,0
8115,2,0.708268782,0,0,0,0
8118,2,0.7073723,0,0,0,0
8120,1,0.707311004,0,0,0,0
8121,1,0.707258441,0,0,0,0
8123,1,0.707137147,0,0,0,0
8125,1,0.706186764,0,0,0,0
8126,1,0.707242989,0,0,0,0
8136,1,0.7071479,0,0,0,0
8137,2,0.707174887,0,0,0,0
8139,1,0.707529977,0,0,0,0
8144,1,0.707138622,0,0,0,0
8146,1,0.707555913,0,0,0,0
8147,2,0.708247897,0,0,0,0
8154,1,0.708850128,0,0,0,0
8156,2,0.707380921,0,0,0,0
8158,1,0.707136371,0,0,0,0
8159,1,0.708866906,0,0,0,0
8163,2,0.707164369,0,0,0,0
8164,1,0.707443961,0,0,0,0
8165,2,0.707448721,0,0,0,0
8166,1,0.707228561,0,0,0,0
8167,1,0.707119371,0,0,0,0
8168,2,0.707119253,0,0,0,0
8190,1,0.706717948,0,0,0,0
8192,1,0.706061152,0,0,0,0
8193,2,0.709032749,0,0,0,0
8195,1,0.707204338,0,0,0,0
8296,2,0.708218798,0,0,0,0
8298,1,0.707048769,0,0,0,0
8299,2,0.707173814,0,0,0,0
8300,1,0.707045227,0,0,0,0
8412,2,0.705950951,0,0,0,0
8414,2,0.705594583,0,0,0,0
8445,1,0.708195894,0,0,0,0
8449,2,0.707170117,0,0,0,0
8450,1,0.705099493,0,0,0,0
8451,1,0.705766201,0,0,0,0
8452,2,0.706332624,0,0,0,0
8566,1,0.707441144,0,0,0,0
8567,2,0.707172898,0,0,0,0
8570,1,0.709224711,0,0,0,0
8574,1,0.707190443,0,0,0,0
8575,1,0.707207307,0,0,0,0
8749,1,0.709347608,0,0,0,0
8750,1,0.707716469,0,0,0,0
8751,1,0.70893903,0,0,0,0
8752,2,0.707304532,0,0,0,0
8753,1,0.70882688,0,0,0,0
8754,1,0.707991302,0,0,0,0
8755,2,0.708880509,0,0,0,0
8756,2,0.708229965,0,0,0,0
11598,1,0.70680361,0,0,0,0
11600,1,0.707031841,0,0,0,0
11601,2,0.705688639,0,0,0,0
11638,1,0.706616191,0,0,0,0
11639,1,0.706895267,0,0,0,0
11641,1,0.708912143,0,0,0,0
9426,2,0.707629747,0,0,0,0
9427,2,0.70839309,0,0,0,0
9428,2,0.704802989,0,0,0,0
9430,1,0.706913677,0,0,0,0
9431,2,0.708391607,0,0,0,0
9433,1,0.707633048,0,0,0,0
10320,1,0.707343228,0,0,0,0
10322,1,0.707186858,0,0,0,0
9615,1,0.707445677,0,0,0,0
9752,2,0.7072159,0,0,0,0
9753,2,0.707343014,0,0,0,0
9755,1,0.708588476,0,0,0,0
9756,1,0.707357468,0,0,0,0
8207,1,0.708193751,0,0,0,0
8208,2,0.707453689,0,0,0,0
8209,2,0.706317341,0,0,0,0
8211,1,0.707433797,0,0,0,0
8212,2,0.708864556,0,0,0,0
8213,1,0.704838647,0,0,0,0
8214,2,0.708244609,0,0,0,0
8216,1,0.707396001,0,0,0,0
8218,1,0.708188125,0,0,0,0
8220,1,0.707198174,0,0,0,0
8222,1,0.707155881,0,0,0,0
8355,1,0.708245079,0,0,0,0
8356,1,0.707179604,0,0,0,0
8357,1,0.708894055,0,0,0,0
8829,2,0.707213328,0,0,0,0
8831,1,0.707412386,0,0,0,0
9123,1,0.705194433,0,0,0,0
9124,1,0.706185384,0,0,0,0
9125,1,0.707557173,0,0,0,0
9127,1,0.70778909,0,0,0,0
9128,1,0.707317257,0,0,0,0
9178,2,0.707324379,0,0,0,0
9179,1,0.708331475,0,0,0,0
8229,2,0.70714633,0,0,0,0
8230,1,0.707407766,0,0,0,0
8826,1,0.706271659,0,0,0,0
8827,1,0.708360251,0,0,0,0
8828,1,0.707507027,0,0,0,0
8868,1,0.707056945,0,0,0,0
8869,1,0.707395508,0,0,0,0
8871,1,0.707505872,0,0,0,0
8873,1,0.708382456,0,0,0,0
8876,2,0.708967186,0,0,0,0
8430,2,0.708301171,0,0,0,0
8431,2,0.708586121,0,0,0,0
8432,1,0.707444042,0,0,0,0
8433,1,0.707108488,0,0,0,0
8434,1,0.707150265,0,0,0,0
8436,1,0.707174066,0,0,0,0
8437,1,0.709176407,0,0,0,0
8438,1,0.70716652,0,0,0,0
8439,1,0.707551488,0,0,0,0
8442,2,0.705104026,0,0,0,0
8454,2,0.707563756,0,0,0,0
8455,1,0.705098339,0,0,0,0
8459,1,0.707182323,0,0,0,0
8502,2,0.709004278,0,0,0,0
8503,2,0.708865552,0,0,0,0
8504,1,0.705591534,0,0,0,0
8607,1,0.708220341,0,0,0,0
8608,2,0.707549372,0,0,0,0
8609,2,0.706914059,0,0,0,0
8651,1,0.707195241,0,0,0,0
8820,1,0.708368719,0,0,0,0
8821,1,0.706111555,0,0,0,0
8822,1,0.707553965,0,0,0,0
8859,1,0.70721631,0,0,0,0
8860,1,0.707554962,0,0,0,0
8861,1,0.708401528,0,0,0,0
8508,2,0.709253698,0,0,0,0
8509,1,0.707158734,0,0,0,0
8511,1,0.70916785,0,0,0,0
8512,1,0.708227508,0,0,0,0
8514,2,0.708298066,0,0,0,0
8515,2,0.707632357,0,0,0,0
8521,1,0.707170361,0,0,0,0
8522,1,0.708247039,0,0,0,0
8524,2,0.709222324,0,0,0,0
8525,1,0.707226275,0,0,0,0
8532,2,0.706029988,0,0,0,0
8533,1,0.706107943,0,0,0,0
8534,1,0.707233691,0,0,0,0
8535,1,0.706391789,0,0,0,0
8536,1,0.707370172,0,0,0,0
8540,1,0.707607957,0,0,0,0
8544,1,0.707222826,0,0,0,0
8545,1,0.705359458,0,0,0,0
8546,1,0.707323469,0,0,0,0
8547,1,0.707190596,0,0,0,0
8548,1,0.70807749,0,0,0,0
8549,2,0.707143055,0,0,0,0
8553,1,0.708846385,0,0,0,0
8555,2,0.708292048,0,0,0,0
8556,2,0.707179684,0,0,0,0
8557,1,0.709292781,0,0,0,0
8558,2,0.706069098,0,0,0,0
8559,1,0.709208618,0,0,0,0
8561,1,0.707376499,0,0,0,0
8562,2,0.707262129,0,0,0,0
8564,1,0.707200361,0,0,0,0
8576,1,0.70577174,0,0,0,0
8577,1,0.709272616,0,0,0,0
8578,1,0.706613515,0,0,0,0
8580,1,0.707211207,0,0,0,0
8581,1,0.708913385,0,0,0,0
8582,1,0.708338703,0,0,0,0
8583,1,0.708258686,0,0,0,0
8585,1,0.707770895,0,0,0,0
8587,1,0.707180243,0,0,0,0
8588,1,0.707181659,0,0,0,0
8592,1,0.709235263,0,0,0,0
8593,1,0.707531378,0,0,0,0
8594,2,0.704707917,0,0,0,0
8595,1,0.708837183,0,0,0,0
8596,1,0.707231835,0,0,0,0
8597,1,0.707051942,0,0,0,0
8599,2,0.707142101,0,0,0,0
8602,1,0.708326146,0,0,0,0
8610,1,0.707241748,0,0,0,0
8611,2,0.707575457,0,0,0,0
8612,1,0.708882473,0,0,0,0
8613,2,0.708901861,0,0,0,0
8614,1,0.707652589,0,0,0,0
8615,1,0.70926249,0,0,0,0
8619,2,0.707268219,0,0,0,0
8620,1,0.707302997,0,0,0,0
8621,1,0.706787061,0,0,0,0
8625,2,0.70579248000000006,0,0,0,0
8626,1,0.70578013,0,0,0,0
8627,1,0.706909477,0,0,0,0
8632,2,0.704737697,0,0,0,0
8633,2,0.708205612,0,0,0,0
8676,1,0.70835163,0,0,0,0
8727,2,0.707482978,0,0,0,0
8730,1,0.709354336,0,0,0,0
8731,2,0.7088606,0,0,0,0
8732,2,0.707723223,0,0,0,0
8823,2,0.707478074,0,0,0,0
8824,1,0.707229761,0,0,0,0
8825,1,0.70747173,0,0,0,0
8923,2,0.708379278,0,0,0,0
8925,1,0.708409345,0,0,0,0
8926,2,0.708414851,0,0,0,0
8927,1,0.709228586,0,0,0,0
8634,2,0.70741821,0,0,0,0
8635,2,0.707126134,0,0,0,0
8636,1,0.705078012,0,0,0,0
8641,1,0.707941771,0,0,0,0
8642,1,0.708342598,0,0,0,0
8643,1,0.707144682,0,0,0,0
8644,1,0.707180079,0,0,0,0
8646,1,0.70729258800000006,0,0,0,0
8647,2,0.707203371,0,0,0,0
8648,1,0.707223682,0,0,0,0
8666,1,0.706982075,0,0,0,0
8679,2,0.708860842,0,0,0,0
8680,1,0.707474908,0,0,0,0
8681,1,0.707192789,0,0,0,0
8682,1,0.706377594,0,0,0,0
8683,2,0.70764411,0,0,0,0
8684,2,0.707164113,0,0,0,0
8685,2,0.706054587,0,0,0,0
8687,2,0.7058005,0,0,0,0
8688,1,0.707178916,0,0,0,0
8689,2,0.707175739,0,0,0,0
8690,1,0.705327769,0,0,0,0
8792,1,0.70774268,0,0,0,0
8839,1,0.708408194,0,0,0,0
8840,1,0.707201785,0,0,0,0
8930,1,0.708424151,0,0,0,0
8931,1,0.707867771,0,0,0,0
8967,2,0.707430018,0,0,0,0
8968,2,0.708411412,0,0,0,0
8969,1,0.707223405,0,0,0,0
8970,1,0.708859947,0,0,0,0
8971,1,0.707548412,0,0,0,0
8972,1,0.707582472,0,0,0,0
8695,1,0.708375018,0,0,0,0
8696,1,0.707633502,0,0,0,0
8697,1,0.708839619,0,0,0,0
8698,1,0.707016073,0,0,0,0
8699,1,0.708869212,0,0,0,0
8703,1,0.70882801,0,0,0,0
8704,1,0.705679411,0,0,0,0
8707,1,0.707205698,0,0,0,0
8709,1,0.708806523,0,0,0,0
8710,2,0.707498474,0,0,0,0
8711,2,0.707158579,0,0,0,0
8718,1,0.707255776,0,0,0,0
8719,1,0.708871515,0,0,0,0
8721,2,0.707628448,0,0,0,0
8723,1,0.707555012,0,0,0,0
8724,2,0.706062749,0,0,0,0
8725,1,0.708281047,0,0,0,0
8726,1,0.70704003,0,0,0,0
8734,1,0.707477556,0,0,0,0
8737,1,0.706994969,0,0,0,0
8738,1,0.708373265,0,0,0,0
8739,2,0.70580989,0,0,0,0
8741,2,0.70746318,0,0,0,0
8742,1,0.707618446,0,0,0,0
8743,1,0.70928945,0,0,0,0
8744,1,0.708807567,0,0,0,0
8745,1,0.707565472,0,0,0,0
8746,1,0.708327186,0,0,0,0
8747,2,0.705473153,0,0,0,0
8748,1,0.707876739,0,0,0,0
8760,1,0.708079256,0,0,0,0
8761,2,0.708973559,0,0,0,0
8762,1,0.707244634,0,0,0,0
8764,1,0.7071803,0,0,0,0
8765,1,0.70833691,0,0,0,0
8766,1,0.707435426,0,0,0,0
8767,2,0.706015227,0,0,0,0
8768,2,0.708224429,0,0,0,0
8769,1,0.708823351,0,0,0,0
8770,1,0.707209615,0,0,0,0
8771,1,0.707190806,0,0,0,0
8778,1,0.707417713,0,0,0,0
8779,1,0.707226845,0,0,0,0
8781,1,0.708357445,0,0,0,0
8783,2,0.707498127,0,0,0,0
8784,1,0.708887525,0,0,0,0
8785,2,0.707757187,0,0,0,0
8786,1,0.707007677,0,0,0,0
8788,2,0.708368706,0,0,0,0
8789,2,0.705806705,0,0,0,0
8803,3,0.706154972,43.05184057681469,4.1635284303343775e-4,0.6377571319949055,82.76012002112856
8813,4,0.706156324,43.04260491656621,4.162635252865023e-4,0.6376203176772541,82.74236597529921
8816,5,0.707929835,42.70390721890198,4.1298799170972586e-4,0.6326029509542168,82.09127506410906
8901,3,0.707296806,0,0,0,0
8902,5,0.707959772,41.00221637032327,3.9653099908694607e-4,0.6073946100194043,78.82005281250862
9053,3,0.707603738,41.81614623487317,4.04402486312458e-4,0.6194519243898358,80.38469981427254
9102,3,0.708326237,40.33165047828136,3.900459798205861e-4,0.5974610467990535,77.53099959285719
9104,3,0.708332917,40.3339341077405,3.9006806472113875e-4,0.5974948758050818,77.53538949687963
8844,5,0.707954473,41.82389047885604,4.0447738062490116e-4,0.6195666453115387,80.3995868563341
8848,4,0.708247651,43.71232833731697,4.227403970424993e-4,0.6475414007790494,84.02979968172576
8850,5,0.706953052,22.336536701695913,2.1601586447108173e-4,0.3308867958886813,42.938337444374795
8852,3,0.707491141,0,0,0,0
8856,3,0.707673414,0,0,0,0
8864,4,0.707423327,0,0,0,0
9522,3,0.707325164,0,0,0,0
9523,3,0.70763507,0,0,0,0
9119,3,0.708434497,39.52750509131544,3.8226911793524796e-4,0.5855486767626722,75.98516164846097
9243,3,0.707255465,0,0,0,0
9365,5,0.706438551,33.8292662817755,3.271616498955863e-4,0.501136665756774,65.03122979634527
9477,3,0.707657192,0,0,0,0
9478,3,0.707256324,0,0,0,0
8883,3,0.707900023,42.76673309863855,4.135955785932117e-4,0.6335336348074276,82.21204753928706
8887,3,0.707485976,0,0,0,0
9015,3,0.707718075,0,0,0,0
9016,5,0.707051327,23.966739364052053,2.3178149734760477e-4,0.3550361321443447,46.072135353772794
9115,3,0.709365579,57.149624889183904,5.526920215745797e-4,0.8465975060666562,109.86080389646551
9149,3,0.705564615,40.38374972062364,3.9054982976935643e-4,0.5982328294436547,77.63115186257406
8889,3,0.708961545,63.61793935518796,6.152468643286303e-4,0.942417188277909,122.29508021005917
8890,5,0.706366551,39.859300780794705,3.8547790243249723e-4,0.5904637991940351,76.6229845781172
8897,4,0.707433763,0,0,0,0
8898,3,0.707209188,0,0,0,0
8904,4,0.70818942,0,0,0,0
8907,5,0.706371157,39.82549042975126,3.8515092371120937e-4,0.5899629427329801,76.55798970977193
8916,3,0.707475059,0,0,0,0
8945,3,0.707698087,0,0,0,0
8985,4,0.707937745,0,0,0,0
8986,5,0.708240397,43.74340658752333,4.230409537122388e-4,0.6480017847127785,84.08954253319656
9549,5,0.707381776,31.34801041897957,3.0316551131179644e-4,0.46438008109975254,60.26142134549102
9492,3,0.706009988,46.947491350134456,4.54027545280909e-4,0.6954661412070261,90.2488712856674
9635,5,0.707557399,38.23127657564977,3.6973333733939906e-4,0.5663467339540724,73.4933743963017
8958,3,0.70841644,40.3409710230926,3.901361184831563e-4,0.5975991185713124,77.54891681537092
8959,3,0.705897656,44.049212391905016,4.2599839094057903e-4,0.6525319007342265,84.67740416082266
8963,5,0.706388119,38.09820962392402,3.6844645150774783e-4,0.564375519800185,73.23757495200107
8966,5,0.705980611,47.859594225412565,4.628484602562731e-4,0.708977761291742,92.00223983898043
8974,3,0.706265117,40.6358380942484,3.9298776760541887e-4,0.60196719145973,78.11575051799953
8975,3,0.706234162,43.27700235802273,4.185303747369005e-4,0.6410926114980846,83.19295670795266
8977,3,0.705858276,43.30249452246947,4.187769085668198e-4,0.641470244822655,83.24196122346105
8988,4,0.708274687,44.39671147106874,4.2935904236971297e-4,0.6576796484989917,85.34541428799733
8999,3,0.707857081,41.97130317027728,4.059030036029231e-4,0.6217503729766247,80.68296363816744
9163,3,0.707782604,45.03614603550193,4.355429916566334e-4,0.667152041512798,86.57462262355565
9381,4,0.707960587,0,0,0,0
9436,3,0.706357909,41.5303082216388,4.0163815689325886e-4,0.6152176052737873,79.83522299830064
9574,3,0.70732941,0,0,0,0
9696,3,0.707339152,0,0,0,0
9697,3,0.707336705,0,0,0,0
9003,3,0.706272903,41.38352178443305,4.0021859039783065e-4,0.6130431547519551,79.55305008773838
9004,5,0.705973319,47.88549451469276,4.6309894104716885e-4,0.7093614404559277,92.05202890770994
9007,3,0.707632432,41.25041877507947,3.98931355854123e-4,0.6110714064511183,79.29718132854745
9028,4,0.707929335,0,0,0,0
9029,3,0.707761901,0,0,0,0
9031,5,0.707089188,23.16502247449167,2.2402812137565728e-4,0.34315973714456244,44.5309657983249
9033,3,0.708893315,60.650241328064745,5.865463606032936e-4,0.8984545944132386,116.59016628255908
9048,3,0.707788517,0,0,0,0
9063,3,0.707809967,0,0,0,0
9070,3,0.70629204,42.05456436689359,4.0670821972054095e-4,0.62298377952206,80.84301966673081
9071,3,0.708380335,40.34447940436454,3.901700479156137e-4,0.5976510906855812,77.5556611043782
9072,5,0.705971837,47.89027417682204,4.631451649922918e-4,0.7094322449458319,92.0612170261778
9074,5,0.708249134,43.70556477408681,4.2267498685928336e-4,0.6474412073696635,84.01679783796719
9081,3,0.708434122,39.52784382916151,3.822723938570986e-4,0.5855536947241418,75.98581281655092
9082,3,0.705812052,42.45850057564343,4.1061467265411693e-4,0.6289675700998762,81.61952094214944
9087,3,0.705824739,43.28070711229995,4.1856620328581726e-4,0.6411474926235122,83.20007849193505
9094,5,0.707659502,41.435626865324835,4.0072249681100884e-4,0.6138150238870881,79.65321358111147
9097,3,0.707404126,0,0,0,0
9270,3,0.709226668,62.75073218121073,6.068601341088112e-4,0.9295706397282757,120.62801629734483
9457,3,0.705978239,47.86845364550016,4.629341393977843e-4,0.709109002099812,92.01927062465518
9681,3,0.708542377,37.16933517325688,3.594633392139459e-4,0.5506154505974795,71.45196578891289
9746,3,0.708556833,38.81264949391397,3.7535577447887655e-4,0.5749590190504583,74.61096871626421
9161,5,0.707135355,25.586865694327408,2.4744968236933287e-4,0.3790362006204481,49.18656316328177
9418,4,0.709015847,64.73014666100315,6.260029822463414e-4,0.9588930957428845,124.43311679303427
9469,4,0.707909686,0,0,0,0
9470,4,0.708382056,40.34468083726947,3.901719959661854e-4,0.597654074652585,77.55604832618253
9120,4,0.708295705,43.53072925735399,4.2098415869770803e-4,0.6448512461455104,83.68070516097822
9129,4,0.707938976,0,0,0,0
9130,3,0.707327395,0,0,0,0
9131,3,0.707400054,0,0,0,0
9135,3,0.705913088,46.415068443020495,4.488785019855938e-4,0.6875789869831889,89.22537535368443
9137,3,0.705904867,44.8304941940741,4.3355413989776926e-4,0.6641055764413578,86.17929060403918
9199,3,0.707418921,0,0,0,0
9233,3,0.707399943,0,0,0,0
9798,4,0.707359147,30.37798512256855,2.937844306294392e-4,0.450010415535796,58.396706413936144
9167,3,0.708898228,60.70179282498819,5.870449133252942e-4,0.8992182629204951,116.68926560132202
9169,5,0.708016657,40.79478109329534,3.9452489978482894e-4,0.6043217256646494,78.42129242982959
9171,5,0.70826683,45.228287360071064,4.3740118367994156e-4,0.6699983658151534,86.9439828847967
9173,3,0.707403112,0,0,0,0
9338,3,0.707403414,0,0,0,0
9351,3,0.707436614,0,0,0,0
9353,3,0.70752829800000006,39.60437152762956,3.83012490549855e-4,0.5866873532353515,76.13292479655688
9323,3,0.706335163,40.121934003930114,3.880178191390167e-4,0.5943543694672053,77.1278539815389
9462,5,0.708025994,40.748967165618424,3.9408183489414726e-4,0.6036430517977674,78.33322264924922
9464,5,0.705942806,48.75741194541001,4.7153122399502134e-4,0.7222777653447194,93.72814751838636
9527,3,0.70726674,0,0,0,0
9189,3,0.708450617,38.70705134780442,3.74334538504695e-4,0.5733947195941634,74.40797355673224
9193,4,0.707339214,0,0,0,0
9195,3,0.707401779,0,0,0,0
9201,4,0.708946593,62.72127384768984,6.065752435966258e-4,0.9291342527574071,120.57138747067569
9206,4,0.707990479,0,0,0,0
9210,3,0.705901865,44.83752193120432,4.3362210489752436e-4,0.6642096832441456,86.1928002789005
9212,3,0.709328656,57.46004329236414,5.556940670844202e-4,0.8511959517516309,110.45753249063854
9215,4,0.708341302,40.340583261459976,3.9013236845398223e-4,0.5975933743860835,77.54817140707186
9217,5,0.707187434,25.641935160349853,2.479822572473307e-4,0.37985198327318515,49.29242520208091
9221,3,0.707436948,0,0,0,0
9224,5,0.708036378,40.69140319716119,3.9352513577043166e-4,0.6027903163296049,78.22256533763178
9238,7,0.708850119,0,0,0,0
9241,3,0.707396858,0,0,0,0
9253,5,0.707934545,41.89154453852354,4.051316606674712e-4,0.6205688523829036,80.52964071751592
9265,3,0.708471983,37.88446626595567,3.6637934697569303e-4,0.5612091894148992,72.82668831574641
9313,3,0.709253281,61.8675221092769,5.983186404230927e-4,0.9164870290189839,118.93018943145984
9630,3,0.70939862,56.00484532234853,5.41620898460852e-4,0.8296390828371396,107.6601524706574
10242,3,0.70754605,0,0,0,0
10244,3,0.707556714,0,0,0,0
9276,3,0.707257936,0,0,0,0
9278,5,0.705941959,48.758828279192926,4.71544921309452e-4,0.7222987464911521,93.73087018836502
8793,1,0.707407648,0,0,0,0
8794,1,0.707216557,0,0,0,0
8795,2,0.707298728,0,0,0,0
8796,2,0.707287127,0,0,0,0
8797,2,0.708103157,0,0,0,0
8798,2,0.707542034,0,0,0,0
8799,1,0.708363452,0,0,0,0
8800,2,0.709173137,0,0,0,0
8801,2,0.707306259,0,0,0,0
8804,2,0.708405392,0,0,0,0
8805,1,0.707630344,0,0,0,0
8806,2,0.707465593,0,0,0,0
8807,1,0.707203643,0,0,0,0
8811,2,0.708889996,0,0,0,0
8812,2,0.707218305,0,0,0,0
8814,2,0.707475741,0,0,0,0
8815,2,0.707558577,0,0,0,0
8903,1,0.707038382,0,0,0,0
9051,1,0.708438715,0,0,0,0
9052,1,0.7064221,0,0,0,0
9103,1,0.708174435,0,0,0,0
8835,1,0.707093719,0,0,0,0
8836,1,0.705866832,0,0,0,0
8837,2,0.707173133,0,0,0,0
8845,1,0.708275686,0,0,0,0
8846,2,0.707596252,0,0,0,0
8847,1,0.705917803,0,0,0,0
8849,1,0.707281166,0,0,0,0
8851,1,0.709292778,0,0,0,0
8857,1,0.707229116,0,0,0,0
8858,1,0.708322458,0,0,0,0
8862,2,0.707568412,0,0,0,0
8863,1,0.708281428,0,0,0,0
9101,1,0.706945643,0,0,0,0
9183,1,0.707441079,0,0,0,0
9184,2,0.707441722,0,0,0,0
9185,2,0.707249422,0,0,0,0
9471,2,0.708477518,0,0,0,0
9472,1,0.707257902,0,0,0,0
9473,1,0.707098797,0,0,0,0
9524,1,0.708443142,0,0,0,0
9261,2,0.707536309,0,0,0,0
9262,1,0.708382723,0,0,0,0
9263,1,0.707298098,0,0,0,0
9117,1,0.709154702,0,0,0,0
9118,2,0.709221067,0,0,0,0
9180,2,0.705867089,0,0,0,0
9181,1,0.708333431,0,0,0,0
9182,1,0.706245807,0,0,0,0
9186,2,0.707727162,0,0,0,0
9187,1,0.707541405,0,0,0,0
9188,1,0.708975685,0,0,0,0
9244,2,0.708477739,0,0,0,0
9245,2,0.706303569,0,0,0,0
9363,1,0.707631891,0,0,0,0
9364,1,0.705754988,0,0,0,0
9474,1,0.707019413,0,0,0,0
9475,1,0.707612289,0,0,0,0
9476,1,0.708301788,0,0,0,0
9479,1,0.708100176,0,0,0,0
8865,1,0.707275401,0,0,0,0
8866,1,0.707311169,0,0,0,0
8867,1,0.705811934,0,0,0,0
8877,1,0.707045902,0,0,0,0
8878,1,0.707231189,0,0,0,0
8879,1,0.707208794,0,0,0,0
8880,2,0.708081776,0,0,0,0
8881,1,0.705968775,0,0,0,0
8882,1,0.706202562,0,0,0,0
8884,1,0.70774126,0,0,0,0
8885,1,0.707421672,0,0,0,0
8886,1,0.707191518,0,0,0,0
8888,1,0.707224684,0,0,0,0
8919,1,0.707282133,0,0,0,0
8920,1,0.709277944,0,0,0,0
8921,1,0.708847717,0,0,0,0
9017,1,0.708840566,0,0,0,0
9111,1,0.708801168,0,0,0,0
9112,1,0.705842057,0,0,0,0
9113,1,0.708782069,0,0,0,0
9114,1,0.70453516,0,0,0,0
9116,2,0.708350175,0,0,0,0
9147,1,0.706189123,0,0,0,0
9148,2,0.707363572,0,0,0,0
9150,1,0.70713389,0,0,0,0
9151,1,0.707432891,0,0,0,0
9152,2,0.706217572,0,0,0,0
8891,1,0.707247458,0,0,0,0
8892,1,0.707050815,0,0,0,0
8893,2,0.707155431,0,0,0,0
8894,1,0.707258707,0,0,0,0
8895,1,0.707208183,0,0,0,0
8896,1,0.70734702,0,0,0,0
8899,1,0.708089826,0,0,0,0
8900,1,0.70828678,0,0,0,0
8905,1,0.707903818,0,0,0,0
8906,1,0.707293854,0,0,0,0
8908,1,0.707133485,0,0,0,0
8909,1,0.704983823,0,0,0,0
8910,1,0.70726374,0,0,0,0
8911,1,0.705046227,0,0,0,0
8912,1,0.706277509,0,0,0,0
8913,2,0.708881861,0,0,0,0
8914,2,0.707412638,0,0,0,0
8915,1,0.708416196,0,0,0,0
8917,1,0.708868609,0,0,0,0
8918,2,0.709316719,0,0,0,0
8934,2,0.709022288,0,0,0,0
8935,1,0.707689557,0,0,0,0
8936,2,0.708418595,0,0,0,0
8943,2,0.707421748,0,0,0,0
8944,2,0.709299266,0,0,0,0
8979,2,0.708381419,0,0,0,0
8980,1,0.705035602,0,0,0,0
8981,2,0.707482152,0,0,0,0
8982,1,0.707494385,0,0,0,0
8983,1,0.705873817,0,0,0,0
8984,1,0.707752922,0,0,0,0
8987,1,0.707902681,0,0,0,0
9060,2,0.707730326,0,0,0,0
9061,1,0.707240032,0,0,0,0
9062,1,0.708614968,0,0,0,0
9550,1,0.707307573,0,0,0,0
9551,1,0.708553087,0,0,0,0
9493,1,0.708444238,0,0,0,0
9494,2,0.70777207,0,0,0,0
9633,2,0.708964367,0,0,0,0
9634,1,0.708252907,0,0,0,0
8946,1,0.705774389,0,0,0,0
8947,2,0.706072221,0,0,0,0
8948,1,0.70571467,0,0,0,0
8952,1,0.709044809,0,0,0,0
8953,2,0.707603988,0,0,0,0
8954,1,0.708796338,0,0,0,0
8955,1,0.707892054,0,0,0,0
8956,2,0.707335667,0,0,0,0
8957,1,0.707567034,0,0,0,0
8960,2,0.70720445,0,0,0,0
8961,1,0.707328811,0,0,0,0
8962,1,0.707307516,0,0,0,0
8964,1,0.707137803,0,0,0,0
8965,2,0.706359931,0,0,0,0
8973,1,0.707539023,0,0,0,0
8976,1,0.705040936,0,0,0,0
8978,1,0.709335489,0,0,0,0
8989,1,0.707415031,0,0,0,0
8990,1,0.707233797,0,0,0,0
8997,2,0.707763709,0,0,0,0
8998,1,0.706957052,0,0,0,0
9162,1,0.707384144,0,0,0,0
9164,2,0.706947304,0,0,0,0
9258,1,0.706951348,0,0,0,0
9259,1,0.707324073,0,0,0,0
9260,1,0.708836848,0,0,0,0
9382,1,0.706101629,0,0,0,0
9383,1,0.706567718,0,0,0,0
9435,1,0.708986269,0,0,0,0
9437,1,0.706500853,0,0,0,0
9573,1,0.707327058,0,0,0,0
9575,1,0.708805906,0,0,0,0
9627,1,0.707308553,0,0,0,0
9628,1,0.706056149,0,0,0,0
9629,2,0.708523418,0,0,0,0
9698,1,0.708173873,0,0,0,0
9000,1,0.70840611,0,0,0,0
9001,1,0.705022681,0,0,0,0
9002,2,0.708370787,0,0,0,0
9005,1,0.708428444,0,0,0,0
9006,2,0.7064013,0,0,0,0
9008,1,0.707421991,0,0,0,0
9009,1,0.706424346,0,0,0,0
9010,1,0.705670408,0,0,0,0
9011,1,0.706614301,0,0,0,0
9012,1,0.705873176,0,0,0,0
9013,1,0.708045106,0,0,0,0
9014,2,0.708367428,0,0,0,0
9018,1,0.706771964,0,0,0,0
9019,1,0.707687134,0,0,0,0
9020,2,0.708984306,0,0,0,0
9021,1,0.70783407,0,0,0,0
9022,1,0.70834216,0,0,0,0
9023,1,0.707469782,0,0,0,0
9024,1,0.705284559,0,0,0,0
9025,2,0.708859098,0,0,0,0
9026,1,0.705872968,0,0,0,0
9027,1,0.708403811,0,0,0,0
9030,1,0.70727714,0,0,0,0
9032,1,0.707688925,0,0,0,0
9034,2,0.707338523,0,0,0,0
9035,2,0.7088587,0,0,0,0
9036,2,0.707579407,0,0,0,0
9037,1,0.708302361,0,0,0,0
9038,1,0.70911831,0,0,0,0
9042,1,0.708309224,0,0,0,0
9043,1,0.707574376,0,0,0,0
9044,1,0.707308894,0,0,0,0
9045,1,0.707653466,0,0,0,0
9046,1,0.709398609,0,0,0,0
9047,2,0.708293971,0,0,0,0
9049,1,0.709430586,0,0,0,0
9050,1,0.706949158,0,0,0,0
9054,1,0.707282886,0,0,0,0
9055,1,0.707190723,0,0,0,0
9056,1,0.706223587,0,0,0,0
9057,2,0.709306095,0,0,0,0
9058,1,0.707904458,0,0,0,0
9059,2,0.709385963,0,0,0,0
9064,1,0.705331338,0,0,0,0
9065,1,0.709388647,0,0,0,0
9066,1,0.707430962,0,0,0,0
9067,2,0.708878682,0,0,0,0
9068,1,0.708067547,0,0,0,0
9069,1,0.707140769,0,0,0,0
9073,1,0.707271774,0,0,0,0
9075,1,0.708963932,0,0,0,0
9076,1,0.70921457,0,0,0,0
9077,1,0.705031509,0,0,0,0
9078,2,0.708067108,0,0,0,0
9079,1,0.708451169,0,0,0,0
9080,2,0.707321887,0,0,0,0
9083,1,0.707387263,0,0,0,0
9084,1,0.70694098,0,0,0,0
9085,1,0.707240506,0,0,0,0
9086,1,0.707258851,0,0,0,0
9088,2,0.706243072,0,0,0,0
9089,1,0.707392878,0,0,0,0
9090,2,0.705953234,0,0,0,0
9091,1,0.705375958,0,0,0,0
9092,1,0.708453116,0,0,0,0
9093,1,0.707446881,0,0,0,0
9095,2,0.707341516,0,0,0,0
9096,1,0.70570097,0,0,0,0
9098,1,0.705911346,0,0,0,0
9105,2,0.707325253,0,0,0,0
9106,1,0.707554308,0,0,0,0
9107,1,0.705122533,0,0,0,0
9225,1,0.707241723,0,0,0,0
9226,2,0.707684279,0,0,0,0
9227,2,0.707442161,0,0,0,0
9271,1,0.708857866,0,0,0,0
9272,1,0.707315799,0,0,0,0
9456,1,0.709333065,0,0,0,0
9458,1,0.707495125,0,0,0,0
9682,1,0.706861052,0,0,0,0
9683,2,0.708775883,0,0,0,0
9744,1,0.707182614,0,0,0,0
9745,1,0.70502929,0,0,0,0
9771,1,0.708961726,0,0,0,0
9772,1,0.707675714,0,0,0,0
9773,1,0.7073043,0,0,0,0
9108,1,0.707233249,0,0,0,0
9109,2,0.707501171,0,0,0,0
9110,2,0.709336614,0,0,0,0
9159,2,0.708396126,0,0,0,0
9160,2,0.705036055,0,0,0,0
9417,1,0.706318451,0,0,0,0
9419,1,0.707422523,0,0,0,0
9468,2,0.70730895,0,0,0,0
9594,1,0.706356426,0,0,0,0
9595,1,0.706884078,0,0,0,0
9596,1,0.707833297,0,0,0,0
9121,2,0.708916042,0,0,0,0
9122,1,0.70726955,0,0,0,0
9132,2,0.707363752,0,0,0,0
9133,1,0.706961035,0,0,0,0
9134,2,0.707241646,0,0,0,0
9136,2,0.707142267,0,0,0,0
9138,1,0.708121564,0,0,0,0
9139,1,0.70741966,0,0,0,0
9140,1,0.707502619,0,0,0,0
9198,1,0.707471901,0,0,0,0
9200,1,0.707296108,0,0,0,0
9231,1,0.708489351,0,0,0,0
9232,2,0.70746898,0,0,0,0
9234,2,0.707249734,0,0,0,0
9235,2,0.709151382,0,0,0,0
9236,2,0.708404028,0,0,0,0
9799,2,0.707293981,0,0,0,0
9800,1,0.707292039,0,0,0,0
9267,1,0.706891286,0,0,0,0
9268,1,0.7073221,0,0,0,0
9269,1,0.707261043,0,0,0,0
9273,1,0.707277006,0,0,0,0
9274,1,0.707285974,0,0,0,0
9275,2,0.709364574,0,0,0,0
9141,1,0.704886426,0,0,0,0
9142,2,0.705227988,0,0,0,0
9143,2,0.708099849,0,0,0,0
9144,1,0.708084425,0,0,0,0
9145,1,0.708367031,0,0,0,0
9146,1,0.707568456,0,0,0,0
9153,2,0.707324997,0,0,0,0
9154,1,0.705051752,0,0,0,0
9155,1,0.707562907,0,0,0,0
9165,2,0.706855804,0,0,0,0
9166,2,0.707582697,0,0,0,0
9168,2,0.707603338,0,0,0,0
9170,1,0.70727221,0,0,0,0
9172,1,0.707380948,0,0,0,0
9174,1,0.70582419,0,0,0,0
9175,1,0.70757559,0,0,0,0
9176,1,0.708859252,0,0,0,0
9336,2,0.707342808,0,0,0,0
9337,2,0.70740184800000006,0,0,0,0
9352,1,0.707101923,0,0,0,0
9321,1,0.709057079,0,0,0,0
9322,2,0.707420421,0,0,0,0
9463,2,0.704697218,0,0,0,0
9465,1,0.705403,0,0,0,0
9466,1,0.708560716,0,0,0,0
9467,2,0.707541161,0,0,0,0
9525,1,0.707537835,0,0,0,0
9526,2,0.706870793,0,0,0,0
9190,1,0.706935935,0,0,0,0
9191,2,0.707375793,0,0,0,0
9192,2,0.707729493,0,0,0,0
9194,2,0.705641242,0,0,0,0
9196,1,0.709492949,0,0,0,0
9197,1,0.704633489,0,0,0,0
9202,1,0.706741846,0,0,0,0
9203,1,0.708257255,0,0,0,0
9204,1,0.707575628,0,0,0,0
9205,1,0.708498621,0,0,0,0
9207,1,0.707523594,0,0,0,0
9208,1,0.707710752,0,0,0,0
9209,2,0.706234749,0,0,0,0
9211,1,0.707541684,0,0,0,0
9291,1,0.709276733,0,0,0,0
9292,1,0.707308487,0,0,0,0
9293,2,0.709280632,0,0,0,0
9294,1,0.707724464,0,0,0,0
9295,1,0.707460412,0,0,0,0
9296,1,0.709057367,0,0,0,0
9414,2,0.708454803,0,0,0,0
9415,2,0.707405403,0,0,0,0
9416,1,0.709433862,0,0,0,0
9213,1,0.708940998,0,0,0,0
9214,1,0.706226673,0,0,0,0
9216,1,0.707551876,0,0,0,0
9218,1,0.707531209,0,0,0,0
9219,1,0.706931211,0,0,0,0
9220,1,0.707393014,0,0,0,0
9222,1,0.707896102,0,0,0,0
9223,1,0.707039466,0,0,0,0
9228,2,0.706473938,0,0,0,0
9229,1,0.707695748,0,0,0,0
9230,1,0.706001105,0,0,0,0
9237,1,0.706951617,0,0,0,0
9239,1,0.708489888,0,0,0,0
9240,1,0.705051112,0,0,0,0
9242,2,0.707537016,0,0,0,0
9246,1,0.709495104,0,0,0,0
9247,1,0.707742878,0,0,0,0
9248,1,0.709468864,0,0,0,0
9249,1,0.704486599,0,0,0,0
9250,1,0.707387811,0,0,0,0
9251,1,0.707383756,0,0,0,0
9252,2,0.70881516,0,0,0,0
9254,1,0.708496528,0,0,0,0
9255,2,0.708140886,0,0,0,0
9256,1,0.708485899,0,0,0,0
9257,1,0.707252335,0,0,0,0
9264,1,0.707323103,0,0,0,0
9266,2,0.706541213,0,0,0,0
9312,1,0.704519553,0,0,0,0
9314,2,0.708942215,0,0,0,0
9579,2,0.708543507,0,0,0,0
9580,2,0.707278954,0,0,0,0
9581,2,0.706886087,0,0,0,0
9631,1,0.706424952,0,0,0,0
9632,2,0.706898084,0,0,0,0
9672,1,0.709358792,0,0,0,0
9673,1,0.707339952,0,0,0,0
9674,1,0.709339948,0,0,0,0
10243,1,0.70586158,0,0,0,0
9277,2,0.709502157,0,0,0,0
9279,2,0.707380088,0,0,0,0
9280,1,0.707441528,0,0,0,0
9281,1,0.707248956,0,0,0,0
9286,3,0.706330276,40.16142349616939,3.8839972063599065e-4,0.5949393550329101,77.2037660696984
9289,3,0.706220667,44.167227256819096,4.271397085676272e-4,0.6542801377613074,84.90426843082153
9300,3,0.707444021,33.369655101111555,3.2271676625773214e-4,0.4943281227424507,64.14770249611445
9302,5,0.707305001,29.984226341350706,2.899764032412275e-4,0.444177390335416,57.63976957787176
9304,3,0.708416004,40.34121043079372,3.9013843378665254e-4,0.5976026650856263,77.54937703750807
9307,3,0.70623597,43.26422999934259,4.184068537032474e-4,0.6409034055842022,83.16840393800929
9310,3,0.704744835,12.952400461846555,1.2526221142102964e-4,0.19187299916383554,24.898870813003747
9318,3,0.707429155,0,0,0,0
9320,3,0.708730391,54.813260012238686,5.300971186425207e-4,0.8119872932801521,105.36952466104842
9329,3,0.708944141,62.70358721920285,6.064041968317123e-4,0.9288722483156133,120.53738782102678
9330,3,0.707370531,0,0,0,0
9339,3,0.709136664,65.22657784623391,6.308039508593442e-4,0.9662470793283414,125.38742452811528
9345,3,0.707743069,44.165468687705925,4.2712270150729875e-4,0.654254086842717,84.9008878694118
9362,3,0.708960169,63.60910352360451,6.151614133107171e-4,0.9422862969029075,122.27809476942447
9367,3,0.709201556,61.99587395566871,5.995599266361288e-4,0.9183883950080883,119.17692485716987
9369,3,0.706390468,37.28213540348595,3.6055422629151235e-4,0.5522864395808865,71.66880577686908
9376,5,0.705948307,48.74689228798782,4.7142948875636984e-4,0.7221219302757128,93.70792519805866
10694,4,0.706969062,23.94009491208559,2.3152381978542224e-4,0.35464142917596897,46.02091575402752
10702,3,0.707709089,0,0,0,0
10885,3,0.706620801,24.6591856983394,2.384781216049166e-4,0.3652938257132768,47.40325014389569
10886,3,0.709182762,63.63102851602658,6.153734491448675e-4,0.9426110872045245,122.32024198032188
12481,4,0.706126726,42.431169442100966,4.103503542184527e-4,0.6285626948353424,81.56698130941872
12482,3,0.706426926,33.89285486989749,3.277766129051662e-4,0.5020786481446332,65.15346845361151
12483,3,0.706443092,33.80793636693364,3.269553690358812e-4,0.5008206907570298,64.99022652473825
12487,3,0.707661385,41.446752699046236,4.008300943594286e-4,0.6139798386710822,79.67460117620107
12835,7,0.709538179,53.27769316210972,5.152467053929787e-4,0.7892398637346634,102.41764861778395
12856,4,0.707759934,45.006888499956524,4.3526004305463937e-4,0.666718629103278,86.51837979814289
9377,3,0.706492894,28.824875589416678,2.787643627065276e-4,0.4270031139137066,55.41110743262732
9379,3,0.707582786,40.03131719852432,3.871414671863053e-4,0.5930119991259646,76.95365799849066
9380,3,0.705909663,45.62086104154099,4.4119775000997974e-4,0.6758138353011612,87.69864156048371
9387,3,0.709369187,57.11418621253305,5.52349295373348e-4,0.846072528075478,109.79267883854187
9388,3,0.707450851,0,0,0,0
9390,3,0.708511577,36.314009418706604,3.5119151378545276e-4,0.5379449098532323,69.80774196118959
9392,3,0.707475256,0,0,0,0
9400,3,0.707594429,0,0,0,0
9402,3,0.708435014,39.52702460416211,3.8226447116080926e-4,0.5855415589692221,75.9842379905187
9405,3,0.706611919,24.658278361013,2.384693467773976e-4,0.3652803846886125,47.40150593633043
9406,3,0.707486329,36.88505090842716,3.5671403604117357e-4,0.546404148247105,70.90547580004824
9423,3,0.708776342,53.79597503107657,5.202589912034313e-4,0.7969175368350155,103.41396071747086
9439,5,0.708025404,40.752029016445285,3.9411144594630267e-4,0.6036884091431393,78.33910855653036
9443,4,0.708420245,40.33840333735786,3.9011128648430677e-4,0.5975610816402983,77.54398085963159
9444,3,0.708966761,62.85131722375475,6.078328885339122e-4,0.9310606765628219,120.82137458543987
9445,3,0.706569026,27.05629239785705,2.6166045657658707e-4,0.40080384975144673,52.01129559555452
9449,3,0.7064064,34.797067000349784,3.3652121676356386e-4,0.5154733770878325,66.89166834096065
9450,4,0.708974135,62.8970046195991,6.082747297396708e-4,0.9317374760248568,120.90920112927333
9451,3,0.708429239,39.53150406499928,3.823077918697459e-4,0.5856079163666789,75.99284902111687
9591,3,0.707331732,0,0,0,0
9592,3,0.707334086,0,0,0,0
9602,3,0.706492178,28.8269069388531,2.787840078158125e-4,0.42703320571868625,55.41501236958032
9605,5,0.708767708,53.69294440076206,5.192625855846184e-4,0.7953912717922986,103.21590118699693
9607,3,0.706399376,35.633410659191654,3.4460946700899767e-4,0.5278627227250633,68.4994021952465
9608,7,0.708903442,0,0,0,0
9614,3,0.706396796,35.64732596870363,3.4474404148013244e-4,0.5280688599718402,68.52615210117185
10297,5,0.705842866,43.30238542345596,4.187758534740795e-4,0.6414686286623926,83.24175149845668
10300,4,0.706769989,24.38558644279219,2.3583215278284814e-4,0.3612408079050742,46.87730033725786
9712,3,0.707284312,0,0,0,0
9760,5,0.707651951,41.3887076515134,4.0026874273681477e-4,0.6131199766409096,79.56301906876762
9779,5,0.70768079,42.35728094400805,4.0963578114012946e-4,0.6274681326517101,81.42494276034809
10171,5,0.707829399,42.71504869336226,4.130957405191838e-4,0.632767997435454,82.11269272596023
9640,3,0.706458577,32.13978686386902,3.108227535913325e-4,0.47610922131555466,61.78348202236353
9641,6,0.707249623,24.985677339552474,2.4163561083707092e-4,0.37013037555482986,48.03087690852794
9829,3,0.706030354,46.08625016730999,4.4569851195266707e-4,0.6827079710717907,88.59327601487945
9646,3,0.706028311,46.09261022602603,4.457600198578531e-4,0.6828021870855945,88.6055021872249
9684,3,0.707336868,0,0,0,0
9912,3,0.706839088,27.375254756855895,2.6474513038403727e-4,0.4055288630508545,52.62444854695662
9914,3,0.708561353,38.82474010763867,3.754727023809325e-4,0.5751381257978078,74.63421094306747
10291,3,0.708999768,64.64401002974114,6.251699579009299e-4,0.957617093365812,124.26753321179943
10292,3,0.706359276,41.519145320668905,4.015302008687766e-4,0.6150522413866244,79.8137641474902
10295,5,0.70884264,55.286607383139,5.346748444952659e-4,0.8189993201217011,106.27945753970198
10461,3,0.706727306,24.55200125974181,2.3744154465161712e-4,0.3637060273929584,47.19720559658054
10462,5,0.705824639,43.28052295914565,4.1856442234710896e-4,0.6411447646335828,83.19972448762424
9651,3,0.707329577,0,0,0,0
9653,5,0.707504653,37.82510720554823,3.658052875805706e-4,0.5603298619897262,72.71258023354034
9665,3,0.70853277,36.349660693398974,3.515362960149012e-4,0.5384730372084193,69.87627570406596
9667,3,0.706150367,43.08238770536452,4.166482632442307e-4,0.6382096480507488,82.81884187810871
9669,4,0.707363553,30.41179392527818,2.9411139437684493e-4,0.4505112490602955,58.461698305862974
9676,3,0.706026352,46.098426737663424,4.458162711382704e-4,0.6828883511550136,88.61668347923856
9678,4,0.708250947,0,0,0,0
9832,3,0.707441684,0,0,0,0
9952,3,0.707363463,0,0,0,0
10047,3,0.708551906,38.79811482005386,3.752152101568141e-4,0.5747437067248687,74.58302818371057
10383,3,0.70592999,47.18321280793348,4.5630719924700364e-4,0.6989580486112481,90.7020072231239
10384,3,0.707407076,0,0,0,0
10385,7,0.708906386,0,0,0,0
9700,5,0.708793829,53.98606491143038,5.220973437815512e-4,0.7997334716543271,103.77937741283405
9705,5,0.707604615,41.823864625163466,4.044771305947454e-4,0.6195662623226443,80.39953715683993
9708,4,0.707898525,0,0,0,0
9735,5,0.708031993,40.71655921144193,3.937684187038637e-4,0.6031629700258269,78.2709236594418
9737,3,0.707433865,33.30504131853773,3.2209188862849917e-4,0.4933709534296057,64.0234930702413
9742,5,0.707631013,41.2394140536191,3.9882492957813977e-4,0.6109083857880542,79.27602655196516
9743,3,0.706855198,27.342636197565156,2.6442967743906686e-4,0.4050456614375356,52.56174470327308
9748,6,0.707357244,30.36311174658059,2.9364059073095576e-4,0.44979008577785595,58.368114781955
9750,3,0.7065624,27.861388519373023,2.694465129824749e-4,0.4127303036860264,53.55896117157847
9762,5,0.708080262,0,0,0,0
9764,3,0.707413515,0,0,0,0
9963,5,0.708812591,52.567573979891606,5.083791676420302e-4,0.7787203698649893,101.05256066887692
9964,3,0.708547832,38.78502992114756,3.750886665575753e-4,0.5745498709332483,74.55787460631547
10056,3,0.705891495,44.064139862745265,4.2614275398848516e-4,0.652753031837182,84.70609978130715
10057,3,0.706429602,33.87814675738244,3.276343712639436e-4,0.5018607665505136,65.12519451361914
9927,6,0.707482566,36.854966203832085,3.564230879162581e-4,0.5459584824018727,70.84764287746628
9929,3,0.706774486,24.364018140139223,2.356235664829675e-4,0.36092130149936286,46.835838804085384
9975,4,0.707296773,26.736453791104246,2.585673086077846e-4,0.3960658559790326,51.39645820120377
9977,4,0.708179462,0,0,0,0
10086,3,0.709096346,67.49924336339691,6.527828195129752e-4,0.9999136687886342,129.75625216587216
10137,4,0.708810796,53.34950931416275,5.159412368853002e-4,0.790303726801854,102.55570342063866
10139,3,0.709095276,67.49475175085966,6.527393812853726e-4,0.9998471313795151,129.74761777561864
10594,3,0.707342864,31.86242352052147,3.081403824079224e-4,0.47200044343280106,61.25029637275237
9987,3,0.708535371,36.35479798580938,3.5158597858995274e-4,0.5385491395266938,69.88615130823926
10035,3,0.705748668,41.41040975835435,4.0047862305231304e-4,0.6134414651819728,79.60473781860047
10230,3,0.70637699,39.78094437114124,3.847201203378873e-4,0.589303050700487,76.4723572000432
9782,3,0.707375369,0,0,0,0
9789,3,0.709119933,66.78038112966003,6.458307280168708e-4,0.9892646579601776,128.37435713082547
9790,5,0.707750285,44.98355193629632,4.350343559644621e-4,0.6663729282061469,86.47351907247999
9792,3,0.706020474,46.11422080877621,4.459690150470737e-4,0.6831223198160616,88.64704499696703
9803,3,0.706409945,34.778629554731296,3.3634290887245673e-4,0.515200250264881,66.85622536821371
9814,5,0.707763977,45.0147363523645,4.353359393605345e-4,0.6668348848493034,86.5334660104509
9822,3,0.707726352,0,0,0,0
9826,7,0.708930825,61.80174972889416,5.976825580350107e-4,0.9155126965835906,118.8037527908512
9839,5,0.707793058,44.23800757023367,4.278242225007394e-4,0.6553286562237048,85.04033200336197
9843,3,0.706661342,24.670683704369107,2.3858931841870074e-4,0.3654641537468967,47.42535317935882
9844,4,0.708239032,0,0,0,0
9847,5,0.708811469,52.55626545528465,5.08269803296452e-4,0.778552848752679,101.03082188044895
9855,3,0.70743638,0,0,0,0
9859,3,0.707455498,0,0,0,0
9282,1,0.706926302,0,0,0,0
9283,2,0.70603067,0,0,0,0
9284,1,0.708498248,0,0,0,0
9285,1,0.708146388,0,0,0,0
9287,1,0.707406695,0,0,0,0
9288,1,0.706950225,0,0,0,0
9290,1,0.705023571,0,0,0,0
9297,2,0.707503025,0,0,0,0
9298,2,0.706923905,0,0,0,0
9299,1,0.705784467,0,0,0,0
9301,1,0.707220678,0,0,0,0
9303,1,0.708588585,0,0,0,0
9305,1,0.706925067,0,0,0,0
9306,2,0.708542599,0,0,0,0
9308,2,0.707261312,0,0,0,0
9309,1,0.707324023,0,0,0,0
9311,1,0.707574475,0,0,0,0
9315,1,0.708509315,0,0,0,0
9316,2,0.707334038,0,0,0,0
9317,2,0.7073249,0,0,0,0
9319,2,0.706930753,0,0,0,0
9324,1,0.707375653,0,0,0,0
9325,1,0.708781029,0,0,0,0
9326,1,0.708210915,0,0,0,0
9327,1,0.707221003,0,0,0,0
9328,1,0.707834094,0,0,0,0
9331,1,0.707548614,0,0,0,0
9332,2,0.707220983,0,0,0,0
9333,2,0.707385039,0,0,0,0
9334,2,0.709041066,0,0,0,0
9335,2,0.705459646,0,0,0,0
9340,2,0.707348054,0,0,0,0
9341,2,0.707354338,0,0,0,0
9342,1,0.705840564,0,0,0,0
9343,1,0.708868316,0,0,0,0
9344,1,0.707275381,0,0,0,0
9346,1,0.704516121,0,0,0,0
9358,1,0.70750975,0,0,0,0
9359,1,0.706941539,0,0,0,0
9360,1,0.708397082,0,0,0,0
9361,1,0.709354784,0,0,0,0
9366,2,0.707568028,0,0,0,0
9368,1,0.709488822,0,0,0,0
9370,2,0.70755927,0,0,0,0
9371,1,0.707007027,0,0,0,0
9372,1,0.706150143,0,0,0,0
9373,1,0.708786606,0,0,0,0
9374,1,0.705058068,0,0,0,0
9375,1,0.706574177,0,0,0,0
10358,1,0.706735558,0,0,0,0
9852,1,0.708550347,0,0,0,0
9853,1,0.709615656,0,0,0,0
9854,2,0.70827069,0,0,0,0
10104,1,0.70716597,0,0,0,0
10105,1,0.704631748,0,0,0,0
10106,1,0.706784193,0,0,0,0
10209,1,0.708915519,0,0,0,0
9710,1,0.706850122,0,0,0,0
9714,1,0.707359681,0,0,0,0
9715,1,0.706367468,0,0,0,0
9716,2,0.706246761,0,0,0,0
9717,1,0.707318948,0,0,0,0
9718,1,0.706856472,0,0,0,0
9719,1,0.707205377,0,0,0,0
9720,1,0.709520519,0,0,0,0
10693,1,0.706683866,0,0,0,0
10695,1,0.708700081,0,0,0,0
10696,2,0.709100514,0,0,0,0
10697,1,0.708206804,0,0,0,0
10701,1,0.704906174,0,0,0,0
10703,1,0.707038442,0,0,0,0
10881,1,0.708902218,0,0,0,0
10882,1,0.70898538,0,0,0,0
10883,1,0.709204642,0,0,0,0
10884,2,0.704732567,0,0,0,0
10887,1,0.70844197,0,0,0,0
10888,1,0.707220209,0,0,0,0
12484,1,0.709419292,0,0,0,0
12485,2,0.709417879,0,0,0,0
12486,2,0.709429681,0,0,0,0
12488,1,0.706418677,0,0,0,0
12833,1,0.706200869,0,0,0,0
12834,1,0.705257075,0,0,0,0
12854,1,0.709629531,0,0,0,0
12855,2,0.70961232,0,0,0,0
12857,1,0.705065862,0,0,0,0
12858,1,0.707658455,0,0,0,0
9378,2,0.704578462,0,0,0,0
9384,1,0.709518063,0,0,0,0
9385,2,0.705690925,0,0,0,0
9386,1,0.708469899,0,0,0,0
9389,1,0.708525756,0,0,0,0
9391,1,0.707572886,0,0,0,0
9393,2,0.707325472,0,0,0,0
9394,1,0.707592316,0,0,0,0
9395,1,0.70753425700000006,0,0,0,0
9396,1,0.708454885,0,0,0,0
9397,2,0.707577051,0,0,0,0
9398,1,0.705268823,0,0,0,0
9399,1,0.70937095,0,0,0,0
9401,1,0.70845526,0,0,0,0
9403,1,0.708455995,0,0,0,0
9404,1,0.708397266,0,0,0,0
9407,2,0.705718685,0,0,0,0
9408,2,0.707583889,0,0,0,0
9409,2,0.705739106,0,0,0,0
9410,2,0.708532874,0,0,0,0
9411,1,0.706150194,0,0,0,0
9412,2,0.705745108,0,0,0,0
9413,1,0.706802132,0,0,0,0
9420,1,0.707408138,0,0,0,0
9421,2,0.70844677,0,0,0,0
9422,1,0.707295438,0,0,0,0
9424,2,0.707577961,0,0,0,0
9425,1,0.708410183,0,0,0,0
9434,2,0.707573798,0,0,0,0
9438,1,0.707223684,0,0,0,0
9440,1,0.706905563,0,0,0,0
9441,1,0.707210719,0,0,0,0
9442,2,0.708984219,0,0,0,0
9446,1,0.70756039,0,0,0,0
9447,2,0.706901391,0,0,0,0
9448,1,0.708343364,0,0,0,0
9452,1,0.706000557,0,0,0,0
9454,2,0.707743969,0,0,0,0
9455,2,0.709281567,0,0,0,0
9459,2,0.706971664,0,0,0,0
9460,2,0.707527565,0,0,0,0
9461,1,0.704528424,0,0,0,0
9588,1,0.706887377,0,0,0,0
9589,1,0.707943009,0,0,0,0
9590,1,0.706801503,0,0,0,0
9593,1,0.706576752,0,0,0,0
9597,1,0.706492434,0,0,0,0
9598,2,0.707154113,0,0,0,0
9599,1,0.707274142,0,0,0,0
9600,1,0.705237885,0,0,0,0
9601,2,0.708563221,0,0,0,0
9603,2,0.707274295,0,0,0,0
9604,1,0.705880073,0,0,0,0
9606,1,0.705724535,0,0,0,0
9609,1,0.707541931,0,0,0,0
9610,1,0.707270541,0,0,0,0
9611,1,0.708855703,0,0,0,0
9612,2,0.706887678,0,0,0,0
9613,1,0.707283077,0,0,0,0
10356,1,0.707366703,0,0,0,0
10357,2,0.707396256,0,0,0,0
10210,1,0.707234395,0,0,0,0
10211,2,0.709198958,0,0,0,0
10296,1,0.709683513,0,0,0,0
10298,1,0.707414111,0,0,0,0
10299,1,0.705144591,0,0,0,0
10301,1,0.706727146,0,0,0,0
9620,1,0.708741154,0,0,0,0
9621,1,0.706219795,0,0,0,0
9622,1,0.708475259,0,0,0,0
9623,1,0.707606111,0,0,0,0
9711,1,0.707319775,0,0,0,0
9713,2,0.705269788,0,0,0,0
9759,2,0.707215029,0,0,0,0
9761,2,0.708495549,0,0,0,0
9777,1,0.709515159,0,0,0,0
9778,1,0.709511181,0,0,0,0
9807,2,0.706553389,0,0,0,0
9808,1,0.707313593,0,0,0,0
9809,1,0.70732757,0,0,0,0
9810,1,0.707287343,0,0,0,0
9811,1,0.709038702,0,0,0,0
9812,1,0.708427073,0,0,0,0
9891,1,0.706854481,0,0,0,0
9892,2,0.708900294,0,0,0,0
9893,1,0.704803188,0,0,0,0
10170,1,0.704768997,0,0,0,0
10172,1,0.708716527,0,0,0,0
9624,2,0.707338449,0,0,0,0
9625,2,0.709088636,0,0,0,0
9626,2,0.706667858,0,0,0,0
9636,2,0.709591725,0,0,0,0
9637,2,0.708290914,0,0,0,0
9638,2,0.707314996,0,0,0,0
9639,1,0.707323717,0,0,0,0
9738,1,0.708329284,0,0,0,0
9739,1,0.70662788,0,0,0,0
9740,1,0.706825344,0,0,0,0
9768,1,0.708558966,0,0,0,0
9769,2,0.708473861,0,0,0,0
9770,2,0.705005702,0,0,0,0
9783,1,0.706919411,0,0,0,0
9784,2,0.706109292,0,0,0,0
9785,2,0.706663536,0,0,0,0
9828,2,0.708569634,0,0,0,0
9830,1,0.707232401,0,0,0,0
9834,1,0.709640878,0,0,0,0
9835,1,0.7081731,0,0,0,0
9836,1,0.709232811,0,0,0,0
9876,1,0.708572848,0,0,0,0
9877,2,0.706828004,0,0,0,0
9878,1,0.70930577400000006,0,0,0,0
9642,1,0.705271568,0,0,0,0
9643,2,0.70949616,0,0,0,0
9644,2,0.709139809,0,0,0,0
9645,2,0.708264758,0,0,0,0
9647,1,0.708976958,0,0,0,0
9648,2,0.706971312,0,0,0,0
9649,1,0.707311598,0,0,0,0
9650,1,0.708150617,0,0,0,0
9685,1,0.709521088,0,0,0,0
9686,1,0.707324131,0,0,0,0
9687,2,0.707322176,0,0,0,0
9688,1,0.709448373,0,0,0,0
9689,1,0.708578,0,0,0,0
9913,2,0.707300733,0,0,0,0
10023,2,0.707509687,0,0,0,0
10024,1,0.706813857,0,0,0,0
10025,2,0.707321273,0,0,0,0
10290,1,0.709443128,0,0,0,0
10293,1,0.707195468,0,0,0,0
10294,2,0.707368321,0,0,0,0
10463,2,0.708866401,0,0,0,0
9652,1,0.707275425,0,0,0,0
9654,1,0.709249588,0,0,0,0
9655,1,0.709628263,0,0,0,0
9656,1,0.707206587,0,0,0,0
9657,1,0.709214191,0,0,0,0
9658,1,0.70960653,0,0,0,0
9659,2,0.705521626,0,0,0,0
9660,1,0.707335421,0,0,0,0
9661,1,0.709362187,0,0,0,0
9662,2,0.707412026,0,0,0,0
9663,1,0.706225428,0,0,0,0
9664,1,0.708481745,0,0,0,0
9666,2,0.707350481,0,0,0,0
9668,1,0.708896681,0,0,0,0
9670,1,0.706743852,0,0,0,0
9671,2,0.707169964,0,0,0,0
9675,2,0.707178534,0,0,0,0
9677,1,0.707270193,0,0,0,0
9679,1,0.707197627,0,0,0,0
9680,2,0.706153972,0,0,0,0
9690,2,0.706842041,0,0,0,0
9691,1,0.70718779,0,0,0,0
9692,1,0.708606786,0,0,0,0
9831,2,0.708879777,0,0,0,0
9833,2,0.704815726,0,0,0,0
9870,2,0.707358356,0,0,0,0
9871,1,0.708891141,0,0,0,0
9872,2,0.708516974,0,0,0,0
9951,1,0.708905891,0,0,0,0
9953,2,0.704749496,0,0,0,0
10048,1,0.707574567,0,0,0,0
10049,2,0.708599973,0,0,0,0
10380,2,0.707012613,0,0,0,0
10381,1,0.70741716,0,0,0,0
10382,1,0.707426273,0,0,0,0
9693,2,0.706876179,0,0,0,0
9694,1,0.707324196,0,0,0,0
9695,2,0.707409924,0,0,0,0
9699,2,0.706919426,0,0,0,0
9701,1,0.707210866,0,0,0,0
9702,1,0.708515696,0,0,0,0
9703,1,0.709360808,0,0,0,0
9704,1,0.708597368,0,0,0,0
9706,1,0.70730677,0,0,0,0
9707,2,0.706880555,0,0,0,0
9709,2,0.707174583,0,0,0,0
9721,2,0.707317079,0,0,0,0
9722,1,0.707499846,0,0,0,0
9723,1,0.706865364,0,0,0,0
9724,2,0.709352737,0,0,0,0
9725,1,0.70873261,0,0,0,0
9726,2,0.706244248,0,0,0,0
9727,2,0.707195554,0,0,0,0
9728,1,0.708469723,0,0,0,0
9729,2,0.707183986,0,0,0,0
9730,2,0.708511736,0,0,0,0
9731,2,0.707675484,0,0,0,0
9732,1,0.704819917,0,0,0,0
9733,1,0.705488054,0,0,0,0
9734,1,0.706671207,0,0,0,0
9736,1,0.709298529,0,0,0,0
9741,1,0.709264055,0,0,0,0
9747,1,0.70494286,0,0,0,0
9749,1,0.704997281,0,0,0,0
9763,2,0.707295813,0,0,0,0
9765,2,0.708464221,0,0,0,0
9766,1,0.708512139,0,0,0,0
9767,2,0.709347147,0,0,0,0
9960,1,0.707710546,0,0,0,0
9961,1,0.706832282,0,0,0,0
9962,1,0.708599051,0,0,0,0
9965,1,0.708760953,0,0,0,0
10002,1,0.708530321,0,0,0,0
10003,2,0.707888879,0,0,0,0
10004,1,0.709134485,0,0,0,0
10053,1,0.707353512,0,0,0,0
10054,1,0.708719822,0,0,0,0
10055,2,0.706620807,0,0,0,0
10058,1,0.709574135,0,0,0,0
10197,1,0.707339256,0,0,0,0
10198,1,0.709699342,0,0,0,0
10199,2,0.70893939,0,0,0,0
9885,2,0.708904735,0,0,0,0
9886,1,0.707315885,0,0,0,0
9887,2,0.707367712,0,0,0,0
9928,2,0.706854104,0,0,0,0
9976,1,0.708612564,0,0,0,0
10087,2,0.706789263,0,0,0,0
10088,2,0.70739422,0,0,0,0
10138,1,0.708881971,0,0,0,0
10554,1,0.707608106,0,0,0,0
10555,1,0.704611714,0,0,0,0
10556,1,0.706731043,0,0,0,0
10593,2,0.704736897,0,0,0,0
10595,1,0.705382208,0,0,0,0
9774,1,0.707289836,0,0,0,0
9775,1,0.70870396,0,0,0,0
9776,1,0.707338215,0,0,0,0
9939,1,0.707229865,0,0,0,0
9940,1,0.705167775,0,0,0,0
9941,1,0.70939998,0,0,0,0
9984,1,0.708898983,0,0,0,0
9985,1,0.706159563,0,0,0,0
9986,1,0.704906984,0,0,0,0
9988,1,0.705052295,0,0,0,0
9989,1,0.707358176,0,0,0,0
10036,1,0.709187457,0,0,0,0
10037,1,0.707871931,0,0,0,0
10089,2,0.707377162,0,0,0,0
10090,1,0.707553183,0,0,0,0
10091,1,0.706788981,0,0,0,0
10231,1,0.708655234,0,0,0,0
10232,2,0.708610353,0,0,0,0
9780,2,0.7085658,0,0,0,0
9781,2,0.706256593,0,0,0,0
9786,1,0.708572009,0,0,0,0
9787,2,0.707549939,0,0,0,0
9788,2,0.708540162,0,0,0,0
9791,1,0.705391472,0,0,0,0
9793,1,0.70627678,0,0,0,0
9794,2,0.708526041,0,0,0,0
9795,1,0.708608354,0,0,0,0
9796,2,0.706491427,0,0,0,0
9797,1,0.70669132,0,0,0,0
9801,2,0.709208864,0,0,0,0
9802,2,0.709332435,0,0,0,0
9804,1,0.706832402,0,0,0,0
9805,2,0.70683358,0,0,0,0
9806,2,0.707065663,0,0,0,0
9813,1,0.7068885,0,0,0,0
9815,2,0.706795247,0,0,0,0
9816,1,0.707392417,0,0,0,0
9817,1,0.707474801,0,0,0,0
9818,1,0.704987831,0,0,0,0
9819,1,0.7093178,0,0,0,0
9820,1,0.709441491,0,0,0,0
9821,1,0.70729386,0,0,0,0
9823,1,0.707188188,0,0,0,0
9824,1,0.706925256,0,0,0,0
9825,1,0.706889111,0,0,0,0
9827,2,0.709452275,0,0,0,0
9837,2,0.708570827,0,0,0,0
9838,1,0.705039929,0,0,0,0
9840,1,0.708726996,0,0,0,0
9841,1,0.707126532,0,0,0,0
9842,2,0.708759975,0,0,0,0
9845,1,0.709425101,0,0,0,0
9846,2,0.705758011,0,0,0,0
9848,1,0.706688969,0,0,0,0
9849,1,0.708544341,0,0,0,0
9850,1,0.707419424,0,0,0,0
9851,2,0.707465733,0,0,0,0
9856,1,0.708334347,0,0,0,0
9857,1,0.706164133,0,0,0,0
9858,1,0.704755752,0,0,0,0
9860,1,0.704995845,0,0,0,0
9861,2,0.708995818,0,0,0,0
9864,3,0.706271951,41.38977731873372,4.0027908745105494e-4,0.6131358223722297,79.56507532899599
9865,3,0.70668258,24.650996998587566,2.3839892897629158e-4,0.36517252075631035,47.387508708333385
9869,3,0.706712031,24.5945479063141,2.3785301178111894e-4,0.36433630073157514,47.27899456378014
9880,5,0.708008654,40.829552419744026,3.948611720656185e-4,0.6048368177288785,78.48813461617125
9916,3,0.706814371,26.62466683582705,2.5748622087680434e-4,0.3944098773486922,51.18156606856591
10186,3,0.709088445,66.66672513529157,6.447315648742713e-4,0.987580991941924,128.15587207631842
10604,3,0.707357671,30.36646327476908,2.9367300324273436e-4,0.44983973431730645,58.37455754657128
10651,5,0.707852805,41.96594970797712,4.0585123045643544e-4,0.6216710683820463,80.6726724827475
9897,3,0.709096601,67.50029612320002,6.527930007161754e-4,0.9999292640585161,129.75827592435706
9901,3,0.706012896,47.73662821146293,4.6165926024023497e-4,0.7071561794188499,91.76585779499247
9905,3,0.706550489,27.874758061198442,2.695758093534195e-4,0.412928356092995,53.58466192841661
9906,3,0.709212007,62.77900477904107,6.071335574126441e-4,0.9299894615641076,120.68236574114091
9924,3,0.708588559,39.716633476987596,3.840981719319622e-4,0.5883503682864036,76.34873002760385
9926,6,0.707400812,32.282669134669696,3.122045630301367e-4,0.47822583668014457,62.058149811752386
9944,5,0.708276102,44.390838065320274,4.2930224086833933e-4,0.6575926416171722,85.33412362636328
9949,3,0.709191919,63.61565712830771,6.152247929923691e-4,0.9423833800492664,122.29069300226517
9956,3,0.706724591,24.5602229030645,2.3752105587636257e-4,0.36382782036616257,47.213010360768095
9958,3,0.708555982,38.81024000077823,3.7533247235511377e-4,0.5749233255374465,74.60633685991539
9967,5,0.705853745,43.304210354431184,4.1879350231765263e-4,0.641495662645824,83.24525962968909
9970,5,0.708826653,55.12172336418429,5.330802569203146e-4,0.8165567774189627,105.9624949890786
9974,3,0.706789248,24.2953210836815,2.349591996549531e-4,0.3599036437844785,46.70377995221365
9981,4,0.707286399,26.683803085569487,2.5805812547778574e-4,0.3952859041230964,51.29524583372138
9982,3,0.70930574,57.61138273090333,5.571576654963498e-4,0.853437849077908,110.74845780137144
9993,3,0.708543422,37.97191642879036,3.6722507443895895e-4,0.5625046500571085,72.99479694652963
10345,3,0.707431704,33.29119556137699,3.2195798679571827e-4,0.4931658465106255,63.996876867332105
10352,3,0.707501012,0,0,0,0
10739,3,0.705459202,36.09328343749646,3.490568805484784e-4,0.5346751409688526,69.38343237414325
10740,3,0.707496106,36.959571397838296,3.5743472108541014e-4,0.5475080725617206,71.04872924903131
11571,4,0.706175114,43.71011350342433,4.2271897746146186e-4,0.6475085908900345,84.02554202592462
11970,3,0.707776398,45.03170656688259,4.355000577110354e-4,0.6670862765481341,86.56608847145336
11140,3,0.706607456,24.6578630947863,2.3846533075225709e-4,0.3652742330585264,47.40070765494915
11698,3,0.706524578,27.129421848829264,2.623676889367792e-4,0.40188716763731475,52.15187500071935
11853,4,0.707724577,0,0,0,0
11854,7,0.708273555,44.401318714401924,4.29403598858695e-4,0.6577478988282508,85.35427095953824
11856,5,0.706348661,40.805875114458594,3.9463218967511254e-4,0.6044860691868907,78.44261887048081
12035,3,0.707111208,0,0,0,0
10000,5,0.70801343,40.809301910553984,3.946653301001837e-4,0.6045368327226757,78.44920632533392
10006,3,0.706807225,26.644047512031964,2.576736507178916e-4,0.3946969769083618,51.21882224779819
10014,5,0.708874059,61.23787890136001,5.922293830022597e-4,0.9071596822416802,117.71980337689116
10026,5,0.708073234,0,0,0,0
10027,3,0.706442079,33.81278292659936,3.270022399447371e-4,0.5008924862470958,64.99954324277518
10040,3,0.705804824,42.44209686841584,4.1045603297578987e-4,0.6287245704711639,81.58798749872966
10043,3,0.706806679,26.645445590877756,2.5768717148946444e-4,0.3947176876315979,51.221509825646805
10046,3,0.706790659,24.289631359028427,2.3490417452702255e-4,0.3598193578996483,46.69284238743438
10069,5,0.708856386,58.62928370435446,5.670017501753012e-4,0.8685167306491787,112.70520588934534
10076,3,0.708553244,38.802201665708516,3.7525473389806547e-4,0.5748042480380553,74.59088447585407
10078,3,0.709496448,55.56602077240597,5.373770416009934e-4,0.8231384667735597,106.81658406719586
10079,3,0.708548473,38.78715264573348,3.751091953527321e-4,0.5745813163424524,74.56195519704397
10080,5,0.707829804,41.916008956469206,4.0536825519695853e-4,0.6209312609771915,80.57666955852024
10098,5,0.708845245,55.31141204948863,5.349147295551564e-4,0.8193667690544129,106.32714045259665
10116,3,0.706524514,27.12960060578643,2.6236941768905395e-4,0.4018898156895885,52.15221863172401
10119,3,0.706165186,43.78043431453475,4.2339904756387713e-4,0.6485503024222817,84.16072228046211
10135,5,0.707835652,41.93208349862889,4.055237115314376e-4,0.6211693844527164,80.60757023594998
10142,3,0.706544092,27.885169622284117,2.696764991961848e-4,0.41308258985509727,53.60467645122244
10144,3,0.706269513,41.40554410002717,4.004315674409708e-4,0.6133693867700296,79.59538438651153
10145,3,0.706571117,27.055344938665712,2.616512937319169e-4,0.4007898143734361,52.00947426026805
10152,5,0.705850658,43.304545459447034,4.1879674310652936e-4,0.6415006267916298,83.24590381425726
10158,3,0.70663429,24.670164494650585,2.3858429715968972e-4,0.36545646232890966,47.42435508362016
10175,3,0.706841374,27.371254994186327,2.64706448819286e-4,0.4054696117590485,52.61675965760476
10176,5,0.708854751,58.610723918869034,5.66822259139624e-4,0.8682417915199095,112.66952773821961
10190,3,0.70896887,62.8649253111004,6.079644918702318e-4,0.9312622627120136,120.84753390701346
10191,5,0.708859457,58.663499444994784,5.673326494051884e-4,0.8690235924308699,112.77098005286692
10202,3,0.707083524,23.165246287252103,2.2403028586102803e-4,0.34316305264007396,44.53139604173999
10203,4,0.708835468,55.215325020766016,5.339854752642529e-4,0.817943364455701,106.14242886017661
10288,3,0.709061832,64.93182068607314,6.279533646824667e-4,0.9618806346286383,124.82080211139264
10302,5,0.70784762,41.95780371553005,4.057724508486597e-4,0.6215503960783612,80.65701314499148
10307,3,0.70615079,43.079640493516074,4.1662169505462046e-4,0.6381689516734053,82.81356081278713
10309,5,0.707837838,41.93750143987549,4.0557610825155886e-4,0.6212496442191853,80.61798534159536
10313,3,0.706377696,39.7754219403775,3.8466671310330376e-4,0.5892212430574609,76.4617412303961
10529,5,0.707940384,0,0,0,0
10564,3,0.709373329,57.072036130562005,5.519416634062217e-4,0.845448129326643,109.71165220190831
10661,3,0.709173211,64.44229008360469,6.232191313637785e-4,0.9546288742190695,123.87975961770371
10698,5,0.705797505,42.42177042217598,4.1025945662580477e-4,0.628423460556143,81.54891323133772
10699,4,0.706403294,34.812694111191966,3.366723460054352e-4,0.5157048724492048,66.92170890488437
10327,3,0.709008471,64.69384812197885,6.256519403461987e-4,0.9583553800068422,124.3633387903753
10328,3,0.706630289,24.667651906351963,2.3855999800621595e-4,0.3654192415948889,47.41952504368757
10329,3,0.707626116,0,0,0,0
10330,5,0.708053263,42.212126823205715,4.0823200071949355e-4,0.6253178627784635,81.1459077110166
10332,3,0.706603328,24.656784607091726,2.3845490073551922e-4,0.3652582566633301,47.3986344388021
10335,3,0.709197018,62.80471161348692,6.073821673086095e-4,0.930370274946049,120.73178292460155
10343,3,0.706496805,28.813383179071057,2.7865322000840837e-4,0.4268328687728826,55.38901515395136
10353,3,0.707480163,0,0,0,0
10424,3,0.709023783,65.56643746523636,6.340907213367053e-4,0.9712816584076994,126.04074904298227
10465,3,0.707340223,31.843512713471746,3.079574966549855e-4,0.47172030437472234,61.21394344009809
10363,3,0.704885415,13.199919753438827,1.276559618247131e-4,0.19553967616078402,25.374686155745522
10456,4,0.708185771,0,0,0,0
10459,5,0.705828504,43.28712530207128,4.186282733744039e-4,0.6412425697734394,83.21241641172377
10506,3,0.707835075,0,0,0,0
10819,3,0.706656231,24.67278405869863,2.3860963087189106e-4,0.36549526776979147,47.429390766929274
11059,7,0.708896839,0,0,0,0
10468,4,0.708175726,0,0,0,0
10614,3,0.708636226,44.91483267776303,4.343697744209521e-4,0.6653549415963337,86.34141754075033
10536,3,0.708241684,0,0,0,0
10538,5,0.707832036,41.92241550307424,4.054302126848916e-4,0.6210261656487243,80.58898509622664
10541,3,0.70673395,24.53068274925416,2.372353740830224e-4,0.3633902213339178,47.15622424797869
10587,4,0.708151698,41.736266439750665,4.0362997161030856e-4,0.6182686089180901,80.23114397686747
10712,4,0.706402218,34.81799279935391,3.367235894331497e-4,0.5157833656360284,66.9318947659849
10360,3,0.709673477,37.559720263103564,3.632387397510152e-4,0.556398498939628,72.2024172552683
10369,3,0.706333861,40.13259085103039,3.881208811342421e-4,0.5945122368232051,77.14834002657784
10373,3,0.707503672,0,0,0,0
10374,3,0.706414743,33.95530454156666,3.283805614936028e-4,0.5030037589636862,65.2735177303294
10376,5,0.707858439,41.97274522652803,4.0591694967843976e-4,0.6217717351680278,80.68573575538218
10377,3,0.70739678,31.454474287128722,3.0419511965351523e-4,0.46595720510425914,60.46608071400784
10388,3,0.707528741,0,0,0,0
10389,3,0.709050695,64.87831573491617,6.274359201729615e-4,0.9610880282327163,124.71794759646023
10395,4,0.707058213,23.969307921956112,2.318063377811733e-4,0.35507418199541513,46.07707298611494
10400,5,0.7088338,55.19811922446267,5.338190786105542e-4,0.8176884829185335,106.1093535317343
10402,3,0.707469726,0,0,0,0
10405,3,0.707471002,0,0,0,0
10407,5,0.708809715,53.339225925879674,5.158417865972217e-4,0.7901513917534394,102.53593528907614
10410,5,0.70582727,43.28513228918004,4.186089990165053e-4,0.6412130458746115,83.20858517050682
9862,1,0.708571256,0,0,0,0
9863,1,0.708491972,0,0,0,0
9866,1,0.707297286,0,0,0,0
9867,1,0.708907774,0,0,0,0
9868,2,0.70930466700000006,0,0,0,0
9873,1,0.707218173,0,0,0,0
9874,2,0.706671418,0,0,0,0
9875,1,0.704860218,0,0,0,0
9879,2,0.708902788,0,0,0,0
9881,2,0.707335852,0,0,0,0
9915,2,0.708392943,0,0,0,0
9917,1,0.70873174,0,0,0,0
10083,1,0.707209576,0,0,0,0
10084,1,0.706818277,0,0,0,0
10085,2,0.706823134,0,0,0,0
10185,2,0.707360567,0,0,0,0
10187,1,0.70970741,0,0,0,0
10602,2,0.706747374,0,0,0,0
10603,1,0.706679474,0,0,0,0
10785,1,0.708227906,0,0,0,0
10786,2,0.708447587,0,0,0,0
10787,1,0.70883883,0,0,0,0
10605,1,0.70735998,0,0,0,0
10606,2,0.707028363,0,0,0,0
10607,1,0.707614028,0,0,0,0
10650,1,0.707332456,0,0,0,0
10652,1,0.708254424,0,0,0,0
9882,2,0.706825968,0,0,0,0
9883,1,0.708427754,0,0,0,0
9884,1,0.70680967,0,0,0,0
9888,1,0.707357143,0,0,0,0
9889,2,0.708382594,0,0,0,0
9890,1,0.70469293,0,0,0,0
9894,2,0.706822156,0,0,0,0
9895,1,0.707381136,0,0,0,0
9896,1,0.707034143,0,0,0,0
9898,1,0.708406748,0,0,0,0
9899,1,0.707080383,0,0,0,0
9900,1,0.708579492,0,0,0,0
9902,1,0.707328415,0,0,0,0
9903,1,0.708785562,0,0,0,0
9904,1,0.707404275,0,0,0,0
9907,1,0.708599591,0,0,0,0
9908,2,0.708512652,0,0,0,0
9909,1,0.709506163,0,0,0,0
9910,2,0.708569522,0,0,0,0
9911,2,0.708576811,0,0,0,0
9918,1,0.708770015,0,0,0,0
9919,1,0.707467118,0,0,0,0
9920,1,0.706183301,0,0,0,0
9921,2,0.70681878,0,0,0,0
9922,1,0.708513395,0,0,0,0
9923,1,0.707340656,0,0,0,0
9925,2,0.707148877,0,0,0,0
9930,1,0.709559793,0,0,0,0
9931,2,0.709272321,0,0,0,0
9932,1,0.706815071,0,0,0,0
9933,1,0.70464917,0,0,0,0
9934,1,0.707308262,0,0,0,0
9935,1,0.707247143,0,0,0,0
9936,1,0.709147997,0,0,0,0
9937,1,0.709677595,0,0,0,0
9938,1,0.70719803,0,0,0,0
9942,2,0.706752649,0,0,0,0
9943,2,0.707535117,0,0,0,0
9945,1,0.709017851,0,0,0,0
9946,1,0.708628602,0,0,0,0
9947,1,0.706662427,0,0,0,0
9948,2,0.709091592,0,0,0,0
9950,1,0.706920897,0,0,0,0
9954,1,0.705537609,0,0,0,0
9955,1,0.708575583,0,0,0,0
9957,1,0.705747296,0,0,0,0
9959,1,0.707337283,0,0,0,0
9966,2,0.708335765,0,0,0,0
9968,2,0.706633912,0,0,0,0
9969,2,0.708051605,0,0,0,0
9971,1,0.706830174,0,0,0,0
9972,1,0.708097883,0,0,0,0
9973,1,0.708898234,0,0,0,0
9978,1,0.706531497,0,0,0,0
9979,2,0.708234569,0,0,0,0
9980,1,0.708322059,0,0,0,0
9983,2,0.708311211,0,0,0,0
9990,1,0.708731769,0,0,0,0
9991,1,0.70859989,0,0,0,0
9992,1,0.708937678,0,0,0,0
9994,2,0.705653974,0,0,0,0
9995,1,0.708318656,0,0,0,0
9996,1,0.708527071,0,0,0,0
9997,2,0.706829381,0,0,0,0
9998,1,0.709581503,0,0,0,0
10051,1,0.709463868,0,0,0,0
10052,1,0.705377964,0,0,0,0
10059,2,0.707294981,0,0,0,0
10060,1,0.707135338,0,0,0,0
10061,1,0.708620241,0,0,0,0
10062,2,0.704868069,0,0,0,0
10063,1,0.706794792,0,0,0,0
10064,2,0.708605131,0,0,0,0
10346,1,0.70858161,0,0,0,0
10347,1,0.7073706,0,0,0,0
10348,1,0.706732525,0,0,0,0
10349,1,0.706733487,0,0,0,0
10350,1,0.70780803,0,0,0,0
10351,1,0.705656197,0,0,0,0
10734,1,0.709356109,0,0,0,0
10735,1,0.709251022,0,0,0,0
10736,1,0.708912757,0,0,0,0
10737,1,0.706674337,0,0,0,0
10738,1,0.707467856,0,0,0,0
10741,2,0.709500871,0,0,0,0
11555,2,0.708923919,0,0,0,0
11556,1,0.706617196,0,0,0,0
11569,2,0.707301429,0,0,0,0
11570,2,0.706384419,0,0,0,0
11572,2,0.706664813,0,0,0,0
11573,2,0.706609176,0,0,0,0
11574,2,0.707532267,0,0,0,0
11968,1,0.707149266,0,0,0,0
11969,1,0.708964521,0,0,0,0
11139,1,0.709471391,0,0,0,0
11141,2,0.708043339,0,0,0,0
11211,2,0.708909786,0,0,0,0
11212,1,0.707741828,0,0,0,0
11691,1,0.709421707,0,0,0,0
11692,2,0.706093633,0,0,0,0
11693,1,0.70977666,0,0,0,0
11694,1,0.706769534,0,0,0,0
11695,1,0.706545567,0,0,0,0
11696,1,0.706770993,0,0,0,0
11697,1,0.709842303,0,0,0,0
11851,2,0.708021545,0,0,0,0
11852,1,0.70716338,0,0,0,0
11855,1,0.707787735,0,0,0,0
12034,1,0.709796775,0,0,0,0
9999,1,0.708268284,0,0,0,0
10001,2,0.707279719,0,0,0,0
10005,1,0.705507942,0,0,0,0
10007,1,0.708984643,0,0,0,0
10008,1,0.708238227,0,0,0,0
10009,1,0.706788286,0,0,0,0
10010,1,0.707301312,0,0,0,0
10011,2,0.707641635,0,0,0,0
10012,1,0.707867531,0,0,0,0
10013,1,0.70732738,0,0,0,0
10015,2,0.709539397,0,0,0,0
10016,1,0.706813099,0,0,0,0
10017,1,0.706789377,0,0,0,0
10018,2,0.706840037,0,0,0,0
10019,2,0.709694675,0,0,0,0
10020,2,0.706763191,0,0,0,0
10021,1,0.707186147,0,0,0,0
10022,2,0.709559594,0,0,0,0
10028,1,0.707615765,0,0,0,0
10029,1,0.709207225,0,0,0,0
10030,2,0.709003596,0,0,0,0
10031,2,0.707867945,0,0,0,0
10032,1,0.707228052,0,0,0,0
10033,2,0.706784848,0,0,0,0
10034,2,0.705664976,0,0,0,0
10038,1,0.709701864,0,0,0,0
10039,2,0.705720206,0,0,0,0
10041,1,0.706974707,0,0,0,0
10042,2,0.705679636,0,0,0,0
10044,1,0.707320661,0,0,0,0
10045,1,0.707487233,0,0,0,0
10050,1,0.706879186,0,0,0,0
10065,1,0.70731722,0,0,0,0
10066,1,0.708642694,0,0,0,0
10067,2,0.707422201,0,0,0,0
10068,1,0.70860554,0,0,0,0
10070,1,0.707225597,0,0,0,0
10071,1,0.70662404,0,0,0,0
10072,2,0.708596453,0,0,0,0
10073,1,0.706869039,0,0,0,0
10074,2,0.709534112,0,0,0,0
10075,1,0.707281264,0,0,0,0
10077,2,0.706795617,0,0,0,0
10081,1,0.706789302,0,0,0,0
10082,1,0.707332843,0,0,0,0
10092,1,0.704694861,0,0,0,0
10093,1,0.709561352,0,0,0,0
10094,1,0.707168254,0,0,0,0
10095,2,0.707349457,0,0,0,0
10096,1,0.708640908,0,0,0,0
10097,1,0.706792882,0,0,0,0
10099,1,0.705682907,0,0,0,0
10100,2,0.709540664,0,0,0,0
10101,1,0.709270911,0,0,0,0
10102,1,0.709084943,0,0,0,0
10103,1,0.70787469,0,0,0,0
10107,2,0.707167236,0,0,0,0
10108,1,0.708270287,0,0,0,0
10109,2,0.704902078,0,0,0,0
10110,1,0.709564502,0,0,0,0
10111,2,0.705676256,0,0,0,0
10112,1,0.707342387,0,0,0,0
10113,2,0.705716896,0,0,0,0
10114,1,0.709478592,0,0,0,0
10115,2,0.705930127,0,0,0,0
10117,2,0.709307955,0,0,0,0
10118,2,0.706661677,0,0,0,0
10120,1,0.705570856,0,0,0,0
10121,1,0.704959131,0,0,0,0
10122,1,0.707367512,0,0,0,0
10123,1,0.707371349,0,0,0,0
10124,1,0.709702219,0,0,0,0
10125,2,0.709244693,0,0,0,0
10126,2,0.70921444,0,0,0,0
10127,1,0.709347651,0,0,0,0
10128,1,0.708750107,0,0,0,0
10129,1,0.706479197,0,0,0,0
10130,2,0.709203876,0,0,0,0
10131,1,0.706219453,0,0,0,0
10132,1,0.706681704,0,0,0,0
10133,1,0.707365634,0,0,0,0
10134,2,0.70725388,0,0,0,0
10136,2,0.707191856,0,0,0,0
10140,1,0.704818294,0,0,0,0
10141,1,0.707374384,0,0,0,0
10143,1,0.704688234,0,0,0,0
10146,2,0.705245424,0,0,0,0
10147,1,0.708623871,0,0,0,0
10148,1,0.707217323,0,0,0,0
10149,1,0.708738639,0,0,0,0
10150,1,0.707168842,0,0,0,0
10151,1,0.708560952,0,0,0,0
10153,1,0.707379588,0,0,0,0
10154,1,0.709546764,0,0,0,0
10155,1,0.70938379,0,0,0,0
10156,1,0.709729037,0,0,0,0
10157,1,0.709703214,0,0,0,0
10159,1,0.706768774,0,0,0,0
10160,1,0.709155018,0,0,0,0
10161,1,0.704809913,0,0,0,0
10162,1,0.706249678,0,0,0,0
10163,1,0.706369196,0,0,0,0
10164,1,0.706759697,0,0,0,0
10165,1,0.708894062,0,0,0,0
10166,1,0.709705,0,0,0,0
10167,2,0.707413505,0,0,0,0
10168,2,0.708732701,0,0,0,0
10169,1,0.707432109,0,0,0,0
10173,2,0.708734255,0,0,0,0
10174,2,0.708996805,0,0,0,0
10177,1,0.708816056,0,0,0,0
10178,2,0.707377232,0,0,0,0
10179,1,0.708936581,0,0,0,0
10180,2,0.706439589,0,0,0,0
10181,1,0.706031505,0,0,0,0
10182,1,0.709656744,0,0,0,0
10183,1,0.70718391,0,0,0,0
10184,1,0.707189726,0,0,0,0
10188,1,0.70871654,0,0,0,0
10189,2,0.708911787,0,0,0,0
10192,1,0.706601156,0,0,0,0
10193,2,0.708584553,0,0,0,0
10194,1,0.707331459,0,0,0,0
10195,2,0.707355964,0,0,0,0
10196,2,0.705722806,0,0,0,0
10200,1,0.707421194,0,0,0,0
10201,1,0.705278866,0,0,0,0
10204,1,0.709612441,0,0,0,0
10205,2,0.70672886,0,0,0,0
10206,1,0.705303756,0,0,0,0
10207,1,0.707124733,0,0,0,0
10208,1,0.70865794,0,0,0,0
10287,2,0.707429712,0,0,0,0
10289,1,0.708929261,0,0,0,0
10303,1,0.706960962,0,0,0,0
10304,2,0.707422097,0,0,0,0
10305,1,0.709130546,0,0,0,0
10306,1,0.708045853,0,0,0,0
10308,2,0.707584566,0,0,0,0
10310,1,0.708046668,0,0,0,0
10311,2,0.706139862,0,0,0,0
10312,2,0.707420951,0,0,0,0
10314,1,0.708921415,0,0,0,0
10315,2,0.707362218,0,0,0,0
10316,1,0.707337869,0,0,0,0
10446,1,0.704954156,0,0,0,0
10447,1,0.704898193,0,0,0,0
10448,1,0.70707786,0,0,0,0
10449,2,0.706460552,0,0,0,0
10450,1,0.706715312,0,0,0,0
10451,1,0.708302657,0,0,0,0
10527,1,0.709781626,0,0,0,0
10528,1,0.707067294,0,0,0,0
10560,1,0.709345848,0,0,0,0
10561,2,0.707560061,0,0,0,0
10562,2,0.705303556,0,0,0,0
10563,1,0.706524449,0,0,0,0
10565,2,0.707392062,0,0,0,0
10659,2,0.707448765,0,0,0,0
10660,1,0.706517099,0,0,0,0
10700,1,0.70730073,0,0,0,0
10317,1,0.709226342,0,0,0,0
10318,1,0.709600594,0,0,0,0
10319,2,0.709674215,0,0,0,0
10323,1,0.707401184,0,0,0,0
10324,1,0.7074509,0,0,0,0
10325,1,0.707286728,0,0,0,0
10326,2,0.707408405,0,0,0,0
10331,1,0.707340465,0,0,0,0
10333,1,0.708568519,0,0,0,0
10334,1,0.707296159,0,0,0,0
10336,2,0.707551183,0,0,0,0
10337,2,0.709654721,0,0,0,0
10338,1,0.706728048,0,0,0,0
10339,1,0.706721053,0,0,0,0
10340,1,0.707576511,0,0,0,0
10341,2,0.708946675,0,0,0,0
10342,1,0.708703795,0,0,0,0
10344,1,0.709303323,0,0,0,0
10354,2,0.708727234,0,0,0,0
10355,1,0.706439322,0,0,0,0
10473,1,0.706786183,0,0,0,0
10474,1,0.707082436,0,0,0,0
10475,1,0.708112264,0,0,0,0
10422,1,0.704816637,0,0,0,0
10423,1,0.708870347,0,0,0,0
10464,1,0.709399821,0,0,0,0
10466,1,0.705494819,0,0,0,0
10362,1,0.706406032,0,0,0,0
10364,1,0.707405719,0,0,0,0
10455,1,0.706768524,0,0,0,0
10457,2,0.707456466,0,0,0,0
10458,2,0.705864418,0,0,0,0
10460,1,0.70737717,0,0,0,0
10476,2,0.707100666,0,0,0,0
10477,1,0.707109487,0,0,0,0
10478,1,0.704795669,0,0,0,0
10507,1,0.70957567,0,0,0,0
10508,1,0.709396952,0,0,0,0
10818,1,0.707180717,0,0,0,0
10820,1,0.704833528,0,0,0,0
11058,1,0.709683583,0,0,0,0
11060,1,0.709010032,0,0,0,0
10467,1,0.706574988,0,0,0,0
10469,1,0.707442211,0,0,0,0
10470,1,0.70712635,0,0,0,0
10471,2,0.706128805,0,0,0,0
10472,1,0.707565017,0,0,0,0
10615,2,0.70885417,0,0,0,0
10616,1,0.706841006,0,0,0,0
10537,2,0.708882331,0,0,0,0
10539,1,0.708794173,0,0,0,0
10540,1,0.708765566,0,0,0,0
10542,1,0.704861037,0,0,0,0
10543,1,0.707257241,0,0,0,0
10544,1,0.70737733,0,0,0,0
10588,1,0.707378756,0,0,0,0
10589,2,0.707534644,0,0,0,0
10710,1,0.708170497,0,0,0,0
10711,1,0.707058429,0,0,0,0
10806,1,0.707234149,0,0,0,0
10807,2,0.706665173,0,0,0,0
10808,2,0.706665811,0,0,0,0
10359,1,0.707300012,0,0,0,0
10361,1,0.706292085,0,0,0,0
10365,1,0.708714489,0,0,0,0
10366,2,0.707419896,0,0,0,0
10367,1,0.707082187,0,0,0,0
10368,1,0.707339171,0,0,0,0
10370,1,0.707381338,0,0,0,0
10371,1,0.706772204,0,0,0,0
10372,1,0.707117335,0,0,0,0
10375,1,0.705498653,0,0,0,0
10378,2,0.706495128,0,0,0,0
10379,1,0.704708573,0,0,0,0
10386,1,0.709402089,0,0,0,0
10387,1,0.705711588,0,0,0,0
10390,1,0.706850721,0,0,0,0
10391,1,0.708303762,0,0,0,0
10392,2,0.707427476,0,0,0,0
10393,2,0.708281157,0,0,0,0
10394,1,0.709748757,0,0,0,0
10396,1,0.708446029,0,0,0,0
10397,2,0.705759315,0,0,0,0
10398,1,0.708616318,0,0,0,0
10399,2,0.705871292,0,0,0,0
10401,1,0.706370599,0,0,0,0
10403,1,0.70743237,0,0,0,0
10404,1,0.705073815,0,0,0,0
10406,2,0.707382673,0,0,0,0
10408,1,0.705907016,0,0,0,0
10409,2,0.709203542,0,0,0,0
10411,1,0.707358307,0,0,0,0
10412,1,0.708268698,0,0,0,0
10413,3,0.70746589,0,0,0,0
10417,3,0.707501409,0,0,0,0
10418,5,0.708009324,0,0,0,0
10421,3,0.706659297,24.671646972584156,2.3859863415188578e-4,0.36547842331507174,47.427204904906944
10429,3,0.707391102,31.415429145419576,3.038175154549621e-4,0.4653788020148412,60.391022817044636
10431,3,0.709199016,62.80062114933591,6.073426085730065e-4,0.9303096800295361,120.7239196764908
10432,3,0.708910496,61.62151964941914,5.959395592460117e-4,0.9128428219151635,118.45728994956673
10438,3,0.707427601,0,0,0,0
10441,4,0.706447288,33.78732178232804,3.2675600610984835e-4,0.5005153124461565,64.950598358479
10442,3,0.70919561,62.807353198416074,6.074077139839811e-4,0.9304094065976988,120.73686093945186
10444,3,0.709009493,64.69920310495246,6.25703728199066e-4,0.9584347071282235,124.37363286904113
10452,3,0.707409405,0,0,0,0
10480,5,0.708781802,53.85800743463717,5.208589044065978e-4,0.7978364663687011,103.53320786451707
10485,3,0.709217291,61.96736027153519,5.992841717950977e-4,0.9179660017916319,119.12211196439875
10494,3,0.705193552,17.82648116490666,1.7239927526555154e-4,0.2640761776725235,34.26849354163474
10500,5,0.705823283,43.277955960473804,4.185395969928206e-4,0.6411067378805136,83.19478985265091
10502,3,0.709322815,57.50327788770451,5.561121873423739e-4,0.8518364161582114,110.54064392679304
10505,5,0.708013907,40.807198058039305,3.946449838161672e-4,0.6045056668787088,78.44516201307482
10511,4,0.708163252,0,0,0,0
10667,3,0.708506968,37.10785037635951,3.5886872189564844e-4,0.5497046331456543,71.33377132608562
10876,3,0.708103144,0,0,0,0
11029,5,0.707666697,41.47690029675102,4.0112165072140617e-4,0.6144264361960924,79.73255500049679
11030,3,0.706610606,24.6582371762899,2.3846894848138234e-4,0.36527977459040223,47.401426765438295
11817,4,0.706517996,27.146907681519043,2.6253679381256745e-4,0.40214619755002845,52.18548865329928
10513,4,0.708152194,0,0,0,0
10519,3,0.707523171,0,0,0,0
10522,4,0.706441853,33.81385727668887,3.270126299468413e-4,0.5009084013490441,65.00160850505343
10524,3,0.708675176,49.315413065363266,4.769276332912477e-4,0.7305438275883621,94.80081337983447
10532,4,0.706426622,33.89450321186801,3.27792553962657e-4,0.5021030661911925,65.15663712137318
10533,3,0.709369387,57.112186948289754,5.523299605588425e-4,0.8460429115709842,109.78883558012336
10626,4,0.706411937,33.968636824724335,3.2850949753727597e-4,0.503201259431858,65.29914686347449
10803,3,0.707499436,37.78477809645654,3.654152661784108e-4,0.5597324385902706,72.63505411934743
10835,6,0.708219752,43.829509653729296,4.2387365345116835e-4,0.6492772898671169,84.25506159110253
10545,5,0.708003588,40.84941206932505,3.950532340414579e-4,0.6051310126573535,78.52631154335675
10867,3,0.708616471,42.321995455348066,4.0929453641459453e-4,0.6269454239417612,81.35711218127462
10906,7,0.708904358,0,0,0,0
10985,6,0.708235701,42.96377823114294,4.155011951713862e-4,0.6364526026586473,82.59083456899712
10559,6,0.708204732,43.89087955491247,4.2446715961703615e-4,0.6501864052880839,84.37303518571674
10569,4,0.706420941,33.924459616314614,3.2808226130132806e-4,0.5025468314362732,65.21422340791018
10575,3,0.706017113,46.12213299096675,4.4604553348404394e-4,0.6832395285243085,88.66225487275734
10577,3,0.707546809,38.15000362439251,3.6894734947304285e-4,0.5651427806826643,73.33714044415461
10579,3,0.707427883,0,0,0,0
10591,3,0.709680115,35.88490348546611,3.470416453274846e-4,0.5315882624802316,68.98285600832543
10608,5,0.705810717,42.45574564984086,4.105880298631264e-4,0.628926759450316,81.61422504801308
10613,3,0.709640608,39.59151511662325,3.82888156649098e-4,0.5864969021953663,76.10821044976781
10619,3,0.709215403,62.77153885787761,6.070613547504437e-4,0.9298788636336797,120.66801372916471
10622,4,0.706886685,26.4617822217704,2.559109694766258e-4,0.39199695323406536,50.868447046746816
10623,3,0.707567253,38.30524324201811,3.704486663803773e-4,0.5674424540992338,73.63556321109311
10631,4,0.707030506,23.15708690592885,2.2395137676989942e-4,0.3430421819975683,44.515710966059984
10639,3,0.709376721,56.236555955418126,5.438617638814017e-4,0.8330715750794985,108.10557825376173
10640,4,0.706847392,27.359730433767172,2.645949951989312e-4,0.4052988903566196,52.59460557567235
10641,3,0.706858392,27.334944209330416,2.643552884901345e-4,0.40493171461690725,52.54695811433799
10644,3,0.705701135,41.868449410658144,4.049083084944132e-4,0.6202267280436617,80.4852441126685
10646,3,0.708647098,45.82591963210719,4.4318086446052996e-4,0.6788515121311931,88.09283315227738
10648,3,0.709487967,55.69492317151712,5.386236521901039e-4,0.8250479884865213,107.06437784043571
10649,3,0.707525073,38.78114710556172,3.750511159839766e-4,0.5744923520606771,74.55041052859896
10653,5,0.707858781,41.97308877668386,4.059202721399695e-4,0.6217768244176194,80.68639617435029
10731,5,0.70800246,41.65362276653698,4.028307275398988e-4,0.6170443501802495,80.07227503601584
10996,5,0.707673995,42.3198396629663,4.0927368782194175e-4,0.6269134886760873,81.35296802311865
11130,5,0.707515631,38.711350678651925,3.743761171828076e-4,0.5734584085996522,74.4162383168954
11131,3,0.709182566,63.631264603430324,6.15375732337884e-4,0.9426145845329428,122.32069581973055
11136,4,0.708183679,0,0,0,0
11137,3,0.709144886,65.24030409601119,6.309366969404033e-4,0.9664504159005695,125.41381099763173
10656,3,0.706374612,39.79933782136491,3.8489800275107134e-4,0.5895755257887753,76.50771559884146
10658,3,0.709149993,65.24532538772411,6.309852576767706e-4,0.9665247998190928,125.4234636094424
10662,4,0.706407162,34.793157937443254,3.3648341235304564e-4,0.5154154693952773,66.8841538070643
10663,4,0.706953217,22.336487278718987,2.1601538650320212e-4,0.33088606375143476,42.9382424367875
10664,3,0.707416317,0,0,0,0
10670,3,0.706786187,23.508765006342525,2.273524433672399e-4,0.34825183653731007,45.19175457787974
10671,3,0.70671686,24.58207356849411,2.37732372896771e-4,0.3641515096098711,47.255014690182755
10673,5,0.708807669,53.31950000875006,5.15651017943238e-4,0.7898591778976322,102.4980154406492
10679,4,0.706943476,23.13805900594134,2.2376735861526047e-4,0.34276030835961624,44.479132941389786
10680,3,0.70685408,27.345232990547455,2.6445479093308857e-4,0.40508412955463785,52.566736612933745
10682,4,0.708136892,0,0,0,0
10684,3,0.707421411,0,0,0,0
10704,3,0.706345781,40.031350673464836,3.8714179092128314e-4,0.5930124950137541,76.95372234858714
10705,3,0.707393114,0,0,0,0
10706,4,0.706412777,33.964687055148936,3.2847129945398824e-4,0.5031427487228455,65.29155407766706
10718,4,0.706400914,35.62495074742981,3.4452765149851856e-4,0.5277374001142323,68.48313939896653
10719,4,0.706999436,24.74180082822197,2.3927708963377036e-4,0.36651766161871935,47.56206421486307
10720,3,0.706755651,24.449243742428834,2.364477802990808e-4,0.3621838081648278,46.99967108116949
10725,3,0.706383483,38.931458711941595,3.765047742670765e-4,0.5767190233877563,74.83936000016386
10726,3,0.706112769,43.311309186973254,4.188621548786468e-4,0.6416008226348486,83.25890597384814
10727,6,0.70821942,43.830892362202725,4.238870255764082e-4,0.649297772898239,84.25771962192496
10728,5,0.707835312,41.93121191783364,4.0551528250407955e-4,0.6211564731146451,80.6058947644659
10758,3,0.706826109,0,0,0,0
10761,5,0.708806006,54.10361471430129,5.232341638098609e-4,0.8014748193909412,104.00534767714129
10770,3,0.707517949,38.72896297209663,3.745464450561295e-4,0.5737193118642898,74.45009506958708
10772,5,0.705790049,42.39722415900573,4.100220705740157e-4,0.6280598395310971,81.5017270562794
10933,3,0.705776302,42.34183257557592,4.0948638050984816e-4,0.6272392851271148,81.39524579946456
10900,4,0.708186037,0,0,0,0
12250,7,0.708413487,0,0,0,0
12251,3,0.707158075,0,0,0,0
10975,5,0.705806617,42.4465063517329,4.1049867693457927e-4,0.6287898912424988,81.59646400899406
10978,3,0.704904732,13.202363931006861,1.276795993804063e-4,0.19557588347863594,25.37938468724088
10783,4,0.708177026,0,0,0,0
10788,5,0.707766399,45.018891209301025,4.353761208365119e-4,0.6668964336613447,86.54145304315682
10873,3,0.708630914,44.06096397097933,4.2611204005040036e-4,0.6527059851233359,84.69999464897828
10874,4,0.70625142,43.14655339713476,4.172688074029893e-4,0.6391601794800112,82.9421899227218
10987,5,0.707699969,42.44646502997338,4.104982773132896e-4,0.628789279114272,81.59638457467183
10991,3,0.708637179,44.92440377889549,4.3446233620493324e-4,0.665496725035241,86.3598164167994
10956,5,0.707745219,44.170774961319474,4.271740182936501e-4,0.6543326923981594,84.91108831230201
11087,4,0.708200609,0,0,0,0
11231,3,0.708116887,41.900975552349124,4.0522286767201177e-4,0.6207085606102087,80.54777029863646
11449,3,0.708928841,61.78588975951303,5.975291768263612e-4,0.9152777517252405,118.77326459448312
10814,3,0.705789122,42.393901834278225,4.0998994048788596e-4,0.6280106236030117,81.49534043053904
10821,4,0.706231185,43.29757538613744,4.187293357715648e-4,0.6413973742034903,83.23250498865703
10832,4,0.706160992,43.00978667059194,4.159461411786062e-4,0.6371341579649346,82.67927826663626
10855,4,0.706141226,42.342616524080796,4.094939620483939e-4,0.6272508983065608,81.39675281220745
10870,3,0.708830614,55.164598259086205,5.334948985279207e-4,0.8171919133304796,106.04491495998892
10871,3,0.709480787,56.60270154061985,5.474027450176409e-4,0.8384955466259463,108.80943323813655
10878,3,0.706386586,38.108875581886664,3.6854960161380426e-4,0.5645335221217838,73.25807851118233
10889,4,0.708884449,61.355476998631765,5.933666700840294e-4,0.9089017453971516,117.94586647928286
10890,3,0.708582633,40.48324771600102,3.915120713993649e-4,0.5997067630855369,77.82242048033736
10891,3,0.706362119,41.495577596426344,4.013022782327e-4,0.6147031161455382,79.76845905342671
10918,4,0.708888318,61.396701619993124,5.937653519539985e-4,0.9095124346484063,118.0251140693041
10921,5,0.708807357,53.316461770779576,5.1562163525019e-4,0.7898141703460754,102.49217492522126
10925,5,0.708141454,42.58841326496908,4.118710537245231e-4,0.630892057950895,81.86925683303835
10939,5,0.707744295,44.16853345462471,4.2715234076087707e-4,0.6542994873862052,84.90677938240258
10941,4,0.708888163,61.39507692816518,5.937496396162087e-4,0.9094883669480088,118.02199086507227
10942,5,0.70581781,42.46895525712076,4.107157795126804e-4,0.6291224426346058,81.63961835685353
10943,3,0.709465318,57.626016205350275,5.572991853154287e-4,0.8536546250059373,110.77658826188903
10946,5,0.707735191,43.34814970297281,4.192184382191434e-4,0.6421465670562322,83.329725838572
10948,4,0.709453642,57.78721972192261,5.588581788806893e-4,0.8560426458435882,111.08647564883013
10949,4,0.708197934,0,0,0,0
10952,5,0.708799844,54.04565804023501,5.226736668439484e-4,0.8006162664989571,103.893935453239
10954,5,0.707724067,42.52379959311483,4.112461771660553e-4,0.6299348902782167,81.74504762000548
10959,5,0.707714483,42.497689132699634,4.1099366381747073e-4,0.6295480977014917,81.69485453165393
10967,4,0.708197965,0,0,0,0
10969,3,0.706580751,25.45241042289062,2.4614937014635934e-4,0.37704442031223745,48.928094901472434
10970,3,0.706781761,23.528784217975186,2.2754604846209468e-4,0.34854839517045066,45.23023823700441
10981,5,0.707645089,41.34287973385268,3.9982554254948947e-4,0.6124410955305781,79.47492239473222
10414,2,0.706680121,0,0,0,0
10415,1,0.707374431,0,0,0,0
10416,2,0.706717243,0,0,0,0
10419,1,0.709587983,0,0,0,0
10420,1,0.708622965,0,0,0,0
10425,1,0.709246733,0,0,0,0
10426,1,0.707063484,0,0,0,0
10427,1,0.70629141,0,0,0,0
10428,2,0.707423014,0,0,0,0
10430,2,0.70603049,0,0,0,0
10433,1,0.709182198,0,0,0,0
10434,1,0.707493927,0,0,0,0
10435,2,0.708606135,0,0,0,0
10436,1,0.708964652,0,0,0,0
10437,1,0.707378493,0,0,0,0
10439,2,0.704737722,0,0,0,0
10440,1,0.706724691,0,0,0,0
10443,1,0.704512704,0,0,0,0
10445,1,0.707362334,0,0,0,0
10453,2,0.708615161,0,0,0,0
10454,1,0.707416027,0,0,0,0
10479,2,0.705967592,0,0,0,0
10481,1,0.708620601,0,0,0,0
10482,1,0.708793059,0,0,0,0
10483,1,0.709111657,0,0,0,0
10484,2,0.706112883,0,0,0,0
10486,2,0.707525074,0,0,0,0
10487,1,0.704600738,0,0,0,0
10488,1,0.704785687,0,0,0,0
10489,1,0.707061454,0,0,0,0
10490,2,0.706059934,0,0,0,0
10491,1,0.707431291,0,0,0,0
10492,1,0.706152524,0,0,0,0
10493,1,0.704791993,0,0,0,0
10495,1,0.706696204,0,0,0,0
10496,1,0.707641433,0,0,0,0
10497,1,0.706784365,0,0,0,0
10498,2,0.706716141,0,0,0,0
10499,2,0.706715326,0,0,0,0
10501,1,0.708846291,0,0,0,0
10503,1,0.706844276,0,0,0,0
10504,1,0.709718981,0,0,0,0
10509,1,0.709239155,0,0,0,0
10510,2,0.708632461,0,0,0,0
10752,1,0.705196368,0,0,0,0
10753,1,0.709079178,0,0,0,0
10754,1,0.709657776,0,0,0,0
10665,1,0.706259638,0,0,0,0
10666,1,0.707382271,0,0,0,0
11037,1,0.704721851,0,0,0,0
11038,1,0.706929792,0,0,0,0
11039,1,0.706714432,0,0,0,0
10875,1,0.709761229,0,0,0,0
10877,1,0.708936237,0,0,0,0
11028,1,0.708604042,0,0,0,0
11815,1,0.709305968,0,0,0,0
11816,1,0.706585833,0,0,0,0
11148,1,0.709887302,0,0,0,0
11149,1,0.709351592,0,0,0,0
11150,2,0.708051933,0,0,0,0
10512,2,0.708933824,0,0,0,0
10514,1,0.707901249,0,0,0,0
10515,2,0.70741951,0,0,0,0
10516,1,0.707475502,0,0,0,0
10517,2,0.706184042,0,0,0,0
10518,2,0.707108025,0,0,0,0
10520,2,0.709121332,0,0,0,0
10521,1,0.709718718,0,0,0,0
10523,1,0.709373566,0,0,0,0
10525,1,0.708388333,0,0,0,0
10526,2,0.70675482,0,0,0,0
10530,1,0.708873918,0,0,0,0
10531,2,0.707143696,0,0,0,0
10534,1,0.70740008,0,0,0,0
10535,1,0.707212224,0,0,0,0
10627,1,0.709255979,0,0,0,0
10628,1,0.709502611,0,0,0,0
10804,1,0.704707851,0,0,0,0
10805,1,0.70819893,0,0,0,0
10833,1,0.708446549,0,0,0,0
10834,1,0.70667132,0,0,0,0
11133,1,0.708870444,0,0,0,0
11134,1,0.709671916,0,0,0,0
11135,2,0.709447542,0,0,0,0
11232,1,0.709064219,0,0,0,0
11233,2,0.709438277,0,0,0,0
11234,2,0.708673908,0,0,0,0
11235,1,0.707011601,0,0,0,0
11236,1,0.708607102,0,0,0,0
11237,2,0.707537153,0,0,0,0
10546,1,0.706729758,0,0,0,0
10547,2,0.709567741,0,0,0,0
10548,2,0.705853802,0,0,0,0
10549,1,0.707058223,0,0,0,0
10550,2,0.709078325,0,0,0,0
10551,1,0.709614598,0,0,0,0
10552,1,0.70908408,0,0,0,0
10553,2,0.709707708,0,0,0,0
10866,2,0.706808608,0,0,0,0
10868,1,0.709274858,0,0,0,0
10905,1,0.707601372,0,0,0,0
10907,2,0.707376498,0,0,0,0
10983,2,0.70959887,0,0,0,0
10984,1,0.708706021,0,0,0,0
11043,1,0.709177285,0,0,0,0
11044,2,0.707454953,0,0,0,0
11045,2,0.709167127,0,0,0,0
11166,2,0.707336272,0,0,0,0
11167,1,0.707448246,0,0,0,0
11168,2,0.709127566,0,0,0,0
10557,1,0.709054398,0,0,0,0
10558,1,0.706702566,0,0,0,0
10566,1,0.70969291,0,0,0,0
10567,1,0.708939732,0,0,0,0
10568,1,0.705463199,0,0,0,0
10570,1,0.706686533,0,0,0,0
10571,2,0.708561114,0,0,0,0
10572,2,0.705621041,0,0,0,0
10573,1,0.709189069,0,0,0,0
10574,2,0.705670093,0,0,0,0
10576,1,0.708920782,0,0,0,0
10578,1,0.70746652,0,0,0,0
10580,2,0.704777475,0,0,0,0
10581,2,0.704956127,0,0,0,0
10582,1,0.709863552,0,0,0,0
10583,1,0.708561571,0,0,0,0
10584,2,0.706360961,0,0,0,0
10585,1,0.707091003,0,0,0,0
10586,1,0.704776821,0,0,0,0
10590,2,0.70902875,0,0,0,0
10592,2,0.707498448,0,0,0,0
10596,1,0.708554584,0,0,0,0
10597,2,0.709679526,0,0,0,0
10598,1,0.709053474,0,0,0,0
10599,1,0.709097586,0,0,0,0
10600,1,0.708693699,0,0,0,0
10601,2,0.708095982,0,0,0,0
10609,2,0.708450542,0,0,0,0
10610,1,0.708155321,0,0,0,0
10611,2,0.707494635,0,0,0,0
10612,1,0.707030313,0,0,0,0
10617,1,0.708648968,0,0,0,0
10618,1,0.708859759,0,0,0,0
10620,2,0.707395538,0,0,0,0
10621,2,0.708899408,0,0,0,0
10624,2,0.707101116,0,0,0,0
10625,1,0.707357802,0,0,0,0
10629,1,0.704970945,0,0,0,0
10630,2,0.709293807,0,0,0,0
10632,1,0.708968231,0,0,0,0
10633,1,0.70669583,0,0,0,0
10634,1,0.707182984,0,0,0,0
10635,2,0.708458986,0,0,0,0
10636,2,0.706571412,0,0,0,0
10637,1,0.707383546,0,0,0,0
10638,1,0.706691816,0,0,0,0
10642,1,0.709811531,0,0,0,0
10643,1,0.708275482,0,0,0,0
10645,1,0.707344475,0,0,0,0
10647,1,0.705168489,0,0,0,0
10654,1,0.706830664,0,0,0,0
10655,1,0.706682542,0,0,0,0
10732,2,0.706752944,0,0,0,0
10733,2,0.709859423,0,0,0,0
10779,1,0.707060716,0,0,0,0
10780,2,0.708202764,0,0,0,0
10781,1,0.7073769,0,0,0,0
10839,1,0.708620253,0,0,0,0
10840,1,0.709854762,0,0,0,0
10841,1,0.708724131,0,0,0,0
10893,1,0.709850972,0,0,0,0
10894,1,0.708183025,0,0,0,0
10895,2,0.707818591,0,0,0,0
10995,2,0.707470322,0,0,0,0
10997,2,0.705086079,0,0,0,0
11132,1,0.707234661,0,0,0,0
11138,1,0.70789672,0,0,0,0
10657,1,0.708880108,0,0,0,0
10668,1,0.709526302,0,0,0,0
10669,1,0.709447094,0,0,0,0
10672,1,0.705938611,0,0,0,0
10674,1,0.70921466,0,0,0,0
10675,2,0.709137506,0,0,0,0
10676,2,0.708213873,0,0,0,0
10677,2,0.70912361,0,0,0,0
10678,1,0.709053805,0,0,0,0
10681,2,0.706655212,0,0,0,0
10683,1,0.706492448,0,0,0,0
10707,1,0.707110292,0,0,0,0
10708,1,0.706741198,0,0,0,0
10709,2,0.70824318,0,0,0,0
10713,1,0.708224058,0,0,0,0
10714,1,0.707073921,0,0,0,0
10715,2,0.708839409,0,0,0,0
10716,2,0.705943316,0,0,0,0
10717,1,0.709809354,0,0,0,0
10721,1,0.709871056,0,0,0,0
10722,1,0.706678246,0,0,0,0
10723,1,0.707535844,0,0,0,0
10724,1,0.709864168,0,0,0,0
10729,1,0.706762282,0,0,0,0
10730,1,0.707001174,0,0,0,0
10750,1,0.709877606,0,0,0,0
10751,2,0.708831102,0,0,0,0
10755,2,0.709009803,0,0,0,0
10756,1,0.705900174,0,0,0,0
10757,2,0.709856657,0,0,0,0
10759,1,0.707273203,0,0,0,0
10760,2,0.70824246,0,0,0,0
10762,1,0.706670294,0,0,0,0
10763,1,0.706676307,0,0,0,0
10764,1,0.708885937,0,0,0,0
10765,1,0.70964478,0,0,0,0
10766,1,0.709119415,0,0,0,0
10767,2,0.707191913,0,0,0,0
10768,1,0.708644453,0,0,0,0
10769,2,0.705768836,0,0,0,0
10771,1,0.708367068,0,0,0,0
10773,2,0.707391374,0,0,0,0
10774,1,0.709775673,0,0,0,0
10775,1,0.706759204,0,0,0,0
10776,2,0.707373156,0,0,0,0
10777,2,0.707192578,0,0,0,0
10778,2,0.706820105,0,0,0,0
10842,2,0.70961302,0,0,0,0
10843,1,0.706633236,0,0,0,0
10844,1,0.707397003,0,0,0,0
10851,2,0.707688396,0,0,0,0
10852,1,0.707192298,0,0,0,0
10853,1,0.708960351,0,0,0,0
10932,2,0.706803999,0,0,0,0
10934,2,0.707082333,0,0,0,0
11040,1,0.708639249,0,0,0,0
11041,1,0.708855362,0,0,0,0
11042,2,0.708621536,0,0,0,0
10899,1,0.706767773,0,0,0,0
11609,1,0.7075116,0,0,0,0
11610,1,0.707050926,0,0,0,0
12195,1,0.707793001,0,0,0,0
10974,1,0.709888484,0,0,0,0
10976,1,0.705500257,0,0,0,0
10977,1,0.709097006,0,0,0,0
10979,1,0.706637175,0,0,0,0
10782,1,0.707164271,0,0,0,0
10784,2,0.704668115,0,0,0,0
10789,1,0.707604583,0,0,0,0
10790,1,0.706790431,0,0,0,0
10791,1,0.708205167,0,0,0,0
10792,1,0.709707834,0,0,0,0
10793,1,0.708817979,0,0,0,0
10794,1,0.709536468,0,0,0,0
10795,1,0.709133041,0,0,0,0
10796,2,0.708440527,0,0,0,0
10872,1,0.709552762,0,0,0,0
10986,1,0.708645667,0,0,0,0
10988,1,0.708172302,0,0,0,0
10989,1,0.706627843,0,0,0,0
10990,1,0.70745623,0,0,0,0
10992,1,0.705119968,0,0,0,0
10993,2,0.708648613,0,0,0,0
10994,2,0.708191023,0,0,0,0
10797,1,0.709887099,0,0,0,0
10798,1,0.706356375,0,0,0,0
10799,2,0.704774135,0,0,0,0
10800,1,0.707389266,0,0,0,0
10801,1,0.708778902,0,0,0,0
10802,1,0.708440525,0,0,0,0
10809,1,0.707255037,0,0,0,0
10810,2,0.70928603,0,0,0,0
10811,1,0.708947354,0,0,0,0
10957,1,0.70874035,0,0,0,0
10958,1,0.707035359,0,0,0,0
11085,2,0.707512025,0,0,0,0
11086,1,0.709203617,0,0,0,0
11088,1,0.709378244,0,0,0,0
11089,1,0.709096998,0,0,0,0
11090,1,0.707438003,0,0,0,0
11229,1,0.706386417,0,0,0,0
11230,1,0.707374387,0,0,0,0
11448,1,0.708553702,0,0,0,0
11450,2,0.706665082,0,0,0,0
10812,2,0.70738996,0,0,0,0
10813,1,0.706846277,0,0,0,0
10815,1,0.706651184,0,0,0,0
10816,1,0.70729799,0,0,0,0
10817,1,0.707023807,0,0,0,0
10822,1,0.706665643,0,0,0,0
10823,2,0.709248897,0,0,0,0
10824,2,0.704891704,0,0,0,0
10825,1,0.709377568,0,0,0,0
10826,1,0.70948045,0,0,0,0
10827,1,0.709481613,0,0,0,0
10828,1,0.70903378,0,0,0,0
10829,2,0.706663356,0,0,0,0
10830,1,0.708790856,0,0,0,0
10831,2,0.709836773,0,0,0,0
10836,1,0.707378328,0,0,0,0
10837,1,0.706643622,0,0,0,0
10838,1,0.707136442,0,0,0,0
10845,2,0.704991529,0,0,0,0
10846,1,0.707601877,0,0,0,0
10847,1,0.707888412,0,0,0,0
10848,2,0.707486199,0,0,0,0
10849,2,0.707116696,0,0,0,0
10850,1,0.709286485,0,0,0,0
10854,1,0.70867787,0,0,0,0
10856,1,0.705796907,0,0,0,0
10857,1,0.706805036,0,0,0,0
10858,2,0.709478202,0,0,0,0
10859,1,0.709114937,0,0,0,0
10860,2,0.707088087,0,0,0,0
10861,1,0.706313194,0,0,0,0
10862,1,0.708634676,0,0,0,0
10863,2,0.709458107,0,0,0,0
10864,1,0.708111591,0,0,0,0
10865,2,0.708952732,0,0,0,0
10869,1,0.706588156,0,0,0,0
10879,1,0.709748698,0,0,0,0
10880,1,0.709167573,0,0,0,0
10892,1,0.706672415,0,0,0,0
10896,1,0.707333622,0,0,0,0
10897,1,0.70747042,0,0,0,0
10898,1,0.704844117,0,0,0,0
10902,2,0.708839326,0,0,0,0
10914,1,0.708200763,0,0,0,0
10915,2,0.706534324,0,0,0,0
10916,2,0.709838032,0,0,0,0
10917,1,0.708844439,0,0,0,0
10919,2,0.709683509,0,0,0,0
10920,1,0.70800282,0,0,0,0
10922,1,0.708532892,0,0,0,0
10923,2,0.707657452,0,0,0,0
10924,2,0.706255848,0,0,0,0
10926,1,0.709080402,0,0,0,0
10927,1,0.706420354,0,0,0,0
10928,2,0.708269318,0,0,0,0
10929,1,0.706639738,0,0,0,0
10930,2,0.70806435,0,0,0,0
10931,2,0.708864831,0,0,0,0
10935,1,0.706601734,0,0,0,0
10936,2,0.707659141,0,0,0,0
10937,1,0.709088935,0,0,0,0
10938,1,0.709102793,0,0,0,0
10940,1,0.70735258,0,0,0,0
10944,1,0.708170036,0,0,0,0
10945,1,0.706224763,0,0,0,0
10947,2,0.709478029,0,0,0,0
10950,1,0.709856046,0,0,0,0
10951,1,0.70889087,0,0,0,0
10953,1,0.709242903,0,0,0,0
10955,1,0.708212237,0,0,0,0
10960,2,0.706286647,0,0,0,0
10961,1,0.708189265,0,0,0,0
10962,2,0.70916019,0,0,0,0
10963,2,0.707464936,0,0,0,0
10964,2,0.706621236,0,0,0,0
10965,2,0.707390196,0,0,0,0
10966,1,0.705331812,0,0,0,0
10968,2,0.707471627,0,0,0,0
10971,2,0.705651532,0,0,0,0
10972,1,0.70742133,0,0,0,0
10973,1,0.709651397,0,0,0,0
10980,1,0.707292878,0,0,0,0
10982,1,0.707619979,0,0,0,0
10998,2,0.709244541,0,0,0,0
10999,1,0.708929494,0,0,0,0
11000,1,0.709889749,0,0,0,0
11001,1,0.707318863,0,0,0,0
11002,1,0.708167562,0,0,0,0
11005,3,0.709203031,61.993271697784756,5.995347602912344e-4,0.9183498459355619,119.17192244212981
11012,5,0.708818033,54.22568683836719,5.244147190481273e-4,0.8032831594455758,104.24001136407246
11013,5,0.707677547,42.33979192604874,4.094666454597111e-4,0.6272090555533631,81.39132298460862
11015,3,0.708641023,45.76357621935402,4.4257794349835013e-4,0.6779279754000448,87.97298814094106
11016,5,0.707587549,40.87369243718768,3.9528804862903557e-4,0.6054906947885791,78.57298657818792
11019,7,0.708907836,0,0,0,0
11021,4,0.708203058,0,0,0,0
11031,6,0.708266732,45.228710050362764,4.374052715029548e-4,0.6700046274231253,86.94479543772835
11033,5,0.707663393,41.45836400133253,4.009423868573438e-4,0.614151845041672,79.69692200518165
11051,3,0.709335413,57.40606626029256,5.551720570969165e-4,0.8503963520897732,110.35377047738248
11057,4,0.708658382,46.736630001938614,4.5198831256446895e-4,0.6923425040553457,89.84352484168976
11295,3,0.706564165,27.85983656921722,2.6943150412684974e-4,0.41270731355907475,53.555977801310426
11411,3,0.707659595,41.43618175179528,4.0072786309863876e-4,0.6138232438098425,79.65428025956882
11681,3,0.709054853,64.89935555124936,6.27639395500145e-4,0.961399705799635,124.75839320114584
12162,7,0.708150912,41.74005262546014,4.036665876797558e-4,0.6183246963444794,80.23842229945578
11066,4,0.706268915,40.60943555846363,3.9273242960616035e-4,0.6015760721655515,78.06499596253492
11070,3,0.705196447,19.438335904652742,1.879874660248479e-4,0.2879537132723943,37.367020571623115
11074,4,0.706260564,42.269857479024814,4.0879031187085024e-4,0.6261730675035131,81.25688545181639
11077,3,0.708953461,62.76771625448692,6.070243864868764e-4,0.9298222367266175,120.66066539954237
11153,3,0.708831939,55.17864365244231,5.336307310353579e-4,0.8173999776005435,106.07191493082223
11265,5,0.709233286,62.73480861287375,6.067061378368862e-4,0.9293347527339532,120.59740584238921
11267,4,0.705335342,24.90477388545241,2.4085319636478638e-4,0.3689318959041567,47.87535325421405
11565,4,0.708006348,0,0,0,0
11589,3,0.70984272,27.995542572494696,2.707439121336682e-4,0.414717621835914,53.81685039045776
11671,3,0.706529483,27.11521210910176,2.622302670413377e-4,0.4016766687890985,52.124559100874855
11093,3,0.705364545,26.62882227034496,2.5752640793855105e-4,0.39447143471685175,51.189554211577544
11102,4,0.708187105,0,0,0,0
11106,3,0.706606098,24.65758195433702,2.3846261185281442e-4,0.36527006832772235,47.400167208431334
11117,3,0.7091584,65.2477397011337,6.31008606417233e-4,0.9665605647382045,125.42810473197908
11120,3,0.709168848,64.44547065086707,6.232498905184257e-4,0.954675990194326,123.88587373790955
11121,5,0.707554333,38.208418834659945,3.695122809265041e-4,0.566008126193237,73.44943412888492
11124,3,0.708008697,40.82937670826069,3.9485947276601455e-4,0.6048342147913461,78.48779683959178
11126,3,0.709148446,65.244087966063,6.309732906152064e-4,0.9665064690234966,125.42108486874704
11128,3,0.708171753,0,0,0,0
11647,3,0.706615963,24.657981023235834,2.3846647123416403e-4,0.36527598001542183,47.40093435309972
11612,4,0.707970006,0,0,0,0
11613,4,0.708059313,0,0,0,0
12889,7,0.709005826,64.67950327307155,6.255132118146093e-4,0.9581428796915142,124.33576316523715
13113,6,0.709187606,63.62395608711099,6.153050519324206e-4,0.9425063183509513,122.30664639281498
13117,5,0.709946786,20.936222458737802,2.0247347445048386e-4,0.31014295814527165,40.24646241042048
13118,3,0.709708749,34.01027172172639,3.2891214716860315e-4,0.5038180263841456,65.37918314129192
13219,7,0.70913812,65.22951560120723,6.308323617848444e-4,0.9662905983547334,125.39307188142065
13225,4,0.706606022,24.657564086478075,2.384624390533761e-4,0.3652698036385866,47.40013286039578
13226,3,0.709574369,50.25201423674755,4.8598547043060346e-4,0.7444183581283361,96.60127589937278
13227,7,0.709332483,57.42999324805336,5.554034541579007e-4,0.8507507993535174,110.39976619678256
11966,7,0.708668914,0,0,0,0
11407,3,0.708944219,62.704158794858316,6.064097245198663e-4,0.9288807154669795,120.53848658171191
11142,5,0.705777481,42.34709741130773,4.095372965518959e-4,0.6273172768341302,81.40536658480656
11155,5,0.708804218,54.08712068617713,5.230746506413052e-4,0.801230481775393,103.97364060657479
11193,3,0.708844745,55.30669604865554,5.348691212762001e-4,0.8192969076239722,106.3180747125554
11194,5,0.708854829,58.611614753763654,5.668308743727029e-4,0.8682549880824689,112.67124022255965
11770,3,0.706693876,24.633341375731163,2.3822818206574605e-4,0.36491097562268493,47.353568661936606
11771,3,0.709448065,57.85997799556772,5.595618215979454e-4,0.8571204652191853,111.22634152631
11886,7,0.708704022,0,0,0,0
11887,4,0.706298046,42.01103244483877,4.062872240263407e-4,0.6223389106061684,80.75933666861184
11158,3,0.708846862,55.326517216861,5.350608111000036e-4,0.8195905325008215,106.35617766559213
11165,5,0.707479279,36.02810953875238,3.484265860553718e-4,0.5337096742620393,69.25814621657048
11180,3,0.707843892,41.9508266571178,4.0570497596101193e-4,0.6214470400149933,80.64360089167418
11181,3,0.706604054,24.6570226415386,2.3845720275832166e-4,0.3652617828346649,47.39909202108263
11182,5,0.70815146,41.737417004034285,4.036410986772158e-4,0.6182856530343896,80.23335574846489
11186,3,0.70949148,55.642261999048124,5.381143678347505e-4,0.8242678815765416,106.96314535198471
11200,4,0.708809732,53.339388387093976,5.158433577539377e-4,0.7901537984054364,102.5362475941812
11206,3,0.707748824,44.97945293542961,4.349947146705805e-4,0.6663122068292726,86.46563941392996
11209,3,0.70817295,0,0,0,0
11329,7,0.708839808,0,0,0,0
11330,3,0.705517206,38.27419167866728,3.701483677982834e-4,0.5669824654966269,73.57587166073598
11597,3,0.706825402,27.395214076386516,2.6493815626446994e-4,0.4058245344602501,52.66281707331375
11717,3,0.707516658,38.71919214026113,3.7445195168351155e-4,0.5735745696742899,74.43131224393832
11215,5,0.707472832,35.978204558852404,3.479439567418629e-4,0.5329703967671204,69.16221205740706
11216,4,0.708180717,0,0,0,0
11220,3,0.708696408,51.98681485577751,5.027626664842903e-4,0.7701171773321629,99.93614626774833
11224,4,0.708800188,54.04897612747108,5.227057559494467e-4,0.8006654196541074,103.90031393309533
11559,6,0.707521553,38.755729863791764,3.748053067286416e-4,0.5741158286183052,74.501550039679
11737,3,0.705816711,42.46713885324978,4.106982131344339e-4,0.6290955349691546,81.63612661758397
11741,4,0.706268903,0,0,0,0
11764,3,0.707447474,33.39445115194174,3.229565679972356e-4,0.49469544404742577,64.19536884708252
11766,3,0.709139782,65.23260232634928,6.308622133956313e-4,0.9663363241807952,125.39900560550322
11806,3,0.706529977,27.913865868116545,2.699540195850147e-4,0.4135076874861372,53.65984028899171
11807,7,0.708714903,0,0,0,0
11244,3,0.709499603,55.516530378265585,5.368984217318514e-4,0.8224053308284901,106.72144688132704
11246,5,0.707879992,0,0,0,0
11253,4,0.708748928,54.25060097165546,5.246556627589491e-4,0.8036522299888832,104.28790470924736
11259,5,0.709215509,62.7712871948565,6.07058920926177e-4,0.9298751355727088,120.6675299481799
11268,7,0.708863905,0,0,0,0
11270,5,0.707438421,33.33346644578725,3.223667870390052e-4,0.49379203479078226,64.07813572689122
11274,3,0.706791505,24.2861843241229,2.3487083837312708e-4,0.35976829455216347,46.68621602677997
11276,5,0.709224211,62.75552648972345,6.069064996985956e-4,0.9296416611853379,120.63723257108865
11280,3,0.708175784,0,0,0,0
11290,3,0.705699228,41.852765816306146,4.047566330024958e-4,0.6199943959524133,80.4550949684381
11293,3,0.707608391,41.85653862314421,4.04793119685346e-4,0.62005028518819,80.46234757233498
11309,4,0.7062407,43.229823977835764,4.180741142737617e-4,0.6403937250384797,83.10226399065272
11311,4,0.707876298,0,0,0,0
11332,3,0.707639887,41.306120747027705,3.99470047674786e-4,0.6118965588580819,79.40425925650791
11333,4,0.705343753,24.942426567048607,2.4121733413033528e-4,0.3694896715045718,47.94773437442326
11334,3,0.707719583,42.51234849726534,4.111354340189818e-4,0.6297652571580221,81.72303476168909
11337,5,0.707411849,32.35987354616412,3.1295120419088036e-4,0.4793695198163901,62.20656266183805
11350,4,0.706254936,43.11764821818486,4.1698926642929485e-4,0.6387319867760548,82.88662444521665
11358,3,0.708865317,61.13118912277237,5.91197589888599e-4,0.9055792116672846,117.51470973251638
11373,5,0.709231164,62.74039237802755,6.067601382342087e-4,0.929417468966349,120.6081397173666
11376,4,0.705429893,32.66702963312493,3.1592169995477186e-4,0.4839196385214287,62.79701998680982
11383,3,0.707614077,41.90402682562764,4.052523764290675e-4,0.6207537612629327,80.55363587231146
11386,3,0.706800228,26.661073398428737,2.5783830746918226e-4,0.39494919331380685,51.251551728879235
11387,3,0.70888647,61.377185119632514,5.935766085622565e-4,0.9092233230301852,117.98759679035398
11420,3,0.708940877,62.679142098579234,6.06167788925951e-4,0.9285101255861015,120.49039607596697
11421,6,0.707549153,38.1685553059364,3.6912676213578526e-4,0.5654175997625595,73.37280301677858
11423,4,0.705816017,42.46594830909339,4.106866994235768e-4,0.6290778986029385,81.63383799122205
11425,3,0.708890957,60.62470296211758,5.862993799602812e-4,0.8980762766734143,116.54107295222494
11427,3,0.708958999,62.80183460817968,6.073543438910032e-4,0.9303276558471,120.72625235259027
11430,3,0.708954049,62.77147999609018,6.070607855001582e-4,0.929877991672708,120.66790057700844
11438,4,0.708554666,38.80643089762934,3.7529563465191223e-4,0.5748668986189417,74.5990144822992
11443,4,0.708686486,51.05574674443132,4.937583393748583e-4,0.7563246118941165,98.14632015089808
11444,4,0.708641108,45.76446563418085,4.425865449980032e-4,0.6779411509261433,87.97469789543308
11455,3,0.708908933,60.806329929518824,5.880558880035116e-4,0.9007668444231502,116.89022108201002
11459,3,0.709440319,57.95645762002319,5.60494872668437e-4,0.8585496856140457,111.4118078197959
11461,4,0.708507781,37.108935442051404,3.5887921552796813e-4,0.5497207069853419,71.33585718735634
11003,1,0.707481307,0,0,0,0
11004,1,0.709885291,0,0,0,0
11006,1,0.707442071,0,0,0,0
11007,2,0.707252253,0,0,0,0
11008,1,0.707400916,0,0,0,0
11009,1,0.706596661,0,0,0,0
11010,2,0.708948489,0,0,0,0
11011,1,0.706628408,0,0,0,0
11014,1,0.708057444,0,0,0,0
11017,2,0.709091571,0,0,0,0
11018,2,0.706628646,0,0,0,0
11020,2,0.708943299,0,0,0,0
11022,2,0.707661209,0,0,0,0
11023,1,0.708981312,0,0,0,0
11024,1,0.708647017,0,0,0,0
11025,1,0.708597796,0,0,0,0
11026,2,0.708046051,0,0,0,0
11027,1,0.707355233,0,0,0,0
11032,2,0.707380577,0,0,0,0
11034,1,0.707322717,0,0,0,0
11035,1,0.707789605,0,0,0,0
11036,1,0.706471258,0,0,0,0
11046,1,0.706993459,0,0,0,0
11047,2,0.709082363,0,0,0,0
11048,1,0.708170145,0,0,0,0
11049,1,0.706626083,0,0,0,0
11050,1,0.708921291,0,0,0,0
11052,2,0.709096051,0,0,0,0
11053,2,0.708944837,0,0,0,0
11054,1,0.707434936,0,0,0,0
11055,1,0.709322771,0,0,0,0
11056,2,0.70820186,0,0,0,0
11061,2,0.709168022,0,0,0,0
11062,2,0.709138268,0,0,0,0
11063,1,0.705382692,0,0,0,0
11103,1,0.707410944,0,0,0,0
11104,1,0.709459121,0,0,0,0
11105,2,0.707474509,0,0,0,0
11296,1,0.705755791,0,0,0,0
11297,2,0.708128241,0,0,0,0
11409,1,0.707244931,0,0,0,0
11410,1,0.706741729,0,0,0,0
11680,1,0.706789366,0,0,0,0
11682,1,0.709846047,0,0,0,0
11734,2,0.709299537,0,0,0,0
11735,1,0.707493601,0,0,0,0
11736,2,0.709263016,0,0,0,0
12163,2,0.707419851,0,0,0,0
12164,1,0.70731893,0,0,0,0
12049,2,0.706945229,0,0,0,0
12050,2,0.706813699,0,0,0,0
12051,1,0.707020225,0,0,0,0
11064,1,0.709736693,0,0,0,0
11065,1,0.707479881,0,0,0,0
11067,1,0.709325065,0,0,0,0
11068,1,0.70647642,0,0,0,0
11069,1,0.709576958,0,0,0,0
11071,2,0.704773182,0,0,0,0
11072,2,0.708964895,0,0,0,0
11073,1,0.709412065,0,0,0,0
11075,2,0.709624092,0,0,0,0
11076,2,0.709292298,0,0,0,0
11078,1,0.709037278,0,0,0,0
11202,2,0.7090761,0,0,0,0
11203,2,0.706435633,0,0,0,0
11204,2,0.706563506,0,0,0,0
11266,1,0.70785106,0,0,0,0
11560,1,0.707089622,0,0,0,0
11561,1,0.7079441,0,0,0,0
11562,2,0.707093023,0,0,0,0
11563,1,0.707078028,0,0,0,0
11564,2,0.707965821,0,0,0,0
11587,1,0.706953381,0,0,0,0
11588,2,0.707496665,0,0,0,0
11672,2,0.706848213,0,0,0,0
11673,1,0.70653039,0,0,0,0
11091,1,0.707495342,0,0,0,0
11092,2,0.706692587,0,0,0,0
11094,1,0.70815118,0,0,0,0
11095,1,0.708911582,0,0,0,0
11096,1,0.706617543,0,0,0,0
11097,2,0.707465856,0,0,0,0
11098,2,0.707433955,0,0,0,0
11099,1,0.706472888,0,0,0,0
11100,1,0.70743875,0,0,0,0
11101,2,0.708711414,0,0,0,0
11107,2,0.709467971,0,0,0,0
11108,1,0.707364703,0,0,0,0
11109,2,0.708189812,0,0,0,0
11110,2,0.709083643,0,0,0,0
11111,2,0.708164634,0,0,0,0
11112,1,0.707052997,0,0,0,0
11113,1,0.709812596,0,0,0,0
11114,1,0.707428242,0,0,0,0
11115,1,0.70954682,0,0,0,0
11116,1,0.707416311,0,0,0,0
11118,1,0.708210256,0,0,0,0
11119,1,0.70742665,0,0,0,0
11122,2,0.707318022,0,0,0,0
11123,1,0.706610846,0,0,0,0
11125,1,0.70662706,0,0,0,0
11127,2,0.70945875,0,0,0,0
11129,1,0.70667813,0,0,0,0
11379,1,0.70665665,0,0,0,0
11278,1,0.704692607,0,0,0,0
11279,1,0.709353361,0,0,0,0
11648,2,0.707484947,0,0,0,0
11649,1,0.706986927,0,0,0,0
11683,2,0.707705559,0,0,0,0
11684,1,0.708100996,0,0,0,0
11685,1,0.706461794,0,0,0,0
11611,1,0.706711937,0,0,0,0
11614,1,0.706550146,0,0,0,0
11615,1,0.706814803,0,0,0,0
11616,1,0.707334258,0,0,0,0
11617,2,0.708979768,0,0,0,0
11618,2,0.709815748,0,0,0,0
12884,1,0.707618907,0,0,0,0
12885,1,0.707289812,0,0,0,0
12886,1,0.707829562,0,0,0,0
12887,1,0.707643779,0,0,0,0
12888,1,0.707666748,0,0,0,0
12890,1,0.709488594,0,0,0,0
12891,1,0.706589186,0,0,0,0
13111,2,0.709722949,0,0,0,0
13112,1,0.709504541,0,0,0,0
13114,1,0.70766908,0,0,0,0
13115,1,0.709598939,0,0,0,0
13116,1,0.7055869,0,0,0,0
13218,2,0.705992821,0,0,0,0
13220,2,0.707774722,0,0,0,0
13221,1,0.707704365,0,0,0,0
13228,1,0.707281552,0,0,0,0
13843,2,0.708646973,0,0,0,0
13844,1,0.707933144,0,0,0,0
13845,1,0.709752913,0,0,0,0
13846,2,0.70937347,0,0,0,0
13847,2,0.708063276,0,0,0,0
13914,2,0.7070402,0,0,0,0
13918,1,0.707981336,0,0,0,0
13919,1,0.707325638,0,0,0,0
11380,1,0.709235208,0,0,0,0
11381,2,0.708161457,0,0,0,0
11719,1,0.709678409,0,0,0,0
11720,1,0.709621394,0,0,0,0
11721,1,0.709751062,0,0,0,0
11965,1,0.70666925,0,0,0,0
11967,1,0.70778211,0,0,0,0
11213,2,0.708069121,0,0,0,0
11397,1,0.705757476,0,0,0,0
11398,1,0.70748015,0,0,0,0
11399,2,0.707237762,0,0,0,0
11400,1,0.706454491,0,0,0,0
11401,2,0.706656518,0,0,0,0
11402,1,0.708856095,0,0,0,0
11403,1,0.706741118,0,0,0,0
11404,1,0.705280235,0,0,0,0
11405,1,0.706647388,0,0,0,0
11406,2,0.706603312,0,0,0,0
11408,2,0.705327895,0,0,0,0
11566,1,0.707117082,0,0,0,0
11567,1,0.708113441,0,0,0,0
11568,1,0.707062791,0,0,0,0
11143,1,0.70745409,0,0,0,0
11144,1,0.708011277,0,0,0,0
11145,1,0.709351506,0,0,0,0
11146,2,0.709441302,0,0,0,0
11147,1,0.707753336,0,0,0,0
11154,2,0.707456941,0,0,0,0
11156,1,0.709498401,0,0,0,0
11195,1,0.705372932,0,0,0,0
11316,2,0.708203762,0,0,0,0
11317,1,0.708141414,0,0,0,0
11318,1,0.708829772,0,0,0,0
11277,1,0.709292848,0,0,0,0
11772,1,0.708100471,0,0,0,0
11888,1,0.708036395,0,0,0,0
11157,1,0.709615638,0,0,0,0
11159,1,0.709476264,0,0,0,0
11163,1,0.706607958,0,0,0,0
11164,2,0.70677158,0,0,0,0
11169,1,0.707293336,0,0,0,0
11170,1,0.70918845,0,0,0,0
11171,2,0.708155969,0,0,0,0
11172,2,0.7082556,0,0,0,0
11173,1,0.708587087,0,0,0,0
11174,2,0.708869186,0,0,0,0
11175,1,0.709836512,0,0,0,0
11176,2,0.708856124,0,0,0,0
11177,1,0.709882525,0,0,0,0
11178,2,0.709150023,0,0,0,0
11179,2,0.709074186,0,0,0,0
11183,1,0.708853654,0,0,0,0
11184,1,0.708868251,0,0,0,0
11185,1,0.70597038,0,0,0,0
11187,2,0.70645372,0,0,0,0
11188,1,0.709150251,0,0,0,0
11189,1,0.70807481,0,0,0,0
11190,1,0.707424906,0,0,0,0
11191,1,0.708144568,0,0,0,0
11192,2,0.708619112,0,0,0,0
11196,1,0.706219226,0,0,0,0
11197,1,0.706656787,0,0,0,0
11198,2,0.705128878,0,0,0,0
11199,2,0.708175591,0,0,0,0
11201,1,0.708176537,0,0,0,0
11205,1,0.708181141,0,0,0,0
11207,1,0.708903333,0,0,0,0
11208,1,0.706636786,0,0,0,0
11210,2,0.708053802,0,0,0,0
11325,2,0.707615689,0,0,0,0
11326,1,0.709234937,0,0,0,0
11327,1,0.707500091,0,0,0,0
11328,1,0.70766392,0,0,0,0
11596,1,0.706776958,0,0,0,0
11642,2,0.706940912,0,0,0,0
11643,1,0.706954021,0,0,0,0
11716,1,0.706992947,0,0,0,0
11718,2,0.706466694,0,0,0,0
11214,1,0.709144806,0,0,0,0
11217,1,0.707488259,0,0,0,0
11218,1,0.709839355,0,0,0,0
11219,1,0.706618647,0,0,0,0
11221,1,0.709865183,0,0,0,0
11222,1,0.709517497,0,0,0,0
11223,2,0.709049392,0,0,0,0
11225,1,0.708034251,0,0,0,0
11226,1,0.707570261,0,0,0,0
11227,1,0.709441075,0,0,0,0
11228,2,0.707381652,0,0,0,0
11238,1,0.708850462,0,0,0,0
11239,1,0.707329282,0,0,0,0
11240,1,0.70824657,0,0,0,0
11313,2,0.705852492,0,0,0,0
11314,1,0.709528084,0,0,0,0
11315,1,0.708877128,0,0,0,0
11557,2,0.707676969,0,0,0,0
11558,2,0.70578127,0,0,0,0
11738,1,0.708004437,0,0,0,0
11739,1,0.709287963,0,0,0,0
11740,1,0.708075937,0,0,0,0
11742,1,0.709030093,0,0,0,0
11765,2,0.706757251,0,0,0,0
11808,1,0.707533151,0,0,0,0
11241,2,0.707043997,0,0,0,0
11242,2,0.706236241,0,0,0,0
11243,1,0.7074645,0,0,0,0
11245,1,0.709454818,0,0,0,0
11247,1,0.709474024,0,0,0,0
11248,2,0.706585412,0,0,0,0
11249,2,0.708843326,0,0,0,0
11250,2,0.709526964,0,0,0,0
11251,1,0.708157675,0,0,0,0
11252,2,0.709812052,0,0,0,0
11254,1,0.706768421,0,0,0,0
11255,1,0.709615465,0,0,0,0
11256,1,0.705929815,0,0,0,0
11257,1,0.709110476,0,0,0,0
11258,2,0.704905179,0,0,0,0
11260,2,0.706641901,0,0,0,0
11261,1,0.706661815,0,0,0,0
11262,2,0.705149045,0,0,0,0
11263,1,0.705943744,0,0,0,0
11264,1,0.708043593,0,0,0,0
11269,2,0.706717317,0,0,0,0
11271,1,0.706303244,0,0,0,0
11272,1,0.709824988,0,0,0,0
11273,1,0.708886706,0,0,0,0
11275,1,0.708176878,0,0,0,0
11281,1,0.706641234,0,0,0,0
11282,1,0.708710897,0,0,0,0
11283,1,0.708153188,0,0,0,0
11284,1,0.70884055,0,0,0,0
11285,2,0.706553382,0,0,0,0
11286,2,0.707259753,0,0,0,0
11287,1,0.70541625,0,0,0,0
11288,1,0.705713757,0,0,0,0
11289,1,0.706676077,0,0,0,0
11291,2,0.709242111,0,0,0,0
11292,1,0.708129551,0,0,0,0
11294,2,0.707774488,0,0,0,0
11298,2,0.708133423,0,0,0,0
11299,1,0.709872905,0,0,0,0
11300,1,0.707536232,0,0,0,0
11304,2,0.706633667,0,0,0,0
11305,1,0.706868866,0,0,0,0
11306,2,0.708166915,0,0,0,0
11307,1,0.707663306,0,0,0,0
11308,1,0.70686582,0,0,0,0
11310,1,0.705316982,0,0,0,0
11312,1,0.706658476,0,0,0,0
11319,1,0.708584472,0,0,0,0
11320,1,0.706633181,0,0,0,0
11321,1,0.707319918,0,0,0,0
11322,1,0.709120484,0,0,0,0
11323,2,0.706084372,0,0,0,0
11324,2,0.709202881,0,0,0,0
11331,2,0.709546615,0,0,0,0
11335,1,0.706607329,0,0,0,0
11336,1,0.706879128,0,0,0,0
11338,2,0.709534236,0,0,0,0
11339,1,0.707678956,0,0,0,0
11340,1,0.708235149,0,0,0,0
11341,2,0.708885092,0,0,0,0
11342,2,0.708110716,0,0,0,0
11343,1,0.708514729,0,0,0,0
11344,1,0.707246574,0,0,0,0
11345,2,0.706252683,0,0,0,0
11346,1,0.708147222,0,0,0,0
11347,2,0.709777922,0,0,0,0
11348,1,0.708864572,0,0,0,0
11349,1,0.709843824,0,0,0,0
11351,2,0.708613235,0,0,0,0
11352,1,0.706643061,0,0,0,0
11353,1,0.706657271,0,0,0,0
11354,1,0.707283177,0,0,0,0
11355,2,0.706703239,0,0,0,0
11356,1,0.707469829,0,0,0,0
11357,2,0.708173399,0,0,0,0
11359,2,0.707631906,0,0,0,0
11360,1,0.706660531,0,0,0,0
11361,1,0.707418699,0,0,0,0
11362,2,0.708161209,0,0,0,0
11363,1,0.709508536,0,0,0,0
11364,1,0.708204534,0,0,0,0
11365,2,0.70667135,0,0,0,0
11366,2,0.706561553,0,0,0,0
11367,2,0.705323843,0,0,0,0
11368,1,0.708173678,0,0,0,0
11369,1,0.708086233,0,0,0,0
11370,1,0.705265119,0,0,0,0
11371,2,0.708114127,0,0,0,0
11372,1,0.7081676,0,0,0,0
11374,1,0.709554653,0,0,0,0
11375,2,0.70691216,0,0,0,0
11377,1,0.707610604,0,0,0,0
11378,1,0.707522469,0,0,0,0
11382,1,0.707577295,0,0,0,0
11384,2,0.707315068,0,0,0,0
11385,2,0.707479014,0,0,0,0
11388,2,0.707320976,0,0,0,0
11389,2,0.707279917,0,0,0,0
11390,1,0.708152395,0,0,0,0
11391,2,0.707714454,0,0,0,0
11392,1,0.708826591,0,0,0,0
11393,2,0.70816864,0,0,0,0
11394,1,0.708133185,0,0,0,0
11395,1,0.708157787,0,0,0,0
11396,2,0.706971144,0,0,0,0
11412,1,0.706711061,0,0,0,0
11413,1,0.707325701,0,0,0,0
11414,2,0.706415899,0,0,0,0
11415,1,0.708979536,0,0,0,0
11416,1,0.706703838,0,0,0,0
11417,2,0.708204065,0,0,0,0
11418,1,0.708025419,0,0,0,0
11419,1,0.709318306,0,0,0,0
11422,1,0.706626517,0,0,0,0
11424,1,0.708201576,0,0,0,0
11426,2,0.705649798,0,0,0,0
11428,2,0.708634326,0,0,0,0
11429,1,0.70986521,0,0,0,0
11431,1,0.706272553,0,0,0,0
11432,1,0.70631961,0,0,0,0
11433,1,0.709219868,0,0,0,0
11434,1,0.7081903,0,0,0,0
11435,1,0.706927387,0,0,0,0
11436,1,0.707754772,0,0,0,0
11437,1,0.706693584,0,0,0,0
11439,1,0.708767886,0,0,0,0
11440,1,0.707077931,0,0,0,0
11441,2,0.70728278,0,0,0,0
11442,2,0.706708089,0,0,0,0
11445,2,0.708159338,0,0,0,0
11446,1,0.706620375,0,0,0,0
11447,1,0.706736172,0,0,0,0
11451,1,0.708154051,0,0,0,0
11452,1,0.707506388,0,0,0,0
11453,1,0.706652069,0,0,0,0
11454,1,0.708163605,0,0,0,0
11456,2,0.706852622,0,0,0,0
11457,2,0.706610542,0,0,0,0
11458,2,0.708060837,0,0,0,0
11460,1,0.70671464,0,0,0,0
11462,1,0.709068244,0,0,0,0
11463,1,0.706620549,0,0,0,0
11465,3,0.706318961,40.24749542948432,3.8923211928982085e-4,0.5962143989938817,77.36922527971485
11467,4,0.708435952,39.52611295615512,3.822556546448492e-4,0.5855280540874206,75.98248549637526
11472,3,0.708244387,43.726724546217646,4.228796222747865e-4,0.6477546619260081,84.05747403804841
11478,7,0.708829267,0,0,0,0
11479,3,0.708311766,41.117787253151,3.9764868104879756e-4,0.6091066426244407,79.04221892679368
11553,4,0.707907909,0,0,0,0
11580,3,0.707202318,0,0,0,0
11585,3,0.706665977,24.66789380864803,2.3856233743485257e-4,0.3654228250633887,47.419990061275385
11590,3,0.70667992,24.654429558526246,2.384321251432894e-4,0.3652233696759515,47.394107243232206
11592,3,0.707141571,0,0,0,0
11594,4,0.707958623,0,0,0,0
11605,3,0.707126915,0,0,0,0
11606,3,0.706534299,27.903487721991475,2.6985365289716355e-4,0.41335394872329984,53.639890000980785
11607,4,0.709596519,46.66789199545481,4.5132354971018585e-4,0.6913242397189826,89.71138727009249
11625,4,0.709556322,50.566912971730424,4.89030845072457e-4,0.7490831741129902,97.20661719843257
11626,3,0.706703574,24.61421384665388,2.3804320040166776e-4,0.36462762610909766,47.31679911664111
11629,6,0.708419444,40.33901519311349,3.9011720371989923e-4,0.5975701454890601,77.54515705221925
11630,3,0.707950543,0,0,0,0
11632,5,0.709209816,62.78320718504137,6.071741987339526e-4,0.9300517147538044,120.6904441791427
11636,4,0.709552221,50.63508827367224,4.89690166030814e-4,0.7500931027120177,97.33767306260901
12067,3,0.707709548,42.48184915177126,4.1084047591644806e-4,0.6293134489461216,81.66440475981605
12069,3,0.706585325,25.45441641685701,2.461687700437813e-4,0.3770741365088429,48.93195109668258
12073,5,0.709113597,66.7631213622492,6.45663809410481e-4,0.9890089769111133,128.34117805175896
12142,4,0.709398061,56.0107026530753,5.416775445012536e-4,0.8297258515883801,107.67141223069218
12148,5,0.709070914,65.7836448432914,6.361913262857479e-4,0.9744993037538803,126.45829469112326
12149,7,0.708597746,38.97433588434961,3.769194379003644e-4,0.5773541930375694,74.92178434920703
11665,3,0.706591513,25.455800527048716,2.461821557249895e-4,0.3770946403046017,48.93461182207906
11667,3,0.707710693,42.485669193910006,4.108774194102376e-4,0.6293700379115612,81.67174816585056
11668,3,0.706937517,23.94257436640875,2.3154779850137927e-4,0.35467815907315486,46.025682099313165
11675,3,0.707891396,42.77360797938264,4.136620653242078e-4,0.6336354772412799,82.22526337275409
11676,3,0.708066956,0,0,0,0
11677,7,0.708821493,0,0,0,0
11690,3,0.708069254,0,0,0,0
11700,6,0.707425631,33.25103747751493,3.215696193725668e-4,0.4925709566279367,63.91967952116259
11701,3,0.706230923,43.299358695150154,4.187465820905956e-4,0.6414237916115773,83.23593310847605
11704,3,0.707738663,43.35595866920603,4.192939584582038e-4,0.6422622467540573,83.344737298571
11711,3,0.709772121,30.271341903960806,2.9275308779571415e-4,0.4484306346870625,58.191702273505285
11724,3,0.706232108,43.291257788062524,4.186682385017526e-4,0.6413037871889662,83.22036043994737
11773,4,0.707904406,0,0,0,0
11779,4,0.705840462,43.300849937103145,4.187610038393167e-4,0.6414458824253103,83.23879977715633
11782,3,0.709208407,62.78565504989663,6.071978719492715e-4,0.9300879766940302,120.6951497988445
11785,3,0.709257568,61.04956914586205,5.90408245949301e-4,0.904370117661305,117.35780868032636
11786,3,0.706691056,24.63821549645886,2.3827531951666741e-4,0.3649831793941066,47.36293836160605
11788,3,0.705848208,43.30433037069763,4.187946629907638e-4,0.6414974405310168,83.24549034132609
11791,4,0.706526595,27.123700408446897,2.62312357087141e-4,0.4018024119251257,52.140876467639366
11792,7,0.708727574,0,0,0,0
11793,3,0.707248966,0,0,0,0
11794,4,0.706239479,43.23884277932046,4.1816133478718453e-4,0.6405273268750528,83.11960116098781
11796,3,0.707863353,41.97692327589224,4.059573554475733e-4,0.6218336275457786,80.69376737173594
11798,3,0.70928467,60.12658459311531,5.814820946520901e-4,0.8906972996505376,115.58352188237455
11839,5,0.706334818,40.12476743396175,3.880452211416582e-4,0.5943963430550119,77.13330078721197
11841,7,0.708307484,42.716518626066964,4.131099561869106e-4,0.6327897725803354,82.11551843109697
11933,3,0.709627979,40.568624302488935,3.9233774537837424e-4,0.6009715063859052,77.98654299984096
12310,7,0.708732299,0,0,0,0
12312,3,0.706993422,23.943353880983064,2.3155533715953774e-4,0.35468970656967536,46.02718058854995
12497,7,0.709330345,0,0,0,0
11821,3,0.707893484,0,0,0,0
11823,4,0.706232275,43.29010888096918,4.1865712746147455e-4,0.6412867676217895,83.21815185402714
11824,5,0.705790485,42.39876608891069,4.1003698252414577e-4,0.6280826812210399,81.50469116425455
11829,3,0.706651492,24.673816574809493,2.3861961629905227e-4,0.3655105631556514,47.43137561022782
11833,7,0.708357667,40.35006920278491,3.9022410666044604e-4,0.5977338962929893,77.5664065773235
11834,7,0.708295004,43.532029490267476,4.20996733204695e-4,0.6448705074082746,83.68320464603005
11844,3,0.707098584,24.77084675716944,2.3955799179576387e-4,0.3669479393511804,47.61790026121117
11846,5,0.705790095,42.397387463843835,4.1002364988938794e-4,0.6280622586802855,81.5020409831132
11847,3,0.706056237,45.18208347059464,4.3695434748234886e-4,0.6693139151704263,86.85516346645642
11848,3,0.707810073,0,0,0,0
12036,4,0.706532123,27.90881212811083,2.6990514504234383e-4,0.41343282288827776,53.65012530064685
12038,3,0.706020824,46.11335005655759,4.459605940328513e-4,0.6831094207522775,88.64537111828598
12039,3,0.709129125,65.2078781498186,6.30623106749962e-4,0.9659700676002662,125.35147742111695
12041,6,0.708447685,39.51036518080605,3.82103358460756e-4,0.5852947712380148,75.95221297467832
12043,3,0.709724525,32.269980392910846,3.1208185065280196e-4,0.4780378694424068,62.03375778166006
12045,3,0.707749017,0,0,0,0
12046,4,0.709399925,55.991062961829684,5.414876097347755e-4,0.8294349150571133,107.63365813742026
12058,3,0.707748063,0,0,0,0
12059,4,0.706528033,27.11951747280828,2.622719040630187e-4,0.4017404471635624,52.13283545822247
12571,3,0.709749186,30.471227778396695,2.946861770896577e-4,0.45139168444239347,58.57595016481962
12572,4,0.706412637,33.96534780539952,3.2847768954652966e-4,0.5031525368800794,65.2928242619219
12661,3,0.706283527,42.11247303868235,4.072682524581082e-4,0.6238416213226153,80.954339614108
12846,3,0.709459481,57.70810165546293,5.58093030829771e-4,0.8548706143931726,110.9343841101569
12064,3,0.707825833,0,0,0,0
12089,3,0.709696953,33.31776947859015,3.22214982218771e-4,0.4935595045981932,64.04796087555398
13292,4,0.707797941,44.23952026304246,4.2783885169993594e-4,0.6553510648040209,85.04323990780307
12301,5,0.709014991,64.72621406458437,6.259649502440501e-4,0.9588348394318946,124.42555701981082
12494,3,0.707389021,0,0,0,0
13035,5,0.709934322,21.810980774330332,2.1093323149650974e-4,0.3231013670557012,41.928042157487226
13036,6,0.709228011,62.74785578803149,6.068323166110732e-4,0.9295280296972083,120.62248690204946
12679,4,0.7066251,24.663458732527484,2.3851944596895659e-4,0.36535712516789237,47.411464353033374
12289,7,0.708500676,0,0,0,0
12463,3,0.709387482,56.12413383566296,5.427745334969913e-4,0.8314061873119323,107.88946512133094
12792,3,0.707234386,0,0,0,0
13214,3,0.706691649,24.637216304134913,2.3826565636268288e-4,0.3649683776568919,47.36101757783593
13217,3,0.708860734,59.47749042281668,5.752047276550143e-4,0.881081812115094,114.33574453489781
13498,5,0.708203887,43.89477905986476,4.245048715929135e-4,0.6502441713919542,84.38053134600979
13500,3,0.707495953,36.95844589909343,3.5742383642645067e-4,0.5474913997588399,71.04656566183131
13702,3,0.710073468,14.737212988454122,1.4252307088205237e-4,0.21831267985732106,28.329880891509077
13872,4,0.707974848,40.95261247448276,3.9605128154683583e-4,0.6066597926939855,78.72469743819074
13873,3,0.706865562,27.31620442206671,2.64174056663561e-4,0.40465410899495546,52.51093393924267
14642,3,0.708076757,42.91110280747512,4.149917729931879e-4,0.6356722846356567,82.48957468494793
14644,3,0.709737566,31.364296867923727,3.0332301698936953e-4,0.46462134369921043,60.292729379044935
12865,3,0.706516336,27.151030991509096,2.625766701991299e-4,0.40220727903500914,52.193415042161845
12960,3,0.706210639,43.43320468260395,4.200410019494998e-4,0.6434065461684992,83.49323012150988
13063,3,0.709721559,33.0969228163787,3.2007918188005786e-4,0.4902879479814367,63.62341929902662
12076,4,0.70941884,58.19593429344207,5.628108431933264e-4,0.862097221662982,111.87216254491027
12091,4,0.709413964,57.4445800924037,5.555445230189478e-4,0.8509668845171965,110.42780701856832
12094,7,0.708202074,43.902991092208595,4.245842898702189e-4,0.6503658219909828,84.39631763466289
12097,4,0.708954888,62.77679231023091,6.071121607042365e-4,0.9299566867107194,120.67811263182391
12100,7,0.70852957,37.144408857681114,3.592222776886482e-4,0.5502461995893968,71.40404902528336
12114,3,0.707592746,40.92030277333462,3.9573881555814974e-4,0.6061811664131164,78.66258732375566
12115,6,0.707390149,31.408726991074055,3.0375269915491963e-4,0.46527951829836545,60.37813902182
12120,3,0.70785013,0,0,0,0
12765,3,0.706216861,44.192807828178374,4.2738709737770263e-4,0.6546590807195249,84.95344289415546
12137,3,0.70958194,49.31306984650662,4.7690497210371794e-4,0.7305091158427636,94.79630892494443
12138,3,0.707502635,0,0,0,0
12190,3,0.70610263,44.16291717462835,4.270980259136504e-4,0.6542162894886249,84.89598300295994
12297,6,0.708455748,38.7004280580866,3.742704849017061e-4,0.5732966041547719,74.39524136585173
12129,7,0.708148789,42.55075510235331,4.115068629522258e-4,0.6303342011562899,81.79686517646573
12166,7,0.708623349,0,0,0,0
12222,3,0.709016112,64.73134920328286,6.260146119906291e-4,0.9589109098457227,124.4354284838253
12223,7,0.708696884,51.99296720255384,5.028221656145791e-4,0.7702083163632134,99.94797314787235
12543,7,0.708788403,53.92975730644083,5.21552794904948e-4,0.7988993475800364,103.67113525443612
12544,3,0.707247748,0,0,0,0
12636,3,0.706674895,24.66015893994254,2.3848753379038874e-4,0.36530824302424986,47.40512104165073
12140,4,0.707493166,0,0,0,0
12152,3,0.70585488,43.303917220658334,4.1879066743119765e-4,0.6414913202495002,83.24469612796888
12156,3,0.705854718,43.30396464943746,4.1879112611326014e-4,0.6414920228452949,83.24478730203717
12169,3,0.706405009,34.8041264070749,3.365894880388624e-4,0.5155779530345579,66.90523889543684
12171,5,0.70586002,43.301446056535326,4.18766768889476e-4,0.6414547131608678,83.2399457192367
12176,7,0.708152153,41.73405689410386,4.036086031717114e-4,0.6182358773675725,80.22689648685376
12178,3,0.709069359,65.77520569637933,6.361097115914041e-4,0.9743742887473438,126.44207181186977
12179,6,0.708447382,39.51087303090489,3.8210826986128277e-4,0.5853022943779823,75.95318923340662
12187,3,0.706438095,33.83135185948256,3.2718181944457807e-4,0.5011675608831886,65.03523897827657
12198,7,0.708583331,0,0,0,0
12199,4,0.709009166,64.6975011067465,6.256872682340008e-4,0.9584094942341882,124.37036105594527
12202,3,0.707864042,0,0,0,0
12204,3,0.708858027,58.647671788949594,5.671795806976796e-4,0.8687891262526454,112.74055397360057
12210,4,0.709425351,58.12771762309496,5.621511221625701e-4,0.8610866802447309,111.7410271567427
12213,4,0.709419351,58.19071875250512,5.627604038795141e-4,0.8620199601943622,111.86213652074653
12214,7,0.708172752,0,0,0,0
12215,7,0.708643035,0,0,0,0
12219,3,0.709555227,50.58523976065476,4.892080828065489e-4,0.7493546617006627,97.24184745178896
12228,3,0.709420067,58.18337120812725,5.626893460350629e-4,0.8619111158623463,111.8480120687736
12239,3,0.707890679,0,0,0,0
12241,7,0.708165047,41.67231667349887,4.030115156596796e-4,0.6173212761450877,80.10821101373716
12242,3,0.707875789,0,0,0,0
12243,7,0.709180499,63.63351719243608,6.153975170472986e-4,0.9426479537149481,122.32502605355972
12244,3,0.707901442,0,0,0,0
12248,3,0.706526144,27.124994490728216,2.6232487211157965e-4,0.40182158207425855,52.143364129107134
12254,3,0.709414131,58.24288586808343,5.632649102279738e-4,0.8627927482928478,111.96241926565526
12257,7,0.708059274,42.98801113665182,4.1573555075220234e-4,0.6368115816967136,82.63741836521827
11464,1,0.709824819,0,0,0,0
11466,2,0.706700195,0,0,0,0
11468,2,0.709274691,0,0,0,0
11469,1,0.706233372,0,0,0,0
11470,1,0.707631238,0,0,0,0
11471,1,0.707338121,0,0,0,0
11473,1,0.709770819,0,0,0,0
11474,1,0.705011278,0,0,0,0
11475,1,0.707280149,0,0,0,0
11476,1,0.705864683,0,0,0,0
11477,2,0.70918614,0,0,0,0
11480,1,0.707315547,0,0,0,0
11551,1,0.707044544,0,0,0,0
11552,2,0.707473096,0,0,0,0
11554,2,0.707896984,0,0,0,0
11575,2,0.70976088,0,0,0,0
11576,2,0.707056141,0,0,0,0
11577,1,0.709371996,0,0,0,0
11578,2,0.706887661,0,0,0,0
11579,1,0.706238502,0,0,0,0
11581,2,0.707012724,0,0,0,0
11582,1,0.70928612,0,0,0,0
11583,1,0.707875113,0,0,0,0
11584,1,0.706419696,0,0,0,0
11586,2,0.706579301,0,0,0,0
11591,1,0.707065409,0,0,0,0
11593,1,0.709702135,0,0,0,0
11595,1,0.709807162,0,0,0,0
11602,2,0.707343889,0,0,0,0
11603,1,0.708157734,0,0,0,0
11604,1,0.705872681,0,0,0,0
11619,1,0.709522071,0,0,0,0
11620,1,0.706671094,0,0,0,0
11621,2,0.705986715,0,0,0,0
11622,2,0.707112078,0,0,0,0
11623,1,0.707865996,0,0,0,0
11624,1,0.707932867,0,0,0,0
11627,2,0.707812509,0,0,0,0
11628,1,0.706607895,0,0,0,0
11631,2,0.709202039,0,0,0,0
11633,2,0.707089451,0,0,0,0
11634,1,0.707342553,0,0,0,0
11635,2,0.707818342,0,0,0,0
11637,1,0.709858469,0,0,0,0
11644,2,0.709844041,0,0,0,0
11645,1,0.707459203,0,0,0,0
11646,2,0.707439,0,0,0,0
12066,1,0.707773023,0,0,0,0
12068,1,0.709781965,0,0,0,0
12070,1,0.707062826,0,0,0,0
12071,1,0.709423122,0,0,0,0
12072,2,0.706801064,0,0,0,0
12074,1,0.706414265,0,0,0,0
12141,2,0.708477604,0,0,0,0
12143,1,0.706626974,0,0,0,0
12147,1,0.707826041,0,0,0,0
12267,1,0.709256258,0,0,0,0
12268,1,0.706482004,0,0,0,0
12269,1,0.707208262,0,0,0,0
11650,2,0.709151921,0,0,0,0
11651,2,0.707593731,0,0,0,0
11652,1,0.709215046,0,0,0,0
11653,1,0.707981858,0,0,0,0
11654,1,0.709043037,0,0,0,0
11655,1,0.707165282,0,0,0,0
11656,2,0.706756975,0,0,0,0
11657,2,0.709012699,0,0,0,0
11658,1,0.7088314,0,0,0,0
11659,1,0.709786234,0,0,0,0
11660,1,0.709806042,0,0,0,0
11661,2,0.706800851,0,0,0,0
11662,2,0.70769994,0,0,0,0
11663,2,0.709829137,0,0,0,0
11664,1,0.70673407,0,0,0,0
11666,1,0.708138533,0,0,0,0
11669,1,0.706562512,0,0,0,0
11670,1,0.707531941,0,0,0,0
11674,1,0.707139171,0,0,0,0
11678,1,0.707088688,0,0,0,0
11679,1,0.706558752,0,0,0,0
11686,1,0.707129063,0,0,0,0
11687,1,0.707275403,0,0,0,0
11688,1,0.707513447,0,0,0,0
11689,1,0.706661807,0,0,0,0
11699,1,0.709028164,0,0,0,0
11702,1,0.706664466,0,0,0,0
11703,2,0.706071183,0,0,0,0
11705,1,0.705455618,0,0,0,0
11706,1,0.707956598,0,0,0,0
11707,1,0.709330666,0,0,0,0
11708,1,0.709284854,0,0,0,0
11709,1,0.708054564,0,0,0,0
11710,2,0.706944159,0,0,0,0
11712,1,0.706458997,0,0,0,0
11713,1,0.709369789,0,0,0,0
11714,1,0.706464629,0,0,0,0
11715,1,0.706573419,0,0,0,0
11722,1,0.709239035,0,0,0,0
11723,1,0.709340697,0,0,0,0
11774,2,0.708065752,0,0,0,0
11775,1,0.707052194,0,0,0,0
11776,2,0.707928659,0,0,0,0
11777,1,0.705904799,0,0,0,0
11778,1,0.709790619,0,0,0,0
11780,2,0.707551216,0,0,0,0
11781,1,0.707060736,0,0,0,0
11783,1,0.709310862,0,0,0,0
11784,2,0.708992877,0,0,0,0
11787,1,0.7061723,0,0,0,0
11789,1,0.705609029,0,0,0,0
11790,2,0.709291356,0,0,0,0
11795,1,0.706609238,0,0,0,0
11797,1,0.709019074,0,0,0,0
11799,1,0.707112135,0,0,0,0
11809,1,0.707807591,0,0,0,0
11810,2,0.708149704,0,0,0,0
11811,2,0.707530759,0,0,0,0
11840,1,0.708659744,0,0,0,0
11932,2,0.707856793,0,0,0,0
11934,1,0.709747296,0,0,0,0
12079,2,0.70754746,0,0,0,0
12080,1,0.706696425,0,0,0,0
12081,2,0.709100316,0,0,0,0
12133,1,0.707553492,0,0,0,0
12134,2,0.708153624,0,0,0,0
12135,1,0.708084035,0,0,0,0
12311,2,0.70792394,0,0,0,0
12495,1,0.706827845,0,0,0,0
12496,2,0.709635358,0,0,0,0
12498,1,0.706379527,0,0,0,0
12499,1,0.707583973,0,0,0,0
12500,1,0.705781432,0,0,0,0
11812,1,0.707864918,0,0,0,0
11813,1,0.705631762,0,0,0,0
11814,1,0.707986677,0,0,0,0
11818,1,0.70753388,0,0,0,0
11819,1,0.706404631,0,0,0,0
11820,1,0.706588947,0,0,0,0
11822,2,0.70659316,0,0,0,0
11825,1,0.706590322,0,0,0,0
11826,1,0.706911084,0,0,0,0
11827,1,0.709443513,0,0,0,0
11828,1,0.709227762,0,0,0,0
11830,1,0.707532276,0,0,0,0
11831,1,0.708085574,0,0,0,0
11832,1,0.707073819,0,0,0,0
11835,1,0.708046112,0,0,0,0
11836,2,0.706598631,0,0,0,0
11837,1,0.709814577,0,0,0,0
11838,1,0.709770554,0,0,0,0
11842,1,0.709442356,0,0,0,0
11843,1,0.707543305,0,0,0,0
11845,1,0.70658128,0,0,0,0
11849,2,0.709420427,0,0,0,0
11850,1,0.709184234,0,0,0,0
12037,1,0.706649367,0,0,0,0
12040,2,0.707492158,0,0,0,0
12042,2,0.706891308,0,0,0,0
12044,1,0.708052712,0,0,0,0
12047,2,0.70778631,0,0,0,0
12048,2,0.707866843,0,0,0,0
12052,2,0.707776188,0,0,0,0
12053,1,0.707103878,0,0,0,0
12054,1,0.70644381,0,0,0,0
12055,2,0.707027228,0,0,0,0
12056,1,0.709753466,0,0,0,0
12057,1,0.707773703,0,0,0,0
12060,1,0.707544986,0,0,0,0
12866,1,0.707170112,0,0,0,0
12867,2,0.709467695,0,0,0,0
12907,1,0.707180522,0,0,0,0
12157,2,0.705590548,0,0,0,0
12158,1,0.706623354,0,0,0,0
12165,1,0.707834932,0,0,0,0
12570,2,0.707604862,0,0,0,0
12660,1,0.707444958,0,0,0,0
12662,2,0.70717309,0,0,0,0
12847,1,0.70768634,0,0,0,0
12842,2,0.709712244,0,0,0,0
12061,2,0.709826338,0,0,0,0
12062,2,0.706747449,0,0,0,0
12063,2,0.708036776,0,0,0,0
12065,1,0.706565349,0,0,0,0
12078,1,0.707055341,0,0,0,0
12088,1,0.709748444,0,0,0,0
12144,1,0.707320323,0,0,0,0
12145,1,0.705577511,0,0,0,0
12146,1,0.707897196,0,0,0,0
12302,1,0.707480857,0,0,0,0
12501,1,0.706528438,0,0,0,0
12502,1,0.707260322,0,0,0,0
12986,1,0.707843578,0,0,0,0
12677,2,0.706265778,0,0,0,0
12678,1,0.709220381,0,0,0,0
12287,2,0.705889844,0,0,0,0
12288,1,0.707058256,0,0,0,0
12650,1,0.706642923,0,0,0,0
12793,1,0.707115943,0,0,0,0
12794,1,0.707681022,0,0,0,0
12984,1,0.709538075,0,0,0,0
12985,1,0.709638785,0,0,0,0
13091,2,0.707693028,0,0,0,0
13149,1,0.707566312,0,0,0,0
13204,1,0.709590044,0,0,0,0
13205,1,0.709656985,0,0,0,0
13206,2,0.70784294,0,0,0,0
13207,2,0.707153249,0,0,0,0
13215,1,0.70901268,0,0,0,0
13216,1,0.707455485,0,0,0,0
13475,2,0.708032351,0,0,0,0
13476,1,0.70780046,0,0,0,0
13738,2,0.706732825,0,0,0,0
13739,1,0.707305581,0,0,0,0
13740,2,0.707944279,0,0,0,0
13861,1,0.707916357,0,0,0,0
13862,1,0.707915947,0,0,0,0
13902,1,0.707669036,0,0,0,0
14080,2,0.707417568,0,0,0,0
14081,2,0.707911471,0,0,0,0
13497,2,0.709491817,0,0,0,0
13499,1,0.709487301,0,0,0,0
13504,1,0.709826021,0,0,0,0
13505,1,0.70781159,0,0,0,0
13703,1,0.709324135,0,0,0,0
13704,2,0.707931088,0,0,0,0
13705,1,0.709488305,0,0,0,0
13706,2,0.706753149,0,0,0,0
13725,2,0.70962861,0,0,0,0
13726,1,0.706140798,0,0,0,0
13727,1,0.709413212,0,0,0,0
13870,2,0.707956705,0,0,0,0
13871,2,0.709579347,0,0,0,0
13874,1,0.709748586,0,0,0,0
13875,1,0.70733397,0,0,0,0
13876,2,0.709701755,0,0,0,0
13877,1,0.708014506,0,0,0,0
14636,1,0.709497098,0,0,0,0
14637,2,0.708049117,0,0,0,0
14641,1,0.709709513,0,0,0,0
14643,1,0.709490095,0,0,0,0
14645,2,0.708922892,0,0,0,0
14646,1,0.709714659,0,0,0,0
12464,2,0.706558857,0,0,0,0
12465,1,0.709729951,0,0,0,0
12517,1,0.709564633,0,0,0,0
12518,1,0.709420817,0,0,0,0
12519,1,0.706710312,0,0,0,0
12908,1,0.70760607,0,0,0,0
12909,2,0.709704329,0,0,0,0
12958,1,0.709140416,0,0,0,0
12959,2,0.707564012,0,0,0,0
13064,1,0.70960817,0,0,0,0
13065,2,0.709395618,0,0,0,0
12075,2,0.706808053,0,0,0,0
12077,2,0.707088316,0,0,0,0
12090,1,0.708474114,0,0,0,0
12092,1,0.709812993,0,0,0,0
12093,2,0.707071933,0,0,0,0
12095,1,0.707882531,0,0,0,0
12096,1,0.70637322,0,0,0,0
12098,2,0.707761034,0,0,0,0
12099,1,0.706781883,0,0,0,0
12101,1,0.707390562,0,0,0,0
12102,1,0.70763193,0,0,0,0
12103,2,0.709728578,0,0,0,0
12104,1,0.70805122,0,0,0,0
12111,2,0.708047156,0,0,0,0
12112,1,0.709571306,0,0,0,0
12113,2,0.708825188,0,0,0,0
12116,1,0.707767081,0,0,0,0
12117,1,0.707541665,0,0,0,0
12118,1,0.707920626,0,0,0,0
12119,2,0.707033821,0,0,0,0
12766,2,0.70660412,0,0,0,0
12767,2,0.706780592,0,0,0,0
12136,2,0.707534769,0,0,0,0
12191,2,0.70972933,0,0,0,0
12121,1,0.707085805,0,0,0,0
12122,1,0.707754255,0,0,0,0
12123,1,0.70713934,0,0,0,0
12124,1,0.706416136,0,0,0,0
12125,1,0.709658027,0,0,0,0
12126,1,0.70946262,0,0,0,0
12127,1,0.706382808,0,0,0,0
12128,1,0.70663154,0,0,0,0
12130,1,0.706376809,0,0,0,0
12131,1,0.70961822,0,0,0,0
12132,2,0.707402831,0,0,0,0
12167,2,0.70799524,0,0,0,0
12168,1,0.707757095,0,0,0,0
12220,2,0.707185293,0,0,0,0
12221,2,0.706256082,0,0,0,0
12224,1,0.705603679,0,0,0,0
12225,1,0.707292333,0,0,0,0
12540,1,0.709691533,0,0,0,0
12541,1,0.706799924,0,0,0,0
12542,1,0.707410763,0,0,0,0
12545,1,0.706134683,0,0,0,0
12637,1,0.707608571,0,0,0,0
12638,1,0.707314474,0,0,0,0
12139,2,0.707700186,0,0,0,0
12150,2,0.707907585,0,0,0,0
12151,2,0.706635269,0,0,0,0
12153,2,0.709709315,0,0,0,0
12154,2,0.706411345,0,0,0,0
12155,1,0.70970446,0,0,0,0
12170,2,0.707916726,0,0,0,0
12172,2,0.706408527,0,0,0,0
12173,1,0.706691077,0,0,0,0
12174,2,0.706566111,0,0,0,0
12175,1,0.707126697,0,0,0,0
12177,1,0.708050788,0,0,0,0
12180,1,0.70777378,0,0,0,0
12181,1,0.70843849,0,0,0,0
12182,2,0.708042678,0,0,0,0
12183,1,0.709738999,0,0,0,0
12184,1,0.707543249,0,0,0,0
12185,2,0.709719185,0,0,0,0
12186,2,0.709816321,0,0,0,0
12188,1,0.706433063,0,0,0,0
12200,1,0.707882371,0,0,0,0
12201,1,0.706396494,0,0,0,0
12203,2,0.708014864,0,0,0,0
12205,1,0.708923738,0,0,0,0
12206,1,0.709739306,0,0,0,0
12207,1,0.707075573,0,0,0,0
12208,1,0.707271679,0,0,0,0
12209,2,0.707751183,0,0,0,0
12211,1,0.707359493,0,0,0,0
12212,1,0.707605146,0,0,0,0
12216,1,0.7094396,0,0,0,0
12217,1,0.707528295,0,0,0,0
12218,2,0.707714973,0,0,0,0
12226,1,0.709723786,0,0,0,0
12227,1,0.706474904,0,0,0,0
12229,2,0.709835423,0,0,0,0
12230,1,0.707686366,0,0,0,0
12231,1,0.705880486,0,0,0,0
12232,2,0.70765508,0,0,0,0
12233,1,0.707662394,0,0,0,0
12237,1,0.707763823,0,0,0,0
12238,1,0.707754373,0,0,0,0
12240,2,0.708025523,0,0,0,0
12245,1,0.707566276,0,0,0,0
12246,1,0.708045023,0,0,0,0
12247,1,0.708027177,0,0,0,0
12249,1,0.709789006,0,0,0,0
12253,2,0.707134962,0,0,0,0
12255,1,0.706529456,0,0,0,0
12256,1,0.708519331,0,0,0,0
12258,1,0.708025314,0,0,0,0
12259,2,0.706942274,0,0,0,0
12262,7,0.70822601,0,0,0,0
12747,7,0.70890601,60.778848160216285,5.877901127746852e-4,0.900359737685373,116.83739187667528
12748,5,0.708804421,54.08900663037579,5.230928895416261e-4,0.8012584195905276,103.97726602574718
12751,7,0.709532899,53.36909064806378,5.161306072799419e-4,0.7905937988448152,102.59334533146317
12787,3,0.707224973,0,0,0,0
12837,4,0.707763311,45.01352206452264,4.353241960253264e-4,0.666816896751209,86.53113174073823
12276,7,0.709180481,63.63353490564811,6.153976883511521e-4,0.9426482161131907,122.3250601043119
12277,3,0.707128488,25.583872259077626,2.4742073296182826e-4,0.37899185676303965,49.18080877375445
12286,7,0.708178968,42.40974039014024,4.101431146071418e-4,0.6282452512478736,81.52578746292
12290,3,0.709525268,53.49728159423017,5.173703374325307e-4,0.7924927813059465,102.83977145281385
12291,3,0.709405143,56.73563702386618,5.486883594222302e-4,0.840464813244972,109.0649799557944
12292,3,0.709400216,55.987968990970224,5.414576880509092e-4,0.8293890818951538,107.62771048463142
12293,6,0.707339869,31.840953489793154,3.0793274649238474e-4,0.4716823927980854,61.209023751277286
12294,5,0.709036024,66.42190855825628,6.423639523284502e-4,0.9839543521527085,127.68525226013536
12300,3,0.706297934,42.01186443789293,4.062952702020406e-4,0.6223512355032449,80.76093603914042
12479,3,0.706279429,41.33914758835696,3.9978944910105756e-4,0.6123858086398053,79.46774795561362
12576,3,0.707662813,41.455036982776754,4.009102113773652e-4,0.614102559580614,79.69052635632438
12578,3,0.709718642,33.123080310654004,3.203321500914569e-4,0.49067543730374397,63.67370280227925
12303,7,0.708086483,0,0,0,0
12308,4,0.707054271,23.968044519469967,2.3179411945995973e-4,0.3550554663276219,46.074644301534036
12315,7,0.708284951,0,0,0,0
12318,3,0.706278731,41.34401794547225,3.9983655015421514e-4,0.6124579566581948,79.47711042035397
12462,5,0.708928348,61.78189056801755,5.974905007854145e-4,0.9152185088946371,118.76557680312
12468,4,0.706135205,42.381077499618556,4.098659167963544e-4,0.6278206477324634,81.47068774527855
12470,7,0.709199913,0,0,0,0
12503,3,0.70944795,57.86144933069075,5.595760508284108e-4,0.8571422611390739,111.22916992736653
12506,3,0.70628575,42.097781544547,4.071261715326539e-4,0.6236239859082184,80.92609762023174
12510,3,0.706185618,43.62858962034689,4.219305628422574e-4,0.6463009203894482,83.86882569840687
12511,3,0.707280014,0,0,0,0
12516,4,0.70612002,43.27039037265223,4.184664304578588e-4,0.6409946635179243,83.18024624783042
12520,3,0.707346003,0,0,0,0
12525,4,0.706607992,24.65795418265032,2.3846621165980118e-4,0.36527558240698954,47.40088275646532
12528,3,0.707660993,41.44445546723726,4.008078779110269e-4,0.6139458081638985,79.67018512388645
12535,3,0.706751447,24.466427080626648,2.3661395976122714e-4,0.36243835701431504,47.03270323757816
12648,3,0.706423647,33.91039129228431,3.279462070321434e-4,0.5023384274780375,65.18717935660727
12649,4,0.706408874,34.78426734524627,3.363974317471558e-4,0.5152837668128716,66.86706309810916
13151,3,0.709369326,57.1127971112131,5.523358614231132e-4,0.8460519503426331,109.79000851851791
13240,4,0.706632533,24.669138395280125,2.385743737886003e-4,0.3654412619987291,47.42238257545524
12663,3,0.706602209,24.65637729824454,2.3845096166591739e-4,0.36525222291149195,47.397851454181065
12669,3,0.705821702,43.274798691019576,4.1850906315046035e-4,0.6410599670320415,83.18872051866961
12674,3,0.707876985,41.97997907126604,4.0598690793765415e-4,0.621878895187474,80.69964163839927
12675,3,0.707661449,41.44712681196254,4.00833712392345e-4,0.6139853806682964,79.67532034707598
12684,3,0.706240005,43.23496923143252,4.181238738411678e-4,0.6404699452913954,83.11215489890428
12686,4,0.706627417,24.665461461384538,2.385388142896204e-4,0.3653867929961414,47.415314271605006
12689,3,0.706403111,34.81359945893981,3.3668110159180964e-4,0.5157182840008455,66.92344928781037
12690,7,0.709524437,53.51096145725425,5.175026349089236e-4,0.7926954307186412,102.86606875138638
12693,3,0.70784334,41.94971396313719,4.0569421513647933e-4,0.621430556898073,80.64146191953854
13006,3,0.707683079,42.369206599231916,4.0975111373429886e-4,0.6276447957530045,81.44786788142152
12843,5,0.709803458,30.77074352815094,2.975827834199021e-4,0.45582862146973735,59.15172019150762
12844,3,0.707837941,41.93774878772908,4.055785003439916e-4,0.6212533083565507,80.61846082737658
12853,4,0.709684692,35.83630027213331,3.4657160535287384e-4,0.5308682689671654,68.88942428241215
13942,4,0.709853012,27.09765664289282,2.6206048874222344e-4,0.40141660734619067,52.09081158924673
13233,3,0.706092267,45.01656103206044,4.3535358577399445e-4,0.6668619151103584,86.53697365863997
13234,3,0.708646095,45.815797817823075,4.430829767489389e-4,0.6787015705918319,88.07337562029359
12705,7,0.709210788,62.781402336678234,6.07156744108618e-4,0.9300249782682016,120.68697465344644
12709,3,0.707034843,23.159004866569774,2.2396992530011265e-4,0.34307059409473406,44.519397931604594
12711,7,0.708865395,61.13217222363701,5.91207097422644e-4,0.9055937750304184,117.51659958308863
12719,7,0.709223263,62.75721447793818,6.069228241735262e-4,0.9296666665395398,120.64047745226848
12791,3,0.709426692,58.1131935755888,5.620106606076047e-4,0.8608715253347808,111.71310705161602
13275,7,0.70953424,53.34608634415168,5.159081334621565e-4,0.7902530199445416,102.5491233208067
13276,3,0.709256522,61.853978567596506,5.981876613056422e-4,0.9162863990300355,118.90415418836773
13301,7,0.709433092,58.04165201806233,5.613187847093365e-4,0.8598117300290467,111.57558011181365
13468,4,0.706774692,24.36301187013828,2.3561383488101653e-4,0.36090639491555104,46.83390441463918
13501,4,0.70680054,26.66035538083307,2.5783136354615133e-4,0.3949385568151949,51.25017145752268
13502,3,0.707790485,45.03790173915212,4.355599710051697e-4,0.667178049983274,86.5779976765816
12796,3,0.707235148,0,0,0,0
12799,3,0.706320627,40.235293715027034,3.891141169364695e-4,0.5960336464334003,77.34576947992979
13085,3,0.706162661,42.99770303331382,4.1582928074552074e-4,0.6369551545645848,82.65604945091013
13213,4,0.709666842,38.43972604228671,3.7174924483371954e-4,0.5694346422113522,73.89408439257777
13771,4,0.70812392,43.46968100297439,4.203937631668172e-4,0.6439468955044044,83.56334987972092
12727,3,0.706198689,43.5169820273831,4.2085120971793093e-4,0.6446475987789485,83.654278360472
12753,3,0.70964556,38.72308112328407,3.744895619021785e-4,0.5736321799094356,74.43878817754363
12754,7,0.70936497,0,0,0,0
12757,3,0.707013263,23.945154536604914,2.3157275123701822e-4,0.35471638094525876,46.03064205438706
12761,3,0.709684164,35.84196386823897,3.466263777925371e-4,0.5309521677914836,68.90031161933378
12770,5,0.708787241,53.9173851683868,5.214331443909588e-4,0.7987160704151983,103.64735184316844
12848,5,0.709836856,28.050006190101158,2.712706278728449e-4,0.41552442963082786,53.92154778479687
12851,3,0.709644458,38.73794900183022,3.7463334863509473e-4,0.5738524282299118,74.46736924159232
13044,5,0.709821799,28.985759882095984,2.803202690686943e-4,0.42938640586377114,55.720381163860644
13086,3,0.706363321,41.4854705809245,4.0120453363961416e-4,0.6145533938309258,79.74902996968066
13087,3,0.707760764,45.008592656438076,4.352765238923123e-4,0.6667438739693645,86.52165576017049
12774,3,0.706200173,42.70429762536583,4.129917673169702e-4,0.6326087343191871,82.09202555666343
13124,3,0.707770925,45.025557366285675,4.354405890073376e-4,0.6669951841236477,86.55426763934452
13321,3,0.70779307,44.2380133094604,4.278242780046002e-4,0.6553287412428986,85.0403430360864
13829,3,0.710046463,15.615015079388613,1.5101226417285203e-4,0.2313161783482776,30.01731179869449
12780,7,0.709512375,0,0,0,0
12782,7,0.70950311,55.46054430850615,5.363569824112022e-4,0.8215759698812447,106.6138228218043
12784,7,0.709510167,54.54717326507552,5.275238030260319e-4,0.8080455635315748,104.85801642269645
12800,3,0.707871724,41.98028662091824,4.0598988223957376e-4,0.6218834511363373,80.70023285228903
12804,7,0.709378301,0,0,0,0
12812,3,0.706416329,33.947594527256044,3.2830599821512165e-4,0.5028895451101436,65.2586964892126
12813,3,0.709456179,57.75321248214437,5.5852929605534e-4,0.855538872731511,111.02110229410414
12814,3,0.707671674,42.30635269827169,4.0914325585853997e-4,0.6267136968017397,81.32704154002542
12818,6,0.709264359,61.02196466540307,5.901412839851766e-4,0.903961193117038,117.30474358286949
12828,3,0.705595171,41.54127516016121,4.017442177717719e-4,0.6153800662316723,79.85630514336619
12864,7,0.709380204,0,0,0,0
12876,5,0.70984739,27.951191511553098,2.7031499457597086e-4,0.41406061844074965,53.73159273184403
12895,3,0.706214274,44.20965305513977,4.275500069779183e-4,0.654908620889951,84.98582508702873
12898,3,0.70688848,26.45658000798316,2.5586065904921164e-4,0.39191988918986836,50.858446641848
12902,7,0.70899725,64.62817786461954,6.25016845586301e-4,0.9573825603914737,124.2370984645714
12915,6,0.709249009,61.883784196458926,5.984759104989172e-4,0.9167279307305602,118.96145063351176
12917,5,0.709844221,27.981381765870452,2.706069634685552e-4,0.4145078478681019,53.78962855649859
12924,5,0.709859051,24.650501825660122,2.383941401762456e-4,0.3651651854121807,47.38655681939304
12925,7,0.709563745,50.440314526552825,4.8780651594117956e-4,0.7472077824867618,96.96325239969202
12935,7,0.70938717,0,0,0,0
12938,3,0.706211191,43.42938635837024,4.2000407506950977e-4,0.6433499826515928,83.48589001786674
12939,7,0.70905727,64.91078133068112,6.27749893813029e-4,0.9615689638899647,124.78035739279103
12942,7,0.709383614,0,0,0,0
12944,7,0.709036756,66.42475081186024,6.423914396635508e-4,0.983996456450285,127.69071602768264
13055,4,0.709680442,35.88146801001508,3.470084209646689e-4,0.5315373703710596,68.9762518688311
13157,3,0.709707347,34.02300417355184,3.290352822644617e-4,0.5040066411297794,65.4036591968361
13863,3,0.709174673,64.44078898365096,6.232046142786774e-4,0.9546066373718523,123.87687399862983
12955,3,0.706522181,27.135999822572863,2.624313042905679e-4,0.40198461177937345,52.16452007905334
12963,7,0.709002412,0,0,0,0
12965,4,0.709683616,35.84782635786266,3.466830737244502e-4,0.5310390129650849,68.91158129650385
12966,4,0.709685427,35.82839168623923,3.4649512169556074e-4,0.5307511135333821,68.87422131991339
12973,4,0.709681015,35.87543432421607,3.469500694005376e-4,0.5314479891483528,68.96465309502247
12974,3,0.707738354,43.35529687760092,4.192875582947592e-4,0.6422524431705078,83.34346511248246
12975,3,0.707747792,44.17670721638322,4.272313889246917e-4,0.654420571056192,84.92249210211666
12976,3,0.706217275,44.190071308855345,4.2736063259513134e-4,0.6546185427380653,84.94818238346464
12983,3,0.707270097,0,0,0,0
12987,3,0.706385023,38.91991171352623,3.7639310364964587e-4,0.5765479695955406,74.8171627848547
12991,3,0.706887449,26.459583182091176,2.5588970264087336e-4,0.3919643773158195,50.86421975273696
12998,3,0.706359957,41.51354326881992,4.0147602362146514e-4,0.6149692542605776,79.8029951193331
12999,5,0.709891399,22.860071242962984,2.2107894869146093e-4,0.33864228051059936,43.94474694719646
13007,3,0.706524322,27.130135848230914,2.6237459399999644e-4,0.40189774461159833,52.15324754775529
13008,4,0.707766426,45.018935218450245,0.00043537654644745333,0.6668970855997615,86.54153764354609
12260,1,0.706989758,0,0,0,0
12261,1,0.70727771,0,0,0,0
12263,1,0.709698319,0,0,0,0
12264,1,0.709485227,0,0,0,0
12265,1,0.706319744,0,0,0,0
12266,2,0.70789506,0,0,0,0
12270,2,0.706922944,0,0,0,0
12271,1,0.70786657100000006,0,0,0,0
12272,1,0.70693036,0,0,0,0
12740,1,0.706670239,0,0,0,0
13143,1,0.706913505,0,0,0,0
13144,1,0.707635541,0,0,0,0
12491,1,0.709176033,0,0,0,0
12492,2,0.706997841,0,0,0,0
12493,2,0.709620687,0,0,0,0
12746,1,0.707593695,0,0,0,0
12749,1,0.706817178,0,0,0,0
12750,1,0.706733276,0,0,0,0
12785,2,0.707625462,0,0,0,0
12786,2,0.709440364,0,0,0,0
12836,2,0.70762582,0,0,0,0
12838,1,0.709135359,0,0,0,0
12839,1,0.707489045,0,0,0,0
12840,2,0.706649212,0,0,0,0
12841,1,0.707639531,0,0,0,0
12273,2,0.706595682,0,0,0,0
12274,1,0.707575624,0,0,0,0
12275,2,0.7064978,0,0,0,0
12278,1,0.707184928,0,0,0,0
12282,1,0.707854952,0,0,0,0
12283,1,0.709563271,0,0,0,0
12284,1,0.706791861,0,0,0,0
12285,1,0.709741657,0,0,0,0
12298,1,0.70763581,0,0,0,0
12299,2,0.706673636,0,0,0,0
12477,1,0.709753641,0,0,0,0
12478,1,0.709614601,0,0,0,0
12577,1,0.709573309,0,0,0,0
12579,1,0.707163297,0,0,0,0
12580,2,0.709535777,0,0,0,0
12581,1,0.707685553,0,0,0,0
12738,2,0.709729571,0,0,0,0
12739,1,0.708484726,0,0,0,0
13145,1,0.70770357800000006,0,0,0,0
12819,1,0.70727331,0,0,0,0
12820,1,0.709641345,0,0,0,0
12821,1,0.70949925,0,0,0,0
13290,2,0.705294815,0,0,0,0
13291,1,0.709556903,0,0,0,0
12304,1,0.705981678,0,0,0,0
12305,2,0.706443957,0,0,0,0
12306,2,0.707892085,0,0,0,0
12307,1,0.707883716,0,0,0,0
12309,1,0.709243658,0,0,0,0
12313,2,0.707219623,0,0,0,0
12314,1,0.707512958,0,0,0,0
12316,2,0.706907729,0,0,0,0
12317,1,0.706521481,0,0,0,0
12319,1,0.706611527,0,0,0,0
12320,1,0.706423004,0,0,0,0
12461,1,0.707627686,0,0,0,0
12466,2,0.706522903,0,0,0,0
12467,1,0.706669493,0,0,0,0
12469,1,0.707953721,0,0,0,0
12471,1,0.70722244,0,0,0,0
12472,1,0.709686684,0,0,0,0
12473,1,0.706602736,0,0,0,0
12474,1,0.706937508,0,0,0,0
12475,1,0.709443707,0,0,0,0
12476,1,0.709179419,0,0,0,0
12480,2,0.706190958,0,0,0,0
12489,2,0.709484149,0,0,0,0
12490,2,0.709159104,0,0,0,0
12504,1,0.707250434,0,0,0,0
12505,1,0.706450569,0,0,0,0
12507,1,0.709405379,0,0,0,0
12508,1,0.707181362,0,0,0,0
12509,2,0.706138895,0,0,0,0
12515,2,0.709725929,0,0,0,0
12521,2,0.709748281,0,0,0,0
12522,1,0.707240593,0,0,0,0
12523,2,0.709134014,0,0,0,0
12524,1,0.708213995,0,0,0,0
12526,1,0.70717497,0,0,0,0
12527,1,0.707067756,0,0,0,0
12529,2,0.706091027,0,0,0,0
12530,1,0.707626812,0,0,0,0
12531,1,0.706224707,0,0,0,0
12532,1,0.709673113,0,0,0,0
12533,1,0.707139717,0,0,0,0
12534,2,0.706810961,0,0,0,0
12536,2,0.709464989,0,0,0,0
13150,1,0.709680915,0,0,0,0
13239,1,0.705825154,0,0,0,0
13241,1,0.707801341,0,0,0,0
12651,1,0.70688481,0,0,0,0
12652,1,0.709461952,0,0,0,0
12653,2,0.707765922,0,0,0,0
12654,1,0.705669433,0,0,0,0
12655,1,0.707243393,0,0,0,0
12656,2,0.707569603,0,0,0,0
12657,1,0.705516625,0,0,0,0
12658,2,0.707406347,0,0,0,0
12659,1,0.707442916,0,0,0,0
12664,1,0.707332767,0,0,0,0
12668,2,0.709109042,0,0,0,0
12670,2,0.708389613,0,0,0,0
12671,1,0.709628689,0,0,0,0
12672,1,0.707330758,0,0,0,0
12673,1,0.707229071,0,0,0,0
12676,1,0.709736434,0,0,0,0
12680,1,0.709175173,0,0,0,0
12681,1,0.706601856,0,0,0,0
12682,1,0.706811311,0,0,0,0
12683,1,0.709461149,0,0,0,0
12685,1,0.705897283,0,0,0,0
12687,1,0.707600759,0,0,0,0
12688,1,0.707554684,0,0,0,0
12691,2,0.706028189,0,0,0,0
12692,2,0.70735734,0,0,0,0
12694,2,0.705703377,0,0,0,0
12695,2,0.709644321,0,0,0,0
12696,1,0.707350005,0,0,0,0
12697,2,0.706629724,0,0,0,0
12698,2,0.705851554,0,0,0,0
12699,1,0.707545495,0,0,0,0
12700,1,0.707351221,0,0,0,0
13004,1,0.709495454,0,0,0,0
13005,1,0.707667918,0,0,0,0
12773,1,0.709451212,0,0,0,0
12845,1,0.706649028,0,0,0,0
12852,2,0.707597606,0,0,0,0
13773,1,0.708143687,0,0,0,0
13943,2,0.709728863,0,0,0,0
13181,1,0.706181738,0,0,0,0
13182,1,0.709522965,0,0,0,0
13183,1,0.705811217,0,0,0,0
13232,1,0.709439291,0,0,0,0
12701,2,0.706036148,0,0,0,0
12702,1,0.709559144,0,0,0,0
12703,2,0.707612002,0,0,0,0
12704,2,0.707760777,0,0,0,0
12706,1,0.709630804,0,0,0,0
12707,1,0.705694161,0,0,0,0
12708,2,0.709729767,0,0,0,0
12710,1,0.706331235,0,0,0,0
12712,1,0.709586918,0,0,0,0
12713,1,0.707169811,0,0,0,0
12714,1,0.709710106,0,0,0,0
12715,1,0.709505153,0,0,0,0
12716,1,0.705424431,0,0,0,0
12717,1,0.707194843,0,0,0,0
12718,2,0.709137729,0,0,0,0
12720,1,0.707342881,0,0,0,0
12721,1,0.709428619,0,0,0,0
12722,1,0.705369029,0,0,0,0
12723,2,0.709399082,0,0,0,0
12724,2,0.70668496,0,0,0,0
12744,2,0.709678024,0,0,0,0
12745,1,0.707659744,0,0,0,0
12752,2,0.706613412,0,0,0,0
13059,1,0.7094403,0,0,0,0
13060,1,0.709587556,0,0,0,0
13061,1,0.709302184,0,0,0,0
14023,1,0.708163971,0,0,0,0
14024,1,0.707964843,0,0,0,0
14025,1,0.709564038,0,0,0,0
13469,2,0.707603975,0,0,0,0
13473,1,0.707757405,0,0,0,0
13503,2,0.709431761,0,0,0,0
13675,2,0.70922479,0,0,0,0
13676,1,0.707810937,0,0,0,0
13677,1,0.707601736,0,0,0,0
12795,2,0.707484226,0,0,0,0
12797,2,0.706568951,0,0,0,0
12798,1,0.706273606,0,0,0,0
13092,1,0.707857372,0,0,0,0
13093,1,0.709688602,0,0,0,0
13211,1,0.709693346,0,0,0,0
13212,1,0.709392701,0,0,0,0
13683,1,0.707791761,0,0,0,0
13772,1,0.707887869,0,0,0,0
13367,2,0.709582426,0,0,0,0
13368,1,0.709689196,0,0,0,0
13369,1,0.707746432,0,0,0,0
12725,2,0.705833524,0,0,0,0
12726,1,0.706965902,0,0,0,0
12731,1,0.7061206,0,0,0,0
12732,1,0.709676904,0,0,0,0
12733,2,0.708540716,0,0,0,0
12734,1,0.707614024,0,0,0,0
12735,1,0.707555529,0,0,0,0
12736,1,0.708766431,0,0,0,0
12737,1,0.709434246,0,0,0,0
12741,1,0.709521693,0,0,0,0
12742,2,0.709733032,0,0,0,0
12743,1,0.709713405,0,0,0,0
12755,1,0.709348306,0,0,0,0
12756,2,0.709500365,0,0,0,0
12758,2,0.707203314,0,0,0,0
12759,1,0.709710341,0,0,0,0
12760,2,0.706684845,0,0,0,0
12762,1,0.707472034,0,0,0,0
12763,1,0.706985127,0,0,0,0
12764,1,0.706569024,0,0,0,0
12768,1,0.70659248,0,0,0,0
12769,1,0.707454724,0,0,0,0
12771,1,0.709640165,0,0,0,0
12772,1,0.70668415,0,0,0,0
12849,2,0.708762233,0,0,0,0
12850,1,0.709264019,0,0,0,0
13045,1,0.709497583,0,0,0,0
13046,2,0.706612261,0,0,0,0
13088,1,0.70959452,0,0,0,0
13140,2,0.708224142,0,0,0,0
13141,2,0.709720514,0,0,0,0
13142,1,0.707341491,0,0,0,0
12775,1,0.707643888,0,0,0,0
12878,1,0.707706795,0,0,0,0
12879,2,0.707831605,0,0,0,0
12880,2,0.704790978,0,0,0,0
12881,1,0.70693389,0,0,0,0
12882,1,0.704797874,0,0,0,0
12883,1,0.709685747,0,0,0,0
13327,1,0.707708238,0,0,0,0
13328,1,0.709559802,0,0,0,0
13441,1,0.709576369,0,0,0,0
13125,1,0.709277815,0,0,0,0
13126,1,0.706614128,0,0,0,0
13319,1,0.707802555,0,0,0,0
13320,1,0.705890083,0,0,0,0
13596,1,0.709547341,0,0,0,0
13828,1,0.708815418,0,0,0,0
12776,1,0.709628151,0,0,0,0
12777,2,0.707466652,0,0,0,0
12778,1,0.707550433,0,0,0,0
12779,1,0.709207967,0,0,0,0
12781,1,0.707632191,0,0,0,0
12783,1,0.707385194,0,0,0,0
12788,2,0.706511694,0,0,0,0
12789,1,0.709320274,0,0,0,0
12790,2,0.707570003,0,0,0,0
12801,1,0.705588008,0,0,0,0
12802,1,0.706620551,0,0,0,0
12803,1,0.706376432,0,0,0,0
12805,1,0.705707077,0,0,0,0
12806,1,0.709276702,0,0,0,0
12807,1,0.70778145,0,0,0,0
12808,2,0.705892561,0,0,0,0
12809,2,0.706885235,0,0,0,0
12810,2,0.709413626,0,0,0,0
12811,2,0.707776307,0,0,0,0
12815,2,0.708653259,0,0,0,0
12816,1,0.707163822,0,0,0,0
12817,1,0.709571427,0,0,0,0
12822,2,0.70961151200000006,0,0,0,0
12823,2,0.706891473,0,0,0,0
12824,1,0.709715119,0,0,0,0
12825,1,0.706596079,0,0,0,0
12826,2,0.709119003,0,0,0,0
12827,1,0.706698079,0,0,0,0
12829,1,0.70776273,0,0,0,0
12830,1,0.706926851,0,0,0,0
12831,1,0.709505332,0,0,0,0
12832,2,0.705789399,0,0,0,0
12859,1,0.709629785,0,0,0,0
12860,1,0.707840645,0,0,0,0
12861,1,0.70757142,0,0,0,0
12862,2,0.704783864,0,0,0,0
12863,1,0.709613425,0,0,0,0
12868,1,0.709268519,0,0,0,0
12869,1,0.709374217,0,0,0,0
12870,1,0.706487513,0,0,0,0
12871,1,0.709508287,0,0,0,0
12872,2,0.706706485,0,0,0,0
12873,2,0.706888439,0,0,0,0
12874,1,0.707658573,0,0,0,0
12875,2,0.70726895,0,0,0,0
12877,1,0.709696629,0,0,0,0
12892,1,0.70720361,0,0,0,0
12893,1,0.709307655,0,0,0,0
12894,1,0.709716801,0,0,0,0
12896,2,0.707614292,0,0,0,0
12897,1,0.706594007,0,0,0,0
12899,2,0.707205117,0,0,0,0
12900,1,0.706426733,0,0,0,0
12901,2,0.707493974,0,0,0,0
12903,1,0.706588794,0,0,0,0
12904,1,0.707715401,0,0,0,0
12905,2,0.70770673,0,0,0,0
12906,1,0.705755938,0,0,0,0
12910,1,0.706612333,0,0,0,0
12911,1,0.707262274,0,0,0,0
12912,2,0.706869084,0,0,0,0
12913,1,0.707634367,0,0,0,0
12914,2,0.707639358,0,0,0,0
12916,1,0.709553934,0,0,0,0
12918,1,0.707816163,0,0,0,0
12919,1,0.70762954,0,0,0,0
12920,2,0.707835735,0,0,0,0
12921,1,0.707215466,0,0,0,0
12922,1,0.707342159,0,0,0,0
12923,1,0.705101171,0,0,0,0
12926,2,0.709720311,0,0,0,0
12927,2,0.707636144,0,0,0,0
12928,2,0.708946535,0,0,0,0
12929,1,0.70958457,0,0,0,0
12930,1,0.707672273,0,0,0,0
12931,1,0.706586019,0,0,0,0
12932,2,0.708993111,0,0,0,0
12933,1,0.704800167,0,0,0,0
12934,1,0.709351688,0,0,0,0
12936,1,0.706263858,0,0,0,0
12937,1,0.70668694,0,0,0,0
12940,2,0.708898129,0,0,0,0
12941,2,0.706202219,0,0,0,0
12943,2,0.709664429,0,0,0,0
12945,1,0.709596991,0,0,0,0
12946,1,0.705968034,0,0,0,0
13056,1,0.70968339,0,0,0,0
13057,1,0.705570082,0,0,0,0
13079,2,0.709479113,0,0,0,0
13080,1,0.707681082,0,0,0,0
13081,2,0.707758091,0,0,0,0
13158,1,0.707820074,0,0,0,0
13159,1,0.707747509,0,0,0,0
13208,1,0.707870018,0,0,0,0
13209,2,0.707293189,0,0,0,0
13210,2,0.706402401,0,0,0,0
13900,2,0.709797727,0,0,0,0
13901,1,0.707848552,0,0,0,0
13491,1,0.707777702,0,0,0,0
13492,1,0.709314106,0,0,0,0
13493,2,0.709310571,0,0,0,0
12947,1,0.707169746,0,0,0,0
12948,1,0.706780334,0,0,0,0
12949,2,0.707839852,0,0,0,0
12950,1,0.709646451,0,0,0,0
12951,2,0.709064441,0,0,0,0
12952,1,0.707744092,0,0,0,0
12953,1,0.706547149,0,0,0,0
12954,1,0.705309453,0,0,0,0
12956,1,0.709586931,0,0,0,0
12957,1,0.707849582,0,0,0,0
12961,1,0.706916646,0,0,0,0
12962,1,0.706015714,0,0,0,0
12964,2,0.709633084,0,0,0,0
12967,1,0.709606776,0,0,0,0
12968,1,0.709321784,0,0,0,0
12969,1,0.705434779,0,0,0,0
12970,1,0.704772859,0,0,0,0
12971,1,0.707626832,0,0,0,0
12972,1,0.709375859,0,0,0,0
12977,1,0.70748081,0,0,0,0
12978,1,0.707261925,0,0,0,0
12979,2,0.707224881,0,0,0,0
12980,1,0.70658633,0,0,0,0
12981,2,0.707249983,0,0,0,0
12982,2,0.707238518,0,0,0,0
12988,2,0.709549989,0,0,0,0
12989,1,0.706606467,0,0,0,0
12990,1,0.705293348,0,0,0,0
12992,1,0.705823711,0,0,0,0
12993,2,0.707200332,0,0,0,0
12994,2,0.709461814,0,0,0,0
12995,2,0.706581474,0,0,0,0
12996,2,0.705572474,0,0,0,0
12997,1,0.707616486,0,0,0,0
13000,1,0.707659811,0,0,0,0
13001,2,0.706739039,0,0,0,0
13002,2,0.709348307,0,0,0,0
13003,2,0.707740913,0,0,0,0
13009,1,0.70767164,0,0,0,0
13010,1,0.708584046,0,0,0,0
13014,7,0.709594096,46.708486097723146,4.5171613385208e-4,0.6919255886483593,89.78942279031335
13018,7,0.70939648,0,0,0,0
13024,5,0.709925118,21.865992410702805,2.114652471059872e-4,0.3239162930372433,42.033793028245505
13026,3,0.706212634,44.22010428497081,4.2765108045573135e-4,0.6550634422930215,85.00591586650755
13032,3,0.709294871,58.47185976795032,5.654793087975295e-4,0.8661846993853975,112.40258412692012
13053,7,0.709234295,62.731995322329425,6.066789306025214e-4,0.9292930774865079,120.5919977515856
13174,3,0.705615077,41.7804014419929,4.040567996718883e-4,0.6189224116840921,80.31598629797992
13176,3,0.709705689,34.037933685620416,3.2917966505301545e-4,0.5042278024708828,65.4323587412481
13989,4,0.708178569,42.41150150094266,4.1016014624805795e-4,0.6282713398182908,81.52917291031147
13326,4,0.706656792,24.67260354498623,2.38607885130098e-4,0.3654925936934695,47.4290437588501
13442,3,0.705903394,44.8340237658637,4.335882742629811e-4,0.6641578624656379,86.1860756283498
13069,3,0.709457086,57.74091693552793,5.584103862544623e-4,0.8553567301693964,110.99746611734449
13070,4,0.709679244,35.89402646211288,3.4712987331525285e-4,0.5317234075365996,69.00039343836607
13071,7,0.709627366,41.3773514248274,4.0015891706610016e-4,0.6129517488842211,79.54118858089699
13072,3,0.709495408,55.582152236201644,5.375330484226213e-4,0.823377433469231,106.84759416715812
13075,3,0.709435754,58.01081432320994,5.610205544420037e-4,0.8593549096106186,111.51629968865484
13076,3,0.706528284,27.11877848827619,2.622647573694797e-4,0.4017295000670049,52.13141488136095
13078,3,0.709715032,33.1548733811648,3.206396197633357e-4,0.4911464103723657,63.73481977883729
13083,7,0.709402201,0,0,0,0
13084,3,0.70972567,31.460611723157125,3.0425447458248285e-4,0.46604812325193495,60.47787893065845
13094,3,0.706129127,42.417468930177044,4.102178570472723e-4,0.6283597395360011,81.5406443167145
13095,3,0.709417164,58.21287487659582,5.629746749799402e-4,0.8623481744116148,111.90472804446263
13100,3,0.709728642,31.43717301961632,3.040277997010961e-4,0.4657009092850619,60.432821857785676
13101,3,0.709719824,33.11253130909607,3.20230131066696e-4,0.49051916753945846,63.653424072651426
13102,3,0.706531578,27.91011414173912,2.699177367705613e-4,0.41345211053002007,53.65262820883155
13191,4,0.706598172,25.455581637164304,2.4618003884858036e-4,0.3770913977351079,48.93419104208771
13195,3,0.705893278,44.06009884185609,4.2610367341693647e-4,0.6526931693584104,84.69833157977813
13271,3,0.706526608,27.123662980607037,2.62311995123812e-4,0.40180185748026376,52.14080451874061
13303,3,0.70779269,44.23782673079675,4.2782247360887587e-4,0.6553259773221968,85.03998436913069
13650,3,0.707853869,41.96739710153316,4.058652281488447e-4,0.6216925096386988,80.67545486005845
13817,3,0.70795385,41.82640774535717,4.0450172502110764e-4,0.6196039353470569,80.40442588934565
13819,3,0.709013263,64.71805132477782,6.258860086731471e-4,0.9587139190378186,124.40986548799614
14547,3,0.709867689,23.78897693334025,2.3006236310340588e-4,0.35240281248905786,45.7304161635164
13904,4,0.709836107,28.0568639548768,2.713369490759094e-4,0.41562601851382597,53.93473071561481
14586,3,0.709042806,66.44613989766003,6.425982927635185e-4,0.9843133079909603,127.73183304577562
15436,3,0.709084025,66.64691530892249,6.445399847369704e-4,0.9872875350796577,128.11779092610655
15222,3,0.70942803,58.09854088956688,5.618689549940568e-4,0.8606544648122072,111.68493965998864
15223,4,0.708639429,45.7468072516578,4.424157713988181e-4,0.6776795649116388,87.94075254402867
13109,3,0.706833723,27.3838236351357,2.6482799970589676e-4,0.4056557998591982,52.64092081353992
13120,4,0.709675727,37.53357580358248,3.629858975982679e-4,0.5560112027102839,72.15215880919811
13122,3,0.705560925,39.543181080849216,3.8242071988123455e-4,0.5857808961984105,76.01529617367251
13130,7,0.709258968,61.044248679666566,5.903567919069866e-4,0.9042913018611849,117.34758095451936
13134,7,0.709106793,66.73993130353219,6.454395391644805e-4,0.9886654462945357,128.29659895788043
13135,3,0.709728368,31.43935135582306,3.0404886631429093e-4,0.46573317850823837,60.43700935275687
13148,3,0.707777925,45.03304867859273,4.3551303722639867e-4,0.6671061581909072,86.56866846164017
13152,3,0.707783491,45.03656058591944,4.3554700075920834e-4,0.6671581825391002,86.575419528910885
13153,7,0.709640462,0,0,0,0
13154,6,0.709128181,65.2051248936393,6.305964801058396e-4,0.9659292816840072,125.34618473655816
13156,6,0.709159797,65.24743537074973,6.310056632487438e-4,0.9665560564786212,125.4275197066058
13160,6,0.709148467,65.24410641405012,6.30973469025044e-4,0.9665067423064782,125.4211203319841
13161,3,0.706078586,45.084149743736006,4.360072338384223e-4,0.667863154136052,86.66690189899855
13177,3,0.707780107,45.03468358134871,4.355288483137161e-4,0.6671303771529488,86.57181129471061
13178,3,0.706066974,44.33894681282176,4.288004023820666e-4,0.6568239400721121,85.2343711830929
13179,5,0.709973963,19.974865547633627,1.9317622541896099e-4,0.29590170345709305,38.39841103142855
13180,3,0.706230719,43.30074416762946,4.187599809464396e-4,0.6414443155878585,83.23859645264758
13185,7,0.709298922,58.4499599607745,5.652675165290138e-4,0.8658602821705105,112.3604853305382
13186,7,0.709644677,0,0,0,0
13187,6,0.709115421,66.76851880877538,6.457160079268786e-4,0.9890889330749035,128.35155375965738
13197,5,0.709996958,18.236624879257896,1.7636576076848252e-4,0.27015192438778124,35.056927730994346
13201,4,0.706667875,24.66650847815366,2.3854893995214e-4,0.36540230319043,47.417326990046675
13202,7,0.709317763,57.53810479447995,5.564489971385577e-4,0.8523523315728317,110.60759295721967
13235,3,0.709697449,33.31318277357942,3.2217062435518635e-4,0.4934915585175203,64.03914368557781
13236,3,0.708865742,61.136538972827594,5.912493281011923e-4,0.9056584627511433,117.5249939439864
13243,7,0.709158839,65.24766573164008,6.310078910608498e-4,0.9665594689761774,125.42796253772937
13244,7,0.70941508,0,0,0,0
13245,3,0.705856411,43.30337707895583,4.1878544373970234e-4,0.6414833187513425,83.24365779391559
13246,7,0.709517154,54.4335222966853,5.26424688489492e-4,0.8063619719666644,104.63954102981029
13285,4,0.707785769,45.03737311842217,4.355548587325966e-4,0.6671702191533693,86.57698148971315
13552,5,0.70816308,42.48088810921881,4.108311817075681e-4,0.6292992123482489,81.66255731274015
13553,3,0.707815857,43.483590582316175,4.205282822216766e-4,0.6441529478661483,83.59008877033155
13554,3,0.706729826,24.544115613773698,2.3736528284552498e-4,0.36358921178439974,47.18204673233638
13681,4,0.70686307,27.322948426675254,2.64239277696032e-4,0.4047540126687515,52.52389818475107
13682,3,0.706700271,24.62113965580472,2.3811017965950262e-4,0.36473022298118496,47.33011285163797
14143,3,0.708046497,43.03865745403072,4.162253495145167e-4,0.6375618411440429,82.73477762439855
14145,4,0.708034501,40.70232273863523,3.9363073827374917e-4,0.6029520751617449,78.24355636962622
13248,3,0.707829191,42.71457676353194,4.1309117650231627e-4,0.6327610064076359,82.11178551807141
13250,5,0.710014994,17.350921217139554,1.6780015165938683e-4,0.25703137437686757,33.354307345942956
13252,7,0.709416231,0,0,0,0
13255,3,0.705862793,43.29933488693936,4.1874635184222257e-4,0.6414234389238401,83.23588734108596
13260,3,0.709416855,58.21597045009204,5.630046121628503e-4,0.8623940313145574,111.91067877805841
13268,3,0.706507784,28.777544721438773,2.78306627539301e-4,0.4263019685454253,55.320121582497016
13472,5,0.708166648,41.66541036115754,4.02944724954807e-4,0.6172189680929242,80.0949347581668
14127,4,0.70706537,23.97018454980867,2.3181481561844588e-4,0.35508716809908886,46.078758159740964
13563,3,0.708837346,55.23441386999603,5.341700828568824e-4,0.818226140977562,106.17912404979394
13564,3,0.710179253,13.834924229543969,1.337970678825042e-4,0.2049464431667652,26.59537837127689
13278,3,0.709514329,54.479952981103466,5.268737180130266e-4,0.8070497822840481,104.72879642432135
13474,4,0.707828731,42.71352262637242,4.130809819787505e-4,0.6327453907340067,82.10975911184416
13939,4,0.708165148,41.6718857339694,4.030073480585767e-4,0.6173148923353667,80.10738260299553
13288,5,0.710045769,15.617922338305629,1.510403801720594e-4,0.23135924561518284,30.022900528320935
13296,3,0.707839186,41.94068208086158,4.056068681191855e-4,0.621296761286563,80.62409960352298
13300,7,0.709378234,56.22137892041222,5.437149873071865e-4,0.8328467470073914,108.07640288699868
13304,3,0.709689466,34.187504235038524,3.306261566001815e-4,0.506443496001049,65.71988365204447
13307,3,0.707867474,41.97917031601656,4.059790864939498e-4,0.6218669145283086,80.69808693874838
13309,7,0.709455371,0,0,0,0
13310,3,0.705854207,43.30410206024836,4.187924550084018e-4,0.6414940584080837,83.24505145184006
13316,3,0.709653282,38.61693649235493,3.7346304089243845e-4,0.5720597849899376,74.23474249035357
13322,3,0.707811603,43.47243469958945,4.2042039407037834e-4,0.6439876879451474,83.56864341094538
13330,5,0.709369788,57.10816741522981,5.522910877953381e-4,0.8459833674065089,109.78110868543052
13336,3,0.705862538,43.29955178945374,4.187484494988456e-4,0.6414266520530266,83.23630430068354
13346,4,0.710102771,13.107005366808956,1.267573900444188e-4,0.1941632701362285,25.1960734486893
13352,4,0.709494569,55.59510000036616,5.376582657965731e-4,0.8235692377876683,106.87248412544803
13359,4,0.706755855,24.44839278378403,2.3643955070781777e-4,0.36217120231714545,46.998035252395766
13365,4,0.706696987,24.627604580580297,2.3817270172067924e-4,0.3648259924495328,47.342540611826294
13370,4,0.709431119,58.06409868907449,5.615358656788684e-4,0.860144248321778,111.61873016445138
13526,4,0.707950358,41.84003746871529,4.046335375985463e-4,0.6198058420056872,80.43062680261345
13527,3,0.707515918,38.713548137783306,3.7439736873313723e-4,0.5734909611041336,74.42046257256062
13712,3,0.709730915,31.41896604669241,3.038517207033497e-4,0.46543119661590104,60.397821931087634
13801,4,0.707955442,41.819923685756,4.044390179077026e-4,0.6195078824211071,80.39196134558567
14091,3,0.709201155,61.996543924843714,5.995664058845655e-4,0.9183983197317203,119.17821276329862
13449,4,0.709594244,46.70601808696614,4.516922658064506e-4,0.6918890282727509,89.78467844341141
13450,3,0.70587755,44.087898292165015,4.2637252092765404e-4,0.6531049821279113,84.75177147487351
13453,3,0.705876371,44.089268628425245,4.2638577340165315e-4,0.6531252818807555,84.7544057221402
13457,3,0.71017486,13.840461566836028,1.3385061927760126e-4,0.20502847163065796,26.606022996285912
13461,3,0.710184629,13.827605947800244,1.337262930359635e-4,0.20483803232268802,26.581310171930607
13664,4,0.709737068,31.368462065131233,3.0336329846574557e-4,0.4646830456889433,60.30073628923011
14076,4,0.708011169,40.81907334081481,3.94759829260152e-4,0.6046815837775699,78.46799030135745
14077,3,0.708207221,43.08044562217741,4.1662948142571777e-4,0.638180878609375,82.81510854091563
13480,4,0.708873326,61.229204376238904,5.921454919734965e-4,0.9070311804125242,117.7031280215398
13487,3,0.707429798,33.27879002401941,3.218380132782337e-4,0.4929820745784613,63.97302925136762
13496,3,0.705882892,44.08044189237791,4.2630041034635114e-4,0.6529945252443143,84.73743776618561
13558,4,0.709682417,35.86059763969843,3.468065843439792e-4,0.531228202926916,68.93613199639012
13647,3,0.707849667,41.96123628148877,4.058056470738772e-4,0.6216012450871814,80.66361169146286
13649,4,0.706824301,27.398029968818335,2.649653886615976e-4,0.40586624825128115,52.668230165820404
13717,3,0.709740395,30.541524778898268,2.9536601692050843e-4,0.4524330432513795,58.71108464735714
13722,3,0.710072963,14.737845331191496,1.425291862465281e-4,0.218322047194123,28.331096466967374
13723,4,0.708103268,41.969141646641766,4.0588209958351595e-4,0.6217183528098663,80.6788084626138
13916,4,0.707980448,41.734316439822074,4.036111132292659e-4,0.6182397222004682,80.2273954210341
13630,4,0.708013141,40.810569388548124,3.946775878354924e-4,0.6045556087638292,78.45164284441216
13631,4,0.709721857,33.0942270893556,3.200531115983911e-4,0.4902480142849476,63.618237204858595
13632,3,0.706711858,24.594978025206597,2.3785717144587042e-4,0.3643426723846246,47.27982139698145
13696,3,0.707073167,23.969059264936288,2.318039330278397e-4,0.3550704984644513,46.07659498367581
13859,4,0.708132891,42.628013506950204,4.122540262783733e-4,0.6314786841302594,81.94538181945737
13965,4,0.709858477,24.654621703331607,2.3843398336897533e-4,0.36522621605181727,47.394476610184704
13507,3,0.707810357,43.46893214001493,4.203865209393529e-4,0.6439358020717687,83.56191031319892
13511,3,0.705947422,48.74873918995133,4.714473500806015e-4,0.7221492897308149,93.71147556492149
13515,4,0.708926695,61.76831260354052,5.973591887663028e-4,0.9150173689766411,118.73947538783308
13524,3,0.709052572,64.88803014763747,6.275298679183011e-4,0.9612319346467777,124.73662196559238
13534,7,0.709471822,56.73321589081722,5.486649447292742e-4,0.8404289473017558,109.06032572361676
13535,4,0.709656267,38.57498957011421,3.7305737367595177e-4,0.5714383957887832,74.15410639506364
13537,3,0.70704131,23.160647255267826,2.2398580878371378e-4,0.34309492395128977,44.522555155173926
13540,3,0.707816363,43.484834917584834,4.2054031614449736e-4,0.6441713810778658,83.59248080130632
13011,1,0.70953917,0,0,0,0
13012,1,0.706233503,0,0,0,0
13013,1,0.707618344,0,0,0,0
13015,2,0.709135031,0,0,0,0
13016,1,0.706763139,0,0,0,0
13017,2,0.709539035,0,0,0,0
13019,1,0.707775216,0,0,0,0
13020,1,0.709443256,0,0,0,0
13021,1,0.707187848,0,0,0,0
13022,1,0.705592578,0,0,0,0
13023,2,0.709114899,0,0,0,0
13025,1,0.709262227,0,0,0,0
13027,2,0.70580454,0,0,0,0
13028,2,0.709472319,0,0,0,0
13029,1,0.709552027,0,0,0,0
13030,2,0.70947631,0,0,0,0
13031,1,0.709152202,0,0,0,0
13033,2,0.706770229,0,0,0,0
13034,1,0.709601223,0,0,0,0
13038,1,0.707166138,0,0,0,0
13039,1,0.709653296,0,0,0,0
13040,1,0.707201888,0,0,0,0
13041,1,0.705883766,0,0,0,0
13042,1,0.707386015,0,0,0,0
13043,1,0.70961042,0,0,0,0
13047,1,0.709236901,0,0,0,0
13048,1,0.707749041,0,0,0,0
13049,1,0.709233794,0,0,0,0
13050,1,0.709460668,0,0,0,0
13051,1,0.707461814,0,0,0,0
13052,1,0.706845034,0,0,0,0
13054,2,0.709389074,0,0,0,0
13058,1,0.706633276,0,0,0,0
13062,1,0.709697383,0,0,0,0
13066,2,0.708835209,0,0,0,0
13067,2,0.706613222,0,0,0,0
13068,1,0.706613721,0,0,0,0
13175,2,0.707717201,0,0,0,0
13222,2,0.7068583,0,0,0,0
13223,2,0.709478787,0,0,0,0
13224,1,0.707695655,0,0,0,0
13987,1,0.709166482,0,0,0,0
13988,2,0.709590377,0,0,0,0
13990,1,0.709729135,0,0,0,0
13991,2,0.70791135,0,0,0,0
13992,2,0.708099337,0,0,0,0
13443,2,0.707635049,0,0,0,0
13465,1,0.707534219,0,0,0,0
13466,2,0.709484023,0,0,0,0
13467,1,0.707665671,0,0,0,0
13073,2,0.705820276,0,0,0,0
13074,1,0.707716983,0,0,0,0
13077,1,0.707714612,0,0,0,0
13082,1,0.706769017,0,0,0,0
13096,1,0.704878967,0,0,0,0
13097,2,0.707752419,0,0,0,0
13098,1,0.709644248,0,0,0,0
13099,1,0.707753959,0,0,0,0
13188,2,0.706641298,0,0,0,0
13189,1,0.705904984,0,0,0,0
13190,2,0.707774485,0,0,0,0
13192,2,0.70596799,0,0,0,0
13193,2,0.709711872,0,0,0,0
13194,1,0.707079969,0,0,0,0
13272,1,0.709644721,0,0,0,0
13273,1,0.70763829,0,0,0,0
13274,1,0.709695703,0,0,0,0
13302,1,0.709637869,0,0,0,0
13470,2,0.709887572,0,0,0,0
13471,1,0.707614205,0,0,0,0
13641,1,0.707816454,0,0,0,0
13642,1,0.709303884,0,0,0,0
13643,1,0.709011937,0,0,0,0
13644,1,0.707788239,0,0,0,0
13645,2,0.709158164,0,0,0,0
13646,1,0.707750403,0,0,0,0
13651,2,0.707983551,0,0,0,0
13815,1,0.705793017,0,0,0,0
13816,2,0.707123676,0,0,0,0
13818,1,0.709289744,0,0,0,0
13820,1,0.709296665,0,0,0,0
13821,1,0.708141478,0,0,0,0
13822,1,0.709763343,0,0,0,0
14546,2,0.708130586,0,0,0,0
14548,1,0.707963931,0,0,0,0
14549,1,0.708453111,0,0,0,0
13899,1,0.70968983,0,0,0,0
13903,1,0.709740192,0,0,0,0
13905,1,0.70959225,0,0,0,0
14472,2,0.708078192,0,0,0,0
14473,1,0.70824443,0,0,0,0
14474,2,0.709774003,0,0,0,0
14587,1,0.709719125,0,0,0,0
14588,1,0.708235444,0,0,0,0
15435,1,0.709323592,0,0,0,0
15221,2,0.70871146,0,0,0,0
15224,2,0.708204486,0,0,0,0
15225,1,0.708126378,0,0,0,0
15226,1,0.70952576999999994,0,0,0,0
15227,2,0.70960208,0,0,0,0
15228,1,0.706997522,0,0,0,0
13103,1,0.709279268,0,0,0,0
13104,1,0.709334704,0,0,0,0
13105,2,0.70942465,0,0,0,0
13106,1,0.707156186,0,0,0,0
13107,1,0.707911496,0,0,0,0
13108,1,0.705962454,0,0,0,0
13110,2,0.707676744,0,0,0,0
13119,1,0.707703821,0,0,0,0
13121,1,0.707738361,0,0,0,0
13123,1,0.707820416,0,0,0,0
13127,1,0.706636634,0,0,0,0
13128,1,0.70781202,0,0,0,0
13129,1,0.707290749,0,0,0,0
13131,1,0.709618998,0,0,0,0
13132,1,0.705700973,0,0,0,0
13133,1,0.705954964,0,0,0,0
13136,1,0.707722892,0,0,0,0
13137,2,0.709487474,0,0,0,0
13138,1,0.707856612,0,0,0,0
13139,1,0.707883209,0,0,0,0
13146,1,0.707252909,0,0,0,0
13147,1,0.707699745,0,0,0,0
13155,1,0.709635845,0,0,0,0
13162,1,0.704854622,0,0,0,0
13163,2,0.709309113,0,0,0,0
13164,1,0.707814812,0,0,0,0
13165,2,0.709705407,0,0,0,0
13166,1,0.709675952,0,0,0,0
13167,1,0.709678398,0,0,0,0
13168,1,0.707759469,0,0,0,0
13169,1,0.707177394,0,0,0,0
13170,1,0.705823368,0,0,0,0
13171,2,0.709512381,0,0,0,0
13172,2,0.707754456,0,0,0,0
13173,2,0.707735208,0,0,0,0
13184,1,0.709366704,0,0,0,0
13196,1,0.707717621,0,0,0,0
13198,1,0.70770142,0,0,0,0
13199,2,0.709349106,0,0,0,0
13200,2,0.707336039,0,0,0,0
13203,1,0.709596051,0,0,0,0
13229,1,0.705849981,0,0,0,0
13230,1,0.70771023,0,0,0,0
13231,2,0.707697779,0,0,0,0
13237,1,0.707227181,0,0,0,0
13238,1,0.707761793,0,0,0,0
13242,2,0.707820941,0,0,0,0
13247,2,0.709481622,0,0,0,0
13284,1,0.709786353,0,0,0,0
13286,2,0.70773566,0,0,0,0
13944,1,0.709653154,0,0,0,0
14144,2,0.707936137,0,0,0,0
13249,2,0.707224295,0,0,0,0
13251,2,0.70686737,0,0,0,0
13253,2,0.706666463,0,0,0,0
13254,2,0.705858696,0,0,0,0
13256,1,0.707699714,0,0,0,0
13257,2,0.709519678,0,0,0,0
13258,2,0.707717823,0,0,0,0
13259,2,0.709542163,0,0,0,0
13261,1,0.709479179,0,0,0,0
13262,2,0.707757406,0,0,0,0
13263,1,0.705858012,0,0,0,0
13264,1,0.707711332,0,0,0,0
13265,1,0.706592195,0,0,0,0
13266,1,0.706636109,0,0,0,0
13267,1,0.709603383,0,0,0,0
13269,1,0.705824197,0,0,0,0
13270,1,0.709744296,0,0,0,0
14128,2,0.709409152,0,0,0,0
14129,1,0.707908819,0,0,0,0
13565,2,0.70778178,0,0,0,0
13842,2,0.709676977,0,0,0,0
13277,2,0.706617577,0,0,0,0
13279,1,0.707728642,0,0,0,0
13280,1,0.709245723,0,0,0,0
13281,2,0.706653012,0,0,0,0
13282,2,0.707624721,0,0,0,0
13283,1,0.708521161,0,0,0,0
13940,2,0.708005374,0,0,0,0
13941,1,0.708156271,0,0,0,0
13287,1,0.707752903,0,0,0,0
13289,1,0.705913322,0,0,0,0
13293,1,0.707813351,0,0,0,0
13294,2,0.708773727,0,0,0,0
13295,1,0.709357826,0,0,0,0
13297,2,0.705291616,0,0,0,0
13298,2,0.70869592,0,0,0,0
13299,2,0.709547906,0,0,0,0
13305,1,0.705750066,0,0,0,0
13306,2,0.709809204,0,0,0,0
13308,1,0.706653216,0,0,0,0
13311,1,0.707428313,0,0,0,0
13312,2,0.706655873,0,0,0,0
13313,1,0.709797136,0,0,0,0
13314,1,0.707634931,0,0,0,0
13315,2,0.706633614,0,0,0,0
13317,1,0.707727866,0,0,0,0
13318,2,0.705822038,0,0,0,0
13323,1,0.709586887,0,0,0,0
13324,1,0.705672277,0,0,0,0
13325,1,0.706196851,0,0,0,0
13329,1,0.706450608,0,0,0,0
13331,2,0.705782034,0,0,0,0
13332,1,0.709335961,0,0,0,0
13333,1,0.707742186,0,0,0,0
13334,1,0.706162031,0,0,0,0
13335,1,0.707306433,0,0,0,0
13337,1,0.707742171,0,0,0,0
13338,1,0.705871588,0,0,0,0
13339,2,0.709576191,0,0,0,0
13340,2,0.707441974,0,0,0,0
13341,1,0.707723435,0,0,0,0
13342,2,0.707787339,0,0,0,0
13343,1,0.707789783,0,0,0,0
13344,1,0.707755043,0,0,0,0
13345,1,0.705860055,0,0,0,0
13347,2,0.709701568,0,0,0,0
13348,1,0.705924403,0,0,0,0
13349,2,0.707809562,0,0,0,0
13350,1,0.709579732,0,0,0,0
13351,1,0.706841283,0,0,0,0
13353,1,0.708529419,0,0,0,0
13354,1,0.707749354,0,0,0,0
13355,1,0.709345997,0,0,0,0
13356,2,0.709557914,0,0,0,0
13357,2,0.706765696,0,0,0,0
13358,1,0.706696397,0,0,0,0
13360,1,0.706665315,0,0,0,0
13361,1,0.706048629,0,0,0,0
13362,1,0.707501399,0,0,0,0
13363,2,0.706466287,0,0,0,0
13364,2,0.709485446,0,0,0,0
13366,2,0.709333885,0,0,0,0
13444,1,0.707524924,0,0,0,0
13445,1,0.707577341,0,0,0,0
13446,1,0.707920541,0,0,0,0
13525,2,0.707861233,0,0,0,0
13654,1,0.709361511,0,0,0,0
13655,2,0.70944857,0,0,0,0
13656,1,0.709413563,0,0,0,0
13711,1,0.708003926,0,0,0,0
13713,1,0.707812683,0,0,0,0
13714,2,0.706910622,0,0,0,0
13715,2,0.709322533,0,0,0,0
13716,2,0.70978642,0,0,0,0
13802,1,0.70963921,0,0,0,0
13803,2,0.707914945,0,0,0,0
14089,1,0.709627826,0,0,0,0
14090,1,0.707900449,0,0,0,0
13447,1,0.70585631,0,0,0,0
13448,1,0.709777409,0,0,0,0
13451,1,0.707770524,0,0,0,0
13452,1,0.709511878,0,0,0,0
13454,1,0.705891307,0,0,0,0
13455,2,0.707856358,0,0,0,0
13456,1,0.707099685,0,0,0,0
13458,1,0.709748115,0,0,0,0
13459,1,0.705945344,0,0,0,0
13460,2,0.707825964,0,0,0,0
13462,1,0.705898794,0,0,0,0
13463,1,0.708046953,0,0,0,0
13518,1,0.709189451,0,0,0,0
13519,2,0.709944673,0,0,0,0
13520,1,0.709396068,0,0,0,0
13662,1,0.707992694,0,0,0,0
13663,1,0.707810501,0,0,0,0
13761,1,0.709728585,0,0,0,0
13762,1,0.708098616,0,0,0,0
13763,1,0.706191029,0,0,0,0
14078,2,0.709768658,0,0,0,0
14415,1,0.709541039,0,0,0,0
14416,1,0.706385131,0,0,0,0
14417,1,0.708230243,0,0,0,0
14460,1,0.709720845,0,0,0,0
14461,1,0.708373572,0,0,0,0
14462,2,0.709807772,0,0,0,0
14769,1,0.708063698,0,0,0,0
14770,2,0.709709831,0,0,0,0
14771,1,0.709431819,0,0,0,0
13464,2,0.709820262,0,0,0,0
13477,1,0.709316416,0,0,0,0
13478,2,0.707524718,0,0,0,0
13479,1,0.707739885,0,0,0,0
13481,2,0.709845262,0,0,0,0
13482,1,0.705755747,0,0,0,0
13483,1,0.707860632,0,0,0,0
13484,2,0.709703567,0,0,0,0
13485,1,0.707078285,0,0,0,0
13486,1,0.709439123,0,0,0,0
13488,1,0.709293327,0,0,0,0
13489,1,0.70684052,0,0,0,0
13490,1,0.709808748,0,0,0,0
13494,1,0.708020086,0,0,0,0
13495,1,0.70785712,0,0,0,0
13557,2,0.707892645,0,0,0,0
13559,1,0.705927216,0,0,0,0
13648,1,0.709649052,0,0,0,0
13707,2,0.710028512,0,0,0,0
13708,1,0.707859373,0,0,0,0
13709,1,0.707870385,0,0,0,0
13710,1,0.706116799,0,0,0,0
13718,2,0.708929874,0,0,0,0
13719,1,0.709717369,0,0,0,0
13720,1,0.707475493,0,0,0,0
13721,2,0.706601559,0,0,0,0
13724,1,0.707986835,0,0,0,0
14079,1,0.709529702,0,0,0,0
13506,1,0.708053037,0,0,0,0
13594,1,0.709644646,0,0,0,0
13595,2,0.709653804,0,0,0,0
13830,1,0.7097798,0,0,0,0
13915,2,0.707872039,0,0,0,0
13584,1,0.707609116,0,0,0,0
13585,1,0.709805167,0,0,0,0
13586,1,0.707813483,0,0,0,0
13629,1,0.706000542,0,0,0,0
13633,1,0.709762879,0,0,0,0
13634,1,0.707897376,0,0,0,0
13692,2,0.707865302,0,0,0,0
13693,2,0.70969658,0,0,0,0
13694,1,0.709237424,0,0,0,0
13695,1,0.709714923,0,0,0,0
13697,1,0.709642108,0,0,0,0
13809,1,0.707580394,0,0,0,0
13810,1,0.709750202,0,0,0,0
13811,1,0.709785173,0,0,0,0
13857,1,0.707259962,0,0,0,0
13858,2,0.709587258,0,0,0,0
13917,2,0.708010452,0,0,0,0
13963,1,0.709739384,0,0,0,0
13964,1,0.709623448,0,0,0,0
13966,1,0.709349879,0,0,0,0
13967,1,0.707970028,0,0,0,0
13968,1,0.707918595,0,0,0,0
14125,2,0.709208834,0,0,0,0
14126,1,0.709711766,0,0,0,0
14130,1,0.708033946,0,0,0,0
13508,1,0.709737628,0,0,0,0
13509,1,0.709058468,0,0,0,0
13510,1,0.707899201,0,0,0,0
13512,1,0.709780608,0,0,0,0
13513,1,0.705915274,0,0,0,0
13514,1,0.707907499,0,0,0,0
13516,2,0.705917523,0,0,0,0
13517,1,0.709468045,0,0,0,0
13521,1,0.707795951,0,0,0,0
13522,1,0.705914365,0,0,0,0
13523,1,0.705980715,0,0,0,0
13528,2,0.705952428,0,0,0,0
13529,1,0.709697962,0,0,0,0
13530,1,0.709601833,0,0,0,0
13531,1,0.709507068,0,0,0,0
13532,2,0.709349012,0,0,0,0
13533,2,0.707872291,0,0,0,0
13536,1,0.70933713,0,0,0,0
13538,2,0.705954699,0,0,0,0
13539,1,0.705923597,0,0,0,0
13541,1,0.70576711,0,0,0,0
13550,3,0.707045544,23.96327559238957,2.3174799933311873e-4,0.3549848208635318,46.065476819441344
13560,7,0.709488549,55.686270565706366,5.385399731422238e-4,0.8249198113634943,107.04774462137239
13561,3,0.709169389,64.44518196956753,6.232470986916842e-4,0.9546717137556143,123.88531879534084
13568,3,0.707815905,43.48370937635264,4.205294310746445e-4,0.6441547076455906,83.5903171324314
13570,4,0.709700215,33.28737885020428,3.219210755155847e-4,0.49310930688912386,63.989539864534834
13572,3,0.707808624,43.46388365932832,4.2033769725937297e-4,0.6438610153838946,83.55220543503461
13573,3,0.707538736,38.88423814916377,3.7604810585757827e-4,0.5760195120478255,74.74858619373427
13577,3,0.710153736,13.861510157421982,1.340541794602762e-4,0.2053402791767414,26.64648546803694
13579,3,0.709693936,33.34540328667787,3.2248222780936617e-4,0.49396886359320935,64.10108235057895
13580,5,0.708168825,41.655761619137024,4.028514123085156e-4,0.617076034505047,80.07638663021288
13583,3,0.710108527,13.10402997932278,1.2672861517620414e-4,0.1941191936330097,25.190353753034803
13587,5,0.708166995,41.66389230538575,4.0293004389058303e-4,0.617196480067273,80.09201654430674
13590,4,0.708112587,41.92378103866829,4.054434187318161e-4,0.6210463942859307,80.59161011499802
13605,5,0.708225774,43.005057252522775,4.159004031420296e-4,0.6370640977755585,82.67018673415379
13611,3,0.707837048,41.93558056103954,4.055575314995836e-4,0.6212211888927482,80.61429276629823
13612,3,0.70781551,43.48272709761567,4.2051993149136744e-4,0.644140156461211,83.58842886226508
13613,3,0.70672336,24.563856862307983,2.3755619976898644e-4,0.36388165275506534,47.21999605288051
13614,4,0.709712134,33.17993138067257,3.2088195479932973e-4,0.4915176121069604,63.78298968328197
13621,3,0.709712082,33.18037722116304,3.2088626650710484e-4,0.49152421665507545,63.78384673868326
13627,3,0.708850844,56.96663062490708,5.509222904511328e-4,0.8438866835886144,109.50902736213347
13635,4,0.708083189,42.877746096392244,4.1466918140807736e-4,0.6351781482617417,82.42545186520917
13638,3,0.708878431,61.2885844512125,5.927197545997525e-4,0.9079108191412153,117.8172765008112
13639,4,0.706822401,27.40277538410794,2.65011281406733e-4,0.4059365454187117,52.67735245034194
13669,3,0.708908336,60.80078193959928,5.880022335872272e-4,0.9006846581544097,116.87955597906749
13678,4,0.709736245,31.375320081831312,3.034296221051624e-4,0.4647846383038748,60.313919704331546
13680,3,0.71008447,14.722048790143498,1.423764184510678e-4,0.21808804194419096,28.30073020119255
13689,4,0.709737323,31.366330732471834,3.033426864222115e-4,0.4646514727623048,60.29663915088867
13690,7,0.709518858,54.40520241426981,5.261508078980915e-4,0.8059424496710843,104.58510068913525
13700,3,0.707709477,42.48160939401598,4.108381572275904e-4,0.6293098972462099,81.66394386475706
13734,3,0.709765733,30.329391586191374,2.933144842403275e-4,0.4492905653742657,58.30329329038686
13742,4,0.708030836,40.722990251764074,3.9383061306967734e-4,0.6032582375399828,78.28328628231205
13748,4,0.709755239,30.420778781507686,2.941982866068932e-4,0.4506443480419776,58.47897022199859
13749,3,0.706748699,24.47729474574004,2.3671906057007693e-4,0.3625993473655134,47.053594545756475
13752,3,0.710040138,15.641099136065622,1.512645221718089e-4,0.23170257978789643,30.067454130179144
13753,4,0.708039266,40.67415970586293,3.9335837456975673e-4,0.60253487639002,78.18941754672882
13759,3,0.708944002,62.702567184595274,6.063943321127325e-4,0.9288571378270223,120.5354269713763
13769,3,0.710039827,15.642357762507736,1.5127669430406784e-4,0.23172122470479714,30.06987363359678
13770,4,0.708123815,43.47015074426269,4.2039830601837134e-4,0.6439538541118134,83.56425288049574
13777,3,0.707762605,45.012201041383804,4.353114204567979e-4,0.6667973275082444,86.52859228987955
13782,3,0.706780979,23.532246572501244,2.2757953277150397e-4,0.348599685458227,45.23689404712293
13785,4,0.709783834,30.160190264562292,2.916781441823551e-4,0.44678406743675303,57.97803143170345
13791,3,0.706811897,26.63160411802697,2.575533110900952e-4,0.39451264417910836,51.19490185862258
13796,3,0.707999375,41.666861146546566,4.029587554495143e-4,0.6172404595951794,80.09772365572175
13799,4,0.709793832,30.864030169512375,2.9848495526267323e-4,0.4572105419649123,59.33104849738261
13800,4,0.709786219,30.1368155706771,2.9145208833610686e-4,0.4464378016898361,57.933097406921306
13804,7,0.709563155,50.450527024359275,4.879052806499404e-4,0.7473590673847889,96.98288425591126
13805,3,0.710028831,15.685410621680315,1.5169305699790526e-4,0.23235899692596604,30.15263571170162
13808,3,0.708988825,62.9762715965511,6.090413178987473e-4,0.9329117133909137,121.0615789240056
13834,4,0.70979905,30.81396886939591,2.9800081418182323e-4,0.4564689487889075,59.23481383817773
13836,3,0.709039909,66.43636598842743,6.425037696295009e-4,0.984168520213317,127.7130443043344
13838,3,0.709584481,48.46729637044877,4.687255264261131e-4,0.7179800797044457,93.17044778982421
13840,3,0.707976736,40.946302996411966,3.9599026280529915e-4,0.6065663259667816,78.71256849886053
13851,7,0.709589197,46.78933148462572,4.5249798675853046e-4,0.6931232081088794,89.94483481994014
13853,3,0.707748701,44.97910106215948,4.349913117165036e-4,0.6663069942835468,86.46496299513629
13855,3,0.709093674,67.48780309272229,6.526721810557888e-4,0.9997441960293528,129.73426011718337
13866,4,0.706902958,26.410094230395554,2.5541109672156423e-4,0.39123126273869663,50.76908533973221
13869,3,0.709629591,40.546136101424594,3.9212026277316155e-4,0.6006383728793614,77.94331311247241
13878,4,0.707983498,41.72504904082526,4.035214885380065e-4,0.6181024377144608,80.2095803626537
13882,3,0.707826009,42.70699049020697,4.1301780991857536e-4,0.6326486256161659,82.0972021487549
13884,3,0.709179767,63.63421102801029,6.154042271068466e-4,0.9426582319883032,122.32635983893633
13887,3,0.708038703,40.6775632859836,3.933912904739492e-4,0.6025852960112764,78.19596037266878
13890,4,0.709816882,30.633874481209126,2.9625912765852237e-4,0.4538010842107729,58.88861184119512
13912,3,0.70794753,41.85047822489024,4.0473450978599794e-4,0.6199605082551387,80.45069744820195
13913,7,0.709600347,46.60294155806742,4.506954163040367e-4,0.6903620833020906,89.58653068041859
14083,3,0.708793854,53.98631875482124,5.220997986920974e-4,0.7997372320146452,103.77986538522298
14134,3,0.709815269,30.65073425647663,2.9642217795489714e-4,0.4540508398954688,58.92102200080672
14505,3,0.709747696,30.483390832477173,2.9480380555985846e-4,0.4515718642995781,58.5993316463553
15021,3,0.709550397,51.465242105110654,4.977185546721262e-4,0.7623907540913613,98.93350798639722
14351,7,0.70983446,28.071864765006424,2.714820213855155e-4,0.41584823604315085,53.96356731888446
14437,3,0.709805221,30.753216552618706,2.974132806531248e-4,0.4555689820792207,59.11802744854423
14544,5,0.707889574,42.77441007166198,4.136698223305612e-4,0.633647359197192,82.22680526393498
13906,4,0.7098386,28.033951460412357,2.711153631440783e-4,0.41528659965134046,53.890685193601016
13908,3,0.708085915,42.862790140713855,4.145245428842988e-4,0.6349565951928857,82.39670148728361
13909,3,0.708047789,42.23379553775957,4.084415580993524e-4,0.6256388566561405,81.18756226964067
13910,4,0.7069173,23.971241084249275,2.3182503332603316e-4,0.3551028192853254,46.080789174348915
13911,3,0.709606465,44.90171680694226,4.342429312934128e-4,0.6651606469960054,86.31620442491685
14026,4,0.709865407,23.80436577130375,2.302111880166091e-4,0.35263077814703764,45.75999868681346
14029,3,0.709634898,40.470994073641315,3.9139356685308717e-4,0.5995252412805895,77.79886485765554
14432,3,0.709755101,30.421947457641817,2.942095888328727e-4,0.45066166046183126,58.48121681066544
14434,7,0.709878666,22.126850970592645,2.1398800110638722e-4,0.32778057397814364,42.53525093192101
14436,4,0.708618555,42.341069435279,4.0947900020675315e-4,0.6272279801942582,81.39377878709715
14579,4,0.709746116,30.496178034203297,2.949274701400897e-4,0.4517612900939188,58.62391294962619
14584,4,0.709544826,52.36077530190825,5.063792248669866e-4,0.775656915898702,100.6550240437104
14585,3,0.708561281,38.82455684643648,3.7547093006826186e-4,0.5751354110209911,74.63385865338869
14716,7,0.709984137,19.913473832872054,1.925825082947402e-4,0.29499226489627867,38.28039550377869
14717,3,0.709890979,22.862353804668913,2.2110102326580969e-4,0.3386760936992499,43.949134798638056
14719,3,0.709609727,44.84889583894298,4.337321015610802e-4,0.6643781729226772,86.21466475570216
14789,4,0.709543973,52.37552731930532,5.065218911107862e-4,0.7758754478866553,100.68338238365541
15143,3,0.708753165,53.50581858135859,5.174528983361815e-4,0.7926192456882806,102.85618241387616
15450,3,0.708694629,51.96366954429178,5.02538828987197e-4,0.7697743095877299,99.89165319310109
15451,3,0.709841587,28.006172336597665,2.708467122101748e-4,0.41487508799246536,53.837284372865284
15454,3,0.709183736,63.62979752901603,6.153615443125835e-4,0.9425928517299232,122.31787560918949
13923,3,0.70912625,65.19920764348265,6.305392545867294e-4,0.9658416253041954,125.33480979122254
13924,4,0.709847625,27.94893691210228,2.702931904236123e-4,0.41402721947661036,53.72725863326312
13927,4,0.706919879,23.966258166608434,2.3177684370397357e-4,0.35502900382886604,46.07121033041364
13937,4,0.706939873,23.140290329753835,2.2378893766973558e-4,0.34279336252538806,44.48342229636402
13945,4,0.708157478,41.70722868729884,4.033491485229182e-4,0.6178384523097981,80.17532364849454
13952,7,0.709628052,40.567609311118545,3.9232792943236466e-4,0.6009564706063264,77.98459184498886
13970,3,0.709137888,65.2290621095819,6.30827976083212e-4,0.9662838804649876,125.39220011796438
13973,3,0.709037793,66.4286833799296,6.424294713916758e-4,0.9840547123413151,127.69827574640897
14157,7,0.709701832,34.07212709253533,3.2951034829422607e-4,0.5047343334074239,65.49808997183649
14159,3,0.70922727,62.7494651957818,6.068478811370834e-4,0.9295518709838364,120.62558072514263
14420,7,0.709848896,27.936705113606504,2.701748971285779e-4,0.41384602126015113,53.70374500183594
14679,7,0.709978809,19.945992781657615,1.928969979100023e-4,0.2954739909092691,38.3429078625628
13980,4,0.708182384,42.3942513395389,4.099933205410262e-4,0.6280158010697513,81.49601229722195
13981,4,0.707989788,41.7039908788612,4.033178357908689e-4,0.6177904883808353,80.16909949149418
13982,4,0.708200412,43.91033378764079,4.246553008206861e-4,0.6504745944921629,84.41043276533105
13997,4,0.708149699,42.545843227908406,4.11459360386427e-4,0.6302614381125563,81.78742290145163
14002,4,0.708190704,42.353447962339686,4.0959871250860204e-4,0.6274113520039363,81.41757448018487
14004,3,0.709794044,30.862019716490625,2.98465512241883e-4,0.45718075971319005,59.327183730368056
14005,7,0.709646904,38.70485338099846,3.7431328204466224e-4,0.5733621595691422,74.40374832514568
14016,3,0.708065473,42.96304839039722,4.1549413690708504e-4,0.6364417910154152,82.58943156956892
14030,4,0.70702308,23.152281235023814,2.2390490129481664e-4,0.3429709922214137,44.506472849975886
14152,3,0.707837974,41.93782788403399,4.055792652815874e-4,0.6212544800656321,80.61861287708224
14309,3,0.708173403,41.63450335410004,4.026458243715652e-4,0.6167611209041527,80.03552109363349
14347,4,0.70855134,38.79635466018534,3.751981877123463e-4,0.5747176322413028,74.57964456433392
15016,3,0.709330333,57.447043017348996,5.555683418798702e-4,0.8510033695531064,110.43254158882932
14032,4,0.708261834,45.24904760696415,4.3760195530085727e-4,0.6703059019237297,86.9838910629726
14033,3,0.70981084,30.696448359034633,2.968642774403486e-4,0.4547280349827984,59.00889988392785
14034,3,0.709798146,30.82272792329021,2.980855226853927e-4,0.45659870280211046,59.25165168626625
14035,4,0.709878555,22.127486329908493,2.1399414564408776e-4,0.32778998600163983,42.5364723062579
14041,4,0.708001472,41.657930785757316,4.0287239024296097e-4,0.6171081678927035,80.08055649815432
14045,4,0.709843204,27.99098616117427,2.7069984723930194e-4,0.4146501245169383,53.808091435145
14046,3,0.708203498,43.89655881940112,4.2452208358508274e-4,0.6502705362191565,84.38395264254123
14050,4,0.709839927,28.02165421398759,2.7099643690441376e-4,0.41510443190877194,53.86704574923794
14053,3,0.709651074,38.647636690912854,3.73759941437921e-4,0.5725145685792488,74.2937585993813
14055,3,0.709795906,30.844276382904635,2.982939170839423e-4,0.4569179152589643,59.29307507444355
14058,3,0.709671847,38.379480413491564,3.711666114667572e-4,0.5685421814263814,73.77827202769319
14061,3,0.708042153,42.25878057083245,4.08683187479509e-4,0.6260089774877209,81.23559190805192
14063,4,0.709884733,22.89560247688411,2.2142257001081316e-4,0.3391686296175869,44.01304993132938
14070,3,0.708097119,41.997857210917466,4.061598068003344e-4,0.6221437366185658,80.73400943692967
14074,4,0.709849379,27.932040132258162,2.701297822572726e-4,0.4137769156171481,53.69477733840711
14087,4,0.709881196,22.91385043154609,2.2159904534151372e-4,0.33943894937799846,44.04812863871405
14100,7,0.709661184,38.50767955412414,3.724064208677416e-4,0.5704412852778918,74.02471390156447
14105,7,0.709680483,0,0,0,0
13542,1,0.70776302,0,0,0,0
13543,1,0.705945841,0,0,0,0
13544,1,0.709258709,0,0,0,0
13545,2,0.709164802,0,0,0,0
13546,1,0.709660707,0,0,0,0
13547,2,0.705946127,0,0,0,0
13548,1,0.707497882,0,0,0,0
13549,1,0.707845234,0,0,0,0
13551,1,0.706558918,0,0,0,0
13555,1,0.707822599,0,0,0,0
13556,1,0.707710764,0,0,0,0
13562,2,0.707949658,0,0,0,0
13566,1,0.706969351,0,0,0,0
13567,1,0.707875031,0,0,0,0
13569,1,0.707920423,0,0,0,0
13571,1,0.709417796,0,0,0,0
13574,1,0.709434889,0,0,0,0
13575,2,0.70760562,0,0,0,0
13576,1,0.707427125,0,0,0,0
13578,1,0.709405963,0,0,0,0
13581,2,0.709364484,0,0,0,0
13582,1,0.709135394,0,0,0,0
13588,2,0.707830355,0,0,0,0
13589,1,0.707932995,0,0,0,0
13591,1,0.707772478,0,0,0,0
13592,1,0.709653581,0,0,0,0
13593,1,0.709780512,0,0,0,0
13597,2,0.708685695,0,0,0,0
13598,1,0.70872998,0,0,0,0
13599,2,0.707917568,0,0,0,0
13600,1,0.709204829,0,0,0,0
13601,1,0.705959614,0,0,0,0
13602,1,0.708059892,0,0,0,0
13603,2,0.709451218,0,0,0,0
13604,2,0.707549937,0,0,0,0
13606,2,0.709405676,0,0,0,0
13607,1,0.707436166,0,0,0,0
13608,2,0.709985615,0,0,0,0
13609,1,0.709434403,0,0,0,0
13610,1,0.707799806,0,0,0,0
13615,2,0.70740685699999994,0,0,0,0
13616,1,0.709617675,0,0,0,0
13617,2,0.707571161,0,0,0,0
13618,2,0.709137895,0,0,0,0
13619,1,0.707533813,0,0,0,0
13620,1,0.709453477,0,0,0,0
13622,1,0.70970247,0,0,0,0
13623,1,0.709237357,0,0,0,0
13624,2,0.709571885,0,0,0,0
13625,2,0.709143203,0,0,0,0
13626,1,0.707598113,0,0,0,0
13628,2,0.709850706,0,0,0,0
13636,1,0.707808871,0,0,0,0
13637,1,0.707757478,0,0,0,0
13640,1,0.709310115,0,0,0,0
13652,1,0.707168791,0,0,0,0
13653,1,0.707322114,0,0,0,0
13657,1,0.709291703,0,0,0,0
13658,2,0.70965622799999994,0,0,0,0
13659,1,0.705796333,0,0,0,0
13660,2,0.709055656,0,0,0,0
13661,2,0.707863297,0,0,0,0
13665,2,0.707556288,0,0,0,0
13666,1,0.707867844,0,0,0,0
13667,1,0.709738777,0,0,0,0
13668,1,0.709576214,0,0,0,0
13670,1,0.707931218,0,0,0,0
13671,2,0.709819965,0,0,0,0
13672,2,0.709245401,0,0,0,0
13673,1,0.709467939,0,0,0,0
13674,1,0.707633629,0,0,0,0
13679,2,0.710003309,0,0,0,0
13684,1,0.70948011,0,0,0,0
13685,2,0.706985217,0,0,0,0
13686,1,0.707259238,0,0,0,0
13687,1,0.708079329,0,0,0,0
13688,1,0.70727528,0,0,0,0
13691,2,0.707871778,0,0,0,0
13698,1,0.709805231,0,0,0,0
13699,1,0.708062603,0,0,0,0
13701,1,0.709428551,0,0,0,0
13728,1,0.70935118,0,0,0,0
13729,1,0.708991565,0,0,0,0
13730,1,0.708037226,0,0,0,0
13731,1,0.70753368,0,0,0,0
13732,1,0.707911351,0,0,0,0
13733,1,0.709776348,0,0,0,0
13735,1,0.709646698,0,0,0,0
13736,1,0.707861872,0,0,0,0
13737,1,0.709220748,0,0,0,0
13741,1,0.709184912,0,0,0,0
13743,1,0.709776821,0,0,0,0
13744,2,0.707988039,0,0,0,0
13745,1,0.707258378,0,0,0,0
13746,2,0.707953933,0,0,0,0
13747,1,0.707847462,0,0,0,0
13750,1,0.707923793,0,0,0,0
13751,2,0.709046337,0,0,0,0
13754,1,0.707925953,0,0,0,0
13755,2,0.709828092,0,0,0,0
13756,1,0.709729908,0,0,0,0
13757,1,0.709611048,0,0,0,0
13758,1,0.708439345,0,0,0,0
13760,1,0.706103116,0,0,0,0
13764,1,0.707883136,0,0,0,0
13765,1,0.706163792,0,0,0,0
13766,1,0.709644956,0,0,0,0
13767,1,0.70952095,0,0,0,0
13768,1,0.707773759,0,0,0,0
13774,1,0.709092109,0,0,0,0
13775,2,0.70982086,0,0,0,0
13776,1,0.709605768,0,0,0,0
13778,1,0.709357433,0,0,0,0
13779,2,0.709245441,0,0,0,0
13780,1,0.707809258,0,0,0,0
13781,1,0.709235835,0,0,0,0
13783,1,0.706848915,0,0,0,0
13784,2,0.706727144,0,0,0,0
13786,1,0.707857903,0,0,0,0
13787,2,0.710021703,0,0,0,0
13788,1,0.707248169,0,0,0,0
13789,1,0.70738947,0,0,0,0
13790,1,0.707350552,0,0,0,0
13792,1,0.709543403,0,0,0,0
13793,1,0.709541763,0,0,0,0
13794,1,0.708800661,0,0,0,0
13795,1,0.707911351,0,0,0,0
13797,1,0.709459332,0,0,0,0
13798,1,0.708131577,0,0,0,0
13806,1,0.70965751,0,0,0,0
13807,1,0.709551546,0,0,0,0
13812,1,0.707860068,0,0,0,0
13813,2,0.70924505,0,0,0,0
13814,1,0.707910629,0,0,0,0
13823,1,0.709555435,0,0,0,0
13824,2,0.709236092,0,0,0,0
13825,1,0.707747332,0,0,0,0
13826,1,0.709632958,0,0,0,0
13827,1,0.708077988,0,0,0,0
13831,2,0.707228542,0,0,0,0
13832,1,0.708146396,0,0,0,0
13833,2,0.707938689,0,0,0,0
13835,2,0.709736117,0,0,0,0
13837,1,0.709060464,0,0,0,0
13839,2,0.708035221,0,0,0,0
13841,2,0.709348353,0,0,0,0
13848,1,0.707831005,0,0,0,0
13849,1,0.709236952,0,0,0,0
13850,2,0.709134668,0,0,0,0
13852,1,0.709396015,0,0,0,0
13854,1,0.707939684,0,0,0,0
13856,1,0.709608905,0,0,0,0
13860,1,0.707973693,0,0,0,0
13864,1,0.708041962,0,0,0,0
13865,1,0.70931365,0,0,0,0
13867,2,0.70943028,0,0,0,0
13868,1,0.709140531,0,0,0,0
13879,1,0.709506354,0,0,0,0
13880,1,0.707827119,0,0,0,0
13881,2,0.706954036,0,0,0,0
13883,1,0.708894427,0,0,0,0
13885,1,0.709204165,0,0,0,0
13886,1,0.708094932,0,0,0,0
13888,2,0.706987975,0,0,0,0
13889,2,0.707238998,0,0,0,0
13891,1,0.707758725,0,0,0,0
13892,1,0.707877312,0,0,0,0
13893,1,0.709541977,0,0,0,0
13894,2,0.707826271,0,0,0,0
13895,1,0.709609821,0,0,0,0
13896,1,0.709544304,0,0,0,0
13897,2,0.708998192,0,0,0,0
13898,1,0.708685138,0,0,0,0
13998,2,0.708025155,0,0,0,0
13920,2,0.708002306,0,0,0,0
14084,2,0.709310463,0,0,0,0
14085,1,0.709191437,0,0,0,0
14135,1,0.708122438,0,0,0,0
15019,1,0.708200725,0,0,0,0
15020,1,0.709510891,0,0,0,0
14236,1,0.708028802,0,0,0,0
14237,2,0.707341136,0,0,0,0
14238,1,0.709766107,0,0,0,0
14371,2,0.709752628,0,0,0,0
14372,1,0.707974777,0,0,0,0
14373,1,0.708296633,0,0,0,0
13999,1,0.709580198,0,0,0,0
14000,1,0.70942895,0,0,0,0
14349,1,0.708344897,0,0,0,0
14350,1,0.709719288,0,0,0,0
14352,1,0.709387301,0,0,0,0
14438,1,0.708205403,0,0,0,0
14259,2,0.708154789,0,0,0,0
14260,1,0.7096817,0,0,0,0
14261,2,0.707973986,0,0,0,0
14442,2,0.709705225,0,0,0,0
14443,2,0.708241601,0,0,0,0
14444,2,0.708257656,0,0,0,0
14545,1,0.708277929,0,0,0,0
13907,1,0.707935249,0,0,0,0
13921,2,0.709745474,0,0,0,0
13922,2,0.709585172,0,0,0,0
14019,1,0.709314457,0,0,0,0
14020,1,0.709807993,0,0,0,0
14021,2,0.708062384,0,0,0,0
14022,1,0.708017712,0,0,0,0
14027,1,0.707430115,0,0,0,0
14028,1,0.707800785,0,0,0,0
14433,1,0.709714716,0,0,0,0
14435,2,0.7087579,0,0,0,0
14440,2,0.709234315,0,0,0,0
14441,1,0.708825377,0,0,0,0
14445,1,0.708053542,0,0,0,0
14578,1,0.708174641,0,0,0,0
14580,1,0.709765115,0,0,0,0
14581,1,0.709716938,0,0,0,0
14582,2,0.707741804,0,0,0,0
14583,1,0.7091751,0,0,0,0
14715,1,0.708316812,0,0,0,0
14718,1,0.709369972,0,0,0,0
14720,1,0.708288219,0,0,0,0
14724,1,0.709711007,0,0,0,0
14725,1,0.709454571,0,0,0,0
14786,1,0.709557838,0,0,0,0
14787,2,0.709699004,0,0,0,0
14788,2,0.709527118,0,0,0,0
14790,1,0.709355366,0,0,0,0
14791,2,0.709420993,0,0,0,0
14792,1,0.709475551,0,0,0,0
14793,1,0.708381084,0,0,0,0
15140,1,0.708191565,0,0,0,0
15141,1,0.709428614,0,0,0,0
15142,2,0.707313366,0,0,0,0
15144,1,0.708142412,0,0,0,0
15145,1,0.709583524,0,0,0,0
15146,1,0.708916338,0,0,0,0
15153,1,0.709430865,0,0,0,0
15452,2,0.708257292,0,0,0,0
15453,1,0.710223966,0,0,0,0
15455,2,0.708066892,0,0,0,0
15456,1,0.705858473,0,0,0,0
15528,2,0.709198879,0,0,0,0
13925,1,0.709741911,0,0,0,0
13926,2,0.709500592,0,0,0,0
13928,1,0.70978622,0,0,0,0
13929,2,0.707993136,0,0,0,0
13930,1,0.709570337,0,0,0,0
13931,1,0.708757329,0,0,0,0
13932,1,0.709772949,0,0,0,0
13933,2,0.707295428,0,0,0,0
13934,1,0.709735386,0,0,0,0
13935,1,0.70791111,0,0,0,0
13936,1,0.707409677,0,0,0,0
13938,2,0.709577123,0,0,0,0
13946,2,0.708020446,0,0,0,0
13947,1,0.709039777,0,0,0,0
13948,1,0.7078969,0,0,0,0
13949,1,0.708204128,0,0,0,0
13950,2,0.709720812,0,0,0,0
13951,1,0.708052638,0,0,0,0
13953,1,0.706119562,0,0,0,0
13954,1,0.709419006,0,0,0,0
13955,1,0.70898149,0,0,0,0
13956,1,0.707383222,0,0,0,0
13957,2,0.708195708,0,0,0,0
13958,1,0.707981007,0,0,0,0
13959,1,0.707938453,0,0,0,0
13960,2,0.709769644,0,0,0,0
13961,1,0.709746951,0,0,0,0
13962,1,0.707881094,0,0,0,0
13969,2,0.709190625,0,0,0,0
13971,1,0.707423299,0,0,0,0
13972,1,0.707939923,0,0,0,0
13974,1,0.707894657,0,0,0,0
13975,1,0.709579271,0,0,0,0
13976,1,0.709674757,0,0,0,0
14158,1,0.709770543,0,0,0,0
14418,1,0.70917251,0,0,0,0
14419,2,0.709331854,0,0,0,0
15437,2,0.708224133,0,0,0,0
14680,1,0.709635319,0,0,0,0
14681,1,0.709371498,0,0,0,0
14721,2,0.709421543,0,0,0,0
14722,2,0.709736674,0,0,0,0
14723,2,0.709717096,0,0,0,0
13977,1,0.709709753,0,0,0,0
13978,2,0.709461892,0,0,0,0
13979,1,0.707911022,0,0,0,0
13983,2,0.709460457,0,0,0,0
13984,1,0.707990094,0,0,0,0
13985,1,0.709335679,0,0,0,0
13986,2,0.709615939,0,0,0,0
13993,2,0.707115476,0,0,0,0
13994,2,0.707151682,0,0,0,0
13995,2,0.709760797,0,0,0,0
13996,1,0.708090956,0,0,0,0
14001,1,0.70805061,0,0,0,0
14003,2,0.70820881,0,0,0,0
14006,2,0.708022794,0,0,0,0
14007,2,0.709758799,0,0,0,0
14008,2,0.708028229,0,0,0,0
14009,2,0.709568071,0,0,0,0
14010,1,0.707358914,0,0,0,0
14011,1,0.708860622,0,0,0,0
14012,2,0.708192632,0,0,0,0
14013,2,0.70801061,0,0,0,0
14014,1,0.707490989,0,0,0,0
14015,1,0.706142388,0,0,0,0
14017,2,0.707999698,0,0,0,0
14018,1,0.709731866,0,0,0,0
14031,1,0.709451478,0,0,0,0
14153,1,0.70965961,0,0,0,0
14154,1,0.708181398,0,0,0,0
14308,1,0.708061374,0,0,0,0
14310,2,0.708025911,0,0,0,0
14348,2,0.708853357,0,0,0,0
14439,2,0.709754052,0,0,0,0
15017,2,0.709567956,0,0,0,0
15018,2,0.70841624,0,0,0,0
15172,1,0.707438183,0,0,0,0
15173,1,0.709803447,0,0,0,0
15174,1,0.708266382,0,0,0,0
14036,1,0.709196555,0,0,0,0
14037,1,0.70967861,0,0,0,0
14038,2,0.708316346,0,0,0,0
14039,1,0.706205059,0,0,0,0
14040,1,0.708220466,0,0,0,0
14042,2,0.708333004,0,0,0,0
14043,1,0.70810093,0,0,0,0
14044,2,0.707211216,0,0,0,0
14047,2,0.70961894700000006,0,0,0,0
14048,2,0.707235919,0,0,0,0
14049,1,0.707986482,0,0,0,0
14051,1,0.709580129,0,0,0,0
14052,1,0.709281068,0,0,0,0
14054,1,0.709733059,0,0,0,0
14056,1,0.709734097,0,0,0,0
14057,1,0.709458761,0,0,0,0
14059,2,0.708200074,0,0,0,0
14060,1,0.708202806,0,0,0,0
14062,1,0.707527541,0,0,0,0
14064,2,0.708374962,0,0,0,0
14065,1,0.709749279,0,0,0,0
14066,2,0.707915445,0,0,0,0
14067,1,0.709246694,0,0,0,0
14068,2,0.709637588,0,0,0,0
14069,1,0.709700996,0,0,0,0
14071,1,0.70784803,0,0,0,0
14072,2,0.707314082,0,0,0,0
14073,1,0.709615922,0,0,0,0
14075,1,0.707885467,0,0,0,0
14082,2,0.709780581,0,0,0,0
14086,1,0.707986513,0,0,0,0
14088,1,0.707421622,0,0,0,0
14092,2,0.708862058,0,0,0,0
14093,2,0.709793475,0,0,0,0
14094,2,0.709758439,0,0,0,0
14095,2,0.709748042,0,0,0,0
14096,1,0.707827931,0,0,0,0
14097,1,0.708519355,0,0,0,0
14098,1,0.70968054,0,0,0,0
14099,2,0.708930698,0,0,0,0
14101,1,0.709726272,0,0,0,0
14102,1,0.706457347,0,0,0,0
14103,2,0.709367919,0,0,0,0
14104,2,0.707920426,0,0,0,0
14109,3,0.708045121,43.04465627443084,4.1628336389659595e-4,0.6376507058811245,82.74630937518197
14111,3,0.708911667,61.6329645501864,5.960502424806617e-4,0.9130123632632567,118.47929089885106
14113,3,0.709539534,53.25388359450433,5.150164438982068e-4,0.788887155898097,102.37187861942216
14120,3,0.708131702,42.63313975443278,4.1230360203831453e-4,0.6315546228322657,81.95523619156393
14133,3,0.709708058,34.01655950211156,3.289729560725817e-4,0.503911171688303,65.39127037037136
14773,3,0.70980168,30.788281565718073,2.9775239316723155e-4,0.45608842472994116,59.185434199423284
14904,3,0.708375525,41.14470756120479,3.979090264055433e-4,0.6095054320426578,79.09396881473546
15372,4,0.709317781,57.53798494155586,5.564478380451248e-4,0.8523505561073441,110.60736255958163
14141,4,0.708018411,40.78660524072952,3.9444583140089013e-4,0.6042006110220667,78.40557569088054
14150,3,0.707856798,41.97098698346435,4.058999457713245e-4,0.6217456890794374,80.68235582074927
14163,3,0.708180767,42.40167506965867,4.1006511517512013e-4,0.6281257739946358,81.51028320381933
14171,3,0.708214082,43.852157502934546,4.240926800079627e-4,0.6496127883536269,84.29859837590277
14175,3,0.708208354,43.0757721539085,4.1658428447770084e-4,0.6381116472436608,82.8061245627705
14183,4,0.70840877,40.343537712118774,3.9016094084287227e-4,0.597637140737383,77.55385085510109
14188,4,0.709474012,56.70197114445826,5.483627778810718e-4,0.8399660969436569,109.00026281053216
14189,3,0.70900582,64.6794699363344,6.255128894161915e-4,0.9581423858510283,124.33569908081404
14192,3,0.709258744,61.04511288494264,5.903651496059569e-4,0.9043041039405139,117.34924224777447
14193,4,0.708053472,42.21126059793371,4.082236234852133e-4,0.6253050307755169,81.14424253464979
14195,3,0.709260702,61.037392180041806,5.90290482939152e-4,0.9041897317197548,117.334400455747
14199,4,0.707109268,24.778874492974737,2.3963562774769706e-4,0.36706685983622833,47.633332269920736
14203,4,0.707120563,24.782829083407258,2.3967387245332525e-4,0.36712544195998115,47.64093432303727
14205,4,0.70713015,25.584758236417745,2.474293012176677e-4,0.3790049813672348,49.18251192024068
14226,4,0.708475727,37.08557885528288,3.586533347950113e-4,0.5493747094718533,71.29095797054357
14227,3,0.708008115,40.83174474699946,3.948823739857555e-4,0.6048692942112794,78.49234900664456
14228,3,0.709046565,64.86009699433082,6.272597273705732e-4,0.9608181412409269,124.68292504835831
14229,7,0.7097464,30.49388796931759,2.94905323002752e-4,0.4517273657553999,58.61951067454903
14233,4,0.709473489,56.709470338370636,5.48435302322862e-4,0.8400771877666681,109.01467878392457
14235,4,0.707265775,25.820871828072253,2.497127474965507e-4,0.3825026977254918,49.636401670879366
14251,4,0.708507381,37.10840622041504,3.5887409744405014e-4,0.5497128672537885,71.33483984534362
14258,3,0.708010638,40.8213200447005,3.947815570547765e-4,0.604714865779161,78.47230922200615
14267,4,0.709460438,57.69484824445539,5.579648575559005e-4,0.85467428231352,110.90890659581657
14273,3,0.707159978,26.400464976626306,2.5531797254546855e-4,0.3910886178439639,50.75057467475297
14277,4,0.708057381,42.995127800577336,4.158043757598815e-4,0.6369170058345367,82.65109898729469
14280,4,0.709466414,57.610270463996585,5.571469088020336e-4,0.8534213722875327,110.74631965021544
14283,3,0.708004467,40.846085955190276,3.9502106730810317e-4,0.6050817405941187,78.5199176331009
14284,3,0.709752962,30.43995162522935,2.943837065073109e-4,0.4509283688331979,58.51582687728421
14288,3,0.709762972,30.35391627218833,2.9355166162002897e-4,0.44965386676149877,58.35043798685964
14290,4,0.708265907,45.232243891625544,4.3743944715809226e-4,0.6700569766941082,86.95158866940262
14293,4,0.708068141,42.95152366548526,4.1538268169592606e-4,0.6362710671762388,82.567277171426
14299,7,0.70978703,30.128810298235447,2.9137466962657707e-4,0.4463192139703606,57.91770858035323
14312,3,0.708194297,43.13689456082659,4.171753971351954e-4,0.6390170963583659,82.92362239015132
14316,4,0.708074872,42.92036358415848,4.150813336402858e-4,0.6358094710206869,82.50737701301416
14317,4,0.709470823,56.74733132314024,5.488014545811085e-4,0.8406380491081961,109.08746033290525
14318,3,0.708238031,42.95319326619763,4.15398828345965e-4,0.6362958001434623,82.57048670564085
14321,4,0.707309535,30.818540218876223,2.9804502354261077e-4,0.4565366673973305,59.243601509658916
14324,7,0.709815335,30.650046603985135,2.9641552769172567e-4,0.4540406532164579,58.91970010139508
14328,3,0.708225306,43.00685043307323,4.1591774492835633e-4,0.6370906614176627,82.67363383038911
14334,3,0.709775291,30.24185980452815,2.924679674442281e-4,0.4479938956550619,58.135027760759
14340,4,0.709476593,56.66461810486904,5.480015379428823e-4,0.839412760150606,108.92845770305848
14345,4,0.708085506,42.86506512528567,4.145465441804488e-4,0.6349902961361302,82.40107477292453
14346,3,0.709805695,30.748481033770194,2.973674836161248e-4,0.4554988315147182,59.10892418831159
14364,3,0.707298934,27.546990872901645,2.6640598435007367e-4,0.4080729106772008,52.954583133201545
14384,4,0.707358086,30.369712743068312,2.9370442873689683e-4,0.44988787097198274,58.38080411774793
14387,4,0.70948682,55.71189206986838,5.387877578120015e-4,0.825299360688049,107.09699777132279
14388,3,0.707324797,30.933745418047483,2.9915916899062256e-4,0.45824328287369487,59.46506465694201
14390,3,0.707351472,31.921824551885095,3.0871484770269274e-4,0.47288039260320675,61.364485137255045
14394,4,0.709500976,55.494733666603075,5.366876264964358e-4,0.8220824408398031,106.67954626920252
14399,4,0.708092197,42.82647261785631,4.141733173921694e-4,0.634418598235997,82.32688699131108
14402,3,0.709756798,30.407516278252388,2.9407002540221295e-4,0.45044788127247726,58.45347522929948
14408,4,0.708576206,38.059525757875335,3.680723411934592e-4,0.5638024685407002,73.16321154838866
14431,4,0.707393191,31.429970943846286,3.039581486784587e-4,0.46559421988163646,60.41897704541195
14447,7,0.709897187,22.828016447891624,2.207689478905195e-4,0.3381674303323609,43.88312684799013
14451,4,0.708106123,41.955836556697925,4.057534265244617e-4,0.6215212551738575,80.65323160397335
14463,7,0.70991259,22.737304039208304,2.1989167136185814e-4,0.3368236437526675,43.70874708328199
14465,3,0.709034434,66.41554575542571,6.423024178850286e-4,0.9838600954884102,127.67302081267869
14466,3,0.708098813,41.98885716560072,4.060727676771552e-4,0.6220104126302733,80.71670832225884
14468,3,0.709046202,64.85854232326274,6.272446922011007e-4,0.9607951108071919,124.67993644758158
14469,4,0.709508246,54.57772176482897,5.278192364976871e-4,0.8084980999000199,104.91674091559126
14475,3,0.708073846,42.92530597971524,4.151291313746888e-4,0.6358826861950727,82.5168779598724
15470,3,0.709356523,57.233320818426,5.535014419762022e-4,0.8478373526116105,110.02169562737762
15574,3,0.709845035,27.973664930711717,2.7053233422589076e-4,0.4143935329725487,53.77479420341721
16888,4,0.711662125,0.8743375364405354,8.455687705577832e-6,0.012952175613511564,1.680770867988528
15631,3,0.709791746,30.88370600132944,2.986752395433526e-4,0.45750201387183054,59.36887206499036
14482,3,0.709813115,30.67307316776436,2.966382167839067e-4,0.4543817618677672,58.96396490300427
14501,4,0.707426759,33.25863541548686,3.216430987647001e-4,0.49268351021600937,63.9342853138545
14508,3,0.708496752,37.09909096522548,3.58784009937226e-4,0.5495748738404084,71.31693279126216
14929,3,0.708491483,37.0956346525853,3.587505840586835e-4,0.5495236730553282,71.31028859568075
14930,3,0.709444238,57.908311331985644,5.600292516023603e-4,0.8578364608560881,111.31925445800758
14931,3,0.708408626,40.34355254117665,3.901610842541718e-4,0.5976373604106257,77.55387936153875
14629,3,0.708113484,41.91912130941713,4.053983546533588e-4,0.6209773664459295,80.58265254786674
14630,4,0.709736823,31.370506950845094,3.0338307448389573e-4,0.4647133380163016,60.304667247461886
14633,3,0.709904876,22.783712917311032,2.2034048999727948e-4,0.337511131037795,43.79796055871923
14634,3,0.708081084,42.888961667066475,4.1477764679942637e-4,0.6353442923822032,82.44701196490918
14781,3,0.709028271,66.388437590171307,6.420402557678723e-4,0.9834585232096258,127.62090980000306
14514,3,0.708074415,42.92257357535049,4.15102706387735e-4,0.6358422091713783,82.51162535951563
14516,3,0.708531067,37.146615062301706,3.592436138162978e-4,0.5502788816469482,71.40829009272078
14524,3,0.709817226,30.630264295475868,2.962242136786836e-4,0.45374760399556346,58.88167184976666
14525,3,0.709064375,65.74648861317871,6.35831989685116e-4,0.9739488824377434,126.38686791766925
14541,3,0.709861854,24.630213645682847,2.3819793389794628e-4,0.364864642362166,47.34755611263037
14550,7,0.709918383,21.904548747397833,2.1183812408836122e-4,0.32448745511490124,42.10791127753991
14558,3,0.7094102,57.48329060463714,5.559188910275563e-4,0.8515403305053187,110.50222164511148
14563,4,0.709529492,53.426895618725176,5.166896371275368e-4,0.7914501044477844,102.70446593038899
14589,3,0.708103587,41.96768098762086,4.058679736012604e-4,0.621696715042572,80.67600058461693
14593,3,0.709903667,22.79080874748212,2.2040911352244895e-4,0.33761624655059086,43.81160113131127
14595,4,0.709740333,30.54200800494118,2.953706901826524e-4,0.4524402016179233,58.712013570366544
14597,4,0.70974887,30.473815772403377,2.947112054890943e-4,0.45143002221409406,58.580925159889226
14599,3,0.70903804,66.42960382085754,6.424383729436666e-4,0.9840683474788263,127.70004514350438
14944,3,0.708166785,41.664811914970464,4.0293893740268253e-4,0.6172101028895134,80.09378434328082
14945,3,0.708181687,42.397471536557376,4.1002446295365733e-4,0.6280635041084007,81.50220259915028
15201,3,0.709487426,55.70294063105809,5.387011887606446e-4,0.8251667567420531,107.07979009470837
15232,3,0.70827281,44.40430648277479,4.2943249346203143e-4,0.657792158738234,85.36001445542183
14106,1,0.709615332,0,0,0,0
14107,1,0.709268378,0,0,0,0
14108,1,0.707882678,0,0,0,0
14110,1,0.708107708,0,0,0,0
14112,1,0.70757139,0,0,0,0
14114,1,0.708365114,0,0,0,0
14115,2,0.709755291,0,0,0,0
14116,1,0.709673828,0,0,0,0
14117,1,0.709702318,0,0,0,0
14118,1,0.709742125,0,0,0,0
14119,1,0.708030838,0,0,0,0
14121,1,0.706208186,0,0,0,0
14122,1,0.709185296,0,0,0,0
14123,1,0.708030268,0,0,0,0
14124,1,0.709188675,0,0,0,0
14131,1,0.707987156,0,0,0,0
14132,1,0.709743541,0,0,0,0
14506,1,0.708272246,0,0,0,0
14507,1,0.709655185,0,0,0,0
14772,2,0.709567334,0,0,0,0
14774,1,0.708084201,0,0,0,0
14908,1,0.70888922,0,0,0,0
14909,1,0.709626172,0,0,0,0
14961,2,0.708364703,0,0,0,0
14962,1,0.709518799,0,0,0,0
14963,2,0.709626445,0,0,0,0
15147,2,0.709581376,0,0,0,0
15148,1,0.70957796,0,0,0,0
15149,1,0.709596423,0,0,0,0
15406,1,0.709359991,0,0,0,0
15407,2,0.709404195,0,0,0,0
14136,2,0.709429614,0,0,0,0
14137,2,0.70942682,0,0,0,0
14138,2,0.709405255,0,0,0,0
14139,1,0.709204656,0,0,0,0
14140,1,0.708113633,0,0,0,0
14142,2,0.706257252,0,0,0,0
14146,2,0.709267326,0,0,0,0
14147,1,0.709409792,0,0,0,0
14148,1,0.709243769,0,0,0,0
14149,1,0.709586125,0,0,0,0
14151,2,0.709233443,0,0,0,0
14215,1,0.709748768,0,0,0,0
14216,1,0.708093075,0,0,0,0
14217,1,0.709759222,0,0,0,0
14218,1,0.706251208,0,0,0,0
14219,2,0.709091097,0,0,0,0
14220,1,0.708003734,0,0,0,0
14296,1,0.707976387,0,0,0,0
14297,1,0.709079234,0,0,0,0
14298,1,0.709330924,0,0,0,0
14341,2,0.709712839,0,0,0,0
14342,1,0.708596213,0,0,0,0
14343,1,0.706439585,0,0,0,0
15052,1,0.708399226,0,0,0,0
15053,2,0.708186774,0,0,0,0
15054,1,0.709692201,0,0,0,0
14155,1,0.709755886,0,0,0,0
14156,2,0.709023643,0,0,0,0
14160,2,0.709660047,0,0,0,0
14161,1,0.706210231,0,0,0,0
14162,2,0.708425105,0,0,0,0
14164,1,0.709599398,0,0,0,0
14165,1,0.70940312,0,0,0,0
14166,1,0.709231216,0,0,0,0
14167,1,0.708227112,0,0,0,0
14168,2,0.708100893,0,0,0,0
14169,1,0.707992648,0,0,0,0
14170,2,0.709793312,0,0,0,0
14172,1,0.707980542,0,0,0,0
14173,2,0.709793241,0,0,0,0
14174,1,0.709722511,0,0,0,0
14176,2,0.709221372,0,0,0,0
14177,1,0.707903149,0,0,0,0
14178,1,0.709790803,0,0,0,0
14179,1,0.708081461,0,0,0,0
14180,1,0.708121677,0,0,0,0
14181,2,0.706284912,0,0,0,0
14182,1,0.709523109,0,0,0,0
14184,1,0.709752405,0,0,0,0
14185,1,0.709364862,0,0,0,0
14186,1,0.709000625,0,0,0,0
14187,1,0.709365395,0,0,0,0
14190,1,0.709595426,0,0,0,0
14191,2,0.709801001,0,0,0,0
14194,1,0.70920584,0,0,0,0
14196,1,0.70922292,0,0,0,0
14197,1,0.709746659,0,0,0,0
14198,2,0.709210815,0,0,0,0
14200,2,0.709772725,0,0,0,0
14201,2,0.709261398,0,0,0,0
14202,2,0.709799642,0,0,0,0
14204,1,0.709338864,0,0,0,0
14206,1,0.708394837,0,0,0,0
14207,2,0.708114599,0,0,0,0
14208,1,0.70927494,0,0,0,0
14209,2,0.709713217,0,0,0,0
14210,1,0.707914665,0,0,0,0
14211,1,0.709683007,0,0,0,0
14212,1,0.709418079,0,0,0,0
14213,2,0.708447675,0,0,0,0
14214,1,0.707917725,0,0,0,0
14221,1,0.709356681,0,0,0,0
14222,2,0.706318356,0,0,0,0
14223,1,0.708237412,0,0,0,0
14224,1,0.709713127,0,0,0,0
14225,1,0.708931964,0,0,0,0
14230,1,0.708387769,0,0,0,0
14231,1,0.70813109,0,0,0,0
14232,1,0.709600177,0,0,0,0
14234,2,0.709031861,0,0,0,0
14239,1,0.707934934,0,0,0,0
14240,1,0.708096561,0,0,0,0
14241,2,0.708129503,0,0,0,0
14242,2,0.709776551,0,0,0,0
14243,1,0.708398034,0,0,0,0
14244,1,0.7092484,0,0,0,0
14245,1,0.7097479,0,0,0,0
14246,1,0.707916812,0,0,0,0
14247,1,0.709361259,0,0,0,0
14248,1,0.708228651,0,0,0,0
14249,1,0.709724139,0,0,0,0
14250,1,0.709222068,0,0,0,0
14252,1,0.708512139,0,0,0,0
14253,1,0.709353699,0,0,0,0
14254,1,0.708899372,0,0,0,0
14255,2,0.709432525,0,0,0,0
14256,1,0.708137504,0,0,0,0
14257,1,0.706287409,0,0,0,0
14262,1,0.708295113,0,0,0,0
14263,2,0.709718519,0,0,0,0
14264,2,0.708738403,0,0,0,0
14265,1,0.709373617,0,0,0,0
14266,1,0.709449104,0,0,0,0
14268,1,0.709309741,0,0,0,0
14269,1,0.709738991,0,0,0,0
14270,2,0.709466474,0,0,0,0
14271,2,0.708122307,0,0,0,0
14272,1,0.709765051,0,0,0,0
14274,1,0.709706096,0,0,0,0
14275,1,0.708133167,0,0,0,0
14276,2,0.709759085,0,0,0,0
14278,1,0.709055713,0,0,0,0
14279,2,0.709588843,0,0,0,0
14281,1,0.709216628,0,0,0,0
14282,1,0.706298121,0,0,0,0
14285,1,0.709752136,0,0,0,0
14286,1,0.709799316,0,0,0,0
14287,1,0.709642955,0,0,0,0
14289,1,0.709246037,0,0,0,0
14291,2,0.707951827,0,0,0,0
14292,2,0.708133898,0,0,0,0
14294,2,0.709239282,0,0,0,0
14295,1,0.709767562,0,0,0,0
14300,1,0.708779936,0,0,0,0
14301,1,0.709375753,0,0,0,0
14302,1,0.708320714,0,0,0,0
14303,2,0.709281573,0,0,0,0
14304,1,0.709680836,0,0,0,0
14305,1,0.70853701,0,0,0,0
14306,1,0.709721464,0,0,0,0
14307,2,0.709692695,0,0,0,0
14311,1,0.709273284,0,0,0,0
14313,2,0.706367522,0,0,0,0
14314,1,0.709356832,0,0,0,0
14315,1,0.708150852,0,0,0,0
14319,1,0.709685179,0,0,0,0
14320,1,0.709614827,0,0,0,0
14322,2,0.709698614,0,0,0,0
14323,2,0.709679186,0,0,0,0
14325,2,0.709135927,0,0,0,0
14326,1,0.708251242,0,0,0,0
14327,1,0.709652892,0,0,0,0
14329,1,0.709735182,0,0,0,0
14330,1,0.708411872,0,0,0,0
14331,2,0.7082199,0,0,0,0
14332,1,0.70970236,0,0,0,0
14333,2,0.707934606,0,0,0,0
14335,1,0.709368427,0,0,0,0
14336,1,0.709255327,0,0,0,0
14337,1,0.706290141,0,0,0,0
14338,2,0.708149381,0,0,0,0
14339,1,0.707987723,0,0,0,0
14344,2,0.709786111,0,0,0,0
14353,1,0.708453497,0,0,0,0
14354,1,0.707917358,0,0,0,0
14355,1,0.70969021,0,0,0,0
14356,1,0.708907153,0,0,0,0
14357,2,0.708829598,0,0,0,0
14358,1,0.709745693,0,0,0,0
14359,2,0.709740655,0,0,0,0
14360,1,0.708027303,0,0,0,0
14361,1,0.70968915,0,0,0,0
14362,1,0.70968686,0,0,0,0
14363,2,0.708350008,0,0,0,0
14365,1,0.707589052,0,0,0,0
14366,1,0.707913588,0,0,0,0
14367,1,0.707739991,0,0,0,0
14368,1,0.70795535,0,0,0,0
14369,2,0.709108399,0,0,0,0
14370,1,0.709392183,0,0,0,0
14374,2,0.707980914,0,0,0,0
14375,1,0.709452715,0,0,0,0
14376,1,0.708220717,0,0,0,0
14377,2,0.709327413,0,0,0,0
14378,1,0.70826483,0,0,0,0
14379,2,0.70928626,0,0,0,0
14380,1,0.70637988,0,0,0,0
14381,1,0.709749566,0,0,0,0
14382,1,0.708089518,0,0,0,0
14383,1,0.709619723,0,0,0,0
14385,2,0.709731133,0,0,0,0
14386,2,0.709732658,0,0,0,0
14389,2,0.709069465,0,0,0,0
14391,1,0.70896289,0,0,0,0
14392,2,0.70798464,0,0,0,0
14393,1,0.70841029,0,0,0,0
14395,1,0.709269191,0,0,0,0
14396,2,0.70798623,0,0,0,0
14397,1,0.707972428,0,0,0,0
14398,1,0.708004247,0,0,0,0
14400,2,0.708171998,0,0,0,0
14401,1,0.709686479,0,0,0,0
14403,1,0.709725899,0,0,0,0
14404,1,0.708409107,0,0,0,0
14405,1,0.709749196,0,0,0,0
14406,1,0.7097087,0,0,0,0
14407,2,0.708970756,0,0,0,0
14409,1,0.70842353,0,0,0,0
14410,1,0.709274061,0,0,0,0
14411,2,0.70835741,0,0,0,0
14412,1,0.707959561,0,0,0,0
14413,2,0.708000517,0,0,0,0
14414,1,0.708295056,0,0,0,0
14421,2,0.709236866,0,0,0,0
14422,1,0.708021269,0,0,0,0
14423,2,0.708491556,0,0,0,0
14424,1,0.709772813,0,0,0,0
14425,1,0.709693722,0,0,0,0
14426,1,0.709282844,0,0,0,0
14427,1,0.707990064,0,0,0,0
14428,2,0.709748437,0,0,0,0
14429,2,0.708866856,0,0,0,0
14430,2,0.708726035,0,0,0,0
14446,1,0.709361864,0,0,0,0
14448,1,0.706437685,0,0,0,0
14449,1,0.709642748,0,0,0,0
14450,2,0.707705855,0,0,0,0
14452,2,0.708216818,0,0,0,0
14453,2,0.708161572,0,0,0,0
14454,2,0.70975672,0,0,0,0
14455,1,0.708029701,0,0,0,0
14456,1,0.709304638,0,0,0,0
14457,2,0.708075722,0,0,0,0
14458,1,0.708520609,0,0,0,0
14459,2,0.70807761,0,0,0,0
14464,1,0.709499449,0,0,0,0
14467,1,0.707961438,0,0,0,0
14470,1,0.709748843,0,0,0,0
14471,1,0.709696019,0,0,0,0
14638,2,0.708299814,0,0,0,0
14639,1,0.709697471,0,0,0,0
14640,2,0.709522862,0,0,0,0
16878,1,0.71169259,0,0,0,0
16879,2,0.711398747,0,0,0,0
16880,1,0.711546917,0,0,0,0
15457,2,0.70819424,0,0,0,0
15458,1,0.709818192,0,0,0,0
15459,2,0.708061503,0,0,0,0
15469,1,0.708089904,0,0,0,0
16871,2,0.710982565,0,0,0,0
15573,1,0.70710885,0,0,0,0
15575,1,0.708097789,0,0,0,0
16887,2,0.710702692,0,0,0,0
16889,1,0.711358036,0,0,0,0
15630,1,0.710594884,0,0,0,0
15632,1,0.709207865,0,0,0,0
14476,1,0.707064221,0,0,0,0
14477,2,0.707881638,0,0,0,0
14478,1,0.70882565,0,0,0,0
14479,1,0.708181183,0,0,0,0
14480,1,0.708257849,0,0,0,0
14481,1,0.708076158,0,0,0,0
14483,2,0.707993679,0,0,0,0
14484,1,0.709678638,0,0,0,0
14485,1,0.7079503,0,0,0,0
14486,1,0.708131251,0,0,0,0
14487,2,0.708083139,0,0,0,0
14488,1,0.707981789,0,0,0,0
14489,1,0.709358825,0,0,0,0
14490,2,0.708145876,0,0,0,0
14491,1,0.709562852,0,0,0,0
14492,1,0.709739956,0,0,0,0
14493,2,0.708454077,0,0,0,0
14494,1,0.708714326,0,0,0,0
14495,1,0.708315494,0,0,0,0
14496,1,0.709703421,0,0,0,0
14497,1,0.708345961,0,0,0,0
14498,2,0.709186394,0,0,0,0
14499,1,0.709699347,0,0,0,0
14500,1,0.706764717,0,0,0,0
14502,1,0.709382029,0,0,0,0
14503,2,0.708802956,0,0,0,0
14504,2,0.708064346,0,0,0,0
14509,2,0.709369408,0,0,0,0
14510,2,0.709803249,0,0,0,0
14511,1,0.709382073,0,0,0,0
14569,1,0.70969628,0,0,0,0
14570,2,0.708318081,0,0,0,0
14571,1,0.709686762,0,0,0,0
14572,2,0.70835058,0,0,0,0
14573,1,0.709371266,0,0,0,0
14574,1,0.709704428,0,0,0,0
14614,1,0.709349937,0,0,0,0
14615,1,0.708019067,0,0,0,0
14616,2,0.709008631,0,0,0,0
14686,1,0.70939862,0,0,0,0
14687,2,0.709514598,0,0,0,0
14688,1,0.709702326,0,0,0,0
14689,2,0.709723545,0,0,0,0
14690,1,0.70939433,0,0,0,0
14691,1,0.708106539,0,0,0,0
14631,1,0.707814698,0,0,0,0
14632,1,0.709709818,0,0,0,0
14695,1,0.709495455,0,0,0,0
14696,1,0.709581957,0,0,0,0
14697,2,0.709705137,0,0,0,0
14737,1,0.709387871,0,0,0,0
14738,1,0.708089904,0,0,0,0
14739,2,0.708066523,0,0,0,0
14779,1,0.708485102,0,0,0,0
14780,2,0.708353103,0,0,0,0
14821,1,0.708258974,0,0,0,0
14822,1,0.709378449,0,0,0,0
14823,1,0.709393606,0,0,0,0
14512,1,0.709734617,0,0,0,0
14513,2,0.708824214,0,0,0,0
14515,2,0.709808066,0,0,0,0
14517,2,0.709815426,0,0,0,0
14518,2,0.709798893,0,0,0,0
14519,1,0.708013698,0,0,0,0
14520,2,0.709421782,0,0,0,0
14521,1,0.70807794,0,0,0,0
14522,1,0.709188899,0,0,0,0
14523,1,0.709568496,0,0,0,0
14526,1,0.709341669,0,0,0,0
14527,2,0.708268488,0,0,0,0
14528,1,0.708091317,0,0,0,0
14529,2,0.709714147,0,0,0,0
14530,1,0.709761013,0,0,0,0
14531,1,0.709465608,0,0,0,0
14532,1,0.70761791,0,0,0,0
14533,1,0.708143268,0,0,0,0
14534,1,0.708228694,0,0,0,0
14535,2,0.708161306,0,0,0,0
14536,1,0.708385919,0,0,0,0
14537,2,0.708239775,0,0,0,0
14538,2,0.708238797,0,0,0,0
14539,1,0.708426989,0,0,0,0
14540,2,0.708435644,0,0,0,0
14542,1,0.709697166,0,0,0,0
14543,2,0.709419137,0,0,0,0
14551,2,0.7082797,0,0,0,0
14552,1,0.709709795,0,0,0,0
14553,2,0.709752903,0,0,0,0
14554,1,0.709718342,0,0,0,0
14555,1,0.708244206,0,0,0,0
14556,1,0.709413621,0,0,0,0
14557,1,0.709076515,0,0,0,0
14559,1,0.708429326,0,0,0,0
14560,2,0.70823658,0,0,0,0
14561,1,0.709726425,0,0,0,0
14562,1,0.709708867,0,0,0,0
14564,1,0.709350349,0,0,0,0
14565,1,0.707993854,0,0,0,0
14566,1,0.70822155,0,0,0,0
14567,2,0.709808686,0,0,0,0
14568,2,0.708368028,0,0,0,0
14575,2,0.709280967,0,0,0,0
14576,1,0.709728203,0,0,0,0
14577,1,0.709730888,0,0,0,0
14590,1,0.708040121,0,0,0,0
14591,1,0.709557023,0,0,0,0
14592,1,0.708343257,0,0,0,0
14594,2,0.70941017,0,0,0,0
14596,1,0.709391614,0,0,0,0
14598,2,0.709744314,0,0,0,0
14600,2,0.708573492,0,0,0,0
14799,2,0.709439713,0,0,0,0
14800,1,0.708118824,0,0,0,0
14801,1,0.709367055,0,0,0,0
15138,1,0.708266404,0,0,0,0
15717,1,0.71011564,0,0,0,0
15718,1,0.709150314,0,0,0,0
14943,1,0.709685349,0,0,0,0
15202,1,0.709539801,0,0,0,0
15203,2,0.708877523,0,0,0,0
15231,1,0.708888743,0,0,0,0
15233,1,0.709040717,0,0,0,0
15402,1,0.710058572,0,0,0,0
15403,7,0.709840595,0,0,0,0
14601,3,0.70990377,22.790206104364444,2.2040328538195557e-4,0.3376073191751013,43.81044264851284
14611,5,0.70792351,42.72229405360531,4.131658101444443e-4,0.632875328042159,82.12662074565178
14618,3,0.709055838,64.90408332893152,6.276851176725964e-4,0.9614697416888071,124.76748158025268
14619,7,0.709936113,21.79996622275717,2.108267101538498e-4,0.32293820077227653,41.90686848412134
14621,3,0.709245562,61.89558691591042,5.985900541855358e-4,0.9169027726979715,118.9841394306757
14622,7,0.709950184,0,0,0,0
14626,4,0.70973878,31.35409457280636,3.032243509504576e-4,0.46447020994077776,60.27311713582626
14651,3,0.709740309,30.542195012851327,2.953724987296045e-4,0.4524429718973547,58.712373062478406
14653,3,0.709474387,56.6965796001906,5.483106364452097e-4,0.8398862282141647,108.9898984487601
14654,3,0.70885074,56.96555386945397,0.00055091187718684135,0.8438707328543266,109.5069574759372
14655,4,0.709735312,31.3830563728106,3.0350443950438635e-4,0.4648992414121537,60.32879145804489
14657,5,0.708018892,40.78432834648441,3.944238116363565e-4,0.6041668817894912,78.40119873420512
14660,3,0.70974135,30.53405927301152,2.952938182744346e-4,0.452322451472737,58.69673343368247
14668,3,0.708344586,40.34376003099553,3.901630908809463e-4,0.5976404341029471,77.55427822676921
14670,4,0.709729895,31.427166437518895,3.039310263959484e-4,0.46555267476096207,60.41358584082824
14673,7,0.70996365,20.834205137037046,2.014868685038001e-4,0.30863170395427864,40.05035079997436
14698,3,0.709733229,31.400181065047978,3.0367005180350243e-4,0.4651529214978662,60.361710877189395
14700,3,0.709253835,61.865280757895384,5.982969643923488e-4,0.916453826307794,118.92588080012473
14703,3,0.709492795,55.622282804916175,5.379211497477443e-4,0.823971915750727,106.92473861995812
14704,3,0.708120493,43.48464069352148,4.2053843781038016e-4,0.644168503900492,83.59210743732051
14713,3,0.709697421,33.3134420284673,3.2217313160013084e-4,0.493495399042142,64.0396420606844
14732,7,0.709988288,0,0,0,0
14741,7,0.709998732,18.227510761377776,1.7627761845353642e-4,0.2700169105625414,35.03940733048325
14747,3,0.708126588,43.45750367434349,4.202759966479391e-4,0.6437665041882854,83.53994095769745
14756,3,0.709033382,66.41119360983677,6.422603284374006e-4,0.9837956241010866,127.66465452481587
14759,3,0.709452653,57.80032293395047,5.589848995854855e-4,0.8562367529203321,111.1116644302053
14760,3,0.709246599,61.89216009667012,5.98556913536631e-4,0.9168520088193247,118.97755193133028
14812,4,0.709527851,53.45440886736358,5.169557167919183e-4,0.7918576775110587,102.75735564959676
15328,3,0.70688421,26.46875169081276,2.5597837096774304e-4,0.3921001968707701,50.88184471074216
15331,3,0.709457015,57.741882044945484,5.584197197938523e-4,0.8553710270125964,110.99932138230321
15562,3,0.708014401,40.805003663175356,3.9462376190026063e-4,0.6044731597673717,78.44094364796241
15565,3,0.709093743,67.48810790965858,6.526751289297085e-4,0.9997487114965772,129.73484607787387
15696,7,0.709608415,0,0,0,0
15699,3,0.707843928,41.95089851094928,4.057056708569007e-4,0.6214481044362323,80.64373901890959
15700,3,0.707924284,42.72019009712545,4.131454628549842e-4,0.6328441606580829,82.12257623353662
15891,3,0.71050252,8.485868827042175,8.206654034788401e-5,0.12570713105664402,16.312694491110296
16341,3,0.708308803,42.715835169726446,4.131033465045683e-4,0.6327796480618542,82.11420459809906
16509,4,0.712099298,0,0,0,0
14762,4,0.709725811,31.459509145270783,3.0424381159034375e-4,0.4660317899918194,60.47575940505899
14763,3,0.708127505,43.4532110587725,4.2023448291303054e-4,0.6437029146609009,83.53168910655474
14784,4,0.709719343,33.11683236771336,3.202717264540097e-4,0.4905828821396138,63.66169215416932
14785,3,0.709260034,61.040068497775884,5.903163655142642e-4,0.9042293778928225,117.33954523873234
14830,3,0.70925484,61.86113717491366,5.982568919463935e-4,0.9163924445047583,118.91791543975242
14965,3,0.708139603,42.59737195823784,4.119576929334939e-4,0.6310247693622761,81.88647845516232
14969,3,0.708425062,40.33392171861311,3.900679449063215e-4,0.5974946922762421,77.53536568080915
14996,3,0.709275004,60.176754486646615,5.819672859360533e-4,0.8914405014970168,115.67996529465307
15257,3,0.708313605,40.32011040544127,3.8993437618015147e-4,0.5972900956002454,77.50881569083343
14906,4,0.709539483,53.254782362939515,5.150251358562788e-4,0.7889004699857612,102.37360635469597
14907,3,0.709458208,57.72560658154723,5.582623203571091e-4,0.8551299271497407,110.96803446666401
14992,5,0.708479009,37.08615008155585,3.5865885910429934e-4,0.5493831714475712,71.292056059598
14994,3,0.709382962,56.17262315701434,5.432434720262369e-4,0.8321244936631383,107.98267790854321
15082,3,0.708017416,40.79126766632486,3.944909215555976e-4,0.6042696788049067,78.41453844129236
15083,3,0.709358806,57.21293093186631,5.533042520971049e-4,0.8475353029106039,109.98249940634993
15719,7,0.709650329,0,0,0,0
15866,3,0.710407694,10.16657930838096,9.832063257357987e-5,0.1506046750856828,19.543585419180765
15243,3,0.709646436,38.71121236306312,3.743747795375905e-4,0.5734563596337533,74.415972427805
14833,4,0.709512587,54.508259968096,5.271474738932432e-4,0.8074691135506767,104.78321197565552
14836,4,0.709495733,55.57712087646074,5.374843903187079e-4,0.8233029004059427,106.83792220121084
14837,7,0.710009111,17.37910624570334,1.6807272808390863e-4,0.25744889898769024,33.408488452150856
14871,3,0.709221538,62.76005477548148,6.069502925916325e-4,0.9297087418606168,120.64593745960917
14921,4,0.709074375,65.80153853690395,6.363643755702416e-4,0.9747643755967154,126.49269238959921
14987,3,0.709620238,43.083392375276794,4.1665797937178025e-4,0.6382245309313241,82.82077319164625
15371,4,0.709319132,57.52890286432999,5.563600055942243e-4,0.8522160169228047,110.58990375198634
15429,3,0.709394333,56.049053365110055,5.420484328947367e-4,0.83029396760362,107.7451352002184
14839,7,0.71003429,15.664389532556354,1.5148976278090646e-4,0.23204759677834197,30.1122261070119
14842,7,0.710018326,17.334569011615656,1.6764201005223315e-4,0.2567891376790404,33.32287290612259
14843,3,0.709555037,50.58841060498112,4.892387479310224e-4,0.7494016336432437,97.24794288124104
14844,3,0.708422321,40.33664052375646,3.9009423837568124e-4,0.5975349678451246,77.54059213888766
14848,3,0.708449485,38.70830838918477,3.743466953078771e-4,0.5734133410304316,74.41039001312797
14849,3,0.709472199,56.72786667681761,5.486132126679526e-4,0.8403497056402355,109.0500427348596
14852,3,0.70955065,51.4609276435019,4.976768296649513e-4,0.762326840943286,98.92521413982102
14855,7,0.710024294,0,0,0,0
14863,3,0.709431597,58.05869253726543,5.614835829739847e-4,0.8600641632005223,111.60833772207084
14868,3,0.709203549,62.79256616963345,6.072647091462977e-4,0.9301903559615174,120.70843529584619
14878,3,0.709548205,51.50241861189854,4.980780873677743e-4,0.7629414757801201,99.00497373844196
14879,5,0.708142632,42.582597499983244,4.1181480966494694e-4,0.6308059049421495,81.85807697634016
14880,3,0.709475654,56.67827388493163,5.481336025137977e-4,0.8396150528054884,108.95470870607761
14884,3,0.709107064,66.74094707894824,6.454493626929682e-4,0.9886804936887333,128.29855161993206
14885,3,0.709644815,38.73314013791767,3.7458684228054804e-4,0.5737811911534956,74.45812498747365
14889,3,0.709349529,57.29279974954229,5.540766606367533e-4,0.8487184557657292,110.13603414141001
14910,7,0.710029905,0,0,0,0
14912,7,0.710032064,0,0,0,0
14918,3,0.709026136,66.37814073241366,6.419406752169768e-4,0.9833059886284303,127.60111577557933
14922,7,0.710038431,0,0,0,0
14924,3,0.708389202,41.14412643425403,3.9790340634714686e-4,0.6094968234012507,79.09285169324777
14934,3,0.708399639,41.144537514626684,3.979073818910395e-4,0.6095029130233428,79.09364192800949
14935,3,0.708393533,41.14509134220293,3.9791273793814066e-4,0.6095111172599542,79.09470657091597
14938,3,0.708382509,40.34470466785238,3.901722264309185e-4,0.5976544276717362,77.55609413657939
14947,3,0.709040572,66.43867874224985,6.425261361907513e-4,0.9842027806589808,127.7174901951804
14951,3,0.708414165,40.342096198294236,3.901470000131405e-4,0.5976157865813202,77.55107978061199
14954,3,0.709237426,62.72261639583308,6.065882273327183e-4,0.9291541408653701,120.57396829983375
14955,3,0.708357539,40.350056617604515,3.9022398494960704e-4,0.5977337098598788,77.56638238437318
14957,3,0.708207166,43.08067042186236,4.16631655455601e-4,0.6381842087248922,82.81554068153164
14959,3,0.709594365,46.70399920587018,4.516727412780498e-4,0.69185912117005,89.78079747480308
14973,3,0.708202572,43.90075640222594,4.2456267826163e-4,0.6503327179597697,84.39202180877724
14974,3,0.709602392,46.567834694906345,4.503558990594483e-4,0.689842020697032,89.51904347964278
15014,3,0.708088004,42.85099965539933,4.144105175135905e-4,0.6347819344583323,82.37403620824644
15160,5,0.708606554,40.63860769106579,3.9301455227928016e-4,0.6020082194413303,78.12107461476164
15161,4,0.708598396,39.77842502164471,3.8469575579710524e-4,0.5892657298080961,76.4675141628138
15532,4,0.709675112,37.54074966103714,3.6305527572256515e-4,0.5561174740959977,72.16594937647717
15685,5,0.709674034,37.55327404893443,3.631763986394585e-4,0.5563030066446263,72.19002546315973
15686,4,0.708195991,43.92900172360086,4.2483583777581756e-4,0.6507511357303225,84.44631881805036
15396,7,0.709856679,0,0,0,0
14978,3,0.709600312,46.60353993400649,4.507012031767951e-4,0.6903709474648684,89.58768096026428
14979,3,0.709409904,57.48628075517024,5.55947808668681e-4,0.8515846257039137,110.50796972030838
14989,4,0.709509536,54.55724098800061,5.276211676219834e-4,0.8081947037776687,104.87736997289213
14997,3,0.708502434,36.30118012310579,3.51067442116833e-4,0.5377548604927805,69.78307973933136
15000,3,0.709381917,56.18357248079602,5.43349362553209e-4,0.8322866936815052,108.00372619215156
15001,4,0.709066005,65.75616018291528,6.359255230974502e-4,0.9740921541886011,126.40545992817256
15002,4,0.709159582,65.24749529877003,6.310062428105302e-4,0.9665569442344487,125.42763490842033
15003,4,0.709054353,64.89691807206381,6.276158227242744e-4,0.9613635977096244,124.75370754619493
15009,3,0.708358699,40.35013517801431,3.902247447045799e-4,0.5977348736303697,77.56653340390817
15010,3,0.708473317,37.08477546323206,3.5864556521861344e-4,0.5493628082615141,71.28941358076467
15023,3,0.709592662,46.73232131835878,4.5194664343640935e-4,0.6922786765012683,89.83524210242884
15025,3,0.708540507,37.165082750908695,3.5942221418628793e-4,0.5505524564805154,71.4437912026652
15028,7,0.710023817,0,0,0,0
15030,3,0.708392843,41.1450130744804,3.9791198101373615e-4,0.6095099578252453,79.09455611402439
15046,3,0.708511239,36.31339438722771,3.5118556583755173e-4,0.5379357989602528,69.80655966379351
15047,3,0.709361196,57.19107243238825,5.530928593138883e-4,0.8472114976156373,109.94048001725884
15050,3,0.708597982,38.97577222620883,3.769333287122006e-4,0.5773754705776799,74.92454548143897
15058,5,0.708491097,37.09532027127419,3.5874754368802984e-4,0.5495190159043066,71.30968424904444
15062,4,0.709037013,66.42573568922447,6.42400964378061e-4,0.984011046129954,127.6926092932847
15067,5,0.708501147,37.100783295667625,3.5880037640568586e-4,0.5495999435190727,71.3201860196638
15077,3,0.708635491,44.907409949864515,4.3429798947930496e-4,0.6652449835180563,86.32714856075937
15086,3,0.708693457,51.94829093628279,5.023901030075256e-4,0.7695464954732464,99.8620903352179
15089,3,0.70953021,53.414790227573135,5.165725663134982e-4,0.7912707787920316,102.6811952963993
15093,7,0.71000286,0,0,0,0
15100,3,0.70850911,37.11062929031182,3.5889559667519533e-4,0.5497457991485136,71.33911333351527
15102,4,0.709182591,63.631234706989346,6.153754432104498e-4,0.9426141416559786,122.32063834871396
15404,2,0.709015075,0,0,0,0
14602,1,0.708250854,0,0,0,0
14603,1,0.70945374,0,0,0,0
14604,2,0.709344979,0,0,0,0
14605,2,0.709096438,0,0,0,0
14606,1,0.70808301,0,0,0,0
14607,1,0.708076419,0,0,0,0
14608,2,0.709539266,0,0,0,0
14609,1,0.708489434,0,0,0,0
14610,1,0.708291005,0,0,0,0
14612,1,0.708354893,0,0,0,0
14613,1,0.708418885,0,0,0,0
14617,1,0.709589107,0,0,0,0
14620,2,0.707826556,0,0,0,0
14623,2,0.708414656,0,0,0,0
14624,1,0.709461116,0,0,0,0
14625,1,0.708478597,0,0,0,0
14627,1,0.709575183,0,0,0,0
14628,1,0.708415705,0,0,0,0
14635,2,0.709725459,0,0,0,0
14647,1,0.708301542,0,0,0,0
14648,2,0.708067632,0,0,0,0
14649,1,0.708225661,0,0,0,0
14650,1,0.70829192,0,0,0,0
14652,1,0.708381576,0,0,0,0
14656,1,0.708894089,0,0,0,0
14658,1,0.708029834,0,0,0,0
14659,1,0.708477723,0,0,0,0
14661,2,0.709568031,0,0,0,0
14662,2,0.709535117,0,0,0,0
14663,1,0.709515671,0,0,0,0
14664,2,0.708941824,0,0,0,0
14665,1,0.709680312,0,0,0,0
14666,1,0.709539643,0,0,0,0
14667,1,0.709464261,0,0,0,0
14669,1,0.709421605,0,0,0,0
14671,1,0.70938127,0,0,0,0
14672,1,0.709700779,0,0,0,0
14674,2,0.708097366,0,0,0,0
14675,1,0.708369542,0,0,0,0
14676,1,0.708264998,0,0,0,0
14677,1,0.709401488,0,0,0,0
14678,2,0.708401094,0,0,0,0
14682,1,0.709428362,0,0,0,0
14683,1,0.709706554,0,0,0,0
14684,1,0.708221671,0,0,0,0
14685,1,0.709564978,0,0,0,0
14692,1,0.709370986,0,0,0,0
14693,2,0.708270822,0,0,0,0
14694,1,0.708353863,0,0,0,0
14699,1,0.708119238,0,0,0,0
14701,1,0.708328437,0,0,0,0
14702,1,0.708056703,0,0,0,0
14705,2,0.709706206,0,0,0,0
14706,2,0.708063289,0,0,0,0
14707,1,0.7093825,0,0,0,0
14708,1,0.709601444,0,0,0,0
14709,1,0.709681171,0,0,0,0
14710,1,0.708382889,0,0,0,0
14711,1,0.709649904,0,0,0,0
14712,1,0.70952593,0,0,0,0
14714,1,0.709702252,0,0,0,0
14726,2,0.709450584,0,0,0,0
14727,2,0.709406638,0,0,0,0
14728,2,0.709466186,0,0,0,0
14729,1,0.708429502,0,0,0,0
14730,1,0.709353094,0,0,0,0
14731,1,0.709422133,0,0,0,0
14733,1,0.709655663,0,0,0,0
14734,1,0.708490342,0,0,0,0
14735,1,0.708983207,0,0,0,0
14736,2,0.709412696,0,0,0,0
14740,1,0.70957093,0,0,0,0
14742,1,0.708058991,0,0,0,0
14743,1,0.708407156,0,0,0,0
14744,2,0.709263169,0,0,0,0
14745,1,0.709374437,0,0,0,0
14746,1,0.709408817,0,0,0,0
14748,1,0.70938173,0,0,0,0
14749,1,0.709537424,0,0,0,0
14750,1,0.709384135,0,0,0,0
14751,1,0.70831137,0,0,0,0
14752,1,0.709702278,0,0,0,0
14753,2,0.709672518,0,0,0,0
14754,1,0.708345305,0,0,0,0
14755,2,0.708370245,0,0,0,0
14757,2,0.709384466,0,0,0,0
14758,1,0.708339666,0,0,0,0
14805,1,0.709692645,0,0,0,0
14806,1,0.709394333,0,0,0,0
14807,2,0.709112593,0,0,0,0
14808,1,0.709595239,0,0,0,0
14809,2,0.7093841,0,0,0,0
14810,1,0.708418789,0,0,0,0
14811,1,0.70938461,0,0,0,0
15324,2,0.709288024,0,0,0,0
15325,2,0.709483495,0,0,0,0
15326,1,0.707991327,0,0,0,0
15327,1,0.70804352,0,0,0,0
15329,1,0.70939582,0,0,0,0
15330,1,0.70936186,0,0,0,0
15563,2,0.710448989,0,0,0,0
15564,1,0.709292732,0,0,0,0
15566,1,0.709199384,0,0,0,0
15567,1,0.710153751,0,0,0,0
15568,1,0.710024599,0,0,0,0
15569,1,0.709686771,0,0,0,0
15695,1,0.710485868,0,0,0,0
15697,1,0.708174385,0,0,0,0
15698,1,0.70803612,0,0,0,0
15701,1,0.710262317,0,0,0,0
15702,1,0.71125959,0,0,0,0
15887,1,0.709850272,0,0,0,0
15888,1,0.70990696,0,0,0,0
15889,1,0.710362028,0,0,0,0
15890,2,0.707734918,0,0,0,0
15895,1,0.710037208,0,0,0,0
15896,1,0.710816337,0,0,0,0
15897,1,0.709946249,0,0,0,0
16337,2,0.71025684,0,0,0,0
16338,1,0.708444572,0,0,0,0
16339,2,0.707256663,0,0,0,0
16340,2,0.708447442,0,0,0,0
16345,1,0.712460034,0,0,0,0
16349,1,0.70800889,0,0,0,0
16350,2,0.712016083,0,0,0,0
16505,1,0.712560546,0,0,0,0
16506,2,0.711946341,0,0,0,0
16507,1,0.708544727,0,0,0,0
16508,1,0.712682754,0,0,0,0
16510,2,0.711688829,0,0,0,0
16511,2,0.712817302,0,0,0,0
16512,2,0.707669118,0,0,0,0
14761,1,0.707780822,0,0,0,0
14764,1,0.708048445,0,0,0,0
14765,1,0.708085575,0,0,0,0
14766,1,0.709672888,0,0,0,0
14767,1,0.708377517,0,0,0,0
14768,2,0.708097858,0,0,0,0
14775,1,0.709396309,0,0,0,0
14776,1,0.709480327,0,0,0,0
14777,1,0.708487321,0,0,0,0
14778,1,0.709692664,0,0,0,0
14782,1,0.708352809,0,0,0,0
14783,1,0.709384214,0,0,0,0
14794,1,0.709759132,0,0,0,0
14795,1,0.709384738,0,0,0,0
14796,2,0.708350132,0,0,0,0
14797,1,0.709668417,0,0,0,0
14798,1,0.709692252,0,0,0,0
14802,2,0.708337559,0,0,0,0
14803,2,0.708363219,0,0,0,0
14804,1,0.709436404,0,0,0,0
14813,1,0.708474178,0,0,0,0
14814,2,0.708388248,0,0,0,0
14815,2,0.708258402,0,0,0,0
14816,1,0.709708872,0,0,0,0
14817,1,0.708364316,0,0,0,0
14818,1,0.709033648,0,0,0,0
14819,2,0.709713355,0,0,0,0
14829,1,0.709666756,0,0,0,0
14831,1,0.709627423,0,0,0,0
14895,1,0.708471702,0,0,0,0
14896,1,0.709660432,0,0,0,0
14897,1,0.708958818,0,0,0,0
14898,2,0.709406526,0,0,0,0
14899,2,0.709402413,0,0,0,0
14900,1,0.709383807,0,0,0,0
14964,1,0.709662359,0,0,0,0
14966,1,0.707145286,0,0,0,0
14967,1,0.709738166,0,0,0,0
14968,2,0.708466971,0,0,0,0
14991,2,0.709370551,0,0,0,0
14995,1,0.709632362,0,0,0,0
15255,2,0.709495097,0,0,0,0
15256,2,0.70810059,0,0,0,0
14820,2,0.709390062,0,0,0,0
14824,2,0.709689071,0,0,0,0
14825,1,0.708079538,0,0,0,0
14826,1,0.708468602,0,0,0,0
14905,2,0.708126669,0,0,0,0
14993,1,0.707494658,0,0,0,0
15084,2,0.708268973,0,0,0,0
15136,1,0.709531705,0,0,0,0
15137,1,0.709368695,0,0,0,0
15864,1,0.711690203,0,0,0,0
15865,2,0.710981013,0,0,0,0
15241,1,0.709356357,0,0,0,0
15242,1,0.709352436,0,0,0,0
14827,1,0.70971212,0,0,0,0
14828,2,0.709403832,0,0,0,0
14832,1,0.709550541,0,0,0,0
14834,1,0.709594328,0,0,0,0
14835,1,0.709730624,0,0,0,0
14872,1,0.709664302,0,0,0,0
14873,1,0.708441824,0,0,0,0
14919,2,0.709674448,0,0,0,0
14920,1,0.709368202,0,0,0,0
14970,1,0.708356658,0,0,0,0
14971,1,0.709635932,0,0,0,0
14972,1,0.709347882,0,0,0,0
14985,1,0.708368782,0,0,0,0
14986,1,0.709406771,0,0,0,0
15150,1,0.709494885,0,0,0,0
15151,2,0.709638001,0,0,0,0
15152,1,0.709920709,0,0,0,0
15360,1,0.707398625,0,0,0,0
15370,1,0.70935805,0,0,0,0
15430,2,0.70700864,0,0,0,0
15431,1,0.709429794,0,0,0,0
14838,2,0.708127533,0,0,0,0
14840,1,0.709454003,0,0,0,0
14841,1,0.708361914,0,0,0,0
14845,2,0.709359213,0,0,0,0
14846,2,0.709660799,0,0,0,0
14847,1,0.709582222,0,0,0,0
14850,1,0.709421716,0,0,0,0
14851,1,0.708432656,0,0,0,0
14853,1,0.708385085,0,0,0,0
14854,2,0.709664895,0,0,0,0
14856,1,0.709690212,0,0,0,0
14857,2,0.709395152,0,0,0,0
14858,1,0.708103117,0,0,0,0
14859,2,0.708443758,0,0,0,0
14860,2,0.709188624,0,0,0,0
14861,2,0.709613276,0,0,0,0
14862,1,0.70810377,0,0,0,0
14864,1,0.709355899,0,0,0,0
14865,1,0.709445064,0,0,0,0
14866,2,0.709574954,0,0,0,0
14867,1,0.707944033,0,0,0,0
14869,1,0.709385661,0,0,0,0
14870,1,0.708179673,0,0,0,0
14874,2,0.709490195,0,0,0,0
14875,2,0.708135752,0,0,0,0
14876,1,0.709390379,0,0,0,0
14877,1,0.709644875,0,0,0,0
14881,1,0.708375268,0,0,0,0
14882,2,0.709403588,0,0,0,0
14883,1,0.707405579,0,0,0,0
14886,2,0.709411814,0,0,0,0
14887,2,0.709663405,0,0,0,0
14888,2,0.7091336,0,0,0,0
14890,1,0.708396248,0,0,0,0
14891,2,0.709597984,0,0,0,0
14892,2,0.708213252,0,0,0,0
14893,2,0.708367785,0,0,0,0
14894,1,0.708405707,0,0,0,0
14901,1,0.709665911,0,0,0,0
14902,1,0.709393613,0,0,0,0
14903,2,0.709676537,0,0,0,0
14911,2,0.709414631,0,0,0,0
14913,2,0.709684554,0,0,0,0
14914,2,0.709665482,0,0,0,0
14915,1,0.709590197,0,0,0,0
14916,1,0.709378117,0,0,0,0
14917,1,0.708188112,0,0,0,0
14923,2,0.709483449,0,0,0,0
14925,2,0.708367937,0,0,0,0
14926,2,0.708353603,0,0,0,0
14927,1,0.709708518,0,0,0,0
14928,1,0.708456192,0,0,0,0
14932,1,0.709713843,0,0,0,0
14933,2,0.709462209,0,0,0,0
14936,1,0.709660939,0,0,0,0
14937,1,0.709593139,0,0,0,0
14939,1,0.708344087,0,0,0,0
14940,1,0.709660671,0,0,0,0
14941,2,0.708367204,0,0,0,0
14942,1,0.708355934,0,0,0,0
14946,1,0.708396123,0,0,0,0
14948,1,0.709504761,0,0,0,0
14949,1,0.708117115,0,0,0,0
14950,1,0.709476294,0,0,0,0
14952,2,0.709432303,0,0,0,0
14953,2,0.709596825,0,0,0,0
14956,1,0.708449553,0,0,0,0
14958,1,0.708450492,0,0,0,0
14960,1,0.709649398,0,0,0,0
14975,1,0.708855857,0,0,0,0
14976,1,0.70831489,0,0,0,0
15013,2,0.708164176,0,0,0,0
15015,1,0.709802299,0,0,0,0
15121,1,0.709325991,0,0,0,0
15122,1,0.709507687,0,0,0,0
15123,1,0.709420269,0,0,0,0
15162,1,0.708838844,0,0,0,0
15163,2,0.708391043,0,0,0,0
15164,2,0.709118667,0,0,0,0
15165,2,0.70840598,0,0,0,0
15531,1,0.709219364,0,0,0,0
15533,1,0.709776296,0,0,0,0
15684,1,0.708226581,0,0,0,0
15394,1,0.710566634,0,0,0,0
15395,1,0.708091127,0,0,0,0
14977,1,0.709418358,0,0,0,0
14980,2,0.709620845,0,0,0,0
14981,1,0.709241886,0,0,0,0
14982,2,0.709717051,0,0,0,0
14983,1,0.708121968,0,0,0,0
14984,1,0.708372683,0,0,0,0
14988,1,0.708359449,0,0,0,0
14990,1,0.708385974,0,0,0,0
14998,1,0.708145819,0,0,0,0
14999,1,0.708147811,0,0,0,0
15004,1,0.70965192,0,0,0,0
15005,2,0.70937757,0,0,0,0
15006,1,0.709536671,0,0,0,0
15007,1,0.709273159,0,0,0,0
15008,1,0.709388426,0,0,0,0
15011,1,0.709625743,0,0,0,0
15012,1,0.709629359,0,0,0,0
15022,1,0.708375003,0,0,0,0
15024,1,0.709383268,0,0,0,0
15026,1,0.709510063,0,0,0,0
15027,2,0.708520536,0,0,0,0
15029,2,0.709415886,0,0,0,0
15031,2,0.70930922,0,0,0,0
15032,1,0.708346464,0,0,0,0
15033,2,0.709544175,0,0,0,0
15034,1,0.70981121,0,0,0,0
15035,1,0.708483384,0,0,0,0
15036,2,0.70938983,0,0,0,0
15037,1,0.708368658,0,0,0,0
15038,1,0.709562058,0,0,0,0
15039,1,0.708142608,0,0,0,0
15040,1,0.709409913,0,0,0,0
15041,1,0.708648919,0,0,0,0
15042,1,0.708158207,0,0,0,0
15043,1,0.708351795,0,0,0,0
15044,1,0.708994332,0,0,0,0
15045,1,0.710889408,0,0,0,0
15048,1,0.70969741,0,0,0,0
15049,1,0.707629068,0,0,0,0
15051,1,0.708294692,0,0,0,0
15055,2,0.70879317,0,0,0,0
15056,2,0.708352479,0,0,0,0
15057,1,0.707838524,0,0,0,0
15059,1,0.708208019,0,0,0,0
15060,1,0.708357941,0,0,0,0
15061,2,0.70808009,0,0,0,0
15063,1,0.7083425,0,0,0,0
15064,1,0.709558203,0,0,0,0
15065,1,0.709603869,0,0,0,0
15066,1,0.707601281,0,0,0,0
15068,1,0.708759438,0,0,0,0
15069,1,0.708975425,0,0,0,0
15070,1,0.709450166,0,0,0,0
15071,1,0.708226127,0,0,0,0
15072,2,0.708358594,0,0,0,0
15073,1,0.709432326,0,0,0,0
15074,2,0.709510827,0,0,0,0
15075,2,0.709509201,0,0,0,0
15076,1,0.70863718,0,0,0,0
15078,1,0.709356384,0,0,0,0
15079,2,0.708421392,0,0,0,0
15080,2,0.708683697,0,0,0,0
15081,1,0.709556514,0,0,0,0
15085,1,0.709243128,0,0,0,0
15087,1,0.708286233,0,0,0,0
15088,2,0.708362008,0,0,0,0
15090,1,0.709392897,0,0,0,0
15091,2,0.709524384,0,0,0,0
15092,1,0.708675809,0,0,0,0
15094,1,0.709389095,0,0,0,0
15095,1,0.709558248,0,0,0,0
15096,2,0.70947148,0,0,0,0
15097,1,0.708343556,0,0,0,0
15098,1,0.709438718,0,0,0,0
15099,2,0.70804354,0,0,0,0
15101,2,0.708982278,0,0,0,0
15109,4,0.709212611,62.77776155001168,6.071215341882247e-4,0.9299710447398889,120.67997583673016
15110,4,0.709006694,64.68428800815708,6.255594848201146e-4,0.95821375933068,124.34496103563347
15111,3,0.708712027,52.98349302474994,5.124015061641091e-4,0.7848816706046785,101.85209698626463
15112,3,0.707937535,41.88308976784952,4.0504989487627247e-4,0.6204436059306151,80.51338780413619
15115,3,0.708431152,39.53023620904949,3.822955304792413e-4,0.5855891347266028,75.99041177548071
15119,3,0.709569898,50.33227324376401,4.8676165247770365e-4,0.7456072911320308,96.75556070960306
15127,3,0.709547406,51.51587859331359,4.982082583768239e-4,0.763140867932208,99.0308483505948
15129,3,0.709515377,54.462804179910066,5.267078725570408e-4,0.8067957450554483,104.69583065965323
15130,5,0.708526711,37.13984471307339,3.591781380059312e-4,0.5501785877118084,71.39527520399098
15135,3,0.709505014,55.4297202870807,5.360588843791027e-4,0.8211193520168871,106.55456868357176
15157,7,0.70998113,0,0,0,0
15166,3,0.70948555,56.53055946884355,5.467050615670857e-4,0.837426855481136,108.6707519079359
15171,4,0.70860319,40.612745440220195,3.927644393567537e-4,0.6016251037671747,78.07135866869936
15270,7,0.709934102,0,0,0,0
15408,3,0.710042676,15.630743858862333,1.5116437664849973e-4,0.23154917979844888,30.047547803928886
15526,7,0.709720384,0,0,0,0
15527,3,0.709403967,56.747773847409526,5.488057342178246e-4,0.8406446045307991,109.08831101341387
15196,3,0.708195412,43.13163281889736,4.1712451101320403e-4,0.6389391504820195,82.91350755213861
15210,3,0.709456908,57.743335667164,5.584337777234383e-4,0.8553925605387979,111.00211573319872
15211,3,0.708167407,41.662080089904826,4.029125180181102e-4,0.6171696344473835,80.08853285653183
15218,3,0.708067057,42.95626275889767,4.1542851330240847e-4,0.6363412706932654,82.57638730317294
15234,3,0.709057159,64.91026956885332,6.277449445823085e-4,0.9615613828028106,124.77937361440378
15235,4,0.709496306,55.56822867206665,5.373983941213163e-4,0.8231711739409296,106.82082839307053
15238,3,0.708149031,42.54945403098552,4.1149428033657664e-4,0.6303149274729137,81.79436407962268
15248,4,0.70923213,62.737906414593525,6.067360965688683e-4,0.9293806426451352,120.60336085938023
15250,4,0.708668499,47.64121942268944,4.607365651841352e-4,0.7057428220645522,91.58245000791129
15251,3,0.707886574,42.77523686484763,4.1367781821851474e-4,0.6336596070649664,82.22839463856705
15253,3,0.708510709,37.11253584228909,3.5891403487262177e-4,0.5497740422411371,71.34277836777052
15277,4,0.708676355,49.329957611947975,4.7706829309208417e-4,0.7307592861655507,94.82877289108593
15285,3,0.709428458,58.09381982694727,5.618232977627404e-4,0.8605845283979701,111.67586418949095
15286,3,0.708444778,39.515016453986185,3.8214834076084653e-4,0.5853636738123007,75.9611542863965
15287,3,0.709435157,58.0177853529113,5.610879710261995e-4,0.8594581763664605,111.52970035276178
15289,3,0.70949047,55.6575086054339,5.382618172313449e-4,0.8244937402583301,106.99245445834336
15294,4,0.708697183,51.996823046211084,5.028594553436006e-4,0.770265435681675,99.95538537646887
15297,3,0.709433023,58.04244291028103,5.613264334002955e-4,0.8598234460705992,111.57710047271033
15303,4,0.709136247,65.22569628209867,6.307954252834546e-4,0.9662340201000477,125.3857298652934
15305,3,0.709657597,38.55613596727445,3.728750411429268e-4,0.5711591041368176,74.11786342814413
15551,4,0.709668381,38.421350917880396,3.715715396488736e-4,0.5691624385962591,73.8587612221652
15552,3,0.709297865,58.45582428213154,5.65324230175556e-4,0.8659471544788636,112.37175852891596
15656,4,0.709258432,61.04630839097573,5.903767113029499e-4,0.9043218138104923,117.35154041253256
15310,3,0.70944288,57.92514957082173,5.601920936206609e-4,0.8580858975065093,111.35162321735324
15318,4,0.70870345,52.0760823760422,5.036259695476387e-4,0.7714395597655628,100.10774847086235
15321,4,0.709243744,61.90133713954482,5.986456643969967e-4,0.9169879547966754,118.99519329484862
15322,3,0.709435084,58.01863557029842,5.610961934487854e-4,0.8594707712333725,111.53133475658886
15334,7,0.709894048,0,0,0,0
15337,4,0.709474341,56.6972416141455,5.483170387589912e-4,0.8398960350915375,108.99117106227972
15340,4,0.709694746,33.33802902888069,3.2241091162037215e-4,0.4938596235365635,64.08690654642785
15341,4,0.709252259,61.871577096450046,5.983578560620848e-4,0.9165470983901229,118.93798448088485
15354,3,0.709430418,58.07198990657885,5.616121813670925e-4,0.8602611464654137,111.63389973906246
15412,3,0.70940127,55.976699612604676,5.413487022872612e-4,0.8292221406835939,107.60604694844805
15858,3,0.710800025,5.537527355107478,5.3553233190129384e-5,0.08203127943009712,10.644990374134778
16016,3,0.711768554,0.8043677487738782,7.77901233859834e-6,0.011915664037915616,1.5462653985925463
15364,3,0.709439021,57.97210245868827,5.60646173355463e-4,0.8587814435901017,111.44188246255881
15365,4,0.708694498,51.96195574897983,5.025222549327327e-4,0.7697489219348832,99.88835870199901
15367,5,0.708724019,54.7323790464177,5.293149216535958e-4,0.810789146764141,105.21404423677185
15369,3,0.706967423,23.939117721602628,2.3151436941047158e-4,0.35462695336746747,46.01903726519708
15375,5,0.709377413,56.229640054023264,5.437948804411281e-4,0.8329691249779547,108.0922835648048
15376,4,0.709314376,57.560117757663704,5.566618837348647e-4,0.8526784250470871,110.64990927751398
15383,4,0.709660537,38.51607699783584,3.724876322518946e-4,0.5705656825056504,74.0408566132381
15391,3,0.709450845,57.82405363806652,5.59214398394213e-4,0.8565882924966777,111.15728282641129
15398,5,0.709336865,57.393913518071734,5.550545283523495e-4,0.8502163249894034,110.33040881870993
15400,4,0.709406716,56.71920957071443,5.485294900979019e-4,0.840221461851218,109.03340086472035
15401,3,0.709396464,56.02728303010228,5.418378927470256e-4,0.829971468350833,107.70328529289726
15410,3,0.708493777,37.0973307338307,3.587669868010304e-4,0.5495487982972739,71.31354903438802
15411,3,0.709419637,58.18778939086204,5.627320741256166e-4,0.861976565504262,111.85650530224531
15418,3,0.707100808,24.772861130991572,2.3957747273447728e-4,0.3669777796844706,47.621772565322985
16315,4,0.708590501,38.9286433358012,3.7647754686298513e-4,0.5766773172449124,74.833947900143
16316,3,0.707766085,45.01837566079691,4.353711349849773e-4,0.6668887964794964,86.54046198550388
16398,4,0.71240503,0,0,0,0
16097,4,0.711605801,0.9064140387116598,8.765898436088238e-6,0.013427347355736157,1.7424326957350034
16416,3,0.711241067,1.9297303048740222,1.8662354221268164e-5,0.028586449458862313,3.709590797978358
16419,3,0.711676183,0.8657517392969815,8.372654761979316e-6,0.01282498817416404,1.6642660776576765
16421,4,0.708923108,61.73795425557631,5.970655942459444e-4,0.914567649460115,118.68111643064334
16422,3,0.71076514,5.581776663690693,5.3981166704331034e-5,0.08268677549615816,10.730052430486698
16474,5,0.712193687,0,0,0,0
16480,3,0.708238915,43.74934580469762,4.230983916736076e-4,0.6480897665054409,84.10095970652968
15482,4,0.709399121,55.999572088034114,5.415699011964058e-4,0.8295609667160251,107.65001554041436
15485,3,0.709490765,55.65306425320296,5.382188360565102e-4,0.8244279029493,106.98391091829676
15487,4,0.70864444,45.798948105319205,4.42920023769199e-4,0.6784519639739167,88.04098480469875
15514,4,0.708314913,40.32174366884297,3.8995017141333103e-4,0.5973142902773811,77.51195537251347
15689,5,0.709648046,38.68928340948048,3.7416270539519493e-4,0.5731315106526846,74.37381760222448
15690,7,0.70959771,0,0,0,0
15440,4,0.708671333,48.470999845441646,4.6876134260311574e-4,0.7180349418789364,93.17756711459172
15442,3,0.709181352,63.632640110634355,6.153890348198995e-4,0.9426349608866067,122.32334000729071
15447,4,0.709372544,57.08014471862482,5.520200812775068e-4,0.8455682475329308,109.72723963585514
15449,7,0.70983158,0,0,0,0
16932,4,0.711026918,4.476140647366968,4.328859949724029e-5,0.06630821315472289,8.604648076464441
15499,7,0.709769888,0,0,0,0
15612,3,0.707891722,42.773440559593965,4.136604462132927e-4,0.6336329971344404,82.22494153560105
15750,4,0.710520138,8.465898045077905,8.18734036146568e-5,0.1254112898461735,16.27430393009979
15596,7,0.709663933,0,0,0,0
15749,4,0.708195064,43.13328353261813,4.171404750078084e-4,0.63896360366298,82.91668077920211
16940,4,0.71090652,4.6292018573449,4.4768849100477235e-5,0.0685756162898113,8.898883211098262
16058,3,0.712053309,0,0,0,0
15548,7,0.709701335,0,0,0,0
15941,3,0.709355202,57.24490002323601,5.536134240605481e-4,0.8480088834997556,110.04395475421138
16617,4,0.712294815,0,0,0,0
16620,4,0.711949446,0,0,0,0
15599,3,0.710239169,12.153829737970836,1.1753926190727565e-4,0.18004321052459324,23.36374924635681
15907,7,0.709708212,0,0,0,0
16920,4,0.711225456,1.9358067119727391,1.8721118941593312e-5,0.028676463542167224,3.721271696496269
16922,4,0.711172396,1.950583138095741,1.886402124132678e-5,0.028895357113709795,3.7496769582234895
15636,3,0.710559776,8.406051116468985,8.12946260632375e-5,0.12452473528690379,16.15925800109397
15639,7,0.709617586,0,0,0,0
15747,7,0.709607486,0,0,0,0
15461,3,0.707199565,25.65360708652539,2.4809513603675645e-4,0.3800248877079975,49.31486257057023
15465,3,0.709408752,57.497843020946334,5.560596269362227e-4,0.8517559056622598,110.53019628462073
16872,4,0.7117886,0,0,0,0
16899,4,0.711556584,0.9311150657226086,9.004781203562594e-6,0.013793261006180993,1.789916378956951
16906,4,0.711460388,0.9692812524220169,9.373885058987568e-6,0.014358643518112559,1.863284628715195
16913,4,0.711345547,1.8696052299162398,1.808088672624653e-5,0.027695774522499557,3.594010178122928
16914,4,0.711297428,1.9014163885959536,1.838853132817371e-5,0.02816701554386334,3.655161926226401
16925,4,0.711139819,2.764186618645785,2.673235201860232e-5,0.040947836528866535,5.313696540145658
16938,3,0.71045291,7.720381961089097,7.466354366588011e-5,0.11436743682594212,14.841171228641652
15474,3,0.709236237,62.72629365911577,6.066237900171894e-4,0.9292086147474002,120.58103723687681
15475,3,0.707294089,26.723242202610983,2.5843953979798556e-4,0.3958701434456387,51.37106108380478
15103,1,0.707355571,0,0,0,0
15104,1,0.709576661,0,0,0,0
15105,1,0.708092365,0,0,0,0
15106,2,0.709600098,0,0,0,0
15107,1,0.709600233,0,0,0,0
15108,2,0.709584206,0,0,0,0
15113,1,0.709415687,0,0,0,0
15114,1,0.70835832,0,0,0,0
15116,2,0.709420232,0,0,0,0
15117,2,0.709404314,0,0,0,0
15118,2,0.708204369,0,0,0,0
15120,1,0.708324011,0,0,0,0
15124,1,0.709413656,0,0,0,0
15125,1,0.708879809,0,0,0,0
15126,1,0.708189608,0,0,0,0
15128,2,0.70930345400000006,0,0,0,0
15131,1,0.70747288,0,0,0,0
15132,1,0.708330517,0,0,0,0
15133,1,0.709401123,0,0,0,0
15134,1,0.708281486,0,0,0,0
15139,2,0.708420006,0,0,0,0
15154,1,0.709585023,0,0,0,0
15155,1,0.709383773,0,0,0,0
15156,1,0.709089804,0,0,0,0
15158,1,0.709775942,0,0,0,0
15159,1,0.707948475,0,0,0,0
15167,2,0.709483738,0,0,0,0
15168,2,0.708383847,0,0,0,0
15169,2,0.708326389,0,0,0,0
15170,2,0.708311164,0,0,0,0
15175,1,0.707960695,0,0,0,0
15176,1,0.709484885,0,0,0,0
15177,2,0.70832983,0,0,0,0
15178,1,0.708272585,0,0,0,0
15179,1,0.70941395,0,0,0,0
15180,1,0.709408082,0,0,0,0
15181,1,0.707084597,0,0,0,0
15182,1,0.709798888,0,0,0,0
15183,2,0.709519945,0,0,0,0
15268,1,0.709628107,0,0,0,0
15269,1,0.707972704,0,0,0,0
15358,1,0.710076797,0,0,0,0
15359,1,0.709307721,0,0,0,0
15525,1,0.709235914,0,0,0,0
15184,1,0.70935819,0,0,0,0
15185,2,0.707947917,0,0,0,0
15186,1,0.709042623,0,0,0,0
15187,1,0.708318446,0,0,0,0
15188,1,0.709427675,0,0,0,0
15189,2,0.708900387,0,0,0,0
15190,1,0.708822037,0,0,0,0
15191,2,0.708836759,0,0,0,0
15192,1,0.709383531,0,0,0,0
15193,1,0.708924761,0,0,0,0
15194,2,0.709515943,0,0,0,0
15195,2,0.708943988,0,0,0,0
15197,1,0.709516318,0,0,0,0
15198,1,0.708321854,0,0,0,0
15199,1,0.709877478,0,0,0,0
15200,1,0.709645701,0,0,0,0
15204,1,0.709523495,0,0,0,0
15205,1,0.708869915,0,0,0,0
15206,2,0.706966997,0,0,0,0
15207,2,0.709822672,0,0,0,0
15208,1,0.709154909,0,0,0,0
15209,2,0.707153479,0,0,0,0
15212,2,0.70832731,0,0,0,0
15213,1,0.709411445,0,0,0,0
15214,1,0.708169118,0,0,0,0
15215,1,0.708244269,0,0,0,0
15216,1,0.70952211,0,0,0,0
15217,1,0.708112817,0,0,0,0
15219,2,0.709705243,0,0,0,0
15220,1,0.708868343,0,0,0,0
15229,1,0.709284896,0,0,0,0
15230,1,0.709007741,0,0,0,0
15236,2,0.709863583,0,0,0,0
15237,1,0.706875942,0,0,0,0
15239,2,0.709032811,0,0,0,0
15240,1,0.707814403,0,0,0,0
15244,2,0.709501704,0,0,0,0
15245,2,0.708217964,0,0,0,0
15246,1,0.707909659,0,0,0,0
15247,1,0.709296419,0,0,0,0
15249,1,0.709805768,0,0,0,0
15252,1,0.708984561,0,0,0,0
15254,2,0.708002134,0,0,0,0
15258,1,0.707793651,0,0,0,0
15259,1,0.709494968,0,0,0,0
15260,2,0.707118528,0,0,0,0
15261,2,0.707630179,0,0,0,0
15262,2,0.707861217,0,0,0,0
15263,2,0.708147851,0,0,0,0
15264,1,0.709355744,0,0,0,0
15265,2,0.70830038,0,0,0,0
15266,2,0.709149324,0,0,0,0
15267,1,0.706817263,0,0,0,0
15271,2,0.707168368,0,0,0,0
15272,1,0.70948792,0,0,0,0
15273,2,0.709349443,0,0,0,0
15274,1,0.709697448,0,0,0,0
15275,2,0.707681812,0,0,0,0
15276,1,0.709332165,0,0,0,0
15278,2,0.708209204,0,0,0,0
15279,2,0.709483201,0,0,0,0
15280,1,0.709364906,0,0,0,0
15281,1,0.707881497,0,0,0,0
15282,1,0.709397318,0,0,0,0
15283,1,0.708294661,0,0,0,0
15284,1,0.707995867,0,0,0,0
15288,1,0.706986086,0,0,0,0
15290,1,0.709603893,0,0,0,0
15291,1,0.7095083,0,0,0,0
15292,2,0.707228815,0,0,0,0
15293,1,0.709345482,0,0,0,0
15295,1,0.71013499,0,0,0,0
15296,2,0.709531685,0,0,0,0
15298,1,0.709230086,0,0,0,0
15299,2,0.709638531,0,0,0,0
15300,1,0.709220539,0,0,0,0
15301,1,0.709242162,0,0,0,0
15302,1,0.709367396,0,0,0,0
15304,2,0.708161878,0,0,0,0
15384,2,0.709466194,0,0,0,0
15388,1,0.708999102,0,0,0,0
15389,2,0.709297736,0,0,0,0
15426,1,0.707286305,0,0,0,0
15427,1,0.708238058,0,0,0,0
15428,2,0.709368534,0,0,0,0
15432,1,0.709325645,0,0,0,0
15433,1,0.70943444,0,0,0,0
15434,2,0.709736099,0,0,0,0
16919,1,0.711175614,0,0,0,0
16923,1,0.710336733,0,0,0,0
16924,1,0.710938729,0,0,0,0
15553,1,0.709190135,0,0,0,0
15617,2,0.710094582,0,0,0,0
15618,1,0.707932232,0,0,0,0
15619,1,0.709451965,0,0,0,0
15657,2,0.710650145,0,0,0,0
15658,1,0.710903221,0,0,0,0
15306,2,0.708202009,0,0,0,0
15307,2,0.708275875,0,0,0,0
15308,1,0.710087015,0,0,0,0
15309,2,0.710102721,0,0,0,0
15311,1,0.709414214,0,0,0,0
15312,2,0.709504481,0,0,0,0
15313,1,0.709941752,0,0,0,0
15314,1,0.707538539,0,0,0,0
15315,2,0.709424336,0,0,0,0
15316,2,0.708659708,0,0,0,0
15317,1,0.709322235,0,0,0,0
15319,1,0.709353558,0,0,0,0
15320,1,0.70949521,0,0,0,0
15323,1,0.70945796,0,0,0,0
15332,1,0.708303866,0,0,0,0
15333,2,0.70929047,0,0,0,0
15335,2,0.709277147,0,0,0,0
15336,1,0.710411257,0,0,0,0
15338,2,0.709418634,0,0,0,0
15339,2,0.709504986,0,0,0,0
15342,1,0.709119083,0,0,0,0
15343,2,0.709280864,0,0,0,0
15344,1,0.709898996,0,0,0,0
15345,2,0.709564557,0,0,0,0
15346,1,0.709047423,0,0,0,0
15347,1,0.710269977,0,0,0,0
15348,1,0.709346935,0,0,0,0
15349,1,0.709290231,0,0,0,0
15350,2,0.710102627,0,0,0,0
15351,1,0.709334892,0,0,0,0
15352,1,0.708835433,0,0,0,0
15353,1,0.707321506,0,0,0,0
15355,2,0.709646054,0,0,0,0
15356,1,0.709185739,0,0,0,0
15357,1,0.709054629,0,0,0,0
15385,2,0.70924849,0,0,0,0
15386,1,0.709367042,0,0,0,0
15387,2,0.70926831,0,0,0,0
15413,2,0.706418524,0,0,0,0
15414,2,0.709238342,0,0,0,0
15859,1,0.70913011,0,0,0,0
15860,2,0.709115512,0,0,0,0
16014,1,0.709149729,0,0,0,0
16015,1,0.711848222,0,0,0,0
15361,2,0.709723683,0,0,0,0
15362,2,0.709309853,0,0,0,0
15363,1,0.708259679,0,0,0,0
15366,2,0.708941127,0,0,0,0
15368,2,0.709333025,0,0,0,0
15373,1,0.708223555,0,0,0,0
15374,2,0.709482063,0,0,0,0
15377,1,0.708268699,0,0,0,0
15378,1,0.708289155,0,0,0,0
15379,1,0.708163542,0,0,0,0
15380,1,0.709330812,0,0,0,0
15381,1,0.70941278,0,0,0,0
15382,1,0.708250033,0,0,0,0
15390,1,0.709447513,0,0,0,0
15392,1,0.708560518,0,0,0,0
15393,1,0.708564919,0,0,0,0
15397,1,0.709730872,0,0,0,0
15399,1,0.708199692,0,0,0,0
15405,1,0.709397203,0,0,0,0
15409,1,0.709409081,0,0,0,0
15415,2,0.709345593,0,0,0,0
15416,2,0.708959116,0,0,0,0
15417,2,0.708595186,0,0,0,0
15419,2,0.709965126,0,0,0,0
15420,1,0.709315109,0,0,0,0
15421,2,0.70921566,0,0,0,0
15422,2,0.709378365,0,0,0,0
15423,1,0.710373992,0,0,0,0
16399,1,0.711024311,0,0,0,0
16400,2,0.711968671,0,0,0,0
16089,2,0.711409452,0,0,0,0
16090,2,0.709377128,0,0,0,0
16412,1,0.712601693,0,0,0,0
16417,2,0.71071399,0,0,0,0
16418,1,0.708253892,0,0,0,0
16420,2,0.707857414,0,0,0,0
16473,1,0.711090403,0,0,0,0
16475,1,0.70901519,0,0,0,0
16476,1,0.712852131,0,0,0,0
16477,1,0.708766754,0,0,0,0
16478,1,0.710078003,0,0,0,0
16479,2,0.712871367,0,0,0,0
15424,1,0.710258089,0,0,0,0
15425,1,0.709351317,0,0,0,0
15483,1,0.710254527,0,0,0,0
15484,1,0.709373957,0,0,0,0
15486,2,0.709223131,0,0,0,0
15512,2,0.710177422,0,0,0,0
15513,1,0.708175296,0,0,0,0
15653,1,0.709942966,0,0,0,0
15654,1,0.710687902,0,0,0,0
15655,1,0.709222842,0,0,0,0
15691,1,0.711239575,0,0,0,0
15856,2,0.70903519,0,0,0,0
15863,2,0.710732741,0,0,0,0
15867,1,0.709141249,0,0,0,0
15438,2,0.709143244,0,0,0,0
15439,1,0.710644437,0,0,0,0
15441,2,0.708084576,0,0,0,0
15443,1,0.707880145,0,0,0,0
15444,1,0.709942056,0,0,0,0
15445,1,0.708552427,0,0,0,0
15446,1,0.709422008,0,0,0,0
15448,1,0.710123336,0,0,0,0
15529,1,0.70922022,0,0,0,0
16892,2,0.71149536,0,0,0,0
16893,1,0.710535965,0,0,0,0
16894,1,0.711339177,0,0,0,0
16931,1,0.710584057,0,0,0,0
16933,2,0.710488546,0,0,0,0
15497,1,0.708198242,0,0,0,0
15498,1,0.709152304,0,0,0,0
15611,1,0.710540421,0,0,0,0
15613,1,0.709215137,0,0,0,0
15745,1,0.708115577,0,0,0,0
15746,1,0.710541761,0,0,0,0
15784,2,0.711332681,0,0,0,0
15785,1,0.710799569,0,0,0,0
15786,1,0.71016597,0,0,0,0
15832,1,0.709218212,0,0,0,0
15833,1,0.71066238,0,0,0,0
15834,1,0.710189073,0,0,0,0
15530,1,0.709616429,0,0,0,0
15594,2,0.709170203,0,0,0,0
15595,1,0.707936307,0,0,0,0
15597,2,0.710031101,0,0,0,0
15598,1,0.70965965,0,0,0,0
15813,1,0.708013805,0,0,0,0
15814,2,0.710983024,0,0,0,0
15815,2,0.709118707,0,0,0,0
15816,1,0.710532379,0,0,0,0
15817,1,0.709136632,0,0,0,0
15471,1,0.709273482,0,0,0,0
15472,1,0.709195997,0,0,0,0
15554,1,0.708164612,0,0,0,0
15555,1,0.709674529,0,0,0,0
15556,2,0.708100031,0,0,0,0
15587,1,0.71015817,0,0,0,0
15588,2,0.710145188,0,0,0,0
15589,2,0.709647064,0,0,0,0
16057,1,0.711729533,0,0,0,0
16116,1,0.710483346,0,0,0,0
15892,2,0.710915866,0,0,0,0
15893,1,0.709026704,0,0,0,0
15549,2,0.708109549,0,0,0,0
15550,1,0.709244484,0,0,0,0
15557,1,0.708147648,0,0,0,0
15558,1,0.710010106,0,0,0,0
15559,1,0.709187971,0,0,0,0
15560,1,0.707264753,0,0,0,0
15561,2,0.709151545,0,0,0,0
16687,1,0.712160511,0,0,0,0
16688,1,0.713110724,0,0,0,0
16689,2,0.713088752,0,0,0,0
15931,2,0.711288265,0,0,0,0
16088,1,0.707961701,0,0,0,0
16146,1,0.712311094,0,0,0,0
16147,1,0.712357627,0,0,0,0
16091,1,0.710335715,0,0,0,0
15937,1,0.710077849,0,0,0,0
15938,1,0.708825676,0,0,0,0
15939,1,0.709794959,0,0,0,0
15940,2,0.709261301,0,0,0,0
15942,1,0.709292079,0,0,0,0
15943,1,0.707746797,0,0,0,0
15944,1,0.709346305,0,0,0,0
16613,2,0.709577357,0,0,0,0
16614,2,0.709576073,0,0,0,0
16615,1,0.709875763,0,0,0,0
16616,1,0.711543049,0,0,0,0
16618,1,0.708472651,0,0,0,0
16619,2,0.713014,0,0,0,0
15894,2,0.709198198,0,0,0,0
15806,1,0.710119413,0,0,0,0
15807,1,0.711944659,0,0,0,0
15808,1,0.711468663,0,0,0,0
15857,1,0.71033033,0,0,0,0
15861,2,0.710212789,0,0,0,0
15862,1,0.709945015,0,0,0,0
15905,2,0.709252145,0,0,0,0
15906,2,0.710546361,0,0,0,0
16921,1,0.711094056,0,0,0,0
15637,1,0.708099276,0,0,0,0
15638,2,0.708797054,0,0,0,0
15640,2,0.709572918,0,0,0,0
15641,2,0.708070711,0,0,0,0
15748,1,0.71144414,0,0,0,0
15818,1,0.710536423,0,0,0,0
15460,2,0.707987679,0,0,0,0
15462,1,0.710224393,0,0,0,0
15463,1,0.709927163,0,0,0,0
15464,1,0.708196954,0,0,0,0
15466,1,0.708324534,0,0,0,0
15467,2,0.709943978,0,0,0,0
15468,1,0.709647731,0,0,0,0
16873,2,0.711550158,0,0,0,0
16874,2,0.711280046,0,0,0,0
16875,1,0.711215611,0,0,0,0
16876,1,0.711599933,0,0,0,0
16877,2,0.711646761,0,0,0,0
16881,2,0.711291799,0,0,0,0
16882,2,0.710831574,0,0,0,0
16883,1,0.711384912,0,0,0,0
16884,2,0.711262625,0,0,0,0
16885,2,0.711248935,0,0,0,0
16886,2,0.710511859,0,0,0,0
16890,1,0.711619639,0,0,0,0
16891,1,0.711472048,0,0,0,0
16895,2,0.711221975,0,0,0,0
16896,1,0.710375491,0,0,0,0
16897,2,0.710729294,0,0,0,0
16898,1,0.711442499,0,0,0,0
16900,1,0.71046855,0,0,0,0
16901,2,0.711311388,0,0,0,0
16902,1,0.711274832,0,0,0,0
16903,1,0.711269241,0,0,0,0
16904,1,0.711430963,0,0,0,0
16905,1,0.710174227,0,0,0,0
16907,1,0.710788776,0,0,0,0
16908,1,0.711020702,0,0,0,0
16909,1,0.711283877,0,0,0,0
16910,1,0.711196906,0,0,0,0
16911,2,0.711004139,0,0,0,0
16912,1,0.710786625,0,0,0,0
16915,1,0.71076721,0,0,0,0
16916,2,0.711211083,0,0,0,0
16917,1,0.711163739,0,0,0,0
16918,1,0.711184731,0,0,0,0
16926,1,0.711036976,0,0,0,0
16927,1,0.711028748,0,0,0,0
16928,1,0.710513069,0,0,0,0
16929,1,0.710591302,0,0,0,0
16930,1,0.710327983,0,0,0,0
16934,1,0.710457021,0,0,0,0
16935,2,0.710538594,0,0,0,0
16936,1,0.710522759,0,0,0,0
16937,1,0.71054257,0,0,0,0
16939,1,0.710217956,0,0,0,0
15473,1,0.708134777,0,0,0,0
15476,1,0.707834881,0,0,0,0
15488,3,0.70958141,50.122651733338884,4.847344101889392e-4,0.7425020205674742,96.3525976508962
15503,3,0.707311536,30.834233713195832,2.9819679477676835e-4,0.45676914614374775,59.27376968495735
15504,4,0.708624301,43.995306507214494,4.254770690169069e-4,0.651733355028462,84.57377891676666
15509,3,0.709668909,38.41501606953898,3.7151027555233797e-4,0.5690685960414296,73.84658351264042
15520,3,0.709325281,57.48541269475967,5.559394136868399e-4,0.8515717665157714,110.5063010161879
15523,4,0.709329874,57.450627247968484,5.556030048487124e-4,0.8510564652769981,110.43943168579796
15524,5,0.708839381,55.25475960035401,5.343668457028986e-4,0.8185275365617597,106.21823538774798
15534,3,0.709595518,46.68471112187938,4.5148620689302373e-4,0.6915733932438374,89.7437192889539
15536,3,0.70931336,57.566511675294755,5.567237190884324e-4,0.8527731426367641,110.66220053808406
15541,4,0.708244469,43.726371133086,4.2287620442876285e-4,0.6477494265692328,84.0567946591229
15544,3,0.709791872,30.88252300707567,2.9866379884733936e-4,0.4574844893476211,59.36659795208104
15570,5,0.708872357,61.21766065749908,5.920338530736932e-4,0.9068601752044443,117.6809371108703
15571,4,0.709251394,61.87492829301519,5.983902653667456e-4,0.9165967420170039,118.94442660800948
15578,3,0.70928269,60.13759881609233,5.815886128169083e-4,0.890860461066237,115.60469492406813
15579,3,0.707988543,41.708366906270534,4.03360156198746e-4,0.617855313546327,80.17751168824954
15582,4,0.709647069,38.70260842214917,3.742915711262237e-4,0.5733289034180001,74.39943275904399
15584,4,0.710130409,13.08661355956346,1.2656018159043635e-4,0.19386119198275498,25.156873535457397
15586,3,0.709277764,60.163353029209404,5.818376809103444e-4,0.8912419763016894,115.65420318527279
15600,3,0.709247931,61.88760195324913,5.985128318911809e-4,0.9167844858415276,118.96878964633758
15615,3,0.710035992,15.657693266522658,1.5142500342652153e-4,0.23194840028956226,30.09935363110339
15625,4,0.708204395,43.89244023273611,4.2448225287763133e-4,0.6502095247041049,84.3760353334983
15627,7,0.709627707,0,0,0,0
15628,4,0.708199449,43.91450712885342,4.2469566105745064e-4,0.65053641712476,84.4184553310337
15644,4,0.708199754,43.913191800854186,4.246829405664178e-4,0.6505169322478955,84.41592682814913
15645,4,0.709762094,30.36164339776272,2.93626390380943e-4,0.44976833409620187,58.36529212158157
15646,3,0.707848356,41.95907042544798,4.057847011559303e-4,0.6215691607414628,80.6594481875689
15647,5,0.709328956,57.45773688772941,5.556717619259417e-4,0.851161785360941,110.45309880506714
15768,4,0.708142067,42.58539798964466,4.1184189310242126e-4,0.6308473905611316,81.86346045954069
15869,3,0.710436848,7.735819985232581,7.481284425690804e-5,0.1145961311133292,14.870848304322639
16219,3,0.712249852,0,0,0,0
16346,4,0.708631192,44.06366184607967,4.2613813110604687e-4,0.6527459506408009,84.70518087247336
16013,4,0.711204233,1.9428133706315949,1.8788880092189752e-5,0.028780258094764023,3.7347408514449256
16017,4,0.711285899,1.9080080750931363,1.845227929752221e-5,0.02826466282256568,3.6678333650856794
15664,4,0.709957876,20.870094869987298,2.0183395685471247e-4,0.3091633637590105,40.11934293983862
15665,4,0.709242591,62.70499997490967,6.064178595426943e-4,0.9288931764574934,120.54010361273953
15667,5,0.709735328,31.382924046910286,3.0350315978523696e-4,0.46489728117571455,60.32853708315069
15668,3,0.709787979,30.119406237650427,2.912837232858824e-4,0.4461799050203261,57.899630812427986
15669,4,0.709811904,30.685543951708524,2.9675882129884593e-4,0.45456650034341417,58.9879379448568
15670,5,0.709312411,57.57239663660246,5.56780632343215e-4,0.8528603206991935,110.67351341339022
15673,5,0.708899081,60.71051450845729,5.871292604207899e-4,0.8993474633393599,116.70603161088209
15675,5,0.709686203,35.82001088657538,3.464140712754118e-4,0.5306269628655866,68.8581106036987
15677,4,0.708195059,43.133307193673794,4.171407038330494e-4,0.6389639541708049,82.91672626371056
15678,7,0.709654769,0,0,0,0
15680,6,0.709194809,63.60904149048394,6.151608133905796e-4,0.9422853779627521,122.27797552089908
15683,3,0.709945582,20.943178407787354,2.02540745190224e-4,0.3102460015008334,40.259834084441586
15703,7,0.709646274,0,0,0,0
15884,5,0.711118064,2.7802958908503217,2.6888144226129226e-5,0.04118647448492232,5.3446639804046105
15928,5,0.710795488,5.540811737061222,5.358499633302241e-5,0.08207993328524318,10.651304061100197
15828,3,0.709143595,65.23860943869644,6.309203079688401e-4,0.9664253117523083,125.41055329619822
15835,4,0.708226934,43.00055321353105,4.158568447386207e-4,0.6369973762846473,82.66152845607459
15841,4,0.708116947,41.90064897586053,4.0521970936222354e-4,0.6207037228034633,80.54714250876663
15842,7,0.709494866,0,0,0,0
15850,5,0.710931252,4.605675410342816,4.45413256551482e-5,0.06822710251746031,8.853657465776427
16131,4,0.708240764,43.7419142987886,4.2302652184012814e-4,0.6479796783923326,84.08667385224963
16210,4,0.712212157,0,0,0,0
16068,5,0.709878532,22.127617930193953,2.1399541834584129e-4,0.32779193548903685,42.53672528627626
16069,4,0.711517423,0.9483401788199475,9.171364669299756e-6,0.014048428696576161,1.8230288407753896
16357,3,0.708351917,40.34854545547208,3.9020937055352794e-4,0.5977113239545458,77.56347742240696
16450,5,0.711526068,0.9447309693924215,9.136460131279545e-6,0.013994962944068764,1.8160907261349601
15853,3,0.710991862,4.530533382834253,4.381462973773055e-5,0.0671139709227579,8.709209211487652
15872,3,0.710441368,7.731808086143426,7.477404532126782e-5,0.11453670003622142,14.863136084689689
15875,3,0.710468825,8.512546135360893,8.232453566269895e-5,0.12610232074922717,16.36397725181732
15877,5,0.711005767,4.5098925615659935,4.361501307785159e-5,0.06680820394978547,8.66953060953687
15881,7,0.709724563,0,0,0,0
15902,3,0.71057837,8.370964577896311,8.095530537703198e-5,0.12400497376423876,16.091809871014156
15904,3,0.710708632,5.6727726032245105,5.486118524992156e-5,0.08403476221734663,10.904977236867907
15909,5,0.710880585,5.451259103782847,5.271893595170012e-5,0.08075332727265458,10.47915377486324
15992,3,0.710846269,5.494409069465664,5.3136237759198486e-5,0.08139253800071744,10.562102524346919
15993,4,0.7081972,43.92402147647244,4.247876739801901e-4,0.6506773598340381,84.4367451077383
16030,3,0.710374179,11.061578140561574,1.0697613494693683e-4,0.1638629209748886,21.26407424794242
16600,4,0.712344538,0,0,0,0
16601,4,0.711843522,0,0,0,0
16636,5,0.712415363,0,0,0,0
15977,3,0.71192835,0,0,0,0
16056,4,0.711411946,1.8148708672138305,1.7551552620725285e-5,0.02688495599044691,3.4887923206320477
16463,4,0.709147894,65.24358675847633,6.309684434541823e-4,0.9664990442837241,125.42012137916164
15912,7,0.709602186,0,0,0,0
15915,5,0.71121803,1.9384234412344536,1.874642523867531e-5,0.028715226989369458,3.726301930392446
15918,5,0.710486969,8.500067988927722,8.220385994538626e-5,0.12591747320786287,16.33999005678421
15924,3,0.710671885,6.540580015068808,6.325372034913974e-5,0.09689020251180405,12.573195008679903
16053,3,0.712344653,0,0,0,0
16457,3,0.712196656,0,0,0,0
16093,4,0.71078544,6.353021396087639,6.143984751113871e-5,0.09411176504386513,12.212644249179085
16094,3,0.710256235,12.13284301956743,1.1733630008831207e-4,0.17973231953457716,23.323405713754145
16095,4,0.708209037,43.072915630926545,4.165566591439452e-4,0.6380693315637724,82.80063336467856
16319,3,0.710760298,5.590657888978096,5.4067056723166185e-5,0.0828183393199577,10.747125133090636
16344,3,0.711022902,4.482765171640582,4.335266503957505e-5,0.06640634688245592,8.617382640576492
16394,3,0.711235144,1.932127280007417,1.8685535283868467e-5,0.02862195753391916,3.7141985905156707
16466,4,0.711492104,0.9582606436131593,9.267305137013262e-6,0.014195387504604046,1.842099311304674
16096,3,0.710498188,8.49014822511737,8.210792625685346e-5,0.1257705247839861,16.32092093377979
16214,4,0.711029862,4.471220742954544,4.324101927390673e-5,0.06623533115744433,8.595190365151536
16217,3,0.712237797,0,0,0,0
16218,4,0.708500466,37.100591987390324,3.5879852627003354e-4,0.5495971095352843,71.31981826079965
16348,3,0.710771627,6.370469395500386,6.160858650262924e-5,0.09437023450569146,12.246185173473625
15932,6,0.709854814,26.282324407241425,2.5417543923488407e-4,0.38933851866832675,50.52346875847485
15933,5,0.71086163,5.476251652257652,5.296063801304567e-5,0.08112355943515867,10.52719786040514
15934,3,0.710726222,5.647444798651502,5.4616240938587136e-5,0.08365956367094793,10.85628867632672
15957,4,0.711145809,2.7594065616813523,2.6686124255042424e-5,0.040877026189992186,5.304507662671803
15973,3,0.711746759,0.8195619504732846,7.925954931305474e-6,0.012140746412302745,1.5754737655153144
15980,5,0.70933992,56.56958497815974,5.470824759014539e-4,0.8380049677421375,108.7457720648356
15982,5,0.711345719,1.8694793478138858,1.807966932484162e-5,0.02769390974256236,3.593768190376068
15984,4,0.710962533,4.569948137739125,4.419580845255992e-5,0.06769784935187088,8.784977629349147
15994,3,0.709500709,55.498984660833,5.36728737712812e-4,0.822145413801049,106.6877181101265
15995,4,0.708237085,42.957531886143016,4.1544078698756777e-4,0.6363600711659346,82.57882699266679
16006,3,0.707063405,23.970125893150573,2.318142483519589e-4,0.3550862991768421,46.078645401912276
16008,3,0.712058789,0,0,0,0
16025,5,0.709459495,57.70790835058907,5.580911613851032e-4,0.854867750832398,110.93401251316251
16034,3,0.710252816,12.1374817428244,1.1738116101853499e-4,0.17980103619804255,23.332322900298273
16036,3,0.711988328,0,0,0,0
16037,3,0.707487957,36.89782533089768,3.568375770336712e-4,0.5465933847333629,70.93003253729096
16040,5,0.709666132,38.44815821754101,3.7183079210540516e-4,0.5695595539418289,73.9102938699598
16042,5,0.709796983,30.833943463627893,2.98193987783358e-4,0.4567648464731754,59.273211727649205
16045,3,0.711266951,1.9179542602003488,1.854846850549198e-5,0.02841200264365761,3.686953278710663
16049,3,0.712185894,0,0,0,0
16055,3,0.712218008,0,0,0,0
16062,5,0.711587835,0.9158088558089024,8.856755383336217e-6,0.013566519375498323,1.7604926945672732
16063,3,0.710901451,4.63350142288572,4.481043004830071e-5,0.06863930877197696,8.907148422420924
16065,3,0.712274489,0,0,0,0
16074,3,0.712411199,0,0,0,0
16080,3,0.712352676,0,0,0,0
16083,3,0.710872617,5.462110837918473,5.282388269262168e-5,0.08091408162709757,10.500014458343182
16086,3,0.710222815,12.969550646431882,1.254280702557503e-4,0.19212705688559095,24.931839237016508
16179,3,0.711487428,0.9599849492569335,9.283980836528663e-6,0.014220930854373119,1.8454140068001483
16244,3,0.709820768,28.995298074014137,2.8041251258881597e-4,0.42952770179538835,55.73871677732931
16284,4,0.708551726,38.79755707250841,3.75209816199828e-4,0.5747354444190022,74.5819560053046
16285,3,0.7108888,4.643450028678847,4.490664266663922e-5,0.0687866844523884,8.926272989418544
16101,4,0.71091249,4.623909239692596,4.4717664380448963e-5,0.06849721302970778,8.888709019559363
16103,3,0.707873888,41.980386394909594,4.059908471503512e-4,0.6218849291585011,80.7004246514639
16106,5,0.70996094,20.85117378919609,2.0165097174478134e-4,0.3088830725087882,40.08297025759717
16110,3,0.710552161,8.419136717552306,8.142117645320564e-5,0.12471858148036531,16.1844129283095
16123,4,0.708213755,43.85340099130428,4.2410470574045356e-4,0.6496312090196362,84.30098877885291
16125,3,0.70785547,41.9694310693008,4.058848985799192e-4,0.6217226402308567,80.67936483032486
16127,3,0.710664492,7.353903347464217,7.11193418234194e-5,0.10893853189571383,14.136676051608369
16129,3,0.709336466,57.3972725065312,5.550870130121475e-4,0.850266084043084,110.3368659244766
16139,3,0.709298319,58.45331843828953,5.65299996247486e-4,0.8659100336552125,112.36694145409778
15477,1,0.708227983,0,0,0,0
15478,1,0.709355798,0,0,0,0
15479,1,0.709416937,0,0,0,0
15480,1,0.707295857,0,0,0,0
15481,1,0.705804207,0,0,0,0
15489,1,0.709878421,0,0,0,0
15490,2,0.710308768,0,0,0,0
15491,2,0.708138364,0,0,0,0
15492,1,0.709276757,0,0,0,0
15493,1,0.709397412,0,0,0,0
15494,1,0.708132559,0,0,0,0
15495,1,0.707784957,0,0,0,0
15496,1,0.710776781,0,0,0,0
15500,1,0.707816742,0,0,0,0
15501,2,0.709183741,0,0,0,0
15502,2,0.710055334,0,0,0,0
15505,2,0.709884634,0,0,0,0
15506,2,0.708107793,0,0,0,0
15507,2,0.707841298,0,0,0,0
15508,1,0.710749298,0,0,0,0
15510,1,0.709680524,0,0,0,0
15511,1,0.710442547,0,0,0,0
15515,1,0.709215542,0,0,0,0
15516,1,0.710525957,0,0,0,0
15517,2,0.710819545,0,0,0,0
15518,1,0.708098532,0,0,0,0
15519,1,0.709224498,0,0,0,0
15521,1,0.70970944,0,0,0,0
15522,1,0.710374807,0,0,0,0
15535,1,0.710229523,0,0,0,0
15537,1,0.709218537,0,0,0,0
15538,1,0.709252752,0,0,0,0
15539,1,0.71024991,0,0,0,0
15540,2,0.709757153,0,0,0,0
15542,2,0.709636289,0,0,0,0
15543,1,0.709614148,0,0,0,0
15545,2,0.709253106,0,0,0,0
15546,1,0.708125466,0,0,0,0
15547,2,0.709268715,0,0,0,0
15572,1,0.710916008,0,0,0,0
15576,1,0.709193011,0,0,0,0
15577,1,0.709202068,0,0,0,0
15580,2,0.709189916,0,0,0,0
15581,1,0.708392575,0,0,0,0
15583,1,0.709165084,0,0,0,0
15585,1,0.709257908,0,0,0,0
15590,1,0.709183579,0,0,0,0
15591,2,0.710392629,0,0,0,0
15592,1,0.710090465,0,0,0,0
15593,2,0.71014263,0,0,0,0
15601,2,0.709259858,0,0,0,0
15602,1,0.710419544,0,0,0,0
15603,2,0.709168653,0,0,0,0
15604,2,0.709178697,0,0,0,0
15605,1,0.709672241,0,0,0,0
15606,2,0.710105915,0,0,0,0
15607,1,0.710141711,0,0,0,0
15608,1,0.709255881,0,0,0,0
15609,1,0.709250296,0,0,0,0
15610,2,0.710108758,0,0,0,0
15614,1,0.710142215,0,0,0,0
15616,2,0.710058962,0,0,0,0
15620,2,0.709693968,0,0,0,0
15621,2,0.708085994,0,0,0,0
15622,2,0.709467191,0,0,0,0
15623,1,0.709182839,0,0,0,0
15624,1,0.708112446,0,0,0,0
15626,1,0.710850777,0,0,0,0
15629,1,0.710160512,0,0,0,0
15633,2,0.710780084,0,0,0,0
15634,2,0.708069018,0,0,0,0
15635,1,0.708105848,0,0,0,0
15642,2,0.70810286,0,0,0,0
15643,1,0.710357051,0,0,0,0
15648,2,0.710525167,0,0,0,0
15649,1,0.709683007,0,0,0,0
15650,1,0.708079155,0,0,0,0
15651,1,0.709231197,0,0,0,0
15652,1,0.710572804,0,0,0,0
15659,2,0.710413587,0,0,0,0
15660,1,0.707671599,0,0,0,0
15661,2,0.710616889,0,0,0,0
15766,1,0.710573155,0,0,0,0
15767,2,0.71093651,0,0,0,0
15802,1,0.710197123,0,0,0,0
15803,2,0.709206416,0,0,0,0
15804,2,0.7091204,0,0,0,0
15868,1,0.707942451,0,0,0,0
15870,2,0.710743175,0,0,0,0
16347,1,0.710260401,0,0,0,0
16012,1,0.710544106,0,0,0,0
16114,1,0.710304587,0,0,0,0
16115,1,0.707975107,0,0,0,0
16119,1,0.707807389,0,0,0,0
15662,1,0.708090712,0,0,0,0
15663,1,0.710943378,0,0,0,0
15666,1,0.709341748,0,0,0,0
15671,2,0.710724868,0,0,0,0
15672,2,0.709695373,0,0,0,0
15674,1,0.708086308,0,0,0,0
15676,1,0.709541451,0,0,0,0
15679,2,0.710780908,0,0,0,0
15681,1,0.709197577,0,0,0,0
15682,1,0.710497843,0,0,0,0
15687,1,0.710850109,0,0,0,0
15688,2,0.710571485,0,0,0,0
15692,1,0.709161575,0,0,0,0
15693,2,0.709865464,0,0,0,0
15694,2,0.710395715,0,0,0,0
15704,1,0.707916947,0,0,0,0
15822,1,0.710721122,0,0,0,0
15823,2,0.710428707,0,0,0,0
15824,1,0.710699844,0,0,0,0
15825,2,0.710839763,0,0,0,0
15826,1,0.711424375,0,0,0,0
15827,2,0.710676454,0,0,0,0
15882,1,0.711897425,0,0,0,0
15883,2,0.707810011,0,0,0,0
15927,1,0.707964238,0,0,0,0
15929,1,0.711863289,0,0,0,0
15930,1,0.71002684,0,0,0,0
15958,2,0.710158993,0,0,0,0
15959,1,0.710321266,0,0,0,0
15948,2,0.712021364,0,0,0,0
15949,2,0.709064948,0,0,0,0
15950,1,0.710717449,0,0,0,0
15951,2,0.710204884,0,0,0,0
15952,1,0.709838175,0,0,0,0
15953,1,0.710183008,0,0,0,0
15999,1,0.710470024,0,0,0,0
16000,1,0.70933438,0,0,0,0
16001,1,0.705686107,0,0,0,0
16002,2,0.710669483,0,0,0,0
16003,1,0.709337289,0,0,0,0
16004,1,0.710454233,0,0,0,0
15829,1,0.710103558,0,0,0,0
15830,2,0.709120316,0,0,0,0
15831,1,0.710969833,0,0,0,0
15836,1,0.709133383,0,0,0,0
15837,1,0.709008479,0,0,0,0
15838,1,0.71013626,0,0,0,0
15839,1,0.711339607,0,0,0,0
15840,1,0.710038178,0,0,0,0
15843,1,0.710043346,0,0,0,0
15844,2,0.710657233,0,0,0,0
15845,1,0.709132066,0,0,0,0
15846,2,0.711214989,0,0,0,0
15847,2,0.711598256,0,0,0,0
15848,1,0.709791834,0,0,0,0
15849,2,0.709129209,0,0,0,0
15851,2,0.711069943,0,0,0,0
16132,2,0.708563566,0,0,0,0
16133,1,0.707995997,0,0,0,0
16209,1,0.71152744,0,0,0,0
16211,2,0.709337156,0,0,0,0
15945,2,0.70894012,0,0,0,0
15946,1,0.709132063,0,0,0,0
15947,1,0.712067101,0,0,0,0
16070,2,0.707852062,0,0,0,0
16356,1,0.711917985,0,0,0,0
16358,2,0.708375453,0,0,0,0
16449,1,0.710846678,0,0,0,0
16451,1,0.712855066,0,0,0,0
16482,1,0.710443449,0,0,0,0
16483,1,0.712527154,0,0,0,0
16484,2,0.707855567,0,0,0,0
15852,1,0.709303181,0,0,0,0
15854,1,0.709126912,0,0,0,0
15855,2,0.711100054,0,0,0,0
15871,1,0.709447202,0,0,0,0
15873,1,0.710162527,0,0,0,0
15874,1,0.707616186,0,0,0,0
15876,2,0.707853447,0,0,0,0
15878,1,0.709261528,0,0,0,0
15879,2,0.710716202,0,0,0,0
15880,1,0.711798744,0,0,0,0
15885,2,0.710579084,0,0,0,0
15886,2,0.707666662,0,0,0,0
15898,1,0.709327741,0,0,0,0
15899,2,0.710584754,0,0,0,0
15900,2,0.710689531,0,0,0,0
15901,1,0.710416826,0,0,0,0
15903,1,0.710251298,0,0,0,0
15908,1,0.707955435,0,0,0,0
15910,1,0.709226977,0,0,0,0
15911,2,0.709269476,0,0,0,0
15975,2,0.709322909,0,0,0,0
15991,1,0.711611321,0,0,0,0
16031,1,0.711963432,0,0,0,0
16032,1,0.709535866,0,0,0,0
16282,2,0.710279818,0,0,0,0
16283,1,0.71083341,0,0,0,0
16287,1,0.707962655,0,0,0,0
16384,1,0.711061801,0,0,0,0
16388,2,0.712856934,0,0,0,0
16389,1,0.710515064,0,0,0,0
16498,1,0.709357658,0,0,0,0
16499,1,0.711581428,0,0,0,0
16500,1,0.71288313699999994,0,0,0,0
16602,1,0.709704236,0,0,0,0
16640,2,0.711585865,0,0,0,0
16641,1,0.713036753,0,0,0,0
15976,1,0.709247525,0,0,0,0
16117,1,0.710589508,0,0,0,0
16118,1,0.708058233,0,0,0,0
16461,2,0.711838322,0,0,0,0
16462,1,0.707248688,0,0,0,0
15913,1,0.709979858,0,0,0,0
15914,2,0.71177824,0,0,0,0
15916,1,0.709258394,0,0,0,0
15917,1,0.710160591,0,0,0,0
15919,2,0.709941728,0,0,0,0
15920,1,0.711863811,0,0,0,0
15921,1,0.710653427,0,0,0,0
15922,1,0.710440485,0,0,0,0
15923,1,0.707961164,0,0,0,0
15925,1,0.711845846,0,0,0,0
15926,2,0.709306813,0,0,0,0
15960,1,0.710615406,0,0,0,0
16051,1,0.712113815,0,0,0,0
16052,2,0.709378676,0,0,0,0
16156,1,0.711020862,0,0,0,0
16157,1,0.712387161,0,0,0,0
16158,1,0.712085819,0,0,0,0
16291,2,0.712700465,0,0,0,0
16292,2,0.710692595,0,0,0,0
16293,1,0.712642051,0,0,0,0
16366,1,0.711244055,0,0,0,0
16367,2,0.712333397,0,0,0,0
16368,1,0.709369424,0,0,0,0
16456,1,0.712219325,0,0,0,0
16458,2,0.712301508,0,0,0,0
16092,1,0.709363895,0,0,0,0
16192,1,0.707402386,0,0,0,0
16193,2,0.707977675,0,0,0,0
16194,2,0.710997726,0,0,0,0
16273,2,0.712650249,0,0,0,0
16274,2,0.711051575,0,0,0,0
16275,2,0.709143142,0,0,0,0
16318,2,0.708091156,0,0,0,0
16320,2,0.708363931,0,0,0,0
16342,2,0.707521554,0,0,0,0
16343,2,0.711276457,0,0,0,0
16393,1,0.711984849,0,0,0,0
16395,1,0.707145022,0,0,0,0
16429,1,0.711000493,0,0,0,0
16430,1,0.712828602,0,0,0,0
16431,2,0.710859437,0,0,0,0
16465,1,0.712589146,0,0,0,0
16467,1,0.712240761,0,0,0,0
16215,2,0.709170864,0,0,0,0
16216,1,0.710781168,0,0,0,0
16385,1,0.708164486,0,0,0,0
16386,1,0.710942627,0,0,0,0
16387,1,0.708074144,0,0,0,0
15935,2,0.710042641,0,0,0,0
15936,1,0.710490312,0,0,0,0
15954,1,0.711908347,0,0,0,0
15955,1,0.712012474,0,0,0,0
15956,1,0.709136165,0,0,0,0
15961,1,0.710646957,0,0,0,0
15962,2,0.711044574,0,0,0,0
15963,2,0.712168325,0,0,0,0
15964,1,0.711307018,0,0,0,0
15965,1,0.710207463,0,0,0,0
15966,1,0.710486409,0,0,0,0
15967,1,0.706478303,0,0,0,0
15968,1,0.711592165,0,0,0,0
15969,1,0.711866062,0,0,0,0
15970,2,0.711262831,0,0,0,0
15971,2,0.710729384,0,0,0,0
15972,1,0.709139398,0,0,0,0
15974,2,0.708692198,0,0,0,0
15978,1,0.711292432,0,0,0,0
15979,2,0.706597572,0,0,0,0
15981,1,0.710323314,0,0,0,0
15983,2,0.708871787,0,0,0,0
15985,1,0.711820863,0,0,0,0
15986,2,0.708826997,0,0,0,0
15987,1,0.707941012,0,0,0,0
15988,1,0.70991221,0,0,0,0
15989,2,0.712188708,0,0,0,0
15990,1,0.710700291,0,0,0,0
15996,1,0.710044745,0,0,0,0
15997,2,0.709983094,0,0,0,0
15998,2,0.711848659,0,0,0,0
16005,1,0.710038657,0,0,0,0
16007,2,0.710050031,0,0,0,0
16009,2,0.711929303,0,0,0,0
16010,1,0.71012609,0,0,0,0
16011,2,0.7119611,0,0,0,0
16018,2,0.710246576,0,0,0,0
16019,2,0.710155301,0,0,0,0
16020,1,0.712136386,0,0,0,0
16021,1,0.710057623,0,0,0,0
16022,2,0.708922702,0,0,0,0
16023,1,0.710327953,0,0,0,0
16024,1,0.708654519,0,0,0,0
16026,1,0.709614049,0,0,0,0
16027,2,0.712022094,0,0,0,0
16028,2,0.712181019,0,0,0,0
16029,2,0.709267207,0,0,0,0
16033,1,0.710307545,0,0,0,0
16035,2,0.71025105,0,0,0,0
16038,1,0.710355973,0,0,0,0
16039,1,0.709123698,0,0,0,0
16041,1,0.710100073,0,0,0,0
16043,2,0.710169869,0,0,0,0
16044,1,0.710240377,0,0,0,0
16046,1,0.71233043,0,0,0,0
16047,1,0.707941324,0,0,0,0
16048,1,0.710097267,0,0,0,0
16050,1,0.709387446,0,0,0,0
16054,1,0.711849533,0,0,0,0
16059,2,0.706435404,0,0,0,0
16060,1,0.710270535,0,0,0,0
16061,1,0.710932136,0,0,0,0
16064,2,0.708422558,0,0,0,0
16066,1,0.710090326,0,0,0,0
16067,1,0.710249826,0,0,0,0
16071,2,0.710119209,0,0,0,0
16072,2,0.710971701,0,0,0,0
16073,1,0.710481107,0,0,0,0
16075,1,0.709553008,0,0,0,0
16076,1,0.705865821,0,0,0,0
16077,1,0.710498506,0,0,0,0
16078,1,0.710765626,0,0,0,0
16079,2,0.712043552,0,0,0,0
16081,1,0.712090951,0,0,0,0
16082,1,0.708741651,0,0,0,0
16084,1,0.711441963,0,0,0,0
16085,2,0.710263212,0,0,0,0
16087,1,0.712251493,0,0,0,0
16148,1,0.710259031,0,0,0,0
16180,2,0.707946696,0,0,0,0
16181,1,0.711907053,0,0,0,0
16242,1,0.710670127,0,0,0,0
16243,1,0.709020076,0,0,0,0
16286,1,0.711750594,0,0,0,0
16314,2,0.712776803,0,0,0,0
16098,1,0.707991142,0,0,0,0
16099,1,0.710287483,0,0,0,0
16100,1,0.71197943,0,0,0,0
16102,2,0.710106672,0,0,0,0
16104,1,0.710557431,0,0,0,0
16105,1,0.711004296,0,0,0,0
16107,1,0.708054669,0,0,0,0
16108,1,0.710251874,0,0,0,0
16109,1,0.712279546,0,0,0,0
16111,1,0.709550953,0,0,0,0
16112,2,0.709365134,0,0,0,0
16113,1,0.706613706,0,0,0,0
16120,2,0.707959119,0,0,0,0
16121,2,0.707979312,0,0,0,0
16122,1,0.711882954,0,0,0,0
16124,1,0.710487521,0,0,0,0
16126,2,0.710322747,0,0,0,0
16128,2,0.710286977,0,0,0,0
16130,2,0.712075588,0,0,0,0
16134,2,0.710749306,0,0,0,0
16135,2,0.707977882,0,0,0,0
16136,2,0.710538844,0,0,0,0
16137,1,0.710959976,0,0,0,0
16138,2,0.709437702,0,0,0,0
16140,1,0.71029434,0,0,0,0
16141,1,0.707992387,0,0,0,0
16144,3,0.709223333,62.75709291901836,6.069216485814682e-4,0.9296648658019399,120.64024377513276
16150,4,0.711807027,0,0,0,0
16495,4,0.712082739,0,0,0,0
16496,3,0.70928952,59.29963931068088,5.734847357758686e-4,0.8784471787596292,113.9938548691125
16563,3,0.709578611,50.174510504566754,4.8523593454998063e-4,0.743270240944674,96.45228765423785
16765,4,0.713116222,0,0,0,0
16808,3,0.712393447,0,0,0,0
16159,3,0.709127237,65.2022800334729,6.30568967562765e-4,0.9658871387735918,125.34071595832106
16163,5,0.711861985,0,0,0,0
16168,4,0.708260133,44.456113105288125,4.299335134946802e-4,0.658559606599923,85.45960421139156
16170,4,0.708274816,44.39618127867046,4.293539148975905e-4,0.6576717943868609,85.34439507985365
16174,4,0.712149007,0,0,0,0
16175,3,0.7078259,42.70671843042777,4.1301517883797517e-4,0.6326445954037013,82.09667915833968
16182,4,0.708449503,38.708288978486294,3.7434650758769167e-4,0.573413053486131,74.41035269923583
16185,3,0.712228742,0,0,0,0
16196,3,0.71226682,0,0,0,0
16197,3,0.70779951,41.84097635341127,4.0464261751957213e-4,0.61981975036368,80.43243165483543
16200,3,0.707810971,43.470671422505575,4.204033414794301e-4,0.6439615672840826,83.56525379923224
16201,4,0.710999742,4.518988512707756,4.3702979702907e-5,0.06694294865837895,8.687016087465636
16232,4,0.708369046,40.34730592493776,3.901973830971248e-4,0.5976929619187306,77.56109462774788
16414,3,0.708110256,41.93564929083825,4.055581961830608e-4,0.6212222070354971,80.61442488809173
16839,3,0.711748147,0.8186063365570779,7.91671322257655e-6,0.012126590232628916,1.5736367541044314
16840,3,0.71181088,0,0,0,0
16481,4,0.709175073,64.44034021657613,6.232002742680075e-4,0.954599989470189,123.87601131734891
16574,3,0.708440437,39.5210430876862,3.8220662412437534e-4,0.5854529505673154,75.97273950369859
16624,4,0.712104894,0,0,0,0
16625,5,0.712302161,0,0,0,0
16205,3,0.710601677,8.320779537329003,8.046996760661387e-5,0.12326154753408378,15.995337341037066
16208,4,0.708407365,40.34362987289588,3.901618321265212e-4,0.5976385059796607,77.55402801911713
16223,3,0.712464149,0,0,0,0
16225,4,0.708331337,40.333632565421446,3.900651485159278e-4,0.5974904088470611,77.53480983110504
16227,4,0.711202074,1.9434445996970224,1.879498468638305e-5,0.02878960893396172,3.7359542860511046
16228,4,0.708410314,40.343301443366016,3.9015865589603577e-4,0.5976336407225145,77.55339666707862
16236,4,0.708396751,41.14507862011085,3.979126149032335e-4,0.6095109287986747,79.09468211477534
16237,5,0.710336962,11.960986234474229,1.1567427913614225e-4,0.177186484352935,22.99303916100754
16238,3,0.707787198,45.03769757226688,4.3555799651437014e-4,0.6671750255159009,86.57760519914741
16239,3,0.712277824,0,0,0,0
16240,4,0.712453058,0,0,0,0
16247,4,0.712492758,0,0,0,0
16254,4,0.708533413,36.35096568358293,3.5154891652928435e-4,0.53849236894397,69.87878433419196
16255,4,0.708484901,37.08913133616723,3.586876907132764e-4,0.5494273348646336,71.2977870338408
16259,4,0.71229408,0,0,0,0
16260,4,0.708537141,36.358078904691,3.5161770824159653e-4,0.5385977420809218,69.8924583380151
16266,3,0.708210106,43.0683854965655,4.165128483731332e-4,0.6380022235038395,82.79192492252118
16271,4,0.708568192,38.84076887924048,3.756277160699487e-4,0.5753755712419331,74.66502363408797
16272,4,0.712195293,0,0,0,0
16276,4,0.708548115,38.78597004262767,3.750977584394971e-4,0.5745637976125922,74.55968183605259
16279,3,0.71247146,0,0,0,0
16281,5,0.71073804,5.628893925561955,5.4436836094378334e-5,0.08338475656725437,10.820627657823959
16294,3,0.7082453,43.722765578891355,4.228413352403719e-4,0.6476960149642558,84.04986357106968
16297,5,0.710825427,5.516004070175246,5.334508225504997e-5,0.08171243990348041,10.603615380165303
16303,3,0.708036037,40.69340382863668,3.935444838073918e-4,0.6028199530878686,78.22641122433049
16309,4,0.712425223,0,0,0,0
16310,3,0.712440831,0,0,0,0
16311,3,0.70827264,44.40498331726881,4.29439039104728e-4,0.6578021851626553,85.3613155590032
16323,3,0.708054755,42.20588040117613,4.0817159179072393e-4,0.6252253301446563,81.13389998660936
16325,4,0.712502609,0,0,0,0
16332,5,0.710917907,4.618893459462344,4.466915694543767e-5,0.06842291075664574,8.879067002672429
16370,5,0.711050807,4.434681505119634,4.288764958399311e-5,0.06569404978097697,8.524949658408648
16381,4,0.708710292,52.961755168854005,5.121912801207515e-4,0.7845596524877718,101.81030951472226
16382,3,0.71078497,6.353643819587353,6.144586694701425e-5,0.09412098544003739,12.21384075652581
16383,3,0.710797291,5.53952693809204,5.357257108717047e-5,0.08206090065632889,10.648834245281222
16396,4,0.708789041,53.93650326769152,5.216180348600367e-4,0.798999280238946,103.68410326126893
16397,5,0.711217468,1.9386142591365818,1.874827063192652e-5,0.028718053708886297,3.7266687465905624
16404,4,0.708830021,55.15826406000156,5.334336407103245e-4,0.817098080393546,106.03273849855404
16409,3,0.710812557,5.527571721762841,5.345695260858624e-5,0.08188379964563261,10.625852297819122
16411,3,0.710799804,5.537691287429299,5.355481857387467e-5,0.08203370787464223,10.645305507203362
16423,3,0.711307641,1.8952401753255923,1.8328801385856666e-5,0.028075522961685202,3.643289166672273
16425,3,0.711377376,1.8448811473806437,1.7841780989600452e-5,0.027329519334385745,3.54648217442684
16426,5,0.711389937,1.834348877421002,1.7739923775540848e-5,0.02717349742700939,3.5262356085593565
16434,3,0.711887213,0,0,0,0
16441,4,0.712400403,0,0,0,0
16455,3,0.711710447,0.8439393660820464,8.161708064238464e-6,0.012501866179908323,1.6223353587609364
16459,4,0.709063627,65.7419594025368,6.357881878475595e-4,0.9738817880615105,126.3781612512108
16472,5,0.712160305,0,0,0,0
16710,3,0.712629903,0,0,0,0
16755,4,0.713143942,0,0,0,0
16485,4,0.711541679,0.9379339306069355,9.070726207139963e-6,0.01389427363778567,1.803024531098039
16486,5,0.712272134,0,0,0,0
16491,3,0.712541496,0,0,0,0
16586,4,0.712145356,0,0,0,0
16789,3,0.712043758,0,0,0,0
16791,3,0.711661681,0.8746051045277268,8.458275347181875e-6,0.012956139287389713,1.6812852238607299
16494,3,0.708332678,40.33389798504698,3.9006771537983433e-4,0.5974943406942687,77.53532005691119
16504,3,0.709285438,60.12221025404554,5.814397905720859e-4,0.890632499495605,115.5751129311758
16513,4,0.709352462,57.26840535214446,5.538407432735328e-4,0.8483570844349628,110.0891399034532
16516,5,0.711910694,0,0,0,0
16520,5,0.711776153,0,0,0,0
16774,4,0.713059586,0,0,0,0
16526,3,0.709389889,56.097564655511796,5.425175838858993e-4,0.8310125993977889,107.83839021933575
16530,4,0.711672467,0.8680425422378582,8.394809037022715e-6,0.012858923446012227,1.668669771525153
16532,4,0.709456667,57.74660602099586,5.584654052008558e-4,0.8554410065855286,111.00840245339491
16537,3,0.709542947,53.193272531839014,5.144302764330793e-4,0.7879892816847139,102.2553637677089
16538,3,0.709296046,58.46566805348223,5.654194289436719e-4,0.8660929771730974,112.39068156884943
16539,3,0.708416226,40.34108993890875,3.9013726851385127e-4,0.5976008801547626,77.54914541157227
16549,5,0.711989096,0,0,0,0
16550,4,0.712145963,0,0,0,0
16570,5,0.71220968,0,0,0,0
16575,5,0.712130057,0,0,0,0
16576,4,0.712157982,0,0,0,0
16578,3,0.708439424,39.52229097470898,3.822186923960858e-4,0.5854714363936595,75.97513836233956
16580,5,0.712337083,0,0,0,0
16591,4,0.712117186,0,0,0,0
16595,4,0.711785479,0,0,0,0
16599,5,0.712417613,0,0,0,0
16626,4,0.712195694,0,0,0,0
16634,3,0.712161082,0,0,0,0
16644,3,0.711941111,0,0,0,0
16649,3,0.712598791,0,0,0,0
16658,3,0.713012893,0,0,0,0
16665,4,0.712628514,0,0,0,0
16670,5,0.712581435,0,0,0,0
16674,5,0.712393398,0,0,0,0
16675,3,0.712937025,0,0,0,0
16679,5,0.712647825,0,0,0,0
16942,4,0.710862204,5.475536609352206,5.295372285813976e-5,0.08111296700272093,10.525823307403872
16691,4,0.71264278700000006,0,0,0,0
16693,3,0.71279515,0,0,0,0
16697,3,0.712536079,0,0,0,0
16704,3,0.712455781,0,0,0,0
16707,3,0.712602319,0,0,0,0
16718,3,0.712464137,0,0,0,0
16719,3,0.712415589,0,0,0,0
16724,4,0.713115257,0,0,0,0
16725,4,0.713128985,0,0,0,0
16726,3,0.713040076,0,0,0,0
16142,1,0.710338383,0,0,0,0
16143,2,0.710480156,0,0,0,0
16145,2,0.712431925,0,0,0,0
16149,1,0.712363989,0,0,0,0
16151,1,0.708140255,0,0,0,0
16152,1,0.710590563,0,0,0,0
16153,2,0.712135201,0,0,0,0
16154,2,0.708326729,0,0,0,0
16155,1,0.710391763,0,0,0,0
16261,1,0.710828133,0,0,0,0
16262,1,0.712578857,0,0,0,0
16263,2,0.709212329,0,0,0,0
16372,2,0.710845292,0,0,0,0
16373,2,0.711188104,0,0,0,0
16374,1,0.708273828,0,0,0,0
16444,1,0.712638072,0,0,0,0
16445,1,0.712529398,0,0,0,0
16446,2,0.708781842,0,0,0,0
16497,1,0.708317934,0,0,0,0
16561,2,0.712861744,0,0,0,0
16562,1,0.709230094,0,0,0,0
16766,1,0.712960092,0,0,0,0
16767,1,0.713020833,0,0,0,0
16807,2,0.712267948,0,0,0,0
16809,2,0.712364924,0,0,0,0
16160,1,0.707949685,0,0,0,0
16161,1,0.712072075,0,0,0,0
16162,1,0.712475291,0,0,0,0
16164,1,0.709415718,0,0,0,0
16165,1,0.71210255,0,0,0,0
16166,1,0.710577803,0,0,0,0
16167,1,0.709870528,0,0,0,0
16169,2,0.710816945,0,0,0,0
16171,2,0.710974945,0,0,0,0
16172,1,0.71137748,0,0,0,0
16173,1,0.710638043,0,0,0,0
16176,1,0.712316437,0,0,0,0
16177,2,0.711455405,0,0,0,0
16178,1,0.71252142,0,0,0,0
16183,1,0.711952634,0,0,0,0
16184,1,0.712718535,0,0,0,0
16186,2,0.710583171,0,0,0,0
16187,1,0.707953361,0,0,0,0
16188,2,0.711602176,0,0,0,0
16189,2,0.712058459,0,0,0,0
16190,1,0.707976136,0,0,0,0
16191,1,0.711388329,0,0,0,0
16195,1,0.709427871,0,0,0,0
16198,1,0.71003277,0,0,0,0
16199,1,0.707954527,0,0,0,0
16202,1,0.711728669,0,0,0,0
16230,1,0.711449996,0,0,0,0
16231,2,0.707696543,0,0,0,0
16413,2,0.709484375,0,0,0,0
16415,1,0.71229329,0,0,0,0
16572,1,0.708389791,0,0,0,0
16573,1,0.7118393,0,0,0,0
16623,1,0.712722489,0,0,0,0
16662,1,0.713037842,0,0,0,0
16663,1,0.713098948,0,0,0,0
16664,1,0.712166271,0,0,0,0
16869,1,0.711812061,0,0,0,0
16946,1,0.709781646,0,0,0,0
17004,1,0.710135825,0,0,0,0
16203,1,0.707955502,0,0,0,0
16204,1,0.712450155,0,0,0,0
16206,2,0.711091606,0,0,0,0
16207,2,0.712185385,0,0,0,0
16212,1,0.710183408,0,0,0,0
16213,1,0.712503559,0,0,0,0
16220,1,0.708934867,0,0,0,0
16221,1,0.707981316,0,0,0,0
16222,1,0.709254485,0,0,0,0
16224,1,0.712144974,0,0,0,0
16226,2,0.710766854,0,0,0,0
16229,1,0.709231456,0,0,0,0
16233,2,0.707499695,0,0,0,0
16234,2,0.712368014,0,0,0,0
16235,2,0.709154717,0,0,0,0
16241,2,0.708263118,0,0,0,0
16245,1,0.710746589,0,0,0,0
16246,1,0.708435392,0,0,0,0
16248,1,0.708430332,0,0,0,0
16249,2,0.70795196,0,0,0,0
16250,1,0.707953908,0,0,0,0
16251,2,0.710555717,0,0,0,0
16252,1,0.70800145,0,0,0,0
16253,1,0.707961465,0,0,0,0
16256,1,0.710668074,0,0,0,0
16257,1,0.712527586,0,0,0,0
16258,2,0.710682071,0,0,0,0
16264,1,0.708340492,0,0,0,0
16265,2,0.712604262,0,0,0,0
16267,1,0.708008043,0,0,0,0
16268,1,0.708598173,0,0,0,0
16269,2,0.711007509,0,0,0,0
16270,2,0.712580223,0,0,0,0
16277,1,0.710902936,0,0,0,0
16278,1,0.710744385,0,0,0,0
16280,2,0.708422707,0,0,0,0
16288,1,0.709736536,0,0,0,0
16289,1,0.708335028,0,0,0,0
16290,1,0.708482713,0,0,0,0
16295,1,0.707991171,0,0,0,0
16296,1,0.710822564,0,0,0,0
16298,1,0.708433712,0,0,0,0
16299,1,0.708738509,0,0,0,0
16300,1,0.708233614,0,0,0,0
16301,1,0.708511475,0,0,0,0
16302,1,0.707987825,0,0,0,0
16304,1,0.708073366,0,0,0,0
16305,2,0.708893262,0,0,0,0
16306,1,0.710871096,0,0,0,0
16307,2,0.707996301,0,0,0,0
16308,2,0.71194504,0,0,0,0
16312,1,0.708824771,0,0,0,0
16313,1,0.712627967,0,0,0,0
16317,2,0.710774172,0,0,0,0
16321,1,0.708419431,0,0,0,0
16322,1,0.710764928,0,0,0,0
16324,2,0.712874872,0,0,0,0
16326,1,0.711346419,0,0,0,0
16327,2,0.708775265,0,0,0,0
16328,1,0.7126444,0,0,0,0
16329,1,0.710220421,0,0,0,0
16330,1,0.710481722,0,0,0,0
16331,1,0.711163854,0,0,0,0
16333,1,0.712687448,0,0,0,0
16334,1,0.711919708,0,0,0,0
16335,1,0.708266944,0,0,0,0
16336,1,0.711845398,0,0,0,0
16351,1,0.708619542,0,0,0,0
16352,1,0.708481897,0,0,0,0
16353,2,0.708392392,0,0,0,0
16354,1,0.71095052,0,0,0,0
16355,1,0.708517551,0,0,0,0
16359,2,0.712760634,0,0,0,0
16360,1,0.710522045,0,0,0,0
16361,2,0.708504265,0,0,0,0
16362,1,0.708440836,0,0,0,0
16363,1,0.710742979,0,0,0,0
16364,1,0.711513394,0,0,0,0
16365,1,0.708142911,0,0,0,0
16369,1,0.712464193,0,0,0,0
16371,1,0.706698074,0,0,0,0
16375,1,0.711549611,0,0,0,0
16376,1,0.708484433,0,0,0,0
16377,1,0.708225297,0,0,0,0
16378,1,0.711621261,0,0,0,0
16379,1,0.712795057,0,0,0,0
16380,1,0.710435999,0,0,0,0
16390,1,0.708278707,0,0,0,0
16391,1,0.712429591,0,0,0,0
16392,1,0.70948558,0,0,0,0
16401,1,0.711300285,0,0,0,0
16402,1,0.710715668,0,0,0,0
16403,1,0.708342426,0,0,0,0
16405,2,0.708398505,0,0,0,0
16406,1,0.708606342,0,0,0,0
16407,1,0.707313711,0,0,0,0
16408,2,0.710577733,0,0,0,0
16410,1,0.712114994,0,0,0,0
16424,1,0.712461299,0,0,0,0
16427,1,0.712521384,0,0,0,0
16428,2,0.711049355,0,0,0,0
16432,1,0.712761958,0,0,0,0
16433,1,0.708426697,0,0,0,0
16435,1,0.708604094,0,0,0,0
16436,1,0.710657334,0,0,0,0
16437,1,0.707715653,0,0,0,0
16438,1,0.711600758,0,0,0,0
16439,1,0.708483229,0,0,0,0
16440,1,0.711227791,0,0,0,0
16442,1,0.708454287,0,0,0,0
16443,2,0.712162357,0,0,0,0
16447,1,0.712788561,0,0,0,0
16448,2,0.708976765,0,0,0,0
16452,2,0.709397225,0,0,0,0
16453,1,0.708939034,0,0,0,0
16454,1,0.709509822,0,0,0,0
16460,1,0.711823864,0,0,0,0
16464,2,0.710721673,0,0,0,0
16468,1,0.711641432,0,0,0,0
16469,2,0.711776551,0,0,0,0
16470,2,0.708771674,0,0,0,0
16471,1,0.70826259,0,0,0,0
16565,1,0.711619571,0,0,0,0
16566,1,0.712860964,0,0,0,0
16567,1,0.712165926,0,0,0,0
16604,2,0.709840602,0,0,0,0
16605,1,0.711919232,0,0,0,0
16606,1,0.709933961,0,0,0,0
16637,1,0.711287995,0,0,0,0
16638,1,0.712020862,0,0,0,0
16639,1,0.710045192,0,0,0,0
16709,1,0.713102537,0,0,0,0
16711,1,0.712631106,0,0,0,0
16712,2,0.712655391,0,0,0,0
16713,1,0.712328019,0,0,0,0
16714,2,0.712694284,0,0,0,0
16754,1,0.713086122,0,0,0,0
16756,2,0.71300922,0,0,0,0
16838,2,0.711759051,0,0,0,0
16487,2,0.708739101,0,0,0,0
16488,1,0.71273318,0,0,0,0
16489,1,0.712586332,0,0,0,0
16490,1,0.712892349,0,0,0,0
16585,2,0.709322408,0,0,0,0
16587,2,0.709281523,0,0,0,0
16630,1,0.708392528,0,0,0,0
16631,1,0.712123273,0,0,0,0
16632,1,0.712984225,0,0,0,0
16790,2,0.711518507,0,0,0,0
16837,1,0.710927026,0,0,0,0
16841,2,0.711664913,0,0,0,0
16842,2,0.711146405,0,0,0,0
16943,1,0.710782068,0,0,0,0
16944,2,0.710259886,0,0,0,0
16945,2,0.71023958,0,0,0,0
16492,2,0.707998907,0,0,0,0
16493,2,0.710872606,0,0,0,0
16501,1,0.70850046,0,0,0,0
16502,2,0.710169316,0,0,0,0
16503,1,0.711281178,0,0,0,0
16514,1,0.708868513,0,0,0,0
16515,1,0.708763862,0,0,0,0
16517,1,0.710445548,0,0,0,0
16518,1,0.712463524,0,0,0,0
16519,1,0.711233171,0,0,0,0
16521,2,0.711817467,0,0,0,0
16522,1,0.707828912,0,0,0,0
16523,2,0.708279547,0,0,0,0
16728,2,0.71264479,0,0,0,0
16729,1,0.713024565,0,0,0,0
16730,1,0.712645995,0,0,0,0
16773,1,0.713003103,0,0,0,0
16775,1,0.712519152,0,0,0,0
16524,1,0.712735364,0,0,0,0
16525,2,0.711791023,0,0,0,0
16527,1,0.70930847,0,0,0,0
16528,2,0.712502917,0,0,0,0
16529,2,0.708284895,0,0,0,0
16531,1,0.708690102,0,0,0,0
16533,2,0.708312637,0,0,0,0
16534,1,0.708384043,0,0,0,0
16535,2,0.708304913,0,0,0,0
16536,1,0.712896438,0,0,0,0
16540,2,0.712939979,0,0,0,0
16541,1,0.712653149,0,0,0,0
16542,1,0.711745724,0,0,0,0
16543,2,0.712185095,0,0,0,0
16544,1,0.712048673,0,0,0,0
16545,1,0.709570518,0,0,0,0
16546,1,0.712191082,0,0,0,0
16547,2,0.709170647,0,0,0,0
16548,1,0.708779076,0,0,0,0
16551,2,0.712607916,0,0,0,0
16552,1,0.708678532,0,0,0,0
16553,1,0.712928157,0,0,0,0
16554,1,0.710213766,0,0,0,0
16555,2,0.712135748,0,0,0,0
16556,2,0.710932237,0,0,0,0
16557,2,0.708826037,0,0,0,0
16558,2,0.712160383,0,0,0,0
16559,1,0.712639264,0,0,0,0
16560,2,0.712454368,0,0,0,0
16564,1,0.708453923,0,0,0,0
16568,2,0.712105068,0,0,0,0
16569,1,0.710623088,0,0,0,0
16571,1,0.709319961,0,0,0,0
16577,1,0.708346217,0,0,0,0
16579,2,0.709698738,0,0,0,0
16581,1,0.712070891,0,0,0,0
16582,1,0.713035966,0,0,0,0
16583,1,0.712115966,0,0,0,0
16584,1,0.710562481,0,0,0,0
16588,2,0.711041213,0,0,0,0
16589,1,0.708344506,0,0,0,0
16590,2,0.708452374,0,0,0,0
16592,2,0.708406772,0,0,0,0
16593,1,0.709246138,0,0,0,0
16594,2,0.710533995,0,0,0,0
16596,1,0.709681241,0,0,0,0
16597,1,0.712935865,0,0,0,0
16598,2,0.712960201,0,0,0,0
16603,1,0.712668178,0,0,0,0
16607,1,0.708012563,0,0,0,0
16608,1,0.708486189,0,0,0,0
16609,2,0.708473046,0,0,0,0
16610,1,0.710463873,0,0,0,0
16611,1,0.708794548,0,0,0,0
16612,1,0.709484928,0,0,0,0
16621,1,0.712856558,0,0,0,0
16622,2,0.71298082,0,0,0,0
16627,2,0.709251783,0,0,0,0
16628,1,0.713025736,0,0,0,0
16629,1,0.710192983,0,0,0,0
16633,2,0.712934964,0,0,0,0
16653,2,0.712964443,0,0,0,0
16654,1,0.713066848,0,0,0,0
16655,1,0.712460826,0,0,0,0
16635,2,0.713006682,0,0,0,0
16642,1,0.709619545,0,0,0,0
16643,2,0.71300907,0,0,0,0
16645,2,0.712957171,0,0,0,0
16646,1,0.713021826,0,0,0,0
16647,1,0.713065893,0,0,0,0
16648,1,0.713078742,0,0,0,0
16650,1,0.709980645,0,0,0,0
16651,2,0.712518989,0,0,0,0
16652,2,0.712105559,0,0,0,0
16656,1,0.713036682,0,0,0,0
16657,2,0.712976286,0,0,0,0
16659,2,0.712604199,0,0,0,0
16660,1,0.713059253,0,0,0,0
16661,2,0.71305269,0,0,0,0
16666,1,0.713058754,0,0,0,0
16667,2,0.7129822,0,0,0,0
16668,1,0.712623169,0,0,0,0
16669,1,0.713021356,0,0,0,0
16671,1,0.713091075,0,0,0,0
16672,1,0.713062854,0,0,0,0
16673,2,0.712175495,0,0,0,0
16676,2,0.712975917,0,0,0,0
16677,1,0.712496431,0,0,0,0
16678,2,0.712989954,0,0,0,0
16680,1,0.712963287,0,0,0,0
16744,1,0.713047038,0,0,0,0
16745,2,0.713055205,0,0,0,0
16746,1,0.713093996,0,0,0,0
16831,1,0.711766148,0,0,0,0
16832,2,0.711764036,0,0,0,0
16833,1,0.711312317,0,0,0,0
16870,1,0.711509301,0,0,0,0
16941,1,0.710302629,0,0,0,0
16681,1,0.713011871,0,0,0,0
16682,2,0.712275606,0,0,0,0
16683,1,0.712825322,0,0,0,0
16684,1,0.712262368,0,0,0,0
16685,1,0.712556531,0,0,0,0
16686,1,0.713138352,0,0,0,0
16690,2,0.713042674,0,0,0,0
16692,1,0.712858868,0,0,0,0
16694,1,0.712498559,0,0,0,0
16695,2,0.712799008,0,0,0,0
16696,1,0.713137849,0,0,0,0
16698,2,0.71284695,0,0,0,0
16699,1,0.712864333,0,0,0,0
16700,1,0.712854103,0,0,0,0
16701,2,0.712762942,0,0,0,0
16702,1,0.712782196,0,0,0,0
16703,1,0.712466364,0,0,0,0
16705,2,0.712301782,0,0,0,0
16706,1,0.712317035,0,0,0,0
16708,1,0.712328376,0,0,0,0
16715,2,0.712346678,0,0,0,0
16716,1,0.712329861,0,0,0,0
16717,1,0.712644095,0,0,0,0
16720,1,0.712372916,0,0,0,0
16721,2,0.712376703,0,0,0,0
16722,1,0.712538151,0,0,0,0
16723,2,0.712478474,0,0,0,0
16758,1,0.713100553,0,0,0,0
16759,2,0.712984164,0,0,0,0
16760,2,0.712966476,0,0,0,0
16727,1,0.713159567,0,0,0,0
16731,1,0.713142406,0,0,0,0
16732,1,0.712368933,0,0,0,0
16733,1,0.712795069,0,0,0,0
16734,1,0.712930147,0,0,0,0
16735,2,0.712658449,0,0,0,0
16736,1,0.712501338,0,0,0,0
16737,2,0.713128033,0,0,0,0
16738,1,0.71311926,0,0,0,0
16739,1,0.712798514,0,0,0,0
16741,4,0.713149126,0,0,0,0
16747,3,0.71312508,0,0,0,0
16748,4,0.713161938,0,0,0,0
16782,4,0.712980629,0,0,0,0
16786,4,0.712923183,0,0,0,0
16787,3,0.712183554,0,0,0,0
16795,3,0.711493857,0.9576054612474011,9.260968891291034e-6,0.014185681828356032,1.840839830397484
16796,4,0.71275684,0,0,0,0
16806,4,0.712673564,0,0,0,0
16812,3,0.711350623,1.8658545211296786,1.8044613752878783e-5,0.027640212640670195,3.586800054114727
16816,4,0.712437464,0,0,0,0
16819,4,0.712236862,0,0,0,0
16829,4,0.712072128,0,0,0,0
16843,3,0.711873949,0,0,0,0
16846,3,0.711188349,1.9471031719339948,1.8830366610405297e-5,0.02884380593241257,3.7429872926167023
16948,3,0.710148305,13.865425537202263,1.340920449610593e-4,0.2053982804455812,26.654012145089602
16856,3,0.711035037,4.462442556102724,4.3156125736174874e-5,0.06610529371431241,8.578315737082425
16857,3,0.711004653,4.511591841007602,4.3631446749841984e-5,0.0668333765688563,8.672797196253091
16859,4,0.711803445,0,0,0,0
16862,4,0.711797727,0,0,0,0
16949,4,0.710792087,6.344002997010081,6.135263088938123e-5,0.09397816916843149,12.195307852405865
16959,4,0.710686824,6.513899601430396,6.299569500288675e-5,0.0964949668179407,12.52190627850381
16961,4,0.710387317,11.02365612948142,1.0660939250537741e-4,0.16330115560778877,21.19117538586389
16962,4,0.710425066,7.7450493929292135,7.490210153563347e-5,0.1147328528075414,14.888590330644007
16963,4,0.710327342,11.987658966093438,1.1593223018985646e-4,0.17758160624765595,23.044313123758528
16965,4,0.710600639,8.3231598452476,8.049298748116337e-5,0.12329680870598933,15.999913093580767
16966,4,0.710338304,11.95713450503544,1.156370291955834e-4,0.17712942598127907,22.985634841322895
16971,4,0.710483688,8.502651197002486,8.22288420602428e-5,0.1259557400821947,16.344955851682702
16974,3,0.709971138,19.99138616653086,1.933359957459523e-4,0.2961464349804267,38.43016921840592
16975,4,0.710257075,12.131670123078683,1.1732495704743086e-4,0.17971494459564843,23.32115101214602
16976,4,0.710550653,8.421639013476385,8.144537606948552e-5,0.12475564974621788,16.189223182835914
16977,4,0.710202803,13.798463841484343,1.3344446074600694e-4,0.20440632984736276,26.525289240326785
16984,3,0.709962157,20.84358063947522,2.0157753865965641e-4,0.3087705898524393,40.068373669534544
16986,4,0.710133606,13.083261304102463,1.2652776204523082e-4,0.1938115326697064,25.15042937277871
16988,3,0.710419594,7.748730810186194,7.493770439304444e-5,0.11478738822530826,14.895667253023015
16992,3,0.70995216,20.90464071475891,2.0216804851009684e-4,0.30967511560489436,40.18575167454599
16994,3,0.710005476,17.39608146022023,1.6823689478922288e-4,0.2577003647550127,33.44112052483299
16996,3,0.710316603,12.01547937997324,1.1620128043853411e-4,0.17799372956524645,23.09779331788918
16740,2,0.712995616,0,0,0,0
16742,1,0.712757856,0,0,0,0
16743,2,0.71301974,0,0,0,0
16749,1,0.71299006,0,0,0,0
16750,2,0.713115927,0,0,0,0
16751,1,0.712973813,0,0,0,0
16752,2,0.713026366,0,0,0,0
16753,1,0.712666684,0,0,0,0
16757,1,0.712977217,0,0,0,0
16761,1,0.712760093,0,0,0,0
16762,2,0.71271025,0,0,0,0
16763,1,0.712910959,0,0,0,0
16764,1,0.712732121,0,0,0,0
16768,1,0.713010574,0,0,0,0
16769,2,0.712877172,0,0,0,0
16770,2,0.712864591,0,0,0,0
16771,1,0.713033314,0,0,0,0
16772,2,0.713013332,0,0,0,0
16776,1,0.712997344,0,0,0,0
16777,1,0.71282627,0,0,0,0
16778,1,0.712632795,0,0,0,0
16779,2,0.712697917,0,0,0,0
16780,2,0.712645332,0,0,0,0
16781,1,0.712948323,0,0,0,0
16783,1,0.712845504,0,0,0,0
16784,1,0.712888786,0,0,0,0
16785,1,0.712326766,0,0,0,0
16788,1,0.711670653,0,0,0,0
16792,2,0.712541602,0,0,0,0
16793,2,0.711418773,0,0,0,0
16794,1,0.711407467,0,0,0,0
16797,2,0.712471504,0,0,0,0
16798,1,0.712490734,0,0,0,0
16799,1,0.712434625,0,0,0,0
16800,1,0.712462774,0,0,0,0
16801,1,0.712258958,0,0,0,0
16802,1,0.711389229,0,0,0,0
16803,2,0.711371543,0,0,0,0
16804,2,0.712277336,0,0,0,0
16805,1,0.712225439,0,0,0,0
16810,2,0.711324089,0,0,0,0
16811,1,0.711305179,0,0,0,0
16813,1,0.712241833,0,0,0,0
16814,1,0.711298053,0,0,0,0
16815,1,0.711280879,0,0,0,0
16817,1,0.712154579,0,0,0,0
16818,1,0.711131413,0,0,0,0
16820,2,0.711160485,0,0,0,0
16821,1,0.711087647,0,0,0,0
16822,1,0.71182651,0,0,0,0
16823,1,0.711789421,0,0,0,0
16824,1,0.712141486,0,0,0,0
16825,1,0.711816836,0,0,0,0
16826,1,0.71236072,0,0,0,0
16827,2,0.711820242,0,0,0,0
16828,2,0.711819147,0,0,0,0
16830,2,0.711103001,0,0,0,0
16834,1,0.711687502,0,0,0,0
16835,1,0.711772214,0,0,0,0
16836,1,0.711544465,0,0,0,0
16844,1,0.712009991,0,0,0,0
16845,1,0.711624926,0,0,0,0
16847,2,0.711689442,0,0,0,0
16848,1,0.710881088,0,0,0,0
16849,1,0.711699415,0,0,0,0
16850,2,0.711699819,0,0,0,0
16851,1,0.710779699,0,0,0,0
17006,1,0.710172419,0,0,0,0
16947,1,0.710669402,0,0,0,0
16852,2,0.711664042,0,0,0,0
16853,2,0.711646921,0,0,0,0
16854,1,0.711691118,0,0,0,0
16855,2,0.711598519,0,0,0,0
16858,2,0.710772493,0,0,0,0
16860,1,0.71161586,0,0,0,0
16861,1,0.711601925,0,0,0,0
16863,2,0.710827049,0,0,0,0
16864,2,0.710743318,0,0,0,0
16865,1,0.710716479,0,0,0,0
16866,1,0.711106778,0,0,0,0
16867,2,0.711406118,0,0,0,0
16868,1,0.71150463,0,0,0,0
17005,1,0.710189929,0,0,0,0
16950,1,0.710048769,0,0,0,0
16951,1,0.710057768,0,0,0,0
16952,1,0.710583316,0,0,0,0
16953,2,0.71000124,0,0,0,0
16954,1,0.710297648,0,0,0,0
16955,1,0.709932439,0,0,0,0
16956,2,0.709912376,0,0,0,0
16957,1,0.710476503,0,0,0,0
16958,2,0.710024669,0,0,0,0
16960,1,0.710468745,0,0,0,0
16964,1,0.710246134,0,0,0,0
16967,1,0.710370008,0,0,0,0
16968,1,0.710131643,0,0,0,0
16969,2,0.709944659,0,0,0,0
16970,1,0.709887474,0,0,0,0
16972,2,0.709910679,0,0,0,0
16973,1,0.710239123,0,0,0,0
16978,1,0.710308682,0,0,0,0
16979,1,0.709967523,0,0,0,0
16980,2,0.710332026,0,0,0,0
16981,2,0.710340168,0,0,0,0
16982,1,0.709867192,0,0,0,0
16983,1,0.710294492,0,0,0,0
16985,1,0.710119546,0,0,0,0
16987,1,0.710300869,0,0,0,0
16989,2,0.71034079,0,0,0,0
16990,1,0.710159815,0,0,0,0
16991,1,0.70982984,0,0,0,0
16993,2,0.709889502,0,0,0,0
16995,2,0.710251782,0,0,0,0
16997,1,0.709812287,0,0,0,0
16998,1,0.710117311,0,0,0,0
16999,2,0.71022979,0,0,0,0
17000,1,0.710152717,0,0,0,0
17001,2,0.710241785,0,0,0,0
17002,2,0.710161368,0,0,0,0
17003,1,0.71014615,0,0,0,0
17007,1,0.709847035,0,0,0,0
