reachid,Str_Order,iso_pred,assignment_sum,assignment_rescale,assignment_norm,assignment_individuals
7,3,0.708654736,0,0,0,0
151,4,0.707849574,0,0,0,0
156,3,0.705511964,0,0,0,0
205,4,0.70775438,0,0,0,0
206,4,0.706804988,0,0,0,0
210,4,0.706789103,0,0,0,0
259,4,0.706433198,0,0,0,0
358,3,0.706828389,0,0,0,0
360,4,0.70693026,0,0,0,0
127,3,0.707182937,0,0,0,0
1244,3,0.706719267,0,0,0,0
1245,7,0.706969331,0,0,0,0
608,3,0.705630818,0,0,0,0
362,4,0.707002547,0,0,0,0
40,3,0.708571552,0,0,0,0
44,3,0.708555177,0,0,0,0
47,3,0.707193923,0,0,0,0
52,3,0.707493249,0,0,0,0
56,3,0.708325619,0,0,0,0
57,4,0.708480043,0,0,0,0
58,3,0.708330239,0,0,0,0
60,3,0.707442152,0,0,0,0
69,3,0.707417024,0,0,0,0
71,4,0.708371866,0,0,0,0
74,3,0.707382598,0,0,0,0
79,4,0.7071631,0,0,0,0
81,4,0.708205583,0,0,0,0
83,4,0.707148127,0,0,0,0
87,4,0.707134868,0,0,0,0
89,3,0.707289702,0,0,0,0
95,4,0.707117326,0,0,0,0
99,3,0.707271263,0,0,0,0
105,3,0.705357554,0,0,0,0
199,3,0.705653688,0,0,0,0
201,4,0.70777131,0,0,0,0
313,3,0.706834134,0,0,0,0
8,2,0.708556761,0,0,0,0
9,2,0.708339547,0,0,0,0
10,1,0.707894726,0,0,0,0
11,1,0.70588463,0,0,0,0
12,1,0.707800051,0,0,0,0
13,1,0.708501179,0,0,0,0
14,1,0.707162217,0,0,0,0
15,1,0.708403657,0,0,0,0
16,1,0.707226289,0,0,0,0
17,2,0.706431156,0,0,0,0
18,1,0.707216048,0,0,0,0
19,1,0.706945854,0,0,0,0
20,1,0.708409263,0,0,0,0
21,1,0.708362478,0,0,0,0
22,2,0.706589286,0,0,0,0
23,1,0.708407015,0,0,0,0
24,2,0.708403873,0,0,0,0
25,1,0.706488432,0,0,0,0
26,2,0.708384079,0,0,0,0
27,2,0.706616638,0,0,0,0
1,1,0.708639329,0,0,0,0
2,1,0.70866363,0,0,0,0
3,2,0.708707102,0,0,0,0
28,1,0.708377674,0,0,0,0
29,1,0.707953443,0,0,0,0
30,1,0.707047687,0,0,0,0
152,1,0.706910303,0,0,0,0
153,1,0.707293628,0,0,0,0
154,2,0.706164196,0,0,0,0
155,1,0.706903105,0,0,0,0
207,1,0.70687679,0,0,0,0
208,1,0.706857598,0,0,0,0
209,2,0.706857403,0,0,0,0
4,1,0.708552385,0,0,0,0
5,2,0.708682169,0,0,0,0
6,1,0.708558958,0,0,0,0
260,2,0.704751195,0,0,0,0
261,2,0.706834424,0,0,0,0
359,1,0.706871479,0,0,0,0
76,1,0.706972411,0,0,0,0
77,2,0.706969987,0,0,0,0
78,1,0.706905907,0,0,0,0
128,1,0.70649146,0,0,0,0
129,1,0.705615487,0,0,0,0
1162,2,0.706704745,0,0,0,0
1163,1,0.707324041,0,0,0,0
1164,1,0.706684951,0,0,0,0
1165,1,0.706660485,0,0,0,0
1166,2,0.706648144,0,0,0,0
1167,1,0.704428911,0,0,0,0
1243,2,0.70441594,0,0,0,0
607,1,0.706840511,0,0,0,0
609,1,0.706577524,0,0,0,0
361,1,0.706846676,0,0,0,0
363,1,0.706808328,0,0,0,0
31,2,0.706932952,0,0,0,0
32,2,0.707585838,0,0,0,0
33,1,0.707018141,0,0,0,0
34,1,0.708359274,0,0,0,0
35,2,0.708360576,0,0,0,0
36,1,0.70833946,0,0,0,0
37,1,0.706998007,0,0,0,0
38,1,0.708344558,0,0,0,0
39,2,0.708354913,0,0,0,0
41,1,0.70832986,0,0,0,0
42,2,0.707104999,0,0,0,0
43,1,0.708334502,0,0,0,0
45,1,0.704862588,0,0,0,0
46,1,0.707141889,0,0,0,0
48,1,0.707004399,0,0,0,0
49,2,0.708329016,0,0,0,0
50,1,0.705235194,0,0,0,0
51,1,0.708321022,0,0,0,0
53,1,0.707002028,0,0,0,0
54,2,0.70700306,0,0,0,0
55,1,0.706959286,0,0,0,0
59,1,0.706987738,0,0,0,0
61,1,0.705826955,0,0,0,0
62,2,0.708323908,0,0,0,0
63,1,0.705913432,0,0,0,0
64,2,0.708316272,0,0,0,0
65,1,0.708312962,0,0,0,0
66,1,0.706972727,0,0,0,0
67,1,0.706869081,0,0,0,0
68,1,0.706972588,0,0,0,0
70,1,0.706988704,0,0,0,0
72,1,0.70670948,0,0,0,0
73,2,0.706004656,0,0,0,0
75,1,0.706375005,0,0,0,0
80,1,0.707073235,0,0,0,0
82,2,0.70497922,0,0,0,0
84,1,0.708282683,0,0,0,0
85,1,0.707814445,0,0,0,0
86,2,0.70516355,0,0,0,0
88,2,0.707513775,0,0,0,0
90,1,0.70518026599999994,0,0,0,0
91,1,0.707821934,0,0,0,0
92,2,0.705093309,0,0,0,0
93,1,0.7060275,0,0,0,0
94,1,0.706699273,0,0,0,0
96,1,0.707117205,0,0,0,0
97,1,0.705603094,0,0,0,0
98,1,0.708243689,0,0,0,0
100,2,0.706229415,0,0,0,0
101,1,0.708248081,0,0,0,0
102,1,0.706687219,0,0,0,0
103,1,0.708227188,0,0,0,0
104,1,0.707723995,0,0,0,0
139,1,0.707212654,0,0,0,0
140,2,0.706913413,0,0,0,0
141,1,0.704642794,0,0,0,0
200,2,0.706873786,0,0,0,0
532,1,0.706722999,0,0,0,0
533,1,0.706807638,0,0,0,0
534,1,0.706827136,0,0,0,0
405,3,0.706815234,0,0,0,0
228,4,0.706326726,0,0,0,0
388,3,0.706825333,0,0,0,0
320,3,0.705697467,0,0,0,0
323,3,0.707010293,0,0,0,0
324,3,0.706998438,0,0,0,0
399,3,0.706816927,0,0,0,0
484,4,0.706514775,0,0,0,0
486,3,0.706753732,0,0,0,0
548,4,0.706511326,0,0,0,0
637,3,0.706451644,0,0,0,0
638,5,0.706962782,0,0,0,0
641,5,0.706954218,0,0,0,0
642,3,0.705606168,0,0,0,0
643,5,0.706958295,0,0,0,0
745,3,0.705709221,0,0,0,0
747,4,0.706077228,0,0,0,0
748,3,0.70509951,21.77328758387251,1.9795325562991094e-4,0.3236081290187271,25.69156123518362
5599,6,0.705097997,21.768468386236087,1.9790944158217108e-4,0.3235365031090207,25.685874785183657
11522,5,0.708202588,48.22859932814234,4.384734374494639e-4,0.7168034103097146,56.90771355281612
7473,5,0.707994739,49.939852290344284,4.5403140469576597e-4,0.7422371151300242,58.92691988984468
1642,7,0.707039628,0,0,0,0
1643,3,0.70621078,49.52078885960997,4.5022146234738395e-4,0.7360087340351754,58.43244271221757
1976,3,0.706096471,0,0,0,0
513,3,0.706800962,0,0,0,0
888,4,0.707127327,0,0,0,0
890,4,0.705878729,0,0,0,0
891,4,0.707136072,0,0,0,0
697,3,0.70681130700000006,0,0,0,0
698,5,0.706970836,0,0,0,0
699,3,0.705060619,19.289345195670123,1.7537033237370942e-4,0.2866902338345439,22.76061395745425
983,3,0.70462852,0,0,0,0
1075,4,0.707186265,0,0,0,0
1076,7,0.706976329,0,0,0,0
1083,7,0.708652216,0,0,0,0
1084,4,0.707103504,0,0,0,0
314,2,0.706839182,0,0,0,0
315,1,0.704933334,0,0,0,0
316,1,0.706824753,0,0,0,0
317,2,0.706846653,0,0,0,0
318,1,0.706825368,0,0,0,0
403,1,0.704461837,0,0,0,0
404,1,0.706754732,0,0,0,0
226,1,0.706880805,0,0,0,0
227,1,0.70696955,0,0,0,0
385,1,0.706800425,0,0,0,0
386,2,0.704856269,0,0,0,0
387,2,0.706837876,0,0,0,0
389,1,0.704854782,0,0,0,0
390,2,0.705023306,0,0,0,0
319,1,0.706810024,0,0,0,0
321,1,0.706826803,0,0,0,0
322,1,0.706854439,0,0,0,0
397,1,0.706854079,0,0,0,0
398,2,0.706863747,0,0,0,0
241,2,0.706969393,0,0,0,0
242,1,0.706626774,0,0,0,0
243,1,0.705824002,0,0,0,0
485,1,0.706806277,0,0,0,0
544,1,0.70673932800000006,0,0,0,0
545,1,0.70671623,0,0,0,0
546,2,0.706786412,0,0,0,0
547,1,0.7067808,0,0,0,0
549,1,0.706761625,0,0,0,0
328,1,0.706924354,0,0,0,0
329,1,0.706898474,0,0,0,0
330,1,0.706803852,0,0,0,0
636,1,0.706723031,0,0,0,0
639,1,0.706602196,0,0,0,0
640,1,0.704755993,0,0,0,0
746,1,0.706558514,0,0,0,0
749,1,0.70668338,0,0,0,0
750,2,0.706666752,0,0,0,0
751,2,0.706604881,0,0,0,0
752,1,0.706639943,0,0,0,0
5583,1,0.705522672,0,0,0,0
5584,1,0.707559477,0,0,0,0
5588,2,0.706792077,0,0,0,0
5589,1,0.70687385,0,0,0,0
5590,2,0.706760083,0,0,0,0
5597,2,0.705894158,0,0,0,0
5598,1,0.707427338,0,0,0,0
11507,2,0.709855333,0,0,0,0
11520,1,0.70816854,0,0,0,0
11521,1,0.706768489,0,0,0,0
1420,2,0.706756227,0,0,0,0
1421,1,0.706735498,0,0,0,0
1422,2,0.70674171,0,0,0,0
1423,2,0.706544297,0,0,0,0
7465,1,0.707536854,0,0,0,0
7466,2,0.705834519,0,0,0,0
7470,1,0.707793778,0,0,0,0
7471,2,0.70711658,0,0,0,0
7472,1,0.707168882,0,0,0,0
7474,2,0.707419691,0,0,0,0
7475,1,0.705116522,0,0,0,0
2159,1,0.706685862,0,0,0,0
2160,1,0.706745975,0,0,0,0
2212,1,0.706710993,0,0,0,0
2213,1,0.706707708,0,0,0,0
2214,1,0.707335945,0,0,0,0
1641,1,0.705683782,0,0,0,0
1919,2,0.707307729,0,0,0,0
1920,1,0.707298522,0,0,0,0
1975,1,0.706808897,0,0,0,0
1977,1,0.704800962,0,0,0,0
1737,1,0.706711138,0,0,0,0
1738,1,0.707307957,0,0,0,0
1739,1,0.706747858,0,0,0,0
500,2,0.706824056,0,0,0,0
501,2,0.706800146,0,0,0,0
502,1,0.706822571,0,0,0,0
503,1,0.706756984,0,0,0,0
504,1,0.706765368,0,0,0,0
163,1,0.705790918,0,0,0,0
164,2,0.705674695,0,0,0,0
165,1,0.70803286,0,0,0,0
508,2,0.706819084,0,0,0,0
509,1,0.706760648,0,0,0,0
510,1,0.706818323,0,0,0,0
511,2,0.706775313,0,0,0,0
512,1,0.706805366,0,0,0,0
514,1,0.706723087,0,0,0,0
515,1,0.705643769,0,0,0,0
887,1,0.706670454,0,0,0,0
889,1,0.706626155,0,0,0,0
811,1,0.707449468,0,0,0,0
812,1,0.70553865,0,0,0,0
813,2,0.706642514,0,0,0,0
693,2,0.706615436,0,0,0,0
700,1,0.70660125,0,0,0,0
701,1,0.706788358,0,0,0,0
702,1,0.706617572,0,0,0,0
703,1,0.706631955,0,0,0,0
982,2,0.70676935,0,0,0,0
984,1,0.706936594,0,0,0,0
991,2,0.706559121,0,0,0,0
992,2,0.706716474,0,0,0,0
993,1,0.705448454,0,0,0,0
1105,1,0.707117612,0,0,0,0
1106,1,0.704783003,0,0,0,0
1077,1,0.707279803,0,0,0,0
1078,1,0.704481583,0,0,0,0
1079,1,0.70670039,0,0,0,0
1080,2,0.705009509,0,0,0,0
1081,1,0.706715901,0,0,0,0
1082,1,0.706666245,0,0,0,0
1085,1,0.70734298,0,0,0,0
1086,2,0.70674407400000006,0,0,0,0
1087,2,0.704735413,0,0,0,0
1088,1,0.707219142,0,0,0,0
1090,6,0.706527896,0,0,0,0
536,3,0.70680255299999994,0,0,0,0
597,3,0.706804172,0,0,0,0
1275,3,0.706694115,0,0,0,0
1277,3,0.706620493,0,0,0,0
1280,6,0.706573059,0,0,0,0
11550,3,0.706691925,20.72822714529024,1.884520209013248e-4,0.3080757914266955,24.45843398469934
12321,3,0.707051109,15.568486876502133,1.4154190774193679e-4,0.23138852552010464,18.370158038195008
12322,3,0.707619073,43.48264957853104,3.953253276211903e-4,0.6462661562100537,51.30769297064381
1925,4,0.704685281,11.468099201732311,1.0426296736884116e-4,0.1704460161001418,13.531873482932419
2001,5,0.705067847,19.304257293542605,1.7550590667826766e-4,0.2869118666988355,22.778209604145648
2068,5,0.70509903,21.77176642364317,1.979394259030692e-4,0.3235855205902178,25.689766330255736
2069,6,0.706882668,0,0,0,0
5545,3,0.705551761,40.57125065389232,3.6885615555199217e-4,0.6029951363789775,47.87236500447086
10217,3,0.706440615,34.95475867573727,3.177934546157043e-4,0.5195193427626887,41.2451413007538
401,5,0.706754474,0,0,0,0
263,3,0.705677599,0,0,0,0
430,5,0.706973514,0,0,0,0
435,4,0.707626046,0,0,0,0
499,5,0.706970213,0,0,0,0
275,3,0.705697767,0,0,0,0
412,4,0.707658834,0,0,0,0
413,5,0.706811908,0,0,0,0
108,4,0.707090609,0,0,0,0
109,4,0.70709103,0,0,0,0
115,4,0.707064552,0,0,0,0
119,3,0.707197429,0,0,0,0
124,4,0.707048652,0,0,0,0
126,3,0.705502878,0,0,0,0
132,4,0.706979518,0,0,0,0
133,4,0.706984912,0,0,0,0
146,4,0.706927279,0,0,0,0
160,4,0.706908322,0,0,0,0
161,4,0.706894073,0,0,0,0
169,4,0.707833879,0,0,0,0
171,4,0.706879958,0,0,0,0
173,3,0.705972993,0,0,0,0
175,4,0.707786226,0,0,0,0
179,3,0.705526183,0,0,0,0
180,3,0.706102469,0,0,0,0
184,3,0.706095123,0,0,0,0
185,4,0.706820895,0,0,0,0
189,3,0.705891905,0,0,0,0
204,3,0.706406764,0,0,0,0
211,4,0.706310776,0,0,0,0
220,4,0.7067792,0,0,0,0
229,4,0.706748259,0,0,0,0
245,4,0.707742311,0,0,0,0
246,3,0.705674435,0,0,0,0
247,4,0.70773583,0,0,0,0
248,4,0.706373458,0,0,0,0
250,4,0.707028552,0,0,0,0
254,4,0.707724112,0,0,0,0
270,4,0.707718103,0,0,0,0
273,4,0.706451599,0,0,0,0
483,3,0.707021985,0,0,0,0
462,4,0.70654632,0,0,0,0
393,3,0.706820888,0,0,0,0
772,4,0.706377865,0,0,0,0
278,4,0.707707508,0,0,0,0
281,4,0.706718534,0,0,0,0
284,4,0.706676161,0,0,0,0
302,3,0.706842274,0,0,0,0
307,4,0.707695628,0,0,0,0
308,4,0.707677538,0,0,0,0
312,4,0.707010406,0,0,0,0
339,3,0.705704009,0,0,0,0
347,3,0.706833394,0,0,0,0
364,4,0.706998539,0,0,0,0
367,4,0.706929093,0,0,0,0
368,4,0.706920286,0,0,0,0
369,3,0.705710344,0,0,0,0
375,3,0.706991619,0,0,0,0
377,3,0.706939529,0,0,0,0
380,3,0.706824946,0,0,0,0
395,3,0.706989677,0,0,0,0
396,3,0.705733982,0,0,0,0
409,3,0.706988318,0,0,0,0
411,5,0.706810985,0,0,0,0
415,3,0.706796835,0,0,0,0
416,5,0.706759844,0,0,0,0
417,4,0.707645967,0,0,0,0
419,3,0.706812842,0,0,0,0
694,4,0.707576719,0,0,0,0
696,3,0.70680278,0,0,0,0
756,4,0.70610003,0,0,0,0
807,6,0.70652321,0,0,0,0
947,7,0.707001823,0,0,0,0
421,3,0.706794072,0,0,0,0
425,5,0.706807588,0,0,0,0
479,5,0.706971681,0,0,0,0
535,3,0.706800553,0,0,0,0
557,3,0.706651893,0,0,0,0
559,3,0.706658175,0,0,0,0
560,3,0.706804136,0,0,0,0
561,5,0.706961474,0,0,0,0
920,3,0.705890265,0,0,0,0
1140,4,0.705300074,25.50584298930301,2.318880250797607e-4,0.37908368669724607,30.095819223001822
563,5,0.706962454,0,0,0,0
775,4,0.70630203,0,0,0,0
777,4,0.706425541,0,0,0,0
848,4,0.705909067,0,0,0,0
507,4,0.707613448,0,0,0,0
660,5,0.706965989,0,0,0,0
852,4,0.706083864,0,0,0,0
925,3,0.705880172,0,0,0,0
927,4,0.70583637,0,0,0,0
928,7,0.707010014,0,0,0,0
929,7,0.707021817,0,0,0,0
427,5,0.706813175,0,0,0,0
429,5,0.706973057,0,0,0,0
440,5,0.706976717,0,0,0,0
442,3,0.706808149,0,0,0,0
443,5,0.70696655,0,0,0,0
452,3,0.705736559,0,0,0,0
453,5,0.706971068,0,0,0,0
455,3,0.706623955,0,0,0,0
457,5,0.706971488,0,0,0,0
465,3,0.706805255,0,0,0,0
467,4,0.706526586,0,0,0,0
489,3,0.706804918,0,0,0,0
490,3,0.70679781,0,0,0,0
491,3,0.705634191,0,0,0,0
498,3,0.706803808,0,0,0,0
526,3,0.706553598,0,0,0,0
530,5,0.706962891,0,0,0,0
543,3,0.706807103,0,0,0,0
550,3,0.706783791,0,0,0,0
555,5,0.706959192,0,0,0,0
1089,1,0.707292696,0,0,0,0
537,1,0.706545643,0,0,0,0
595,2,0.706329176,0,0,0,0
596,1,0.706170992,0,0,0,0
598,2,0.706751174,0,0,0,0
599,1,0.706807775,0,0,0,0
600,1,0.706738577,0,0,0,0
1176,1,0.707262823,0,0,0,0
1177,1,0.704706607,0,0,0,0
1178,1,0.706652497,0,0,0,0
1179,1,0.706862598,0,0,0,0
1189,1,0.706682488,0,0,0,0
1190,1,0.707265441,0,0,0,0
1191,2,0.706544545,0,0,0,0
1192,2,0.706684297,0,0,0,0
1276,1,0.704459579,0,0,0,0
1278,2,0.706385294,0,0,0,0
1279,2,0.706720922,0,0,0,0
1281,1,0.706702911,0,0,0,0
1282,1,0.704639095,0,0,0,0
11543,2,0.708160509,0,0,0,0
11544,2,0.705539192,0,0,0,0
11545,1,0.707448384,0,0,0,0
11546,1,0.707773668,0,0,0,0
12323,2,0.706705323,0,0,0,0
1926,1,0.706726005,0,0,0,0
1999,1,0.704472405,0,0,0,0
2000,2,0.705247156,0,0,0,0
2070,1,0.706789768,0,0,0,0
5538,2,0.705591597,0,0,0,0
5539,1,0.707460894,0,0,0,0
5540,1,0.706897299,0,0,0,0
5541,2,0.706896328,0,0,0,0
5542,2,0.706747937,0,0,0,0
5543,2,0.707549768,0,0,0,0
5544,1,0.706823338,0,0,0,0
8758,1,0.707284856,0,0,0,0
8759,1,0.708194784,0,0,0,0
10212,2,0.704920145,0,0,0,0
10213,2,0.709695552,0,0,0,0
10214,2,0.70863626,0,0,0,0
10215,2,0.704768835,0,0,0,0
10216,2,0.708599954,0,0,0,0
400,2,0.706831359,0,0,0,0
402,2,0.706857819,0,0,0,0
193,2,0.705642147,0,0,0,0
194,1,0.705188046,0,0,0,0
195,2,0.706552974,0,0,0,0
262,1,0.706831131,0,0,0,0
264,2,0.706671533,0,0,0,0
431,1,0.706854208,0,0,0,0
432,1,0.70680786,0,0,0,0
433,1,0.706746577,0,0,0,0
434,2,0.706792515,0,0,0,0
166,2,0.70724375,0,0,0,0
167,1,0.704699236,0,0,0,0
168,2,0.706904251,0,0,0,0
223,1,0.706968787,0,0,0,0
224,2,0.706821136,0,0,0,0
225,1,0.706253171,0,0,0,0
274,1,0.706939683,0,0,0,0
276,1,0.706825755,0,0,0,0
292,2,0.706786982,0,0,0,0
293,1,0.705153495,0,0,0,0
294,2,0.70481932,0,0,0,0
414,1,0.706799597,0,0,0,0
106,1,0.707087692,0,0,0,0
107,1,0.705886467,0,0,0,0
110,2,0.707148245,0,0,0,0
111,2,0.705844604,0,0,0,0
112,1,0.706417367,0,0,0,0
113,2,0.706934017,0,0,0,0
114,1,0.706944377,0,0,0,0
116,2,0.707381026,0,0,0,0
117,1,0.707814887,0,0,0,0
118,1,0.705173396,0,0,0,0
120,2,0.706634192,0,0,0,0
121,1,0.707072561,0,0,0,0
122,1,0.706951797,0,0,0,0
123,1,0.707290999,0,0,0,0
125,1,0.706928283,0,0,0,0
130,1,0.70693122,0,0,0,0
131,1,0.706739264,0,0,0,0
134,2,0.706280335,0,0,0,0
135,2,0.707293394,0,0,0,0
136,1,0.707977975,0,0,0,0
137,2,0.705968001,0,0,0,0
138,1,0.706892238,0,0,0,0
142,2,0.707030928,0,0,0,0
143,1,0.706585793,0,0,0,0
144,1,0.706997007,0,0,0,0
145,1,0.706325322,0,0,0,0
147,1,0.706889685,0,0,0,0
148,1,0.706889366,0,0,0,0
149,1,0.706687315,0,0,0,0
150,1,0.70668029,0,0,0,0
157,2,0.706575814,0,0,0,0
158,1,0.706668703,0,0,0,0
159,1,0.708184613,0,0,0,0
162,2,0.707426383,0,0,0,0
170,1,0.706890238,0,0,0,0
172,1,0.706701354,0,0,0,0
174,1,0.70686313,0,0,0,0
176,1,0.70690017,0,0,0,0
177,1,0.706899687,0,0,0,0
178,1,0.706888198,0,0,0,0
181,1,0.70710759,0,0,0,0
182,1,0.707902929,0,0,0,0
183,2,0.707005306,0,0,0,0
186,1,0.706882022,0,0,0,0
187,1,0.706892181,0,0,0,0
188,1,0.705403145,0,0,0,0
190,1,0.706859199,0,0,0,0
191,1,0.706858519,0,0,0,0
192,2,0.706932759,0,0,0,0
196,2,0.706864042,0,0,0,0
197,2,0.706879954,0,0,0,0
198,1,0.707326818,0,0,0,0
202,1,0.706868869,0,0,0,0
203,1,0.706870008,0,0,0,0
212,1,0.706599064,0,0,0,0
213,1,0.706859952,0,0,0,0
214,1,0.706907238,0,0,0,0
215,1,0.706623402,0,0,0,0
216,1,0.706841432,0,0,0,0
217,1,0.706946434,0,0,0,0
218,1,0.70683987,0,0,0,0
219,2,0.706840307,0,0,0,0
221,1,0.70684349,0,0,0,0
222,1,0.706869857,0,0,0,0
230,1,0.706855818,0,0,0,0
231,2,0.706865095,0,0,0,0
232,1,0.706918171,0,0,0,0
233,1,0.706877102,0,0,0,0
234,1,0.706959263,0,0,0,0
235,2,0.704704625,0,0,0,0
236,1,0.706998672,0,0,0,0
237,1,0.706287247,0,0,0,0
238,1,0.706831535,0,0,0,0
239,2,0.706862193,0,0,0,0
240,1,0.706947255,0,0,0,0
244,1,0.706866182,0,0,0,0
249,1,0.706579744,0,0,0,0
251,1,0.706872198,0,0,0,0
252,1,0.706868468,0,0,0,0
253,1,0.706871032,0,0,0,0
255,2,0.706854655,0,0,0,0
256,1,0.706845555,0,0,0,0
257,1,0.706590296,0,0,0,0
258,1,0.706643451,0,0,0,0
265,1,0.706833622,0,0,0,0
266,2,0.706957009,0,0,0,0
267,2,0.706839419,0,0,0,0
268,2,0.706490784,0,0,0,0
269,1,0.706388587,0,0,0,0
271,1,0.706923779,0,0,0,0
272,1,0.706802377,0,0,0,0
481,2,0.706793558,0,0,0,0
482,1,0.70686611,0,0,0,0
460,1,0.706877106,0,0,0,0
461,1,0.706785676,0,0,0,0
1159,1,0.704714597,0,0,0,0
1160,2,0.706821414,0,0,0,0
1161,1,0.70735925,0,0,0,0
391,1,0.704468063,0,0,0,0
392,1,0.706823073,0,0,0,0
773,1,0.707236941,0,0,0,0
774,2,0.706611804,0,0,0,0
277,1,0.706857669,0,0,0,0
279,1,0.706790009,0,0,0,0
280,1,0.706846054,0,0,0,0
282,1,0.706808099,0,0,0,0
283,2,0.706846036,0,0,0,0
285,2,0.70682354,0,0,0,0
286,1,0.706860081,0,0,0,0
287,1,0.706896209,0,0,0,0
288,1,0.706903587,0,0,0,0
289,1,0.706794204,0,0,0,0
290,2,0.706911138,0,0,0,0
291,1,0.706883688,0,0,0,0
295,1,0.706794572,0,0,0,0
296,2,0.706823027,0,0,0,0
297,1,0.706616407,0,0,0,0
298,1,0.706835725,0,0,0,0
299,1,0.706939126,0,0,0,0
300,1,0.70683882,0,0,0,0
301,1,0.706623185,0,0,0,0
303,1,0.706785207,0,0,0,0
304,1,0.706840869,0,0,0,0
305,2,0.706926436,0,0,0,0
306,1,0.706823664,0,0,0,0
309,1,0.704705721,0,0,0,0
310,2,0.705503217,0,0,0,0
311,1,0.706815812,0,0,0,0
325,1,0.706937946,0,0,0,0
326,2,0.706851741,0,0,0,0
327,1,0.70685425,0,0,0,0
331,1,0.706863628,0,0,0,0
332,2,0.706932574,0,0,0,0
333,2,0.70681642,0,0,0,0
334,2,0.706832572,0,0,0,0
335,1,0.70677429,0,0,0,0
336,2,0.705502623,0,0,0,0
338,1,0.706771242,0,0,0,0
340,1,0.706832818,0,0,0,0
341,2,0.705999692,0,0,0,0
342,2,0.706774618,0,0,0,0
343,2,0.706819516,0,0,0,0
344,1,0.705121482,0,0,0,0
345,1,0.706807146,0,0,0,0
346,1,0.706608103,0,0,0,0
348,2,0.706796828,0,0,0,0
349,1,0.706550803,0,0,0,0
350,2,0.70694936,0,0,0,0
351,1,0.706797909,0,0,0,0
352,2,0.706803182,0,0,0,0
353,1,0.706765889,0,0,0,0
354,1,0.706831673,0,0,0,0
355,1,0.706794399,0,0,0,0
356,2,0.70695688,0,0,0,0
357,2,0.706954735,0,0,0,0
365,1,0.706815754,0,0,0,0
366,2,0.706802448,0,0,0,0
370,2,0.706944449,0,0,0,0
371,1,0.706812894,0,0,0,0
372,1,0.706832809,0,0,0,0
373,1,0.706796906,0,0,0,0
374,1,0.70680535,0,0,0,0
376,1,0.706766565,0,0,0,0
378,2,0.705690091,0,0,0,0
379,1,0.70684393,0,0,0,0
381,2,0.706825578,0,0,0,0
382,1,0.706834321,0,0,0,0
383,2,0.706821472,0,0,0,0
384,2,0.706822869,0,0,0,0
394,1,0.706808136,0,0,0,0
406,1,0.706785326,0,0,0,0
407,2,0.706759034,0,0,0,0
408,2,0.706788872,0,0,0,0
410,2,0.706400151,0,0,0,0
418,1,0.706745927,0,0,0,0
420,1,0.706778094,0,0,0,0
601,1,0.706818138,0,0,0,0
602,2,0.706306941,0,0,0,0
603,1,0.706706774,0,0,0,0
695,1,0.705750354,0,0,0,0
754,1,0.706634755,0,0,0,0
755,2,0.706821724,0,0,0,0
805,1,0.706854877,0,0,0,0
806,1,0.706663942,0,0,0,0
946,1,0.706691346,0,0,0,0
954,1,0.706680172,0,0,0,0
1000,1,0.706661438,0,0,0,0
1001,2,0.705324172,0,0,0,0
1047,1,0.70675526,0,0,0,0
422,1,0.705286871,0,0,0,0
423,1,0.706890294,0,0,0,0
424,2,0.706788602,0,0,0,0
426,1,0.706802445,0,0,0,0
478,1,0.706739163,0,0,0,0
480,2,0.706877709,0,0,0,0
649,2,0.706591866,0,0,0,0
650,1,0.705896992,0,0,0,0
651,1,0.706696226,0,0,0,0
556,1,0.706745887,0,0,0,0
558,1,0.705520737,0,0,0,0
583,1,0.706391137,0,0,0,0
584,1,0.706766279,0,0,0,0
585,2,0.706722905,0,0,0,0
586,1,0.706740328,0,0,0,0
587,1,0.704955095,0,0,0,0
588,1,0.706836076,0,0,0,0
919,1,0.706659731,0,0,0,0
921,2,0.706545725,0,0,0,0
1144,1,0.704495291,0,0,0,0
1145,2,0.706850356,0,0,0,0
1146,2,0.706737189,0,0,0,0
1048,2,0.70471162,0,0,0,0
1049,1,0.706752084,0,0,0,0
1050,1,0.706700338,0,0,0,0
1051,1,0.707108954,0,0,0,0
1052,2,0.706517831,0,0,0,0
1131,1,0.707256118,0,0,0,0
1138,1,0.707221707,0,0,0,0
1139,1,0.706138931,0,0,0,0
562,2,0.706746796,0,0,0,0
564,1,0.706744649,0,0,0,0
610,2,0.70640965,0,0,0,0
611,1,0.706912148,0,0,0,0
612,2,0.706405831,0,0,0,0
721,2,0.704764556,0,0,0,0
722,1,0.706717831,0,0,0,0
723,1,0.70665094,0,0,0,0
776,1,0.706633452,0,0,0,0
847,1,0.70672575,0,0,0,0
849,1,0.706578487,0,0,0,0
505,1,0.704471806,0,0,0,0
506,1,0.706743922,0,0,0,0
658,2,0.704524076,0,0,0,0
659,1,0.706583661,0,0,0,0
733,1,0.706651799,0,0,0,0
734,1,0.707015557,0,0,0,0
735,1,0.706618148,0,0,0,0
850,1,0.706520164,0,0,0,0
851,1,0.706681101,0,0,0,0
926,1,0.70671190800000006,0,0,0,0
930,2,0.704800974,0,0,0,0
934,2,0.706700184,0,0,0,0
935,1,0.706661725,0,0,0,0
936,1,0.706717993,0,0,0,0
428,1,0.706807786,0,0,0,0
436,2,0.707054644,0,0,0,0
437,1,0.706813681,0,0,0,0
438,1,0.706815201,0,0,0,0
439,1,0.706888068,0,0,0,0
441,1,0.707812509,0,0,0,0
444,1,0.706829792,0,0,0,0
445,1,0.704805564,0,0,0,0
446,2,0.705669011,0,0,0,0
447,1,0.706770497,0,0,0,0
448,2,0.706796902,0,0,0,0
449,1,0.706628884,0,0,0,0
450,1,0.706735526,0,0,0,0
451,2,0.706775773,0,0,0,0
454,1,0.706809185,0,0,0,0
456,1,0.706803136,0,0,0,0
458,1,0.706716317,0,0,0,0
459,1,0.706124751,0,0,0,0
463,1,0.706567541,0,0,0,0
464,1,0.706754074,0,0,0,0
466,2,0.704393356,0,0,0,0
468,2,0.706890084,0,0,0,0
469,1,0.705309633,0,0,0,0
470,1,0.706749975,0,0,0,0
471,1,0.706806328,0,0,0,0
472,1,0.707868513,0,0,0,0
473,2,0.706807248,0,0,0,0
474,1,0.706808585,0,0,0,0
475,1,0.706733403,0,0,0,0
476,1,0.706794838,0,0,0,0
477,1,0.706762558,0,0,0,0
487,2,0.706777423,0,0,0,0
488,2,0.70487866,0,0,0,0
492,1,0.706870318,0,0,0,0
493,2,0.706183442,0,0,0,0
494,1,0.706799347,0,0,0,0
495,1,0.70671563,0,0,0,0
496,1,0.706760647,0,0,0,0
497,1,0.706838726,0,0,0,0
516,2,0.704683272,0,0,0,0
517,2,0.706766613,0,0,0,0
518,2,0.706793538,0,0,0,0
519,1,0.706562353,0,0,0,0
520,1,0.706194582,0,0,0,0
521,1,0.706808,0,0,0,0
522,2,0.706771095,0,0,0,0
523,1,0.706749899,0,0,0,0
524,1,0.706790569,0,0,0,0
525,2,0.706765538,0,0,0,0
527,2,0.706725032,0,0,0,0
528,2,0.706743266,0,0,0,0
529,1,0.706759262,0,0,0,0
531,1,0.70679441,0,0,0,0
538,2,0.706762709,0,0,0,0
539,1,0.705170678,0,0,0,0
540,2,0.706750681,0,0,0,0
541,1,0.706809307,0,0,0,0
542,2,0.70494971,0,0,0,0
551,2,0.706453465,0,0,0,0
552,2,0.706803963,0,0,0,0
553,1,0.706813451,0,0,0,0
554,1,0.706716335,0,0,0,0
565,3,0.706377718,0,0,0,0
566,3,0.706645834,0,0,0,0
570,3,0.706804393,0,0,0,0
673,3,0.705671818,0,0,0,0
674,5,0.706971045,0,0,0,0
730,3,0.70666159,0,0,0,0
794,5,0.705922187,0,0,0,0
795,4,0.706074272,0,0,0,0
861,3,0.706476944,0,0,0,0
931,4,0.705969071,0,0,0,0
578,3,0.706622748,0,0,0,0
579,5,0.70695816,0,0,0,0
604,4,0.707602795,0,0,0,0
815,4,0.706079581,0,0,0,0
948,7,0.707048355,0,0,0,0
949,4,0.705857453,0,0,0,0
950,4,0.707167312,0,0,0,0
951,3,0.70451102,0,0,0,0
627,3,0.706800888,0,0,0,0
632,5,0.706964764,0,0,0,0
644,3,0.705040949,19.241244390311557,1.7493302078341923e-4,0.2859753297776155,22.703857035396847
645,3,0.706797157,0,0,0,0
647,5,0.706970412,0,0,0,0
667,3,0.706799845,0,0,0,0
672,3,0.706795922,0,0,0,0
684,3,0.705051298,19.26791994766305,1.7517554334245535e-4,0.2863717984859718,22.73533306824391
687,4,0.707580939,0,0,0,0
704,3,0.705682927,0,0,0,0
707,3,0.7056763,0,0,0,0
708,4,0.707574073,0,0,0,0
710,3,0.705675341,0,0,0,0
712,3,0.70568905,0,0,0,0
714,5,0.706983116,0,0,0,0
724,4,0.706096105,0,0,0,0
725,3,0.705693618,0,0,0,0
726,4,0.707441931,0,0,0,0
740,3,0.705707177,0,0,0,0
741,3,0.706658926,0,0,0,0
743,4,0.707427656,0,0,0,0
753,3,0.706393375,0,0,0,0
758,4,0.706102942,0,0,0,0
759,3,0.706443392,0,0,0,0
760,8,0.708499273,0,0,0,0
761,4,0.706435546,0,0,0,0
1022,7,0.706982643,0,0,0,0
768,4,0.706098256,0,0,0,0
782,4,0.706105085,0,0,0,0
785,3,0.706608156,0,0,0,0
787,4,0.706100718,0,0,0,0
788,4,0.706250484,0,0,0,0
798,6,0.706507747,0,0,0,0
800,3,0.705839555,0,0,0,0
809,4,0.705929706,0,0,0,0
810,3,0.705722839,0,0,0,0
818,4,0.705901592,0,0,0,0
822,4,0.706095235,0,0,0,0
823,4,0.706073521,0,0,0,0
825,4,0.705893707,0,0,0,0
827,4,0.705905484,0,0,0,0
828,3,0.705770954,0,0,0,0
829,4,0.705921926,0,0,0,0
830,6,0.706338834,0,0,0,0
832,3,0.705884353,0,0,0,0
834,4,0.705914467,0,0,0,0
836,5,0.705924083,0,0,0,0
837,3,0.707305682,0,0,0,0
840,4,0.706068083,0,0,0,0
841,4,0.705906677,0,0,0,0
842,3,0.706008364,0,0,0,0
843,3,0.705761471,0,0,0,0
955,3,0.704497147,0,0,0,0
956,4,0.707153141,0,0,0,0
854,5,0.705926203,0,0,0,0
855,4,0.705995608,0,0,0,0
862,6,0.70632138,0,0,0,0
864,7,0.708614401,0,0,0,0
870,4,0.705890288,0,0,0,0
873,4,0.705982008,0,0,0,0
898,4,0.70585463,0,0,0,0
900,4,0.70586816,0,0,0,0
901,4,0.706079601,0,0,0,0
903,4,0.705961327,0,0,0,0
905,4,0.705851959,0,0,0,0
910,4,0.706071725,0,0,0,0
915,3,0.705869052,0,0,0,0
938,7,0.707035208,0,0,0,0
940,4,0.70584367,0,0,0,0
941,7,0.707087586,0,0,0,0
942,4,0.705861757,0,0,0,0
1063,7,0.708647779,0,0,0,0
4969,3,0.705697638,46.1802143830755,4.1985041292469627e-4,0.6863590404813292,54.49070569184463
7421,5,0.707999191,49.926655402502476,4.539114243343986e-4,0.7420409747829634,58.91134811866426
12368,4,0.706942461,16.18096804668646,1.471103200077909e-4,0.2404916012397934,19.09285999253115
11514,3,0.708836696,60.87276001384961,5.5342864404387e-4,0.9047287829367056,71.8272899958777
1094,4,0.707106058,0,0,0,0
1185,5,0.704953405,15.88770801254515,1.44444127395362e-4,0.2361329883937145,18.746825518134454
1187,3,0.706575471,0,0,0,0
1260,3,0.705485937,33.44205335636328,3.040405961360063e-4,0.49703657637871446,39.46021281010771
945,3,0.704568329,0,0,0,0
959,4,0.707146315,0,0,0,0
1219,3,0.706593542,0,0,0,0
963,7,0.706997131,0,0,0,0
967,7,0.708632162,0,0,0,0
973,3,0.704489103,0,0,0,0
974,3,0.70448844,0,0,0,0
979,7,0.706993689,0,0,0,0
981,3,0.704911069,0,0,0,0
1107,3,0.706525655,27.590368226539766,2.508396214137645e-4,0.4100651960038223,32.55547110480684
1257,3,0.706954499,0,0,0,0
1352,3,0.706649997,0,0,0,0
1353,7,0.70867633,0,0,0,0
1434,3,0.706687751,0,0,0,0
995,7,0.708640973,0,0,0,0
997,6,0.706527492,0,0,0,0
1231,3,0.706761,0,0,0,0
1232,3,0.706606071,0,0,0,0
1298,3,0.70695481,0,0,0,0
1303,3,0.706628626,0,0,0,0
1304,3,0.705050015,19.264777648655308,1.751469749273114e-4,0.28632509568563463,22.73162528791604
1006,4,0.707116786,0,0,0,0
1009,7,0.706987497,0,0,0,0
1011,7,0.708643802,0,0,0,0
1014,3,0.705165879,21.92691528495937,1.9934997183401824e-4,0.3258914393696633,25.87283544444989
1031,3,0.704499855,0,0,0,0
1033,4,0.707176437,0,0,0,0
1044,3,0.704742784,0,0,0,0
1092,3,0.704581287,0,0,0,0
1102,6,0.706535599,0,0,0,0
1117,3,0.706529809,27.54902279623496,2.504637267537262e-4,0.40945069452843075,32.506685240459106
1120,7,0.706967619,0,0,0,0
1123,7,0.708656479,0,0,0,0
567,1,0.70654955,0,0,0,0
568,1,0.706742541,0,0,0,0
569,1,0.70657311,0,0,0,0
571,1,0.706780004,0,0,0,0
572,1,0.706798356,0,0,0,0
573,2,0.706155905,0,0,0,0
574,2,0.706409505,0,0,0,0
575,1,0.704601107,0,0,0,0
576,2,0.707491469,0,0,0,0
675,1,0.706774054,0,0,0,0
731,1,0.706789616,0,0,0,0
732,1,0.706779596,0,0,0,0
793,1,0.707442729,0,0,0,0
859,2,0.705101445,0,0,0,0
860,1,0.706718301,0,0,0,0
932,1,0.70451869,0,0,0,0
933,1,0.70673447,0,0,0,0
985,1,0.706735144,0,0,0,0
986,2,0.706861417,0,0,0,0
987,2,0.706748732,0,0,0,0
988,2,0.706720733,0,0,0,0
989,1,0.706598098,0,0,0,0
990,1,0.706714684,0,0,0,0
577,1,0.704933635,0,0,0,0
580,1,0.707104916,0,0,0,0
581,2,0.70597583,0,0,0,0
582,1,0.706710464,0,0,0,0
589,1,0.706775438,0,0,0,0
590,1,0.706808767,0,0,0,0
591,1,0.706698265,0,0,0,0
592,2,0.706263572,0,0,0,0
593,1,0.706771341,0,0,0,0
594,1,0.706735267,0,0,0,0
605,1,0.706753062,0,0,0,0
606,2,0.705774455,0,0,0,0
763,2,0.705411461,0,0,0,0
764,1,0.706569879,0,0,0,0
765,1,0.706633677,0,0,0,0
886,1,0.707140341,0,0,0,0
814,1,0.70674771,0,0,0,0
816,1,0.70669119,0,0,0,0
952,2,0.706880085,0,0,0,0
953,1,0.704494475,0,0,0,0
613,2,0.706722925,0,0,0,0
614,2,0.706544132,0,0,0,0
615,1,0.706796085,0,0,0,0
616,2,0.706704462,0,0,0,0
617,2,0.706741481,0,0,0,0
618,1,0.70673675,0,0,0,0
619,1,0.706704386,0,0,0,0
620,1,0.704983006,0,0,0,0
621,1,0.704558679,0,0,0,0
622,1,0.706705912,0,0,0,0
623,2,0.706795385,0,0,0,0
624,2,0.706825767,0,0,0,0
625,1,0.706694859,0,0,0,0
626,1,0.706723945,0,0,0,0
628,1,0.706778236,0,0,0,0
629,2,0.706838424,0,0,0,0
630,1,0.706688692,0,0,0,0
631,2,0.706693744,0,0,0,0
633,1,0.706580674,0,0,0,0
634,1,0.70474651,0,0,0,0
635,2,0.706405171,0,0,0,0
646,1,0.705131489,0,0,0,0
648,2,0.706817854,0,0,0,0
652,1,0.70674331,0,0,0,0
653,1,0.70675844,0,0,0,0
654,1,0.70676187,0,0,0,0
655,1,0.706779047,0,0,0,0
656,2,0.705982387,0,0,0,0
657,2,0.706710426,0,0,0,0
661,1,0.704684108,0,0,0,0
662,2,0.706759408,0,0,0,0
663,1,0.706746266,0,0,0,0
664,1,0.706799715,0,0,0,0
665,2,0.706699531,0,0,0,0
666,1,0.706765714,0,0,0,0
668,1,0.707106498,0,0,0,0
669,2,0.704936856,0,0,0,0
670,1,0.705820792,0,0,0,0
671,1,0.706798469,0,0,0,0
676,1,0.705219124,0,0,0,0
677,1,0.706580326,0,0,0,0
678,1,0.706624516,0,0,0,0
679,1,0.704671635,0,0,0,0
680,2,0.704701663,0,0,0,0
681,1,0.706803475,0,0,0,0
682,1,0.706824515,0,0,0,0
683,2,0.706357993,0,0,0,0
685,1,0.704723254,0,0,0,0
686,1,0.706628074,0,0,0,0
688,1,0.706787854,0,0,0,0
689,1,0.706713044,0,0,0,0
690,1,0.706581297,0,0,0,0
691,1,0.706716064,0,0,0,0
692,1,0.706804415,0,0,0,0
705,2,0.706785606,0,0,0,0
706,1,0.706825946,0,0,0,0
709,1,0.706709541,0,0,0,0
711,2,0.706666003,0,0,0,0
713,1,0.706828194,0,0,0,0
715,1,0.706713718,0,0,0,0
716,1,0.705044383,0,0,0,0
717,1,0.706852363,0,0,0,0
718,2,0.706716793,0,0,0,0
719,1,0.706644351,0,0,0,0
720,1,0.706932652,0,0,0,0
727,2,0.706577122,0,0,0,0
728,1,0.706643697,0,0,0,0
729,2,0.706635138,0,0,0,0
736,2,0.706691063,0,0,0,0
737,1,0.70661435399999994,0,0,0,0
738,2,0.706637895,0,0,0,0
739,1,0.706583554,0,0,0,0
742,2,0.704420049,0,0,0,0
744,1,0.706663199,0,0,0,0
757,2,0.706578672,0,0,0,0
762,1,0.706762037,0,0,0,0
1015,1,0.704493588,0,0,0,0
1016,1,0.704482304,0,0,0,0
1017,1,0.706903929,0,0,0,0
1018,1,0.706712304,0,0,0,0
1019,2,0.706718375,0,0,0,0
1020,1,0.706749972,0,0,0,0
1021,1,0.706662335,0,0,0,0
1023,2,0.707247951,0,0,0,0
1171,1,0.706557116,0,0,0,0
1172,2,0.70674364,0,0,0,0
1173,2,0.707167541,0,0,0,0
1246,2,0.706447252,0,0,0,0
1247,2,0.706718671,0,0,0,0
1248,1,0.704431835,0,0,0,0
766,1,0.706736729,0,0,0,0
767,1,0.706821778,0,0,0,0
769,1,0.707429655,0,0,0,0
770,1,0.707460197,0,0,0,0
771,2,0.706961747,0,0,0,0
778,1,0.706856564,0,0,0,0
779,1,0.706646828,0,0,0,0
780,1,0.706845165,0,0,0,0
781,2,0.706851255,0,0,0,0
783,1,0.70515183,0,0,0,0
784,1,0.706929902,0,0,0,0
786,1,0.706488634,0,0,0,0
789,2,0.70562734,0,0,0,0
790,1,0.706741472,0,0,0,0
791,1,0.706878766,0,0,0,0
792,1,0.706725803,0,0,0,0
796,2,0.706838164,0,0,0,0
797,1,0.706649278,0,0,0,0
799,1,0.706629413,0,0,0,0
801,1,0.706719706,0,0,0,0
802,1,0.70448938,0,0,0,0
803,1,0.7071533,0,0,0,0
804,1,0.7044863,0,0,0,0
808,1,0.707197319,0,0,0,0
817,1,0.706721784,0,0,0,0
819,2,0.706687195,0,0,0,0
820,2,0.707139674,0,0,0,0
821,1,0.706741448,0,0,0,0
824,1,0.706750978,0,0,0,0
826,1,0.707152979,0,0,0,0
831,1,0.706799597,0,0,0,0
833,2,0.707439999,0,0,0,0
835,1,0.706775489,0,0,0,0
838,1,0.706671701,0,0,0,0
839,2,0.707447235,0,0,0,0
957,1,0.707101681,0,0,0,0
844,2,0.706678429,0,0,0,0
845,1,0.704714274,0,0,0,0
846,2,0.705280328,0,0,0,0
853,1,0.707210206,0,0,0,0
856,1,0.704498672,0,0,0,0
857,1,0.706737711,0,0,0,0
858,1,0.707126945,0,0,0,0
863,1,0.706581467,0,0,0,0
865,2,0.707439048,0,0,0,0
866,1,0.70672306,0,0,0,0
867,1,0.706887731,0,0,0,0
868,1,0.706777389,0,0,0,0
869,1,0.70713116,0,0,0,0
871,2,0.707134052,0,0,0,0
872,1,0.706857503,0,0,0,0
874,2,0.707130013,0,0,0,0
875,1,0.704487461,0,0,0,0
876,1,0.706734884,0,0,0,0
877,2,0.707127824,0,0,0,0
878,1,0.707123958,0,0,0,0
879,1,0.706729992,0,0,0,0
880,2,0.706506859,0,0,0,0
881,1,0.707204397,0,0,0,0
882,2,0.706683736,0,0,0,0
883,1,0.706783152,0,0,0,0
884,1,0.706862586,0,0,0,0
885,1,0.706679691,0,0,0,0
892,1,0.704474815,0,0,0,0
893,2,0.707399731,0,0,0,0
894,2,0.704440392,0,0,0,0
895,2,0.704457442,0,0,0,0
896,1,0.705014107,0,0,0,0
897,1,0.706894031,0,0,0,0
899,1,0.706659067,0,0,0,0
902,1,0.704477727,0,0,0,0
904,1,0.704514111,0,0,0,0
906,2,0.704469915,0,0,0,0
907,2,0.706802787,0,0,0,0
908,1,0.706910609,0,0,0,0
909,2,0.704458946,0,0,0,0
911,1,0.706621407,0,0,0,0
912,2,0.706677792,0,0,0,0
913,1,0.706700712,0,0,0,0
914,1,0.706722485,0,0,0,0
916,1,0.705656777,0,0,0,0
917,1,0.704733133,0,0,0,0
918,1,0.70714501,0,0,0,0
922,2,0.706855472,0,0,0,0
923,2,0.70684685,0,0,0,0
924,1,0.707156161,0,0,0,0
937,1,0.706636402,0,0,0,0
939,1,0.707442478,0,0,0,0
1064,1,0.704492311,0,0,0,0
1065,1,0.705393175,0,0,0,0
4970,2,0.70742053,0,0,0,0
12369,1,0.707188407,0,0,0,0
12370,1,0.706663702,0,0,0,0
12371,1,0.707573905,0,0,0,0
12372,1,0.707214244,0,0,0,0
12373,2,0.707241195,0,0,0,0
11515,2,0.706577231,0,0,0,0
11516,1,0.707475858,0,0,0,0
1093,2,0.707284621,0,0,0,0
1095,2,0.706758264,0,0,0,0
1096,2,0.706753682,0,0,0,0
1097,2,0.706787927,0,0,0,0
1098,2,0.704483103,0,0,0,0
1180,1,0.707436121,0,0,0,0
1181,2,0.705316252,0,0,0,0
1182,1,0.706633094,0,0,0,0
1183,1,0.704659403,0,0,0,0
1184,1,0.706634645,0,0,0,0
1186,1,0.704504055,0,0,0,0
1188,2,0.706950492,0,0,0,0
1258,2,0.706354563,0,0,0,0
1259,1,0.70668827,0,0,0,0
943,1,0.706655491,0,0,0,0
944,2,0.706590653,0,0,0,0
958,2,0.704481755,0,0,0,0
960,1,0.706446449,0,0,0,0
1066,1,0.706701838,0,0,0,0
1067,2,0.704731393,0,0,0,0
1068,1,0.706730822,0,0,0,0
1069,2,0.705020006,0,0,0,0
1070,1,0.705286784,0,0,0,0
1071,2,0.706490614,0,0,0,0
1141,1,0.705069995,0,0,0,0
1142,1,0.706685327,0,0,0,0
1143,1,0.706701179,0,0,0,0
1147,1,0.706739254,0,0,0,0
1148,1,0.706962717,0,0,0,0
1149,1,0.706726865,0,0,0,0
1220,1,0.706916502,0,0,0,0
1221,1,0.707140379,0,0,0,0
1222,1,0.706705349,0,0,0,0
1223,1,0.706978402,0,0,0,0
1224,1,0.706686887,0,0,0,0
961,1,0.705353276,0,0,0,0
962,2,0.704453481,0,0,0,0
964,2,0.706727229,0,0,0,0
965,1,0.707141364,0,0,0,0
966,2,0.704455599,0,0,0,0
968,1,0.706670175,0,0,0,0
969,1,0.706690108,0,0,0,0
970,2,0.706668522,0,0,0,0
971,1,0.706692698,0,0,0,0
972,1,0.707288256,0,0,0,0
975,1,0.704501495,0,0,0,0
976,1,0.706469917,0,0,0,0
977,2,0.706742578,0,0,0,0
978,1,0.706714323,0,0,0,0
980,1,0.70713016,0,0,0,0
1252,1,0.706884075,0,0,0,0
1253,1,0.706714729,0,0,0,0
1254,1,0.706625856,0,0,0,0
1255,2,0.705233264,0,0,0,0
1256,2,0.704785841,0,0,0,0
1351,2,0.706772571,0,0,0,0
1354,2,0.706808961,0,0,0,0
1355,1,0.706569954,0,0,0,0
1356,1,0.70675463,0,0,0,0
1429,1,0.707309122,0,0,0,0
1430,1,0.70470156,0,0,0,0
1431,1,0.706774364,0,0,0,0
1432,1,0.706782514,0,0,0,0
1433,2,0.706795499,0,0,0,0
994,1,0.707197288,0,0,0,0
996,1,0.706747365,0,0,0,0
998,1,0.706655015,0,0,0,0
999,1,0.706848282,0,0,0,0
1132,2,0.70665382,0,0,0,0
1133,2,0.704764328,0,0,0,0
1230,1,0.707210617,0,0,0,0
4935,2,0.7081111,0,0,0,0
1297,2,0.706651633,0,0,0,0
1299,1,0.706626338,0,0,0,0
1300,1,0.706744032,0,0,0,0
1301,1,0.707125943,0,0,0,0
1302,1,0.706674634,0,0,0,0
1002,1,0.707270321,0,0,0,0
1003,2,0.706730605,0,0,0,0
1004,2,0.706713624,0,0,0,0
1005,1,0.706810153,0,0,0,0
1007,2,0.706658677,0,0,0,0
1008,2,0.706723881,0,0,0,0
1010,2,0.706653634,0,0,0,0
1012,2,0.706707719,0,0,0,0
1013,2,0.706654893,0,0,0,0
1024,1,0.70670733,0,0,0,0
1025,2,0.706536548,0,0,0,0
1026,1,0.706869038,0,0,0,0
1027,1,0.706710606,0,0,0,0
1028,1,0.70671511,0,0,0,0
1029,1,0.705726811,0,0,0,0
1030,1,0.706723542,0,0,0,0
1032,2,0.707155052,0,0,0,0
1034,1,0.706717396,0,0,0,0
1035,1,0.706662731,0,0,0,0
1036,1,0.706690865,0,0,0,0
1037,1,0.706806988,0,0,0,0
1038,1,0.706642771,0,0,0,0
1039,2,0.706876606,0,0,0,0
1040,1,0.704483471,0,0,0,0
1041,1,0.706910922,0,0,0,0
1042,1,0.707133823,0,0,0,0
1043,2,0.706648256,0,0,0,0
1045,1,0.707340612,0,0,0,0
1046,2,0.704835324,0,0,0,0
1053,1,0.706736939,0,0,0,0
1054,1,0.706602031,0,0,0,0
1055,1,0.706943386,0,0,0,0
1056,1,0.706833374,0,0,0,0
1057,1,0.706642971,0,0,0,0
1058,2,0.706705938,0,0,0,0
1059,1,0.704516622,0,0,0,0
1060,2,0.706551865,0,0,0,0
1061,2,0.704697101,0,0,0,0
1062,2,0.706832953,0,0,0,0
1072,1,0.706661353,0,0,0,0
1073,2,0.707269048,0,0,0,0
1074,1,0.704498601,0,0,0,0
1091,1,0.706667858,0,0,0,0
1099,1,0.706611761,0,0,0,0
1100,2,0.70656693,0,0,0,0
1101,1,0.706759653,0,0,0,0
1103,2,0.705096588,0,0,0,0
1104,1,0.706730213,0,0,0,0
1108,1,0.707429394,0,0,0,0
1109,2,0.707234739,0,0,0,0
1110,1,0.706627289,0,0,0,0
1111,1,0.706629093,0,0,0,0
1112,2,0.707111622,0,0,0,0
1113,2,0.704905875,0,0,0,0
1114,2,0.706734516,0,0,0,0
1115,2,0.704627228,0,0,0,0
1116,1,0.706661251,0,0,0,0
1118,1,0.707294886,0,0,0,0
1119,2,0.707250451,0,0,0,0
1121,1,0.706615497,0,0,0,0
1122,1,0.706854153,0,0,0,0
1124,2,0.707119983,0,0,0,0
1308,3,0.707135833,0,0,0,0
1175,5,0.704946838,16.673437405710278,1.5158763711211964e-4,0.24781098685204214,19.67395307023356
1198,7,0.708663847,0,0,0,0
1202,6,0.706547817,0,0,0,0
1208,6,0.706556931,0,0,0,0
1216,7,0.706963886,0,0,0,0
1225,6,0.706555871,0,0,0,0
1227,3,0.706709522,0,0,0,0
1228,3,0.706549913,0,0,0,0
1229,3,0.706706429,0,0,0,0
1233,5,0.704963082,15.907052313109745,1.4461999735803505e-4,0.23642049540838883,18.769650977109936
1239,3,0.706611601,0,0,0,0
1240,3,0.706604478,0,0,0,0
1250,3,0.705046357,19.255562345905208,1.7506319340493124e-4,0.2861881321301856,22.720751619252407
1324,3,0.70663906,0,0,0,0
1325,3,0.706666759,0,0,0,0
4922,3,0.708203914,0,0,0,0
11509,5,0.709245371,64.34893199665048,5.850324869855581e-4,0.9563938108829094,75.92902635590764
12436,3,0.707039483,15.546057453337939,1.4133798918714114e-4,0.23105516549639787,18.3436922646423
12438,7,0.709199393,63.56327430640191,5.778896291605149e-4,0.9447168781178806,75.00198341022659
12439,7,0.709187766,64.35099169438064,5.85051212861002e-4,0.9564244233903791,75.93145671237801
6310,5,0.707355425,33.87145959018556,3.0794457074918597e-4,0.503418678639612,39.96689405925385
6311,3,0.708280367,0,0,0,0
6315,3,0.708311834,0,0,0,0
8419,4,0.706513692,28.510389602396327,2.5920405539730374e-4,0.4237391253519425,33.64105753379446
8421,3,0.707184128,0,0,0,0
8423,3,0.707662245,0,0,0,0
8428,4,0.707381459,0,0,0,0
11749,5,0.709149083,65.08417216192645,5.917169706137473e-4,0.9673214070645999,76.7965787480758
11754,3,0.709168145,65.91390512515649,5.992605416404994e-4,0.979653413923083,77.77562865735385
2111,3,0.706844723,0,0,0,0
2114,3,0.705110607,21.80644760566217,1.982547321177742e-4,0.3241009738667197,25.730688662637444
2115,4,0.706797243,0,0,0,0
1333,5,0.704987229,15.945289116178346,1.4496762973202325e-4,0.23698879453423388,18.81476879240037
1337,6,0.706591919,0,0,0,0
11490,4,0.706293226,44.661293823209256,4.0604104818312914e-4,0.6637838993312866,52.6984434794956
1261,4,0.707114542,0,0,0,0
1262,3,0.706697993,0,0,0,0
1263,3,0.704545552,9.396009595033211,8.542443037607178e-5,0.139649332861561,11.086895120788851
1266,3,0.70713395,0,0,0,0
1285,3,0.70668129,0,0,0,0
1289,5,0.704969767,15.919074427176813,1.4472929718746885e-4,0.23659917553765766,18.783836564772834
1294,7,0.706976487,0,0,0,0
1295,3,0.706676476,0,0,0,0
1770,3,0.704452058,8.985626044641979,8.169340172254505e-5,0.13354995754166044,10.602659835962232
13434,3,0.710171699,18.530846540782075,1.6847439267936526e-4,0.2754169555284533,21.8656175282841
13436,4,0.707806262,44.04499013122043,4.004378832124755e-4,0.6546240109173952,51.97123111061435
1345,4,0.704949768,15.879845319712508,1.4437264321373608e-4,0.2360161281673101,18.737547872137952
1435,3,0.706691185,0,0,0,0
1436,3,0.705532707,38.76277588257931,3.524142899252719e-4,0.5761164606223749,45.73844103224134
1310,3,0.706690922,0,0,0,0
1805,7,0.70870104,0,0,0,0
1809,3,0.706599181,22.935694120332162,2.085213500148909e-4,0.34088453723102996,27.063151933032632
4958,4,0.705041009,19.241407779910165,1.7493450625054752e-4,0.285977758175353,22.70404982823356
1312,6,0.706589705,0,0,0,0
1314,6,0.706587305,0,0,0,0
1315,6,0.706594272,0,0,0,0
1365,3,0.70677462,0,0,0,0
1447,3,0.707087682,0,0,0,0
1783,3,0.706837462,0,0,0,0
4951,3,0.705406618,31.070648468975165,2.824808148642582e-4,0.4617912834574034,36.662055037972614
4952,3,0.707704313,44.70964365608558,4.0648062382324146e-4,0.6645025045899184,52.755494243523216
12335,5,0.708993464,61.07753123701009,5.552903348945416e-4,0.9077722200909975,72.06891140462298
12336,4,0.706622851,22.753958798018893,2.0686909155018807e-4,0.33818347394860804,26.84871191593271
12337,7,0.708154063,0,0,0,0
1400,3,0.70429117,4.346790222643666,3.951912511135541e-5,0.06460469718998818,5.129029171702373
1401,3,0.706952998,0,0,0,0
7427,3,0.706316643,43.58779773066398,3.962812888630563e-4,0.647828933381413,51.43176335638063
11506,5,0.709277488,64.27863409997403,5.843933691005151e-4,0.9553489998625349,75.84607780207945
1424,3,0.706947543,0,0,0,0
1427,3,0.70662552,21.93652077620936,1.9943730078044104e-4,0.3260342021490434,25.88416951909032
1440,7,0.706996221,0,0,0,0
1452,7,0.70701307,0,0,0,0
1453,3,0.704590998,9.550504848855,8.682903399211208e-5,0.1419455373203022,11.26919300570026
1459,4,0.704620386,10.452313261062697,9.502788363589216e-5,0.15534877428595192,12.3332889055679
1756,3,0.704561477,9.453661449225805,8.594857594603054e-5,0.14050619054085536,11.15492187773152
1758,7,0.708697907,0,0,0,0
1760,3,0.706169978,49.07979356506104,4.4621212503728963e-4,0.7294543879528341,57.91208686008967
1814,3,0.704526831,9.323512059937556,8.47653143357381e-5,0.13857182944824312,11.001351086378104
1817,3,0.704526147,9.320768083990092,8.47403673005199e-5,0.13853104677272796,10.998113310465277
1819,3,0.704485958,9.14809715689444,8.31705183725823e-5,0.13596470416424006,10.794368897503967
11535,3,0.707690122,45.459776000699165,4.1330050066533787e-4,0.6756514375942589,53.64061877935154
12352,3,0.706956632,15.400370268007753,1.400134646968189e-4,0.22888987202451874,18.171787529141337
1767,4,0.706846934,0,0,0,0
1772,5,0.705063036,19.29449740544555,1.754171740229002e-4,0.286766809177579,22.766693347736126
1775,4,0.706702954,0,0,0,0
1784,3,0.705371516,29.952561678077753,2.723156563193042e-4,0.44517358284195446,35.34275977105722
1785,3,0.704527051,9.32439321137524,8.47733253811588e-5,0.13858492566841807,11.002390807919076
1787,4,0.706713566,0,0,0,0
1788,6,0.707243135,0,0,0,0
1789,3,0.704478872,9.11537525738058,8.287302510179295e-5,0.13547837096174,10.7557584358613
1790,6,0.706964263,0,0,0,0
1793,3,0.70714471,0,0,0,0
4904,3,0.707659902,45.320707185978556,4.120361475204812e-4,0.6735845104587388,53.476523442093175
4905,3,0.705694616,46.154769434481885,4.1961907852496266e-4,0.6859808618449778,54.46068172544081
4906,3,0.706584359,0,0,0,0
4910,3,0.70507944,19.325060499218704,1.7569504037134268e-4,0.2872210568677754,22.80275650963508
4912,3,0.705794884,50.91690101588,4.629143065259935e-4,0.7567586203833211,60.07979618678259
4914,3,0.706584726,0,0,0,0
4930,3,0.706849034,0,0,0,0
4936,4,0.707815459,44.03698498745412,4.00365103928951e-4,0.654505033496702,51.96178537852284
4937,7,0.708950812,0,0,0,0
4943,3,0.706910884,0,0,0,0
4944,3,0.707548347,42.19006197121352,3.8357368359087375e-4,0.6270549160339653,49.78249409852514
13416,4,0.706548374,26.568765470539272,2.4155165372713095e-4,0.3948815010658759,31.350022930629418
1502,3,0.706550922,26.54300632145017,2.4131746275322304e-4,0.3944986525865304,31.319628220889804
4964,3,0.706834425,15.391291570609159,1.399309251308481e-4,0.2287549387826843,18.16107504903225
4965,7,0.708952506,0,0,0,0
7433,7,0.708533911,0,0,0,0
1125,2,0.704493313,0,0,0,0
1126,2,0.707342497,0,0,0,0
1127,1,0.706782364,0,0,0,0
1128,1,0.704471113,0,0,0,0
1129,1,0.707322241,0,0,0,0
1130,1,0.706618651,0,0,0,0
1134,2,0.707216861,0,0,0,0
1135,1,0.707121434,0,0,0,0
1136,1,0.706666139,0,0,0,0
1137,1,0.704502055,0,0,0,0
1210,1,0.706765102,0,0,0,0
1211,2,0.706490318,0,0,0,0
1212,1,0.706641806,0,0,0,0
1213,1,0.706527439,0,0,0,0
1214,1,0.706735073,0,0,0,0
1215,2,0.706472426,0,0,0,0
1270,1,0.7072351,0,0,0,0
1271,1,0.706750278,0,0,0,0
1272,1,0.70673741,0,0,0,0
4933,1,0.707565162,0,0,0,0
4934,1,0.707956934,0,0,0,0
1305,1,0.707201616,0,0,0,0
1306,1,0.706637119,0,0,0,0
1307,1,0.706692546,0,0,0,0
1150,1,0.706646013,0,0,0,0
1151,2,0.704602081,0,0,0,0
1152,2,0.704598584,0,0,0,0
1153,1,0.706734654,0,0,0,0
1154,1,0.706747279,0,0,0,0
1155,1,0.706558067,0,0,0,0
1156,2,0.707255288,0,0,0,0
1157,1,0.706700062,0,0,0,0
1158,1,0.706656376,0,0,0,0
1168,1,0.707248068,0,0,0,0
1169,2,0.704498385,0,0,0,0
1170,2,0.706753599,0,0,0,0
1174,1,0.706648957,0,0,0,0
1193,2,0.706961256,0,0,0,0
1194,2,0.706712544,0,0,0,0
1195,1,0.706647931,0,0,0,0
1196,2,0.705309427,0,0,0,0
1197,2,0.707261771,0,0,0,0
1199,1,0.706759478,0,0,0,0
1200,1,0.706730063,0,0,0,0
1201,2,0.707260708,0,0,0,0
1203,2,0.706502362,0,0,0,0
1204,1,0.706725083,0,0,0,0
1205,1,0.707265784,0,0,0,0
1206,1,0.704689455,0,0,0,0
1207,1,0.704769149,0,0,0,0
1209,1,0.707369995,0,0,0,0
1217,1,0.706689655,0,0,0,0
1218,1,0.707181948,0,0,0,0
1226,1,0.707261056,0,0,0,0
1234,1,0.707264791,0,0,0,0
1235,1,0.704458123,0,0,0,0
1236,1,0.706562683,0,0,0,0
1237,1,0.70661458,0,0,0,0
1238,1,0.706677024,0,0,0,0
1241,1,0.704437402,0,0,0,0
1242,1,0.706638719,0,0,0,0
1249,1,0.707025263,0,0,0,0
1251,2,0.706436348,0,0,0,0
1326,1,0.706759931,0,0,0,0
1411,2,0.706787853,0,0,0,0
1412,2,0.706624645,0,0,0,0
1413,1,0.706674224,0,0,0,0
4921,1,0.70748858,0,0,0,0
4923,1,0.706763462,0,0,0,0
1330,1,0.706768673,0,0,0,0
11501,2,0.706704285,0,0,0,0
11502,1,0.706846009,0,0,0,0
11503,2,0.708154864,0,0,0,0
11504,1,0.707462284,0,0,0,0
11508,1,0.706485488,0,0,0,0
11510,1,0.70814584,0,0,0,0
11511,1,0.706606431,0,0,0,0
12435,1,0.706798274,0,0,0,0
12437,1,0.707976535,0,0,0,0
12440,1,0.706706403,0,0,0,0
12441,1,0.70734442,0,0,0,0
12442,1,0.708898099,0,0,0,0
6308,1,0.706894936,0,0,0,0
6309,1,0.707321656,0,0,0,0
6312,1,0.707737467,0,0,0,0
6313,2,0.708004962,0,0,0,0
6314,1,0.706999153,0,0,0,0
8418,1,0.70755224,0,0,0,0
8420,2,0.708183076,0,0,0,0
8422,1,0.707164599,0,0,0,0
8427,1,0.708253497,0,0,0,0
11750,1,0.708981795,0,0,0,0
11751,2,0.709330786,0,0,0,0
11752,1,0.706985471,0,0,0,0
11753,1,0.707225303,0,0,0,0
11755,2,0.706772064,0,0,0,0
11756,2,0.708908714,0,0,0,0
2109,1,0.705869277,0,0,0,0
2110,1,0.707362517,0,0,0,0
2112,1,0.707268886,0,0,0,0
2113,1,0.70685312,0,0,0,0
2119,1,0.706794269,0,0,0,0
1331,1,0.707317264,0,0,0,0
1332,2,0.70444988100000006,0,0,0,0
1334,1,0.707127104,0,0,0,0
1335,1,0.706673225,0,0,0,0
1336,1,0.706658688,0,0,0,0
1338,1,0.70658166,0,0,0,0
1339,1,0.706961262,0,0,0,0
1340,1,0.706776709,0,0,0,0
1341,1,0.706683785,0,0,0,0
1405,1,0.707336099,0,0,0,0
1406,2,0.707170925,0,0,0,0
1407,1,0.706703181,0,0,0,0
1408,2,0.704423285,0,0,0,0
1409,2,0.706642559,0,0,0,0
1410,2,0.70733267,0,0,0,0
1414,1,0.704416812,0,0,0,0
1415,1,0.706683337,0,0,0,0
1416,1,0.707257999,0,0,0,0
11491,1,0.70733254,0,0,0,0
11492,2,0.7080431,0,0,0,0
11493,1,0.708466194,0,0,0,0
11494,1,0.706797002,0,0,0,0
11495,1,0.708118455,0,0,0,0
12398,1,0.709157186,0,0,0,0
12399,1,0.706758235,0,0,0,0
12400,2,0.709549387,0,0,0,0
1264,2,0.706670754,0,0,0,0
1265,2,0.706656859,0,0,0,0
1267,1,0.706663841,0,0,0,0
1268,1,0.706931542,0,0,0,0
1269,1,0.7069477,0,0,0,0
1273,1,0.706888129,0,0,0,0
1274,1,0.70675512,0,0,0,0
1283,2,0.707033392,0,0,0,0
1284,2,0.70442159,0,0,0,0
1286,1,0.706988097,0,0,0,0
1287,1,0.706673026,0,0,0,0
1288,1,0.707023873,0,0,0,0
1290,1,0.706643767,0,0,0,0
1291,2,0.706734682,0,0,0,0
1292,1,0.706670454,0,0,0,0
1293,2,0.706655444,0,0,0,0
1296,2,0.706413116,0,0,0,0
1348,2,0.706642175,0,0,0,0
1349,2,0.706547178,0,0,0,0
1350,1,0.707137566,0,0,0,0
1769,1,0.707684022,0,0,0,0
1771,2,0.707394939,0,0,0,0
7467,2,0.706104395,0,0,0,0
7468,1,0.70803806,0,0,0,0
7469,1,0.707784636,0,0,0,0
11547,1,0.709690679,0,0,0,0
11548,2,0.709752295,0,0,0,0
11549,1,0.707114888,0,0,0,0
13435,1,0.70774912,0,0,0,0
1346,1,0.706652153,0,0,0,0
1347,2,0.706672068,0,0,0,0
1437,2,0.704421608,0,0,0,0
1309,1,0.707143238,0,0,0,0
1311,1,0.707330559,0,0,0,0
1381,2,0.706781068,0,0,0,0
1382,1,0.707095516,0,0,0,0
1383,2,0.706634096,0,0,0,0
1468,2,0.707324115,0,0,0,0
1469,1,0.706802955,0,0,0,0
1470,1,0.706970456,0,0,0,0
1799,1,0.707487326,0,0,0,0
1800,1,0.706850788,0,0,0,0
1801,1,0.706746515,0,0,0,0
1802,1,0.707680731,0,0,0,0
1803,1,0.706817874,0,0,0,0
1804,2,0.705939771,0,0,0,0
1806,1,0.706626775,0,0,0,0
1807,1,0.706830092,0,0,0,0
1808,1,0.706690374,0,0,0,0
1810,1,0.707097446,0,0,0,0
4957,2,0.706728971,0,0,0,0
4959,2,0.70673324,0,0,0,0
1313,2,0.704422029,0,0,0,0
1316,1,0.706541388,0,0,0,0
1317,2,0.707136716,0,0,0,0
1318,1,0.706504062,0,0,0,0
1319,1,0.706669235,0,0,0,0
1320,1,0.706553761,0,0,0,0
1321,1,0.706763866,0,0,0,0
1322,1,0.706671129,0,0,0,0
1323,1,0.707043854,0,0,0,0
1327,2,0.706662637,0,0,0,0
1328,2,0.707054077,0,0,0,0
1329,2,0.707133473,0,0,0,0
1342,1,0.706797655,0,0,0,0
1343,1,0.706667597,0,0,0,0
1344,1,0.706687341,0,0,0,0
1357,2,0.706684479,0,0,0,0
1358,2,0.706909506,0,0,0,0
1359,2,0.706766434,0,0,0,0
1360,2,0.706145289,0,0,0,0
1361,1,0.706585367,0,0,0,0
1362,1,0.70694729,0,0,0,0
1363,2,0.706679238,0,0,0,0
1364,1,0.706615649,0,0,0,0
1366,1,0.706698444,0,0,0,0
1367,2,0.706702381,0,0,0,0
1368,1,0.704459694,0,0,0,0
1369,2,0.706669038,0,0,0,0
1370,2,0.706763039,0,0,0,0
1371,1,0.707326621,0,0,0,0
1372,2,0.70663532,0,0,0,0
1373,1,0.704594065,0,0,0,0
1374,1,0.704478471,0,0,0,0
1448,2,0.705264427,0,0,0,0
1449,1,0.706634611,0,0,0,0
1778,1,0.706083745,0,0,0,0
1779,2,0.707005189,0,0,0,0
1780,1,0.704461991,0,0,0,0
1781,2,0.707680069,0,0,0,0
1782,2,0.707006529,0,0,0,0
4948,1,0.707954433,0,0,0,0
4949,1,0.70469278,0,0,0,0
4950,2,0.704872251,0,0,0,0
4953,2,0.705211749,0,0,0,0
1375,1,0.707255703,0,0,0,0
1376,2,0.706776926,0,0,0,0
1377,1,0.707333874,0,0,0,0
1378,1,0.706629491,0,0,0,0
1379,1,0.706978268,0,0,0,0
1380,1,0.706606188,0,0,0,0
1384,1,0.706717947,0,0,0,0
1385,1,0.706681025,0,0,0,0
1386,1,0.705843207,0,0,0,0
1387,1,0.704462267,0,0,0,0
1388,1,0.706598454,0,0,0,0
1389,1,0.706742727,0,0,0,0
1390,1,0.706662697,0,0,0,0
1391,1,0.706690144,0,0,0,0
1392,2,0.706759014,0,0,0,0
1393,2,0.70733427,0,0,0,0
1394,1,0.706697857,0,0,0,0
1395,1,0.706625184,0,0,0,0
1396,1,0.706739404,0,0,0,0
1397,2,0.706655168,0,0,0,0
1398,1,0.707190626,0,0,0,0
1399,1,0.706793488,0,0,0,0
1402,1,0.707362877,0,0,0,0
1403,2,0.706266749,0,0,0,0
1404,2,0.7044155,0,0,0,0
1417,2,0.706467631,0,0,0,0
1418,2,0.705283936,0,0,0,0
1419,1,0.706582566,0,0,0,0
1820,1,0.707329013,0,0,0,0
4901,1,0.707171198,0,0,0,0
11531,1,0.709864886,0,0,0,0
4927,2,0.707483786,0,0,0,0
4928,1,0.705479076,0,0,0,0
4929,1,0.70827193,0,0,0,0
7422,1,0.708038987,0,0,0,0
7423,1,0.707450939,0,0,0,0
7424,1,0.709058699,0,0,0,0
7425,1,0.707047343,0,0,0,0
7426,1,0.707540609,0,0,0,0
7479,2,0.705240844,0,0,0,0
7480,1,0.707519545,0,0,0,0
7481,1,0.706019241,0,0,0,0
11505,1,0.706878396,0,0,0,0
1425,1,0.707249615,0,0,0,0
1426,2,0.706743058,0,0,0,0
1428,1,0.706594856,0,0,0,0
1438,2,0.707330308,0,0,0,0
1439,1,0.706582821,0,0,0,0
1441,2,0.706745742,0,0,0,0
1442,2,0.706652163,0,0,0,0
1443,1,0.707346008,0,0,0,0
1444,2,0.706751312,0,0,0,0
1445,2,0.706241706,0,0,0,0
1446,1,0.706640962,0,0,0,0
1450,1,0.705875128,0,0,0,0
1451,2,0.704427299,0,0,0,0
1454,1,0.706729331,0,0,0,0
1455,1,0.706754791,0,0,0,0
1456,1,0.707154692,0,0,0,0
1457,2,0.707311985,0,0,0,0
1458,1,0.706682092,0,0,0,0
1460,1,0.70620879,0,0,0,0
1461,1,0.706696513,0,0,0,0
1462,1,0.704443706,0,0,0,0
1463,1,0.704647023,0,0,0,0
1464,1,0.706746927,0,0,0,0
1465,2,0.704712043,0,0,0,0
1466,2,0.70680341,0,0,0,0
1467,1,0.706742271,0,0,0,0
1751,1,0.707347581,0,0,0,0
1752,1,0.707677809,0,0,0,0
1753,2,0.704544769,0,0,0,0
1754,2,0.70724966,0,0,0,0
1755,1,0.706768728,0,0,0,0
1757,1,0.707246216,0,0,0,0
1759,1,0.706926935,0,0,0,0
1761,2,0.706783098,0,0,0,0
1813,1,0.704469919,0,0,0,0
1815,1,0.70768361,0,0,0,0
1816,1,0.70739019,0,0,0,0
1818,1,0.707290344,0,0,0,0
11532,1,0.706903198,0,0,0,0
11533,1,0.70689209,0,0,0,0
11534,1,0.707518489,0,0,0,0
11536,1,0.707404002,0,0,0,0
12351,1,0.705603112,0,0,0,0
12353,1,0.705952349,0,0,0,0
1762,2,0.707484704,0,0,0,0
1763,1,0.704445534,0,0,0,0
1764,1,0.706669545,0,0,0,0
1765,2,0.706717654,0,0,0,0
1766,2,0.706792927,0,0,0,0
1768,2,0.706753437,0,0,0,0
1773,2,0.706657032,0,0,0,0
1774,1,0.707183904,0,0,0,0
1776,1,0.704727427,0,0,0,0
1777,1,0.707029012,0,0,0,0
1786,2,0.706656905,0,0,0,0
1791,2,0.706766083,0,0,0,0
1792,2,0.706746996,0,0,0,0
1794,1,0.706728387,0,0,0,0
1795,2,0.706778708,0,0,0,0
1796,1,0.704472367,0,0,0,0
1797,2,0.707684784,0,0,0,0
1798,2,0.706774124,0,0,0,0
1811,1,0.707496642,0,0,0,0
1812,1,0.704448399,0,0,0,0
4902,1,0.706102492,0,0,0,0
4903,1,0.706809908,0,0,0,0
4907,2,0.707857418,0,0,0,0
4908,1,0.705471983,0,0,0,0
4909,2,0.707840355,0,0,0,0
4911,2,0.707147133,0,0,0,0
4913,2,0.707850606,0,0,0,0
4915,1,0.704831924,0,0,0,0
4916,2,0.70718495,0,0,0,0
4917,1,0.706879909,0,0,0,0
4918,2,0.707943816,0,0,0,0
4919,2,0.707699275,0,0,0,0
4920,1,0.705719766,0,0,0,0
4924,1,0.707839431,0,0,0,0
4925,2,0.705848609,0,0,0,0
4926,1,0.707133661,0,0,0,0
4931,1,0.706839819,0,0,0,0
4932,2,0.705761624,0,0,0,0
4938,1,0.706769554,0,0,0,0
4939,2,0.70673515,0,0,0,0
4940,2,0.707709524,0,0,0,0
4941,1,0.70509113,0,0,0,0
4942,2,0.704905803,0,0,0,0
4945,1,0.707730605,0,0,0,0
4946,2,0.704679989,0,0,0,0
4947,1,0.707199278,0,0,0,0
4954,1,0.706752409,0,0,0,0
4955,2,0.707873528,0,0,0,0
4956,1,0.707568884,0,0,0,0
4960,1,0.707878256,0,0,0,0
4961,2,0.707813866,0,0,0,0
4962,2,0.707561201,0,0,0,0
7446,1,0.70730091,0,0,0,0
7447,1,0.709067309,0,0,0,0
7448,1,0.707615528,0,0,0,0
1485,1,0.706596621,0,0,0,0
1486,1,0.706709503,0,0,0,0
1487,1,0.70727016,0,0,0,0
7482,1,0.705059277,0,0,0,0
7483,1,0.708288313,0,0,0,0
7484,2,0.707057624,0,0,0,0
13417,1,0.709691157,0,0,0,0
13418,2,0.706721885,0,0,0,0
2098,2,0.707353341,0,0,0,0
2099,2,0.706948451,0,0,0,0
2100,2,0.707728541,0,0,0,0
1734,1,0.707493315,0,0,0,0
1735,1,0.704455185,0,0,0,0
1736,1,0.704824876,0,0,0,0
1500,2,0.706638435,0,0,0,0
1501,1,0.706686711,0,0,0,0
4963,1,0.704920652,0,0,0,0
4966,1,0.706758832,0,0,0,0
4967,1,0.707568912,0,0,0,0
4968,1,0.70751841,0,0,0,0
7428,2,0.708878169,0,0,0,0
7429,1,0.708961496,0,0,0,0
7430,1,0.707046198,0,0,0,0
7431,1,0.707115498,0,0,0,0
7432,2,0.706223697,0,0,0,0
7434,1,0.708861656,0,0,0,0
7435,2,0.708046526,0,0,0,0
7440,5,0.70781397,44.03869054390671,4.003806101060109e-4,0.6545303825364569,51.96379786321873
7441,3,0.707595005,0,0,0,0
7443,3,0.705897116,53.80845122200359,4.892030226840198e-4,0.7997346362267191,63.4917035020682
7445,3,0.708837095,60.87563699793927,5.534548003312358e-4,0.9047715424618753,71.83068471578977
7453,3,0.708848684,60.9528868463465,5.54157122336134e-4,0.9059196777085048,71.92183627951748
7455,5,0.70803294,49.80780201037331,4.5283086101459685e-4,0.7402745018189568,58.771106127640465
7461,5,0.706925426,16.955969822451102,1.5415629889548114e-4,0.2520101591826533,20.007329408448914
7463,5,0.706946002,16.185607980917652,1.471525042706605e-4,0.24056056282538502,19.09833491927194
7464,3,0.70620737200000006,48.75134926519677,4.432260523920463e-4,0.7245728446876514,57.52453643575412
7477,3,0.707290961,0,0,0,0
7478,3,0.705844727,53.60359243741863,4.8734053576298097e-4,0.7966898976801299,63.24997877453425
13399,5,0.709352451,63.26443957506009,5.751727538270802e-4,0.9402754106581402,74.64937102820143
13401,3,0.705869784,54.52176236312465,4.956881371674472e-4,0.8103363096257046,64.3333805704143
11481,6,0.707481491,38.432057296070745,3.4940754045556e-4,0.5712011154959444,45.34820704556531
11482,4,0.705974066,53.916079641992276,4.90181533441892e-4,0.8013342766800781,63.618700499289396
11483,5,0.709224203,64.36912199992219,5.852160457092198e-4,0.9566938872566988,75.95284970841679
11500,5,0.70924007,64.35562726452777,5.850933574475184e-4,0.9564933201142418,75.93692648968361
11512,6,0.708388925,40.988815187298414,3.726524705781413e-4,0.6092012399303868,48.365073546454646
11517,5,0.709257427,65.12322986975052,5.920720662965391e-4,0.9679019069869944,76.84266519636263
12329,3,0.706446865,34.88142439758638,3.1712673127163796e-4,0.5184294031541692,41.1586099448208
12330,3,0.706845255,14.58222612327339,1.3257525416472286e-4,0.21673010538729212,17.20641193702272
12375,3,0.709405932,61.34376637121017,5.577108288771319e-4,0.9117291720820854,72.38305763664744
1590,4,0.704745821,12.4063914682436,1.1279351233926878e-4,0.18439149877788702,14.639018792464338
1591,4,0.704922598,15.839521799516437,1.440060393157017e-4,0.23541681495492386,18.68996781862766
1479,7,0.70868493,0,0,0,0
1482,7,0.707016446,0,0,0,0
1484,4,0.704935736,15.856499156341103,1.4416039005591433e-4,0.23566914298102234,18.710000383796896
11523,5,0.709234523,63.560130383875396,5.778610459850448e-4,0.944670151187799,74.99827371421503
11527,5,0.70923353,63.56121298204104,5.778708884964525e-4,0.9446862414344147,74.99955113440058
11530,3,0.707584877,42.47274244980222,3.8614369148812406e-4,0.6312562889517587,50.11604514347767
11537,4,0.706275171,46.47159264545673,4.2249949728717325e-4,0.6906896852662611,54.83451975491307
12332,6,0.707310637,30.129244942839303,2.73921983675251e-4,0.4477995593059202,35.55123857327613
12338,7,0.709186659,0,0,0,0
12342,3,0.706259231,47.45195958229209,4.3141256685055087e-4,0.7052605078376811,55.9913114012656
12344,7,0.70918574,64.3477975663411,5.850221732388554e-4,0.9563769502747672,75.92768777597809
12346,7,0.708753899,57.8212010142521,5.256851975666135e-4,0.8593746169823893,68.2265790513805
12350,3,0.706879152,13.757315073136438,1.2507552187346108e-4,0.20446976479731982,16.233051681869018
12354,4,0.706999227,14.681888531468061,1.3348134140993363e-4,0.21821135002364495,17.324009376229647
1491,4,0.704682049,11.4588317251085,1.0417871150430574e-4,0.17030827710416319,13.520938251297824
1492,3,0.705450735,30.70324613833061,2.791405527565287e-4,0.45633072173198574,36.228535780058834
1495,4,0.704924801,15.842660868058369,1.4403457836085633e-4,0.23546346974207086,18.6936717871421
1497,3,0.707078536,0,0,0,0
1576,3,0.706696758,0,0,0,0
12359,7,0.709312036,64.19376370913493,5.836217644400582e-4,0.9540876033792185,75.74593431961739
12360,3,0.70939831,62.19730982083037,5.654708744845326e-4,0.9244150651840704,73.39020291584956
12383,4,0.706586705,23.834953534093756,2.1669702527404681e-4,0.35424988939794005,28.12424012221744
12386,3,0.70686969,13.764161069513085,1.2513776269334494e-4,0.2045715142492655,16.241129668918468
12395,5,0.708977475,60.153824675055084,5.468923968026778e-4,0.8940435192172721,70.97897661143234
12403,3,0.707408714,0,0,0,0
12409,6,0.707300175,30.00702533201026,2.728108161599076e-4,0.4459830555079784,35.407024586129765
12412,3,0.706182817,48.97045146968897,4.452180342885719e-4,0.727829277791126,57.783067798176596
1656,3,0.706658869,0,0,0,0
1885,7,0.708709062,0,0,0,0
1924,3,0.705012496,16.774761597473272,1.5250883257037512e-4,0.24931692994834534,19.793511343978704
2072,5,0.705106807,21.795526205088187,0.00019815543949642197,0.32393865322531923,25.71780187048262
12419,3,0.70628432,45.56387531114915,4.142469262950469e-4,0.6771986262288228,53.76345157612896
12421,3,0.706973319,14.634827713120718,1.3305348492897827e-4,0.21751190289987873,17.268479594992375
12427,3,0.709400424,62.18246773061161,5.653359366590969e-4,0.9241944728170282,73.37268987523755
12428,4,0.707420626,0,0,0,0
12429,3,0.707465833,0,0,0,0
12430,4,0.706591845,23.793918287032533,2.163239506650767e-4,0.3536399980586487,28.075820261017643
1542,3,0.704176298,1.757405768963527,1.5977568481059118e-5,0.026119656511690445,2.0736647028827386
1848,3,0.705299844,25.504687079191644,2.3187751604804562e-4,0.37906650684294013,30.09445529781165
1970,3,0.706081818,0,0,0,0
1971,4,0.70498968,15.948366651449955,1.4499560934346154e-4,0.23703453477568331,18.8184001542505
12434,3,0.707443649,0,0,0,0
13371,3,0.709642334,50.072993023739585,4.552418623049364e-4,0.744215935437443,59.08402034110848
13372,3,0.706029439,51.415610394086826,4.674483551692646e-4,0.7641707490379364,60.668252223998174
13390,4,0.709532927,57.037126419448875,5.185567325564436e-4,0.8477212131655338,67.30140409157059
13391,7,0.709433818,63.5478689470313,5.777495703370683e-4,0.9444879140947132,74.98380573576674
13392,5,0.709401474,62.17493419260328,5.652674450098952e-4,0.9240825046941447,73.36380061805426
1509,3,0.707336115,0,0,0,0
1513,3,0.707345545,0,0,0,0
1514,3,0.705443755,30.63716377561719,2.785397606718034e-4,0.4553485645967139,36.15056137855068
1516,7,0.70702106,0,0,0,0
1587,3,0.706967684,0,0,0,0
1593,3,0.705063716,19.295916935788934,1.7543007977504518e-4,0.2867879071195751,22.768368333684013
13408,7,0.709445334,64.25786459871576,5.842045418333398e-4,0.9550403106295949,75.82157066638183
13413,3,0.706447807,34.870196784722594,3.170246547014013e-4,0.5182625313954511,41.145361835076066
13431,3,0.707847373,45.57461193050922,4.143445389660135e-4,0.6773582005370073,53.77612033424303
13437,3,0.707901252,45.3714325540088,4.124973204924512e-4,0.6743384223968796,53.53637723743327
13439,4,0.709552576,56.82926414641177,5.166669392254261e-4,0.8446318349073355,67.05613537431115
1611,7,0.707030547,0,0,0,0
1615,4,0.704891605,14.202817874149883,1.2912583947079887e-4,0.2110911042414995,16.758726201557103
1616,3,0.704248449,3.445246820334402,3.132268482224752e-5,0.05120539896611429,4.065245972340216
1683,4,0.706697059,0,0,0,0
1685,3,0.706665976,0,0,0,0
1691,4,0.706702762,0,0,0,0
1506,6,0.706614901,0,0,0,0
1534,3,0.707353625,0,0,0,0
1538,3,0.707362054,0,0,0,0
1550,3,0.707393047,0,0,0,0
1555,5,0.705049642,19.26385534480679,1.7513858974207966e-4,0.28631138783275956,22.73053700826555
1558,6,0.706645575,0,0,0,0
1563,3,0.704598363,10.375913146006393,9.433328703684216e-5,0.15421326830437018,12.243139991363597
1570,3,0.70540973,30.299981082240016,2.754742423554278e-4,0.4503371458974953,35.75270001834156
1572,3,0.706601089,22.92110367686082,2.083887000521735e-4,0.3406676849943098,27.04593582497139
1574,3,0.707103507,0,0,0,0
1585,4,0.704734555,11.585178591003077,1.0532740222664722e-4,0.17218612273138068,13.670022225387635
1599,4,0.706985168,0,0,0,0
1706,3,0.70668304,0,0,0,0
1832,6,0.707253496,0,0,0,0
1937,4,0.705021487,18.392448570779685,1.6721613856275513e-4,0.2733599989039683,21.70231375950574
2012,5,0.706943206,0,0,0,0
1603,3,0.706797836,0,0,0,0
1622,3,0.706960455,0,0,0,0
1628,4,0.704595551,10.365585728712396,9.423939465298785e-5,0.15405977581155156,12.230954074432681
1629,3,0.704591443,9.551863265110617,8.6841384121566075e-05,0.1419657269467523,11.270795879601575
1631,4,0.704810054,12.519126267174416,1.1381844807233961e-4,0.1860670334079594,14.772041101516669
1638,4,0.704587369,9.539313432435732,8.672728650419733e-5,0.14177920353563334,11.255987606233754
1916,4,0.70674398,0,0,0,0
1912,5,0.705004976,15.964215661643934,1.451397016471306e-4,0.23727009261305237,18.837101317974493
1995,3,0.706811121,0,0,0,0
2134,3,0.70661069,22.8458275249496,2.0770432203692348e-4,0.33954888405137074,26.95711313988415
2135,3,0.706871315,0,0,0,0
2158,3,0.706238015,47.67221452731937,4.3341502896238336e-4,0.7085340736872497,56.25120294891189
1651,3,0.706780422,0,0,0,0
1654,3,0.706696585,0,0,0,0
7436,1,0.707050261,0,0,0,0
7437,1,0.705065609,0,0,0,0
7438,2,0.707552702,0,0,0,0
7439,1,0.707054447,0,0,0,0
7442,1,0.70786337,0,0,0,0
7444,1,0.705083777,0,0,0,0
7449,1,0.708080853,0,0,0,0
7450,1,0.707441113,0,0,0,0
7451,2,0.707921235,0,0,0,0
7452,1,0.70746949,0,0,0,0
7454,2,0.707463869,0,0,0,0
7456,1,0.706549732,0,0,0,0
7457,1,0.707042259,0,0,0,0
7458,2,0.707464309,0,0,0,0
7459,1,0.705940711,0,0,0,0
7460,1,0.707141617,0,0,0,0
7462,1,0.707258708,0,0,0,0
7476,1,0.707071958,0,0,0,0
12443,2,0.706396371,0,0,0,0
12444,2,0.709461952,0,0,0,0
12445,1,0.707579408,0,0,0,0
13398,1,0.70895529,0,0,0,0
13400,1,0.705882402,0,0,0,0
13402,1,0.706683609,0,0,0,0
13403,1,0.70953491,0,0,0,0
7485,1,0.705836717,0,0,0,0
7486,2,0.707826807,0,0,0,0
7487,2,0.707244431,0,0,0,0
7488,2,0.70705425,0,0,0,0
7489,2,0.708233692,0,0,0,0
7490,2,0.70746307,0,0,0,0
11484,2,0.708129231,0,0,0,0
11485,1,0.709212645,0,0,0,0
11486,2,0.7066278,0,0,0,0
11487,2,0.70673616,0,0,0,0
11488,1,0.707487995,0,0,0,0
11489,1,0.707777753,0,0,0,0
11496,1,0.707495081,0,0,0,0
11497,2,0.7065758,0,0,0,0
11498,2,0.705535376,0,0,0,0
11499,1,0.708132292,0,0,0,0
11513,2,0.705451654,0,0,0,0
11518,1,0.707461327,0,0,0,0
11519,1,0.709022546,0,0,0,0
12331,1,0.709695619,0,0,0,0
12374,1,0.707329638,0,0,0,0
12376,1,0.707039171,0,0,0,0
12377,1,0.706710459,0,0,0,0
12378,2,0.706308236,0,0,0,0
12379,1,0.709808372,0,0,0,0
1592,2,0.706634682,0,0,0,0
1480,2,0.706686287,0,0,0,0
1481,1,0.706765463,0,0,0,0
1483,1,0.706677647,0,0,0,0
1488,1,0.706648204,0,0,0,0
1489,2,0.706645266,0,0,0,0
1490,1,0.704441102,0,0,0,0
11524,1,0.706908673,0,0,0,0
11525,2,0.707475357,0,0,0,0
11526,1,0.70893324,0,0,0,0
11528,1,0.706947817,0,0,0,0
11529,1,0.707384716,0,0,0,0
11538,1,0.709764186,0,0,0,0
11539,1,0.707340738,0,0,0,0
11540,1,0.706939383,0,0,0,0
11541,1,0.707109513,0,0,0,0
11542,2,0.70798391,0,0,0,0
12324,1,0.708014759,0,0,0,0
12325,2,0.709833205,0,0,0,0
12326,1,0.706785888,0,0,0,0
12327,1,0.705682871,0,0,0,0
12328,2,0.70706293,0,0,0,0
12333,2,0.708983661,0,0,0,0
12334,2,0.707890059,0,0,0,0
12339,1,0.707881258,0,0,0,0
12340,2,0.706340343,0,0,0,0
12341,2,0.707192526,0,0,0,0
12343,1,0.707187589,0,0,0,0
12345,1,0.706925442,0,0,0,0
12347,1,0.706564213,0,0,0,0
12348,1,0.706717764,0,0,0,0
12349,1,0.706471292,0,0,0,0
12355,1,0.709199434,0,0,0,0
12356,1,0.707177616,0,0,0,0
12387,1,0.706556879,0,0,0,0
12388,1,0.70664285,0,0,0,0
12389,1,0.707900605,0,0,0,0
13380,1,0.70688748,0,0,0,0
13381,1,0.705865036,0,0,0,0
13382,1,0.707473227,0,0,0,0
1493,2,0.704497645,0,0,0,0
1494,1,0.707123841,0,0,0,0
1496,1,0.704430202,0,0,0,0
1498,2,0.704500039,0,0,0,0
1499,1,0.704465248,0,0,0,0
1575,1,0.707352717,0,0,0,0
1577,2,0.704574364,0,0,0,0
1578,2,0.70666235,0,0,0,0
1579,1,0.70734689,0,0,0,0
1580,2,0.706643245,0,0,0,0
12357,1,0.709676907,0,0,0,0
12358,1,0.709071934,0,0,0,0
12361,2,0.709205799,0,0,0,0
12362,1,0.707664079,0,0,0,0
12363,1,0.705659511,0,0,0,0
12364,1,0.707186147,0,0,0,0
12365,2,0.706186462,0,0,0,0
12366,1,0.7066057,0,0,0,0
12367,1,0.707029018,0,0,0,0
12380,2,0.705819708,0,0,0,0
12381,2,0.709172975,0,0,0,0
12382,2,0.707028656,0,0,0,0
12384,2,0.709574354,0,0,0,0
12385,1,0.709401517,0,0,0,0
12390,1,0.709704153,0,0,0,0
12391,1,0.709682039,0,0,0,0
12392,2,0.709379775,0,0,0,0
12393,1,0.706972812,0,0,0,0
12394,1,0.707656869,0,0,0,0
12396,2,0.707791851,0,0,0,0
12397,1,0.705703345,0,0,0,0
12401,1,0.70914398,0,0,0,0
12402,1,0.709122847,0,0,0,0
12404,1,0.706813364,0,0,0,0
12405,1,0.709703978,0,0,0,0
12406,1,0.70594107,0,0,0,0
12407,2,0.706983926,0,0,0,0
12408,1,0.707106589,0,0,0,0
12410,1,0.706998051,0,0,0,0
12411,1,0.706882666,0,0,0,0
12413,1,0.709650952,0,0,0,0
12414,2,0.707504167,0,0,0,0
12415,1,0.707134464,0,0,0,0
13422,1,0.707762971,0,0,0,0
13423,2,0.706935852,0,0,0,0
13424,1,0.709510391,0,0,0,0
1527,2,0.706625118,0,0,0,0
1528,2,0.706676328,0,0,0,0
1529,2,0.706707727,0,0,0,0
1530,2,0.704521952,0,0,0,0
1531,1,0.706758377,0,0,0,0
1532,1,0.704466204,0,0,0,0
1657,2,0.706670042,0,0,0,0
1658,2,0.707204801,0,0,0,0
1886,2,0.704458494,0,0,0,0
1887,1,0.704469806,0,0,0,0
1888,1,0.707296667,0,0,0,0
1889,1,0.704477702,0,0,0,0
1890,1,0.704417324,0,0,0,0
1981,1,0.706943504,0,0,0,0
1982,2,0.707380098,0,0,0,0
1983,2,0.706070329,0,0,0,0
12416,1,0.707447571,0,0,0,0
12417,1,0.706546823,0,0,0,0
12418,1,0.706970797,0,0,0,0
12449,2,0.707238577,0,0,0,0
12450,2,0.706299361,0,0,0,0
12451,2,0.70670235,0,0,0,0
1635,1,0.704768136,0,0,0,0
1636,1,0.706694308,0,0,0,0
1637,1,0.704465033,0,0,0,0
2056,1,0.706649544,0,0,0,0
2057,1,0.706433455,0,0,0,0
2058,1,0.707175585,0,0,0,0
2071,1,0.704475259,0,0,0,0
2073,2,0.704975009,0,0,0,0
12420,1,0.707547106,0,0,0,0
12422,1,0.709564805,0,0,0,0
12423,1,0.706863394,0,0,0,0
12424,1,0.709709411,0,0,0,0
12425,1,0.70769041,0,0,0,0
12426,1,0.707081761,0,0,0,0
12431,2,0.708007797,0,0,0,0
12432,1,0.707594508,0,0,0,0
12433,1,0.706507524,0,0,0,0
1543,2,0.704485469,0,0,0,0
1544,1,0.706826639,0,0,0,0
1843,1,0.704810437,0,0,0,0
1844,2,0.707339715,0,0,0,0
1845,1,0.707105859,0,0,0,0
1846,2,0.707101972,0,0,0,0
1847,1,0.707102445,0,0,0,0
1891,1,0.706719559,0,0,0,0
1892,1,0.706776154,0,0,0,0
1893,1,0.704439854,0,0,0,0
1969,1,0.707343955,0,0,0,0
1972,1,0.704381122,0,0,0,0
1973,1,0.707670186,0,0,0,0
1974,1,0.706953627,0,0,0,0
1978,2,0.706806793,0,0,0,0
1979,1,0.704442112,0,0,0,0
1980,1,0.706700383,0,0,0,0
12446,1,0.709737391,0,0,0,0
12447,1,0.707216943,0,0,0,0
12448,1,0.706654717,0,0,0,0
12452,1,0.709538653,0,0,0,0
12453,1,0.707958327,0,0,0,0
12454,1,0.707966533,0,0,0,0
12455,2,0.707107169,0,0,0,0
12456,2,0.709161322,0,0,0,0
12457,1,0.706063306,0,0,0,0
12458,1,0.707242944,0,0,0,0
12459,1,0.706539387,0,0,0,0
12460,2,0.706993001,0,0,0,0
13373,1,0.709572921,0,0,0,0
13374,1,0.709774268,0,0,0,0
13375,2,0.709361669,0,0,0,0
13376,1,0.70961999,0,0,0,0
13377,1,0.707774461,0,0,0,0
13378,1,0.709686662,0,0,0,0
13379,2,0.705728893,0,0,0,0
13383,2,0.706629998,0,0,0,0
13384,1,0.708011747,0,0,0,0
13385,2,0.707604445,0,0,0,0
13386,1,0.708005069,0,0,0,0
13387,1,0.706947701,0,0,0,0
13388,1,0.707729852,0,0,0,0
13389,1,0.707582509,0,0,0,0
13393,2,0.707744637,0,0,0,0
13394,1,0.706999956,0,0,0,0
1510,2,0.706627761,0,0,0,0
1511,1,0.704480391,0,0,0,0
1512,1,0.706727252,0,0,0,0
1515,2,0.704520417,0,0,0,0
1517,1,0.706697118,0,0,0,0
1588,2,0.70676678,0,0,0,0
1589,2,0.706730803,0,0,0,0
1594,2,0.70667153,0,0,0,0
1595,1,0.7055303,0,0,0,0
1596,1,0.707180878,0,0,0,0
1597,1,0.70693717,0,0,0,0
1598,1,0.706666744,0,0,0,0
13395,1,0.705923615,0,0,0,0
13396,2,0.707297425,0,0,0,0
13397,2,0.709342854,0,0,0,0
13404,1,0.7078322,0,0,0,0
13405,2,0.707900865,0,0,0,0
13406,2,0.709362287,0,0,0,0
13407,1,0.707752855,0,0,0,0
13409,2,0.707743894,0,0,0,0
13410,1,0.707864941,0,0,0,0
13411,1,0.705682208,0,0,0,0
13412,2,0.705768157,0,0,0,0
13414,1,0.709384146,0,0,0,0
13415,2,0.709845942,0,0,0,0
13419,1,0.707732916,0,0,0,0
13420,1,0.707748483,0,0,0,0
13421,2,0.707603259,0,0,0,0
13425,2,0.707832325,0,0,0,0
13426,1,0.706017693,0,0,0,0
13427,2,0.707758948,0,0,0,0
13428,1,0.709342322,0,0,0,0
13429,2,0.709671656,0,0,0,0
13430,1,0.707740315,0,0,0,0
13432,1,0.709580492,0,0,0,0
13433,1,0.709579926,0,0,0,0
13438,2,0.709272365,0,0,0,0
13440,2,0.707754593,0,0,0,0
1471,1,0.707021676,0,0,0,0
1472,1,0.706687465,0,0,0,0
1473,1,0.704710511,0,0,0,0
1474,2,0.70697955,0,0,0,0
1475,1,0.706612124,0,0,0,0
1476,2,0.706800435,0,0,0,0
1477,2,0.705276967,0,0,0,0
1478,1,0.706664743,0,0,0,0
1612,1,0.707282172,0,0,0,0
1613,2,0.70675212,0,0,0,0
1614,2,0.70449013,0,0,0,0
1684,1,0.706726214,0,0,0,0
1686,1,0.706701449,0,0,0,0
1687,1,0.70670017,0,0,0,0
1688,1,0.707165611,0,0,0,0
1689,1,0.707349861,0,0,0,0
1690,1,0.706754926,0,0,0,0
1503,1,0.706928936,0,0,0,0
1504,1,0.704888012,0,0,0,0
1505,1,0.706484051,0,0,0,0
1507,2,0.70718507,0,0,0,0
1508,2,0.706682234,0,0,0,0
1518,1,0.706608225,0,0,0,0
1519,1,0.706660019,0,0,0,0
1520,1,0.706633348,0,0,0,0
1521,1,0.706682828,0,0,0,0
1522,1,0.706646407,0,0,0,0
1523,1,0.70679459,0,0,0,0
1524,1,0.70670551,0,0,0,0
1525,2,0.706914661,0,0,0,0
1526,2,0.704676482,0,0,0,0
1533,1,0.706676634,0,0,0,0
1535,2,0.705926515,0,0,0,0
1536,2,0.706712014,0,0,0,0
1537,1,0.704463918,0,0,0,0
1539,1,0.706611991,0,0,0,0
1540,1,0.706703901,0,0,0,0
1541,2,0.706654373,0,0,0,0
1545,1,0.706565556,0,0,0,0
1546,2,0.706720418,0,0,0,0
1547,2,0.70536575,0,0,0,0
1548,1,0.70449243,0,0,0,0
1549,1,0.705113223,0,0,0,0
1551,2,0.706625164,0,0,0,0
1552,1,0.706713228,0,0,0,0
1553,1,0.707253932,0,0,0,0
1554,2,0.707118929,0,0,0,0
1556,1,0.707121456,0,0,0,0
1557,1,0.707196501,0,0,0,0
1559,1,0.70443079,0,0,0,0
1560,1,0.706740506,0,0,0,0
1561,1,0.707012136,0,0,0,0
1562,1,0.70662577,0,0,0,0
1564,2,0.707115326,0,0,0,0
1565,1,0.707337382,0,0,0,0
1566,1,0.706806082,0,0,0,0
1567,1,0.706964264,0,0,0,0
1568,2,0.706965701,0,0,0,0
1569,2,0.706660564,0,0,0,0
1571,2,0.706728429,0,0,0,0
1573,2,0.707025657,0,0,0,0
1581,1,0.706673068,0,0,0,0
1582,1,0.707365486,0,0,0,0
1583,1,0.706634002,0,0,0,0
1584,1,0.706735734,0,0,0,0
1586,1,0.704458648,0,0,0,0
1600,1,0.706687169,0,0,0,0
1601,1,0.707189507,0,0,0,0
1659,1,0.707284363,0,0,0,0
1660,1,0.707039242,0,0,0,0
1661,1,0.707129849,0,0,0,0
1704,1,0.704461189,0,0,0,0
1705,2,0.70594676,0,0,0,0
1831,1,0.706784283,0,0,0,0
1833,2,0.707689916,0,0,0,0
1834,2,0.706736937,0,0,0,0
1835,2,0.706729781,0,0,0,0
1836,2,0.707096755,0,0,0,0
1936,1,0.70661421,0,0,0,0
1938,1,0.706593214,0,0,0,0
2011,2,0.706805454,0,0,0,0
2013,1,0.706600149,0,0,0,0
1602,2,0.706744861,0,0,0,0
1604,1,0.704562259,0,0,0,0
1605,2,0.704449118,0,0,0,0
1606,1,0.704452894,0,0,0,0
1607,1,0.706748198,0,0,0,0
1608,1,0.704774655,0,0,0,0
1609,1,0.704486389,0,0,0,0
1610,1,0.707476801,0,0,0,0
1617,1,0.706790153,0,0,0,0
1618,2,0.706739248,0,0,0,0
1619,1,0.706512751,0,0,0,0
1620,1,0.706664019,0,0,0,0
1621,2,0.706734792,0,0,0,0
1623,1,0.706587805,0,0,0,0
1624,1,0.704450423,0,0,0,0
1625,1,0.707304,0,0,0,0
1626,1,0.705240624,0,0,0,0
1627,1,0.707462742,0,0,0,0
1630,1,0.704501042,0,0,0,0
1632,1,0.706682491,0,0,0,0
1633,1,0.706554996,0,0,0,0
1634,1,0.706545212,0,0,0,0
1639,1,0.707020597,0,0,0,0
1640,2,0.707300823,0,0,0,0
1915,1,0.707252891,0,0,0,0
1917,2,0.706743376,0,0,0,0
1909,1,0.706786561,0,0,0,0
1910,1,0.706803023,0,0,0,0
1911,2,0.705997037,0,0,0,0
1913,1,0.705834757,0,0,0,0
1914,1,0.706818756,0,0,0,0
1993,1,0.707715396,0,0,0,0
1994,1,0.706741006,0,0,0,0
2136,1,0.707735148,0,0,0,0
1644,1,0.706582955,0,0,0,0
1645,2,0.706545304,0,0,0,0
1646,1,0.706732178,0,0,0,0
1647,1,0.706712874,0,0,0,0
1648,2,0.704496937,0,0,0,0
1649,1,0.706805845,0,0,0,0
1650,1,0.70682524,0,0,0,0
1652,1,0.704973514,0,0,0,0
1653,2,0.706763584,0,0,0,0
1655,7,0.708688687,0,0,0,0
1663,3,0.706795801,0,0,0,0
1669,3,0.706599842,22.93065337672296,2.0847552176757672e-4,0.34080961856741737,27.057204068126712
1672,4,0.704623441,10.462277373539814,9.511847301045077e-5,0.15549686711684074,12.345046138134364
1939,6,0.706904639,0,0,0,0
2015,5,0.705013953,16.776724543664827,1.5252667882293335e-4,0.24934610447433123,19.79582753771323
2016,7,0.708730416,0,0,0,0
2018,4,0.706770813,0,0,0,0
2095,4,0.706794611,0,0,0,0
2096,6,0.706764557,0,0,0,0
1956,6,0.706848183,0,0,0,0
1957,6,0.707292412,0,0,0,0
2030,6,0.70673265,0,0,0,0
2031,5,0.705130663,21.856573490871728,1.987104548528155e-4,0.3248459759186876,25.78983509352751
2033,5,0.705109016,21.801930039237966,1.9821366036975493e-4,0.32403383098750943,25.725358124749015
2034,5,0.706947125,0,0,0,0
2273,6,0.707304632,0,0,0,0
1676,3,0.706158948,49.96754571539974,4.54283181265021e-4,0.7426487120206543,58.959596963662015
1682,4,0.704888261,14.200163508219578,1.2910170713086112e-4,0.21105165340573903,16.75559416168594
1699,5,0.705055759,19.278482089273943,1.752715697376539e-4,0.28652877959743533,22.74779594997115
1700,3,0.706693087,0,0,0,0
1703,3,0.706687156,0,0,0,0
1714,3,0.706600995,22.921825370032895,2.0839526137243474e-4,0.34067841124666104,27.046787392482816
1715,7,0.708694405,0,0,0,0
1716,3,0.706676645,0,0,0,0
1718,3,0.706814466,0,0,0,0
1720,3,0.706828424,0,0,0,0
1730,3,0.706805106,0,0,0,0
1852,3,0.705183918,21.966678622300083,1.9971148279330649e-4,0.3264824267963806,25.919754505812076
1854,6,0.706647004,0,0,0,0
1856,3,0.706594296,23.77402611813764,2.161430997219605e-4,0.3533443482844287,28.052348340514367
1857,6,0.706698391,0,0,0,0
1741,6,0.706999917,0,0,0,0
1744,4,0.706814775,0,0,0,0
1745,3,0.706821266,0,0,0,0
1749,7,0.707050492,0,0,0,0
1822,4,0.706999477,0,0,0,0
1827,7,0.708703557,0,0,0,0
1837,3,0.706491242,31.947515981266182,2.904529126995285e-4,0.4748238332713315,37.696721727621004
1840,3,0.706725518,0,0,0,0
1849,6,0.706807684,0,0,0,0
1851,3,0.707127636,0,0,0,0
1858,3,0.706515879,28.488240681367767,2.5900268704585915e-4,0.423409934325267,33.61492274093388
1861,3,0.704518897,9.291276169668256,8.447223964950361e-5,0.13809271961712014,10.963314095150476
1863,3,0.706568292,23.986053384219375,2.180707593572595e-4,0.35649562925719674,28.30253157394128
1864,3,0.704489456,9.164003604136532,8.331513286889796e-5,0.136201115666707,10.81313783452279
1865,6,0.706661252,0,0,0,0
1868,4,0.706399172,35.42669755884589,3.220841175672603e-4,0.5265335916851661,41.80200928258444
1871,3,0.704504749,9.231602986779874,8.392971703866446e-5,0.13720581969478574,10.892902255580106
1874,4,0.706442636,34.93126607924541,3.1757987015167474e-4,0.5191701811963778,41.21742102750526
1877,6,0.706754053,0,0,0,0
1878,3,0.704498014,9.202224522291147,8.366262082416082e-5,0.1367691787010902,10.858236906284537
2060,3,0.706828526,0,0,0,0
2061,6,0.706788988,0,0,0,0
2598,4,0.706866814,0,0,0,0
2162,3,0.706860232,0,0,0,0
2348,3,0.706891119,0,0,0,0
2349,3,0.706755828,0,0,0,0
1879,3,0.704487871,9.156816443879723,8.324979033547994e-5,0.13609429562519032,10.8046572884806
1880,3,0.706736586,0,0,0,0
1882,4,0.70673415,0,0,0,0
1884,5,0.705068656,19.30583363911587,1.7552023812624138e-4,0.286935295326216,22.780069625452363
1900,7,0.708715088,0,0,0,0
1905,3,0.707403356,0,0,0,0
3079,5,0.706819099,0,0,0,0
3080,4,0.706660082,0,0,0,0
3081,3,0.705039266,19.236619880794155,1.7489097675533506e-4,0.28590659744370445,22.698400309167916
5376,4,0.707637078,43.58501020985056,3.9625594593686625e-4,0.6477875035150431,51.42847419936212
5377,5,0.707940224,0,0,0,0
5379,4,0.706900503,0,0,0,0
2086,4,0.706889436,0,0,0,0
8940,5,0.706994798,14.674866901625935,1.3341750380701202e-4,0.21810699019800447,17.315724149096862
8941,4,0.70798164,0,0,0,0
8942,4,0.707981649,0,0,0,0
12568,3,0.706554773,25.704059710866815,2.3369012525423807e-4,0.38202970677613396,30.32970659624654
2604,3,0.706434874,0,0,0,0
1923,4,0.706339425,41.7057472580725,3.791705049782538e-4,0.619856729835759,49.21102315910765
1928,4,0.705038988,19.235848301276242,1.748839618901265e-4,0.2858951297494842,22.697489877871956
1929,6,0.706948875,0,0,0,0
1944,3,0.707313703,0,0,0,0
1946,4,0.70676111,0,0,0,0
1950,5,0.705130364,21.85591927381245,1.987045069960082e-4,0.3248362525382514,25.78906314498392
1951,5,0.706944521,0,0,0,0
1952,4,0.704715149,11.544531801750946,1.0495785930703218e-4,0.17158200489341838,13.622060728022479
1964,4,0.7050906,20.145996626912407,1.8315863439751764e-4,0.29942231969055705,23.771426523916226
1968,6,0.706944117,0,0,0,0
1984,5,0.705063551,19.29557370160709,1.7542695923922907e-4,0.2867828057598941,22.767963331822585
2045,4,0.706780726,0,0,0,0
2280,3,0.706896268,0,0,0,0
1990,5,0.706918496,0,0,0,0
1992,6,0.706975757,0,0,0,0
1996,5,0.706885381,0,0,0,0
2005,5,0.705009487,16.77053566686362,1.524704122482706e-4,0.2492541215418204,19.788524924054048
2020,3,0.706813362,0,0,0,0
2022,3,0.704936978,15.857887215067269,1.4417300968181106e-4,0.23568977317228826,18.71163823456353
2023,7,0.708746806,0,0,0,0
2025,3,0.706119982,0,0,0,0
2085,6,0.706744949,0,0,0,0
2142,5,0.705007056,16.766952273981445,1.5243783359957113e-4,0.2492008629302454,19.78429667155394
2185,4,0.70680997,0,0,0,0
2187,5,0.705005222,15.964423222711863,1.4514158870203588e-4,0.23727317751461313,18.837346231282428
2190,4,0.707012537,0,0,0,0
2312,3,0.706696035,0,0,0,0
2366,3,0.707029592,0,0,0,0
2027,3,0.706820868,0,0,0,0
2040,4,0.704983672,15.940558964820445,1.4492462525429742e-4,0.23691849208564822,18.809187413254243
2047,6,0.706859514,0,0,0,0
2048,4,0.704975061,15.927815570065338,1.4480876785472773e-4,0.2367290918346222,18.794150744793694
3142,4,0.70607816,51.255108413337005,4.659891410059423e-4,0.7617852688712793,60.478866654597226
3144,3,0.706700995,20.670800628439864,1.8792992400042143e-4,0.30722228285099573,24.390673116318695
3217,3,0.707768881,0,0,0,0
3278,7,0.708896518,0,0,0,0
3285,3,0.706519825,0,0,0,0
3346,3,0.706760233,0,0,0,0
3063,3,0.707766682,0,0,0,0
3029,3,0.707991172,0,0,0,0
3030,3,0.706861371,0,0,0,0
2934,6,0.707225142,0,0,0,0
2935,4,0.708073037,0,0,0,0
3022,3,0.706694776,20.71043430322304,1.882902561241618e-4,0.30781134315221637,24.437439181330465
3485,3,0.704939052,16.660474954015562,1.5146978814218202e-4,0.24761833084066742,19.658657923821234
2881,4,0.707978526,0,0,0,0
2883,4,0.707935562,0,0,0,0
2884,3,0.706830342,0,0,0,0
5340,7,0.708973289,0,0,0,0
5346,3,0.70676187,0,0,0,0
5347,3,0.708178292,0,0,0,0
5348,3,0.707665002,45.34876580847009,4.122912443059021e-4,0.6740015351405813,53.50963143348581
5350,4,0.707829192,44.013801007590295,4.001543252730028e-4,0.6541604587824775,51.934429259881945
5353,3,0.707818006,44.03370087984822,4.003352462517434e-4,0.6544562230488654,51.95791027002877
5354,5,0.706991782,14.669843237942478,1.3337183084295002e-4,0.218032325386861,17.30979643778311
5355,3,0.70564931,45.695031622130934,4.1543934239919486e-4,0.6791479528173006,53.9182104926219
5356,4,0.7051069,21.79579889057508,1.9815791863420426e-4,0.32394270604646,25.718123627858834
5358,4,0.708097548,0,0,0,0
5361,3,0.7075829,0,0,0,0
5363,4,0.706969863,14.627462082953844,1.329865198248027e-4,0.21740243032766546,17.25978846198184
5372,5,0.706807266,17.041617358981135,1.549349690263694e-4,0.2532831060881117,20.108389890056376
5537,3,0.7078657,45.524639199396354,4.1389020864137125e-4,0.6766154747563876,53.71715461872901
5607,4,0.708129772,0,0,0,0
5608,3,0.705533748,38.77463148037965,3.5252207586127144e-4,0.5762926658834217,45.752430137730975
5810,4,0.705934398,0,0,0,0
5846,4,0.705958675,53.904812824844115,4.900791004433623e-4,0.8011668222429258,63.60540613014222
5384,3,0.707610304,42.635847688811694,3.8762657334268314e-4,0.6336804603602191,50.30850244785347
5389,4,0.706904931,0,0,0,0
6039,3,0.707719005,45.55266363431651,4.1414499460827055e-4,0.6770319913213015,53.750222270229
6040,3,0.706842009,0,0,0,0
6046,3,0.705468887,32.4759547389025,2.9525724792323706e-4,0.482677818435535,38.32025717896524
6050,4,0.705314674,25.575204718504335,2.3251863173751194e-4,0.38011458381491287,30.177663138684725
6055,3,0.705461768,31.604825151823135,2.873373168070179e-4,0.4697305492313925,37.29236099911562
6056,5,0.707023647,15.521833104503795,1.4111775194925222e-4,0.23069512817209778,18.31510855448565
6057,3,0.705554229,40.60000558282159,3.691175828525332e-4,0.6034225099997512,47.906294608098875
6066,5,0.707834978,44.80255154123144,4.073253018842585e-4,0.6658833593077612,52.86512163035038
6069,3,0.706835866,0,0,0,0
1662,1,0.707027847,0,0,0,0
1664,1,0.706673182,0,0,0,0
1665,1,0.706715251,0,0,0,0
1666,1,0.707493894,0,0,0,0
1667,1,0.704491462,0,0,0,0
1668,1,0.70664174,0,0,0,0
1670,1,0.706550509,0,0,0,0
1671,1,0.704338961,0,0,0,0
1673,2,0.707021757,0,0,0,0
1940,2,0.707689536,0,0,0,0
1941,2,0.706738279,0,0,0,0
2014,2,0.704459391,0,0,0,0
2017,1,0.706832859,0,0,0,0
2019,1,0.70679774,0,0,0,0
2092,1,0.707310388,0,0,0,0
2093,1,0.704469732,0,0,0,0
2094,1,0.706596003,0,0,0,0
2097,1,0.707395313,0,0,0,0
1731,1,0.707169824,0,0,0,0
1732,1,0.706721628,0,0,0,0
1733,1,0.704505573,0,0,0,0
1954,1,0.706787743,0,0,0,0
1955,1,0.707134413,0,0,0,0
1958,1,0.706925992,0,0,0,0
1959,1,0.70719398,0,0,0,0
2029,1,0.706853489,0,0,0,0
2032,2,0.707370861,0,0,0,0
2035,1,0.70700035,0,0,0,0
2036,1,0.706700545,0,0,0,0
2037,2,0.70553206,0,0,0,0
2272,1,0.7044644,0,0,0,0
2274,2,0.707206601,0,0,0,0
1674,2,0.706677594,0,0,0,0
1675,1,0.706652477,0,0,0,0
1677,2,0.706653819,0,0,0,0
1678,2,0.706106539,0,0,0,0
1679,2,0.707022351,0,0,0,0
1680,1,0.706079112,0,0,0,0
1681,1,0.707191541,0,0,0,0
1692,1,0.7044572,0,0,0,0
1693,2,0.707016346,0,0,0,0
1694,1,0.706738781,0,0,0,0
1695,1,0.707340811,0,0,0,0
1696,1,0.707023062,0,0,0,0
1697,2,0.7062002,0,0,0,0
1698,1,0.70665876,0,0,0,0
1701,2,0.706651402,0,0,0,0
1702,1,0.706709915,0,0,0,0
1707,2,0.704977026,0,0,0,0
1708,1,0.707545086,0,0,0,0
1709,2,0.707490924,0,0,0,0
1710,2,0.7057628,0,0,0,0
1711,2,0.707096378,0,0,0,0
1712,2,0.707461219,0,0,0,0
1713,1,0.706736162,0,0,0,0
1717,1,0.70669949,0,0,0,0
1719,2,0.707357283,0,0,0,0
1721,1,0.706759405,0,0,0,0
1722,1,0.706702534,0,0,0,0
1723,1,0.70670451,0,0,0,0
1724,1,0.706778886,0,0,0,0
1725,2,0.706714513,0,0,0,0
1726,2,0.706698857,0,0,0,0
1727,1,0.704443077,0,0,0,0
1728,2,0.707159996,0,0,0,0
1729,1,0.70723071,0,0,0,0
1853,2,0.707357758,0,0,0,0
1855,1,0.706705376,0,0,0,0
1918,2,0.70517157,0,0,0,0
1740,2,0.706723429,0,0,0,0
1742,1,0.706659313,0,0,0,0
1743,1,0.704452478,0,0,0,0
1746,1,0.704454789,0,0,0,0
1747,1,0.704481501,0,0,0,0
1748,2,0.704431223,0,0,0,0
1750,2,0.706069105,0,0,0,0
1821,2,0.706156514,0,0,0,0
1823,1,0.706698595,0,0,0,0
1824,1,0.706603276,0,0,0,0
1825,2,0.707164805,0,0,0,0
1826,2,0.70745847,0,0,0,0
1828,1,0.706738491,0,0,0,0
1829,1,0.707333603,0,0,0,0
1830,1,0.704955104,0,0,0,0
1838,1,0.704790332,0,0,0,0
1839,1,0.704443892,0,0,0,0
1841,1,0.706713442,0,0,0,0
1842,1,0.705468766,0,0,0,0
1850,1,0.707183326,0,0,0,0
1859,1,0.707585055,0,0,0,0
1860,1,0.706749539,0,0,0,0
1862,1,0.70734474,0,0,0,0
1866,2,0.707355977,0,0,0,0
1867,1,0.705105406,0,0,0,0
1869,1,0.7057604,0,0,0,0
1870,1,0.706715477,0,0,0,0
1872,1,0.70771528399999994,0,0,0,0
1873,1,0.707109037,0,0,0,0
1875,1,0.704470288,0,0,0,0
1876,2,0.706678043,0,0,0,0
1987,1,0.707386371,0,0,0,0
1988,2,0.706771914,0,0,0,0
1989,1,0.70730419,0,0,0,0
2059,2,0.707639868,0,0,0,0
2593,2,0.706454447,0,0,0,0
2594,1,0.70446795,0,0,0,0
2595,1,0.707257435,0,0,0,0
2596,1,0.708028054,0,0,0,0
2597,1,0.707832269,0,0,0,0
2161,1,0.706704024,0,0,0,0
2163,2,0.707410602,0,0,0,0
2347,1,0.704922324,0,0,0,0
1881,2,0.707696722,0,0,0,0
1883,2,0.706348051,0,0,0,0
1894,1,0.704845564,0,0,0,0
1895,1,0.704458032,0,0,0,0
1896,1,0.70668912,0,0,0,0
1897,1,0.706604325,0,0,0,0
1898,1,0.706933073,0,0,0,0
1899,1,0.706772543,0,0,0,0
1901,2,0.706722715,0,0,0,0
1902,1,0.707247579,0,0,0,0
1903,1,0.705298338,0,0,0,0
1904,2,0.706710222,0,0,0,0
1906,1,0.70715141,0,0,0,0
3025,1,0.7068178,0,0,0,0
3026,1,0.706735249,0,0,0,0
3027,2,0.704433097,0,0,0,0
3247,1,0.70476147,0,0,0,0
3248,1,0.706847209,0,0,0,0
5848,1,0.706859131,0,0,0,0
5375,1,0.70752257,0,0,0,0
5378,1,0.705514958,0,0,0,0
5380,1,0.706892877,0,0,0,0
5381,2,0.704997105,0,0,0,0
2077,2,0.70633211,0,0,0,0
2078,2,0.706715585,0,0,0,0
2079,2,0.7069073,0,0,0,0
2080,1,0.706916875,0,0,0,0
2081,2,0.704467792,0,0,0,0
2082,2,0.705309794,0,0,0,0
2087,1,0.706999339,0,0,0,0
8818,1,0.706996172,0,0,0,0
8819,1,0.707456394,0,0,0,0
8991,2,0.707468849,0,0,0,0
8992,1,0.706836902,0,0,0,0
8993,1,0.707210807,0,0,0,0
12562,1,0.707496358,0,0,0,0
12566,1,0.706024119,0,0,0,0
12567,1,0.706518034,0,0,0,0
12569,1,0.708996207,0,0,0,0
12573,1,0.70577965,0,0,0,0
12574,2,0.709455732,0,0,0,0
12575,1,0.706660247,0,0,0,0
15706,1,0.70806284,0,0,0,0
15707,1,0.710634329,0,0,0,0
15708,1,0.710569024,0,0,0,0
15709,1,0.710983775,0,0,0,0
15710,1,0.708091349,0,0,0,0
15711,2,0.708069951,0,0,0,0
15712,2,0.707953956,0,0,0,0
15713,2,0.710156671,0,0,0,0
2588,1,0.707807613,0,0,0,0
2589,1,0.704462336,0,0,0,0
2602,2,0.706683254,0,0,0,0
2603,2,0.708098539,0,0,0,0
2944,1,0.707049023,0,0,0,0
2945,2,0.706837276,0,0,0,0
2946,1,0.707510785,0,0,0,0
1907,1,0.706706248,0,0,0,0
1908,1,0.706689682,0,0,0,0
1921,2,0.705686244,0,0,0,0
1922,2,0.707247558,0,0,0,0
1927,1,0.706763109,0,0,0,0
1930,2,0.706042947,0,0,0,0
1931,1,0.707332394,0,0,0,0
1932,2,0.70736888,0,0,0,0
1933,1,0.706630404,0,0,0,0
1934,1,0.704458189,0,0,0,0
1935,1,0.70668457,0,0,0,0
1942,1,0.706654379,0,0,0,0
1943,2,0.706796757,0,0,0,0
1945,1,0.704442152,0,0,0,0
1947,1,0.706649213,0,0,0,0
1948,1,0.704456469,0,0,0,0
1949,1,0.707377246,0,0,0,0
1953,2,0.707306123,0,0,0,0
1960,1,0.706991221,0,0,0,0
1961,1,0.706717328,0,0,0,0
1962,1,0.706728344,0,0,0,0
1963,1,0.706678084,0,0,0,0
1965,2,0.70770044,0,0,0,0
1966,2,0.706957075,0,0,0,0
1967,1,0.707370328,0,0,0,0
1985,1,0.704447193,0,0,0,0
1986,1,0.706701765,0,0,0,0
2044,1,0.706728937,0,0,0,0
2046,2,0.707256157,0,0,0,0
2116,1,0.70676644,0,0,0,0
2117,1,0.706829619,0,0,0,0
2118,1,0.707932813,0,0,0,0
2143,2,0.70757884,0,0,0,0
2144,1,0.706808261,0,0,0,0
2145,2,0.707602861,0,0,0,0
2278,1,0.70702797,0,0,0,0
2279,2,0.707714543,0,0,0,0
2623,1,0.705124684,0,0,0,0
2624,2,0.707574518,0,0,0,0
2625,1,0.707525924,0,0,0,0
2752,2,0.707666465,0,0,0,0
2753,2,0.707783386,0,0,0,0
2754,2,0.707710392,0,0,0,0
2755,1,0.706762931,0,0,0,0
2756,2,0.708119584,0,0,0,0
2757,1,0.707297544,0,0,0,0
1991,1,0.707680669,0,0,0,0
1997,1,0.706937789,0,0,0,0
1998,1,0.706753771,0,0,0,0
2002,2,0.7073822,0,0,0,0
2003,1,0.70670885,0,0,0,0
2004,1,0.70479716,0,0,0,0
2006,1,0.706636972,0,0,0,0
2007,2,0.70738546,0,0,0,0
2008,1,0.707698848,0,0,0,0
2009,1,0.706675425,0,0,0,0
2010,2,0.706764435,0,0,0,0
2021,1,0.706706415,0,0,0,0
2024,1,0.706696956,0,0,0,0
2083,2,0.706667823,0,0,0,0
2084,1,0.706735419,0,0,0,0
2140,1,0.706852798,0,0,0,0
2141,2,0.707435773,0,0,0,0
2186,1,0.707334537,0,0,0,0
2188,1,0.707278276,0,0,0,0
2189,1,0.707435248,0,0,0,0
2311,1,0.706676405,0,0,0,0
2313,2,0.706666173,0,0,0,0
2365,1,0.706894552,0,0,0,0
2367,1,0.706911884,0,0,0,0
2026,1,0.706954978,0,0,0,0
2028,1,0.704459042,0,0,0,0
2038,1,0.704460131,0,0,0,0
2039,1,0.704922976,0,0,0,0
2041,2,0.706720511,0,0,0,0
2042,1,0.704879378,0,0,0,0
2043,2,0.707172444,0,0,0,0
2049,1,0.706812575,0,0,0,0
2050,1,0.707388909,0,0,0,0
2051,1,0.707274945,0,0,0,0
2052,2,0.70668775,0,0,0,0
3143,2,0.706703258,0,0,0,0
3218,1,0.706739611,0,0,0,0
3219,2,0.707691396,0,0,0,0
3277,1,0.707947083,0,0,0,0
3279,1,0.707730484,0,0,0,0
3283,2,0.706917908,0,0,0,0
3284,1,0.707633039,0,0,0,0
3347,1,0.7052541,0,0,0,0
3348,1,0.707206574,0,0,0,0
3061,1,0.706826706,0,0,0,0
3062,2,0.70674875,0,0,0,0
3028,1,0.706581082,0,0,0,0
3163,2,0.706719939,0,0,0,0
3164,1,0.707399927,0,0,0,0
3165,1,0.706818159,0,0,0,0
3355,2,0.707043007,0,0,0,0
3356,1,0.706753135,0,0,0,0
3357,2,0.706716395,0,0,0,0
3502,2,0.705260973,0,0,0,0
3503,2,0.708078402,0,0,0,0
3504,1,0.706720452,0,0,0,0
2932,1,0.70707906,0,0,0,0
2933,2,0.70684738,0,0,0,0
2936,1,0.706046086,0,0,0,0
2937,1,0.706727705,0,0,0,0
3023,2,0.706829311,0,0,0,0
3024,2,0.706757567,0,0,0,0
3249,2,0.706954893,0,0,0,0
3250,2,0.706948137,0,0,0,0
3251,1,0.707268472,0,0,0,0
3252,1,0.707374776,0,0,0,0
3484,1,0.708170502,0,0,0,0
3486,1,0.705311915,0,0,0,0
3487,2,0.706884939,0,0,0,0
3488,2,0.70731,0,0,0,0
3489,1,0.706918723,0,0,0,0
2878,1,0.707024643,0,0,0,0
2879,2,0.7079398,0,0,0,0
2880,1,0.706521255,0,0,0,0
2882,2,0.706661686,0,0,0,0
2885,1,0.706773608,0,0,0,0
2886,1,0.707495576,0,0,0,0
2887,1,0.707170177,0,0,0,0
2888,1,0.7077481,0,0,0,0
2889,1,0.707258038,0,0,0,0
5336,2,0.70755179,0,0,0,0
5337,1,0.704866835,0,0,0,0
5338,1,0.708185579,0,0,0,0
5339,1,0.706813663,0,0,0,0
5341,2,0.708185914,0,0,0,0
5345,1,0.707887174,0,0,0,0
5349,1,0.706909251,0,0,0,0
5351,1,0.707806761,0,0,0,0
5352,1,0.707605554,0,0,0,0
5357,1,0.707715363,0,0,0,0
5359,2,0.708295848,0,0,0,0
5360,1,0.706829397,0,0,0,0
5362,2,0.708187036,0,0,0,0
5364,1,0.708015884,0,0,0,0
5365,2,0.707641867,0,0,0,0
5373,1,0.707676317,0,0,0,0
5374,2,0.70826623,0,0,0,0
5567,2,0.708069388,0,0,0,0
5568,1,0.708218302,0,0,0,0
5569,2,0.705457498,0,0,0,0
5606,1,0.706851083,0,0,0,0
5811,2,0.706863643,0,0,0,0
5812,2,0.708086912,0,0,0,0
5847,1,0.704933075,0,0,0,0
5382,1,0.705251811,0,0,0,0
5383,2,0.707651728,0,0,0,0
5385,1,0.707164049,0,0,0,0
5386,2,0.708317078,0,0,0,0
5387,2,0.706877427,0,0,0,0
5388,1,0.707879039,0,0,0,0
5390,1,0.707881682,0,0,0,0
5391,2,0.70802551,0,0,0,0
5392,1,0.706932612,0,0,0,0
6038,2,0.706841904,0,0,0,0
6041,1,0.706927532,0,0,0,0
6042,1,0.707523716,0,0,0,0
6043,1,0.707745027,0,0,0,0
6044,1,0.705400849,0,0,0,0
6045,2,0.707687953,0,0,0,0
6051,1,0.708058226,0,0,0,0
6052,1,0.705441857,0,0,0,0
6053,1,0.706887511,0,0,0,0
6054,1,0.706895754,0,0,0,0
6058,2,0.705032754,0,0,0,0
6059,1,0.70401687,0,0,0,0
6060,1,0.707170523,0,0,0,0
6061,1,0.706996103,0,0,0,0
6062,2,0.708325648,0,0,0,0
6063,1,0.705506787,0,0,0,0
6064,2,0.707220637,0,0,0,0
6065,1,0.704921471,0,0,0,0
6067,2,0.704980141,0,0,0,0
6068,1,0.708204737,0,0,0,0
6071,6,0.705167672,21.931333659068155,1.9939014176867124e-4,0.3259571079910482,25.878048939588766
6072,3,0.706442583,34.931884862705196,3.175854958616151e-4,0.5191793779406416,41.21815116589558
6073,3,0.706778207,0,0,0,0
6076,3,0.707731462,44.787996149133185,4.071929705933719e-4,0.6656670280263273,52.84794688143137
6078,3,0.707646586,0,0,0,0
6085,5,0.707024047,15.522514854147744,1.4112395012033798e-4,0.2307052607589149,18.315912990318186
6090,4,0.708234676,0,0,0,0
6094,3,0.707738712,44.80552842236914,4.0735236639211303e-4,0.6659276035649306,52.86863422456678
6113,7,0.708906106,0,0,0,0
6116,3,0.707452653,36.54935436492395,3.32290824701503e-4,0.5432192147058329,43.12669697470927
6118,4,0.70808003,47.975409798858905,4.361715484297192e-4,0.7130403502048532,56.608960584499535
6269,3,0.707052536,15.572051791429535,1.4157431839711252e-4,0.23144150950083442,18.374364487487647
6272,3,0.707693439,0,0,0,0
6290,3,0.707293429,29.92570081993448,2.7207144908610655e-4,0.44477436007809307,35.311065091089425
6304,5,0.706901572,15.343686216731085,1.394981179698129e-4,0.22804739843351035,18.104902738830138
6306,3,0.708409767,41.845791950498636,3.8044373037853635e-4,0.6219381610721054,49.37626999090872
6307,3,0.70683537,0,0,0,0
6431,4,0.706146682,0,0,0,0
6433,5,0.706936645,16.172730179769967,1.4703542490665912e-4,0.2403691649430384,19.08313965693566
6437,3,0.706642821,21.033571832858236,1.912280819238299e-4,0.312614013900865,24.81872784056619
6478,3,0.706905121,0,0,0,0
6537,3,0.706864039,0,0,0,0
6539,3,0.706315017,43.60764759039474,3.964617551496639e-4,0.6481239543305467,51.45518535385428
6540,4,0.706239414,0,0,0,0
8233,3,0.708871673,61.89245491800865,5.626992663718011e-4,0.9198841221951305,73.03048698533057
8242,5,0.707878182,45.47669101438669,4.134542846088775e-4,0.675902839037916,53.66057778224777
8252,4,0.707874882,0,0,0,0
8365,4,0.706022447,51.43085504877144,4.6758695293564e-4,0.7643973245682059,60.686240273704975
8367,4,0.707652881,45.27904498027451,4.1165737287636423e-4,0.6729653008705339,53.42736379613181
8368,4,0.705742809,48.94730129508473,4.4500756297533283e-4,0.7274852055116746,57.75575156831655
8370,4,0.706381719,37.222196850046444,3.384080157753385e-4,0.5532194177939546,43.920622735418085
8380,4,0.706480387,32.876169224359856,2.9889582386365745e-4,0.488626054793786,38.79249339596865
8381,5,0.707908273,44.54145770692551,4.049515503629661e-4,0.6620028205102739,52.55704191540792
8390,3,0.705592689,43.44248942655027,3.9496020899587646e-4,0.6456692710775929,51.260305684738825
8401,4,0.706479112,32.89160966538205,2.9903620163421375e-4,0.4888555402222574,38.81071246529807
8416,5,0.707886079,45.440552216242395,4.1312572638267214e-4,0.6753657217648624,53.61793552430149
8417,3,0.707180135,0,0,0,0
8654,5,0.707542202,42.13793078737784,3.830997295533697e-4,0.6262801099878131,49.72098149981364
10218,4,0.708183507,0,0,0,0
10220,3,0.707384576,0,0,0,0
10224,3,0.709192754,64.35707582442066,5.851065271236947e-4,0.9565148495114403,75.93863572927584
10226,5,0.707837921,44.79670333393916,4.072721325285218e-4,0.665796439617169,52.85822099234673
10227,3,0.70490991,15.021016674250744,1.3656454690570273e-4,0.22325168320074343,17.724166284703536
10228,3,0.707392068,0,0,0,0
10246,5,0.70584,53.57758414484471,4.8710407968492893e-4,0.7963033462755064,63.219290085988185
10247,4,0.707322296,31.862925464100748,2.8968385252872e-4,0.47356659644445426,37.59690848429245
10252,5,0.708272122,44.013002641630635,4.0014706687712255e-4,0.6541485929715162,51.93348722171423
10253,3,0.707489342,0,0,0,0
10258,3,0.706353559,39.932507776946,3.630489832765662e-4,0.5935017428555418,47.11867534353242
10259,3,0.708950501,61.56369078802683,5.597102859703094e-4,0.9149978254160125,72.64255917494258
10260,4,0.706651972,20.17975111572628,1.834655155208708e-4,0.2999239998768387,23.811255397391736
10263,3,0.707538678,0,0,0,0
10269,7,0.708892342,0,0,0,0
10271,5,0.708852216,60.17527609267405,5.47087423756655e-4,0.8943623435148769,71.00428837968123
10272,3,0.707481443,0,0,0,0
10281,3,0.708985403,60.21638655869276,5.474611822236535e-4,0.8949733528050521,71.0527969960791
10282,3,0.70640045,35.4128379536945,3.2195811206850894e-4,0.5263276016216674,41.7856555329235
10286,4,0.708854922,60.192611789038054,5.472450323640207e-4,0.8946199974058652,71.02474377039678
11730,3,0.706550792,26.54432668548153,2.4132946692841326e-4,0.39451827665717953,31.321186194771045
11733,3,0.707926037,0,0,0,0
11800,3,0.70790625,0,0,0,0
11804,3,0.706017387,53.04484976185786,4.8226069050486084e-4,0.7883855168582339,62.59068597786387
11940,5,0.706407565,35.33406674741913,3.212419585399231e-4,0.5251568550090978,41.69270883106246
11942,4,0.707534384,0,0,0,0
11943,4,0.709427439,63.593876879413486,5.781678544370129e-4,0.9451717125730491,75.03809315596216
12082,6,0.70843123,41.08652335012523,3.7354079067489655e-4,0.6106534393578018,48.48036505853212
12083,3,0.706568264,23.986296055999787,2.1807296562348353e-4,0.3564992359959826,28.30281791640943
12084,3,0.707844764,0,0,0,0
12085,5,0.709107733,66.53450603484045,6.049027750444167e-4,0.9888771702564583,78.50791156191467
11746,3,0.708039475,0,0,0,0
11757,5,0.705764662,49.91636471363294,4.5381786586939633e-4,0.7418880281708103,58.89920553972547
11758,7,0.708777371,0,0,0,0
11759,3,0.706535929,26.690922838956105,2.426622553615486e-4,0.3966970797784128,31.494163474353947
12194,7,0.708159753,45.99465547298444,4.181633920638286e-4,0.6836011486615472,54.27175400239606
12295,3,0.706148561,50.0451226512633,4.5498847700673335e-4,0.7438017086442973,59.051134476795895
12234,7,0.708209603,0,0,0,0
12512,6,0.707299929,30.004094243651533,2.7278416798007184e-4,0.4459394918515437,35.4035660254616
12514,7,0.709197825,63.56157669578711,5.778741952235545e-4,0.9446916471741044,74.99998030128424
12564,3,0.709742002,40.11366676755667,3.6469600198423143e-4,0.5961942403380932,47.33243531352546
11762,3,0.709224796,64.36862618207046,5.852115379490769e-4,0.9566865181037072,75.95226466425889
11763,7,0.708740325,0,0,0,0
11767,3,0.709189277,64.35310203083274,5.850703991216693e-4,0.9564557885219991,75.93394682040498
11769,4,0.707850283,0,0,0,0
2053,6,0.706863419,0,0,0,0
2054,7,0.708751996,0,0,0,0
2062,3,0.706163576,0,0,0,0
2064,3,0.706198018,0,0,0,0
2065,5,0.706937223,0,0,0,0
2074,6,0.706738813,0,0,0,0
2075,5,0.705017627,18.382401663238205,1.6712479645150126e-4,0.2732106755213878,21.690458832254542
2102,3,0.70689565,0,0,0,0
2400,3,0.706792596,0,0,0,0
2531,6,0.707315403,0,0,0,0
2532,4,0.706491908,0,0,0,0
2124,4,0.706801715,0,0,0,0
3392,5,0.704956493,15.89413001939799,1.4450251348700297e-4,0.23622843624990927,18.754403215424166
3398,3,0.707650063,0,0,0,0
7910,4,0.708047464,49.7385329270026,4.5220109665242093e-4,0.7392449816611908,58.689371530131105
3239,4,0.7057522,49.01767302246891,4.456473520970417e-4,0.7285311138499029,57.83878723926666
3337,3,0.707269085,0,0,0,0
3698,5,0.707004898,0,0,0,0
4205,3,0.70453303,0,0,0,0
4206,6,0.707729283,0,0,0,0
3988,7,0.708925841,0,0,0,0
3989,3,0.707361521,0,0,0,0
3990,3,0.706953084,0,0,0,0
2315,4,0.707671031,0,0,0,0
2210,3,0.706366671,37.38523338143006,3.3989027297006276e-4,0.5556425680269875,44.11299896769256
2283,5,0.705005967,16.76529801916471,1.5242279383465953e-4,0.24917627636727913,19.782344720625122
2287,4,0.707596784,0,0,0,0
2378,3,0.707231685,0,0,0,0
2379,3,0.70701137,0,0,0,0
2125,3,0.706881319,0,0,0,0
2130,4,0.704902029,15.01205167561708,1.3648304103942437e-4,0.22311843982060067,17.713587964342732
2132,6,0.707278971,0,0,0,0
2386,5,0.704931321,15.851261449857963,1.4411277110786263e-4,0.23559129693279335,18.703820111005058
2733,6,0.707338999,0,0,0,0
2736,6,0.707331915,0,0,0,0
2354,4,0.707025094,0,0,0,0
2138,3,0.706254473,0,0,0,0
2147,4,0.7052008,22.80631024737776,2.07345048145976e-4,0.33896155371782893,26.91048441867364
2317,3,0.706416328,35.2333189880371,3.203260037540292e-4,0.5236594792090098,41.57383072322044
2319,4,0.707678677,0,0,0,0
2454,3,0.706762627,0,0,0,0
2149,3,0.7066063,22.880630616706455,2.0802073660191364e-4,0.340066149226146,26.998179320615964
2152,3,0.706806707,17.04279414466698,1.5494566784972322e-4,0.2533005962081768,20.10977844754418
2153,3,0.706475351,32.93670079286213,2.9944615054295444e-4,0.4895257125764766,38.86391809436788
2157,7,0.708768244,0,0,0,0
2168,3,0.706606975,22.875321290250838,2.0797246651623903e-4,0.33998723871738457,26.9919145392766
2184,3,0.706486983,31.997946487603404,2.909114049173005e-4,0.4755733627917767,37.756227598596766
2199,3,0.706834608,15.391050710031976,1.3992873533129566e-4,0.2287513589631262,18.160790843707538
2201,4,0.706826755,0,0,0,0
2260,3,0.704376107,6.229488750097332,5.663580082895083e-5,0.09258653252967616,7.350534046386213
2261,4,0.707018414,0,0,0,0
6070,2,0.705120776,0,0,0,0
6074,1,0.706877227,0,0,0,0
6075,1,0.70768389,0,0,0,0
6077,1,0.707593372,0,0,0,0
6079,2,0.708213838,0,0,0,0
6083,2,0.705419796,0,0,0,0
6084,2,0.708126967,0,0,0,0
6089,2,0.705133787,0,0,0,0
6091,1,0.706641937,0,0,0,0
6092,1,0.706921473,0,0,0,0
6093,1,0.708144533,0,0,0,0
6095,1,0.706868519,0,0,0,0
6096,1,0.706952999,0,0,0,0
6097,2,0.707440103,0,0,0,0
6098,1,0.708244882,0,0,0,0
6099,2,0.704964297,0,0,0,0
6100,1,0.707768183,0,0,0,0
6101,1,0.707840083,0,0,0,0
6102,1,0.708014892,0,0,0,0
6103,1,0.706873415,0,0,0,0
6107,1,0.707704558,0,0,0,0
6108,2,0.707761394,0,0,0,0
6109,1,0.708326233,0,0,0,0
6110,1,0.706941812,0,0,0,0
6111,1,0.706937201,0,0,0,0
6112,1,0.707784047,0,0,0,0
6114,1,0.707686428,0,0,0,0
6115,1,0.706924508,0,0,0,0
6117,1,0.70778678799999994,0,0,0,0
6270,2,0.707702082,0,0,0,0
6271,1,0.707281323,0,0,0,0
6273,2,0.707273434,0,0,0,0
6274,1,0.706878165,0,0,0,0
6278,1,0.707746331,0,0,0,0
6279,1,0.70690054,0,0,0,0
6280,1,0.707774491,0,0,0,0
6281,1,0.708142244,0,0,0,0
6282,2,0.708359029,0,0,0,0
6283,1,0.707948626,0,0,0,0
6291,2,0.707327465,0,0,0,0
6292,1,0.705434249,0,0,0,0
6296,1,0.706887504,0,0,0,0
6297,2,0.707095186,0,0,0,0
6298,1,0.706959722,0,0,0,0
6302,1,0.707728681,0,0,0,0
6303,2,0.708378191,0,0,0,0
6305,1,0.707629872,0,0,0,0
6316,1,0.706886188,0,0,0,0
6317,1,0.707899345,0,0,0,0
6318,1,0.707564499,0,0,0,0
6319,1,0.706991938,0,0,0,0
6320,2,0.707569808,0,0,0,0
6321,2,0.705515577,0,0,0,0
6322,2,0.706957902,0,0,0,0
6323,1,0.706960765,0,0,0,0
6324,2,0.706898476,0,0,0,0
6325,1,0.703539684,0,0,0,0
6432,1,0.707757933,0,0,0,0
6434,2,0.707017722,0,0,0,0
6435,1,0.707261282,0,0,0,0
6436,1,0.70698826,0,0,0,0
6438,1,0.708602409,0,0,0,0
6439,2,0.705580718,0,0,0,0
6476,1,0.705514111,0,0,0,0
6477,2,0.706912257,0,0,0,0
6530,1,0.706923368,0,0,0,0
6531,1,0.70503869,0,0,0,0
6532,1,0.705487563,0,0,0,0
6380,1,0.707013023,0,0,0,0
6381,2,0.705264522,0,0,0,0
6382,2,0.706984504,0,0,0,0
6383,1,0.707055896,0,0,0,0
6384,2,0.70776056,0,0,0,0
6385,1,0.706953629,0,0,0,0
6536,2,0.707338986,0,0,0,0
6538,1,0.705425999,0,0,0,0
6541,2,0.707703094,0,0,0,0
8232,1,0.706209912,0,0,0,0
8234,1,0.705776099,0,0,0,0
8235,1,0.707208394,0,0,0,0
8236,1,0.707319415,0,0,0,0
8237,1,0.707154251,0,0,0,0
8241,1,0.707169153,0,0,0,0
8243,1,0.707198446,0,0,0,0
8244,1,0.707270284,0,0,0,0
8245,1,0.707294885,0,0,0,0
8246,1,0.707633743,0,0,0,0
8247,1,0.707203455,0,0,0,0
8248,2,0.70693846,0,0,0,0
8249,1,0.707159065,0,0,0,0
8250,2,0.707605351,0,0,0,0
8251,2,0.707157585,0,0,0,0
8253,1,0.707144067,0,0,0,0
8254,1,0.707615495,0,0,0,0
8255,2,0.70717757,0,0,0,0
8256,2,0.707039626,0,0,0,0
8257,2,0.707615668,0,0,0,0
8258,1,0.707202832,0,0,0,0
8364,2,0.70886464,0,0,0,0
8366,1,0.707166542,0,0,0,0
8369,1,0.707157552,0,0,0,0
8371,2,0.707254885,0,0,0,0
8372,1,0.705198622,0,0,0,0
8379,2,0.705648186,0,0,0,0
8388,1,0.70724403,0,0,0,0
8389,1,0.707347211,0,0,0,0
8400,1,0.707228165,0,0,0,0
8402,2,0.707442674,0,0,0,0
8403,2,0.70694658,0,0,0,0
8404,1,0.708196804,0,0,0,0
8405,1,0.707249471,0,0,0,0
8409,1,0.707218121,0,0,0,0
8410,2,0.707259493,0,0,0,0
8411,1,0.707340795,0,0,0,0
8415,1,0.70905682,0,0,0,0
8429,1,0.707171737,0,0,0,0
8589,1,0.707532453,0,0,0,0
8590,1,0.707816766,0,0,0,0
8591,2,0.70819878,0,0,0,0
8652,1,0.707240176,0,0,0,0
8653,2,0.707607982,0,0,0,0
8757,2,0.708252144,0,0,0,0
10219,1,0.706540102,0,0,0,0
10221,1,0.707485076,0,0,0,0
10222,1,0.705934143,0,0,0,0
10223,1,0.709648526,0,0,0,0
10225,1,0.70708874,0,0,0,0
10229,2,0.707410736,0,0,0,0
10233,1,0.70947629,0,0,0,0
10234,2,0.705444837,0,0,0,0
10235,1,0.707098797,0,0,0,0
10236,1,0.707304317,0,0,0,0
10237,1,0.708751993,0,0,0,0
10238,1,0.707357047,0,0,0,0
10239,1,0.707431246,0,0,0,0
10240,2,0.707373426,0,0,0,0
10241,2,0.70736426,0,0,0,0
10245,1,0.707419862,0,0,0,0
10248,2,0.706569989,0,0,0,0
10249,2,0.706365313,0,0,0,0
10250,2,0.705611615,0,0,0,0
10251,1,0.708396266,0,0,0,0
10254,1,0.707161789,0,0,0,0
10255,2,0.708717781,0,0,0,0
10256,1,0.706308529,0,0,0,0
10257,1,0.705572981,0,0,0,0
10261,1,0.707351815,0,0,0,0
10262,1,0.709076559,0,0,0,0
10264,1,0.707136541,0,0,0,0
10265,2,0.705512598,0,0,0,0
10266,2,0.705804081,0,0,0,0
10267,2,0.709619026,0,0,0,0
10268,2,0.706760822,0,0,0,0
10270,1,0.707348888,0,0,0,0
10273,1,0.706753249,0,0,0,0
10274,1,0.707334056,0,0,0,0
10275,1,0.706872168,0,0,0,0
10276,1,0.707155191,0,0,0,0
10277,2,0.707129601,0,0,0,0
10278,1,0.70924705,0,0,0,0
10279,1,0.707100121,0,0,0,0
10280,2,0.706833806,0,0,0,0
10283,2,0.707466976,0,0,0,0
10284,2,0.709685603,0,0,0,0
10285,1,0.709800296,0,0,0,0
11725,1,0.709426999,0,0,0,0
11726,2,0.705878751,0,0,0,0
11727,2,0.708067581,0,0,0,0
11728,2,0.70678887,0,0,0,0
11729,2,0.708077892,0,0,0,0
11731,2,0.709374127,0,0,0,0
11732,2,0.706556386,0,0,0,0
11801,2,0.70806228,0,0,0,0
11802,1,0.706420771,0,0,0,0
11803,1,0.707038764,0,0,0,0
11805,1,0.707119255,0,0,0,0
11938,1,0.707769627,0,0,0,0
11939,1,0.707868614,0,0,0,0
11941,1,0.707151771,0,0,0,0
12086,2,0.707664099,0,0,0,0
12087,1,0.707128816,0,0,0,0
11743,2,0.70653832,0,0,0,0
11744,2,0.709830883,0,0,0,0
11745,1,0.707096939,0,0,0,0
11747,1,0.709210011,0,0,0,0
11748,1,0.708058317,0,0,0,0
11760,1,0.706543795,0,0,0,0
12192,1,0.707053085,0,0,0,0
12193,1,0.707901749,0,0,0,0
12252,1,0.706722242,0,0,0,0
12296,1,0.707896254,0,0,0,0
12159,1,0.707182772,0,0,0,0
12160,1,0.707411083,0,0,0,0
12161,2,0.706725336,0,0,0,0
12235,1,0.709239395,0,0,0,0
12236,1,0.709806756,0,0,0,0
12513,1,0.70735433,0,0,0,0
12563,1,0.706820388,0,0,0,0
12565,1,0.706761531,0,0,0,0
11761,2,0.707401923,0,0,0,0
11768,1,0.707535537,0,0,0,0
2055,2,0.706735215,0,0,0,0
2063,2,0.704792389,0,0,0,0
2066,1,0.70691418,0,0,0,0
2067,1,0.704467332,0,0,0,0
2076,2,0.706739272,0,0,0,0
2088,1,0.707465721,0,0,0,0
2089,1,0.706550957,0,0,0,0
2090,1,0.706797261,0,0,0,0
2091,1,0.707099524,0,0,0,0
2101,1,0.706692487,0,0,0,0
2103,1,0.706687203,0,0,0,0
2275,2,0.707715492,0,0,0,0
2276,1,0.708029915,0,0,0,0
2277,2,0.706999904,0,0,0,0
2398,1,0.70670712,0,0,0,0
2399,1,0.706164303,0,0,0,0
2527,2,0.70770328,0,0,0,0
2528,2,0.70682658,0,0,0,0
2529,1,0.704491363,0,0,0,0
2530,1,0.706925139,0,0,0,0
2104,2,0.707114376,0,0,0,0
2105,1,0.70735125,0,0,0,0
2106,1,0.707311205,0,0,0,0
2107,1,0.705965345,0,0,0,0
2108,1,0.70694368,0,0,0,0
2120,1,0.706722964,0,0,0,0
2121,1,0.707134348,0,0,0,0
2122,1,0.707121616,0,0,0,0
2123,1,0.706605483,0,0,0,0
2239,1,0.707492895,0,0,0,0
2240,1,0.706722782,0,0,0,0
2241,1,0.706619589,0,0,0,0
3393,1,0.707074755,0,0,0,0
3394,2,0.706852068,0,0,0,0
3395,1,0.706644677,0,0,0,0
3396,2,0.707077307,0,0,0,0
3397,2,0.70668176,0,0,0,0
3399,2,0.704514943,0,0,0,0
8181,1,0.707592568,0,0,0,0
8182,2,0.707438284,0,0,0,0
8183,1,0.707193458,0,0,0,0
7908,1,0.707415971,0,0,0,0
7909,1,0.70787282,0,0,0,0
7911,1,0.707145712,0,0,0,0
7912,2,0.707848222,0,0,0,0
3235,1,0.705288309,0,0,0,0
3236,1,0.707734484,0,0,0,0
3237,1,0.707311655,0,0,0,0
3238,1,0.706666808,0,0,0,0
3240,1,0.708053109,0,0,0,0
3241,2,0.706374893,0,0,0,0
3242,2,0.707432242,0,0,0,0
3328,1,0.708124258,0,0,0,0
3329,1,0.706853682,0,0,0,0
3330,2,0.706954061,0,0,0,0
3338,1,0.706683026,0,0,0,0
3339,1,0.706926532,0,0,0,0
3721,1,0.707432559,0,0,0,0
3722,2,0.706904102,0,0,0,0
3746,2,0.707401841,0,0,0,0
3747,1,0.704539268,0,0,0,0
3697,1,0.706899339,0,0,0,0
3699,1,0.707060226,0,0,0,0
3706,2,0.707136141,0,0,0,0
3707,1,0.707952844,0,0,0,0
3708,1,0.704577858,0,0,0,0
4002,1,0.707834456,0,0,0,0
4492,2,0.707089877,0,0,0,0
4493,1,0.70670941,0,0,0,0
4494,1,0.704753752,0,0,0,0
4204,2,0.707088839,0,0,0,0
4207,1,0.706777791,0,0,0,0
3986,1,0.708184989,0,0,0,0
3987,2,0.70778846,0,0,0,0
3991,2,0.704576689,0,0,0,0
3992,2,0.704596353,0,0,0,0
3993,1,0.704848754,0,0,0,0
2314,1,0.704534793,0,0,0,0
2316,1,0.706920186,0,0,0,0
2209,1,0.706971235,0,0,0,0
2211,2,0.706449061,0,0,0,0
2281,2,0.70733255,0,0,0,0
2282,1,0.707717292,0,0,0,0
2284,2,0.707775729,0,0,0,0
2285,1,0.706895923,0,0,0,0
2286,1,0.705549915,0,0,0,0
2288,1,0.707185818,0,0,0,0
2289,2,0.707190543,0,0,0,0
2377,1,0.706699972,0,0,0,0
2126,1,0.706716788,0,0,0,0
2127,1,0.707060148,0,0,0,0
2128,2,0.706927368,0,0,0,0
2129,1,0.707250171,0,0,0,0
2131,2,0.70669309,0,0,0,0
2133,1,0.704443534,0,0,0,0
2164,2,0.705729642,0,0,0,0
2165,1,0.707674888,0,0,0,0
2166,1,0.704432641,0,0,0,0
2387,1,0.705086665,0,0,0,0
2388,1,0.70663388,0,0,0,0
2731,1,0.706695046,0,0,0,0
2732,1,0.707819521,0,0,0,0
2734,1,0.707018852,0,0,0,0
2735,1,0.706647496,0,0,0,0
2353,1,0.706984244,0,0,0,0
2355,1,0.707002956,0,0,0,0
2479,1,0.706835483,0,0,0,0
2480,1,0.70742838,0,0,0,0
2481,1,0.706902742,0,0,0,0
2482,1,0.70805459,0,0,0,0
2483,1,0.707685095,0,0,0,0
2484,1,0.706550889,0,0,0,0
2137,2,0.706747758,0,0,0,0
2139,1,0.707657418,0,0,0,0
2146,1,0.706659183,0,0,0,0
2148,2,0.706428571,0,0,0,0
2236,1,0.706667678,0,0,0,0
2237,2,0.70559739,0,0,0,0
2238,1,0.707216462,0,0,0,0
2318,1,0.706986809,0,0,0,0
2368,1,0.706667635,0,0,0,0
2369,2,0.706305663,0,0,0,0
2370,1,0.707465865,0,0,0,0
2449,1,0.706912848,0,0,0,0
2450,1,0.707337634,0,0,0,0
2451,2,0.705969617,0,0,0,0
2452,1,0.706689036,0,0,0,0
2453,2,0.707330447,0,0,0,0
2150,1,0.706185717,0,0,0,0
2151,1,0.706618871,0,0,0,0
2154,1,0.707029662,0,0,0,0
2155,2,0.706632166,0,0,0,0
2156,1,0.707153872,0,0,0,0
2167,1,0.706705448,0,0,0,0
2169,1,0.706209099,0,0,0,0
2170,2,0.70732939,0,0,0,0
2171,1,0.706881248,0,0,0,0
2172,1,0.707172726,0,0,0,0
2173,1,0.706815138,0,0,0,0
2174,1,0.706781624,0,0,0,0
2175,1,0.706934628,0,0,0,0
2176,2,0.706702773,0,0,0,0
2177,1,0.707492439,0,0,0,0
2178,1,0.706675571,0,0,0,0
2179,1,0.707462322,0,0,0,0
2180,2,0.707713142,0,0,0,0
2181,2,0.706943093,0,0,0,0
2182,2,0.70740124,0,0,0,0
2183,1,0.70723244,0,0,0,0
2191,1,0.70798927,0,0,0,0
2192,2,0.707333229,0,0,0,0
2193,2,0.706277185,0,0,0,0
2194,1,0.706710148,0,0,0,0
2195,1,0.707640675,0,0,0,0
2196,1,0.706764688,0,0,0,0
2197,2,0.706761345,0,0,0,0
2198,1,0.704488522,0,0,0,0
2200,1,0.707272715,0,0,0,0
2202,1,0.706731632,0,0,0,0
2203,1,0.70719577,0,0,0,0
2204,1,0.707764791,0,0,0,0
2205,1,0.707441426,0,0,0,0
2206,1,0.707708715,0,0,0,0
2207,1,0.707202437,0,0,0,0
2208,1,0.706750898,0,0,0,0
2262,2,0.706704453,0,0,0,0
2263,5,0.705006041,16.765411389817107,1.524238245512956e-4,0.24917796135235848,19.78247849321445
2265,3,0.704402741,7.141299737805591,6.492558953636073e-5,0.10613843398756834,8.426432563566115
2335,3,0.707242133,0,0,0,0
2336,3,0.705117393,21.824824379855297,1.9842180575171636e-4,0.32437410090328367,25.75237248129226
2216,4,0.704927252,15.846015007865521,1.4406507274036177e-4,0.23551332105199724,18.697629530680594
2222,3,0.704394929,7.108512740838784,6.462750442785765e-5,0.10565113326627396,8.387745289673934
2227,4,0.707018959,0,0,0,0
2231,7,0.708792116,0,0,0,0
2234,3,0.706847551,14.580256809473072,1.3255735002063677e-4,0.21670083622194827,17.204088229778364
2244,3,0.7043592,6.165742014736402,5.605624325171931e-5,0.09163908893937141,7.2753155866676424
2251,3,0.704390869,7.091239510877061,6.447046373783803e-5,0.10539440778977019,8.367363606679048
2258,3,0.704391709,7.094826278316108,6.450307306654007e-5,0.10544771655610619,8.371595841013969
2292,3,0.706891881,0,0,0,0
2299,7,0.708811967,0,0,0,0
2303,4,0.70701771,0,0,0,0
2309,4,0.707697242,0,0,0,0
2321,3,0.707710353,44.72773597898996,4.06645111349851e-4,0.6647714039346837,52.776842421651764
2322,4,0.707682751,0,0,0,0
2323,5,0.70492353,15.840864170180435,1.4401824356561927e-4,0.2354367661018213,18.691551759407464
2329,5,0.704933495,15.853899749984754,1.4413675738450622e-4,0.23563050898859944,18.706933193905524
2331,3,0.706494957,30.30662255642475,2.755346237485448e-4,0.45043585561354393,35.76053667782864
2332,4,0.705288265,25.44941931866005,2.313750456201665e-4,0.3782450830450047,30.02924167085893
2333,3,0.706432794,34.243696875054276,3.113287901566943e-4,0.5089511004589334,40.406118359276725
2341,3,0.706771724,0,0,0,0
2350,3,0.706724195,0,0,0,0
2547,4,0.706904754,16.144021195309048,1.4677441531323068e-4,0.23994247417750114,19.049264265842957
2727,3,0.707305547,30.070378118875176,2.733867921288479e-4,0.4469246439909534,35.481778203234654
2730,7,0.708934755,0,0,0,0
2478,3,0.706343224,0,0,0,0
2600,3,0.705177911,21.954595174895758,1.9960162534786078e-4,0.3263028350929437,25.90549654739746
2854,4,0.707920172,0,0,0,0
2856,5,0.704937815,15.858801490641332,1.441813218774651e-4,0.23570336170395995,18.712717041188686
3382,3,0.706462187,34.693168385981195,3.1541518953750173e-4,0.5156314253358261,40.9364757893142
3385,3,0.706787385,0,0,0,0
3388,3,0.707175238,20.89208072319669,1.8994170632748048e-4,0.310511085112827,24.65177429741838
3589,3,0.70597206,53.91575440872956,4.901785765625992e-4,0.8013294428612422,63.618316737753496
3402,3,0.706895629,0,0,0,0
3613,5,0.706467875,33.02430273929799,3.0024258931820577e-4,0.4908277071363382,38.96728469725265
3481,5,0.706969846,0,0,0,0
3482,4,0.705623905,45.39427738372652,4.1270501574285903e-4,0.6746779564509,53.5633331732027
3483,3,0.707690071,0,0,0,0
3559,7,0.708901979,0,0,0,0
3866,3,0.708144096,0,0,0,0
3867,3,0.706839988,0,0,0,0
3922,3,0.707665757,0,0,0,0
3413,5,0.706949932,0,0,0,0
3463,3,0.706370712,37.34272147928623,3.3950377325567765e-4,0.555010729722331,44.06283671576138
3466,3,0.705845918,53.60985089990466,4.8739743498040855e-4,0.796782914838326,63.257363496367304
3468,3,0.706914179,0,0,0,0
3691,3,0.706716978,0,0,0,0
5504,3,0.705632612,45.49683441808697,4.1363741966951443e-4,0.6762022228199198,53.6843461492276
5506,3,0.707926159,0,0,0,0
5526,3,0.707561083,43.09661289711056,3.9181565010531745e-4,0.640528639184852,50.85218596456873
5585,3,0.707316854,30.199603228995727,2.745616505951662e-4,0.4488452678722695,35.634258384144246
5587,3,0.707642711,43.61697049314475,3.965465149244189e-4,0.6482625171040521,51.46618598598064
5634,4,0.707484863,0,0,0,0
5640,3,0.707953679,0,0,0,0
5643,4,0.707791947,44.05126977628742,4.0049497501271113e-4,0.6547173429042715,51.97864082699973
5854,3,0.706742988,0,0,0,0
5533,3,0.707895756,0,0,0,0
5535,7,0.708982319,0,0,0,0
5560,3,0.707650816,45.26612357532153,4.115398970855401e-4,0.6727732549213394,53.41211708314391
5571,4,0.706404376,35.36970975182841,3.2156600922524423e-4,0.5256866034875975,41.73476607330755
5579,4,0.70569097,46.12319366583831,4.193320053772841e-4,0.6855115631516263,54.42342364989619
5611,4,0.706920921,0,0,0,0
8289,4,0.708226912,47.33779201844811,4.3037460504238595e-4,0.7035636785652133,55.856598490031104
8161,5,0.707913294,44.52431099229897,4.047956598953183e-4,0.6617479753832927,52.53680951517378
8162,4,0.707854596,0,0,0,0
8031,4,0.707093878,0,0,0,0
8032,4,0.707640525,43.60482833551419,3.9643612371114523e-4,0.648082052812753,51.4518587519747
8188,5,0.708177293,47.52268094992092,4.3205553474921104e-4,0.7063116127464759,56.074759632961104
7864,3,0.705993589,53.9013483171616,4.900476026471628e-4,0.8011153305770581,63.60131815716468
7929,4,0.707996357,49.935227896109296,4.5398936171577937e-4,0.7421683845095122,58.92146329964414
8099,3,0.705873848,54.53691169975365,4.958258683435405e-4,0.810561468479805,64.35125614883475
8148,7,0.708794192,0,0,0,0
7897,3,0.705782439,50.838155705551145,4.6219838843208417e-4,0.7555882586523992,59.986880041046476
7900,3,0.709027343,62.11934388917522,5.647620421623625e-4,0.9232562870632683,73.29820640408438
7902,7,0.708591733,0,0,0,0
8398,4,0.706468826,33.01330961658502,3.001426446303772e-4,0.4906643205159433,38.95431327599814
8387,4,0.705731584,48.8632040457407,4.442429873809012e-4,0.7262352999376538,57.65652036021764
8505,3,0.708882225,63.558610694570234,5.778472296312055e-4,0.9446475646210785,74.99648054491563
8506,5,0.706624497,21.943006061885725,1.9949626217560847e-4,0.32613059049443205,25.89182188272352
8617,7,0.708814187,0,0,0,0
8657,3,0.707434447,0,0,0,0
8658,5,0.707897933,45.386075904856256,4.1263045146600855e-4,0.6745560609758979,53.553655773967385
8659,4,0.707053061,0,0,0,0
8662,5,0.707925676,45.28366145273763,4.1169934383504834e-4,0.6730339137527503,53.432811038975586
8468,4,0.708099311,48.67277880180648,4.425117239304143e-4,0.7234050816405726,57.43182660203275
8469,4,0.706408221,35.32666698834268,3.2117468315055357e-4,0.5250468751918242,41.68397742737775
8471,3,0.707597368,0,0,0,0
8472,4,0.707417679,0,0,0,0
8473,3,0.70642786,34.30166528781827,3.118558137394274e-4,0.5098126630284113,40.47451864198533
8474,3,0.70718482,0,0,0,0
8475,3,0.70760714,0,0,0,0
8476,5,0.706305657,43.71851393658499,3.974697037235122e-4,0.6497717188550158,51.586002967459756
8477,4,0.707179146,0,0,0,0
8480,4,0.707182599,0,0,0,0
8484,3,0.707190614,0,0,0,0
8485,3,0.707627704,0,0,0,0
8487,4,0.706453205,34.80498030437794,3.1643173484236675e-4,0.5172932435419644,41.06840913825141
8488,3,0.707188411,0,0,0,0
8494,4,0.706937095,16.1733949147232,1.4704146838758118e-4,0.24037904464694992,19.08392401615061
8495,4,0.708285973,42.403900080394074,3.855178066236026e-4,0.630233110882045,50.03481405045088
8497,3,0.705639332,44.7762429808982,4.070861159024063e-4,0.6654923451371259,52.8340786385097
8518,3,0.709219975,64.3716192507914,5.852387496273939e-4,0.956731002950797,75.95579635914095
8772,5,0.706363684,38.218087502382986,3.4746222020459684e-4,0.5680209634708958,45.0957317114738
8774,3,0.70744566,0,0,0,0
8701,4,0.706329609,42.625787788598785,3.8753511310771465e-4,0.6335309438724827,50.296632189797855
8702,3,0.707295363,0,0,0,0
15725,7,0.709707175,0,0,0,0
15726,5,0.708292759,41.60985818200997,3.7829872322674737e-4,0.6184315668061341,49.09787809270664
15727,7,0.709609307,0,0,0,0
15731,6,0.709124466,65.80915599657244,5.983082081470968e-4,0.9780965672876427,77.6520291025791
2422,3,0.707030978,0,0,0,0
2424,4,0.707782682,0,0,0,0
2426,4,0.707785321,0,0,0,0
2428,7,0.708859258,0,0,0,0
2709,5,0.706138911,49.3101559448914,4.4830647954789883e-4,0.7328781767787542,58.183904754603596
3107,5,0.706824786,0,0,0,0
3108,6,0.707000893,0,0,0,0
3109,3,0.706877959,0,0,0,0
3111,7,0.708924652,0,0,0,0
2929,6,0.707167266,0,0,0,0
2930,3,0.707324457,0,0,0,0
2264,1,0.707186581,0,0,0,0
2266,1,0.707028484,0,0,0,0
2267,2,0.706689255,0,0,0,0
2268,2,0.707774391,0,0,0,0
2337,1,0.70695881,0,0,0,0
2380,2,0.706677147,0,0,0,0
2381,1,0.707781232,0,0,0,0
2382,1,0.706536907,0,0,0,0
2383,2,0.707471147,0,0,0,0
2384,1,0.706793119,0,0,0,0
2385,1,0.706874382,0,0,0,0
2215,1,0.704935098,0,0,0,0
2217,2,0.707244276,0,0,0,0
2218,1,0.706685175,0,0,0,0
2219,2,0.706189615,0,0,0,0
2220,2,0.706718667,0,0,0,0
2221,1,0.706481421,0,0,0,0
2223,2,0.706726441,0,0,0,0
2224,1,0.70660559,0,0,0,0
2225,2,0.707245355,0,0,0,0
2226,2,0.707395839,0,0,0,0
2228,2,0.707338078,0,0,0,0
2229,1,0.704949535,0,0,0,0
2230,1,0.706669827,0,0,0,0
2232,1,0.707717746,0,0,0,0
2233,2,0.707716342,0,0,0,0
2235,2,0.706731356,0,0,0,0
2242,2,0.707293021,0,0,0,0
2243,1,0.707459528,0,0,0,0
2245,1,0.706666964,0,0,0,0
2246,2,0.707443904,0,0,0,0
2247,1,0.707785605,0,0,0,0
2248,2,0.706680231,0,0,0,0
2249,1,0.706705307,0,0,0,0
2250,1,0.70742693,0,0,0,0
2252,1,0.704494859,0,0,0,0
2253,1,0.706923642,0,0,0,0
2254,2,0.705314927,0,0,0,0
2255,1,0.707299352,0,0,0,0
2256,2,0.706985195,0,0,0,0
2257,1,0.706887084,0,0,0,0
2259,1,0.706680322,0,0,0,0
2269,2,0.707023749,0,0,0,0
2270,2,0.706785887,0,0,0,0
2271,1,0.707317267,0,0,0,0
2290,1,0.707217241,0,0,0,0
2291,2,0.707191451,0,0,0,0
2293,2,0.707445585,0,0,0,0
2294,2,0.707367061,0,0,0,0
2295,1,0.706721353,0,0,0,0
2296,1,0.707687278,0,0,0,0
2297,1,0.707338062,0,0,0,0
2298,2,0.707197591,0,0,0,0
2300,1,0.706771058,0,0,0,0
2301,2,0.706739887,0,0,0,0
2302,2,0.707450991,0,0,0,0
2304,2,0.707783763,0,0,0,0
2305,1,0.707018059,0,0,0,0
2306,2,0.707245092,0,0,0,0
2307,1,0.704478816,0,0,0,0
2308,2,0.706947566,0,0,0,0
2310,2,0.706871995,0,0,0,0
2320,1,0.707764265,0,0,0,0
2324,2,0.706975689,0,0,0,0
2325,1,0.707482487,0,0,0,0
2326,1,0.707197249,0,0,0,0
2327,1,0.707813334,0,0,0,0
2328,1,0.707421096,0,0,0,0
2330,2,0.706712022,0,0,0,0
2334,1,0.706693717,0,0,0,0
2338,1,0.706728149,0,0,0,0
2339,1,0.706005425,0,0,0,0
2340,1,0.707280713,0,0,0,0
2342,1,0.704945018,0,0,0,0
2343,2,0.70688756,0,0,0,0
2344,1,0.707005826,0,0,0,0
2345,2,0.704830356,0,0,0,0
2346,1,0.704442638,0,0,0,0
2351,1,0.706739712,0,0,0,0
2352,1,0.704459155,0,0,0,0
2407,2,0.708017345,0,0,0,0
2408,1,0.708051832,0,0,0,0
2409,1,0.706725912,0,0,0,0
2410,1,0.706717861,0,0,0,0
2411,1,0.7067092,0,0,0,0
2412,2,0.704433453,0,0,0,0
2545,2,0.706672289,0,0,0,0
2546,1,0.707673701,0,0,0,0
2725,1,0.706985145,0,0,0,0
2726,2,0.706725442,0,0,0,0
2728,1,0.707836032,0,0,0,0
2729,1,0.706599071,0,0,0,0
2356,2,0.707008481,0,0,0,0
2357,1,0.704985267,0,0,0,0
2358,1,0.707213661,0,0,0,0
2359,2,0.706887046,0,0,0,0
2360,1,0.706857824,0,0,0,0
2361,1,0.706671339,0,0,0,0
2413,2,0.70750854,0,0,0,0
2414,2,0.705136496,0,0,0,0
2415,1,0.706766184,0,0,0,0
2470,1,0.706941187,0,0,0,0
2471,2,0.707680172,0,0,0,0
2472,2,0.708062601,0,0,0,0
2473,2,0.708008008,0,0,0,0
2474,2,0.704450201,0,0,0,0
2475,2,0.707428556,0,0,0,0
2476,2,0.707611495,0,0,0,0
2477,2,0.708054666,0,0,0,0
2590,1,0.706733526,0,0,0,0
2591,1,0.706998425,0,0,0,0
2592,2,0.708085098,0,0,0,0
2599,2,0.707289955,0,0,0,0
2601,2,0.706886638,0,0,0,0
2855,1,0.706764983,0,0,0,0
2362,2,0.706722763,0,0,0,0
2363,2,0.707466374,0,0,0,0
2364,2,0.706743342,0,0,0,0
3379,1,0.704547466,0,0,0,0
3380,1,0.707438806,0,0,0,0
3381,1,0.707027544,0,0,0,0
3383,1,0.707294301,0,0,0,0
3384,2,0.707907456,0,0,0,0
3386,1,0.706780142,0,0,0,0
3387,1,0.704542913,0,0,0,0
3389,1,0.705888249,0,0,0,0
3390,1,0.706768323,0,0,0,0
3391,2,0.707224985,0,0,0,0
3454,2,0.707306449,0,0,0,0
3455,1,0.707614227,0,0,0,0
3456,1,0.706869659,0,0,0,0
3526,2,0.707608669,0,0,0,0
3527,1,0.706942667,0,0,0,0
3528,1,0.705477432,0,0,0,0
3586,2,0.706937628,0,0,0,0
3587,1,0.707404904,0,0,0,0
3588,1,0.707867178,0,0,0,0
3590,1,0.70454261,0,0,0,0
3591,2,0.707045719,0,0,0,0
3709,2,0.707803724,0,0,0,0
3710,1,0.705292137,0,0,0,0
3711,1,0.706928367,0,0,0,0
3712,2,0.706578909,0,0,0,0
3713,1,0.706727498,0,0,0,0
3714,1,0.706955286,0,0,0,0
3763,1,0.707735976,0,0,0,0
3764,2,0.706885628,0,0,0,0
3765,2,0.704519527,0,0,0,0
3400,1,0.704512463,0,0,0,0
3401,1,0.706819844,0,0,0,0
3403,1,0.707328529,0,0,0,0
3404,2,0.70774352,0,0,0,0
3405,1,0.707738784,0,0,0,0
3610,2,0.70770348,0,0,0,0
3611,1,0.707329625,0,0,0,0
3612,1,0.706960393,0,0,0,0
3614,1,0.707280744,0,0,0,0
3615,1,0.706885638,0,0,0,0
3556,1,0.70704455,0,0,0,0
3557,1,0.707936667,0,0,0,0
3558,2,0.707359034,0,0,0,0
3560,1,0.707302892,0,0,0,0
3561,2,0.706886098,0,0,0,0
3865,2,0.70773089,0,0,0,0
3923,1,0.706925889,0,0,0,0
3924,1,0.707000525,0,0,0,0
3700,2,0.70776398,0,0,0,0
3701,2,0.706937395,0,0,0,0
3702,2,0.707444376,0,0,0,0
3658,1,0.704827765,0,0,0,0
3659,1,0.705128992,0,0,0,0
3660,1,0.706938776,0,0,0,0
3406,1,0.706685454,0,0,0,0
3407,1,0.706726451,0,0,0,0
3408,2,0.706751034,0,0,0,0
3412,1,0.704528974,0,0,0,0
3414,1,0.707387715,0,0,0,0
3464,1,0.706912316,0,0,0,0
3465,2,0.707862453,0,0,0,0
3467,1,0.707820056,0,0,0,0
3692,2,0.70689373,0,0,0,0
3693,1,0.707147352,0,0,0,0
5498,2,0.707161988,0,0,0,0
5499,2,0.70809337,0,0,0,0
5500,1,0.706812798,0,0,0,0
5505,1,0.707694215,0,0,0,0
5507,1,0.706832945,0,0,0,0
5508,1,0.708329453,0,0,0,0
5509,1,0.708336363,0,0,0,0
5510,1,0.70683814,0,0,0,0
5511,2,0.706812929,0,0,0,0
5512,1,0.705356898,0,0,0,0
5525,1,0.706826273,0,0,0,0
5527,2,0.707849425,0,0,0,0
5586,2,0.705399357,0,0,0,0
5633,1,0.706803937,0,0,0,0
5635,1,0.707652193,0,0,0,0
5636,2,0.707631433,0,0,0,0
5637,2,0.707400743,0,0,0,0
5638,2,0.708283642,0,0,0,0
5639,1,0.707692413,0,0,0,0
5641,2,0.705720961,0,0,0,0
5642,2,0.707420338,0,0,0,0
5644,2,0.707862492,0,0,0,0
5852,1,0.707691075,0,0,0,0
5853,1,0.707560562,0,0,0,0
5528,1,0.707582345,0,0,0,0
5529,2,0.705403425,0,0,0,0
5530,1,0.707656693,0,0,0,0
5531,1,0.706839658,0,0,0,0
5532,1,0.708118993,0,0,0,0
5534,1,0.70756025,0,0,0,0
5536,1,0.706854994,0,0,0,0
5555,1,0.707756879,0,0,0,0
5556,1,0.707623526,0,0,0,0
5557,1,0.708034031,0,0,0,0
5558,2,0.705472584,0,0,0,0
5559,1,0.706833892,0,0,0,0
5561,2,0.707680203,0,0,0,0
5562,2,0.706802232,0,0,0,0
5563,1,0.70804227,0,0,0,0
5564,1,0.708276528,0,0,0,0
5565,2,0.708038325,0,0,0,0
5566,2,0.707558119,0,0,0,0
5570,2,0.706748224,0,0,0,0
5572,1,0.705518908,0,0,0,0
5573,2,0.708281791,0,0,0,0
5574,1,0.707711685,0,0,0,0
5575,1,0.706804018,0,0,0,0
5576,1,0.707628583,0,0,0,0
5577,2,0.707696601,0,0,0,0
5578,1,0.70490179,0,0,0,0
5580,1,0.707655307,0,0,0,0
5581,1,0.704883641,0,0,0,0
5582,1,0.707667427,0,0,0,0
5600,2,0.70755238,0,0,0,0
5601,1,0.70825033,0,0,0,0
5602,1,0.707247615,0,0,0,0
5603,1,0.70683343,0,0,0,0
5604,1,0.704938211,0,0,0,0
5605,1,0.705547261,0,0,0,0
5609,2,0.706814561,0,0,0,0
5610,1,0.706331911,0,0,0,0
5615,1,0.706853132,0,0,0,0
5616,1,0.70681707,0,0,0,0
5617,1,0.708188629,0,0,0,0
5819,1,0.706828691,0,0,0,0
5820,2,0.707870419,0,0,0,0
5821,2,0.707292495,0,0,0,0
7857,2,0.707158931,0,0,0,0
7858,1,0.707057202,0,0,0,0
7859,2,0.707438462,0,0,0,0
8290,2,0.707151481,0,0,0,0
8291,1,0.709246515,0,0,0,0
8160,2,0.707646394,0,0,0,0
8033,1,0.707142995,0,0,0,0
8175,1,0.707662998,0,0,0,0
8176,1,0.70705823,0,0,0,0
8177,1,0.707228461,0,0,0,0
8187,1,0.707250304,0,0,0,0
8189,2,0.707312346,0,0,0,0
8637,2,0.707271851,0,0,0,0
8638,1,0.709350417,0,0,0,0
8639,1,0.707631669,0,0,0,0
8424,1,0.707579639,0,0,0,0
8425,1,0.705559631,0,0,0,0
8426,2,0.707342673,0,0,0,0
7860,2,0.708874465,0,0,0,0
7861,1,0.707168147,0,0,0,0
7862,2,0.706173307,0,0,0,0
7863,1,0.707398438,0,0,0,0
7865,2,0.708202009,0,0,0,0
7866,2,0.709032962,0,0,0,0
7867,1,0.70890622,0,0,0,0
7868,2,0.707298062,0,0,0,0
7878,2,0.707156574,0,0,0,0
7879,1,0.705577427,0,0,0,0
7880,1,0.708913493,0,0,0,0
7881,1,0.708953516,0,0,0,0
7882,1,0.705895843,0,0,0,0
7883,1,0.708140995,0,0,0,0
7887,1,0.707146838,0,0,0,0
7888,2,0.705542425,0,0,0,0
7889,1,0.707403539,0,0,0,0
7930,1,0.707127951,0,0,0,0
7931,1,0.705811738,0,0,0,0
8043,2,0.70886995,0,0,0,0
8044,2,0.707161363,0,0,0,0
8045,1,0.70719163,0,0,0,0
8097,2,0.706114985,0,0,0,0
8098,1,0.705114949,0,0,0,0
8149,1,0.707306518,0,0,0,0
8150,1,0.707214913,0,0,0,0
8196,1,0.707180824,0,0,0,0
8197,1,0.707165617,0,0,0,0
8198,1,0.708264591,0,0,0,0
7896,2,0.707454156,0,0,0,0
7898,1,0.707059714,0,0,0,0
7899,1,0.707179172,0,0,0,0
7901,2,0.707413139,0,0,0,0
7903,1,0.707668027,0,0,0,0
7904,2,0.707670977,0,0,0,0
7905,1,0.707943247,0,0,0,0
7906,1,0.70715486,0,0,0,0
7907,1,0.70766314,0,0,0,0
8397,1,0.708861791,0,0,0,0
8399,1,0.705633738,0,0,0,0
8382,2,0.709181255,0,0,0,0
8383,1,0.708856793,0,0,0,0
8384,2,0.707147548,0,0,0,0
8385,2,0.707340183,0,0,0,0
8386,2,0.708866436,0,0,0,0
8178,2,0.706251096,0,0,0,0
8179,2,0.707159015,0,0,0,0
8180,1,0.707201272,0,0,0,0
7913,1,0.708194123,0,0,0,0
8507,1,0.707511838,0,0,0,0
8616,1,0.708304667,0,0,0,0
8618,2,0.706919361,0,0,0,0
8655,1,0.707222599,0,0,0,0
8656,1,0.707190427,0,0,0,0
8660,1,0.707417281,0,0,0,0
8661,2,0.707291956,0,0,0,0
8663,1,0.706552805,0,0,0,0
8466,2,0.70848144,0,0,0,0
8467,1,0.707170536,0,0,0,0
8470,2,0.70690287,0,0,0,0
8478,1,0.704942192,0,0,0,0
8479,1,0.707213008,0,0,0,0
8481,2,0.706096135,0,0,0,0
8482,1,0.708832236,0,0,0,0
8483,2,0.707176179,0,0,0,0
8486,1,0.709054668,0,0,0,0
8489,1,0.708135119,0,0,0,0
8490,2,0.709207599,0,0,0,0
8491,2,0.707303979,0,0,0,0
8492,1,0.707171906,0,0,0,0
8493,2,0.707437346,0,0,0,0
8496,1,0.70743376,0,0,0,0
8498,1,0.70755979,0,0,0,0
8604,2,0.707192898,0,0,0,0
8605,1,0.707407551,0,0,0,0
8606,1,0.707489944,0,0,0,0
8517,2,0.707563149,0,0,0,0
8519,1,0.70725035,0,0,0,0
8773,1,0.709084774,0,0,0,0
8700,2,0.707685147,0,0,0,0
8808,2,0.707562139,0,0,0,0
8809,1,0.707312779,0,0,0,0
8810,1,0.707473533,0,0,0,0
7260,1,0.707420549,0,0,0,0
7261,1,0.708961624,0,0,0,0
7328,1,0.70717246,0,0,0,0
7329,2,0.707059647,0,0,0,0
7330,2,0.707809859,0,0,0,0
7298,1,0.707012751,0,0,0,0
7299,2,0.707600064,0,0,0,0
7300,1,0.708851753,0,0,0,0
15728,1,0.709160836,0,0,0,0
15729,1,0.709157416,0,0,0,0
15730,2,0.710438236,0,0,0,0
15732,1,0.70802833,0,0,0,0
2423,1,0.707933556,0,0,0,0
2425,2,0.706711227,0,0,0,0
2427,1,0.7079949,0,0,0,0
2429,2,0.707413418,0,0,0,0
2707,1,0.707893684,0,0,0,0
2708,1,0.707730923,0,0,0,0
2710,2,0.707711518,0,0,0,0
2711,1,0.707516803,0,0,0,0
2712,1,0.706907461,0,0,0,0
2713,1,0.705095983,0,0,0,0
2714,1,0.707584678,0,0,0,0
3105,1,0.705807305,0,0,0,0
3106,1,0.707022753,0,0,0,0
3110,1,0.706704612,0,0,0,0
3112,2,0.707346501,0,0,0,0
2931,3,0.707739052,0,0,0,0
2948,3,0.707806118,0,0,0,0
3960,3,0.707734347,44.795425722327,4.0726051703972234e-4,0.6657774509595382,52.856713464517405
3961,3,0.705293748,24.674479371139718,2.2432962884796776e-4,0.3667274440319291,29.114845209662345
8714,4,0.706130224,49.36810285965832,4.488333076801978e-4,0.7337394198316416,58.252279670582155
8716,4,0.708143303,0,0,0,0
8817,5,0.706337646,41.72754412994809,3.793686726520009e-4,0.6201806884891756,49.236742548812586
8995,3,0.705895877,53.805541903017236,4.891765724218444e-4,0.7996913961202233,63.4882706283415
8996,5,0.707027036,15.527494772789138,1.4116922537351408e-4,0.23077927540406204,18.3217890843269
9480,3,0.707325774,0,0,0,0
9482,5,0.705933507,53.0775768307641,4.825582307735162e-4,0.7888719268914556,62.629302539171576
9486,3,0.706019451,53.03870365222429,4.822048127506753e-4,0.7882941695579422,62.58343382765915
9495,4,0.708976984,60.14975635503661,5.46855409407481e-4,0.8939830533172856,70.97417616535932
9496,3,0.707643833,0,0,0,0
9497,3,0.707475579,38.37446272543044,3.4888391568273057e-4,0.5703451092003976,45.28024788079887
9503,3,0.70760725,0,0,0,0
9505,6,0.707120733,18.97819582490967,1.7254149769764277e-4,0.2820657385519975,22.393470820186266
9507,3,0.707613986,0,0,0,0
9511,4,0.708376173,40.959757773684586,3.723882932184805e-4,0.6087693705942806,48.33078702365371
9512,3,0.707496541,0,0,0,0
9514,3,0.70742233,0,0,0,0
9518,5,0.707357625,33.89816351414707,3.081873512050961e-4,0.5038155689501522,39.9984035635046
9528,3,0.707329517,0,0,0,0
9529,3,0.707275115,0,0,0,0
9531,3,0.707703817,0,0,0,0
9535,3,0.706557909,24.875165258269305,2.2615417760126234e-4,0.3697101623836847,29.351646094157434
9540,4,0.708546913,43.751817917138744,3.9777248902181204e-4,0.6502667033076099,51.6253002601849
9545,5,0.708774969,59.61974213624253,5.420367507765195e-4,0.8861056526704342,70.34878173628135
9552,3,0.708428024,41.08056443111547,3.734866147764029e-4,0.6105648742008729,48.47333378537022
9556,4,0.707931673,0,0,0,0
9562,3,0.707335625,0,0,0,0
9578,5,0.70741487,36.159103824076844,3.287428366094687e-4,0.537419068683529,42.666217792196505
9582,5,0.707455782,36.57980005004155,3.325676236215419e-4,0.5436717173956379,43.16262159934544
9583,3,0.706384867,37.18646171520443,3.3808312748021533e-4,0.5526883000157178,43.87845678314723
9584,5,0.708780433,59.66847871829415,5.42479842571832e-4,0.8868300060356181,70.40628884802778
11858,3,0.70788565,0,0,0,0
11864,3,0.707575947,43.210390692617146,3.928500683093743e-4,0.642219675478105,50.986438965600456
11865,7,0.708318681,43.24074753127159,3.9312605947603346e-4,0.6426708576765692,51.02225875515648
11876,3,0.707553819,43.03564521893639,3.9126135850666544e-4,0.6396224996692387,50.78024667514608
11879,4,0.707801634,0,0,0,0
11880,4,0.705957016,53.10253080296142,4.8278510142951285e-4,0.7892428083315345,62.65874717413075
11890,7,0.708446387,41.10591720359515,3.737171111510208e-4,0.6109416828585449,48.50324898784639
12105,5,0.705843626,53.597701425564765,4.872869772467976e-4,0.7966023418015464,63.24302762895287
12189,7,0.708653538,48.214846254749546,4.383484004911023e-4,0.7165990035874061,56.8914855061382
12279,4,0.707136783,19.85749931381523,1.8053574237222842e-4,0.2951344933639779,23.431011859522037
11894,3,0.709446105,64.25171447217247,5.841486275591591e-4,0.9549489036274951,75.81431377639302
11897,7,0.708676292,0,0,0,0
11900,4,0.707776758,0,0,0,0
11902,4,0.70652993100000006,27.54779788102689,2.5045259035770084e-4,0.4094324890775009,32.50523989216456
11905,3,0.708905115,62.89313060139762,5.717969742210859e-4,0.9347567859767772,74.21124209625786
11909,5,0.709097779,67.28288207683589,6.117066843473992e-4,1,79.39096373471156
11912,3,0.707224358,0,0,0,0
11913,3,0.707558277,43.07347780814452,3.9160531594413604e-4,0.640184791117529,50.82488753512564
11914,4,0.70758035,0,0,0,0
11916,3,0.709749194,39.238234634828935,3.5673695399531625e-4,0.5831830240271151,46.29946231123611
11918,3,0.707806531,0,0,0,0
11922,3,0.709735864,40.178599511360844,3.6528634223411354e-4,0.597159311122814,47.40905321319666
11924,3,0.708896372,62.844399414311745,5.713539314744542e-4,0.9340325127949265,74.15374135034352
11925,3,0.707773699,0,0,0,0
11926,7,0.708467396,41.927676331791865,3.8118818753962405e-4,0.6231551776261781,49.472890108017644
11928,3,0.707796261,44.84874496445732,4.077452723862339e-4,0.6665699146662717,52.919627921919755
11936,5,0.709129998,65.02962231385594,5.912210271335505e-4,0.96651065332774,76.73221222755498
11937,4,0.709416925,62.06614446603443,5.642783761579621e-4,0.9224656041808074,73.23543332803726
11951,4,0.706067916,51.30248842711655,4.664198994728629e-4,0.7624894600758927,60.53477307298499
11952,3,0.70777976,0,0,0,0
11955,3,0.709623578,53.50591747743032,4.864525175319846e-4,0.7952381917339315,63.134726440406155
11959,7,0.708652015,0,0,0,0
11974,4,0.707780914,0,0,0,0
11975,3,0.708870828,61.08753686763372,5.553813017340209e-4,0.9079209299903773,72.08071762685164
11977,3,0.705842582,53.592021825468294,4.8723534079431235e-4,0.7965179280558632,63.23632594033062
11990,4,0.707787736,0,0,0,0
11994,5,0.705837373,53.56232373481327,4.869653386777965e-4,0.7960765365794827,63.20128344563649
11997,3,0.70778163,0,0,0,0
11998,3,0.706594392,23.773242734579537,2.1613597753955527e-4,0.3533327051512286,28.05142398094872
12000,3,0.707743731,0,0,0,0
12008,3,0.707583292,42.461140513082064,3.860382117282798e-4,0.6310838537592991,50.102355347366526
12009,5,0.706378273,37.2606712103668,3.3875780791648184e-4,0.5537912476432826,43.96602085824851
12010,3,0.709612556,55.25345494442231,5.023403677059079e-4,0.8212111794099993,65.19674696307897
12022,4,0.706528534,27.56178791227015,2.5057978163372195e-4,0.40964041761461806,32.52174753911424
12023,4,0.706241576,47.637537655021276,4.3309976192978537e-4,0.7080186844644978,56.210285701819124
12029,6,0.7084359,41.094043852933694,3.736091638137335e-4,0.6107652137434453,48.48923893472922
12030,3,0.70606003,51.33311773044004,4.666983677697246e-4,0.7629446918135657,60.570914359361474
12031,7,0.708246818,45.657160311683405,4.15095032925066e-4,0.6785850858698906,53.87352394321261
7138,3,0.706014302,53.05336858618581,4.823381399485134e-4,0.7885121289186124,62.60073783135776
6745,3,0.706865459,0,0,0,0
6747,3,0.707806971,44.04458777224451,4.00434225139761e-4,0.6546180308082873,51.970756343989024
6749,5,0.707803914,44.046066423607975,4.0044766839449287e-4,0.6546400074436189,51.972501090247654
6751,3,0.70782791,44.01653411152714,4.001791734646317e-4,0.6542010798714155,51.93765420728069
6762,3,0.708192384,0,0,0,0
6763,3,0.705019675,18.38778278062185,1.6717371922905224e-4,0.2732906530315292,21.696808323861774
6778,3,0.706006132,53.87476862785731,4.898059516786929e-4,0.8007202867191874,63.56995524457084
6780,3,0.708331732,0,0,0,0
6794,3,0.705603006,0,0,0,0
6798,5,0.706960988,15.407751122687733,1.4008056821564237e-4,0.22899957087290565,18.18049662643536
6839,3,0.705011115,16.77285085756911,1.5249146095466326e-4,0.24928853134464135,19.791256751461926
6840,4,0.70652219,27.624316370814736,2.5114826316829686e-4,0.41056975441789556,32.59552848356058
6841,3,0.705389083,30.10455562963807,2.7369751918367505e-4,0.4474326113922883,35.52210622477245
7095,3,0.706037843,52.19286319843889,4.7451479942929147e-4,0.7757227631663511,61.585377758730026
7096,4,0.707862374,45.535515572523806,4.139890918927742e-4,0.6767771261718997,53.72998828039559
7161,5,0.707966691,48.39180759207892,4.399572559618268e-4,0.7192291129386567,57.10029242226165
7162,4,0.707823107,44.025732474947475,4.0026280098199706e-4,0.6543377916640202,51.94850788824947
6801,4,0.707684288,45.43803525023487,4.1310284322303994e-4,0.6753283130521285,53.61496561054546
6804,3,0.708336506,0,0,0,0
6807,3,0.70783926,44.793836332850816,4.072460670022596e-4,0.6657538284655677,52.85483805195526
6810,3,0.706169285,49.08533463943182,4.4626250207415916e-4,0.7295367428431085,57.91862509419682
6817,3,0.708194877,48.25874887918043,4.3874754404732056e-4,0.7172515116708255,56.94328875172555
6824,3,0.707806381,44.04492510443248,4.0043729201721717e-4,0.654623044448868,51.97115438174655
6825,3,0.707058455,0,0,0,0
6826,5,0.707727257,44.776095669600046,4.070847766121889e-4,0.66549015570508,52.833904817389545
6829,4,0.706827257,0,0,0,0
6830,3,0.707769645,44.054413292253535,4.00523554491911e-4,0.6547640637918001,51.98235004328716
6831,4,0.707326651,31.91630326732257,2.901691402871915e-4,0.4743599305225169,37.659892041313434
6832,5,0.707713691,44.736614342577184,4.067258295679881e-4,0.6649033596909352,52.787318516310904
8263,3,0.707146858,0,0,0,0
8264,7,0.708805355,0,0,0,0
8267,3,0.707033695,15.537862402374612,1.4126348335002334e-4,0.23093336555694277,18.33402245006613
8269,4,0.708212157,46.5931779908051,4.2360489833677975e-4,0.6924967622165249,54.9779853355373
8272,4,0.707012308,0,0,0,0
8275,4,0.707315816,0,0,0,0
8280,4,0.709035458,62.16755119803239,5.652003220361149e-4,0.9239727740413696,73.3550889957792
8284,4,0.707297298,0,0,0,0
8285,3,0.706225856,48.58492610199622,4.4171300541460316e-4,0.7220993602282535,57.328164120739686
8287,3,0.708740749,56.10308658480866,5.100648488460568e-4,0.8338389327725276,66.19927647233432
8314,5,0.70788469,45.4472340110912,4.131864743537205e-4,0.6754650307516739,53.62581976047197
8317,7,0.708837717,0,0,0,0
8322,3,0.707005442,0,0,0,0
8325,4,0.706401288,35.40370211526132,3.218750530011177e-4,0.5261918191142719,41.774875628803066
8326,4,0.706389605,36.332469336969915,3.303190004092135e-4,0.5399957346577227,42.87078178711018
8340,3,0.708119359,48.568664701762934,4.4156516384015655e-4,0.7218576731938795,57.30897635415856
8342,4,0.706395406,36.267752943808425,3.297306271252253e-4,0.5390338794106839,42.79441917207449
8343,3,0.706863175,13.76782144057199,1.2517104119412866e-4,0.20462591695833388,16.245448752421183
8353,3,0.70770573,0,0,0,0
8530,5,0.706310991,43.65604525547119,3.9690176565932464e-4,0.6488432705010576,51.51229255786111
8672,5,0.70675926,17.989044911158615,1.635485680386713e-4,0.26736436305768585,21.22631445146699
8832,3,0.707461147,0,0,0,0
12547,3,0.706618735,22.782411891405495,2.0712777469332496e-4,0.3386063615019995,26.882285366347872
12557,4,0.706161376,49.94819158726774,4.5410722195438183e-4,0.742361058942567,58.9367599085714
12561,4,0.706243128,47.62213400256648,4.3295971862487457e-4,0.7077897458105737,56.19211004144797
12582,7,0.709340586,0,0,0,0
2938,2,0.707895803,0,0,0,0
2939,1,0.706812354,0,0,0,0
2940,2,0.7078818,0,0,0,0
2947,1,0.704994297,0,0,0,0
3955,1,0.705318931,0,0,0,0
3956,1,0.707757972,0,0,0,0
3957,1,0.706979439,0,0,0,0
3958,1,0.704589144,0,0,0,0
3959,1,0.706829493,0,0,0,0
3962,1,0.707658909,0,0,0,0
8853,1,0.707961105,0,0,0,0
8854,1,0.707222502,0,0,0,0
8855,2,0.707054864,0,0,0,0
9156,1,0.708472368,0,0,0,0
9157,1,0.707865785,0,0,0,0
9158,1,0.707268312,0,0,0,0
8937,1,0.707395338,0,0,0,0
8938,1,0.708038077,0,0,0,0
8939,2,0.707199422,0,0,0,0
8712,2,0.707156607,0,0,0,0
8713,1,0.705768628,0,0,0,0
8715,1,0.707252917,0,0,0,0
8717,1,0.707273369,0,0,0,0
8994,1,0.70609104,0,0,0,0
9481,2,0.707625717,0,0,0,0
9483,1,0.707740039,0,0,0,0
9484,1,0.707300931,0,0,0,0
9485,1,0.707575887,0,0,0,0
9487,1,0.709300602,0,0,0,0
9488,1,0.707267316,0,0,0,0
9489,1,0.708518694,0,0,0,0
9490,2,0.706908204,0,0,0,0
9491,1,0.707600415,0,0,0,0
9498,2,0.708338717,0,0,0,0
9499,2,0.708863636,0,0,0,0
9500,1,0.708329953,0,0,0,0
9501,1,0.707298589,0,0,0,0
9502,1,0.706507393,0,0,0,0
9504,2,0.707328492,0,0,0,0
9506,1,0.707315666,0,0,0,0
9508,1,0.707647055,0,0,0,0
9509,1,0.708548668,0,0,0,0
9510,1,0.707200041,0,0,0,0
9513,1,0.704575839,0,0,0,0
9515,2,0.707440793,0,0,0,0
9516,1,0.706907457,0,0,0,0
9517,2,0.70712229,0,0,0,0
9519,1,0.708925627,0,0,0,0
9520,2,0.706360024,0,0,0,0
9521,2,0.707398883,0,0,0,0
9530,1,0.707268535,0,0,0,0
9532,1,0.70885321,0,0,0,0
9533,1,0.707457254,0,0,0,0
9534,2,0.708824337,0,0,0,0
9536,1,0.708774877,0,0,0,0
9537,2,0.708470767,0,0,0,0
9538,1,0.707284969,0,0,0,0
9539,1,0.708545131,0,0,0,0
9541,1,0.706889636,0,0,0,0
9542,1,0.707279586,0,0,0,0
9543,1,0.705295503,0,0,0,0
9544,1,0.707314751,0,0,0,0
9546,1,0.704664473,0,0,0,0
9547,1,0.707327872,0,0,0,0
9548,1,0.707301935,0,0,0,0
9553,1,0.706885232,0,0,0,0
9554,1,0.708075171,0,0,0,0
9555,1,0.706872487,0,0,0,0
9557,1,0.706358322,0,0,0,0
9558,2,0.707874409,0,0,0,0
9559,1,0.706906169,0,0,0,0
9560,1,0.707268016,0,0,0,0
9561,1,0.709326805,0,0,0,0
9563,1,0.707486538,0,0,0,0
9564,2,0.70733224,0,0,0,0
9565,1,0.707311945,0,0,0,0
9566,2,0.706887901,0,0,0,0
9567,2,0.707519099,0,0,0,0
9568,2,0.708320045,0,0,0,0
9569,1,0.707403712,0,0,0,0
9570,2,0.707300214,0,0,0,0
9571,2,0.708532904,0,0,0,0
9572,1,0.706191137,0,0,0,0
9576,2,0.706275117,0,0,0,0
9577,1,0.706797168,0,0,0,0
9585,1,0.707101869,0,0,0,0
9586,2,0.706349445,0,0,0,0
9587,1,0.707312783,0,0,0,0
11857,2,0.709342793,0,0,0,0
11859,1,0.707284333,0,0,0,0
11860,1,0.706808701,0,0,0,0
11861,1,0.707091367,0,0,0,0
11862,1,0.707042587,0,0,0,0
11863,1,0.706576238,0,0,0,0
11866,2,0.709376653,0,0,0,0
11867,1,0.706975105,0,0,0,0
11868,2,0.707928774,0,0,0,0
11869,2,0.708938951,0,0,0,0
11870,1,0.707884877,0,0,0,0
11871,1,0.709370019,0,0,0,0
11872,1,0.709822563,0,0,0,0
11873,2,0.708983091,0,0,0,0
11874,1,0.70943433,0,0,0,0
11875,1,0.709857563,0,0,0,0
11877,1,0.709567129,0,0,0,0
11878,1,0.70979796,0,0,0,0
11881,1,0.706608113,0,0,0,0
11882,2,0.707184759,0,0,0,0
11883,1,0.707934584,0,0,0,0
11884,1,0.709256512,0,0,0,0
11885,1,0.705559766,0,0,0,0
11889,1,0.707029706,0,0,0,0
11891,2,0.709756099,0,0,0,0
13037,1,0.704543687,0,0,0,0
13089,1,0.709620736,0,0,0,0
13090,1,0.705705802,0,0,0,0
12106,2,0.707757159,0,0,0,0
12107,1,0.709680128,0,0,0,0
12108,1,0.707409346,0,0,0,0
12109,1,0.70639061,0,0,0,0
12110,2,0.709417331,0,0,0,0
12196,1,0.707068356,0,0,0,0
12197,1,0.708018321,0,0,0,0
12280,1,0.707671844,0,0,0,0
12281,1,0.707551339,0,0,0,0
12665,1,0.709383271,0,0,0,0
12666,2,0.707349999,0,0,0,0
12667,1,0.707606952,0,0,0,0
12728,1,0.707465256,0,0,0,0
12729,2,0.707186883,0,0,0,0
12730,1,0.709833467,0,0,0,0
11892,2,0.705660033,0,0,0,0
11893,1,0.707748686,0,0,0,0
11895,2,0.706577797,0,0,0,0
11896,1,0.707838049,0,0,0,0
11898,2,0.707869006,0,0,0,0
11899,1,0.70807381,0,0,0,0
11901,1,0.709775238,0,0,0,0
11903,1,0.709274098,0,0,0,0
11904,2,0.706266617,0,0,0,0
11906,1,0.709519396,0,0,0,0
11907,2,0.708271294,0,0,0,0
11908,1,0.707794104,0,0,0,0
11910,1,0.706680277,0,0,0,0
11911,1,0.70752174,0,0,0,0
11915,2,0.707546218,0,0,0,0
11917,1,0.706608969,0,0,0,0
11919,2,0.708329367,0,0,0,0
11920,2,0.706466009,0,0,0,0
11921,1,0.706382552,0,0,0,0
11923,2,0.709245723,0,0,0,0
11927,1,0.707832635,0,0,0,0
11929,1,0.707529041,0,0,0,0
11930,1,0.709261358,0,0,0,0
11931,1,0.70914247,0,0,0,0
11935,1,0.709295408,0,0,0,0
11944,2,0.707965323,0,0,0,0
11945,1,0.707229379,0,0,0,0
11946,1,0.708039976,0,0,0,0
11947,1,0.708059669,0,0,0,0
11948,2,0.708007418,0,0,0,0
11949,2,0.707164107,0,0,0,0
11950,2,0.70788064,0,0,0,0
11953,2,0.706602837,0,0,0,0
11954,1,0.70666034,0,0,0,0
11956,1,0.709804321,0,0,0,0
11957,1,0.706976933,0,0,0,0
11958,2,0.709728735,0,0,0,0
11960,1,0.707145152,0,0,0,0
11961,1,0.707541778,0,0,0,0
11962,2,0.709164822,0,0,0,0
11963,1,0.70690854,0,0,0,0
11964,1,0.709914963,0,0,0,0
11971,1,0.706704669,0,0,0,0
11972,1,0.707974034,0,0,0,0
11973,2,0.707884418,0,0,0,0
11976,1,0.709664422,0,0,0,0
11978,1,0.707764995,0,0,0,0
11979,1,0.70755299,0,0,0,0
11980,1,0.709744351,0,0,0,0
11981,2,0.70778032,0,0,0,0
11982,1,0.706847178,0,0,0,0
11983,1,0.706673001,0,0,0,0
11984,2,0.706669588,0,0,0,0
11985,2,0.708095655,0,0,0,0
11986,1,0.705620273,0,0,0,0
11987,2,0.707895645,0,0,0,0
11988,1,0.708832042,0,0,0,0
11989,1,0.707877715,0,0,0,0
11991,1,0.707784688,0,0,0,0
11992,1,0.70948874,0,0,0,0
11993,2,0.708154611,0,0,0,0
11995,1,0.705557777,0,0,0,0
11996,1,0.709410939,0,0,0,0
11999,1,0.707015231,0,0,0,0
12001,1,0.709749353,0,0,0,0
12002,1,0.707753897,0,0,0,0
12003,1,0.707437783,0,0,0,0
12004,2,0.706503966,0,0,0,0
12005,1,0.707729144,0,0,0,0
12006,1,0.707610909,0,0,0,0
12007,1,0.706161995,0,0,0,0
12011,1,0.707826414,0,0,0,0
12012,2,0.707268919,0,0,0,0
12013,1,0.707617511,0,0,0,0
12014,2,0.707785951,0,0,0,0
12015,1,0.706434752,0,0,0,0
12016,1,0.709144307,0,0,0,0
12017,1,0.707051254,0,0,0,0
12018,1,0.70708339,0,0,0,0
12019,1,0.707772526,0,0,0,0
12020,1,0.709789882,0,0,0,0
12021,2,0.707668236,0,0,0,0
12024,1,0.707604763,0,0,0,0
12025,2,0.706653139,0,0,0,0
12026,1,0.70789524,0,0,0,0
12027,2,0.707979221,0,0,0,0
12028,1,0.709799744,0,0,0,0
12032,1,0.705880963,0,0,0,0
12033,1,0.707964524,0,0,0,0
7133,2,0.705568737,0,0,0,0
7134,1,0.70707528,0,0,0,0
7135,1,0.707917469,0,0,0,0
7136,1,0.708384146,0,0,0,0
7137,1,0.707523387,0,0,0,0
7259,1,0.707050839,0,0,0,0
6743,1,0.707277003,0,0,0,0
6744,1,0.707159904,0,0,0,0
6746,2,0.707680226,0,0,0,0
6748,2,0.708258852,0,0,0,0
6750,2,0.707108473,0,0,0,0
6758,2,0.706943748,0,0,0,0
6759,1,0.707430329,0,0,0,0
6760,1,0.706938849,0,0,0,0
6761,1,0.707020871,0,0,0,0
6773,2,0.708417463,0,0,0,0
6774,1,0.707647565,0,0,0,0
6775,1,0.707126027,0,0,0,0
6776,2,0.705342943,0,0,0,0
6777,1,0.705242876,0,0,0,0
6779,2,0.707672747,0,0,0,0
6781,1,0.706993145,0,0,0,0
6782,2,0.706539614,0,0,0,0
6783,2,0.708203868,0,0,0,0
6784,1,0.70697937,0,0,0,0
6791,2,0.707338278,0,0,0,0
6792,1,0.708337982,0,0,0,0
6793,2,0.706947626,0,0,0,0
6795,1,0.704807754,0,0,0,0
6796,1,0.705155638,0,0,0,0
6797,1,0.707798736,0,0,0,0
6799,1,0.707645008,0,0,0,0
6911,1,0.705080945,0,0,0,0
6912,1,0.708251711,0,0,0,0
6913,1,0.706934531,0,0,0,0
7094,2,0.707831757,0,0,0,0
7097,1,0.708417309,0,0,0,0
7098,1,0.707858469,0,0,0,0
7099,2,0.705620862,0,0,0,0
7160,2,0.707925564,0,0,0,0
6800,1,0.708214096,0,0,0,0
6802,1,0.707292232,0,0,0,0
6803,1,0.70833503,0,0,0,0
6805,1,0.705101606,0,0,0,0
6806,1,0.707025602,0,0,0,0
6808,1,0.706984331,0,0,0,0
6809,1,0.708262763,0,0,0,0
6811,1,0.7069349,0,0,0,0
6815,1,0.707777745,0,0,0,0
6816,1,0.705035184,0,0,0,0
6827,1,0.707984055,0,0,0,0
6828,1,0.708401564,0,0,0,0
8259,2,0.705252816,0,0,0,0
8260,1,0.70760564,0,0,0,0
8261,1,0.70811716,0,0,0,0
8262,1,0.707150468,0,0,0,0
8265,1,0.708217561,0,0,0,0
8266,1,0.708297319,0,0,0,0
8268,1,0.707145212,0,0,0,0
8270,2,0.707334724,0,0,0,0
8271,1,0.707161913,0,0,0,0
8273,1,0.7050868,0,0,0,0
8274,1,0.707207447,0,0,0,0
8276,2,0.70719957,0,0,0,0
8281,1,0.707203357,0,0,0,0
8282,2,0.707240908,0,0,0,0
8283,1,0.707232637,0,0,0,0
8286,2,0.707647329,0,0,0,0
8288,2,0.707158787,0,0,0,0
8307,1,0.707217991,0,0,0,0
8308,1,0.707221635,0,0,0,0
8309,1,0.70731449,0,0,0,0
8310,1,0.70816840700000006,0,0,0,0
8311,2,0.70687658,0,0,0,0
8312,2,0.70725719,0,0,0,0
8313,1,0.708284476,0,0,0,0
8315,1,0.708191787,0,0,0,0
8316,1,0.70763232,0,0,0,0
8318,1,0.708895157,0,0,0,0
8323,2,0.707182049,0,0,0,0
8324,2,0.707250955,0,0,0,0
8327,1,0.707284594,0,0,0,0
8328,1,0.709106814,0,0,0,0
8329,2,0.707637637,0,0,0,0
8330,2,0.709247209,0,0,0,0
8331,1,0.705872827,0,0,0,0
8332,1,0.707592154,0,0,0,0
8333,1,0.70763287,0,0,0,0
8334,1,0.707145109,0,0,0,0
8335,1,0.708336689,0,0,0,0
8336,2,0.707164981,0,0,0,0
8341,1,0.707554686,0,0,0,0
8344,2,0.707144047,0,0,0,0
8345,2,0.707171409,0,0,0,0
8346,1,0.707164588,0,0,0,0
8347,1,0.70885503,0,0,0,0
8348,1,0.707185935,0,0,0,0
8352,1,0.708872702,0,0,0,0
8354,1,0.705111451,0,0,0,0
8358,1,0.707618854,0,0,0,0
8359,1,0.708876798,0,0,0,0
8360,1,0.707048212,0,0,0,0
8406,1,0.707544054,0,0,0,0
8407,1,0.707248786,0,0,0,0
8408,1,0.709151324,0,0,0,0
8529,1,0.708329002,0,0,0,0
8531,1,0.70756484,0,0,0,0
8667,2,0.708341254,0,0,0,0
8668,1,0.704646167,0,0,0,0
8669,2,0.708254951,0,0,0,0
8670,1,0.707218659,0,0,0,0
8671,1,0.709066702,0,0,0,0
8775,1,0.708099101,0,0,0,0
8776,2,0.707283343,0,0,0,0
8777,1,0.704761451,0,0,0,0
8833,1,0.706993729,0,0,0,0
8834,1,0.708957123,0,0,0,0
8361,1,0.708190003,0,0,0,0
8362,1,0.705230183,0,0,0,0
8363,2,0.707174606,0,0,0,0
12537,1,0.706578621,0,0,0,0
12538,2,0.706779283,0,0,0,0
12539,2,0.706435775,0,0,0,0
12546,2,0.706817643,0,0,0,0
12548,1,0.706914409,0,0,0,0
12549,1,0.709367734,0,0,0,0
12550,1,0.709276245,0,0,0,0
12551,2,0.709754653,0,0,0,0
12552,1,0.706437844,0,0,0,0
12553,1,0.70653712,0,0,0,0
12554,1,0.707495818,0,0,0,0
12555,2,0.70948674,0,0,0,0
12556,2,0.709455324,0,0,0,0
12558,1,0.706818397,0,0,0,0
12559,1,0.709370842,0,0,0,0
12560,1,0.709551616,0,0,0,0
12583,1,0.706193772,0,0,0,0
12584,1,0.706714556,0,0,0,0
12585,1,0.707672973,0,0,0,0
12586,1,0.707163214,0,0,0,0
12587,1,0.709575036,0,0,0,0
12588,1,0.70733155,0,0,0,0
12592,3,0.709748361,39.246954653372086,3.568162326092197e-4,0.5833126263609331,46.309751565420186
12595,3,0.706434794,35.02123906329645,3.183978653691188e-4,0.5205074155905332,41.32358535479646
12597,4,0.706270987,46.51941631620389,4.229342892901772e-4,0.6914004703763956,54.89094966981494
12602,3,0.70629857,44.599352524087706,4.0547790484651424e-4,0.6628632892561888,52.6253553584097
12603,4,0.706631103,21.10389194333918,1.9186740176711662e-4,0.31365915507660475,24.901702605746998
12605,5,0.708845583,60.93341348555155,5.539800790140097e-4,0.9056302525204947,71.89885853491226
12611,3,0.70625182,47.53261790766697,4.321458772447717e-4,0.7064593019868789,56.08648482408994
12616,3,0.707244828,0,0,0,0
12618,3,0.709441569,64.28705997748088,5.844699735121178e-4,0.955474230489505,75.85601998224372
12620,5,0.708893141,63.62516132846714,5.784522790337534e-4,0.945636681493642,75.07500748667472
12623,3,0.706703456,20.65480686069949,1.8778451562413467e-4,0.30698457353702624,24.371801144793942
12625,3,0.709704747,45.332036949263866,4.121391527978976e-4,0.6737529004404934,53.48989208502794
12630,6,0.707297745,29.977957187016898,2.72546541235214e-4,0.4455510266754416,35.37272540075349
12632,3,0.70642218,34.366837946396956,3.124483351900357e-4,0.5107812995755834,40.551419630973975
12633,3,0.706375504,37.29109802756035,3.3903443529756605e-4,0.5542434699062767,44.00192321952991
12635,7,0.709351674,0,0,0,0
15714,4,0.708188264,47.48413576089138,4.317050986642663e-4,0.7057387301968622,56.029277935240465
15715,3,0.707856923,45.551609005137585,4.141354063787188e-4,0.677016316767145,53.748977852268396
15724,7,0.709606212,0,0,0,0
15733,7,0.709640719,0,0,0,0
15737,7,0.709594657,0,0,0,0
15739,6,0.708978508,60.16231018856961,5.469695433989106e-4,0.8941696361916438,70.98898915957102
15741,3,0.710693696,8.27408608339768,7.522439003579278e-5,0.12297460851853548,9.763072685185401
15742,7,0.709656161,0,0,0,0
15743,3,0.710560633,9.276012464459718,8.433346868405495e-5,0.13786586094612702,10.945303566628755
15744,4,0.708198869,48.24365810609059,4.3861034530544025e-4,0.7170272232244328,56.925482275811866
15751,3,0.710296862,14.659928622100313,1.332816914702569e-4,0.2178849682057158,17.298097609158763
15753,3,0.710168065,19.350031369020357,1.7592206465300462e-4,0.2875921894505493,22.832221083054858
15756,7,0.709595777,0,0,0,0
15758,7,0.709679405,0,0,0,0
15769,4,0.710594907,9.231505936492573,8.392883469968569e-5,0.13720437727311313,10.892787740333407
15771,4,0.71059174,9.236301328937186,8.397243232098095e-5,0.1372756493752674,10.898446101210833
15772,4,0.710611843,9.203522882268645,8.367442494806887e-5,0.1367884757338186,10.859768916310065
15773,3,0.71016438,19.370034181675006,1.761039215210357e-4,0.28788948368107603,22.855823558529142
15775,4,0.710583038,9.24876436595878,8.408574083004082e-5,0.13746088277545618,10.913151959367678
15777,4,0.710785565,8.079438461408044,7.34547385614785e-5,0.12008163461519775,9.533396698940049
15794,7,0.709422325,0,0,0,0
15799,4,0.710323152,12.951230210622738,1.1774694908747686e-4,0.19248923070555535,15.28190553426727
15810,5,0.708281437,43.20597790592864,3.9280994917311504e-4,0.6421540899004321,50.98123206338191
15819,3,0.710564669,9.271621046058808,8.429354381896764e-5,0.13780059295722166,10.940121878088535
15821,4,0.710334797,12.101592581834648,1.1002241350338538e-4,0.1798613883396796,14.279368958950375
2373,7,0.708836322,0,0,0,0
2437,3,0.707760902,44.04595046651693,4.004466141630821e-4,0.6546382840172812,51.97236426576977
2494,3,0.707243892,0,0,0,0
2574,3,0.706406233,0,0,0,0
2390,3,0.707016308,0,0,0,0
2774,4,0.707887423,0,0,0,0
2775,7,0.708948045,0,0,0,0
2778,4,0.70804501500000006,0,0,0,0
2844,5,0.704936171,15.856989579492879,1.4416484876979282e-4,0.2356764319546311,18.71057906243633
2395,4,0.707725216,0,0,0,0
2396,3,0.706775562,0,0,0,0
2403,3,0.707504877,0,0,0,0
2406,4,0.707783554,0,0,0,0
2416,3,0.704410687,7.978679283940141,7.253867996731667e-5,0.11858408911242278,9.41450511823816
2419,3,0.704427598,8.859380393065399,8.054563119673736e-5,0.13167361622452706,10.453695290499754
2583,3,0.707689486,45.45752491361521,4.132800347611762e-4,0.6756179805392923,53.63796259151402
2802,4,0.707894541,0,0,0,0
2971,3,0.708083821,0,0,0,0
2973,3,0.707874353,0,0,0,0
3035,3,0.706548564,0,0,0,0
2469,4,0.70685043,0,0,0,0
2485,4,0.707788566,0,0,0,0
2487,3,0.706383118,0,0,0,0
2941,6,0.707030019,0,0,0,0
2779,4,0.706923389,16.154676814354584,1.468712915645864e-4,0.24010084460868106,19.061837447001412
2781,5,0.704934928,15.855576002262548,1.4415199714076112e-4,0.2356554224915002,18.70891110091082
2861,5,0.706773857,0,0,0,0
2865,3,0.707843239,44.78455603423319,4.0716169456573616e-4,0.66561589890115,52.84388769090863
2490,3,0.707241441,0,0,0,0
2497,3,0.70699473,0,0,0,0
2501,3,0.708023096,0,0,0,0
2505,4,0.707761195,0,0,0,0
2508,3,0.705137727,21.871207638958268,1.9884350215887533e-4,0.32506347772055494,25.807102771191794
2510,3,0.706419853,0,0,0,0
2514,5,0.70609662,49.55502063657171,4.50532682766876e-4,0.7365175079744761,58.472834765581766
2538,4,0.707808031,0,0,0,0
2541,3,0.707502337,0,0,0,0
2553,4,0.706859487,0,0,0,0
2558,3,0.708043323,0,0,0,0
2746,7,0.708944073,0,0,0,0
3057,4,0.706938034,16.17476722971507,1.4705394487829688e-4,0.24039944084505427,19.085543289974638
3117,3,0.707331496,31.974653999899218,2.906996397552871e-4,0.47522717536660686,37.72874344527969
2799,5,0.706701292,0,0,0,0
2579,3,0.707522905,0,0,0,0
2587,7,0.708892197,0,0,0,0
2980,6,0.707019532,0,0,0,0
2981,3,0.707978647,0,0,0,0
3102,6,0.706977605,0,0,0,0
2605,4,0.707843406,0,0,0,0
2606,3,0.707522475,0,0,0,0
2615,3,0.707518011,0,0,0,0
2626,6,0.707329074,0,0,0,0
2627,3,0.707034267,0,0,0,0
2632,5,0.704934526,15.855110798792943,1.4414776771325808e-4,0.23564850834847828,18.708362180432914
2638,3,0.706505931,0,0,0,0
2640,3,0.706468651,0,0,0,0
2649,7,0.70891831,0,0,0,0
2659,3,0.707037561,0,0,0,0
2660,4,0.706528202,0,0,0,0
2663,4,0.706914369,16.150496094605483,1.468332822799516e-4,0.24003870815405762,19.056904373985798
2671,5,0.706194093,48.87018498014728,4.4430645499863225e-4,0.7263390549224449,57.66475756845249
2673,3,0.70737348,34.88484004237709,3.171577848276888e-4,0.5184801685893777,41.16264026164642
2677,3,0.708065794,0,0,0,0
2688,3,0.706776967,0,0,0,0
2691,3,0.70671053,0,0,0,0
2692,5,0.706121773,49.4187875789329,4.4929411109137046e-4,0.7344927276227183,58.31208550210461
2694,3,0.707524448,40.3970060532946,3.672719994693893e-4,0.6004054048570915,47.66676372313416
2701,3,0.706790125,0,0,0,0
2719,4,0.707852224,0,0,0,0
2751,3,0.706737613,0,0,0,0
2761,3,0.704782768,12.481482468571706,1.1347620703689751e-4,0.1855075478829529,14.72762300649078
2763,4,0.707880102,0,0,0,0
2764,3,0.706753435,0,0,0,0
2766,4,0.706559916,0,0,0,0
2783,4,0.707903944,0,0,0,0
2784,3,0.707805053,44.045593474046726,4.004433685428955e-4,0.65463297817337,51.971943029708235
12589,2,0.707150641,0,0,0,0
12590,1,0.707948055,0,0,0,0
12591,2,0.706733913,0,0,0,0
12593,2,0.709481797,0,0,0,0
12594,2,0.709738313,0,0,0,0
12596,1,0.709515761,0,0,0,0
12598,1,0.706492671,0,0,0,0
12599,2,0.709446434,0,0,0,0
12600,2,0.70753479,0,0,0,0
12601,1,0.709744509,0,0,0,0
12604,1,0.706104282,0,0,0,0
12606,2,0.708234503,0,0,0,0
12607,1,0.70759977,0,0,0,0
12608,2,0.707361227,0,0,0,0
12609,1,0.709657319,0,0,0,0
12610,1,0.706399808,0,0,0,0
12612,1,0.709295198,0,0,0,0
12613,2,0.706456264,0,0,0,0
12614,1,0.707584169,0,0,0,0
12615,2,0.706749569,0,0,0,0
12617,1,0.70564947,0,0,0,0
12619,1,0.709702287,0,0,0,0
12621,2,0.709382312,0,0,0,0
12622,1,0.707201849,0,0,0,0
12624,2,0.707604272,0,0,0,0
12626,1,0.707145247,0,0,0,0
12627,2,0.709413667,0,0,0,0
12628,2,0.706717096,0,0,0,0
12629,1,0.706802485,0,0,0,0
12631,1,0.70936405,0,0,0,0
12634,1,0.706181364,0,0,0,0
12639,2,0.709116974,0,0,0,0
12640,1,0.709092461,0,0,0,0
12641,1,0.709721422,0,0,0,0
12642,2,0.707547019,0,0,0,0
12643,1,0.709251166,0,0,0,0
12644,1,0.707414902,0,0,0,0
12645,1,0.706762341,0,0,0,0
12646,2,0.706996892,0,0,0,0
12647,2,0.709100672,0,0,0,0
15705,1,0.709153018,0,0,0,0
15716,1,0.711049451,0,0,0,0
15720,1,0.710533157,0,0,0,0
15721,2,0.707944414,0,0,0,0
15722,2,0.71056344,0,0,0,0
15723,1,0.710897276,0,0,0,0
15734,1,0.709144582,0,0,0,0
15735,2,0.710992858,0,0,0,0
15736,1,0.708075253,0,0,0,0
15738,1,0.709310895,0,0,0,0
15740,2,0.710363244,0,0,0,0
15752,1,0.709985161,0,0,0,0
15754,1,0.710679312,0,0,0,0
15755,2,0.710376842,0,0,0,0
15757,1,0.709856522,0,0,0,0
15759,1,0.709946662,0,0,0,0
15760,1,0.710325908,0,0,0,0
15761,1,0.711167369,0,0,0,0
15762,2,0.708175568,0,0,0,0
15763,1,0.710354823,0,0,0,0
15764,1,0.708149684,0,0,0,0
15765,1,0.709154704,0,0,0,0
15770,1,0.7091607,0,0,0,0
15774,1,0.710441383,0,0,0,0
15776,1,0.708122632,0,0,0,0
15778,2,0.710242668,0,0,0,0
15779,1,0.710998866,0,0,0,0
15780,1,0.71167423,0,0,0,0
15781,1,0.709127877,0,0,0,0
15782,1,0.71008627,0,0,0,0
15783,1,0.710541719,0,0,0,0
15787,2,0.71128939,0,0,0,0
15788,1,0.710780728,0,0,0,0
15789,2,0.711446458,0,0,0,0
15790,1,0.711363634,0,0,0,0
15791,1,0.71012242,0,0,0,0
15792,1,0.710633319,0,0,0,0
15793,1,0.709205449,0,0,0,0
15795,2,0.711348266,0,0,0,0
15796,1,0.711361188,0,0,0,0
15797,1,0.710701793,0,0,0,0
15798,1,0.711370488,0,0,0,0
15800,2,0.707983223,0,0,0,0
15801,1,0.709216814,0,0,0,0
15805,2,0.710452068,0,0,0,0
15809,1,0.710371307,0,0,0,0
15811,2,0.709184582,0,0,0,0
15812,2,0.710366735,0,0,0,0
15820,1,0.709906433,0,0,0,0
2371,1,0.707402911,0,0,0,0
2372,2,0.707253089,0,0,0,0
2374,2,0.706894986,0,0,0,0
2375,2,0.707223621,0,0,0,0
2376,1,0.706739684,0,0,0,0
2438,2,0.706698382,0,0,0,0
2439,1,0.707707019,0,0,0,0
2440,2,0.707426584,0,0,0,0
2441,1,0.704730848,0,0,0,0
2442,1,0.707814256,0,0,0,0
2495,1,0.708063474,0,0,0,0
2496,1,0.707947391,0,0,0,0
2566,2,0.707720708,0,0,0,0
2567,1,0.70669804,0,0,0,0
2568,2,0.706773438,0,0,0,0
2569,1,0.708081089,0,0,0,0
2570,1,0.70663924,0,0,0,0
2571,1,0.70782654,0,0,0,0
2572,1,0.707525802,0,0,0,0
2573,1,0.707722026,0,0,0,0
2389,2,0.707264764,0,0,0,0
2391,1,0.707750029,0,0,0,0
2773,1,0.707862811,0,0,0,0
2776,1,0.704512168,0,0,0,0
2777,2,0.706707496,0,0,0,0
2995,1,0.707938637,0,0,0,0
2996,1,0.706806044,0,0,0,0
2997,1,0.707523914,0,0,0,0
2839,1,0.707237283,0,0,0,0
2840,2,0.707842178,0,0,0,0
2841,2,0.704712398,0,0,0,0
2842,1,0.707730119,0,0,0,0
2843,2,0.706916583,0,0,0,0
2845,1,0.7067929,0,0,0,0
2846,1,0.707496273,0,0,0,0
2847,1,0.704517131,0,0,0,0
2392,1,0.704468661,0,0,0,0
2393,1,0.706979144,0,0,0,0
2394,2,0.706959034,0,0,0,0
2397,2,0.706415993,0,0,0,0
2401,1,0.707342252,0,0,0,0
2402,1,0.706938888,0,0,0,0
2404,1,0.704903019,0,0,0,0
2405,2,0.704422303,0,0,0,0
2417,1,0.707819453,0,0,0,0
2418,1,0.706748829,0,0,0,0
2420,1,0.706648158,0,0,0,0
2421,2,0.7068833,0,0,0,0
2430,2,0.707791316,0,0,0,0
2431,1,0.707014457,0,0,0,0
2432,1,0.706757107,0,0,0,0
2433,2,0.704439588,0,0,0,0
2434,1,0.707425013,0,0,0,0
2435,1,0.707633028,0,0,0,0
2436,1,0.707611098,0,0,0,0
2443,1,0.707038127,0,0,0,0
2444,1,0.707255842,0,0,0,0
2445,2,0.707670803,0,0,0,0
2446,1,0.707379756,0,0,0,0
2447,2,0.707687742,0,0,0,0
2448,1,0.707694879,0,0,0,0
2455,1,0.704474649,0,0,0,0
2456,1,0.708027031,0,0,0,0
2457,1,0.706716001,0,0,0,0
2581,1,0.707725297,0,0,0,0
2582,1,0.706799503,0,0,0,0
2800,1,0.707886778,0,0,0,0
2801,2,0.70746157,0,0,0,0
2869,1,0.706690719,0,0,0,0
2870,2,0.706717898,0,0,0,0
2871,1,0.707865246,0,0,0,0
2972,1,0.704462183,0,0,0,0
3034,2,0.706802073,0,0,0,0
3036,1,0.706694582,0,0,0,0
2458,2,0.706804416,0,0,0,0
2459,1,0.70733787,0,0,0,0
2460,2,0.704991908,0,0,0,0
2461,1,0.707677109,0,0,0,0
2462,2,0.704457099,0,0,0,0
2463,1,0.706847351,0,0,0,0
2464,2,0.706709705,0,0,0,0
2465,1,0.706688792,0,0,0,0
2466,1,0.704931941,0,0,0,0
2467,1,0.707519883,0,0,0,0
2468,1,0.706328533,0,0,0,0
2486,2,0.706399872,0,0,0,0
2650,1,0.707692562,0,0,0,0
2651,2,0.707789716,0,0,0,0
2652,1,0.707731686,0,0,0,0
2942,1,0.707865993,0,0,0,0
2943,1,0.707447352,0,0,0,0
3409,1,0.704544177,0,0,0,0
3410,2,0.705481105,0,0,0,0
3411,1,0.707038425,0,0,0,0
2780,1,0.706696716,0,0,0,0
2857,2,0.706734156,0,0,0,0
2858,1,0.70790557,0,0,0,0
2859,2,0.706654306,0,0,0,0
2860,1,0.70724902,0,0,0,0
2862,1,0.704476662,0,0,0,0
2863,2,0.706705533,0,0,0,0
2864,2,0.706879648,0,0,0,0
2488,2,0.706983998,0,0,0,0
2489,2,0.707299675,0,0,0,0
2491,1,0.707239499,0,0,0,0
2492,1,0.70743119,0,0,0,0
2493,1,0.706805388,0,0,0,0
2498,2,0.707541735,0,0,0,0
2499,1,0.707440458,0,0,0,0
2500,2,0.707501879,0,0,0,0
2502,2,0.707310688,0,0,0,0
2503,1,0.707695999,0,0,0,0
2504,1,0.707791599,0,0,0,0
2506,1,0.704473495,0,0,0,0
2507,1,0.70697271,0,0,0,0
2509,1,0.706767413,0,0,0,0
2511,2,0.70503098,0,0,0,0
2512,2,0.707685557,0,0,0,0
2513,1,0.707839866,0,0,0,0
2515,1,0.707653189,0,0,0,0
2516,1,0.708003929,0,0,0,0
2517,1,0.706764488,0,0,0,0
2518,1,0.707338116,0,0,0,0
2519,1,0.706667515,0,0,0,0
2520,2,0.70642072,0,0,0,0
2521,1,0.706771073,0,0,0,0
2522,2,0.706660522,0,0,0,0
2523,2,0.708072945,0,0,0,0
2524,2,0.706377601,0,0,0,0
2525,1,0.707513457,0,0,0,0
2526,1,0.707304304,0,0,0,0
2533,2,0.704869215,0,0,0,0
2534,1,0.707750994,0,0,0,0
2535,1,0.707716074,0,0,0,0
2536,1,0.704932723,0,0,0,0
2537,1,0.704472045,0,0,0,0
2539,1,0.706768009,0,0,0,0
2540,1,0.707957371,0,0,0,0
2542,1,0.708018645,0,0,0,0
2543,1,0.706751496,0,0,0,0
2544,1,0.707397788,0,0,0,0
2548,1,0.70704424,0,0,0,0
2549,1,0.707280413,0,0,0,0
2550,2,0.707954342,0,0,0,0
2551,2,0.706768464,0,0,0,0
2552,2,0.707261606,0,0,0,0
2554,1,0.707434381,0,0,0,0
2555,1,0.706729671,0,0,0,0
2556,1,0.707951697,0,0,0,0
2557,1,0.706722472,0,0,0,0
2559,2,0.704469303,0,0,0,0
2560,2,0.706993144,0,0,0,0
2561,1,0.704462214,0,0,0,0
2562,2,0.708026353,0,0,0,0
2563,1,0.704458778,0,0,0,0
2564,1,0.707688069,0,0,0,0
2565,1,0.706664675,0,0,0,0
2575,2,0.707723577,0,0,0,0
2576,2,0.707475605,0,0,0,0
2577,2,0.70779779,0,0,0,0
2608,1,0.706851866,0,0,0,0
2609,1,0.706916745,0,0,0,0
2610,2,0.707723356,0,0,0,0
2668,2,0.706850171,0,0,0,0
2669,1,0.706552793,0,0,0,0
2670,1,0.706806064,0,0,0,0
2737,1,0.707286578,0,0,0,0
2738,1,0.706730925,0,0,0,0
2739,1,0.706741155,0,0,0,0
2740,1,0.707729764,0,0,0,0
2741,2,0.70703475,0,0,0,0
2742,2,0.70527717,0,0,0,0
2743,1,0.707905914,0,0,0,0
2744,1,0.707522699,0,0,0,0
2745,2,0.70810852,0,0,0,0
2747,1,0.707493964,0,0,0,0
2748,2,0.706642144,0,0,0,0
2617,1,0.706622081,0,0,0,0
2618,1,0.706725194,0,0,0,0
2619,1,0.706779016,0,0,0,0
2620,2,0.704594299,0,0,0,0
2621,1,0.70808541,0,0,0,0
2622,1,0.708022482,0,0,0,0
3055,2,0.706871774,0,0,0,0
3056,1,0.707297985,0,0,0,0
3116,1,0.706811816,0,0,0,0
2797,1,0.707299149,0,0,0,0
2798,2,0.706976397,0,0,0,0
2578,2,0.707666132,0,0,0,0
2580,1,0.70738687,0,0,0,0
2584,1,0.70681477,0,0,0,0
2585,1,0.706795372,0,0,0,0
2586,1,0.70666761,0,0,0,0
2824,2,0.707291489,0,0,0,0
2825,1,0.706667779,0,0,0,0
2826,1,0.706681832,0,0,0,0
2917,1,0.706910008,0,0,0,0
2918,1,0.707932673,0,0,0,0
2919,1,0.706862409,0,0,0,0
2982,1,0.706576971,0,0,0,0
3100,2,0.704975143,0,0,0,0
3101,1,0.707413109,0,0,0,0
2607,1,0.707026418,0,0,0,0
2611,1,0.707498906,0,0,0,0
2612,1,0.70743908,0,0,0,0
2613,1,0.708089351,0,0,0,0
2614,1,0.707289311,0,0,0,0
2616,1,0.704791437,0,0,0,0
2628,1,0.707686513,0,0,0,0
2629,1,0.70705638,0,0,0,0
2630,1,0.704524888,0,0,0,0
2631,2,0.706778124,0,0,0,0
2633,1,0.707721914,0,0,0,0
2634,1,0.706793069,0,0,0,0
2635,1,0.706792271,0,0,0,0
2636,1,0.707468226,0,0,0,0
2637,1,0.706788648,0,0,0,0
2639,1,0.706841084,0,0,0,0
2641,1,0.706623664,0,0,0,0
2642,1,0.706670993,0,0,0,0
2643,1,0.707786652,0,0,0,0
2644,2,0.704556435,0,0,0,0
2645,1,0.704467256,0,0,0,0
2646,2,0.706629549,0,0,0,0
2647,1,0.706706526,0,0,0,0
2648,1,0.707731213,0,0,0,0
2653,2,0.704446582,0,0,0,0
2654,1,0.706842769,0,0,0,0
2655,1,0.7067435,0,0,0,0
2656,1,0.708066058,0,0,0,0
2657,1,0.707934981,0,0,0,0
2658,1,0.706484025,0,0,0,0
2661,2,0.705185033,0,0,0,0
2662,1,0.7066841,0,0,0,0
2664,1,0.706758029,0,0,0,0
2665,1,0.704452324,0,0,0,0
2666,1,0.706719653,0,0,0,0
2667,1,0.706632289,0,0,0,0
2672,1,0.7075114,0,0,0,0
2674,2,0.707047277,0,0,0,0
2675,1,0.707692488,0,0,0,0
2676,2,0.707512047,0,0,0,0
2678,1,0.706813427,0,0,0,0
2679,1,0.707398973,0,0,0,0
2680,1,0.707065525,0,0,0,0
2681,2,0.7068445,0,0,0,0
2682,1,0.707202493,0,0,0,0
2683,1,0.705003265,0,0,0,0
2684,2,0.706854728,0,0,0,0
2685,2,0.707658726,0,0,0,0
2686,2,0.706687905,0,0,0,0
2687,1,0.707009515,0,0,0,0
2689,1,0.707616748,0,0,0,0
2690,2,0.70679943,0,0,0,0
2693,1,0.704478246,0,0,0,0
2695,2,0.708064132,0,0,0,0
2696,1,0.70761332,0,0,0,0
2697,2,0.707035614,0,0,0,0
2698,1,0.706538129,0,0,0,0
2699,1,0.707450917,0,0,0,0
2700,1,0.706788022,0,0,0,0
2702,1,0.706596279,0,0,0,0
2703,1,0.707364519,0,0,0,0
2704,1,0.707539999,0,0,0,0
2705,1,0.708010734,0,0,0,0
2706,2,0.704558264,0,0,0,0
2715,2,0.707516767,0,0,0,0
2716,2,0.705257305,0,0,0,0
2717,1,0.706380249,0,0,0,0
2718,1,0.706799445,0,0,0,0
2720,1,0.706733093,0,0,0,0
2721,1,0.707039979,0,0,0,0
2722,1,0.704463709,0,0,0,0
2723,1,0.707887297,0,0,0,0
2724,1,0.705320852,0,0,0,0
2749,1,0.70754754500000006,0,0,0,0
2750,1,0.706839742,0,0,0,0
2758,2,0.707285195,0,0,0,0
2759,1,0.707239939,0,0,0,0
2760,1,0.707878364,0,0,0,0
2762,1,0.704702665,0,0,0,0
2765,1,0.70477536,0,0,0,0
2767,1,0.706629223,0,0,0,0
2768,1,0.707509305,0,0,0,0
2769,1,0.706630468,0,0,0,0
2770,1,0.708111879,0,0,0,0
2771,1,0.706978543,0,0,0,0
2772,1,0.706653358,0,0,0,0
3178,1,0.706798201,0,0,0,0
3179,2,0.70781708,0,0,0,0
3180,2,0.705319824,0,0,0,0
2782,1,0.706830867,0,0,0,0
2785,1,0.707813885,0,0,0,0
2786,1,0.708077873,0,0,0,0
2787,1,0.706086984,0,0,0,0
2792,3,0.706771607,0,0,0,0
2794,4,0.706569345,0,0,0,0
2795,3,0.707252473,0,0,0,0
2805,7,0.708951151,0,0,0,0
2807,4,0.706597075,0,0,0,0
2811,4,0.708002511,0,0,0,0
2816,3,0.706802595,0,0,0,0
2821,3,0.706806539,0,0,0,0
2833,5,0.706719288,0,0,0,0
2838,3,0.705090671,20.146139594424007,1.8315993419591793e-4,0.2994244445625481,23.771595219551404
2902,6,0.707044496,0,0,0,0
2978,6,0.707095342,0,0,0,0
2979,3,0.707738703,0,0,0,0
3104,3,0.707332532,0,0,0,0
2873,7,0.708954006,0,0,0,0
2876,6,0.707150004,0,0,0,0
2877,6,0.707191728,0,0,0,0
2965,5,0.704944005,16.66889730919845,1.515463605303481e-4,0.24774350911667037,19.668595947791758
2891,4,0.708051864,0,0,0,0
2896,5,0.706735093,0,0,0,0
2897,4,0.706631734,0,0,0,0
2898,3,0.706708703,20.620123541395206,1.8746918997816192e-4,0.3064690884948624,24.330876290505724
2999,6,0.707297552,0,0,0,0
3334,4,0.70689894,15.343243271592822,1.3949409090537228e-4,0.22804081510763918,18.104380082244646
3335,3,0.707988662,0,0,0,0
3191,4,0.706564924,24.01504174627522,2.1833430893020427e-4,0.35692647230614255,28.33673661881549
3192,4,0.706949607,16.190039395059383,1.471927927596184e-4,0.24062642525584202,19.103563801099835
3196,4,0.706741464,18.857010889279415,1.7143973699894707e-4,0.280264612739761,22.250477706145343
3197,3,0.706829779,0,0,0,0
2901,6,0.707386121,0,0,0,0
2908,4,0.707964247,0,0,0,0
2910,4,0.707998895,0,0,0,0
2911,3,0.707304862,30.06236959531364,2.73313982117696e-4,0.44680561633764343,35.47232848312729
2912,5,0.706258967,47.45490112493723,4.314393100762092e-4,0.7053042268722162,55.99478229755089
2914,6,0.707304951,0,0,0,0
2922,6,0.70725821,0,0,0,0
2924,7,0.708955618,0,0,0,0
2926,6,0.707124301,0,0,0,0
2951,3,0.706936665,16.172759820889983,1.4703569439082338e-4,0.24036960548778175,19.083174632207403
2954,7,0.708954322,0,0,0,0
2962,4,0.707691573,0,0,0,0
2970,6,0.707058395,0,0,0,0
2991,3,0.707854839,45.55719289518673,4.1418617267710393e-4,0.677099308010635,53.75556660707061
3003,7,0.708951983,0,0,0,0
3006,3,0.708121625,0,0,0,0
3012,3,0.707330167,0,0,0,0
3017,3,0.705062839,19.29408369782126,1.7541341277321334e-4,0.28676066039780745,22.766205190184266
3042,7,0.708946723,0,0,0,0
3092,3,0.706780665,0,0,0,0
3093,3,0.706578017,0,0,0,0
3221,4,0.708014262,50.67467048071337,4.607120519117327e-4,0.7531584396584524,59.793974369416134
3047,3,0.706698358,20.687743470805025,1.880839609501879e-4,0.3074740979017513,24.41066495588109
3268,3,0.707029731,0,0,0,0
3272,4,0.706842224,0,0,0,0
3274,5,0.706969626,0,0,0,0
3373,3,0.707215091,21.154532133147715,1.9232780033576186e-4,0.3144118010430886,24.96145589437719
3376,3,0.70660654,0,0,0,0
3864,5,0.707040517,0,0,0,0
3825,3,0.706725985,0,0,0,0
4979,3,0.708245181,0,0,0,0
4986,4,0.708189807,0,0,0,0
4308,6,0.70784057,0,0,0,0
4990,3,0.705543032,0,0,0,0
4313,3,0.707721421,45.55937727585899,4.1420603211559905e-4,0.6771317736334626,53.75814408415514
3064,6,0.707024003,0,0,0,0
3068,3,0.708105868,0,0,0,0
3072,7,0.70894021,0,0,0,0
3073,3,0.707314296,0,0,0,0
3074,5,0.706843292,0,0,0,0
3075,3,0.7072482,0,0,0,0
3085,5,0.706853043,0,0,0,0
3088,4,0.70695469,15.39694521880345,1.3998232563993223e-4,0.22883896681507201,18.167746115504244
3094,4,0.706163474,49.93109649038966,4.5395180077284047e-4,0.7421069809906362,58.916588415103874
3096,7,0.708932172,0,0,0,0
3118,4,0.706231292,47.73514664256292,4.339871803680059e-4,0.7094694098872014,56.325460191242016
3122,7,0.708920173,0,0,0,0
3130,4,0.706652464,20.17692026782572,1.8343977868365914e-4,0.29988192605637837,23.807915116237385
3133,4,0.706652348,20.177588350819917,1.8344585260351266e-4,0.299891855520955,23.808703425999493
3138,3,0.706848659,0,0,0,0
3140,5,0.706808598,0,0,0,0
3141,4,0.706809748,0,0,0,0
3145,4,0.706698673,0,0,0,0
3150,5,0.706315629,43.60019687504647,3.9639401648804563e-4,0.6480132171694994,51.44639382391749
3156,6,0.706969722,0,0,0,0
3160,3,0.708007074,0,0,0,0
3161,4,0.706898001,14.543707001339374,1.3222505507046704e-4,0.21615761026304897,17.160960997375636
3166,4,0.70671546,0,0,0,0
3167,3,0.704426787,8.855070052600128,8.05064434569582e-5,0.1316095532662794,10.448609270504777
3168,6,0.706965828,0,0,0,0
3169,3,0.707994127,0,0,0,0
3172,5,0.704951895,15.884482833493351,1.4441480547092438e-4,0.23608505377866462,18.74301994284939
3173,6,0.706959434,0,0,0,0
3176,4,0.706269013,46.541549333642315,4.2313551305310103e-4,0.6917294250340328,54.91706569710977
3200,3,0.706838986,0,0,0,0
3203,4,0.706513538,28.51194163264304,2.5921816578090975e-4,0.42376219258983133,33.642888864041154
3204,3,0.706827329,0,0,0,0
3205,3,0.707259497,0,0,0,0
3211,3,0.707717286,0,0,0,0
3215,3,0.707848971,0,0,0,0
3226,3,0.706747263,0,0,0,0
3231,3,0.707264002,26.390682709803187,2.3993260276280245e-4,0.39223472442315244,31.139892782173078
3254,4,0.708073336,48.80938103903367,4.4375365202608137e-4,0.7254353489687644,57.593011481857
3350,3,0.706560028,24.05645422341586,2.187108131508972e-4,0.3575419702732681,28.385601595602346
4284,6,0.70774569,0,0,0,0
3419,3,0.704443444,8.942005289919415,8.129682080305354e-5,0.1329016387809874,10.551189184745107
3477,7,0.70889474,0,0,0,0
3259,7,0.708903752,0,0,0,0
3261,5,0.706928016,0,0,0,0
3288,3,0.707795959,0,0,0,0
3291,4,0.70572094,48.774611775405965,4.434375450117205e-4,0.7249185865686639,57.55198521689116
3293,7,0.708895558,0,0,0,0
3297,3,0.706588951,23.817136189140577,2.165350377273074e-4,0.3539850769463445,28.103216406476317
3304,4,0.706886765,13.750493116571961,1.2501349961308803e-4,0.20436837263999982,16.225002060784245
3314,5,0.706426987,34.31179098325443,3.119478721559336e-4,0.5099631574056379,40.48646653563
3321,3,0.706767517,0,0,0,0
3326,3,0.70777132,0,0,0,0
3327,4,0.705709423,46.273127500224604,4.2069513855281e-4,0.6877399729604552,54.600339252215
3508,3,0.706617685,0,0,0,0
3510,7,0.708894712,0,0,0,0
3513,3,0.706925801,0,0,0,0
2788,2,0.707736153,0,0,0,0
2789,1,0.706886464,0,0,0,0
2790,1,0.70667716,0,0,0,0
2791,2,0.707799876,0,0,0,0
2793,1,0.707787258,0,0,0,0
2796,1,0.706905192,0,0,0,0
2803,2,0.704902743,0,0,0,0
2804,1,0.707937064,0,0,0,0
2806,2,0.706805883,0,0,0,0
2808,1,0.706712995,0,0,0,0
2809,2,0.706911256,0,0,0,0
2810,2,0.707471156,0,0,0,0
2812,1,0.707548771,0,0,0,0
2813,2,0.707820089,0,0,0,0
2814,2,0.707848716,0,0,0,0
2815,1,0.707748128,0,0,0,0
2817,2,0.707903285,0,0,0,0
2818,1,0.706867232,0,0,0,0
2819,1,0.707985135,0,0,0,0
2820,1,0.706812067,0,0,0,0
2822,1,0.707048254,0,0,0,0
2823,1,0.706780903,0,0,0,0
2827,2,0.707528623,0,0,0,0
2828,1,0.707238107,0,0,0,0
2829,2,0.707030374,0,0,0,0
2830,1,0.707556152,0,0,0,0
2831,1,0.707186084,0,0,0,0
2832,1,0.707483709,0,0,0,0
2834,1,0.706689956,0,0,0,0
2835,1,0.706990902,0,0,0,0
2836,1,0.704526136,0,0,0,0
2837,2,0.707251809,0,0,0,0
2848,2,0.707928871,0,0,0,0
2849,1,0.70448596,0,0,0,0
2850,1,0.70728145,0,0,0,0
2851,2,0.706766238,0,0,0,0
2852,1,0.706379878,0,0,0,0
2853,2,0.706711871,0,0,0,0
2866,1,0.704479459,0,0,0,0
2867,2,0.706648989,0,0,0,0
2868,2,0.704694193,0,0,0,0
2903,2,0.704884993,0,0,0,0
2904,1,0.704810136,0,0,0,0
2977,1,0.707945357,0,0,0,0
3103,1,0.70792322,0,0,0,0
3113,1,0.707344062,0,0,0,0
3114,2,0.706855235,0,0,0,0
3184,1,0.707709313,0,0,0,0
3185,1,0.706863296,0,0,0,0
3186,1,0.706837488,0,0,0,0
2872,1,0.70776304,0,0,0,0
2874,1,0.707679604,0,0,0,0
2875,1,0.706810046,0,0,0,0
2966,2,0.707789189,0,0,0,0
2967,1,0.706694923,0,0,0,0
2890,1,0.705237357,0,0,0,0
2892,1,0.705412713,0,0,0,0
2893,1,0.707402651,0,0,0,0
2894,1,0.707092874,0,0,0,0
2895,1,0.705889873,0,0,0,0
2992,1,0.708000194,0,0,0,0
2993,1,0.706654752,0,0,0,0
2994,1,0.706971996,0,0,0,0
2998,2,0.707393509,0,0,0,0
3000,2,0.707986109,0,0,0,0
3187,1,0.708109246,0,0,0,0
3188,1,0.707035541,0,0,0,0
3189,1,0.707745058,0,0,0,0
3331,1,0.706869477,0,0,0,0
3332,2,0.704586607,0,0,0,0
3333,2,0.706574467,0,0,0,0
3336,1,0.707404156,0,0,0,0
3124,2,0.705484806,0,0,0,0
3125,2,0.706764881,0,0,0,0
3126,1,0.706804657,0,0,0,0
3190,2,0.706876812,0,0,0,0
3193,2,0.704518288,0,0,0,0
3194,1,0.707736211,0,0,0,0
3195,1,0.707772772,0,0,0,0
3198,1,0.70748126,0,0,0,0
3307,2,0.707366293,0,0,0,0
3308,1,0.707040708,0,0,0,0
3309,1,0.706955071,0,0,0,0
3370,1,0.707285164,0,0,0,0
3371,1,0.706756876,0,0,0,0
3372,1,0.706810861,0,0,0,0
2899,1,0.706808296,0,0,0,0
2900,1,0.706855658,0,0,0,0
2905,1,0.706814582,0,0,0,0
2906,1,0.706722225,0,0,0,0
2907,2,0.707288432,0,0,0,0
2909,2,0.704778546,0,0,0,0
2913,1,0.704708473,0,0,0,0
2915,1,0.708133421,0,0,0,0
2916,2,0.707446193,0,0,0,0
2920,1,0.706587855,0,0,0,0
2921,1,0.705651302,0,0,0,0
2923,1,0.707834479,0,0,0,0
2925,1,0.706867324,0,0,0,0
2927,2,0.706979546,0,0,0,0
2928,1,0.708017845,0,0,0,0
2949,1,0.706695959,0,0,0,0
2950,2,0.706863574,0,0,0,0
2952,1,0.704479043,0,0,0,0
2953,2,0.70791177,0,0,0,0
2955,1,0.707953546,0,0,0,0
2956,2,0.708134002,0,0,0,0
2957,2,0.70669371,0,0,0,0
2958,1,0.706576989,0,0,0,0
2959,1,0.707355395,0,0,0,0
2960,1,0.706587973,0,0,0,0
2961,1,0.706842305,0,0,0,0
2963,1,0.70666708,0,0,0,0
2964,1,0.707333763,0,0,0,0
2968,2,0.707667913,0,0,0,0
2969,2,0.706828246,0,0,0,0
2974,1,0.707742429,0,0,0,0
2975,2,0.707491788,0,0,0,0
2976,2,0.707789025,0,0,0,0
2983,2,0.707537526,0,0,0,0
2984,1,0.706797385,0,0,0,0
2985,1,0.706978759,0,0,0,0
2986,1,0.707207671,0,0,0,0
2987,1,0.7044588,0,0,0,0
2988,1,0.706173916,0,0,0,0
2989,2,0.706741751,0,0,0,0
2990,1,0.706777799,0,0,0,0
3002,2,0.707898174,0,0,0,0
3004,1,0.706760964,0,0,0,0
3005,1,0.707345795,0,0,0,0
3007,1,0.70740447,0,0,0,0
3008,1,0.7079855,0,0,0,0
3009,1,0.708141006,0,0,0,0
3010,1,0.706485873,0,0,0,0
3011,2,0.706711995,0,0,0,0
3013,1,0.707486162,0,0,0,0
3014,1,0.706796652,0,0,0,0
3015,1,0.706842801,0,0,0,0
3016,1,0.707934238,0,0,0,0
3018,1,0.707044828,0,0,0,0
3019,2,0.70446851,0,0,0,0
3020,1,0.706746977,0,0,0,0
3021,2,0.707530424,0,0,0,0
3031,2,0.704917842,0,0,0,0
3032,2,0.704977465,0,0,0,0
3033,2,0.706668249,0,0,0,0
3037,1,0.706996208,0,0,0,0
3038,1,0.707126145,0,0,0,0
3039,1,0.704543004,0,0,0,0
3040,1,0.70701044,0,0,0,0
3041,2,0.704973268,0,0,0,0
3043,2,0.707228912,0,0,0,0
3044,2,0.707728651,0,0,0,0
3045,2,0.708071894,0,0,0,0
3091,2,0.704941736,0,0,0,0
3220,2,0.708115231,0,0,0,0
3222,2,0.706789702,0,0,0,0
3223,1,0.706756011,0,0,0,0
3224,1,0.706689348,0,0,0,0
3225,1,0.706874942,0,0,0,0
3280,2,0.707855056,0,0,0,0
3281,1,0.707530182,0,0,0,0
3282,1,0.708089713,0,0,0,0
3340,1,0.706710151,0,0,0,0
3341,1,0.707367952,0,0,0,0
3342,1,0.705442936,0,0,0,0
3046,1,0.704510198,0,0,0,0
3048,1,0.706813329,0,0,0,0
3049,2,0.70783111,0,0,0,0
3050,1,0.708079471,0,0,0,0
3051,2,0.704457998,0,0,0,0
3052,1,0.706798833,0,0,0,0
3053,2,0.706991588,0,0,0,0
3054,2,0.707251379,0,0,0,0
3269,1,0.704539159,0,0,0,0
3270,1,0.706788368,0,0,0,0
3271,1,0.705225478,0,0,0,0
3273,1,0.704478374,0,0,0,0
3275,1,0.707152721,0,0,0,0
3366,1,0.706630714,0,0,0,0
3367,2,0.707064232,0,0,0,0
3368,1,0.704520419,0,0,0,0
3369,1,0.707288219,0,0,0,0
3374,1,0.705328078,0,0,0,0
3375,1,0.706881375,0,0,0,0
3810,1,0.70813618,0,0,0,0
3862,1,0.707925973,0,0,0,0
3863,1,0.706289266,0,0,0,0
3634,2,0.707265123,0,0,0,0
3635,2,0.706708163,0,0,0,0
3636,2,0.70794621,0,0,0,0
3637,2,0.708097273,0,0,0,0
3820,1,0.70697842,0,0,0,0
3821,2,0.708164564,0,0,0,0
3822,1,0.706777544,0,0,0,0
3823,1,0.706654913,0,0,0,0
3824,2,0.705322712,0,0,0,0
3826,1,0.706949964,0,0,0,0
3827,1,0.707712635,0,0,0,0
3910,2,0.707547546,0,0,0,0
3911,1,0.706673725,0,0,0,0
3912,2,0.707519483,0,0,0,0
3913,1,0.704615847,0,0,0,0
3914,1,0.707346621,0,0,0,0
3915,2,0.705235396,0,0,0,0
3919,2,0.707481183,0,0,0,0
3920,2,0.70783138,0,0,0,0
4980,1,0.707924402,0,0,0,0
4981,1,0.708298415,0,0,0,0
4982,2,0.706737314,0,0,0,0
4983,1,0.706780959,0,0,0,0
4984,2,0.706720064,0,0,0,0
4985,1,0.707649931,0,0,0,0
4988,1,0.706977377,0,0,0,0
4989,2,0.706729579,0,0,0,0
4312,2,0.707325162,0,0,0,0
4314,2,0.707685091,0,0,0,0
4315,1,0.707068187,0,0,0,0
3058,1,0.706617551,0,0,0,0
3059,1,0.707864685,0,0,0,0
3060,1,0.70683953,0,0,0,0
3065,2,0.707900701,0,0,0,0
3066,1,0.707224101,0,0,0,0
3067,1,0.707278467,0,0,0,0
3069,1,0.707994225,0,0,0,0
3070,1,0.707246378,0,0,0,0
3071,1,0.705247076,0,0,0,0
3076,1,0.705543585,0,0,0,0
3077,2,0.707404668,0,0,0,0
3078,1,0.704535778,0,0,0,0
3082,2,0.707867752,0,0,0,0
3083,2,0.706494863,0,0,0,0
3084,1,0.70453642,0,0,0,0
3086,1,0.707108069,0,0,0,0
3087,1,0.705186889,0,0,0,0
3089,1,0.706793415,0,0,0,0
3090,2,0.706504855,0,0,0,0
3095,1,0.707623638,0,0,0,0
3097,1,0.708080349,0,0,0,0
3098,1,0.706840191,0,0,0,0
3099,1,0.707766866,0,0,0,0
3352,1,0.706739626,0,0,0,0
3353,1,0.707347333,0,0,0,0
3354,1,0.706702708,0,0,0,0
3562,1,0.707284547,0,0,0,0
3563,2,0.707838365,0,0,0,0
3564,1,0.707231241,0,0,0,0
3119,1,0.706993817,0,0,0,0
3120,1,0.707955378,0,0,0,0
3121,1,0.704500625,0,0,0,0
3123,1,0.70659336,0,0,0,0
3127,1,0.704457152,0,0,0,0
3128,1,0.707252336,0,0,0,0
3129,1,0.706765108,0,0,0,0
3131,1,0.707863657,0,0,0,0
3132,1,0.705815961,0,0,0,0
3134,2,0.708102075,0,0,0,0
3135,1,0.707191126,0,0,0,0
3136,2,0.706814341,0,0,0,0
3137,1,0.708117998,0,0,0,0
3139,1,0.707423178,0,0,0,0
3146,1,0.706721435,0,0,0,0
3147,1,0.707310157,0,0,0,0
3148,1,0.70785523400000006,0,0,0,0
3149,2,0.706716256,0,0,0,0
3151,2,0.707076063,0,0,0,0
3152,1,0.706984753,0,0,0,0
3153,2,0.705042422,0,0,0,0
3154,2,0.707863073,0,0,0,0
3155,2,0.706819642,0,0,0,0
3157,2,0.70672362,0,0,0,0
3158,2,0.706729439,0,0,0,0
3159,1,0.706846217,0,0,0,0
3162,1,0.70682869,0,0,0,0
3170,2,0.707693929,0,0,0,0
3171,1,0.70452251,0,0,0,0
3174,1,0.706621313,0,0,0,0
3175,1,0.706902264,0,0,0,0
3177,1,0.707809766,0,0,0,0
3181,1,0.707085898,0,0,0,0
3182,2,0.707731753,0,0,0,0
3183,1,0.706793211,0,0,0,0
3199,1,0.707355299,0,0,0,0
3201,1,0.707529951,0,0,0,0
3202,2,0.706822619,0,0,0,0
3206,1,0.706894138,0,0,0,0
3207,1,0.706820563,0,0,0,0
3208,1,0.708049789,0,0,0,0
3209,1,0.707736126,0,0,0,0
3210,2,0.706578826,0,0,0,0
3212,2,0.705324147,0,0,0,0
3213,1,0.707904981,0,0,0,0
3214,1,0.70772804,0,0,0,0
3216,1,0.706779956,0,0,0,0
3227,1,0.707304198,0,0,0,0
3228,1,0.707991149,0,0,0,0
3229,2,0.706954437,0,0,0,0
3230,1,0.704956048,0,0,0,0
3232,1,0.707771568,0,0,0,0
3233,2,0.707686859,0,0,0,0
3234,1,0.70668682,0,0,0,0
3243,1,0.706847112,0,0,0,0
3244,1,0.706607416,0,0,0,0
3245,1,0.707734272,0,0,0,0
3246,2,0.708057266,0,0,0,0
3253,2,0.706725874,0,0,0,0
3255,2,0.706550748,0,0,0,0
3349,2,0.706980321,0,0,0,0
3351,2,0.706965651,0,0,0,0
3703,1,0.708180969,0,0,0,0
3704,2,0.705237727,0,0,0,0
3705,1,0.706917924,0,0,0,0
4282,1,0.707319219,0,0,0,0
4283,1,0.704772166,0,0,0,0
3415,1,0.706740957,0,0,0,0
3416,2,0.704525149,0,0,0,0
3417,1,0.706908736,0,0,0,0
3418,1,0.704513013,0,0,0,0
3420,1,0.70687483,0,0,0,0
3475,2,0.706740241,0,0,0,0
3476,1,0.706378428,0,0,0,0
3553,1,0.707699315,0,0,0,0
3554,1,0.706956792,0,0,0,0
3555,2,0.707523561,0,0,0,0
3256,2,0.706666709,0,0,0,0
3257,1,0.707135177,0,0,0,0
3258,1,0.707490345,0,0,0,0
3260,1,0.706865306,0,0,0,0
3262,2,0.706862688,0,0,0,0
3263,1,0.706855223,0,0,0,0
3264,2,0.70505264,0,0,0,0
3265,2,0.70658288,0,0,0,0
3266,2,0.707409376,0,0,0,0
3267,2,0.706668721,0,0,0,0
3276,1,0.705129678,0,0,0,0
3286,2,0.706893397,0,0,0,0
3287,1,0.707375004,0,0,0,0
3289,2,0.707344096,0,0,0,0
3290,2,0.707722058,0,0,0,0
3292,1,0.706691595,0,0,0,0
3294,1,0.706710508,0,0,0,0
3295,2,0.706698712,0,0,0,0
3296,1,0.704525462,0,0,0,0
3298,1,0.704933623,0,0,0,0
3299,1,0.707992875,0,0,0,0
3300,2,0.706809913,0,0,0,0
3301,2,0.707627779,0,0,0,0
3302,1,0.707663761,0,0,0,0
3303,1,0.707145577,0,0,0,0
3305,2,0.708079346,0,0,0,0
3306,1,0.706668873,0,0,0,0
3310,2,0.706872865,0,0,0,0
3311,2,0.706678093,0,0,0,0
3312,2,0.706953061,0,0,0,0
3313,1,0.706966023,0,0,0,0
3315,1,0.706793235,0,0,0,0
3316,1,0.707496971,0,0,0,0
3317,1,0.704544098,0,0,0,0
3318,2,0.706309094,0,0,0,0
3319,1,0.707800317,0,0,0,0
3320,1,0.707725295,0,0,0,0
3322,2,0.707599984,0,0,0,0
3323,2,0.707204081,0,0,0,0
3324,1,0.707688645,0,0,0,0
3325,2,0.707843966,0,0,0,0
3723,2,0.706116899,0,0,0,0
3505,1,0.706746775,0,0,0,0
3506,2,0.705058141,0,0,0,0
3507,1,0.707312799,0,0,0,0
3509,1,0.707340588,0,0,0,0
3511,1,0.706893775,0,0,0,0
3512,2,0.707304658,0,0,0,0
3514,1,0.707317922,0,0,0,0
3515,1,0.706942974,0,0,0,0
3516,1,0.7045416,0,0,0,0
3517,1,0.706890975,0,0,0,0
3518,1,0.70745378,0,0,0,0
3519,1,0.708060014,0,0,0,0
3577,1,0.706694061,0,0,0,0
3578,1,0.706778799,0,0,0,0
3579,1,0.707301937,0,0,0,0
3344,3,0.706870716,0,0,0,0
3797,3,0.706766804,0,0,0,0
3798,4,0.705217527,23.64179082650355,2.1494087399526185e-4,0.351378985215066,27.896316272349054
3853,3,0.706825867,0,0,0,0
3358,3,0.707377715,34.93518589219637,3.176155073852397e-4,0.5192284398920515,41.22204624150072
3360,3,0.706600217,0,0,0,0
3362,3,0.705153867,21.099218487338476,1.9182491273890632e-4,0.31358969526964575,24.896188124731694
4169,6,0.707718307,0,0,0,0
3585,4,0.705605456,42.78659973284847,3.889971453242909e-4,0.6359210309092722,50.48638350305841
3874,4,0.705102288,21.781950059690654,1.980320110903995e-4,0.3237368761168115,25.70178259137859
3936,3,0.708186324,0,0,0,0
3432,7,0.708894341,0,0,0,0
3433,5,0.704956163,15.893454863082733,1.4449637525959248e-4,0.23621840165724,18.75360655944147
3435,3,0.706424274,34.34300621236785,3.1223166743509997e-4,0.510427097536469,40.52329918973189
3436,3,0.707180293,20.923741818296882,1.9022955522617107e-4,0.3109816519809947,24.689133054583838
3441,3,0.706910471,0,0,0,0
3445,3,0.705193483,22.79028621413321,2.0719936460889592e-4,0.3387233945791308,26.891576735130165
3446,7,0.708894748,0,0,0,0
3474,3,0.707681559,0,0,0,0
3493,7,0.708894723,0,0,0,0
3498,3,0.707692426,0,0,0,0
3525,3,0.706237965,47.67269481179817,4.334193954998592e-4,0.708541211973601,56.25176966434473
3532,7,0.708901577,0,0,0,0
3536,3,0.706625578,0,0,0,0
3541,5,0.706452698,34.81116916781619,3.164880012955393e-4,0.5173852262758666,41.07571173614286
3542,3,0.707313105,30.157379165647654,2.7417776778585336e-4,0.4482177076066458,35.584435769854764
3547,3,0.707183469,20.94323913591112,1.9040681635327104e-4,0.31127143323013873,24.712139067225635
3550,5,0.704963221,15.907313456064138,1.446223715561348e-4,0.23642437667723956,18.769959114784513
3566,3,0.706843439,0,0,0,0
3743,5,0.707060763,0,0,0,0
3744,3,0.70675822,0,0,0,0
3745,7,0.708909099,0,0,0,0
3847,3,0.707178398,20.911963149643288,1.9012246869649642e-4,0.31080659008872696,24.675234722243484
3848,3,0.706788879,0,0,0,0
3568,3,0.706113815,48.66694232988857,4.424586612675944e-4,0.7233183363684059,57.424939811276005
3571,5,0.706990712,0,0,0,0
3594,3,0.706943756,0,0,0,0
3595,3,0.706818069,0,0,0,0
3596,3,0.706630871,0,0,0,0
3598,3,0.707701387,0,0,0,0
3603,5,0.706461605,34.70053742496077,3.1548218563311897e-4,0.5157409485719319,40.94517094457998
3618,3,0.706988371,14.663925526187649,1.3331802958288603e-4,0.21794437267775926,17.302813787444446
3620,3,0.706959991,0,0,0,0
3622,3,0.707320398,31.839388588275643,2.894698654962616e-4,0.47321677677117957,37.56913596329781
3623,3,0.708014608,0,0,0,0
3628,5,0.706494045,30.316350014582593,2.756230615650174e-4,0.45058043114089324,35.77201466827735
3630,3,0.70779961,0,0,0,0
3633,3,0.707340932,33.68956975695598,3.062909075384706e-4,0.5007153189199458,39.75227172578795
3808,3,0.706775352,0,0,0,0
3642,3,0.70665803,0,0,0,0
3647,5,0.706529886,27.548249764498298,2.504566986855767e-4,0.40943920525043315,32.50577309560626
3650,3,0.708041622,0,0,0,0
3653,3,0.706705912,0,0,0,0
3655,7,0.708904292,0,0,0,0
3656,5,0.706999704,0,0,0,0
3657,3,0.707005419,0,0,0,0
3663,3,0.707833743,0,0,0,0
3664,3,0.706987706,0,0,0,0
3667,3,0.706973833,0,0,0,0
3673,3,0.707111322,18.14784255648519,1.6499228712600118e-4,0.2697245123322849,21.413688976935187
3676,3,0.7068696,0,0,0,0
3678,3,0.706710476,0,0,0,0
3679,3,0.704940902,16.66369292046944,1.5149904449281807e-4,0.24766615825760543,19.662454988544887
3685,3,0.706538391,0,0,0,0
3686,4,0.70817084,47.54526736924808,4.3226088064480037e-4,0.7066473061447072,56.10141065536606
3690,3,0.704457498,9.012694676173844,8.193949794097502e-5,0.13395226836272417,10.634599679767383
3696,3,0.708057391,0,0,0,0
3716,4,0.705297546,25.49303074737631,2.317715417516671e-4,0.3788932631967773,30.080701317781866
3805,6,0.707632754,0,0,0,0
3807,3,0.70689118,0,0,0,0
3812,3,0.707266145,26.413199148319553,2.4013731242331356e-4,0.39256937772309064,31.166461230172175
4083,3,0.707206758,21.890947765294303,1.990229707972108e-4,0.32535686774379285,25.8303952878868
4085,3,0.707290465,29.889350881299453,2.7174097126244154e-4,0.444234104703873,35.26817369626724
4086,3,0.707202936,21.06297445314641,1.9149539775235023e-4,0.3130510139130612,24.853421692686528
3729,5,0.70498026,15.93572822399631,1.448807062609181e-4,0.2368466946139136,18.80348734277952
3892,3,0.706806921,0,0,0,0
3893,4,0.70507211,19.31235360880317,1.755795148533428e-4,0.2870321991669263,22.787762914755948
3895,3,0.708192956,0,0,0,0
3971,3,0.707676021,0,0,0,0
3977,4,0.70507087,19.31005211456421,1.7555859066926353e-4,0.28699799292950123,22.785047248601035
4129,5,0.704995741,15.95533935670777,1.4505900214535308e-4,0.23713816745375216,18.826627652436795
3731,3,0.706723733,0,0,0,0
3733,3,0.705229396,24.469963682713374,2.2247026120789792e-4,0.36368780479363383,28.87352532112824
3754,5,0.707082934,0,0,0,0
3755,3,0.706914401,0,0,0,0
3758,3,0.706705075,0,0,0,0
3761,5,0.707031117,0,0,0,0
3768,3,0.705259701,22.952688967560597,2.0867585977024333e-4,0.34113712521037703,27.0832051361408
3943,3,0.704953217,15.88730950438643,1.4444050433260174e-4,0.23612706551784446,18.746355295311048
3945,3,0.708174846,0,0,0,0
3946,4,0.704808049,12.516879388670898,1.1379802043075985e-4,0.18603363890353028,14.769389879626598
3951,3,0.707217562,21.174100695252797,1.925057091867691e-4,0.3147026411721237,24.984545972514017
4087,3,0.706577974,0,0,0,0
4089,3,0.707200639,21.04699619989376,1.913501304270344e-4,0.3128135351850483,24.834568027603087
4094,5,0.70677851,17.925436923397452,1.6297027189423805e-4,0.2664189816204204,21.15125970806558
4095,3,0.707819861,0,0,0,0
3771,3,0.706707472,0,0,0,0
3772,3,0.706557628,0,0,0,0
3773,3,0.706752054,0,0,0,0
3774,3,0.704972598,15.923834591358698,1.4477257452872965e-4,0.23666992405548196,18.789453357785707
3786,3,0.704533943,9.351647541956034,8.502110989453096e-5,0.13898999646413204,11.034549768771596
3789,3,0.706738275,0,0,0,0
3898,3,0.708079529,0,0,0,0
4005,5,0.706759416,17.988566892553358,1.6354422210153167e-4,0.2673572584481551,21.225750409669388
4008,3,0.707681611,0,0,0,0
4009,4,0.704805943,12.514430431635283,1.137757555791048e-4,0.18599724098239462,14.766500213589696
4010,4,0.704807777,12.516568215011983,1.1379519137526645e-4,0.1860290140472621,14.769022707830333
4014,3,0.705378977,30.01564545239165,2.728891865431969e-4,0.4461111730932439,35.41719596469535
4363,3,0.708184436,0,0,0,0
3790,3,0.70669856,0,0,0,0
3815,3,0.706686192,0,0,0,0
3819,3,0.707199352,20.23881656258461,1.8400251286019323e-4,0.3008018672486745,23.88095013407304
3828,3,0.707072857,16.426812175629372,1.4934542784413786e-4,0.24414548944069067,19.382945698179277
3829,3,0.708195344,0,0,0,0
3830,5,0.707102231,0,0,0,0
3831,3,0.707418102,36.1927723557515,3.290489362479181e-4,0.5379194713213977,42.7059452398723
3838,3,0.707400513,36.00268321523476,3.2732072850344076e-4,0.5350942484021467,42.48164806954756
3843,3,0.706747541,0,0,0,0
3883,3,0.706924214,0,0,0,0
3884,3,0.705307053,25.539986256321146,2.3219844080536237e-4,0.3795911451467689,30.13610683836476
4495,3,0.706764117,0,0,0,0
4496,3,0.707728053,44.77844590699346,4.071061439478169e-4,0.6655250863935532,52.83667799841136
3981,3,0.708135278,0,0,0,0
3983,3,0.70692864,0,0,0,0
4238,3,0.705489869,35.08256987563059,3.189554584255281e-4,0.5214189522316672,41.39595312721559
4442,3,0.707635454,0,0,0,0
4446,4,0.706965482,0,0,0,0
3859,3,0.706821244,0,0,0,0
3860,3,0.708139457,0,0,0,0
3877,3,0.708161703,0,0,0,0
3880,4,0.706876264,0,0,0,0
3881,3,0.706737853,0,0,0,0
3887,3,0.70532322,25.61425236474194,2.3287363594473806e-4,0.38069493419575734,30.223737714723775
3888,5,0.707056955,0,0,0,0
3921,7,0.708918281,0,0,0,0
3928,3,0.707758187,44.04221182663275,4.004126240761993e-4,0.6545827180282989,51.9679528283536
3931,3,0.707208676,21.90529586501805,1.9915341747603585e-4,0.32557011811715475,25.84732544054479
3932,3,0.707626071,0,0,0,0
3343,2,0.708016256,0,0,0,0
3345,1,0.706869357,0,0,0,0
3424,1,0.706867565,0,0,0,0
3425,1,0.706934801,0,0,0,0
3426,2,0.706725148,0,0,0,0
3427,1,0.708121121,0,0,0,0
3428,1,0.706774889,0,0,0,0
3429,1,0.706937862,0,0,0,0
3724,1,0.706931935,0,0,0,0
3725,2,0.707822228,0,0,0,0
3726,1,0.706806467,0,0,0,0
3793,1,0.704559233,0,0,0,0
3794,1,0.707458339,0,0,0,0
3795,1,0.706854224,0,0,0,0
3796,1,0.70663424,0,0,0,0
3854,1,0.705364274,0,0,0,0
3855,1,0.706803996,0,0,0,0
3359,1,0.706890263,0,0,0,0
3361,1,0.708050611,0,0,0,0
3363,1,0.705364855,0,0,0,0
3364,1,0.707860869,0,0,0,0
3365,1,0.707079393,0,0,0,0
3377,2,0.707051557,0,0,0,0
3378,1,0.706863785,0,0,0,0
3916,1,0.706812133,0,0,0,0
3917,1,0.706933534,0,0,0,0
3918,1,0.707448066,0,0,0,0
4165,1,0.706852224,0,0,0,0
4166,1,0.707740276,0,0,0,0
4167,1,0.707026845,0,0,0,0
4168,1,0.707542885,0,0,0,0
4170,2,0.706089584,0,0,0,0
3580,1,0.706809448,0,0,0,0
3581,1,0.70713625,0,0,0,0
3582,2,0.707535036,0,0,0,0
3583,1,0.706724681,0,0,0,0
3584,1,0.706623978,0,0,0,0
3643,1,0.70456273,0,0,0,0
3644,1,0.706902161,0,0,0,0
3645,2,0.705092704,0,0,0,0
3875,2,0.70779135,0,0,0,0
3876,1,0.707689806,0,0,0,0
3934,1,0.704579443,0,0,0,0
3935,2,0.706658047,0,0,0,0
4123,1,0.707330382,0,0,0,0
4124,2,0.70769932,0,0,0,0
4125,1,0.707761738,0,0,0,0
3421,1,0.706718358,0,0,0,0
3422,1,0.706710527,0,0,0,0
3423,2,0.707420709,0,0,0,0
3430,2,0.707301226,0,0,0,0
3431,1,0.70810609,0,0,0,0
3434,2,0.705188224,0,0,0,0
3437,2,0.707285387,0,0,0,0
3438,2,0.70687472,0,0,0,0
3439,1,0.705308729,0,0,0,0
3440,2,0.706975456,0,0,0,0
3442,1,0.706682197,0,0,0,0
3443,1,0.707013806,0,0,0,0
3444,1,0.707857048,0,0,0,0
3447,1,0.705888479,0,0,0,0
3448,2,0.706879748,0,0,0,0
3449,1,0.706987271,0,0,0,0
3450,1,0.707310927,0,0,0,0
3451,1,0.707610565,0,0,0,0
3452,2,0.706584308,0,0,0,0
3453,1,0.706909635,0,0,0,0
3457,1,0.706766025,0,0,0,0
3458,1,0.706876886,0,0,0,0
3459,1,0.707672971,0,0,0,0
3460,2,0.706693944,0,0,0,0
3461,1,0.707678038,0,0,0,0
3462,1,0.707860471,0,0,0,0
3469,1,0.704553633,0,0,0,0
3470,1,0.706834854,0,0,0,0
3471,1,0.708021248,0,0,0,0
3472,1,0.707759346,0,0,0,0
3473,2,0.707569577,0,0,0,0
3478,1,0.704551578,0,0,0,0
3479,2,0.708128374,0,0,0,0
3480,2,0.70728031,0,0,0,0
3490,1,0.707862447,0,0,0,0
3491,1,0.707339109,0,0,0,0
3492,2,0.705746016,0,0,0,0
3494,1,0.707275469,0,0,0,0
3495,2,0.706903168,0,0,0,0
3496,1,0.707635356,0,0,0,0
3497,1,0.706881024,0,0,0,0
3499,2,0.706698129,0,0,0,0
3500,1,0.708097344,0,0,0,0
3501,1,0.707822422,0,0,0,0
3520,2,0.70782181,0,0,0,0
3521,1,0.707236945,0,0,0,0
3522,1,0.707058226,0,0,0,0
3523,1,0.708128979,0,0,0,0
3524,1,0.704502987,0,0,0,0
3529,1,0.707634304,0,0,0,0
3530,2,0.704551536,0,0,0,0
3531,1,0.707299135,0,0,0,0
3533,1,0.705888293,0,0,0,0
3534,1,0.706706505,0,0,0,0
3535,2,0.707316877,0,0,0,0
3537,2,0.706970526,0,0,0,0
3538,1,0.706876217,0,0,0,0
3539,1,0.708153728,0,0,0,0
3540,1,0.706880509,0,0,0,0
3543,1,0.707680347,0,0,0,0
3544,1,0.70769263,0,0,0,0
3545,1,0.706631847,0,0,0,0
3546,2,0.707705714,0,0,0,0
3548,1,0.706613828,0,0,0,0
3549,1,0.706256133,0,0,0,0
3551,1,0.707040261,0,0,0,0
3552,2,0.707280744,0,0,0,0
3565,2,0.707092612,0,0,0,0
3567,1,0.707317144,0,0,0,0
3742,1,0.70748917,0,0,0,0
3739,1,0.70666745,0,0,0,0
3740,1,0.705786335,0,0,0,0
3741,2,0.707788748,0,0,0,0
3748,1,0.704566376,0,0,0,0
3749,1,0.706885522,0,0,0,0
3750,2,0.70818998,0,0,0,0
3849,2,0.708200728,0,0,0,0
3569,1,0.706705019,0,0,0,0
3570,1,0.705269707,0,0,0,0
3572,1,0.705258379,0,0,0,0
3573,1,0.706724688,0,0,0,0
3574,2,0.708111115,0,0,0,0
3575,2,0.7078659,0,0,0,0
3576,1,0.706753324,0,0,0,0
3592,2,0.706790592,0,0,0,0
3593,2,0.70676966,0,0,0,0
3597,1,0.707395799,0,0,0,0
3599,1,0.706899292,0,0,0,0
3600,1,0.707618052,0,0,0,0
3601,2,0.707809105,0,0,0,0
3602,2,0.705192566,0,0,0,0
3604,2,0.706894005,0,0,0,0
3605,1,0.706872577,0,0,0,0
3606,1,0.707036716,0,0,0,0
3607,2,0.707041505,0,0,0,0
3608,1,0.707783436,0,0,0,0
3609,1,0.704525035,0,0,0,0
3616,1,0.705058395,0,0,0,0
3617,2,0.704509071,0,0,0,0
3619,1,0.70770276,0,0,0,0
3621,2,0.706896297,0,0,0,0
3624,1,0.705269578,0,0,0,0
3625,1,0.706820216,0,0,0,0
3626,1,0.706932968,0,0,0,0
3627,1,0.706891456,0,0,0,0
3629,1,0.707538577,0,0,0,0
3631,1,0.70692837100000006,0,0,0,0
3632,1,0.706117559,0,0,0,0
3809,1,0.707716684,0,0,0,0
3638,1,0.704839214,0,0,0,0
3639,1,0.707700001,0,0,0,0
3640,1,0.706639795,0,0,0,0
3641,1,0.707943041,0,0,0,0
3646,1,0.704544723,0,0,0,0
3648,1,0.707620236,0,0,0,0
3649,2,0.707732546,0,0,0,0
3651,1,0.708116256,0,0,0,0
3652,1,0.708025898,0,0,0,0
3654,2,0.705284249,0,0,0,0
3661,2,0.706900481,0,0,0,0
3662,1,0.707421205,0,0,0,0
3665,1,0.706698772,0,0,0,0
3666,1,0.70687605,0,0,0,0
3668,1,0.704564429,0,0,0,0
3669,2,0.70724156,0,0,0,0
3670,2,0.706760639,0,0,0,0
3671,1,0.706887788,0,0,0,0
3672,1,0.707117768,0,0,0,0
3674,2,0.707411959,0,0,0,0
3675,2,0.70697953,0,0,0,0
3677,1,0.707294068,0,0,0,0
3680,1,0.706926843,0,0,0,0
3681,1,0.706851578,0,0,0,0
3682,1,0.706712062,0,0,0,0
3683,2,0.704520772,0,0,0,0
3684,1,0.707758683,0,0,0,0
3687,1,0.707491431,0,0,0,0
3688,1,0.707002594,0,0,0,0
3689,1,0.707447483,0,0,0,0
3694,2,0.704520397,0,0,0,0
3695,2,0.707492883,0,0,0,0
3715,2,0.705297733,0,0,0,0
3717,1,0.704542551,0,0,0,0
3718,1,0.70618324,0,0,0,0
3719,1,0.70746113,0,0,0,0
3720,1,0.708154277,0,0,0,0
3806,2,0.704504398,0,0,0,0
3811,1,0.704723958,0,0,0,0
3813,1,0.704547009,0,0,0,0
4081,1,0.707690816,0,0,0,0
4082,1,0.707010578,0,0,0,0
4084,1,0.707251336,0,0,0,0
4096,2,0.70677989,0,0,0,0
4097,1,0.704591806,0,0,0,0
4098,2,0.707413598,0,0,0,0
4498,2,0.705091161,0,0,0,0
4499,2,0.707776886,0,0,0,0
4500,1,0.706971329,0,0,0,0
3727,1,0.707794754,0,0,0,0
3728,1,0.705300834,0,0,0,0
3844,1,0.707424465,0,0,0,0
3845,1,0.706761015,0,0,0,0
3846,1,0.7068885,0,0,0,0
3894,1,0.707663227,0,0,0,0
3896,1,0.706827478,0,0,0,0
3897,2,0.707455016,0,0,0,0
3970,2,0.705962029,0,0,0,0
3972,2,0.705991116,0,0,0,0
3973,1,0.706792258,0,0,0,0
3974,1,0.706775376,0,0,0,0
3975,1,0.704588565,0,0,0,0
3976,1,0.707678852,0,0,0,0
3978,1,0.705820013,0,0,0,0
4130,2,0.707472347,0,0,0,0
4131,1,0.705425893,0,0,0,0
3730,2,0.705423484,0,0,0,0
3732,1,0.707237357,0,0,0,0
3734,2,0.706967699,0,0,0,0
3735,1,0.704574991,0,0,0,0
3736,1,0.707373142,0,0,0,0
3737,1,0.707396159,0,0,0,0
3738,1,0.707450035,0,0,0,0
3751,1,0.706856184,0,0,0,0
3752,1,0.707681443,0,0,0,0
3753,1,0.707757948,0,0,0,0
3756,1,0.707500024,0,0,0,0
3757,1,0.706820177,0,0,0,0
3759,1,0.70665927,0,0,0,0
3760,1,0.707719642,0,0,0,0
3762,2,0.706604983,0,0,0,0
3766,2,0.707008894,0,0,0,0
3767,1,0.708173606,0,0,0,0
3944,2,0.706831074,0,0,0,0
3947,1,0.707450881,0,0,0,0
3948,1,0.706923832,0,0,0,0
3949,1,0.704580585,0,0,0,0
3950,1,0.706984243,0,0,0,0
3952,1,0.707349844,0,0,0,0
3953,1,0.70784496,0,0,0,0
3954,1,0.706675633,0,0,0,0
4088,1,0.70677245,0,0,0,0
4090,2,0.706775531,0,0,0,0
4091,1,0.706701691,0,0,0,0
4092,2,0.707654712,0,0,0,0
4093,1,0.70730091,0,0,0,0
3769,1,0.707419246,0,0,0,0
3770,1,0.708144637,0,0,0,0
3775,1,0.705664759,0,0,0,0
3776,1,0.706977116,0,0,0,0
3777,2,0.706710794,0,0,0,0
3778,2,0.707261495,0,0,0,0
3779,1,0.706715831,0,0,0,0
3780,1,0.706992063,0,0,0,0
3781,2,0.706949922,0,0,0,0
3782,1,0.707064201,0,0,0,0
3783,1,0.707793866,0,0,0,0
3784,1,0.704537743,0,0,0,0
3785,1,0.706740627,0,0,0,0
3787,1,0.707037405,0,0,0,0
3788,2,0.70452842,0,0,0,0
3899,1,0.707520902,0,0,0,0
3900,1,0.707927809,0,0,0,0
3901,1,0.708206064,0,0,0,0
3902,2,0.704535082,0,0,0,0
3903,1,0.706848081,0,0,0,0
4003,1,0.704833207,0,0,0,0
4004,1,0.704583766,0,0,0,0
4006,1,0.707656696,0,0,0,0
4007,1,0.70748574,0,0,0,0
4011,1,0.70775393,0,0,0,0
4012,2,0.707631703,0,0,0,0
4013,1,0.707866473,0,0,0,0
4364,2,0.707559194,0,0,0,0
4365,1,0.704611842,0,0,0,0
3791,1,0.707240975,0,0,0,0
3792,2,0.706957472,0,0,0,0
3799,2,0.707725654,0,0,0,0
3800,2,0.70519684,0,0,0,0
3801,1,0.704628305,0,0,0,0
3802,2,0.706954187,0,0,0,0
3803,1,0.706371738,0,0,0,0
3804,1,0.70665837,0,0,0,0
3814,1,0.707915682,0,0,0,0
3816,2,0.706859426,0,0,0,0
3817,1,0.70528531,0,0,0,0
3818,2,0.706628203,0,0,0,0
3832,1,0.707833491,0,0,0,0
3833,1,0.707734877,0,0,0,0
3834,1,0.70686962,0,0,0,0
3835,1,0.706656922,0,0,0,0
3836,1,0.7077224,0,0,0,0
3837,1,0.708104803,0,0,0,0
3839,1,0.705299382,0,0,0,0
3840,1,0.706955618,0,0,0,0
3841,1,0.706973545,0,0,0,0
3842,1,0.707430576,0,0,0,0
3851,1,0.704575753,0,0,0,0
3852,1,0.70763172,0,0,0,0
3885,1,0.707797183,0,0,0,0
4000,1,0.707718946,0,0,0,0
4001,2,0.706654647,0,0,0,0
4208,1,0.707467542,0,0,0,0
4209,1,0.707936023,0,0,0,0
4497,1,0.707088857,0,0,0,0
4501,1,0.707088468,0,0,0,0
4502,1,0.708138371,0,0,0,0
4503,1,0.707470985,0,0,0,0
3856,1,0.706483102,0,0,0,0
3857,2,0.707464573,0,0,0,0
3858,2,0.707425902,0,0,0,0
3904,2,0.707305323,0,0,0,0
3905,1,0.707809077,0,0,0,0
3906,1,0.705137469,0,0,0,0
3979,1,0.706678443,0,0,0,0
3982,1,0.707846429,0,0,0,0
3984,2,0.706988065,0,0,0,0
4237,1,0.707682678,0,0,0,0
4239,1,0.704669702,0,0,0,0
4438,1,0.707051338,0,0,0,0
4439,1,0.706851965,0,0,0,0
4440,2,0.707509704,0,0,0,0
4441,1,0.704724888,0,0,0,0
4443,2,0.707348043,0,0,0,0
4444,1,0.708148768,0,0,0,0
4445,1,0.706910249,0,0,0,0
3861,1,0.706662163,0,0,0,0
3868,2,0.704530108,0,0,0,0
3869,2,0.705259801,0,0,0,0
3870,2,0.706667699,0,0,0,0
3871,2,0.706628141,0,0,0,0
3872,2,0.707723343,0,0,0,0
3873,2,0.706813286,0,0,0,0
3878,1,0.706875218,0,0,0,0
3879,1,0.707021946,0,0,0,0
3882,1,0.707504966,0,0,0,0
3886,1,0.706925638,0,0,0,0
3889,1,0.707064938,0,0,0,0
3890,1,0.706976318,0,0,0,0
3891,1,0.707353245,0,0,0,0
3907,2,0.706592099,0,0,0,0
3908,1,0.707253065,0,0,0,0
3909,1,0.707306215,0,0,0,0
3925,1,0.707764908,0,0,0,0
3926,1,0.707035158,0,0,0,0
3927,1,0.70751356,0,0,0,0
3929,1,0.706817918,0,0,0,0
3930,1,0.706787489,0,0,0,0
3933,2,0.706831997,0,0,0,0
3937,2,0.706627286,0,0,0,0
3938,2,0.706721062,0,0,0,0
3939,1,0.706663773,0,0,0,0
3940,1,0.704774837,0,0,0,0
3941,1,0.706958424,0,0,0,0
3942,1,0.706835555,0,0,0,0
3963,2,0.707347057,0,0,0,0
3964,1,0.705373303,0,0,0,0
3966,5,0.707081767,0,0,0,0
3969,4,0.708197947,48.247242244675,4.386429307337399e-4,0.7170804929190977,56.929711408209165
3995,6,0.707698483,0,0,0,0
3998,3,0.707076046,0,0,0,0
4021,4,0.704733215,11.582602270757167,1.0530397944410883e-4,0.17214783185907578,13.666982276133108
4022,4,0.705029794,18.412692115618007,1.6740018406304072e-4,0.2736608710457889,21.726200288805803
4023,3,0.707439485,36.41518784059281,3.3107104104753744e-4,0.5412251484561451,42.9683861333957
4024,3,0.707061183,16.393481034680402,1.4904239561534411e-4,0.24365010131342665,19.34361635733305
4035,7,0.708928568,0,0,0,0
4037,6,0.707714091,0,0,0,0
4038,3,0.707223765,21.222376577141183,1.9294461249668037e-4,0.31542014732522305,25.04150947749416
4041,5,0.707033569,0,0,0,0
4042,3,0.70655224,0,0,0,0
4050,3,0.706750869,0,0,0,0
4054,3,0.707283305,29.001025805064522,2.6366470624178184e-4,0.43103126545539255,34.2199875642959
4058,3,0.704563491,0,0,0,0
4061,6,0.707714953,0,0,0,0
4066,3,0.706753874,0,0,0,0
4070,3,0.707676985,0,0,0,0
4071,3,0.707850163,0,0,0,0
4076,3,0.707189166,20.97744545989776,1.907178053653898e-4,0.3117798288715082,24.75250108715248
4079,3,0.707816252,0,0,0,0
4246,3,0.707378624,0,0,0,0
4516,6,0.707838951,0,0,0,0
4571,4,0.706924272,0,0,0,0
4332,3,0.70682666,0,0,0,0
4335,3,0.707215862,21.160658483656984,1.923834984485879e-4,0.3145028546709976,24.96868472964843
4425,3,0.705815596,52.63612734779125,4.7854476417992086e-4,0.7823108303785458,62.10841076385521
4426,3,0.70736335,0,0,0,0
4661,3,0.705728616,48.83936459842232,4.4402624950009597e-4,0.7258809832588415,57.628390817619454
4666,4,0.70499229,15.95148061245413,1.4502392012180892e-4,0.23708081639900344,18.82207449692909
4995,3,0.708284555,0,0,0,0
5153,5,0.706921304,16.153873414584954,1.4686398740349646e-4,0.24008890398210814,19.06088946915019
5222,3,0.705065078,19.298720539801305,1.7545556892268116e-4,0.28682957602444115,22.771676468199097
5049,3,0.708214181,0,0,0,0
5058,4,0.708395966,41.00849109315899,3.728313553518607e-4,0.6094936754690146,48.38829028569659
5173,6,0.705040678,19.24050514679569,1.749262999030696e-4,0.2859643426811498,22.70298475921979
5664,4,0.708157304,0,0,0,0
5665,4,0.705194596,22.792837761633955,2.0722256216841565e-4,0.3387613172635044,26.894587453589992
4604,3,0.706008909,53.867075583178654,4.897360098642574e-4,0.8006059479090595,63.560877776242506
4607,3,0.704619016,0,0,0,0
4608,7,0.708940352,0,0,0,0
4808,3,0.70694949,0,0,0,0
5188,4,0.70810416,0,0,0,0
5192,4,0.706912021,16.149107036609347,1.4682065356912718e-4,0.24001806311102053,19.05526534412274
5743,4,0.706406619,35.344697072454814,3.2133860482914847e-4,0.5253148495049867,41.70525216635586
5745,3,0.70773604,44.799506881515306,4.0729762116306417e-4,0.6658381076832447,52.86152906026945
5748,4,0.706936445,0,0,0,0
6134,3,0.708109406,0,0,0,0
7750,5,0.707897536,45.38777463270515,4.1264589556037527e-4,0.6745813085247018,53.55566020119886
7756,5,0.708136861,46.891719743174015,4.2631911003288844e-4,0.6969338752407259,55.33025201472846
4210,3,0.707450256,36.525657191188685,3.3207538031020226e-4,0.5428670125854154,43.09873530893991
4273,5,0.706805346,17.045628224946345,1.5497143407431634e-4,0.25334271807025943,20.113122542769222
4274,5,0.706998701,0,0,0,0
4275,3,0.705658662,45.801842539104086,4.164104207754026e-4,0.6807354430328828,54.044242870756406
4318,4,0.705015621,16.778904993365767,1.525465025227479e-4,0.24937851167262054,19.79840037641736
4319,3,0.707066734,0,0,0,0
4430,4,0.706883984,0,0,0,0
4225,3,0.707507692,38.66217901197809,3.5149970695451085e-4,0.5746213274251027,45.61974096679815
4231,3,0.706885407,13.751795770522099,1.250253427759267e-4,0.20438773349241768,16.226539137516422
4455,5,0.706813978,17.02690842359874,1.5480124178676082e-4,0.2530644927509839,20.09103396653654
4380,3,0.706833379,0,0,0,0
4601,4,0.707526256,40.41206417241951,3.674089013356306e-4,0.6006292079799679,47.68453166874615
4127,3,0.708097808,0,0,0,0
4128,3,0.705444416,30.64351882488624,2.785975380142305e-4,0.455443017287694,36.15806006871492
4177,6,0.707792032,0,0,0,0
4178,3,0.707710951,44.72938519802441,4.066601053316215e-4,0.6647959156527247,52.778788430569826
4236,5,0.706985244,0,0,0,0
4133,5,0.706787532,17.093735844783385,1.5540880761887935e-4,0.25405772340820115,20.169887505623876
4134,3,0.705352128,28.988100792667193,2.6354719765364366e-4,0.4308391658901188,34.20473659467579
4137,3,0.707203184,21.06468982595076,1.9151099317540852e-4,0.3130765088495355,24.85544576026357
4138,3,0.706768857,0,0,0,0
4149,4,0.70452027,0,0,0,0
4150,5,0.704643767,11.334528374022854,1.0304859952933062e-4,0.16846080346378473,13.374265538513704
4151,5,0.704644746,11.338037230080365,1.0308050052165645e-4,0.1685129542627577,13.378405840703705
4152,4,0.706925154,0,0,0,0
4155,3,0.705731794,48.86486544508303,4.4425809210073047e-4,0.7262599926869988,57.658480741385404
4157,3,0.705375254,29.984467684992314,2.7260573184963274e-4,0.4456477897416845,35.38040751383644
4158,5,0.704634651,11.301036405749576,1.027441051284915e-4,0.1679630250208959,13.334746428206397
4162,5,0.704632097,11.291388923277163,1.0265639441614776e-4,0.16781963814187675,13.323362805694153
4171,4,0.705033228,18.42050963999683,1.674712575927405e-4,0.273777059950567,21.73542463793142
4172,3,0.707459473,36.615001527060436,3.328876601319691e-4,0.5441949036197162,43.204157857887736
4181,5,0.70463831,11.314656822156111,1.0286793602726243e-4,0.16816546011264752,13.350817945234281
4184,5,0.70701561,0,0,0,0
4185,4,0.706646928,20.208357930472264,1.8372559623171226e-4,0.30034917213258894,23.845010232529006
4192,5,0.704634333,11.299841473232606,1.0273324132204605e-4,0.16794526519135108,13.33333645822307
4196,3,0.707403106,0,0,0,0
4198,3,0.707687224,45.449282655895935,4.132050997407763e-4,0.6754954789836981,53.62823707495639
4200,3,0.707202302,21.05858054227056,1.9145545022676542e-4,0.3129857088794446,24.848237063130977
4203,4,0.707509195,0,0,0,0
4259,3,0.705488049,34.263146150651124,3.115056145066786e-4,0.5092401676777639,40.429067684363794
4366,3,0.707689273,0,0,0,0
4217,6,0.707778584,0,0,0,0
4220,6,0.707735422,0,0,0,0
4223,4,0.706979144,0,0,0,0
4224,4,0.706964201,0,0,0,0
4244,3,0.706813667,0,0,0,0
4254,6,0.704915752,15.829016532289177,1.4391052999764912e-4,0.23526067914588905,18.67757204627489
4263,3,0.707673944,45.39347225725179,4.1269769588331767e-4,0.6746659901609628,53.562383157912265
4265,3,0.706585226,0,0,0,0
4289,3,0.707467913,37.49747093087151,3.4091068792716433e-4,0.5573107122261803,44.24543454331495
4321,4,0.708210483,46.59879795047352,4.2365599256444686e-4,0.6925802895491084,54.9846166509693
4326,3,0.70577658,50.000261565246234,4.545806195348673e-4,0.743134955309239,58.99820028695229
4557,3,0.706564846,0,0,0,0
4291,3,0.707461551,37.43486140992818,3.40341469408536e-4,0.5563801706231641,44.17155794865625
4292,5,0.707015098,0,0,0,0
4294,5,0.707012631,0,0,0,0
4295,3,0.70746279,37.44723801767717,3.404539921402608e-4,0.5565641194578003,44.18616182391589
4300,3,0.706788666,0,0,0,0
4309,6,0.704936679,15.857556480378342,1.4417000278594516e-4,0.2356848575878377,18.71124798157668
4329,3,0.706569541,0,0,0,0
4330,4,0.707476204,38.38064934103276,3.48940161699557e-4,0.5704370585255656,45.28754782633871
4340,7,0.708939652,0,0,0,0
4344,3,0.706860371,0,0,0,0
4346,3,0.707091176,0,0,0,0
4575,4,0.706932412,0,0,0,0
4463,4,0.706848299,14.579591208569582,1.3255129866687182e-4,0.21669094364774596,17.203302848778627
4464,3,0.707660477,45.323963537169945,4.120657528484468e-4,0.6736329083734963,53.48036579918852
4550,3,0.706780024,0,0,0,0
4770,4,0.704981193,15.937077700165247,1.4489297511099448e-4,0.2368667513672405,18.80507966775553
4822,4,0.706930705,16.163526314924752,1.4695174737273278e-4,0.2402323713848388,19.072279484517495
4348,3,0.707219833,21.191916045421028,1.9266767859779183e-4,0.3149674239759858,25.00556733449301
4355,3,0.70710887,0,0,0,0
4371,3,0.706932096,16.165753170461116,1.4697199297420855e-4,0.2402654682954887,19.07490708015063
4373,4,0.706653584,20.170449277068474,1.833809472516756e-4,0.2997857501709598,23.80027962000597
4374,3,0.706875904,13.759869199005141,1.2509874287438023e-4,0.20450772580300006,16.23606544269431
4375,3,0.70697621,14.640793140869972,1.33107720002099e-4,0.21760056479373818,17.27551854819242
4377,7,0.708945135,0,0,0,0
4386,3,0.706838689,0,0,0,0
4390,3,0.708184828,0,0,0,0
4391,3,0.707387497,0,0,0,0
4393,3,0.705814517,52.63006261936458,4.784896263082537e-4,0.7822206926163174,62.10125464004302
3965,2,0.70731845,0,0,0,0
3967,1,0.707715348,0,0,0,0
3968,2,0.705451194,0,0,0,0
3985,2,0.707439735,0,0,0,0
3994,2,0.707706097,0,0,0,0
3996,2,0.706656232,0,0,0,0
3997,1,0.706983887,0,0,0,0
3999,2,0.707763604,0,0,0,0
4015,2,0.707014896,0,0,0,0
4016,2,0.707849923,0,0,0,0
4017,2,0.707811964,0,0,0,0
4018,1,0.70669558,0,0,0,0
4019,1,0.708146682,0,0,0,0
4020,2,0.707309687,0,0,0,0
4025,1,0.7077459,0,0,0,0
4026,1,0.70777853,0,0,0,0
4027,1,0.705189911,0,0,0,0
4028,1,0.708195573,0,0,0,0
4029,2,0.705241997,0,0,0,0
4030,1,0.704583442,0,0,0,0
4031,1,0.706909147,0,0,0,0
4032,1,0.704590224,0,0,0,0
4033,1,0.706753848,0,0,0,0
4034,1,0.707251273,0,0,0,0
4036,1,0.706664844,0,0,0,0
4039,2,0.704536527,0,0,0,0
4040,2,0.706624499,0,0,0,0
4043,1,0.706806976,0,0,0,0
4044,2,0.706660529,0,0,0,0
4045,2,0.707881463,0,0,0,0
4046,1,0.708206059,0,0,0,0
4047,1,0.706680674,0,0,0,0
4048,1,0.707834266,0,0,0,0
4049,2,0.707655589,0,0,0,0
4051,1,0.707657021,0,0,0,0
4052,2,0.707456428,0,0,0,0
4053,1,0.705053256,0,0,0,0
4055,1,0.704573274,0,0,0,0
4056,2,0.707489457,0,0,0,0
4057,1,0.706887059,0,0,0,0
4059,1,0.706676275,0,0,0,0
4060,2,0.706997963,0,0,0,0
4062,1,0.70676712,0,0,0,0
4063,1,0.706824329,0,0,0,0
4064,1,0.70771322,0,0,0,0
4065,1,0.707719138,0,0,0,0
4067,2,0.706753626,0,0,0,0
4068,2,0.707457331,0,0,0,0
4069,1,0.707674752,0,0,0,0
4072,1,0.707457772,0,0,0,0
4073,1,0.70454975,0,0,0,0
4074,1,0.706998945,0,0,0,0
4075,2,0.707683184,0,0,0,0
4077,2,0.70456665,0,0,0,0
4078,1,0.706756442,0,0,0,0
4080,2,0.706632113,0,0,0,0
4099,1,0.706997205,0,0,0,0
4100,1,0.706845548,0,0,0,0
4101,1,0.707658167,0,0,0,0
4102,1,0.706725001,0,0,0,0
4103,1,0.70680768,0,0,0,0
4104,1,0.707407768,0,0,0,0
4186,1,0.707734874,0,0,0,0
4187,1,0.705890637,0,0,0,0
4188,2,0.706822363,0,0,0,0
4189,1,0.706895237,0,0,0,0
4190,1,0.707864272,0,0,0,0
4191,1,0.707704738,0,0,0,0
4247,1,0.704600946,0,0,0,0
4248,1,0.704592615,0,0,0,0
4517,1,0.704630347,0,0,0,0
4518,1,0.704625517,0,0,0,0
4570,1,0.707108389,0,0,0,0
4572,2,0.706716112,0,0,0,0
4105,1,0.707547343,0,0,0,0
4106,1,0.706726753,0,0,0,0
4107,1,0.708173764,0,0,0,0
4331,1,0.707917656,0,0,0,0
4333,1,0.707427273,0,0,0,0
4334,1,0.704606917,0,0,0,0
4336,2,0.707119696,0,0,0,0
4337,1,0.708237757,0,0,0,0
4338,1,0.70753166,0,0,0,0
4420,2,0.707756794,0,0,0,0
4421,1,0.707445795,0,0,0,0
4422,2,0.707111841,0,0,0,0
4423,2,0.704603906,0,0,0,0
4424,1,0.704622515,0,0,0,0
4427,2,0.707080876,0,0,0,0
4659,2,0.705287834,0,0,0,0
4660,2,0.707012854,0,0,0,0
4662,2,0.707121105,0,0,0,0
4663,1,0.70712921,0,0,0,0
4664,2,0.706903179,0,0,0,0
4665,1,0.704647531,0,0,0,0
5107,1,0.708312758,0,0,0,0
4994,1,0.705359931,0,0,0,0
4996,2,0.707173222,0,0,0,0
5154,1,0.707916236,0,0,0,0
5155,2,0.705264748,0,0,0,0
5048,1,0.706808515,0,0,0,0
5050,1,0.707837722,0,0,0,0
5057,1,0.707605436,0,0,0,0
5059,1,0.704857636,0,0,0,0
5060,1,0.707141938,0,0,0,0
5061,2,0.704849395,0,0,0,0
5170,1,0.706119116,0,0,0,0
5171,1,0.707576718,0,0,0,0
5172,1,0.708240146,0,0,0,0
5177,1,0.706881599,0,0,0,0
5178,1,0.70678367,0,0,0,0
5179,2,0.708266384,0,0,0,0
5342,1,0.70785762,0,0,0,0
5662,1,0.706936351,0,0,0,0
5663,2,0.706748639,0,0,0,0
5666,2,0.707810696,0,0,0,0
5667,1,0.70488624,0,0,0,0
5668,1,0.706834049,0,0,0,0
5669,1,0.706855897,0,0,0,0
4108,1,0.707769606,0,0,0,0
4109,1,0.70743473,0,0,0,0
4110,2,0.707688063,0,0,0,0
4111,1,0.706987941,0,0,0,0
4112,1,0.705325434,0,0,0,0
4113,1,0.706812754,0,0,0,0
4114,1,0.707437955,0,0,0,0
4115,1,0.707031015,0,0,0,0
4548,1,0.705867839,0,0,0,0
4603,2,0.705078212,0,0,0,0
4605,1,0.704820449,0,0,0,0
4606,1,0.704799549,0,0,0,0
4609,1,0.706932578,0,0,0,0
4809,1,0.707369959,0,0,0,0
4816,1,0.706867007,0,0,0,0
4817,2,0.707273556,0,0,0,0
4818,1,0.708281732,0,0,0,0
4855,1,0.707733391,0,0,0,0
4856,1,0.705529198,0,0,0,0
4857,2,0.707088782,0,0,0,0
5186,1,0.70594342,0,0,0,0
5187,1,0.707340236,0,0,0,0
5189,1,0.706776269,0,0,0,0
5190,1,0.707383342,0,0,0,0
5191,1,0.705534869,0,0,0,0
5193,1,0.708170628,0,0,0,0
5742,2,0.708301626,0,0,0,0
5744,2,0.707210371,0,0,0,0
5746,1,0.705433897,0,0,0,0
5747,1,0.708319452,0,0,0,0
5749,1,0.706851365,0,0,0,0
6124,1,0.707632224,0,0,0,0
6131,1,0.706899489,0,0,0,0
6132,1,0.704979782,0,0,0,0
6133,2,0.707761866,0,0,0,0
6135,1,0.70770937,0,0,0,0
6136,1,0.70726694,0,0,0,0
6137,1,0.70773411,0,0,0,0
7749,1,0.707113534,0,0,0,0
7751,1,0.706147235,0,0,0,0
7752,1,0.708151672,0,0,0,0
7753,1,0.707410852,0,0,0,0
7754,2,0.707238474,0,0,0,0
7755,1,0.705258321,0,0,0,0
4116,1,0.70459708,0,0,0,0
4211,2,0.707097419,0,0,0,0
4212,1,0.708139498,0,0,0,0
4213,2,0.70683562,0,0,0,0
4214,1,0.706221721,0,0,0,0
4215,2,0.706664171,0,0,0,0
4276,1,0.707495038,0,0,0,0
4277,1,0.705416612,0,0,0,0
4278,1,0.704584028,0,0,0,0
4320,1,0.706745591,0,0,0,0
4429,2,0.70768793,0,0,0,0
4431,2,0.705013045,0,0,0,0
4117,1,0.70684189100000006,0,0,0,0
4118,1,0.706977092,0,0,0,0
4119,2,0.706789784,0,0,0,0
4226,2,0.70818319,0,0,0,0
4227,1,0.707292462,0,0,0,0
4228,1,0.704607025,0,0,0,0
4229,1,0.706792312,0,0,0,0
4230,1,0.70679171,0,0,0,0
4232,2,0.704548017,0,0,0,0
4233,2,0.707720929,0,0,0,0
4453,1,0.707512505,0,0,0,0
4454,2,0.706968012,0,0,0,0
4456,1,0.704609579,0,0,0,0
4457,1,0.70483348,0,0,0,0
4458,1,0.707690598,0,0,0,0
4378,1,0.70781294,0,0,0,0
4379,2,0.707496907,0,0,0,0
4600,1,0.707958935,0,0,0,0
4602,1,0.707793441,0,0,0,0
4120,2,0.707121027,0,0,0,0
4121,1,0.707001322,0,0,0,0
4122,2,0.707066184,0,0,0,0
4126,1,0.707101214,0,0,0,0
4174,1,0.707032378,0,0,0,0
4175,1,0.707009612,0,0,0,0
4176,1,0.707881466,0,0,0,0
4179,1,0.704585615,0,0,0,0
4234,1,0.705150905,0,0,0,0
4235,2,0.707282052,0,0,0,0
4132,2,0.706733744,0,0,0,0
4135,2,0.707771678,0,0,0,0
4136,2,0.707029395,0,0,0,0
4139,1,0.707551115,0,0,0,0
4140,2,0.707447442,0,0,0,0
4141,1,0.706783378,0,0,0,0
4142,1,0.706755498,0,0,0,0
4143,2,0.70769184,0,0,0,0
4144,1,0.704601159,0,0,0,0
4145,1,0.706801879,0,0,0,0
4146,1,0.708228791,0,0,0,0
4147,1,0.706810952,0,0,0,0
4148,2,0.706813043,0,0,0,0
4153,2,0.706798271,0,0,0,0
4154,1,0.707693043,0,0,0,0
4156,1,0.707445968,0,0,0,0
4159,1,0.707724994,0,0,0,0
4160,2,0.706858313,0,0,0,0
4161,1,0.70461088,0,0,0,0
4163,1,0.707721644,0,0,0,0
4164,1,0.707846749,0,0,0,0
4173,2,0.70681533,0,0,0,0
4180,1,0.707145978,0,0,0,0
4182,1,0.707147722,0,0,0,0
4183,2,0.706802527,0,0,0,0
4193,1,0.707037236,0,0,0,0
4194,1,0.707340989,0,0,0,0
4195,1,0.707655832,0,0,0,0
4197,1,0.707033879,0,0,0,0
4199,1,0.705482998,0,0,0,0
4201,1,0.707699927,0,0,0,0
4202,1,0.708222025,0,0,0,0
4255,1,0.707498163,0,0,0,0
4256,1,0.705670763,0,0,0,0
4257,2,0.708227844,0,0,0,0
4258,1,0.707541799,0,0,0,0
4260,2,0.707078279,0,0,0,0
4306,1,0.707073204,0,0,0,0
4307,1,0.707076449,0,0,0,0
4316,1,0.707046359,0,0,0,0
4317,2,0.707435006,0,0,0,0
4360,2,0.707865338,0,0,0,0
4361,1,0.707257878,0,0,0,0
4362,1,0.707809342,0,0,0,0
4367,1,0.707077195,0,0,0,0
4368,2,0.704568612,0,0,0,0
4216,2,0.706928637,0,0,0,0
4218,2,0.707494063,0,0,0,0
4219,1,0.707763374,0,0,0,0
4221,2,0.707886873,0,0,0,0
4222,1,0.707732467,0,0,0,0
4240,1,0.707660939,0,0,0,0
4241,1,0.706677195,0,0,0,0
4242,2,0.706796522,0,0,0,0
4243,1,0.708171506,0,0,0,0
4245,1,0.706739245,0,0,0,0
4249,1,0.707706916,0,0,0,0
4250,1,0.707686101,0,0,0,0
4251,2,0.706741697,0,0,0,0
4252,2,0.706647517,0,0,0,0
4253,1,0.707694878,0,0,0,0
4261,1,0.70697479,0,0,0,0
4262,1,0.707114055,0,0,0,0
4264,2,0.706737976,0,0,0,0
4266,2,0.70457463,0,0,0,0
4486,1,0.705426488,0,0,0,0
4487,1,0.707099147,0,0,0,0
4488,1,0.706767989,0,0,0,0
4576,1,0.705338108,0,0,0,0
4577,1,0.707568545,0,0,0,0
4578,1,0.70622986,0,0,0,0
4705,1,0.707107767,0,0,0,0
4706,1,0.706970084,0,0,0,0
4707,1,0.707119705,0,0,0,0
4708,1,0.706971444,0,0,0,0
4709,2,0.707579168,0,0,0,0
4710,1,0.707753103,0,0,0,0
5117,1,0.707221688,0,0,0,0
5118,1,0.707594257,0,0,0,0
5119,1,0.707158249,0,0,0,0
4267,1,0.706686536,0,0,0,0
4268,1,0.707552049,0,0,0,0
4269,1,0.706303331,0,0,0,0
4270,2,0.707771707,0,0,0,0
4271,1,0.707834975,0,0,0,0
4272,1,0.705410366,0,0,0,0
4279,1,0.707049882,0,0,0,0
4280,2,0.704554228,0,0,0,0
4281,1,0.706892053,0,0,0,0
4285,2,0.708223132,0,0,0,0
4286,1,0.706715215,0,0,0,0
4287,1,0.706734062,0,0,0,0
4288,1,0.70773163,0,0,0,0
4290,1,0.7070197,0,0,0,0
4322,1,0.707001956,0,0,0,0
4323,2,0.704586608,0,0,0,0
4324,2,0.707685679,0,0,0,0
4325,2,0.707513865,0,0,0,0
4555,2,0.707794453,0,0,0,0
4556,1,0.707379758,0,0,0,0
4293,1,0.706736081,0,0,0,0
4296,2,0.708161003,0,0,0,0
4297,2,0.706850318,0,0,0,0
4298,2,0.70692848,0,0,0,0
4299,2,0.707432736,0,0,0,0
4301,2,0.707741134,0,0,0,0
4302,1,0.706381251,0,0,0,0
4303,1,0.707536627,0,0,0,0
4304,1,0.704614059,0,0,0,0
4305,2,0.704560942,0,0,0,0
4310,2,0.708201683,0,0,0,0
4311,1,0.707685145,0,0,0,0
4327,1,0.706888684,0,0,0,0
4328,2,0.708180891,0,0,0,0
4339,1,0.705426111,0,0,0,0
4341,1,0.705406425,0,0,0,0
4342,1,0.704596826,0,0,0,0
4343,1,0.706874687,0,0,0,0
4345,1,0.707544315,0,0,0,0
4347,2,0.705424951,0,0,0,0
4573,1,0.707054081,0,0,0,0
4574,1,0.707660357,0,0,0,0
4462,2,0.706843716,0,0,0,0
4801,1,0.707921794,0,0,0,0
4802,1,0.707070122,0,0,0,0
4803,2,0.707808891,0,0,0,0
4549,2,0.70752758,0,0,0,0
4551,1,0.706854643,0,0,0,0
4768,2,0.707137868,0,0,0,0
4769,1,0.706761057,0,0,0,0
4823,1,0.70688725,0,0,0,0
4824,2,0.706873163,0,0,0,0
4645,2,0.70581184,0,0,0,0
4646,1,0.705299505,0,0,0,0
4647,1,0.707870068,0,0,0,0
4780,2,0.707525452,0,0,0,0
4781,1,0.706968095,0,0,0,0
4782,1,0.705487176,0,0,0,0
5009,2,0.707829958,0,0,0,0
5010,1,0.707627947,0,0,0,0
5011,2,0.70758953,0,0,0,0
4349,1,0.707843555,0,0,0,0
4350,1,0.704622014,0,0,0,0
4351,1,0.706821778,0,0,0,0
4352,1,0.707487291,0,0,0,0
4353,2,0.707550588,0,0,0,0
4354,1,0.707040115,0,0,0,0
4356,2,0.707086341,0,0,0,0
4357,2,0.704565647,0,0,0,0
4358,2,0.707135467,0,0,0,0
4359,1,0.70598013,0,0,0,0
4369,1,0.7068362,0,0,0,0
4370,2,0.706753423,0,0,0,0
4372,1,0.704623163,0,0,0,0
4376,2,0.706749355,0,0,0,0
4381,1,0.706772104,0,0,0,0
4382,2,0.707945513,0,0,0,0
4383,1,0.707613878,0,0,0,0
4384,1,0.707053358,0,0,0,0
4385,1,0.707673715,0,0,0,0
4387,1,0.707477781,0,0,0,0
4388,1,0.704625623,0,0,0,0
4389,1,0.704629603,0,0,0,0
4392,1,0.707915223,0,0,0,0
4394,1,0.707465593,0,0,0,0
4396,4,0.706783584,17.907127009019234,1.6280380612063766e-4,0.26614684829596935,21.12965478117308
4405,3,0.706857528,0,0,0,0
4410,4,0.706868617,0,0,0,0
4412,3,0.705826272,51.895794291137314,4.718139781995969e-4,0.7713075404807008,61.23484897461289
4413,3,0.706845417,0,0,0,0
4415,4,0.707491212,38.52223951019952,3.5022743790182016e-4,0.5725414595975212,45.45461825552563
4419,4,0.706958693,0,0,0,0
4428,3,0.706797171,0,0,0,0
4529,7,0.708944997,0,0,0,0
4619,5,0.707907056,0,0,0,0
4620,7,0.708939874,0,0,0,0
4811,4,0.707558666,43.076716361180004,3.916347594590134e-4,0.6402329245050344,50.828708891147514
4813,3,0.706805141,0,0,0,0
4461,5,0.707866043,0,0,0,0
4466,7,0.708946482,0,0,0,0
4470,5,0.707854549,0,0,0,0
4472,3,0.705836359,53.55627936792903,4.869103859244124e-4,0.7959867014431499,63.19415134758579
4476,3,0.706802908,0,0,0,0
4478,3,0.706563584,0,0,0,0
4480,6,0.707836112,0,0,0,0
4481,5,0.706851555,14.57655635639146,1.325237071115451e-4,0.2166458377889533,17.199721851178992
5288,3,0.705045038,19.252146519711594,1.7503213819964418e-4,0.28613736399885453,22.71672108837902
4527,3,0.707229749,21.267792730420787,1.933575163985488e-4,0.31609515041483116,25.095098623302054
4891,4,0.707577959,43.2246531991821,3.9297973681244716e-4,0.642431653712757,51.003268121940266
5123,3,0.707751173,44.03011841262418,4.003026760187249e-4,0.6544029781949968,51.95368310976623
5125,3,0.707580605,43.24299522207621,3.931464945027014e-4,0.6427042642539221,51.02491093552761
5268,3,0.706193517,48.87503686054288,4.4435056618379596e-4,0.7264111665836257,57.670482582730145
5330,3,0.705052033,19.269699055530655,1.7519171821697317e-4,0.2863982406925582,22.73743234050808
5332,3,0.706166019,49.11094991413322,4.4649538500474395e-4,0.729917452971907,57.9488500382257
5333,5,0.706551839,26.533674006004574,2.4123261740233585e-4,0.3943599499156944,31.30861648217956
5646,3,0.706534292,0,0,0,0
5647,3,0.707892506,0,0,0,0
5816,3,0.706751606,0,0,0,0
5822,3,0.70674995,0,0,0,0
4579,3,0.70724355,22.976267265907317,2.088902233982424e-4,0.3414875605309062,27.11102653396429
4580,4,0.706918956,0,0,0,0
4688,3,0.707811945,44.04075618790767,4.003993900423612e-4,0.654561083421098,51.966235236037896
4776,5,0.707944624,0,0,0,0
5051,3,0.705825779,51.89311436984645,4.7178961352144184e-4,0.7712677098252927,61.23168678049385
5052,3,0.70685204,0,0,0,0
4731,6,0.704976652,15.930307720892435,1.448314254055383e-4,0.2367661317287256,18.79709137768319
5063,5,0.706906754,16.145539472205332,1.4678821882606306e-4,0.23996503975212308,19.05105576855942
5183,3,0.705096473,21.76354200068712,1.9786465302857532e-4,0.3234632841059563,25.680061857966678
5185,3,0.70587246,54.53189553892682,4.957802635921859e-4,0.8104869151807786,64.34533729057543
4504,4,0.707505037,38.64074090885845,3.513048010501675e-4,0.57430270101586,45.594444909097035
4509,3,0.707676999,0,0,0,0
4511,4,0.706905035,0,0,0,0
4514,3,0.707526036,40.410242859285304,3.673923427491953e-4,0.6006021384924848,47.68238259604706
4523,3,0.707737959,44.80388347978619,4.0733741128997855e-4,0.665903155406169,52.86669326168116
4541,3,0.70680842,0,0,0,0
4542,7,0.708940788,0,0,0,0
4636,3,0.705340936,26.51602364736963,2.410721480225344e-4,0.39409761931851833,31.287789803252647
4638,7,0.708942034,0,0,0,0
4695,3,0.707526378,40.41307286143037,3.6741807189716606e-4,0.6006441997428015,47.68572187924559
4783,3,0.707602307,42.58923528778273,3.872027936768487e-4,0.632987677893265,50.25350178014349
4784,3,0.706833249,0,0,0,0
4553,3,0.707697314,0,0,0,0
4561,3,0.707813196,44.0395146254029,4.0038810229635867e-4,0.6545426305477007,51.964770244635204
4562,3,0.706550036,0,0,0,0
4563,3,0.707233303,21.2942258678888,1.9359783498149822e-4,0.31648801612825034,25.126288610908727
4591,3,0.707767425,0,0,0,0
4592,3,0.706917831,0,0,0,0
4595,3,0.707963032,0,0,0,0
4597,3,0.706568388,0,0,0,0
4765,3,0.707572631,43.186290821064496,3.9263096276475994e-4,0.641861488212507,50.95800213338713
4889,3,0.70683056,0,0,0,0
4642,4,0.704992756,15.952018872977629,1.450288137522537e-4,0.23708881636135473,18.82270962165
4654,3,0.705362212,29.070563922806162,2.642969165473826e-4,0.4320647841691454,34.3020396110186
4655,5,0.707936296,0,0,0,0
4656,3,0.706576673,0,0,0,0
4669,3,0.707647613,45.24548179591287,4.1135223100984084e-4,0.6724664639698894,53.3877606538432
4672,4,0.708250787,43.24558279325436,3.931700195738196e-4,0.6427427223445727,51.02796416040775
4678,3,0.707718999,0,0,0,0
4680,4,0.707535737,40.487656740976185,3.6809615607332597e-4,0.6017527117036987,47.77372771213268
4683,5,0.707846258,0,0,0,0
4686,7,0.708944795,0,0,0,0
4690,3,0.706817759,0,0,0,0
4701,3,0.706794734,0,0,0,0
4704,3,0.707741866,0,0,0,0
4713,4,0.70828211,43.205370125808365,3.928044235007492e-4,0.6421450566946372,50.98051490846824
4717,3,0.707621112,43.49407947963038,3.9542924330803484e-4,0.6464360345022214,51.32117977197661
4745,5,0.707954815,0,0,0,0
4751,4,0.704988684,15.947133951670118,1.4498440217349727e-4,0.23701621362561084,18.816945620489516
4755,4,0.707823564,44.024928034936394,4.002554873634845e-4,0.6543258355767324,51.9475586829572
4757,4,0.707548877,42.19444278925935,3.8361351208214566e-4,0.6271200264738069,49.78766327909336
4761,7,0.708946966,0,0,0,0
5106,4,0.70507365,19.315150754638513,1.756049452860436e-4,0.28707377208635243,22.791063428894457
5024,3,0.706838781,0,0,0,0
5100,3,0.706730082,18.909076719876147,1.719130968732424e-4,0.2810384474654684,22.31191319079064
5238,4,0.706879168,0,0,0,0
5259,3,0.706944582,0,0,0,0
4797,3,0.706073586,51.27732275931709,4.6619110417257516e-4,0.7621154322842365,60.50507864614184
4799,3,0.706934765,0,0,0,0
4807,4,0.70782111,44.029073038143345,4.002931719288608e-4,0.6543874411899138,51.95244961195913
5144,4,0.707526041,0,0,0,0
5150,3,0.705443673,0,0,0,0
5152,3,0.707736559,44.80071668978294,4.0730862021336113e-4,0.665856088605439,52.86295658301129
5780,3,0.705750537,49.00465668203428,4.4552901319413156e-4,0.7283376569105915,57.823428506413556
5781,3,0.707375284,34.906399095795145,3.173537903595114e-4,0.5188005926371085,41.18807903559954
5411,4,0.707476823,0,0,0,0
4827,7,0.70894675,0,0,0,0
4836,5,0.707965419,0,0,0,0
4847,4,0.704996054,15.955674766385677,1.4506205154418437e-4,0.2371431525207938,18.827023421713513
4849,3,0.705764849,49.91776687246017,4.5383061368727603e-4,0.7419088679265395,58.90086002801681
4854,3,0.706140205,50.10136847905541,4.5549983959651953e-4,0.7446376690855858,59.11750218187388
4974,7,0.708952831,0,0,0,0
4975,3,0.706844398,14.582932660164186,1.325816776906703e-4,0.21674060637757356,17.207245620761334
5033,3,0.70720933,21.91016146067128,1.9919765335435347e-4,0.32564243362301654,25.85306663824812
5038,4,0.70698024,14.648810361375574,1.3318060908208167e-4,0.21771972170643472,17.284978530327052
4860,4,0.706949125,16.18946399559508,1.4718756147808558e-4,0.24061787331147605,19.102884853994816
4863,3,0.707546742,42.17668360473386,3.834520533047051e-4,0.626856078438626,49.766708190204454
4867,4,0.708343223,41.68640843391445,3.789946848046859e-4,0.6195693042148417,49.18820416206096
4870,3,0.707743592,44.81519936053545,4.0744029035341846e-4,0.6660713390570469,52.88004552380877
4871,3,0.706940274,16.17796026551527,1.4708297457027877e-4,0.24044689772712652,19.0893109375782
4876,6,0.704995054,15.95459467113829,1.4505223178822024e-4,0.2371270994741043,18.82574895486595
4395,2,0.707803802,0,0,0,0
4397,1,0.70728791,0,0,0,0
4398,1,0.707046219,0,0,0,0
4399,1,0.707683888,0,0,0,0
4400,2,0.707502567,0,0,0,0
4401,1,0.705846731,0,0,0,0
4402,1,0.707751299,0,0,0,0
4403,2,0.706668235,0,0,0,0
4404,2,0.707784587,0,0,0,0
4406,2,0.70459818,0,0,0,0
4407,1,0.707844556,0,0,0,0
4408,2,0.704573547,0,0,0,0
4409,1,0.707069138,0,0,0,0
4411,2,0.707484067,0,0,0,0
4414,1,0.707532332,0,0,0,0
4416,1,0.707151362,0,0,0,0
4417,2,0.707889342,0,0,0,0
4418,1,0.704621433,0,0,0,0
4432,2,0.707810894,0,0,0,0
4433,2,0.705049731,0,0,0,0
4434,2,0.707484642,0,0,0,0
4528,2,0.707641773,0,0,0,0
4530,1,0.707667326,0,0,0,0
4588,2,0.704627385,0,0,0,0
4589,1,0.707392443,0,0,0,0
4590,1,0.707790417,0,0,0,0
4534,1,0.707533461,0,0,0,0
4535,1,0.706708429,0,0,0,0
4536,1,0.707776582,0,0,0,0
4585,1,0.70770478,0,0,0,0
4586,2,0.707511537,0,0,0,0
4587,2,0.707566627,0,0,0,0
4618,2,0.704758096,0,0,0,0
4810,2,0.70571789,0,0,0,0
4812,2,0.706799735,0,0,0,0
4814,1,0.707269161,0,0,0,0
4815,1,0.70677118,0,0,0,0
4435,1,0.706791319,0,0,0,0
4436,1,0.707442161,0,0,0,0
4437,1,0.70749374,0,0,0,0
4447,1,0.705228526,0,0,0,0
4448,1,0.704580427,0,0,0,0
4449,2,0.707561799,0,0,0,0
4450,1,0.706892312,0,0,0,0
4451,2,0.70710543,0,0,0,0
4452,1,0.707155648,0,0,0,0
4459,1,0.707494746,0,0,0,0
4460,2,0.70749241,0,0,0,0
4465,1,0.704646691,0,0,0,0
4467,1,0.706634338,0,0,0,0
4468,1,0.707764619,0,0,0,0
4469,1,0.707650021,0,0,0,0
4471,1,0.705377164,0,0,0,0
4473,1,0.70755846,0,0,0,0
4474,1,0.707693694,0,0,0,0
4475,1,0.705416352,0,0,0,0
4477,1,0.704953294,0,0,0,0
4479,2,0.704572495,0,0,0,0
4482,1,0.706803635,0,0,0,0
4483,1,0.707667792,0,0,0,0
4484,2,0.70463012,0,0,0,0
4485,1,0.706833188,0,0,0,0
4489,1,0.705127903,0,0,0,0
4490,1,0.708224607,0,0,0,0
4491,1,0.705093551,0,0,0,0
5289,1,0.707805509,0,0,0,0
5290,1,0.707579126,0,0,0,0
4526,2,0.706979666,0,0,0,0
4531,1,0.707886447,0,0,0,0
4532,1,0.706785636,0,0,0,0
4533,1,0.707624788,0,0,0,0
4537,2,0.705487785,0,0,0,0
4538,1,0.707764002,0,0,0,0
4539,1,0.707465687,0,0,0,0
4892,1,0.705036393,0,0,0,0
4893,2,0.706004391,0,0,0,0
5124,1,0.708130962,0,0,0,0
4612,1,0.706955896,0,0,0,0
4613,2,0.706890461,0,0,0,0
4727,1,0.707444351,0,0,0,0
4728,2,0.704842986,0,0,0,0
4732,1,0.707649486,0,0,0,0
4733,1,0.706944212,0,0,0,0
4734,1,0.707665935,0,0,0,0
4735,2,0.707532241,0,0,0,0
4736,1,0.706828528,0,0,0,0
4737,1,0.706903831,0,0,0,0
5266,1,0.706883136,0,0,0,0
5267,1,0.706799193,0,0,0,0
5269,2,0.707262507,0,0,0,0
5331,1,0.70719594,0,0,0,0
5648,1,0.708173374,0,0,0,0
5649,1,0.70756593,0,0,0,0
5650,1,0.706969738,0,0,0,0
5651,1,0.707665261,0,0,0,0
5652,2,0.706806245,0,0,0,0
5653,1,0.706839558,0,0,0,0
5701,2,0.706937197,0,0,0,0
5702,1,0.70506468,0,0,0,0
5703,1,0.706469322,0,0,0,0
5704,2,0.706939907,0,0,0,0
5705,2,0.707876785,0,0,0,0
5706,2,0.706646418,0,0,0,0
5707,2,0.706771512,0,0,0,0
5708,1,0.70696247,0,0,0,0
5817,1,0.708112073,0,0,0,0
5818,1,0.707722641,0,0,0,0
5823,2,0.706849287,0,0,0,0
5824,1,0.707829843,0,0,0,0
5825,1,0.706857561,0,0,0,0
5826,1,0.706897865,0,0,0,0
4564,1,0.706909759,0,0,0,0
4565,1,0.707505544,0,0,0,0
4566,1,0.70708489,0,0,0,0
4567,2,0.707391275,0,0,0,0
4568,2,0.707183202,0,0,0,0
4569,1,0.706882284,0,0,0,0
4581,1,0.706688779,0,0,0,0
4621,1,0.706709511,0,0,0,0
4622,2,0.707790338,0,0,0,0
4623,1,0.707668412,0,0,0,0
4624,1,0.706878609,0,0,0,0
4625,2,0.70754837,0,0,0,0
4626,2,0.708079063,0,0,0,0
4687,1,0.704649899,0,0,0,0
4689,1,0.706724535,0,0,0,0
4774,2,0.707595066,0,0,0,0
4775,1,0.707772651,0,0,0,0
5053,1,0.708326645,0,0,0,0
5054,1,0.708190011,0,0,0,0
5055,1,0.707539098,0,0,0,0
5056,1,0.708240931,0,0,0,0
5114,2,0.706091801,0,0,0,0
5115,1,0.707166498,0,0,0,0
5116,1,0.707582359,0,0,0,0
4729,1,0.704797058,0,0,0,0
4730,1,0.704798928,0,0,0,0
5064,1,0.707776982,0,0,0,0
5065,2,0.705601351,0,0,0,0
5120,2,0.705057418,0,0,0,0
5121,1,0.707650582,0,0,0,0
5122,1,0.705674521,0,0,0,0
5180,2,0.707570121,0,0,0,0
5181,1,0.708239484,0,0,0,0
5182,2,0.707354562,0,0,0,0
5184,1,0.707680073,0,0,0,0
4505,1,0.707866418,0,0,0,0
4506,1,0.706814654,0,0,0,0
4507,2,0.70487456,0,0,0,0
4508,1,0.707691433,0,0,0,0
4510,1,0.706846955,0,0,0,0
4512,2,0.705438629,0,0,0,0
4513,1,0.707831661,0,0,0,0
4515,1,0.704628963,0,0,0,0
4519,1,0.708196455,0,0,0,0
4520,1,0.706725484,0,0,0,0
4521,1,0.707694014,0,0,0,0
4522,1,0.70763221,0,0,0,0
4524,2,0.705232271,0,0,0,0
4525,1,0.706769585,0,0,0,0
4540,1,0.707936009,0,0,0,0
4543,2,0.707944286,0,0,0,0
4544,1,0.707670512,0,0,0,0
4545,1,0.707768841,0,0,0,0
4546,1,0.708045816,0,0,0,0
4547,1,0.707736956,0,0,0,0
4610,1,0.704724058,0,0,0,0
4611,2,0.707820256,0,0,0,0
4637,1,0.707837407,0,0,0,0
4639,1,0.704640208,0,0,0,0
4640,2,0.704896003,0,0,0,0
4641,1,0.70636569,0,0,0,0
4693,1,0.707525945,0,0,0,0
4694,1,0.70576101,0,0,0,0
4785,1,0.706740373,0,0,0,0
4552,1,0.708066509,0,0,0,0
4554,2,0.707774588,0,0,0,0
4558,1,0.707494101,0,0,0,0
4559,2,0.704623964,0,0,0,0
4560,2,0.706357266,0,0,0,0
4582,2,0.707124297,0,0,0,0
4583,2,0.706796987,0,0,0,0
4584,1,0.70463295,0,0,0,0
4593,1,0.707186825,0,0,0,0
4594,1,0.704721934,0,0,0,0
4596,1,0.704981192,0,0,0,0
4598,1,0.704805347,0,0,0,0
4599,2,0.707627293,0,0,0,0
4766,1,0.707571262,0,0,0,0
4767,2,0.707726308,0,0,0,0
5072,1,0.70800455,0,0,0,0
5073,1,0.70772541,0,0,0,0
5074,1,0.706793678,0,0,0,0
4651,1,0.70769786,0,0,0,0
4652,1,0.707779005,0,0,0,0
4653,1,0.707501984,0,0,0,0
4762,2,0.706915382,0,0,0,0
4763,1,0.707114909,0,0,0,0
4764,1,0.707735294,0,0,0,0
4771,2,0.707445226,0,0,0,0
4772,1,0.707730405,0,0,0,0
4773,1,0.706769673,0,0,0,0
4828,2,0.707220338,0,0,0,0
4829,1,0.707845346,0,0,0,0
4830,2,0.707919528,0,0,0,0
4888,1,0.707558075,0,0,0,0
4890,1,0.704787466,0,0,0,0
4614,1,0.704709185,0,0,0,0
4615,1,0.707099418,0,0,0,0
4616,1,0.705960124,0,0,0,0
4617,1,0.707930363,0,0,0,0
4627,1,0.70711032,0,0,0,0
4628,1,0.707825911,0,0,0,0
4629,1,0.708216815,0,0,0,0
4630,1,0.708196776,0,0,0,0
4631,1,0.707609572,0,0,0,0
4632,2,0.707006608,0,0,0,0
4633,1,0.706877104,0,0,0,0
4634,2,0.707634201,0,0,0,0
4635,1,0.706897247,0,0,0,0
4643,1,0.706695355,0,0,0,0
4644,2,0.708187803,0,0,0,0
4648,1,0.707470646,0,0,0,0
4649,2,0.705687884,0,0,0,0
4650,1,0.707332467,0,0,0,0
4657,2,0.707947396,0,0,0,0
4658,1,0.705473756,0,0,0,0
4667,2,0.705045182,0,0,0,0
4668,1,0.704630862,0,0,0,0
4670,2,0.707814068,0,0,0,0
4671,2,0.705639307,0,0,0,0
4673,1,0.707436317,0,0,0,0
4674,1,0.707906108,0,0,0,0
4675,2,0.704640135,0,0,0,0
4676,2,0.705442999,0,0,0,0
4677,1,0.707540802,0,0,0,0
4679,2,0.707833695,0,0,0,0
4681,2,0.706031538,0,0,0,0
4682,1,0.706785787,0,0,0,0
4684,1,0.707688661,0,0,0,0
4685,2,0.705715842,0,0,0,0
4691,1,0.704932808,0,0,0,0
4692,1,0.707127539,0,0,0,0
4696,2,0.707413053,0,0,0,0
4697,2,0.707932463,0,0,0,0
4698,1,0.707521434,0,0,0,0
4699,1,0.707572846,0,0,0,0
4700,1,0.70753171,0,0,0,0
4702,1,0.707891384,0,0,0,0
4703,1,0.706733951,0,0,0,0
4711,1,0.707531631,0,0,0,0
4712,2,0.707663975,0,0,0,0
4714,1,0.707800921,0,0,0,0
4715,1,0.70579669,0,0,0,0
4716,1,0.707627078,0,0,0,0
4718,1,0.705603856,0,0,0,0
4719,2,0.706965111,0,0,0,0
4720,2,0.704836071,0,0,0,0
4721,2,0.707633529,0,0,0,0
4722,2,0.707666433,0,0,0,0
4723,2,0.706722264,0,0,0,0
4724,1,0.70666528,0,0,0,0
4725,2,0.704864104,0,0,0,0
4726,1,0.706736376,0,0,0,0
4738,1,0.707670545,0,0,0,0
4739,1,0.70767383,0,0,0,0
4740,1,0.707530334,0,0,0,0
4741,1,0.706898729,0,0,0,0
4742,2,0.707648676,0,0,0,0
4743,1,0.707542883,0,0,0,0
4744,1,0.705740887,0,0,0,0
4746,2,0.707633012,0,0,0,0
4747,2,0.707203844,0,0,0,0
4748,1,0.70693168,0,0,0,0
4749,1,0.707613683,0,0,0,0
4750,1,0.707533392,0,0,0,0
4752,1,0.706069625,0,0,0,0
4753,2,0.706728701,0,0,0,0
4754,1,0.707044823,0,0,0,0
4756,1,0.708218085,0,0,0,0
4758,1,0.706538074,0,0,0,0
4759,1,0.707858675,0,0,0,0
4760,1,0.707015096,0,0,0,0
4777,1,0.70711369,0,0,0,0
4778,1,0.707113767,0,0,0,0
4779,2,0.705889102,0,0,0,0
5039,1,0.708005236,0,0,0,0
5040,1,0.706742015,0,0,0,0
5041,1,0.706811009,0,0,0,0
5105,1,0.70822911,0,0,0,0
5223,2,0.707178657,0,0,0,0
5224,2,0.705556028,0,0,0,0
5678,1,0.707722677,0,0,0,0
5679,1,0.707808587,0,0,0,0
5680,1,0.706935647,0,0,0,0
5681,2,0.705391404,0,0,0,0
5682,2,0.705291424,0,0,0,0
5683,1,0.707750948,0,0,0,0
4786,1,0.706862502,0,0,0,0
4787,2,0.705017361,0,0,0,0
4788,2,0.707151534,0,0,0,0
4840,2,0.706934831,0,0,0,0
4841,1,0.706915996,0,0,0,0
4842,1,0.705173234,0,0,0,0
4843,2,0.706947759,0,0,0,0
4844,2,0.706731297,0,0,0,0
4845,2,0.706893705,0,0,0,0
5025,2,0.707578077,0,0,0,0
5026,1,0.705048754,0,0,0,0
5099,2,0.708243829,0,0,0,0
5101,2,0.707208571,0,0,0,0
5174,1,0.706776696,0,0,0,0
5175,1,0.707229735,0,0,0,0
5176,1,0.707433546,0,0,0,0
5237,1,0.704848864,0,0,0,0
5239,1,0.704849484,0,0,0,0
5258,2,0.706766289,0,0,0,0
5260,1,0.708013853,0,0,0,0
4789,2,0.707178742,0,0,0,0
4790,2,0.706715802,0,0,0,0
4791,2,0.707158637,0,0,0,0
4792,1,0.704937768,0,0,0,0
4793,1,0.704644311,0,0,0,0
4794,1,0.70754706,0,0,0,0
4795,1,0.707881999,0,0,0,0
4796,1,0.707001497,0,0,0,0
4798,2,0.707055677,0,0,0,0
4800,1,0.707871671,0,0,0,0
4804,1,0.705510636,0,0,0,0
4805,1,0.707890854,0,0,0,0
4806,1,0.707538242,0,0,0,0
5145,1,0.706588692,0,0,0,0
5146,1,0.707784962,0,0,0,0
5147,1,0.704790319,0,0,0,0
5148,1,0.705435699,0,0,0,0
5149,2,0.708236482,0,0,0,0
5151,2,0.706771034,0,0,0,0
5782,2,0.705461119,0,0,0,0
5412,2,0.705587486,0,0,0,0
5413,1,0.704782344,0,0,0,0
5414,1,0.706806512,0,0,0,0
5415,2,0.707889938,0,0,0,0
5416,1,0.706809168,0,0,0,0
4819,1,0.70754681,0,0,0,0
4820,1,0.708105017,0,0,0,0
4821,1,0.707064162,0,0,0,0
4825,1,0.707685211,0,0,0,0
4826,2,0.70710211,0,0,0,0
4831,1,0.707482339,0,0,0,0
4832,1,0.706889955,0,0,0,0
4833,1,0.706933711,0,0,0,0
4834,1,0.706798797,0,0,0,0
4835,1,0.707707695,0,0,0,0
4837,1,0.707540669,0,0,0,0
4838,1,0.707562375,0,0,0,0
4839,2,0.707549486,0,0,0,0
4846,1,0.707034309,0,0,0,0
4848,1,0.704844135,0,0,0,0
4850,1,0.707957493,0,0,0,0
4851,1,0.707785577,0,0,0,0
4852,2,0.705055883,0,0,0,0
4853,1,0.706742574,0,0,0,0
4973,2,0.707717817,0,0,0,0
5034,1,0.707882074,0,0,0,0
5035,2,0.708295245,0,0,0,0
5036,1,0.705354221,0,0,0,0
5037,1,0.705341067,0,0,0,0
5234,2,0.705421532,0,0,0,0
5235,1,0.707838398,0,0,0,0
5236,1,0.704732266,0,0,0,0
4858,1,0.705759422,0,0,0,0
4859,2,0.707574156,0,0,0,0
4861,1,0.707074481,0,0,0,0
4862,2,0.70626175,0,0,0,0
4864,1,0.704844596,0,0,0,0
4865,2,0.708280189,0,0,0,0
4866,1,0.70772206,0,0,0,0
4868,1,0.704674311,0,0,0,0
4869,1,0.70724685,0,0,0,0
4872,2,0.706930342,0,0,0,0
4873,1,0.707429367,0,0,0,0
4874,1,0.707819913,0,0,0,0
4875,1,0.704667442,0,0,0,0
4877,1,0.706879713,0,0,0,0
4878,2,0.707443593,0,0,0,0
4879,1,0.708285824,0,0,0,0
4882,5,0.706892379,14.546156049230174,1.322473207481379e-4,0.21619400953453088,17.163850770617824
4884,3,0.706816518,0,0,0,0
4895,3,0.707679884,45.420001807519526,4.1293889100948625e-4,0.6750602888213182,53.59368690855718
4896,4,0.708326299,41.64945347463521,3.7865870639661056e-4,0.6190200566478745,49.144598868390496
4972,4,0.708383549,40.97569287195788,3.725331681975038e-4,0.6090062079261758,48.34958976768123
4976,3,0.706951675,0,0,0,0
4977,3,0.706960953,0,0,0,0
4978,5,0.707897539,0,0,0,0
4987,3,0.706590389,0,0,0,0
4999,3,0.707567913,43.15073020511976,3.923076611195054e-4,0.6413329642425598,50.916042106056125
5001,4,0.708122922,0,0,0,0
5002,3,0.705504558,0,0,0,0
5008,3,0.707567188,43.145133575376306,3.922567789973636e-4,0.6412497836538171,50.90943831895183
5016,3,0.707580266,43.24067161644679,3.931253692914823e-4,0.642669729383273,51.022169178864324
5017,7,0.708953486,0,0,0,0
5020,3,0.708278675,0,0,0,0
5022,3,0.706845799,14.581769586626981,1.325711035322048e-4,0.21672332005598177,17.205873243030734
5023,4,0.708114016,0,0,0,0
5029,7,0.70895413,0,0,0,0
5031,3,0.705412873,30.330469444654497,2.757514292788781e-4,0.4507902828838043,35.78867500038847
5042,3,0.706953905,0,0,0,0
5043,5,0.707934902,0,0,0,0
5046,3,0.708223738,0,0,0,0
5070,3,0.70686346,0,0,0,0
5075,3,0.707598547,42.56583003801434,3.869900033312182e-4,0.6326398145282317,50.225884572345485
5084,3,0.708231567,0,0,0,0
5086,3,0.705128188,21.851073121897684,1.9866044789169934e-4,0.3247642260173121,25.78334489007209
5094,3,0.707611793,42.644049926822866,3.8770114452131235e-4,0.6338023671180449,50.31818074284305
5097,4,0.706948934,16.189234524432457,1.4718547522613398e-4,0.240614462768474,19.102614087699024
5098,3,0.705413033,30.332009659026625,2.7576543223769434e-4,0.45081317450682323,35.7904923884014
5103,3,0.708240216,0,0,0,0
5108,3,0.707238606,22.135520202986125,2.0124651697010478e-4,0.3289918552791443,26.11898045148202
5109,3,0.706216102,48.67327168848727,4.425162050416265e-4,0.7234124072286802,57.43240818753253
5112,3,0.706936708,0,0,0,0
5131,3,0.705415866,31.160734108381984,2.8329983429517275e-4,0.46313019220545526,36.76835229383329
5132,4,0.707614827,42.66029888461549,3.8784887297450317e-4,0.6340438692251348,50.33735382786887
5137,4,0.707781674,44.05713218017078,4.0054827343767607e-4,0.6548044735934216,51.98555821638222
5143,4,0.706862956,0,0,0,0
5157,3,0.706809964,17.03583330063027,1.548823828848923e-4,0.253197139818946,20.10156494509863
5161,7,0.70895566,0,0,0,0
5168,4,0.707576404,0,0,0,0
5169,3,0.708248974,0,0,0,0
5208,6,0.705059446,19.286784815350952,1.7534705451004834e-4,0.28665217987133457,22.757592816641136
5300,3,0.705965824,53.91255478442247,4.901494869707797e-4,0.8012818880566867,63.61454131598962
5301,3,0.705517137,37.784254136190206,3.4351799603046e-4,0.5615730624178857,44.58382663280928
5305,4,0.708422392,41.87114978337976,3.806742727601221e-4,0.6223150449406081,49.40619116444521
5369,3,0.708258333,0,0,0,0
5370,4,0.706897612,0,0,0,0
5371,7,0.708974933,0,0,0,0
5503,3,0.705594283,43.460398462196984,3.9512303015450047e-4,0.6459354462932483,51.281437591632
5614,4,0.706411463,35.28975827158386,3.2083912515935045e-4,0.5244983149099285,41.64042669793146
5194,4,0.705085495,20.135327424512543,1.8306163465221543e-4,0.299263747375125,23.758837314972432
5195,5,0.707957807,0,0,0,0
5197,4,0.708407267,41.83956703739237,3.8038713617746995e-4,0.6218456425456376,49.368924855929116
5201,3,0.707616036,42.66660024897279,3.8790616223707467e-4,0.6341375240175989,50.344789172100974
5202,4,0.706872205,0,0,0,0
5212,3,0.705067857,19.304276892661484,1.7550608486492753e-4,0.28691215799311826,22.778232730279484
5214,5,0.708045922,0,0,0,0
5216,3,0.707726792,44.77470166856064,4.070721029613661e-4,0.6654694371954624,52.832259954943865
5218,3,0.705591603,0,0,0,0
5263,3,0.708149789,0,0,0,0
5335,4,0.708106665,0,0,0,0
5496,3,0.707858837,45.54620333214104,4.140862603522212e-4,0.6769359742962269,53.74259938607338
5219,3,0.70728393,29.00846733190927,2.6373236136552466e-4,0.43114186605119115,34.228768252185986
5517,4,0.706914633,0,0,0,0
5518,3,0.705429699,31.29748814014571,2.845431424407096e-4,0.46516271559836747,36.92971628480994
5519,3,0.705968267,53.91420281850583,4.901644701794906e-4,0.8013063821632483,63.61648592671536
5521,4,0.707620578,43.4911136431311,3.9540227921322664e-4,0.646391954397331,51.31768020996783
5523,4,0.707625278,42.71857541852403,3.8837869786059737e-4,0.6349100112825155,50.40611768053549
5524,3,0.707870299,45.50828195271221,4.137414956727029e-4,0.6763723631925063,53.697853757377416
5592,3,0.706911883,0,0,0,0
5246,3,0.705067783,19.304131791610384,1.7550476566931456e-4,0.28691000141113754,22.77806151715766
5685,3,0.705561288,41.484597860499264,3.7715991089311247e-4,0.6165698700766797,48.950076195173494
5445,4,0.706908656,0,0,0,0
5474,3,0.706482364,0,0,0,0
5476,3,0.707862561,45.53492530286712,4.139837254179233e-4,0.6767683532174948,53.729291787090595
5729,5,0.706269917,46.531447711328056,4.2304367349894326e-4,0.6915792884465018,54.905146208733846
6082,3,0.708125566,48.53664784688022,4.412740805283393e-4,0.7213818188027709,57.27119781545104
5280,3,0.705041464,19.242643507135423,1.7494574094472807e-4,0.28599612432120036,22.705507934252477
5281,4,0.706890484,0,0,0,0
5287,7,0.708965274,0,0,0,0
5299,4,0.707787547,44.054703703466636,4.005261947842823e-4,0.6547683800636978,51.982692716272865
5312,3,0.707549844,42.20238840149837,3.8368575013093034e-4,0.6272381190999513,49.797038766492925
5315,3,0.705042761,19.24613389656007,1.7497747404646405e-4,0.28604800065760144,22.70962644659438
5316,4,0.707502595,0,0,0,0
5317,3,0.706759508,0,0,0,0
5318,4,0.707483725,0,0,0,0
5319,3,0.70784012,44.79192695006517,4.072287077248787e-4,0.6657254500322023,52.8525850607811
5322,7,0.708971289,0,0,0,0
5323,3,0.705068308,19.305157846415963,1.7551409411309857e-4,0.28692525127520263,22.77927221856261
5327,3,0.705060611,19.289327866214563,1.7537017482184073e-4,0.28668997627340764,22.76059350942742
5328,5,0.70691034,16.148036291956267,1.4681091882469738e-4,0.24000214903867362,19.054001910582176
5329,4,0.707480609,0,0,0,0
5394,7,0.708976558,0,0,0,0
5420,4,0.707939995,0,0,0,0
5426,3,0.707577805,43.223571159666754,3.9296989938004484e-4,0.642415571769149,51.0019913609385
5430,3,0.707854418,45.55828270143825,4.141960807212917e-4,0.6771155053883019,53.75685253249357
5434,4,0.708453995,41.910376271170406,3.8103090291692203e-4,0.622898053375738,49.452476765975646
5438,4,0.705149908,21.89273037552743,1.9903917751371182e-4,0.32538336200471185,25.8324986927946
5440,3,0.705227034,24.46391381675851,2.2241525845935676e-4,0.36359788792669645,28.866386734406078
5450,3,0.705727852,0,0,0,0
5458,3,0.707863281,45.532628972448926,4.1396284818105526e-4,0.6767342237279825,53.726582214026436
5459,3,0.707943973,0,0,0,0
5460,4,0.707631691,42.75541470636266,3.887136246342714e-4,0.6354575396686591,50.449586486783545
5464,4,0.707625518,42.720004501468146,3.8839169046083117e-4,0.6349312512011992,50.407803938149435
5469,4,0.707619797,43.48674072591785,3.9536252255288634e-4,0.6463269613845725,51.31252035204891
5471,3,0.705687554,46.09274149696994,4.1905514750980476e-4,0.6850589640962886,54.38749137470752
5472,5,0.70651697,28.477116146112213,2.589015476123802e-4,0.42324459457001024,33.60179625842038
5473,4,0.707968971,0,0,0,0
5481,4,0.707634521,42.77078039873396,3.888533228226222e-4,0.6356859141362355,50.46771735585684
5483,4,0.707787759,44.05456996118117,4.0052497885762346e-4,0.6547663923027497,51.982534906015516
5484,4,0.707620632,43.491414448739675,3.9540501400691817e-4,0.6463964251571928,51.31803514790188
5485,4,0.707620386,43.49004249126708,3.953925407666122e-4,0.6463760342727621,51.31641629593553
5491,4,0.70764302,43.61866014394971,3.965618764942522e-4,0.648287629744189,51.46817970268302
5937,4,0.708040762,0,0,0,0
6127,3,0.706120717,48.62536662547009,4.42080673055523e-4,0.722700412416055,57.37588223318411
6006,4,0.706984951,0,0,0,0
6007,3,0.706825212,0,0,0,0
6104,3,0.707952458,0,0,0,0
6105,3,0.706096202,49.55715154145046,4.5055205602672753e-4,0.736549178806833,58.47534914348486
6106,3,0.708247776,0,0,0,0
6239,3,0.705500641,36.00089024450605,3.273044275938225e-4,0.5350676001571048,42.479532439691845
6241,5,0.706849024,14.578934806225396,1.3254533094240513e-4,0.21668118778824763,17.20252832169099
5618,3,0.707889843,0,0,0,0
5619,3,0.70735544,33.87164247610787,3.0794623346840517e-4,0.5034213968038266,39.967109856930435
5624,4,0.705756729,49.854370903166675,4.5325424512248676e-4,0.7409666376394793,58.826055457467064
5625,3,0.707697726,44.686939502876236,4.0627420754242957e-4,0.6641650613575757,52.72870430010176
5626,3,0.707956737,0,0,0,0
5630,3,0.70549813,35.97290371118612,3.270499862117788e-4,0.5346516469093237,42.446509510481924
5660,3,0.706571637,0,0,0,0
5794,3,0.705496964,35.959792833154246,3.269307878141744e-4,0.5344567848935006,42.431039227250444
5851,3,0.706742991,0,0,0,0
5856,4,0.706373503,37.31281391950428,3.392318667370144e-4,0.5545662249856315,44.02754705633015
6693,3,0.707801618,44.04673826886458,4.00453776519199e-4,0.6546499928252771,51.97329383932076
5864,4,0.707647746,45.246353412853196,4.1136015537176064e-4,0.6724794184824402,53.38878912507933
5927,4,0.70803769,0,0,0,0
6028,3,0.707731101,44.78702435842782,4.0718413549517297e-4,0.6656525846690369,52.84680020937652
5720,4,0.706930454,0,0,0,0
4880,1,0.705208415,0,0,0,0
4881,1,0.707553836,0,0,0,0
4883,1,0.707133949,0,0,0,0
4885,2,0.706880111,0,0,0,0
4886,1,0.706821885,0,0,0,0
4887,1,0.706763806,0,0,0,0
4894,2,0.706889401,0,0,0,0
4897,1,0.707891378,0,0,0,0
4898,2,0.705974507,0,0,0,0
4899,1,0.705348078,0,0,0,0
4900,1,0.70711724,0,0,0,0
4971,2,0.704948006,0,0,0,0
4991,1,0.707207397,0,0,0,0
4992,1,0.707627146,0,0,0,0
4993,1,0.706763723,0,0,0,0
4997,1,0.7071725,0,0,0,0
4998,1,0.706763535,0,0,0,0
5000,1,0.704708546,0,0,0,0
5003,1,0.707110327,0,0,0,0
5004,1,0.706834426,0,0,0,0
5005,1,0.707457134,0,0,0,0
5006,2,0.705174023,0,0,0,0
5007,1,0.706736121,0,0,0,0
5012,2,0.705603014,0,0,0,0
5013,1,0.70738370800000006,0,0,0,0
5014,1,0.705843119,0,0,0,0
5015,2,0.707849072,0,0,0,0
5018,1,0.70690917,0,0,0,0
5019,1,0.707588911,0,0,0,0
5021,1,0.704792625,0,0,0,0
5027,1,0.706861779,0,0,0,0
5028,1,0.707990671,0,0,0,0
5030,1,0.704843397,0,0,0,0
5032,1,0.705608896,0,0,0,0
5044,1,0.707706612,0,0,0,0
5045,1,0.707568026,0,0,0,0
5047,1,0.704949656,0,0,0,0
5062,1,0.706840068,0,0,0,0
5066,1,0.706683174,0,0,0,0
5067,1,0.704835872,0,0,0,0
5068,1,0.707927384,0,0,0,0
5069,1,0.706932161,0,0,0,0
5071,2,0.707606036,0,0,0,0
5076,1,0.706782341,0,0,0,0
5077,1,0.7069596,0,0,0,0
5078,2,0.705604929,0,0,0,0
5079,1,0.704846247,0,0,0,0
5080,1,0.704816834,0,0,0,0
5081,2,0.708306749,0,0,0,0
5082,1,0.70756649,0,0,0,0
5083,2,0.706727184,0,0,0,0
5085,1,0.708246434,0,0,0,0
5087,2,0.707823732,0,0,0,0
5088,1,0.705131864,0,0,0,0
5089,1,0.708055497,0,0,0,0
5090,2,0.706731051,0,0,0,0
5091,2,0.706902078,0,0,0,0
5092,2,0.705074535,0,0,0,0
5093,1,0.708294645,0,0,0,0
5095,2,0.707533209,0,0,0,0
5096,2,0.707290884,0,0,0,0
5102,1,0.70762189,0,0,0,0
5104,1,0.706899464,0,0,0,0
5110,1,0.706958136,0,0,0,0
5111,2,0.705432191,0,0,0,0
5113,1,0.706274447,0,0,0,0
5126,1,0.707745415,0,0,0,0
5127,1,0.705439438,0,0,0,0
5128,1,0.707473433,0,0,0,0
5129,1,0.704931779,0,0,0,0
5130,1,0.708004177,0,0,0,0
5133,1,0.708277138,0,0,0,0
5134,1,0.707606863,0,0,0,0
5135,2,0.707102485,0,0,0,0
5136,1,0.705404902,0,0,0,0
5138,1,0.707054126,0,0,0,0
5139,2,0.70508864,0,0,0,0
5140,1,0.70539828,0,0,0,0
5141,2,0.708319252,0,0,0,0
5142,1,0.706895853,0,0,0,0
5156,1,0.708330118,0,0,0,0
5158,1,0.705216794,0,0,0,0
5159,2,0.705719924,0,0,0,0
5160,2,0.706525393,0,0,0,0
5162,1,0.706792387,0,0,0,0
5163,1,0.707854486,0,0,0,0
5164,1,0.704879174,0,0,0,0
5165,1,0.706807479,0,0,0,0
5166,1,0.704858786,0,0,0,0
5167,2,0.70664775,0,0,0,0
5343,2,0.707051791,0,0,0,0
5344,2,0.707601248,0,0,0,0
5204,1,0.707825633,0,0,0,0
5205,2,0.707569182,0,0,0,0
5206,1,0.707195416,0,0,0,0
5207,1,0.7071941,0,0,0,0
5209,2,0.706736703,0,0,0,0
5302,1,0.707542966,0,0,0,0
5303,1,0.707350269,0,0,0,0
5304,1,0.706802547,0,0,0,0
5306,1,0.706827391,0,0,0,0
5307,2,0.706741968,0,0,0,0
5308,1,0.70832145,0,0,0,0
5366,1,0.708313987,0,0,0,0
5367,1,0.708193418,0,0,0,0
5368,1,0.707470126,0,0,0,0
5501,1,0.707528896,0,0,0,0
5502,1,0.70734062,0,0,0,0
5612,1,0.707834082,0,0,0,0
5613,1,0.707686386,0,0,0,0
5837,2,0.705245622,0,0,0,0
5838,2,0.707297634,0,0,0,0
5839,1,0.706850614,0,0,0,0
5196,2,0.708172404,0,0,0,0
5198,1,0.704772624,0,0,0,0
5199,2,0.707844455,0,0,0,0
5200,1,0.707499459,0,0,0,0
5203,1,0.70787442,0,0,0,0
5210,1,0.706788748,0,0,0,0
5211,1,0.70679843,0,0,0,0
5213,1,0.706815869,0,0,0,0
5215,1,0.707625098,0,0,0,0
5217,2,0.705410471,0,0,0,0
5261,1,0.707475851,0,0,0,0
5262,1,0.704911363,0,0,0,0
5264,2,0.708010659,0,0,0,0
5265,2,0.706681113,0,0,0,0
5334,1,0.707603737,0,0,0,0
5492,2,0.707254251,0,0,0,0
5493,1,0.707789406,0,0,0,0
5494,1,0.704846232,0,0,0,0
5495,1,0.707235583,0,0,0,0
5497,1,0.704517892,0,0,0,0
5220,1,0.707726981,0,0,0,0
5221,1,0.704941406,0,0,0,0
5225,2,0.707214197,0,0,0,0
5226,1,0.707606323,0,0,0,0
5227,1,0.707111658,0,0,0,0
5228,1,0.707154816,0,0,0,0
5229,1,0.707844419,0,0,0,0
5230,1,0.707606611,0,0,0,0
5231,1,0.705400778,0,0,0,0
5232,1,0.706866942,0,0,0,0
5233,1,0.70785957,0,0,0,0
5276,1,0.708006154,0,0,0,0
5277,2,0.706715505,0,0,0,0
5278,1,0.705538476,0,0,0,0
5435,1,0.705485038,0,0,0,0
5436,2,0.70804064,0,0,0,0
5437,1,0.705719229,0,0,0,0
5516,1,0.707261825,0,0,0,0
5520,1,0.706802335,0,0,0,0
5522,1,0.707608638,0,0,0,0
5591,1,0.707707744,0,0,0,0
5593,1,0.70719506,0,0,0,0
5594,2,0.706838962,0,0,0,0
5595,1,0.706814309,0,0,0,0
5596,1,0.707722745,0,0,0,0
5240,1,0.706777366,0,0,0,0
5241,1,0.707507602,0,0,0,0
5242,1,0.707575292,0,0,0,0
5243,1,0.708006876,0,0,0,0
5244,1,0.70512284,0,0,0,0
5245,2,0.704868511,0,0,0,0
5247,1,0.707118135,0,0,0,0
5248,2,0.707784554,0,0,0,0
5249,1,0.706753925,0,0,0,0
5250,2,0.705144139,0,0,0,0
5251,1,0.704890613,0,0,0,0
5252,1,0.70485123,0,0,0,0
5253,1,0.707881799,0,0,0,0
5254,2,0.706751281,0,0,0,0
5255,1,0.707620873,0,0,0,0
5256,1,0.706801005,0,0,0,0
5257,2,0.704906311,0,0,0,0
5408,1,0.706836276,0,0,0,0
5409,2,0.707881843,0,0,0,0
5410,1,0.704890916,0,0,0,0
5417,1,0.707954955,0,0,0,0
5418,1,0.707990365,0,0,0,0
5419,1,0.708197349,0,0,0,0
5546,1,0.708147125,0,0,0,0
5547,1,0.708280591,0,0,0,0
5548,1,0.706920472,0,0,0,0
5675,1,0.70809693,0,0,0,0
5676,1,0.706840558,0,0,0,0
5677,1,0.704865117,0,0,0,0
5684,2,0.708065821,0,0,0,0
5686,1,0.707984052,0,0,0,0
5444,1,0.706904688,0,0,0,0
5446,1,0.707053683,0,0,0,0
5447,1,0.708281291,0,0,0,0
5448,2,0.70754634,0,0,0,0
5449,1,0.706894534,0,0,0,0
5513,1,0.706890195,0,0,0,0
5514,1,0.706508241,0,0,0,0
5515,1,0.707613944,0,0,0,0
5475,1,0.704886896,0,0,0,0
5477,1,0.707704933,0,0,0,0
5478,1,0.704861958,0,0,0,0
5479,1,0.70519418,0,0,0,0
5690,2,0.706808358,0,0,0,0
5691,1,0.708290599,0,0,0,0
5692,2,0.707783162,0,0,0,0
5730,2,0.70832449,0,0,0,0
5731,1,0.706012466,0,0,0,0
6080,1,0.706991988,0,0,0,0
6081,1,0.707790714,0,0,0,0
5975,1,0.707739491,0,0,0,0
5976,1,0.706895564,0,0,0,0
5977,1,0.705527992,0,0,0,0
5549,2,0.708270724,0,0,0,0
5550,1,0.707883227,0,0,0,0
5551,1,0.707106358,0,0,0,0
5552,1,0.707077762,0,0,0,0
5553,2,0.706904899,0,0,0,0
5554,2,0.707581705,0,0,0,0
5807,1,0.707804755,0,0,0,0
5808,2,0.706826176,0,0,0,0
5809,2,0.706832847,0,0,0,0
5270,2,0.706685869,0,0,0,0
5271,2,0.70623389,0,0,0,0
5272,2,0.706733727,0,0,0,0
5273,1,0.706787072,0,0,0,0
5274,1,0.706803532,0,0,0,0
5275,1,0.70752935,0,0,0,0
5279,2,0.704993232,0,0,0,0
5282,2,0.706906711,0,0,0,0
5283,2,0.704941152,0,0,0,0
5284,2,0.706732237,0,0,0,0
5285,1,0.707370648,0,0,0,0
5286,1,0.706910021,0,0,0,0
5291,2,0.706797138,0,0,0,0
5292,1,0.707160195,0,0,0,0
5293,1,0.70488247,0,0,0,0
5294,1,0.70679828200000006,0,0,0,0
5295,1,0.70487319,0,0,0,0
5296,2,0.70762904,0,0,0,0
5297,2,0.708076592,0,0,0,0
5298,2,0.706793957,0,0,0,0
5309,2,0.706903394,0,0,0,0
5310,1,0.707622246,0,0,0,0
5311,2,0.706899053,0,0,0,0
5313,1,0.70680307,0,0,0,0
5314,2,0.70544503,0,0,0,0
5320,2,0.706782452,0,0,0,0
5321,1,0.707838974,0,0,0,0
5324,1,0.706873531,0,0,0,0
5325,1,0.706873681,0,0,0,0
5326,1,0.707662435,0,0,0,0
5393,2,0.707877427,0,0,0,0
5395,2,0.708097739,0,0,0,0
5396,2,0.705706296,0,0,0,0
5397,1,0.70762632,0,0,0,0
5398,2,0.708192249,0,0,0,0
5399,2,0.708029042,0,0,0,0
5400,2,0.707885069,0,0,0,0
5401,2,0.706749157,0,0,0,0
5441,1,0.70761849,0,0,0,0
5442,2,0.706348275,0,0,0,0
5443,2,0.707868981,0,0,0,0
5627,1,0.70757359,0,0,0,0
5628,1,0.707704585,0,0,0,0
5629,1,0.705809508,0,0,0,0
5687,2,0.706797124,0,0,0,0
5688,2,0.706751312,0,0,0,0
5689,2,0.707652378,0,0,0,0
5402,1,0.704777005,0,0,0,0
5403,1,0.707619659,0,0,0,0
5404,2,0.705618823,0,0,0,0
5405,1,0.706823873,0,0,0,0
5406,1,0.704848615,0,0,0,0
5407,1,0.705240942,0,0,0,0
5421,1,0.70823927,0,0,0,0
5422,2,0.705514903,0,0,0,0
5423,2,0.708185353,0,0,0,0
5424,1,0.707215605,0,0,0,0
5425,1,0.707493433,0,0,0,0
5427,1,0.705472926,0,0,0,0
5428,2,0.707230691,0,0,0,0
5429,1,0.708042235,0,0,0,0
5431,1,0.707950066,0,0,0,0
5432,1,0.706839306,0,0,0,0
5433,1,0.706827164,0,0,0,0
5439,1,0.707837071,0,0,0,0
5451,1,0.70753068,0,0,0,0
5452,1,0.706892797,0,0,0,0
5453,1,0.706785289,0,0,0,0
5454,1,0.707602309,0,0,0,0
5455,1,0.707583026,0,0,0,0
5456,2,0.707627426,0,0,0,0
5457,1,0.707845505,0,0,0,0
5461,2,0.706946513,0,0,0,0
5462,1,0.707992438,0,0,0,0
5463,1,0.707127092,0,0,0,0
5465,1,0.707189459,0,0,0,0
5466,2,0.707876272,0,0,0,0
5467,2,0.705573565,0,0,0,0
5468,2,0.708324455,0,0,0,0
5470,1,0.706912602,0,0,0,0
5480,2,0.707238799,0,0,0,0
5482,1,0.708284402,0,0,0,0
5486,1,0.706136185,0,0,0,0
5487,1,0.705415061,0,0,0,0
5488,2,0.706746203,0,0,0,0
5489,2,0.706903001,0,0,0,0
5490,2,0.707682429,0,0,0,0
5936,2,0.706629828,0,0,0,0
5938,1,0.70782165,0,0,0,0
6125,1,0.707117341,0,0,0,0
6126,1,0.70777458,0,0,0,0
6005,1,0.706996271,0,0,0,0
6167,1,0.706276986,0,0,0,0
6168,2,0.704876281,0,0,0,0
6169,1,0.706977804,0,0,0,0
6240,1,0.707696802,0,0,0,0
5620,2,0.707041168,0,0,0,0
5621,1,0.707955597,0,0,0,0
5622,2,0.707670681,0,0,0,0
5623,2,0.707706687,0,0,0,0
5631,1,0.7070724,0,0,0,0
5632,1,0.706832567,0,0,0,0
5645,1,0.707722434,0,0,0,0
5654,1,0.706885682,0,0,0,0
5655,1,0.707430921,0,0,0,0
5656,1,0.707838457,0,0,0,0
5657,2,0.706621367,0,0,0,0
5658,1,0.706883632,0,0,0,0
5659,1,0.706851107,0,0,0,0
5661,2,0.707673829,0,0,0,0
5670,1,0.707234443,0,0,0,0
5671,1,0.707867026,0,0,0,0
5672,1,0.707671517,0,0,0,0
5673,2,0.708219484,0,0,0,0
5674,1,0.706856067,0,0,0,0
5792,1,0.706834846,0,0,0,0
5793,1,0.70684506,0,0,0,0
5849,1,0.707689533,0,0,0,0
5850,1,0.706878205,0,0,0,0
5855,1,0.704941715,0,0,0,0
5857,2,0.707215799,0,0,0,0
6692,1,0.707024521,0,0,0,0
6694,2,0.705407097,0,0,0,0
5865,2,0.706847626,0,0,0,0
5866,1,0.704199827,0,0,0,0
5928,1,0.705442827,0,0,0,0
5929,1,0.707727823,0,0,0,0
5930,1,0.706862026,0,0,0,0
5931,1,0.705907525,0,0,0,0
5932,2,0.70508121,0,0,0,0
6182,2,0.707608089,0,0,0,0
6183,1,0.707607363,0,0,0,0
6184,2,0.707605751,0,0,0,0
6185,1,0.706887612,0,0,0,0
6186,1,0.707010112,0,0,0,0
6187,1,0.707001774,0,0,0,0
6026,1,0.706995747,0,0,0,0
6027,1,0.708042,0,0,0,0
5721,1,0.70832968,0,0,0,0
5722,1,0.706836814,0,0,0,0
5723,1,0.704196887,0,0,0,0
5724,1,0.706856565,0,0,0,0
5725,1,0.707228071,0,0,0,0
6129,3,0.706100746,48.735446214834845,4.430814687786869e-4,0.7243364836717281,57.505771506910655
6130,4,0.706064325,0,0,0,0
6030,4,0.7069879,0,0,0,0
6219,5,0.707010627,14.698011240745206,1.336279220665612e-4,0.21845097574685238,17.34303349333071
5897,4,0.705965925,0,0,0,0
5954,3,0.707714866,45.5401786731943,4.1403148677482854e-4,0.6768464320715067,53.7354905425579
5956,3,0.70730977,30.11929802545326,2.7383155063097765e-4,0.4476517220391592,35.53950163019206
5709,5,0.706282075,46.389980077668035,4.2175751133618366e-4,0.6894767085733855,54.738220366277936
5710,4,0.707635451,42.775710606196164,3.888981461233899e-4,0.6357591899429493,50.47353479277028
5712,3,0.708116008,48.58676246252158,4.4172970080537063e-4,0.7221266533594136,57.33033094872583
5713,4,0.705810642,51.80819656904395,4.710175778302292e-4,0.770005608705642,61.13148735627413
5715,3,0.706794905,0,0,0,0
5875,3,0.706881948,13.754945607745562,1.250539797252476e-4,0.20443454833040078,16.230255812620985
5876,3,0.707679964,45.42034182037606,4.129419822584144e-4,0.6750653423036608,53.594088109390576
6450,3,0.708196664,48.252131040871674,4.386873775413024e-4,0.717153153245852,56.935479981575476
6454,3,0.706185117,48.94952799435528,4.4502780715610787e-4,0.727518300099805,57.758378979562615
6677,4,0.706415862,35.23877970009296,3.203756501717028e-4,0.5237406397046264,41.580274133184616
6678,7,0.708652858,0,0,0,0
6680,5,0.707814989,44.03754042811296,4.0037015375371006e-4,0.6545132888008997,51.96244077507902
6681,5,0.70769909,44.691895409960864,4.0631926449298067e-4,0.6642387191280464,52.73455206148599
6768,5,0.706962095,14.609977090287764,1.3282755388042784e-4,0.21714255750226966,17.239156907925206
6769,4,0.707726884,44.774978703368596,4.0707462164128283e-4,0.6654735546589153,52.83258684433553
7046,3,0.705909214,0,0,0,0
7120,3,0.705576872,42.46680349901041,3.860896971319785e-4,0.6311680205748924,50.10903743197096
6662,3,0.706902995,0,0,0,0
7341,3,0.706069792,51.2944528442013,4.6634684344984255e-4,0.7623700302496544,60.525291423981265
7342,3,0.70746455,0,0,0,0
7343,7,0.708579918,0,0,0,0
7344,4,0.705848616,53.62358953251202,4.8752234064943325e-4,0.7969871069327086,63.27357450352734
8526,3,0.708286589,41.60371675434323,3.782428880389668e-4,0.6183402890921424,49.09063146702535
8527,5,0.707900445,45.37506558833262,4.125303504595356e-4,0.6743924188104052,53.54066406474129
8205,3,0.708262727,42.42423922850785,3.857027213072649e-4,0.6305354039391491,50.058813387584685
5727,3,0.70551222,36.929475852543945,3.3574672384945704e-4,0.5488688164453348,43.57522430152563
5735,7,0.708989634,0,0,0,0
5738,4,0.705816677,52.6421075950824,4.7859913398586745e-4,0.782399712529645,62.11546720348979
5739,4,0.707815765,44.03661488971905,4.003617391613992e-4,0.6544995328742012,51.96134867880136
5740,3,0.705447029,30.668442332077618,2.7882413169565064e-4,0.45581344593792505,36.18746875625171
5752,3,0.705689862,46.113408278467176,4.192430408936133e-4,0.6853661266443144,54.41187730541849
5764,4,0.706952986,0,0,0,0
5768,4,0.705916912,0,0,0,0
5772,3,0.707129475,19.817880091992865,1.8017554164851825e-4,0.2945456478716412,23.384262848394588
5773,3,0.706751015,0,0,0,0
5785,3,0.706751863,0,0,0,0
5786,4,0.705923256,0,0,0,0
5806,7,0.708988379,0,0,0,0
5869,3,0.706751246,0,0,0,0
5989,4,0.70765573,45.29637412819156,4.118149219480998e-4,0.6732228574344346,53.447811459956085
6048,4,0.706040354,0,0,0,0
6275,4,0.707434835,37.16711991506,3.379072802502743e-4,0.5524008301638416,43.8556342745621
5814,4,0.707466566,0,0,0,0
5815,4,0.707442437,0,0,0,0
5829,3,0.706797992,0,0,0,0
5833,3,0.707729212,44.781786526439156,4.0713651540607963e-4,0.6655747367554667,52.84061978849345
5834,3,0.70549027,35.08695227110912,3.1899530125813165e-4,0.5214840861162937,41.40112416908787
5835,3,0.705838942,53.57150740761968,4.87048832634493e-4,0.7962130300310553,63.21211979230031
5840,4,0.705950054,0,0,0,0
5843,3,0.70738889,35.86792572065189,3.26095572005119e-4,0.5330913987853751,42.32263990825637
5900,4,0.705963338,53.91035604705921,4.901294970074977e-4,0.801249209055797,63.6119468986151
5901,3,0.70540343,31.041087735568972,2.8221206154007496e-4,0.46135193346980274,36.62717461904017
5966,7,0.708939094,0,0,0,0
6088,3,0.706829572,0,0,0,0
6225,4,0.705366684,29.910426470296393,2.719325813461366e-4,0.44454734320297407,35.29304200258969
6226,7,0.708846786,0,0,0,0
6229,3,0.705623744,45.39233205120573,4.1268732962613044e-4,0.6746490437102334,53.56103776285696
5870,4,0.705258055,22.94786919421296,2.0863204048838762e-4,0.34106549074409287,27.077518006825876
5871,4,0.705971623,53.91563809613838,4.901775190991359e-4,0.8013277141512406,63.618179493800454
5887,3,0.707716698,45.5458578975721,4.1408311981144314e-4,0.6769308402330256,53.74219178784796
5889,3,0.707738376,44.80479946638119,4.0734573904149037e-4,0.665916769368097,52.86777408723887
5890,4,0.705923154,53.05886804931393,4.823881386740726e-4,0.7885938653567429,62.60722696595319
5903,3,0.707944604,0,0,0,0
5908,4,0.707807355,44.0443548711586,4.0043210770443954e-4,0.6546145692876342,51.97048153052839
5912,3,0.708069411,0,0,0,0
5919,3,0.707402583,36.02592348313797,3.275320189057482e-4,0.5354396597041874,42.50907060570143
5922,3,0.705471327,32.49986387266982,2.9547461936291057e-4,0.48303317083765135,38.34846894863471
5934,3,0.708105487,0,0,0,0
5935,4,0.70819466,0,0,0,0
5940,3,0.707727463,44.7767082624952,4.0709034604020954e-4,0.6654992604413256,52.834627651174635
5941,4,0.70596251,53.90950690880093,4.901217770119729e-4,0.8012365886353858,63.61094495127592
5944,3,0.706811763,0,0,0,0
5945,3,0.70811667,48.58325070459256,4.416977734304919e-4,0.7220744594310233,57.326187222449825
5946,3,0.706064628,51.315877775700976,4.6654162960354904e-4,0.7626884608940968,60.55057193972622
5953,7,0.708967909,0,0,0,0
5961,3,0.70833374,42.46590596914213,3.8608153718099416e-4,0.6311546809283051,50.10797838457251
5969,3,0.707536561,40.493958423104154,3.681534482249301e-4,0.601846371219068,47.78116343132078
5970,3,0.707951361,0,0,0,0
5972,4,0.707369315,34.036005350052115,3.0944054919250605e-4,0.5058642599641255,40.16105111749859
5978,3,0.708365725,41.738521782228474,3.794684766893886e-4,0.6203438451783888,49.249695715608986
5980,4,0.707168922,0,0,0,0
6172,3,0.70805917,0,0,0,0
6175,5,0.707342354,33.70787205692237,3.064573040851522e-4,0.500987339074277,39.77386766799556
6233,5,0.70696033,15.406662978363682,1.4007067528097592e-4,0.22898339819583738,18.17921266201674
6234,3,0.70767493,0,0,0,0
6235,3,0.706145566,50.06591557641336,4.551775172337394e-4,0.7441107460176714,59.0756692516981
6284,3,0.706486911,31.998791753258438,2.909190897048018e-4,0.4755859256551521,37.75722497642741
6575,3,0.707828461,44.01537377646418,4.0016862420318226e-4,0.6541838342507293,51.936285060834216
6576,7,0.708784428,0,0,0,0
6578,4,0.706242686,0,0,0,0
6580,4,0.706250526,0,0,0,0
6299,4,0.705410725,30.30968086621691,2.755624285702903e-4,0.4504813101139719,35.7641453544237
6300,4,0.706109563,0,0,0,0
6195,5,0.706966327,14.619662225881614,1.3291560691856618e-4,0.21728650400537558,17.25058495953303
6197,3,0.705519464,37.81108573755636,3.437619372737717e-4,0.5619718503493467,44.61548679101374
6373,3,0.705655647,45.76807808706824,4.16103449070771e-4,0.6802336147670055,54.004402241099086
6375,3,0.707899014,0,0,0,0
6483,3,0.707690407,45.46077528885713,4.1330958575840976e-4,0.6756662896357756,53.64179789724097
6650,3,0.706783864,0,0,0,0
6652,4,0.7063375,0,0,0,0
6874,5,0.707935652,46.05706709316666,4.187308113548574e-4,0.6845287489404851,54.34539708250152
6876,5,0.707728072,0,0,0,0
6985,3,0.707061208,0,0,0,0
6988,4,0.707863629,45.53150562964511,4.1395263523712813e-4,0.6767175279092372,53.72525671688591
6989,3,0.705607611,42.810515501068295,3.892145770815195e-4,0.6362764819167441,50.51460310110209
7214,5,0.707827454,0,0,0,0
7217,3,0.70701474,0,0,0,0
7219,4,0.707785913,44.055626786420135,4.0053458705279746e-4,0.6547820994961151,51.983781915234374
7996,3,0.708991609,61.06351480472142,5.551629035917045e-4,0.9075638991651389,72.05237260555296
7997,4,0.708116829,48.58240258751057,4.416900627190576e-4,0.7220618541879688,57.32518648005561
7639,4,0.705899996,53.81471185143075,4.892599416023331e-4,0.7998276855913408,63.49909078080041
7640,3,0.708833233,61.64893229138123,5.604852646242583e-4,0.9162647376041236,72.74314055452399
7681,4,0.707164349,20.024487468231495,1.820539260039375e-4,0.29761637507388394,23.628050840347033
6378,3,0.70685778,0,0,0,0
6379,3,0.706563267,24.0291540375095,2.1846261174085987e-4,0.3571362179472131,28.35338852739924
6513,3,0.708281263,0,0,0,0
5985,4,0.705269219,23.784061436442823,2.1623433646892124e-4,0.3534934994205783,28.06418959295541
5992,4,0.707804381,44.045883712169505,4.0044600726160483e-4,0.6546372918726916,51.972285498454646
5993,3,0.707435493,37.17375832402822,3.379676337757766e-4,0.5524994943227377,43.86346731722294
5998,4,0.705974372,0,0,0,0
5999,3,0.70545799,30.769520350610872,2.797430890540285e-4,0.45731573025472677,36.30673655596615
6002,4,0.706971171,0,0,0,0
6003,3,0.706860561,0,0,0,0
6008,4,0.707030239,0,0,0,0
6011,3,0.706830134,0,0,0,0
6247,3,0.707472103,38.33963407945923,3.4856726878994395e-4,0.5698274642230104,45.239151547171666
6516,3,0.70823101,47.32202883784547,4.302312930640109e-4,0.7033293963805614,55.83799860160572
6017,4,0.70697227,0,0,0,0
6018,4,0.705999875,0,0,0,0
6019,4,0.707687288,45.44952092248654,4.1320726595693157e-4,0.6754990202498159,53.628518219486324
6023,3,0.706821368,0,0,0,0
6032,3,0.707727486,44.77677646960975,4.0709096614961336e-4,0.6655002741778429,52.83470813269372
6036,4,0.708096271,48.68919326404473,4.4266095707800213e-4,0.7236490435775703,57.451194975325585
6121,4,0.706050471,0,0,0,0
6140,3,0.707904788,0,0,0,0
6147,3,0.707768786,44.05382366825851,4.0051819388713496e-4,0.6547553004336201,51.9816543118357
6150,3,0.706986319,0,0,0,0
6151,4,0.706439622,34.966224034306435,3.1789769266643455e-4,0.5196897480458048,41.25866994040587
6155,4,0.70738046,34.96732379497861,3.1790769121188306e-4,0.5197060933722568,41.259967611625456
6157,3,0.706827532,0,0,0,0
6158,3,0.708066327,48.84312904461909,4.4406047420674275e-4,0.7259369327972764,57.63283270539632
6160,4,0.706372234,37.32646735628421,3.393559978426508e-4,0.5547691508466899,44.04365753600628
6161,7,0.708870756,0,0,0,0
6163,4,0.705357174,29.02819797745721,2.639117438086605e-4,0.43143511516506544,34.252049581950814
6190,4,0.705331757,26.462857093715282,2.4058878085320091e-4,0.3933074249627886,31.225055511813533
6191,4,0.706381003,37.23024637366602,3.384811985411761e-4,0.5533390548156026,43.93012083386508
6128,1,0.706875031,0,0,0,0
6029,1,0.708012347,0,0,0,0
6031,1,0.707273959,0,0,0,0
6218,1,0.706887573,0,0,0,0
6220,1,0.706905415,0,0,0,0
5898,1,0.706845792,0,0,0,0
5899,2,0.706985096,0,0,0,0
5955,1,0.704895149,0,0,0,0
5693,2,0.705363982,0,0,0,0
5694,2,0.707054457,0,0,0,0
5695,1,0.704913952,0,0,0,0
5696,1,0.706938434,0,0,0,0
5697,1,0.707958899,0,0,0,0
5698,2,0.706893019,0,0,0,0
5699,2,0.707712717,0,0,0,0
5700,1,0.706861954,0,0,0,0
5711,2,0.705702405,0,0,0,0
5714,1,0.706833218,0,0,0,0
5716,1,0.706865156,0,0,0,0
5877,1,0.707054722,0,0,0,0
5878,1,0.707729463,0,0,0,0
5879,1,0.704885863,0,0,0,0
5880,2,0.707314659,0,0,0,0
5881,2,0.705451177,0,0,0,0
5882,1,0.707710952,0,0,0,0
6448,1,0.708120339,0,0,0,0
6449,1,0.708414003,0,0,0,0
6451,2,0.707730227,0,0,0,0
6452,1,0.707705782,0,0,0,0
6453,1,0.707862565,0,0,0,0
6458,1,0.708318178,0,0,0,0
6591,2,0.705090452,0,0,0,0
6592,1,0.70489358,0,0,0,0
6679,2,0.707453539,0,0,0,0
6682,2,0.708373467,0,0,0,0
6767,2,0.707947678,0,0,0,0
6974,1,0.707253392,0,0,0,0
6975,2,0.70765836,0,0,0,0
6976,2,0.707671795,0,0,0,0
7047,2,0.707017113,0,0,0,0
6656,1,0.707047803,0,0,0,0
6657,1,0.705396909,0,0,0,0
6658,2,0.707922444,0,0,0,0
6659,1,0.706335975,0,0,0,0
6660,1,0.706987364,0,0,0,0
6661,2,0.703867835,0,0,0,0
7338,1,0.708405445,0,0,0,0
7339,1,0.70779479,0,0,0,0
7340,1,0.705386499,0,0,0,0
7345,1,0.705042807,0,0,0,0
8528,1,0.705797874,0,0,0,0
8628,2,0.70829472,0,0,0,0
8630,1,0.707282025,0,0,0,0
8206,1,0.707368172,0,0,0,0
5717,1,0.70484741,0,0,0,0
5718,1,0.707521571,0,0,0,0
5719,2,0.707886329,0,0,0,0
5726,1,0.706823481,0,0,0,0
5728,1,0.707884863,0,0,0,0
5732,2,0.707727372,0,0,0,0
5733,1,0.7048626,0,0,0,0
5734,2,0.705367775,0,0,0,0
5736,1,0.706925306,0,0,0,0
5737,1,0.707844265,0,0,0,0
5741,1,0.704895874,0,0,0,0
5750,1,0.706843097,0,0,0,0
5751,1,0.70686795,0,0,0,0
5753,1,0.706846801,0,0,0,0
5754,1,0.706864749,0,0,0,0
5755,1,0.706879898,0,0,0,0
5756,1,0.707400819,0,0,0,0
5757,1,0.706335027,0,0,0,0
5758,1,0.707500648,0,0,0,0
5759,1,0.707811287,0,0,0,0
5760,1,0.70689599,0,0,0,0
5761,1,0.707863442,0,0,0,0
5762,1,0.707711764,0,0,0,0
5763,1,0.706937477,0,0,0,0
5765,1,0.708151753,0,0,0,0
5766,1,0.707219661,0,0,0,0
5767,1,0.707163939,0,0,0,0
5769,2,0.706810331,0,0,0,0
5770,2,0.704513548,0,0,0,0
5771,1,0.707208779,0,0,0,0
5774,1,0.706845152,0,0,0,0
5775,1,0.704907095,0,0,0,0
5776,1,0.706822645,0,0,0,0
5777,2,0.70810144,0,0,0,0
5778,1,0.707176591,0,0,0,0
5779,1,0.70791004,0,0,0,0
5783,1,0.708340908,0,0,0,0
5784,1,0.704949838,0,0,0,0
5787,1,0.706836445,0,0,0,0
5788,1,0.707191971,0,0,0,0
5789,1,0.706843795,0,0,0,0
5790,2,0.705464886,0,0,0,0
5791,1,0.707301403,0,0,0,0
5795,2,0.707425335,0,0,0,0
5796,1,0.707870666,0,0,0,0
5797,2,0.706842189,0,0,0,0
5798,1,0.706871153,0,0,0,0
5799,1,0.706958627,0,0,0,0
5800,2,0.70504766,0,0,0,0
5801,2,0.70523056,0,0,0,0
5802,1,0.70762826,0,0,0,0
5803,2,0.70725417,0,0,0,0
5804,1,0.707938218,0,0,0,0
5805,1,0.707239153,0,0,0,0
5867,1,0.70773673,0,0,0,0
5868,2,0.706867516,0,0,0,0
5915,1,0.706960009,0,0,0,0
5916,1,0.706878678,0,0,0,0
5917,1,0.707684785,0,0,0,0
5987,2,0.70686588,0,0,0,0
5988,1,0.708366548,0,0,0,0
6047,1,0.706883704,0,0,0,0
6049,2,0.706794861,0,0,0,0
6276,1,0.707324733,0,0,0,0
6277,1,0.705159392,0,0,0,0
6554,1,0.70701304,0,0,0,0
6555,1,0.707797308,0,0,0,0
6556,1,0.705081336,0,0,0,0
5813,1,0.706831938,0,0,0,0
5827,1,0.70777774,0,0,0,0
5828,2,0.706862889,0,0,0,0
5830,2,0.706903141,0,0,0,0
5831,2,0.706829896,0,0,0,0
5832,1,0.706867369,0,0,0,0
5836,1,0.70788293,0,0,0,0
5841,1,0.707663461,0,0,0,0
5842,1,0.707858183,0,0,0,0
5844,1,0.706870601,0,0,0,0
5845,2,0.704916419,0,0,0,0
5858,2,0.707220438,0,0,0,0
5859,1,0.706876843,0,0,0,0
5860,1,0.706871113,0,0,0,0
5891,1,0.707841371,0,0,0,0
5892,2,0.707754926,0,0,0,0
5893,1,0.704917554,0,0,0,0
5894,1,0.705498175,0,0,0,0
5895,1,0.706880755,0,0,0,0
5896,1,0.707248056,0,0,0,0
5902,1,0.707642963,0,0,0,0
5967,2,0.707722447,0,0,0,0
5968,2,0.70684443,0,0,0,0
6086,2,0.708208754,0,0,0,0
6087,1,0.70772909,0,0,0,0
6224,2,0.706977406,0,0,0,0
6227,1,0.706996574,0,0,0,0
6228,1,0.70697965,0,0,0,0
5861,1,0.707962046,0,0,0,0
5862,2,0.706780245,0,0,0,0
5863,2,0.705686998,0,0,0,0
5872,1,0.706839384,0,0,0,0
5873,1,0.707446887,0,0,0,0
5874,1,0.70693094,0,0,0,0
5883,1,0.706917157,0,0,0,0
5884,1,0.707331256,0,0,0,0
5886,2,0.706855756,0,0,0,0
5888,1,0.708275329,0,0,0,0
5904,2,0.704536601,0,0,0,0
5905,1,0.707026472,0,0,0,0
5906,1,0.704961098,0,0,0,0
5907,1,0.707831522,0,0,0,0
5909,1,0.706868712,0,0,0,0
5910,2,0.704959451,0,0,0,0
5911,1,0.707716705,0,0,0,0
5913,1,0.70495187,0,0,0,0
5914,2,0.70493561,0,0,0,0
5918,1,0.705447877,0,0,0,0
5920,1,0.706985299,0,0,0,0
5921,1,0.705832933,0,0,0,0
5923,1,0.704923326,0,0,0,0
5924,2,0.706837031,0,0,0,0
5925,2,0.704956607,0,0,0,0
5926,1,0.707208592,0,0,0,0
5933,1,0.704909924,0,0,0,0
5939,1,0.70428354,0,0,0,0
5942,1,0.704965861,0,0,0,0
5943,1,0.707221466,0,0,0,0
5947,2,0.706497243,0,0,0,0
5948,1,0.70498723,0,0,0,0
5949,1,0.706215933,0,0,0,0
5950,1,0.708033929,0,0,0,0
5951,2,0.707749998,0,0,0,0
5952,1,0.707968456,0,0,0,0
5957,1,0.706854975,0,0,0,0
5958,1,0.704370895,0,0,0,0
5959,1,0.706862136,0,0,0,0
5960,2,0.706793771,0,0,0,0
5962,2,0.706840841,0,0,0,0
5963,1,0.705244193,0,0,0,0
5964,1,0.70685528500000006,0,0,0,0
5965,1,0.707771564,0,0,0,0
5971,1,0.707218979,0,0,0,0
5973,2,0.706954082,0,0,0,0
5974,2,0.704968674,0,0,0,0
5979,1,0.706869332,0,0,0,0
5981,1,0.707608432,0,0,0,0
5982,1,0.707550072,0,0,0,0
5983,1,0.706872738,0,0,0,0
6170,1,0.708208067,0,0,0,0
6171,2,0.707988571,0,0,0,0
6173,1,0.707258188,0,0,0,0
6174,1,0.706635729,0,0,0,0
6734,2,0.706922552,0,0,0,0
6735,1,0.707041593,0,0,0,0
6736,1,0.706975795,0,0,0,0
6285,2,0.708424969,0,0,0,0
6286,1,0.70692266,0,0,0,0
6577,1,0.708401868,0,0,0,0
6579,1,0.705086992,0,0,0,0
6179,1,0.707018627,0,0,0,0
6180,2,0.707586287,0,0,0,0
6181,2,0.704978357,0,0,0,0
6301,1,0.706973241,0,0,0,0
6350,1,0.707261588,0,0,0,0
6351,1,0.707005496,0,0,0,0
6352,1,0.706916273,0,0,0,0
6353,1,0.70691195,0,0,0,0
6354,1,0.705491569,0,0,0,0
6355,1,0.708223433,0,0,0,0
6194,1,0.706910249,0,0,0,0
6196,1,0.707294836,0,0,0,0
6198,2,0.707614042,0,0,0,0
6199,1,0.70776701,0,0,0,0
6371,1,0.705010833,0,0,0,0
6372,1,0.708087627,0,0,0,0
6374,1,0.707821082,0,0,0,0
6474,2,0.706904633,0,0,0,0
6475,1,0.707812328,0,0,0,0
6479,1,0.707835248,0,0,0,0
6480,1,0.70695139,0,0,0,0
6481,1,0.706969167,0,0,0,0
6482,2,0.706510532,0,0,0,0
6484,2,0.706038952,0,0,0,0
6642,2,0.706913046,0,0,0,0
6643,2,0.707890447,0,0,0,0
6647,1,0.706985342,0,0,0,0
6648,1,0.708425116,0,0,0,0
6649,2,0.706911241,0,0,0,0
6651,1,0.705030583,0,0,0,0
6873,1,0.707134811,0,0,0,0
6875,2,0.70697225,0,0,0,0
6877,1,0.70698604,0,0,0,0
6878,1,0.703987981,0,0,0,0
6879,2,0.708403808,0,0,0,0
6880,1,0.707830876,0,0,0,0
6986,2,0.707057146,0,0,0,0
6987,1,0.70794438,0,0,0,0
6990,1,0.706941276,0,0,0,0
6991,2,0.706990934,0,0,0,0
7139,2,0.707730126,0,0,0,0
7213,1,0.707085289,0,0,0,0
7215,1,0.707143793,0,0,0,0
7216,1,0.707002884,0,0,0,0
7218,1,0.707338395,0,0,0,0
7220,1,0.707164809,0,0,0,0
7320,2,0.707447602,0,0,0,0
7321,1,0.707580075,0,0,0,0
7539,1,0.70505122,0,0,0,0
7540,2,0.707182496,0,0,0,0
7541,1,0.707961385,0,0,0,0
7995,2,0.707153636,0,0,0,0
7638,1,0.707076605,0,0,0,0
7677,1,0.708135613,0,0,0,0
7678,1,0.70530259,0,0,0,0
7679,1,0.705703888,0,0,0,0
7680,1,0.707190092,0,0,0,0
6376,1,0.707294987,0,0,0,0
6377,1,0.706975543,0,0,0,0
6512,1,0.707153859,0,0,0,0
6514,2,0.706968207,0,0,0,0
5984,1,0.707740584,0,0,0,0
5986,2,0.706264525,0,0,0,0
5990,1,0.704937343,0,0,0,0
5991,1,0.706939953,0,0,0,0
5994,1,0.708003,0,0,0,0
5995,1,0.706865719,0,0,0,0
5996,1,0.706969245,0,0,0,0
5997,1,0.704890605,0,0,0,0
6000,1,0.707939844,0,0,0,0
6001,1,0.706872847,0,0,0,0
6004,2,0.706840824,0,0,0,0
6009,1,0.705687419,0,0,0,0
6010,2,0.706878022,0,0,0,0
6012,1,0.707788113,0,0,0,0
6013,1,0.708049604,0,0,0,0
6245,2,0.706172371,0,0,0,0
6246,1,0.707750728,0,0,0,0
6293,1,0.707808153,0,0,0,0
6294,1,0.707733189,0,0,0,0
6295,1,0.70701025,0,0,0,0
6608,2,0.708393714,0,0,0,0
6609,2,0.706054714,0,0,0,0
6610,1,0.707657951,0,0,0,0
6509,2,0.707842321,0,0,0,0
6510,1,0.706915368,0,0,0,0
6511,1,0.706058858,0,0,0,0
6515,2,0.705862973,0,0,0,0
6517,2,0.703874187,0,0,0,0
6572,1,0.70783907,0,0,0,0
6573,2,0.707153508,0,0,0,0
6574,1,0.708343552,0,0,0,0
6014,1,0.705551604,0,0,0,0
6015,2,0.705203958,0,0,0,0
6016,1,0.707956601,0,0,0,0
6020,1,0.70689705,0,0,0,0
6021,1,0.707288982,0,0,0,0
6022,1,0.70793256,0,0,0,0
6024,2,0.705621113,0,0,0,0
6025,1,0.707001701,0,0,0,0
6033,1,0.704973921,0,0,0,0
6034,2,0.706874511,0,0,0,0
6035,1,0.704325948,0,0,0,0
6037,1,0.706935424,0,0,0,0
6119,1,0.705014992,0,0,0,0
6120,1,0.706878275,0,0,0,0
6122,1,0.706886084,0,0,0,0
6123,2,0.706944207,0,0,0,0
6138,2,0.706206862,0,0,0,0
6139,2,0.708056718,0,0,0,0
6141,1,0.707516841,0,0,0,0
6142,1,0.708045442,0,0,0,0
6143,1,0.706896595,0,0,0,0
6144,2,0.707002377,0,0,0,0
6145,1,0.707869264,0,0,0,0
6146,2,0.705804771,0,0,0,0
6148,1,0.706984423,0,0,0,0
6149,1,0.707232015,0,0,0,0
6152,2,0.707359258,0,0,0,0
6153,2,0.705620176,0,0,0,0
6154,2,0.706026661,0,0,0,0
6156,1,0.704086251,0,0,0,0
6159,1,0.704929858,0,0,0,0
6162,1,0.707824653,0,0,0,0
6164,2,0.704586427,0,0,0,0
6165,1,0.704915493,0,0,0,0
6166,1,0.707535038,0,0,0,0
6176,1,0.70701921,0,0,0,0
6177,2,0.707565217,0,0,0,0
6178,1,0.707272831,0,0,0,0
6188,2,0.707589114,0,0,0,0
6189,1,0.706971435,0,0,0,0
6192,2,0.708320784,0,0,0,0
6193,1,0.704942992,0,0,0,0
6200,1,0.707772768,0,0,0,0
6201,1,0.70837308,0,0,0,0
6204,3,0.706857837,0,0,0,0
6214,4,0.706072815,0,0,0,0
6216,3,0.706832545,0,0,0,0
6222,3,0.708312228,0,0,0,0
6230,3,0.707460305,36.62282965250366,3.3295883004193314e-4,0.5443112500841005,43.21339471582233
6232,5,0.707323361,31.876059729798182,2.89803263556802e-4,0.47376180606229495,37.612406363983105
6398,3,0.706998699,0,0,0,0
6400,3,0.708199174,48.24245941316538,4.3859944731099946e-4,0.717009407505364,56.92406786870538
6401,3,0.706889383,0,0,0,0
6457,5,0.70712386,19.789779700093458,1.7992006511381782e-4,0.2941280023869054,23.35110557086196
6548,4,0.707936602,46.05514129186247,4.187133028074508e-4,0.6845001264848954,54.34312471816781
6731,5,0.705616215,43.705833652195444,3.9735442009592245e-4,0.6495832565894567,51.57104076656939
6733,3,0.707821171,44.02897520779414,4.002922824978987e-4,0.6543859871744765,51.95233417627228
6288,4,0.706381996,37.21907492778644,3.3837963261671756e-4,0.5531730178455033,43.916938998793306
6416,5,0.707923931,45.28951417336853,4.1175255422409575e-4,0.6731209005233856,53.43971700252849
6418,5,0.707162698,20.01462334639531,1.8196424570077335e-4,0.29746976836603045,23.61641159252057
6248,4,0.706077676,0,0,0,0
6259,3,0.705602687,42.75542645936664,3.8871373148746907e-4,0.6354577143491071,50.44960035483266
6260,3,0.705585833,42.568086341110074,3.870105166570891e-4,0.6326733491068063,50.22854691485696
6264,3,0.707679404,0,0,0,0
6266,4,0.706096603,0,0,0,0
6268,4,0.708066686,48.84148712282049,4.4404554656826505e-4,0.7259125295352888,57.63089530690885
6646,3,0.708225221,47.34396146889177,4.304306950010596e-4,0.7036553727711274,55.86387818140752
6328,5,0.70686901,13.764583293837555,1.2514160137316367e-4,0.20457778960952713,16.24162787581742
6329,3,0.70843403,41.091197541893415,3.735832863923846e-4,0.6107229101001943,48.48588040772203
6330,3,0.707786964,44.05505493968145,4.005293880710999e-4,0.6547736003545648,51.98310716019577
6333,3,0.706998096,0,0,0,0
6334,3,0.707005628,0,0,0,0
6335,4,0.706123287,0,0,0,0
6338,3,0.706842588,0,0,0,0
6339,5,0.707369715,34.04060054909216,3.094823267424852e-4,0.50593255666751,40.166473258600185
6340,3,0.708062171,0,0,0,0
6342,4,0.706384949,37.18552339088325,3.380745966438178e-4,0.5526743540566236,43.87734960001454
6349,3,0.707833375,44.805474813664674,4.073518790051009e-4,0.6659268067990547,52.86857096855602
6359,5,0.707831535,44.808602328496725,4.073803130089531e-4,0.6659732898677866,52.872261304179986
6362,3,0.707008996,0,0,0,0
6366,4,0.706127934,0,0,0,0
6386,3,0.708351408,40.9082625968155,3.719201214795455e-4,0.6080040172788521,48.27002488634429
6390,3,0.706998807,0,0,0,0
6391,3,0.705674745,45.97110534443702,4.179492845433861e-4,0.6832511320180787,54.24396584374791
6396,5,0.707257087,26.316834527437464,2.3926120722525055e-4,0.39113714685087503,31.05275504093637
6405,3,0.70680065,0,0,0,0
6407,5,0.706972638,14.633396504697913,1.3304047300481716e-4,0.21749063139101008,17.2667908294032
6408,3,0.70556007,41.47011510201263,3.770282399554147e-4,0.6163546183211128,48.93298715085345
6415,3,0.706626758,21.12888409612426,1.9209461954440218e-4,0.31403060398030275,24.93119229218978
6424,5,0.706967109,14.621410143425239,1.3293149822423146e-4,0.21731248264198674,17.252647428530103
6427,3,0.707427841,37.095054373735806,3.3725209170932e-4,0.5513297473103768,43.77059997458581
6429,4,0.70786682,45.52079655688113,4.138552730078258e-4,0.6765583630156802,53.71262046259368
6430,3,0.707497819,38.58030625576054,3.5075535548355233e-4,0.5734044836501281,45.52313456678832
6462,4,0.707355329,33.870288855955025,3.0793392694303045e-4,0.503401278460036,39.96551264222815
6464,3,0.706669552,20.07416667572044,1.8250558773952379e-4,0.2983547383240226,23.686670210361836
6468,4,0.706310135,0,0,0,0
6469,5,0.707928482,45.273796175376866,4.116096530263575e-4,0.6728872898707724,53.42117042767883
6670,3,0.706789756,0,0,0,0
6470,4,0.706398888,35.429765471328906,3.2211200969249225e-4,0.5265791889067524,41.8056292899498
6472,4,0.706287513,0,0,0,0
6473,5,0.706957989,15.402714356990867,1.4003477613377604e-4,0.22892471133149786,18.17455345529826
6488,3,0.708231558,47.319833825420965,4.302113369662509e-4,0.7032967727420257,55.83540857950184
6489,3,0.705575715,42.453353819434874,3.8596741849817543e-4,0.6309681230800114,50.093167377204196
6498,3,0.706790883,17.083356317625913,1.5531444147482296e-4,0.25390345642621276,20.157640101251374
6508,4,0.70622755,0,0,0,0
6520,3,0.705728055,48.83478339424088,4.4398459918528117e-4,0.7258128945557416,57.6229851898609
6523,4,0.706229926,0,0,0,0
6534,3,0.706707568,0,0,0,0
6727,4,0.706422939,34.358226148522164,3.123700404713546e-4,0.510653305684582,40.54125807261523
6869,5,0.705648001,45.6795926061599,4.152989775845836e-4,0.678918488568825,53.89999310479276
6870,5,0.707798483,44.847373401106175,4.077328027291086e-4,0.6665495296395189,52.91800953500009
6936,3,0.704278064,3.513241146305118,3.1940859644879e-5,0.05221597288732456,4.145476409870266
6937,3,0.706950626,0,0,0,0
6571,4,0.706252522,0,0,0,0
6581,4,0.70629209,0,0,0,0
6583,4,0.706795307,0,0,0,0
6593,4,0.706282074,0,0,0,0
6594,4,0.706291805,0,0,0,0
6597,4,0.706266877,0,0,0,0
6598,3,0.70655412,26.510318595518246,2.4102028017376932e-4,0.394012827293039,31.281058082632825
6601,4,0.70625055,0,0,0,0
6604,4,0.706277517,0,0,0,0
6611,4,0.706289595,0,0,0,0
6865,3,0.70787794,45.47772752940803,4.134637081523912e-4,0.6759182443682072,53.661800826266244
6720,3,0.707796237,44.84875783317544,4.07745389383019e-4,0.6665701059291564,52.919643106464505
6721,3,0.707472431,38.34295103129869,3.485974250726302e-4,0.569876762822254,45.24306541047638
6790,4,0.706438996,34.973425660338,3.179631667163816e-4,0.5197967830866543,41.267167555452296
6771,3,0.707830022,44.01196909736696,4.001376703424447e-4,0.6541332317944711,51.93226768306453
6818,3,0.707792032,44.051189824295776,4.004942481239958e-4,0.6547161546080931,51.978546487020914
6633,5,0.707699678,44.6939908476842,4.063383153008895e-4,0.6642698628255019,52.737024589641244
6634,5,0.707712173,44.73267571692873,4.066900212975643e-4,0.664844821389262,52.78267110412568
6641,3,0.706357831,39.08339951725348,3.5532926048592616e-4,0.5808817683020908,46.11676340142641
6836,3,0.707871796,45.50262782218006,4.136900907784128e-4,0.6762883279913136,53.691182121767085
6837,3,0.704223218,1.8079807241666612,1.6437373965060204e-5,0.026871332920934902,2.1333410174293035
6968,3,0.70432857,5.25829212587454,4.780610375720124e-5,0.07815200484232618,6.20456298223212
6969,3,0.707882118,45.45924011115862,4.1329562859083834e-4,0.6756434728709296,53.63998645229054
6663,5,0.707694516,0,0,0,0
6666,7,0.70857163,0,0,0,0
6671,7,0.708587238,0,0,0,0
6675,4,0.707327548,31.927188521006553,2.902681042767499e-4,0.47452171392637815,37.67273618166226
6684,3,0.706803876,0,0,0,0
6687,7,0.708738127,0,0,0,0
6695,4,0.707709725,44.72597646288338,4.066291145950987e-4,0.6647452529130231,52.77476626683948
6696,5,0.706958164,15.40301370439689,1.400374976701246e-4,0.22892916041864728,18.174906672614792
6699,3,0.706852047,0,0,0,0
6702,3,0.708309113,0,0,0,0
6703,5,0.707715367,45.54175593618882,4.140458265635971e-4,0.676869874334172,53.73735164638302
6712,3,0.705911401,53.03881054256162,4.822057845511068e-4,0.7882957582285524,62.58355995374995
6714,3,0.706859239,0,0,0,0
6813,3,0.706875446,0,0,0,0
6857,4,0.706533645,26.71267830640524,2.4286004660426828e-4,0.3970204230535164,31.519834008581565
6971,3,0.704135204,0.9186208084038974,8.351700633744632e-6,0.013653113244388794,1.0839338184511809
6724,3,0.708178097,0,0,0,0
6728,3,0.707796373,44.848684360629115,4.0774472140260083e-4,0.6665690139345204,52.91955641195795
6753,3,0.706133696,49.345652705066776,4.486292006442864e-4,0.73340575168458,58.22578943481936
6755,3,0.705087692,20.140013227586184,1.831042359346398e-4,0.29933339069195397,23.764366365013164
6756,4,0.707692333,45.467374966818696,4.1336958715845415e-4,0.6757643781503851,53.64958523894713
6881,3,0.705379155,30.017121049641606,2.729026020312578e-4,0.4461331043364429,35.41893710722882
6943,3,0.704829312,13.34643749725083,1.2134000175512458e-4,0.1983630469635565,15.7482334677906
7250,5,0.706954523,15.396646815714618,1.3997961268890464e-4,0.22883453176295143,18.167394012442177
7252,4,0.707583792,42.46481852688535,3.8607165062921786e-4,0.6311385186857968,50.10669524856367
7020,3,0.708357001,0,0,0,0
6738,3,0.708113769,0,0,0,0
6786,3,0.707222221,0,0,0,0
7040,4,0.70779237800000006,44.05085904739637,4.004912408443706e-4,0.6547112383962841,51.97815618422748
7558,3,0.705847826,53.61962978789792,4.874863403745641e-4,0.7969282547478456,63.26890217185318
7559,3,0.708813097,59.11602288929701,5.37457154586821e-4,0.8786190642337159,69.75441426520514
7607,5,0.706957946,15.402640699945943,1.4003410647597694e-4,0.228923616594729,18.174466543091143
7362,3,0.707072126,16.424820406241082,1.4932731954361793e-4,0.2441158865264455,19.380595494287995
6846,5,0.707721168,45.55869407669674,4.1419982076612365e-4,0.6771216195030038,53.75733793795212
6848,4,0.707745931,44.81922664259798,4.0747690464937845e-4,0.6661311950254332,52.88479754682423
6852,7,0.708559864,0,0,0,0
6853,3,0.707857384,45.55033127970681,4.1412378985513005e-4,0.6769973264178714,53.74747019013791
6872,4,0.707854392,45.55834958406924,4.141966887890673e-4,0.6771164994395216,53.75693145117789
6885,4,0.706361404,38.24288153538516,3.47687636763032e-4,0.5683894677952774,45.124987624926874
6888,4,0.706357404,39.088222194978684,3.553731061731188e-4,0.5809534459350391,46.122453957784394
6891,4,0.706442073,34.93783176944867,3.176395625498111e-4,0.519267764563805,41.22516826508978
6894,3,0.707883678,45.45201484153112,4.13229939583606e-4,0.6755360864242662,53.631460938797886
6899,3,0.704176593,1.7577402818746681,1.5980609726877216e-5,0.026124628250427193,2.074059414012486
6202,1,0.706929655,0,0,0,0
6203,1,0.707768094,0,0,0,0
6205,1,0.707412653,0,0,0,0
6206,2,0.706869295,0,0,0,0
6207,1,0.707353339,0,0,0,0
6208,1,0.7054438,0,0,0,0
6209,1,0.707688666,0,0,0,0
6210,2,0.708356064,0,0,0,0
6211,2,0.707383609,0,0,0,0
6212,2,0.70769273,0,0,0,0
6213,1,0.706885809,0,0,0,0
6215,2,0.707829189,0,0,0,0
6217,1,0.707778517,0,0,0,0
6221,2,0.707359495,0,0,0,0
6223,1,0.708843379,0,0,0,0
6231,1,0.706896338,0,0,0,0
6399,1,0.708555533,0,0,0,0
6402,2,0.706991701,0,0,0,0
6403,1,0.705928156,0,0,0,0
6455,1,0.705047244,0,0,0,0
6456,1,0.70752537,0,0,0,0
6549,2,0.705398209,0,0,0,0
6550,1,0.707073609,0,0,0,0
6551,1,0.706945248,0,0,0,0
6552,2,0.705065221,0,0,0,0
6553,1,0.706906006,0,0,0,0
6732,1,0.707761287,0,0,0,0
6236,2,0.706015149,0,0,0,0
6237,2,0.706882483,0,0,0,0
6238,1,0.706994897,0,0,0,0
6242,2,0.708336771,0,0,0,0
6243,2,0.70762406,0,0,0,0
6244,1,0.707278559,0,0,0,0
6287,2,0.706891189,0,0,0,0
6289,1,0.70689743,0,0,0,0
6344,1,0.708310422,0,0,0,0
6345,1,0.706916151,0,0,0,0
6346,1,0.707030977,0,0,0,0
6417,1,0.707803637,0,0,0,0
6557,2,0.708419806,0,0,0,0
6558,2,0.706911052,0,0,0,0
6559,1,0.707298336,0,0,0,0
6560,1,0.706914195,0,0,0,0
6561,2,0.708308054,0,0,0,0
6562,1,0.706907973,0,0,0,0
6617,1,0.707240842,0,0,0,0
6618,1,0.707924244,0,0,0,0
6619,1,0.707051235,0,0,0,0
6249,1,0.707636155,0,0,0,0
6250,2,0.707862441,0,0,0,0
6251,1,0.707321322,0,0,0,0
6252,2,0.705565392,0,0,0,0
6253,1,0.706968757,0,0,0,0
6254,1,0.706889148,0,0,0,0
6255,1,0.706974484,0,0,0,0
6256,1,0.706991771,0,0,0,0
6257,1,0.706952988,0,0,0,0
6258,2,0.705545275,0,0,0,0
6261,2,0.706612696,0,0,0,0
6262,2,0.705874477,0,0,0,0
6263,1,0.706904663,0,0,0,0
6265,2,0.705438598,0,0,0,0
6267,1,0.706917738,0,0,0,0
6644,1,0.706948022,0,0,0,0
6645,2,0.707083826,0,0,0,0
6326,1,0.70512063,0,0,0,0
6327,2,0.706905031,0,0,0,0
6331,2,0.707741416,0,0,0,0
6332,1,0.708352709,0,0,0,0
6336,1,0.707699481,0,0,0,0
6337,1,0.707084203,0,0,0,0
6341,2,0.707325769,0,0,0,0
6343,1,0.706905988,0,0,0,0
6347,1,0.706248345,0,0,0,0
6348,1,0.706975158,0,0,0,0
6356,1,0.706994451,0,0,0,0
6357,2,0.707704413,0,0,0,0
6358,1,0.707760282,0,0,0,0
6360,2,0.706894506,0,0,0,0
6361,1,0.707047785,0,0,0,0
6363,1,0.707565441,0,0,0,0
6364,1,0.705078146,0,0,0,0
6365,2,0.706967125,0,0,0,0
6367,1,0.707492739,0,0,0,0
6368,1,0.707882849,0,0,0,0
6369,2,0.708328866,0,0,0,0
6370,2,0.708693875,0,0,0,0
6387,2,0.707692495,0,0,0,0
6388,1,0.70884559,0,0,0,0
6389,1,0.70724215,0,0,0,0
6392,1,0.705405527,0,0,0,0
6393,2,0.706963023,0,0,0,0
6394,1,0.70884604,0,0,0,0
6395,2,0.707901668,0,0,0,0
6397,1,0.707778453,0,0,0,0
6404,1,0.707574198,0,0,0,0
6406,1,0.706999699,0,0,0,0
6409,1,0.706905173,0,0,0,0
6410,1,0.707110737,0,0,0,0
6411,1,0.704996834,0,0,0,0
6412,1,0.707015946,0,0,0,0
6413,1,0.706916754,0,0,0,0
6414,2,0.70763267,0,0,0,0
6419,1,0.706906812,0,0,0,0
6420,1,0.707742516,0,0,0,0
6421,2,0.707799233,0,0,0,0
6422,1,0.70766158,0,0,0,0
6423,1,0.706958027,0,0,0,0
6425,1,0.706909412,0,0,0,0
6426,1,0.706959462,0,0,0,0
6428,1,0.706197928,0,0,0,0
6440,1,0.708297543,0,0,0,0
6441,1,0.707117137,0,0,0,0
6442,2,0.707801929,0,0,0,0
6443,2,0.706987677,0,0,0,0
6444,2,0.707672237,0,0,0,0
6445,1,0.704250337,0,0,0,0
6446,1,0.706913928,0,0,0,0
6447,1,0.708662506,0,0,0,0
6459,1,0.707509162,0,0,0,0
6460,1,0.706179195,0,0,0,0
6461,1,0.706978605,0,0,0,0
6463,1,0.706921262,0,0,0,0
6465,1,0.706914046,0,0,0,0
6466,1,0.708361084,0,0,0,0
6467,1,0.707834786,0,0,0,0
6605,2,0.705156753,0,0,0,0
6606,1,0.70692919,0,0,0,0
6607,1,0.708650626,0,0,0,0
6668,1,0.707184877,0,0,0,0
6669,2,0.705288257,0,0,0,0
6716,2,0.705394336,0,0,0,0
6717,1,0.704829805,0,0,0,0
6718,1,0.707713094,0,0,0,0
6471,1,0.707900736,0,0,0,0
6485,1,0.707750223,0,0,0,0
6486,2,0.707816278,0,0,0,0
6487,1,0.705377621,0,0,0,0
6490,2,0.706894503,0,0,0,0
6491,2,0.707837669,0,0,0,0
6492,2,0.707987153,0,0,0,0
6493,2,0.706967696,0,0,0,0
6494,2,0.707300965,0,0,0,0
6495,1,0.707683922,0,0,0,0
6496,1,0.707618322,0,0,0,0
6497,1,0.704995861,0,0,0,0
6499,1,0.70365619,0,0,0,0
6500,1,0.707275389,0,0,0,0
6501,1,0.707887553,0,0,0,0
6502,1,0.707747861,0,0,0,0
6503,2,0.706153566,0,0,0,0
6504,1,0.706936347,0,0,0,0
6505,1,0.705564736,0,0,0,0
6506,1,0.706919135,0,0,0,0
6507,1,0.70831927,0,0,0,0
6518,2,0.703758871,0,0,0,0
6519,1,0.70825523,0,0,0,0
6521,2,0.706967319,0,0,0,0
6522,2,0.707299869,0,0,0,0
6524,2,0.703698219,0,0,0,0
6525,1,0.708434305,0,0,0,0
6526,2,0.706895441,0,0,0,0
6527,2,0.705422367,0,0,0,0
6528,1,0.70710499,0,0,0,0
6529,2,0.70597353,0,0,0,0
6533,2,0.708425876,0,0,0,0
6535,1,0.707637731,0,0,0,0
6590,2,0.708189461,0,0,0,0
6725,1,0.706989278,0,0,0,0
6726,1,0.707679929,0,0,0,0
6740,1,0.707833811,0,0,0,0
6741,1,0.708427267,0,0,0,0
6742,1,0.708215401,0,0,0,0
6871,1,0.707860241,0,0,0,0
6935,1,0.707949574,0,0,0,0
6542,1,0.707890114,0,0,0,0
6543,1,0.704955975,0,0,0,0
6544,1,0.707663968,0,0,0,0
6545,2,0.708408376,0,0,0,0
6546,2,0.706132262,0,0,0,0
6547,1,0.707318035,0,0,0,0
6563,2,0.707808991,0,0,0,0
6564,2,0.708204507,0,0,0,0
6565,2,0.706916608,0,0,0,0
6566,1,0.707086961,0,0,0,0
6567,1,0.708351066,0,0,0,0
6568,1,0.706915601,0,0,0,0
6569,1,0.707346797,0,0,0,0
6570,1,0.707779577,0,0,0,0
6582,1,0.707336122,0,0,0,0
6584,1,0.707878871,0,0,0,0
6585,1,0.708834582,0,0,0,0
6586,2,0.706951099,0,0,0,0
6587,1,0.706934821,0,0,0,0
6588,1,0.707015457,0,0,0,0
6589,1,0.707733251,0,0,0,0
6595,1,0.708329479,0,0,0,0
6596,1,0.707755886,0,0,0,0
6599,1,0.704979539,0,0,0,0
6600,2,0.707441878,0,0,0,0
6602,1,0.708377626,0,0,0,0
6603,1,0.707527017,0,0,0,0
6612,1,0.706927011,0,0,0,0
6613,2,0.707002158,0,0,0,0
6614,1,0.708207347,0,0,0,0
6615,1,0.707868263,0,0,0,0
6616,1,0.707742089,0,0,0,0
6620,1,0.706923551,0,0,0,0
6621,2,0.707822684,0,0,0,0
6622,1,0.708391448,0,0,0,0
6623,1,0.708866531,0,0,0,0
6624,1,0.706936763,0,0,0,0
6625,1,0.707036957,0,0,0,0
6626,1,0.70699149,0,0,0,0
6627,1,0.707013792,0,0,0,0
6628,2,0.706930631,0,0,0,0
6629,1,0.705240454,0,0,0,0
6630,1,0.703453015,0,0,0,0
6631,2,0.706897867,0,0,0,0
6863,2,0.70842901,0,0,0,0
6864,1,0.707927297,0,0,0,0
6764,1,0.708377492,0,0,0,0
6765,2,0.707056705,0,0,0,0
6766,1,0.707774718,0,0,0,0
7048,1,0.707062964,0,0,0,0
7103,1,0.708356274,0,0,0,0
7104,1,0.708365016,0,0,0,0
7105,2,0.707070642,0,0,0,0
6719,1,0.707192524,0,0,0,0
6788,1,0.708286019,0,0,0,0
6789,1,0.707637684,0,0,0,0
6842,1,0.704244461,0,0,0,0
6843,2,0.707902286,0,0,0,0
6844,1,0.708447362,0,0,0,0
6770,1,0.707885094,0,0,0,0
6772,1,0.707002952,0,0,0,0
6819,2,0.70389269,0,0,0,0
6820,1,0.707023227,0,0,0,0
6821,2,0.707062921,0,0,0,0
6822,1,0.706997708,0,0,0,0
6823,1,0.707528804,0,0,0,0
6632,1,0.704924229,0,0,0,0
6635,1,0.706968608,0,0,0,0
6636,1,0.708435595,0,0,0,0
6637,2,0.705191733,0,0,0,0
6638,2,0.706930636,0,0,0,0
6639,1,0.705765984,0,0,0,0
6640,1,0.708373636,0,0,0,0
6653,1,0.70696090599999994,0,0,0,0
6654,1,0.707062232,0,0,0,0
6655,2,0.706622736,0,0,0,0
6704,2,0.705875458,0,0,0,0
6705,2,0.705020837,0,0,0,0
6706,1,0.705422232,0,0,0,0
6866,2,0.708400562,0,0,0,0
6867,2,0.707876045,0,0,0,0
6868,1,0.707014457,0,0,0,0
7166,1,0.708917393,0,0,0,0
7167,2,0.707563412,0,0,0,0
7168,1,0.707826635,0,0,0,0
7169,2,0.707003962,0,0,0,0
7170,2,0.707184488,0,0,0,0
7171,1,0.707916251,0,0,0,0
6833,1,0.705531561,0,0,0,0
6835,1,0.707072237,0,0,0,0
6838,1,0.706989553,0,0,0,0
6970,1,0.706998474,0,0,0,0
6896,1,0.705528665,0,0,0,0
6897,1,0.707435722,0,0,0,0
6898,2,0.708442256,0,0,0,0
7325,2,0.707453855,0,0,0,0
7326,1,0.707081114,0,0,0,0
7327,2,0.707995698,0,0,0,0
7118,1,0.708949107,0,0,0,0
7119,1,0.707070111,0,0,0,0
6664,2,0.708378707,0,0,0,0
6665,1,0.706935103,0,0,0,0
6667,1,0.706910045,0,0,0,0
6672,2,0.707800984,0,0,0,0
6673,1,0.707729385,0,0,0,0
6674,1,0.7070147,0,0,0,0
6676,1,0.706917141,0,0,0,0
6683,1,0.707048877,0,0,0,0
6685,2,0.706125703,0,0,0,0
6686,1,0.707287108,0,0,0,0
6688,1,0.706904511,0,0,0,0
6689,1,0.706932249,0,0,0,0
6690,1,0.707426101,0,0,0,0
6691,1,0.707495714,0,0,0,0
6697,2,0.708355258,0,0,0,0
6698,1,0.705147257,0,0,0,0
6700,2,0.707810334,0,0,0,0
6701,2,0.707243096,0,0,0,0
6707,2,0.707920053,0,0,0,0
6708,2,0.708334039,0,0,0,0
6709,1,0.708450661,0,0,0,0
6710,2,0.706046502,0,0,0,0
6711,2,0.707695591,0,0,0,0
6713,2,0.70796795,0,0,0,0
6715,1,0.704680514,0,0,0,0
6812,1,0.707013273,0,0,0,0
6814,2,0.707629183,0,0,0,0
6858,1,0.708437789,0,0,0,0
6859,2,0.707847268,0,0,0,0
6860,1,0.707704857,0,0,0,0
6861,1,0.708348866,0,0,0,0
6862,1,0.707665549,0,0,0,0
6972,1,0.708449116,0,0,0,0
6973,1,0.707165568,0,0,0,0
7022,1,0.707064417,0,0,0,0
7023,1,0.706990086,0,0,0,0
7024,1,0.708409027,0,0,0,0
7026,1,0.707471753,0,0,0,0
7027,1,0.705109054,0,0,0,0
6722,1,0.707068891,0,0,0,0
6723,1,0.707659862,0,0,0,0
6729,1,0.707776129,0,0,0,0
6730,1,0.707082284,0,0,0,0
6752,1,0.707752947,0,0,0,0
6754,1,0.707054431,0,0,0,0
6757,1,0.707008569,0,0,0,0
6882,2,0.707948993,0,0,0,0
6883,1,0.708396769,0,0,0,0
6941,1,0.707931517,0,0,0,0
6942,1,0.707007364,0,0,0,0
7251,2,0.708402099,0,0,0,0
7016,2,0.705102653,0,0,0,0
7017,2,0.707446119,0,0,0,0
7018,1,0.707854018,0,0,0,0
7019,1,0.707498151,0,0,0,0
7021,1,0.70787381,0,0,0,0
6737,1,0.707434615,0,0,0,0
6739,1,0.708019476,0,0,0,0
6785,1,0.707539464,0,0,0,0
6787,1,0.708413326,0,0,0,0
7041,1,0.707124936,0,0,0,0
7042,2,0.707487625,0,0,0,0
7043,1,0.707360868,0,0,0,0
7044,2,0.70748579,0,0,0,0
7045,2,0.708547381,0,0,0,0
7178,2,0.70546848,0,0,0,0
7179,2,0.707058222,0,0,0,0
7180,2,0.707594148,0,0,0,0
7557,1,0.705084572,0,0,0,0
7605,1,0.705373589,0,0,0,0
7606,2,0.708604411,0,0,0,0
7361,1,0.707073529,0,0,0,0
7363,2,0.707467242,0,0,0,0
6845,2,0.708267312,0,0,0,0
6847,2,0.705368941,0,0,0,0
6849,2,0.707664516,0,0,0,0
6850,2,0.708414026,0,0,0,0
6851,1,0.70754107,0,0,0,0
6854,2,0.705489799,0,0,0,0
6855,2,0.706914306,0,0,0,0
6856,1,0.705722345,0,0,0,0
6884,1,0.705736577,0,0,0,0
6886,1,0.707523313,0,0,0,0
6887,1,0.707111764,0,0,0,0
6889,1,0.708431906,0,0,0,0
6890,1,0.707468212,0,0,0,0
6892,2,0.708435006,0,0,0,0
6893,1,0.707623183,0,0,0,0
6895,2,0.707878193,0,0,0,0
6900,2,0.708394907,0,0,0,0
6901,1,0.707342912,0,0,0,0
6903,5,0.707780325,44.057341957379016,4.0055018064076456e-4,0.6548075914326366,51.98580574464227
6915,3,0.706243718,47.61623205196263,4.329060606583365e-4,0.7077020273534912,56.18514598860286
6916,3,0.704966706,15.913705834896305,1.4468048828270504e-4,0.2365193841833816,18.777501852259157
6917,3,0.707885406,45.443807017796786,4.131553176220125e-4,0.6754140966479519,53.62177605289052
6918,4,0.706363669,38.21825161349474,3.474637122314087e-4,0.56802340259221,45.09592535566561
6922,5,0.707768336,44.053493746198654,4.0051519437933896e-4,0.6547503969269677,51.981265017716886
6924,5,0.707757805,0,0,0,0
6925,4,0.70636601,38.19248049943272,3.472294124771738e-4,0.5676403762820025,45.065516527762476
6931,3,0.706501944,0,0,0,0
6933,4,0.707320522,31.840931357715974,2.8948389168464604e-4,0.47323970636920965,37.570956366183474
6934,6,0.70510036,21.775963668556418,1.9797758542730514e-4,0.3236479026520987,25.694718902268225
6938,4,0.706368203,37.36922672790055,3.397447474417887e-4,0.5554046671964132,44.09411179147999
6945,4,0.707611259,42.641125593410614,3.876745577545105e-4,0.6337589038578221,50.3147301527269
6951,3,0.706451754,34.8226573980329,3.165924472853359e-4,0.5175559714916199,41.08926736337461
6957,3,0.704171805,1.7522860930486281,1.5931022615570485e-5,0.026043564707105556,2.067623701184431
6958,3,0.708385849,0,0,0,0
6959,5,0.707745027,44.817716864052926,4.0746317839985717e-4,0.6661087557585875,52.883016071803866
6964,3,0.707655973,45.29782543786323,4.1182811662406814e-4,0.6732444277005538,53.449523944171304
6977,5,0.706974382,14.637041933637226,1.330736156583519e-4,0.21754481202101267,17.27109228183486
6980,6,0.705122685,21.83815087929375,1.985429644853173e-4,0.32457216761842866,25.768097188691392
6981,3,0.705573227,42.424144245723404,3.857018577651224e-4,0.6305339922459886,50.05870131190417
6983,3,0.7054412,30.61240882783195,2.783146994591519e-4,0.45498064118111214,36.12135158400549
7197,3,0.707014653,0,0,0,0
7079,4,0.70777935300000006,44.05741251345975,4.005508221059467e-4,0.6548086400809487,51.985888997842395
7080,4,0.707861891,45.53702845966315,4.140028464042819e-4,0.676799611640605,53.731773423426134
7084,4,0.707695698,44.67932552224631,4.0620498454391863e-4,0.6640518976464667,52.71972012401702
7149,5,0.707775794,44.05709476275129,4.00547933254781e-4,0.6548039174724836,51.985514065405006
7591,5,0.706139498,49.306027073017134,4.4826894164157937e-4,0.7328168109194625,58.17903285989402
6993,3,0.705769499,0,0,0,0
6998,4,0.706564452,24.019071720163403,2.183709476990717e-4,0.35698636828211433,28.34149181807172
7000,3,0.707005549,0,0,0,0
7003,4,0.706372707,37.32138900324329,3.393098276667499e-4,0.5546936732083342,44.037665293556806
7005,5,0.70772497,44.76908994879092,4.070210836472722e-4,0.6653860323293731,52.82563836224487
7006,4,0.707738191,44.80439463797918,4.073420585178285e-4,0.6659107525568441,52.867296406794885
7007,5,0.707751097,44.02996815504013,4.0030130994215835e-4,0.6544007449734194,51.95350581215296
7013,3,0.707623503,42.70788460481658,3.882815016346912e-4,0.6347511177664018,50.39350297116003
7029,3,0.70754556,42.166723599926,3.8336150127528786e-4,0.62670804665847,49.75495580451451
7034,3,0.707543351,42.14786544197893,3.831900511097386e-4,0.6264277649974446,49.73270397332853
7036,5,0.707757642,44.041397933677615,4.00405224515633e-4,0.6545706214454831,51.96699246898595
7049,4,0.707989004,49.954662581627304,4.5416605341911596e-4,0.7424572348815252,58.944395409053385
7050,5,0.70776148,44.046678451184704,4.004532326828844e-4,0.6546491037777508,51.97322325698084
7052,3,0.70516064,21.913417349187107,1.9922725447587422e-4,0.3256908246612023,25.85690844940581
7054,5,0.707740198,44.80865487004536,4.0738079069384877e-4,0.6659740707729292,52.87232330099186
7057,3,0.70838048,0,0,0,0
7060,3,0.708372103,0,0,0,0
7069,3,0.705722119,48.78484747276086,4.435306035178023e-4,0.725070715862757,57.56406290816149
7074,4,0.707806722,44.044733168443734,4.0043554701873227e-4,0.6546201917769428,51.97092790537319
7075,3,0.706966062,0,0,0,0
7076,5,0.707732461,44.79063655839352,4.072169760453399e-4,0.6657062714293867,52.85106245302048
7087,3,0.705771227,49.963954426501985,4.54250530829184e-4,0.7425953360535896,58.95535939419648
7090,3,0.706135812,0,0,0,0
7093,5,0.707944704,46.8373144075667,4.258244803971194e-4,0.6961252693378874,55.266056012820535
7107,5,0.707778729,44.057422230106056,4.0055091044546653e-4,0.6548087844957837,51.98590046307532
7108,3,0.70454463,9.392557773829648,8.539304791981819e-5,0.1395980297500263,11.082822117321523
7111,5,0.70776861,44.05369635443081,4.005170364052167e-4,0.6547534082164057,51.981504086887455
7127,5,0.706962704,14.611394279142996,1.3284043834478146e-4,0.21716362064361389,17.240829131015808
7131,3,0.706001723,53.88563652080601,4.89904757832001e-4,0.8008818120970137,63.582778899984085
7132,3,0.707799494,44.04702464922555,4.004563801648167e-4,0.6546542491881457,51.9736317560709
7142,5,0.707794953,0,0,0,0
7143,4,0.707314443,30.172519851294346,2.743154203109801e-4,0.44844273788447186,35.60230114048086
7237,3,0.707021749,0,0,0,0
7920,3,0.707843832,44.78307554012222,4.071482345575459e-4,0.6655938948777599,52.84214077028565
7922,7,0.708763683,0,0,0,0
7944,3,0.70844884,41.10769246717274,3.7373325107492675e-4,0.6109680679289045,48.505343724010444
7993,4,0.708081066,47.970356146719155,4.361256028236626e-4,0.7129652396866388,56.60299748807188
7994,5,0.707858306,45.54772962966437,4.1410013678510433e-4,0.6769586590783916,53.74440035279155
7158,4,0.707784397,44.05631262825173,4.0054082242827247e-4,0.6547922929035677,51.98459117967577
7159,3,0.705263632,23.765179004941945,2.1606266561878393e-4,0.35321285699091376,28.04190911999949
7163,3,0.705938413,53.0832916562189,4.826101874796303e-4,0.7889568641783017,62.6360457922313
7172,3,0.707014893,0,0,0,0
7175,3,0.705205833,22.81630396986117,2.0743590672182648e-4,0.3391100866310297,26.922276589798972
7182,3,0.705962339,53.909324271334484,4.901201165516064e-4,0.8012338741638768,63.61072944676679
7223,4,0.707773747,44.05650205143929,4.0054254458146243e-4,0.6547951082286803,51.984814691049685
7405,3,0.707042887,0,0,0,0
7406,6,0.706055787,51.34749001181411,4.668290342975913e-4,0.7631583015896402,60.58787304534718
7185,4,0.707849387,45.570311370152,4.1430544014272073e-4,0.6772942829368025,53.77104585436315
7192,5,0.706909912,16.147753505069797,1.4680834784938597e-4,0.23999794608425576,19.053668233980407
7193,3,0.708405559,0,0,0,0
7201,4,0.70762153,43.49638739344429,3.954502258560959e-4,0.6464703361513582,51.32390301295926
7202,4,0.707758723,44.04299160109845,4.004197134463069e-4,0.6545943075209251,51.96887292934239
7203,5,0.706902003,15.343744417039874,1.3949864710169338e-4,0.22804826344266266,18.104971412740376
7205,4,0.70773181,44.78892407554033,4.072014068964599e-4,0.6656808194451622,52.84904179546394
7206,6,0.705158162,21.108207423644654,1.919066362360862e-4,0.3137232944263512,24.906794690536685
7211,5,0.707777513,44.05736123265926,4.0055035588322453e-4,0.6548078779138283,51.98582848866018
7212,4,0.707751187,44.03014604672336,4.0030292725592916e-4,0.6544033889101495,51.95371571683802
7222,3,0.707844603,44.781112868222834,4.071303907987327e-4,0.6655647244284747,52.83982490020432
7226,3,0.705313101,25.568112608198195,2.3245415335688253e-4,0.38000917646482285,30.169294747576355
7273,3,0.705611275,42.85048276275208,3.8957794203219314e-4,0.6368705001937576,50.56176278459022
7658,3,0.706078096,51.2554310132306,4.6599207394378906e-4,0.761790063551347,60.47924730886861
7765,3,0.705554464,40.60272434587623,3.6914230066310177e-4,0.6034629179455872,47.90950263386132
7825,3,0.70755959,0,0,0,0
7230,3,0.705354003,28.20293550183882,2.5640881650985134e-4,0.4191695514712279,33.27827465954756
7231,3,0.706456971,0,0,0,0
7379,3,0.706152502,50.01668635053955,4.5472994653517946e-4,0.7433790706738953,59.017580841014805
7381,7,0.708568006,0,0,0,0
7988,4,0.70702817,15.529331251628504,1.4118592183994102e-4,0.23080657029367851,18.323956051918586
8224,3,0.707155478,0,0,0,0
8225,4,0.708181777,47.50793412734104,4.319214630556903e-4,0.7060924363062777,56.05735900414582
7232,3,0.707554405,0,0,0,0
7234,4,0.707578413,43.227833820057576,3.9300865363333607e-4,0.642478926076504,51.00702112045616
7240,5,0.706909997,16.147809994283868,1.468088614247379e-4,0.23999878566205515,19.05373488887103
7249,3,0.707494721,0,0,0,0
7253,4,0.707744186,44.81625944136454,4.0744992814700104e-4,0.6660870946370154,52.88129637448667
7254,3,0.707517874,0,0,0,0
7642,4,0.706857119,0,0,0,0
7815,4,0.707065192,0,0,0,0
7266,3,0.707515028,0,0,0,0
7268,3,0.705976378,53.91602936253538,4.9018107632295e-4,0.8013335293955484,63.618641171650395
7282,5,0.706957272,15.401480853512613,1.4002356165693553e-4,0.22890637823636015,18.173097973207035
7288,4,0.705584567,42.55408802592759,3.868832500670975e-4,0.6324652974486372,50.21202949320831
7293,6,0.705181963,21.96287313695613,1.9967688497659253e-4,0.3264258673086404,25.91526419357204
7294,5,0.70799336,49.94363871061228,4.5406582918110585e-4,0.7422933912607594,58.931387706099
7491,3,0.707582702,43.257196517037734,0.00039327560649651334,0.64291533272369,51.04166786475648
7492,3,0.705836491,53.557071062167516,4.869175836639071e-4,0.7959984680948456,63.195085513403846
7493,5,0.707922797,45.29320148660382,4.117860776714227e-4,0.6731757036638201,53.44406787666327
7536,7,0.708740348,0,0,0,0
7537,4,0.707647916,0,0,0,0
7729,5,0.707013202,15.502753312942943,1.4094428678733482e-4,0.23041155245459116,18.292595204981037
7781,5,0.706370538,37.34457126266898,3.3952059068122323e-4,0.555038222352338,44.06501938215324
7836,5,0.707833284,44.80563521711032,4.073533373234259e-4,0.6659291908147315,52.868760237858154
7837,4,0.707619127,43.482955960294916,3.953281131108593e-4,0.6462707098462003,51.30805448820598
7309,3,0.707034629,0,0,0,0
7310,3,0.707476131,0,0,0,0
7818,4,0.707610915,42.6392315449012,3.876573378896961e-4,0.6337307533319981,50.3124952553521
7976,5,0.707879617,45.470458002877585,4.1339761678065663e-4,0.6758102001479531,53.653223091494304
7323,5,0.706974785,14.63787506427708,1.3308119011957596e-4,0.21755719452625233,17.272075340859285
7333,5,0.707995075,49.938908112778044,4.5402282064421155e-4,0.7422230821763651,58.92580580012964
7334,5,0.706920021,16.153330327850604,1.4685904989524283e-4,0.2400808322896124,19.060248649703986
7335,5,0.706924524,16.15507294827078,1.4687489304176686e-4,0.24010673219708348,19.062304868318755
7346,3,0.707457329,0,0,0,0
7350,3,0.707540514,41.32436802266659,3.757031709347644e-4,0.6141884346671547,48.76101174293933
7351,3,0.705560495,41.475179023151576,3.770742789227432e-4,0.616429881463574,48.938962364267155
7352,4,0.707241863,22.96194097759434,2.0875997501927244e-4,0.34127463433228383,27.094122117851292
7354,3,0.706849396,0,0,0,0
7359,3,0.708203679,48.22399885671998,4.384316119652792e-4,0.7167350352449083,56.902285190525724
7364,3,0.707225251,0,0,0,0
7647,3,0.705572597,42.41668572963548,3.8563404818257386e-4,0.6304231391455015,50.04990057742353
7649,4,0.707898038,45.38562473105312,4.1262634959012776e-4,0.6745493553504964,53.55312340790432
7708,4,0.706008775,53.86746184295196,4.897395215700275e-4,0.8006116887418148,63.56133354648759
7710,7,0.708569643,0,0,0,0
7833,7,0.708581638,0,0,0,0
7835,4,0.707615567,42.66416754886304,3.8788404518631505e-4,0.6341013677169968,50.34191868855108
7841,4,0.707070973,0,0,0,0
7848,3,0.707165925,0,0,0,0
7371,3,0.707458573,0,0,0,0
6902,1,0.706981691,0,0,0,0
6904,1,0.707073629,0,0,0,0
6905,1,0.707154207,0,0,0,0
6906,2,0.706917841,0,0,0,0
6907,1,0.708182742,0,0,0,0
6908,1,0.706086791,0,0,0,0
6909,1,0.70701062,0,0,0,0
6910,1,0.705337725,0,0,0,0
6914,1,0.706996843,0,0,0,0
6919,2,0.707391226,0,0,0,0
6920,1,0.707957875,0,0,0,0
6921,1,0.706957001,0,0,0,0
6923,2,0.707664357,0,0,0,0
6926,1,0.706985896,0,0,0,0
6927,1,0.707881604,0,0,0,0
6928,2,0.707691453,0,0,0,0
6929,1,0.708329554,0,0,0,0
6930,2,0.70888139,0,0,0,0
6932,1,0.705091636,0,0,0,0
6939,1,0.707056364,0,0,0,0
6940,1,0.707784865,0,0,0,0
6944,1,0.706996879,0,0,0,0
6946,1,0.706977044,0,0,0,0
6947,1,0.707138234,0,0,0,0
6948,1,0.707152652,0,0,0,0
6949,1,0.707356661,0,0,0,0
6950,2,0.706990475,0,0,0,0
6952,1,0.708375678,0,0,0,0
6953,1,0.706514242,0,0,0,0
6954,1,0.708923299,0,0,0,0
6955,1,0.706919586,0,0,0,0
6956,1,0.705398662,0,0,0,0
6960,1,0.705084682,0,0,0,0
6961,1,0.705455099,0,0,0,0
6962,2,0.708204858,0,0,0,0
6963,1,0.705283717,0,0,0,0
6965,2,0.707004075,0,0,0,0
6966,2,0.707610834,0,0,0,0
6967,1,0.707971756,0,0,0,0
6978,1,0.708856036,0,0,0,0
6979,2,0.707389535,0,0,0,0
6982,1,0.708265136,0,0,0,0
6984,1,0.707911398,0,0,0,0
7140,2,0.705456258,0,0,0,0
7141,1,0.707451547,0,0,0,0
7196,2,0.707069394,0,0,0,0
7198,1,0.707066111,0,0,0,0
7010,1,0.707103425,0,0,0,0
7011,1,0.708695781,0,0,0,0
7012,2,0.706366656,0,0,0,0
7081,1,0.707746774,0,0,0,0
7082,1,0.708850848,0,0,0,0
7083,2,0.7051164,0,0,0,0
7148,1,0.705354463,0,0,0,0
7150,2,0.707460407,0,0,0,0
7151,1,0.707155354,0,0,0,0
7152,1,0.707440964,0,0,0,0
7153,1,0.706995543,0,0,0,0
7154,1,0.707185182,0,0,0,0
7155,2,0.70755431,0,0,0,0
7156,1,0.708206657,0,0,0,0
7893,1,0.708861723,0,0,0,0
7894,1,0.70711671,0,0,0,0
7895,1,0.707161773,0,0,0,0
7494,1,0.707959099,0,0,0,0
7495,2,0.705866867,0,0,0,0
7496,1,0.707748595,0,0,0,0
7545,1,0.707487296,0,0,0,0
7546,1,0.707143251,0,0,0,0
7547,2,0.708007742,0,0,0,0
7590,1,0.707782266,0,0,0,0
7592,1,0.708118124,0,0,0,0
6992,1,0.708337422,0,0,0,0
6994,1,0.707406587,0,0,0,0
6995,2,0.708272294,0,0,0,0
6996,1,0.707893076,0,0,0,0
6997,2,0.707439134,0,0,0,0
6999,1,0.707053195,0,0,0,0
7001,2,0.707629812,0,0,0,0
7002,1,0.707608471,0,0,0,0
7004,1,0.708501052,0,0,0,0
7008,1,0.706995446,0,0,0,0
7009,1,0.707513897,0,0,0,0
7014,2,0.707648107,0,0,0,0
7015,1,0.707022768,0,0,0,0
7028,1,0.707469677,0,0,0,0
7030,2,0.707563096,0,0,0,0
7031,1,0.705208553,0,0,0,0
7032,2,0.707563069,0,0,0,0
7033,2,0.707594457,0,0,0,0
7035,1,0.707307747,0,0,0,0
7241,1,0.707097435,0,0,0,0
7242,1,0.705244279,0,0,0,0
7243,1,0.707582523,0,0,0,0
7244,2,0.708960312,0,0,0,0
7245,1,0.707996338,0,0,0,0
7246,1,0.707401263,0,0,0,0
7295,1,0.708965635,0,0,0,0
7296,2,0.708862087,0,0,0,0
7297,1,0.704997122,0,0,0,0
7037,1,0.708295068,0,0,0,0
7038,1,0.70761447,0,0,0,0
7039,1,0.707004561,0,0,0,0
7051,2,0.70751646,0,0,0,0
7053,1,0.708929993,0,0,0,0
7055,1,0.705099098,0,0,0,0
7056,2,0.707492327,0,0,0,0
7058,1,0.707843302,0,0,0,0
7059,1,0.707828301,0,0,0,0
7061,1,0.705094449,0,0,0,0
7062,1,0.70701941,0,0,0,0
7063,1,0.707304216,0,0,0,0
7064,1,0.706999281,0,0,0,0
7065,1,0.707933921,0,0,0,0
7066,2,0.7070836,0,0,0,0
7067,1,0.705453177,0,0,0,0
7068,2,0.708898994,0,0,0,0
7070,2,0.706995939,0,0,0,0
7071,1,0.70751049,0,0,0,0
7072,2,0.707512247,0,0,0,0
7073,1,0.708853376,0,0,0,0
7077,2,0.70711914,0,0,0,0
7078,1,0.708890588,0,0,0,0
7085,2,0.707829754,0,0,0,0
7086,1,0.707579379,0,0,0,0
7088,1,0.707156503,0,0,0,0
7089,2,0.707609186,0,0,0,0
7091,2,0.705899509,0,0,0,0
7092,1,0.707342203,0,0,0,0
7100,1,0.705083214,0,0,0,0
7101,2,0.708233541,0,0,0,0
7102,1,0.708906343,0,0,0,0
7106,1,0.707726527,0,0,0,0
7109,2,0.707767926,0,0,0,0
7110,1,0.70768551,0,0,0,0
7112,2,0.708944213,0,0,0,0
7113,2,0.707012671,0,0,0,0
7114,1,0.707040158,0,0,0,0
7115,1,0.707831888,0,0,0,0
7116,2,0.707855647,0,0,0,0
7117,1,0.706593795,0,0,0,0
7121,1,0.706947419,0,0,0,0
7122,1,0.708856201,0,0,0,0
7123,1,0.707227844,0,0,0,0
7124,1,0.707165862,0,0,0,0
7125,2,0.707876154,0,0,0,0
7126,2,0.705158845,0,0,0,0
7128,1,0.707086034,0,0,0,0
7129,2,0.707699809,0,0,0,0
7130,1,0.708709697,0,0,0,0
7144,2,0.705475646,0,0,0,0
7145,1,0.708379753,0,0,0,0
7146,2,0.707072445,0,0,0,0
7147,2,0.708384751,0,0,0,0
7235,1,0.707265819,0,0,0,0
7236,2,0.705598531,0,0,0,0
7869,1,0.708861752,0,0,0,0
7870,1,0.707444569,0,0,0,0
7871,1,0.705169159,0,0,0,0
7872,1,0.705576721,0,0,0,0
7873,1,0.707180671,0,0,0,0
7874,1,0.707190956,0,0,0,0
7875,1,0.705045776,0,0,0,0
7876,1,0.706405272,0,0,0,0
7877,1,0.705978481,0,0,0,0
7921,1,0.707554836,0,0,0,0
7945,2,0.707826952,0,0,0,0
7946,1,0.707594011,0,0,0,0
7992,1,0.707186541,0,0,0,0
7157,1,0.705517683,0,0,0,0
7164,2,0.707061536,0,0,0,0
7165,1,0.705481792,0,0,0,0
7173,1,0.707611214,0,0,0,0
7174,2,0.707064423,0,0,0,0
7176,1,0.705089336,0,0,0,0
7177,1,0.708240183,0,0,0,0
7181,1,0.707182887,0,0,0,0
7183,2,0.70829084,0,0,0,0
7224,1,0.708858414,0,0,0,0
7225,1,0.707171122,0,0,0,0
7382,2,0.707067882,0,0,0,0
7383,2,0.707987627,0,0,0,0
7384,2,0.707077786,0,0,0,0
7542,1,0.707463915,0,0,0,0
7543,1,0.705352004,0,0,0,0
7544,1,0.706562892,0,0,0,0
8040,1,0.707196448,0,0,0,0
8041,2,0.707531575,0,0,0,0
8042,1,0.707155553,0,0,0,0
7403,2,0.708512642,0,0,0,0
7404,1,0.70581895,0,0,0,0
7407,1,0.707320793,0,0,0,0
7408,1,0.705675824,0,0,0,0
7650,1,0.707162109,0,0,0,0
7651,1,0.707464074,0,0,0,0
7652,1,0.707172903,0,0,0,0
7184,1,0.708294349,0,0,0,0
7186,1,0.707375669,0,0,0,0
7187,1,0.708880763,0,0,0,0
7188,2,0.707010874,0,0,0,0
7189,1,0.708878563,0,0,0,0
7190,1,0.707031481,0,0,0,0
7191,2,0.707013866,0,0,0,0
7194,1,0.707225288,0,0,0,0
7195,2,0.707111268,0,0,0,0
7199,1,0.705757328,0,0,0,0
7200,1,0.707575656,0,0,0,0
7204,1,0.707001337,0,0,0,0
7207,1,0.707767141,0,0,0,0
7208,2,0.708407401,0,0,0,0
7209,2,0.7054299,0,0,0,0
7210,2,0.707960083,0,0,0,0
7221,1,0.709010247,0,0,0,0
7227,1,0.70508698,0,0,0,0
7228,1,0.708860346,0,0,0,0
7271,1,0.707036235,0,0,0,0
7272,1,0.707049565,0,0,0,0
7626,2,0.707481204,0,0,0,0
7627,2,0.70739118,0,0,0,0
7628,1,0.70767871,0,0,0,0
7656,1,0.70904257,0,0,0,0
7657,1,0.708073177,0,0,0,0
7659,2,0.707332503,0,0,0,0
7660,2,0.70732886,0,0,0,0
7661,2,0.708956209,0,0,0,0
7764,1,0.707157063,0,0,0,0
7766,1,0.708033887,0,0,0,0
7824,2,0.707309925,0,0,0,0
7826,1,0.707146215,0,0,0,0
7229,1,0.707882555,0,0,0,0
7380,2,0.70797341,0,0,0,0
7569,2,0.707424515,0,0,0,0
7570,1,0.707394716,0,0,0,0
7571,1,0.708090235,0,0,0,0
7572,1,0.707162766,0,0,0,0
7573,2,0.705051252,0,0,0,0
7574,1,0.707721389,0,0,0,0
7986,1,0.707124672,0,0,0,0
7987,1,0.708122999,0,0,0,0
8100,1,0.707105776,0,0,0,0
8101,1,0.708156167,0,0,0,0
8102,2,0.707376263,0,0,0,0
8223,1,0.707446363,0,0,0,0
8082,2,0.707150429,0,0,0,0
8083,1,0.708247859,0,0,0,0
8084,1,0.707122824,0,0,0,0
7233,1,0.707411572,0,0,0,0
7238,1,0.706230005,0,0,0,0
7239,1,0.706111313,0,0,0,0
7247,2,0.707190315,0,0,0,0
7248,2,0.707056695,0,0,0,0
7255,2,0.707032127,0,0,0,0
7256,1,0.707070799,0,0,0,0
7257,1,0.707059252,0,0,0,0
7258,1,0.707175113,0,0,0,0
7641,2,0.707510396,0,0,0,0
7643,2,0.70751487,0,0,0,0
7812,2,0.70732124,0,0,0,0
7813,1,0.70716541,0,0,0,0
7814,1,0.707140909,0,0,0,0
7816,2,0.708155814,0,0,0,0
7817,1,0.707514456,0,0,0,0
7884,2,0.707113004,0,0,0,0
7885,1,0.705385683,0,0,0,0
7886,2,0.707828475,0,0,0,0
7926,1,0.70730659,0,0,0,0
7927,2,0.70710509,0,0,0,0
7928,1,0.70814199,0,0,0,0
7262,1,0.705008278,0,0,0,0
7263,2,0.707435009,0,0,0,0
7264,1,0.707015759,0,0,0,0
7265,1,0.707927595,0,0,0,0
7267,1,0.707894754,0,0,0,0
7269,1,0.708975466,0,0,0,0
7270,1,0.708004499,0,0,0,0
7274,1,0.705350417,0,0,0,0
7275,1,0.707283264,0,0,0,0
7276,1,0.707007783,0,0,0,0
7277,1,0.707510687,0,0,0,0
7278,1,0.707577895,0,0,0,0
7279,2,0.707036113,0,0,0,0
7280,2,0.707854096,0,0,0,0
7281,2,0.708010046,0,0,0,0
7283,1,0.708418834,0,0,0,0
7284,1,0.705022733,0,0,0,0
7285,1,0.707088336,0,0,0,0
7286,2,0.708870936,0,0,0,0
7287,1,0.705456906,0,0,0,0
7289,1,0.705614892,0,0,0,0
7290,1,0.707036687,0,0,0,0
7291,1,0.707020744,0,0,0,0
7292,2,0.707946199,0,0,0,0
7538,2,0.708351111,0,0,0,0
7728,1,0.707364848,0,0,0,0
7730,2,0.707131851,0,0,0,0
7779,1,0.70810498,0,0,0,0
7780,2,0.707664808,0,0,0,0
7838,2,0.707783055,0,0,0,0
7890,2,0.708099396,0,0,0,0
7891,2,0.707299117,0,0,0,0
7892,1,0.707235609,0,0,0,0
7301,1,0.707273966,0,0,0,0
7302,1,0.707875087,0,0,0,0
7303,1,0.707563704,0,0,0,0
7304,2,0.707980464,0,0,0,0
7305,1,0.708333563,0,0,0,0
7306,1,0.707064805,0,0,0,0
7307,2,0.707201627,0,0,0,0
7308,1,0.707423629,0,0,0,0
7311,2,0.708312874,0,0,0,0
7312,1,0.707033458,0,0,0,0
7313,1,0.708842137,0,0,0,0
7314,1,0.707692052,0,0,0,0
7315,1,0.705118448,0,0,0,0
7316,2,0.706749414,0,0,0,0
7317,1,0.705140607,0,0,0,0
7318,2,0.707995571,0,0,0,0
7319,2,0.70716531,0,0,0,0
7819,2,0.708038287,0,0,0,0
7820,1,0.707113628,0,0,0,0
7974,1,0.707169069,0,0,0,0
7975,1,0.707175871,0,0,0,0
7322,2,0.705104932,0,0,0,0
7324,1,0.707205088,0,0,0,0
7331,1,0.707729543,0,0,0,0
7332,1,0.705438591,0,0,0,0
7336,2,0.708331531,0,0,0,0
7337,2,0.708859044,0,0,0,0
7347,1,0.707432555,0,0,0,0
7348,1,0.70756392,0,0,0,0
7349,1,0.707029272,0,0,0,0
7353,1,0.707556319,0,0,0,0
7355,1,0.708901517,0,0,0,0
7356,1,0.707467062,0,0,0,0
7357,2,0.707997385,0,0,0,0
7358,1,0.705507896,0,0,0,0
7360,2,0.708871876,0,0,0,0
7365,1,0.705622737,0,0,0,0
7366,1,0.707363496,0,0,0,0
7648,1,0.707166713,0,0,0,0
7707,2,0.707475245,0,0,0,0
7709,1,0.707912758,0,0,0,0
7711,2,0.707600738,0,0,0,0
7712,1,0.7089695,0,0,0,0
7834,2,0.705434782,0,0,0,0
7839,1,0.707081837,0,0,0,0
7840,1,0.705109666,0,0,0,0
7845,1,0.707288061,0,0,0,0
7846,2,0.707164823,0,0,0,0
7847,2,0.707164627,0,0,0,0
7849,2,0.707133683,0,0,0,0
7850,1,0.707443921,0,0,0,0
7367,1,0.707442741,0,0,0,0
7368,1,0.707998701,0,0,0,0
7369,1,0.708040651,0,0,0,0
7370,2,0.707103664,0,0,0,0
7395,3,0.70587309,54.53419262914736,4.958011477368462e-4,0.8105210559629455,64.34804776017432
7398,5,0.706914331,16.150474602902506,1.468330868867407e-4,0.240038388731014,19.056879014682526
7399,5,0.70789512,45.397868967953684,4.1273766886370253e-4,0.6747313368073339,53.567571091144494
7400,4,0.705653449,45.74306057485855,4.1587600073663257e-4,0.6798617889557818,53.974882631604594
7402,3,0.707639295,0,0,0,0
7409,5,0.706934981,16.170232327460113,1.4701271552044844e-4,0.2403320403099556,19.08019229653692
7411,4,0.70764873,0,0,0,0
7412,3,0.708769341,58.76900135703672,5.343021858288881e-4,0.8734614145976021,69.34494348998808
7502,3,0.708788643,59.736768087664665,5.431006998006604e-4,0.887844965075163,70.48686742432851
7519,5,0.707891582,0,0,0,0
7524,5,0.706924424,16.155039213713653,1.4687458634185372e-4,0.24010623081313429,19.062265062963828
7528,3,0.705817982,52.649199344726135,4.786636090875112e-4,0.7825051145193462,62.12383516903173
7533,4,0.705743102,48.94936768712433,4.4502634971252495e-4,0.7275159175141308,57.75818982378976
7551,5,0.707891973,0,0,0,0
7553,6,0.706023468,51.42888009737522,4.675689975369852e-4,0.7643679716134087,60.68390991433516
7560,3,0.70566257,45.84465491888166,4.1679965230167484e-4,0.6813717472228353,54.09475967362517
7561,3,0.705551696,40.57048834753625,3.6884922499433564e-4,0.6029838065082505,47.87146551511484
7566,7,0.708742107,0,0,0,0
7576,5,0.707911105,0,0,0,0
7579,3,0.706336785,41.73802176859351,3.794639307830105e-4,0.6203364136650599,49.2491057206038
7580,3,0.708158403,46.00103020788011,4.1822134837940636e-4,0.6836958939325419,54.279275920769635
7582,5,0.70696138,15.408394846586656,1.4008642067320202e-4,0.2290091382974727,18.181256193492196
7583,3,0.707615284,0,0,0,0
7587,3,0.705930832,53.07360710117349,4.825221397195857e-4,0.7888129263036673,62.624618425646155
7593,3,0.705769976,49.95514583828651,4.541704469783627e-4,0.7424644173422684,58.944965631533776
7596,4,0.705967707,53.91386994314475,4.901614438215651e-4,0.8013014347627982,63.61609314782565
7602,3,0.70589654,53.80711486206993,4.891908730810468e-4,0.7997147744150308,63.49012665369674
7608,3,0.707295432,0,0,0,0
7611,3,0.707327592,0,0,0,0
7616,3,0.707480818,38.425605515940525,3.4934888367823755e-4,0.5711052251308014,45.34059421706374
7618,4,0.705944958,52.2892565586417,4.75391165912752e-4,0.7771554211802086,61.69911785915243
7621,4,0.707592037,42.52306067076157,3.866011628561038e-4,0.6320041496171489,50.175418522442286
7622,3,0.706152978,50.01316912251135,4.546979694285394e-4,0.7433267954454921,59.01343066025242
7623,5,0.707057831,15.584872896633268,1.4169088230626386e-4,0.23163206473283374,18.38949285100076
7625,3,0.705951721,53.09702143119008,4.827350126188814e-4,0.7891609246249915,62.652246347754144
7630,5,0.705953813,53.09948057905416,4.8275737012111415e-4,0.789197474008552,62.65514803853892
7632,4,0.705670316,45.92632259222395,4.175421392483774e-4,0.6825855429286886,54.19112408448991
7782,5,0.707966902,0,0,0,0
7842,4,0.707074456,0,0,0,0
7843,3,0.707120066,0,0,0,0
7985,4,0.708804119,59.05402919180362,5.368935348670116e-4,0.8776976753814579,69.68126431624997
7654,3,0.705965886,53.91260289455429,4.901499243671622e-4,0.8012826030993594,63.61459808391651
7663,3,0.708217862,46.5725955548015,4.234177717854947e-4,0.692190853263634,54.953698928952214
7665,5,0.707001694,14.685615949049845,1.3351522946852668e-4,0.21826674921979597,17.328407571802206
7671,5,0.707925585,0,0,0,0
7673,4,0.707226025,21.239662839953056,1.9310177167570204e-4,0.31567706650404376,25.061906538702665
7686,3,0.705941359,53.08574928714821,4.8263253119055225e-4,0.7889933910162351,62.638945693097014
7696,4,0.707941649,46.04382496526098,4.186104196905165e-4,0.6843319362074849,54.329771929953374
7718,5,0.706245734,47.59587358780567,4.327209703616153e-4,0.7073994472093512,56.16112385935261
7719,4,0.70691855,0,0,0,0
7723,3,0.707493467,38.54235237498642,3.504102953159463e-4,0.572840389491219,45.478350587875404
7741,3,0.707118164,0,0,0,0
7742,3,0.707123682,0,0,0,0
7743,4,0.707602998,42.59343312777315,3.8724095861126736e-4,0.6330500687995527,50.25845505432195
7745,3,0.707117342,0,0,0,0
7746,3,0.705946629,52.29101090036097,4.754071156242266e-4,0.7771814952969099,61.70118790840588
7757,4,0.707703437,0,0,0,0
7772,4,0.705744292,48.957692737721,4.4510203744973717e-4,0.7276396495889127,57.76801303245159
7774,5,0.706220129,48.6376612898563,4.4219245079385266e-4,0.7228831433575175,57.39038941873096
7777,3,0.707117612,0,0,0,0
7791,3,0.705595219,43.47083746430465,3.952179370189223e-4,0.6460905972289015,51.29375517393785
7798,7,0.70860615,0,0,0,0
7799,3,0.707347784,33.77685079670975,3.070844287698174e-4,0.5020125439653013,39.85525967231952
7806,3,0.705978288,53.91564442799754,4.90177576665644e-4,0.8013278082592659,63.61818696512727
7808,4,0.705685644,46.07534919260597,4.188970242471375e-4,0.6848004688620312,54.36696918893899
7851,5,0.708057517,49.685308711516235,4.517172052468034e-4,0.738453930299485,58.626569200161626
7855,5,0.707842202,44.78708429414152,4.071846804045997e-4,0.6656534754708552,52.84687093099137
7915,3,0.708939655,62.2926423841525,5.663375966643811e-4,0.9258319569755555,73.50269132068337
7917,3,0.70581854,52.652189031888824,4.7869079002217207e-4,0.782549549107616,62.127362873817624
7932,4,0.70878038,59.66801858477936,5.424756592381519e-4,0.8868231672454149,70.40574590988278
7933,4,0.707077518,0,0,0,0
7934,3,0.708944398,62.32408063836074,5.666234195906557e-4,0.9262992118439236,73.53978713499284
7978,3,0.707998514,49.928757932878966,4.539305396256234e-4,0.742072223895837,58.91382901585116
7960,3,0.707590347,0,0,0,0
7961,7,0.708622066,0,0,0,0
8571,4,0.706266602,46.56820724743179,4.2337787520454925e-4,0.6921256315128075,54.94852091129763
8037,3,0.707420164,36.21395429382843,3.292415132111684e-4,0.538234290446606,42.7309390336247
8279,3,0.708878934,62.73717670300721,5.70379109243386e-4,0.9324389022361205,74.0272230722621
8351,4,0.707346005,0,0,0,0
8392,3,0.708294058,41.61142975372937,3.783130112729192e-4,0.6184549244815322,49.09973248106709
8393,4,0.706479097,32.891790853341696,2.9903784891629527e-4,0.48885823315029575,38.8109262594503
7935,5,0.707966689,0,0,0,0
7937,3,0.707884512,45.44808024905067,4.131941679809906e-4,0.675477608066042,53.626818285580846
7939,7,0.708785113,0,0,0,0
7941,4,0.707124211,19.791272543100163,1.799336373927942e-4,0.2941501899472569,23.35286706266119
7943,5,0.707886717,45.437436609324926,4.1309740064039734e-4,0.6753194156789561,53.61425923951461
7947,3,0.707124626,0,0,0,0
7952,3,0.707569639,0,0,0,0
7962,4,0.708754279,57.82482822493377,5.257181745876778e-4,0.8594285268413266,68.23085900703634
7964,7,0.708766241,0,0,0,0
8065,3,0.707156853,0,0,0,0
8066,3,0.705968738,53.914462113902,4.901668275803949e-4,0.8013102359725407,63.61679188434914
8172,4,0.707288039,0,0,0,0
8174,4,0.707688434,0,0,0,0
8203,3,0.707372878,34.877608461460184,3.170920384409597e-4,0.5183726883404096,41.1541073010984
8204,3,0.706001662,53.8857752919329,4.899060194786978e-4,0.8008838745997278,63.582942644062264
7966,7,0.708600941,0,0,0,0
7968,3,0.708404356,41.83181793837766,3.80316684741404e-4,0.6217304706211373,49.359781245847856
7971,3,0.707123037,0,0,0,0
7981,4,0.708063719,49.65520730752726,4.514435363809652e-4,0.7380065445297346,58.59105081273995
8001,4,0.707098509,0,0,0,0
8005,4,0.707098295,0,0,0,0
8008,3,0.707172431,0,0,0,0
8011,4,0.707112004,0,0,0,0
8015,3,0.705596397,43.4838941507443,3.9533664273015267e-4,0.6462846538156086,51.30916151337559
8020,7,0.708779655,0,0,0,0
8021,4,0.707104039,0,0,0,0
8024,5,0.706430508,34.27071074827066,3.115743885363491e-4,0.5093525974278882,40.43799359057861
8026,5,0.708168957,46.753562606070645,4.2506304546419295e-4,0.694880498024429,55.16723241861575
8047,3,0.707152882,0,0,0,0
8054,4,0.708122226,48.552545311088316,4.41418613354819e-4,0.7216180967938048,57.289956152868534
8060,3,0.708970956,61.701041774214026,5.609590213656877e-4,0.917039221116487,72.80462754696715
8092,3,0.70716784,0,0,0,0
8151,3,0.707640935,0,0,0,0
8375,4,0.707429539,0,0,0,0
8378,3,0.705948558,52.29274625713267,4.7542289273281956e-4,0.777207287247524,61.70323555622172
8460,3,0.70758026,0,0,0,0
8227,3,0.707689556,0,0,0,0
8228,3,0.707426836,0,0,0,0
8305,3,0.707342311,33.707320058483596,3.0645228555556e-4,0.5009791349304927,39.773216333113915
8950,5,0.707961391,47.60335946367672,4.327890286874059e-4,0.7075107069479353,56.16995687722366
9039,3,0.706191501,48.89181956203005,4.445031472023883e-4,0.7266606015211483,57.69028546280917
9040,3,0.708271718,44.013399234519426,4.001506725270821e-4,0.6541544873814544,51.933955184599874
9041,3,0.705838758,53.570441048512684,4.8703913776153973e-4,0.7961971811394192,63.21086153351919
9099,3,0.705833266,53.537312891382264,4.8673795097329176e-4,0.7957048098837916,63.171771705019644
9100,3,0.706221128,48.62863902366705,4.4211042427588006e-4,0.7227490488313801,57.37974352506937
9348,3,0.707463869,0,0,0,0
10686,3,0.709187669,64.3508482848951,5.850499090443669e-4,0.9564222919494968,75.93128749523221
10687,5,0.707939154,0,0,0,0
10691,3,0.705976507,53.91601314790364,4.901809289065744e-4,0.8013332884036164,63.61862203906866
10692,3,0.707676523,45.40530176400064,4.128052446108312e-4,0.6748418076405908,53.576341477061334
7372,2,0.707504237,0,0,0,0
7373,2,0.707906487,0,0,0,0
7374,1,0.707543612,0,0,0,0
7375,1,0.707107608,0,0,0,0
7376,1,0.708856614,0,0,0,0
7377,1,0.70720895,0,0,0,0
7378,1,0.707513092,0,0,0,0
7385,1,0.708112848,0,0,0,0
7386,1,0.705046737,0,0,0,0
7387,1,0.707184135,0,0,0,0
7388,1,0.707245407,0,0,0,0
7389,1,0.70711216,0,0,0,0
7390,1,0.708052287,0,0,0,0
7391,1,0.707974416,0,0,0,0
7392,1,0.708335213,0,0,0,0
7393,1,0.707121248,0,0,0,0
7394,2,0.707579821,0,0,0,0
7396,1,0.707132077,0,0,0,0
7397,1,0.707108361,0,0,0,0
7401,2,0.707485142,0,0,0,0
7410,1,0.707087467,0,0,0,0
7413,1,0.707268508,0,0,0,0
7414,1,0.706801991,0,0,0,0
7415,1,0.707974201,0,0,0,0
7416,1,0.70703526,0,0,0,0
7417,2,0.707097868,0,0,0,0
7418,1,0.707263099,0,0,0,0
7419,2,0.708868449,0,0,0,0
7420,2,0.708881058,0,0,0,0
7497,2,0.70722185,0,0,0,0
7498,2,0.705573875,0,0,0,0
7499,2,0.707055126,0,0,0,0
7500,1,0.706072544,0,0,0,0
7501,1,0.707045736,0,0,0,0
7503,1,0.707512144,0,0,0,0
7504,2,0.70747530300000006,0,0,0,0
7505,1,0.707038127,0,0,0,0
7506,1,0.707487438,0,0,0,0
7507,1,0.707551483,0,0,0,0
7508,1,0.707052081,0,0,0,0
7509,2,0.707551615,0,0,0,0
7510,2,0.706839053,0,0,0,0
7511,1,0.707450807,0,0,0,0
7512,1,0.70714052,0,0,0,0
7513,1,0.708996579,0,0,0,0
7514,1,0.70710113,0,0,0,0
7515,2,0.707110964,0,0,0,0
7516,1,0.70737227,0,0,0,0
7517,2,0.706279623,0,0,0,0
7518,2,0.707109237,0,0,0,0
7520,2,0.707460784,0,0,0,0
7521,2,0.707062588,0,0,0,0
7522,1,0.707950369,0,0,0,0
7523,2,0.705582292,0,0,0,0
7525,1,0.707190238,0,0,0,0
7526,1,0.708860833,0,0,0,0
7527,2,0.707026793,0,0,0,0
7529,1,0.708387364,0,0,0,0
7530,2,0.708377571,0,0,0,0
7531,1,0.707112755,0,0,0,0
7532,1,0.705481468,0,0,0,0
7534,1,0.707780057,0,0,0,0
7535,1,0.70745581,0,0,0,0
7548,2,0.707065423,0,0,0,0
7549,1,0.708065692,0,0,0,0
7550,1,0.707155137,0,0,0,0
7552,1,0.705485693,0,0,0,0
7554,1,0.705163385,0,0,0,0
7555,1,0.707096544,0,0,0,0
7556,1,0.708021009,0,0,0,0
7562,1,0.707258862,0,0,0,0
7563,2,0.707149195,0,0,0,0
7564,1,0.70771881699999994,0,0,0,0
7565,1,0.707219576,0,0,0,0
7567,1,0.707131452,0,0,0,0
7568,1,0.706983047,0,0,0,0
7575,2,0.708287495,0,0,0,0
7577,1,0.708393726,0,0,0,0
7578,1,0.707136849,0,0,0,0
7581,2,0.707095277,0,0,0,0
7584,1,0.707327985,0,0,0,0
7585,1,0.707645536,0,0,0,0
7586,1,0.708042635,0,0,0,0
7588,1,0.705822929,0,0,0,0
7589,2,0.707325838,0,0,0,0
7594,1,0.707316248,0,0,0,0
7595,1,0.707005216,0,0,0,0
7597,1,0.707217531,0,0,0,0
7598,1,0.707112993,0,0,0,0
7599,1,0.70719822,0,0,0,0
7600,1,0.707197572,0,0,0,0
7601,1,0.70469731,0,0,0,0
7603,1,0.705380896,0,0,0,0
7604,1,0.70733437,0,0,0,0
7609,1,0.707471256,0,0,0,0
7610,2,0.707100888,0,0,0,0
7612,1,0.705181095,0,0,0,0
7613,1,0.707885933,0,0,0,0
7614,1,0.707082907,0,0,0,0
7615,1,0.707106113,0,0,0,0
7617,1,0.708296864,0,0,0,0
7619,1,0.704850141,0,0,0,0
7620,1,0.707341853,0,0,0,0
7624,1,0.708868879,0,0,0,0
7629,1,0.707208978,0,0,0,0
7631,2,0.70744986,0,0,0,0
7633,2,0.708029257,0,0,0,0
7634,1,0.708066586,0,0,0,0
7635,1,0.708081844,0,0,0,0
7636,1,0.704858936,0,0,0,0
7637,1,0.706162293,0,0,0,0
7682,1,0.708880879,0,0,0,0
7783,1,0.707783286,0,0,0,0
7784,1,0.707657006,0,0,0,0
7844,2,0.707543047,0,0,0,0
7983,1,0.705211311,0,0,0,0
7984,1,0.707825858,0,0,0,0
7644,2,0.707126815,0,0,0,0
7645,1,0.70887993,0,0,0,0
7646,2,0.70523671,0,0,0,0
7653,1,0.706430727,0,0,0,0
7655,1,0.705371796,0,0,0,0
7662,1,0.707312592,0,0,0,0
7664,1,0.707087601,0,0,0,0
7666,1,0.705077779,0,0,0,0
7667,1,0.707428969,0,0,0,0
7668,1,0.707051561,0,0,0,0
7669,2,0.705954448,0,0,0,0
7670,2,0.707268293,0,0,0,0
7672,2,0.707112022,0,0,0,0
7674,1,0.708003971,0,0,0,0
7675,1,0.707515377,0,0,0,0
7676,2,0.707561019,0,0,0,0
7683,1,0.70712677,0,0,0,0
7684,1,0.707323778,0,0,0,0
7685,2,0.707347144,0,0,0,0
7687,1,0.707231484,0,0,0,0
7688,1,0.707242209,0,0,0,0
7689,1,0.707580235,0,0,0,0
7690,1,0.708869569,0,0,0,0
7691,2,0.70612029,0,0,0,0
7692,1,0.707716742,0,0,0,0
7693,1,0.708386933,0,0,0,0
7694,2,0.707472905,0,0,0,0
7695,1,0.707119196,0,0,0,0
7697,2,0.70714955,0,0,0,0
7698,2,0.70727213,0,0,0,0
7699,2,0.708877465,0,0,0,0
7700,2,0.707586958,0,0,0,0
7701,1,0.707043555,0,0,0,0
7702,1,0.70767535,0,0,0,0
7703,1,0.708186047,0,0,0,0
7704,1,0.705937511,0,0,0,0
7705,1,0.70900986,0,0,0,0
7706,1,0.70798587,0,0,0,0
7713,2,0.707284478,0,0,0,0
7714,1,0.707305907,0,0,0,0
7715,1,0.707415161,0,0,0,0
7716,1,0.707255587,0,0,0,0
7717,1,0.707162607,0,0,0,0
7720,2,0.70901928,0,0,0,0
7721,1,0.708177189,0,0,0,0
7722,1,0.70715901,0,0,0,0
7724,2,0.707127426,0,0,0,0
7725,2,0.706116646,0,0,0,0
7726,1,0.707123578,0,0,0,0
7727,1,0.707337251,0,0,0,0
7731,1,0.708865693,0,0,0,0
7732,1,0.70505297199999994,0,0,0,0
7733,2,0.707318787,0,0,0,0
7734,1,0.707109244,0,0,0,0
7735,1,0.708602574,0,0,0,0
7736,1,0.707446643,0,0,0,0
7737,1,0.707800048,0,0,0,0
7738,1,0.707082301,0,0,0,0
7739,1,0.707451406,0,0,0,0
7740,1,0.708880027,0,0,0,0
7744,2,0.707392855,0,0,0,0
7747,1,0.70714264,0,0,0,0
7748,1,0.707207704,0,0,0,0
7758,1,0.707645571,0,0,0,0
7759,1,0.707208202,0,0,0,0
7760,1,0.707206995,0,0,0,0
7761,1,0.707340948,0,0,0,0
7762,1,0.705254457,0,0,0,0
7763,1,0.705370181,0,0,0,0
7767,1,0.708145471,0,0,0,0
7768,2,0.707135543,0,0,0,0
7769,1,0.707129016,0,0,0,0
7770,1,0.707599032,0,0,0,0
7771,1,0.70539264,0,0,0,0
7773,2,0.707789762,0,0,0,0
7775,1,0.709033448,0,0,0,0
7776,2,0.707135974,0,0,0,0
7778,1,0.70779311,0,0,0,0
7785,1,0.707539074,0,0,0,0
7786,2,0.7056518,0,0,0,0
7787,2,0.705405663,0,0,0,0
7788,1,0.707141944,0,0,0,0
7789,1,0.70717942,0,0,0,0
7790,1,0.70705395,0,0,0,0
7792,1,0.705469859,0,0,0,0
7793,2,0.707123873,0,0,0,0
7794,1,0.707221945,0,0,0,0
7795,2,0.706101947,0,0,0,0
7796,2,0.70748452,0,0,0,0
7797,1,0.707939854,0,0,0,0
7800,1,0.705657286,0,0,0,0
7801,1,0.707515297,0,0,0,0
7802,2,0.705998,0,0,0,0
7803,1,0.707078061,0,0,0,0
7804,2,0.705488197,0,0,0,0
7805,1,0.707537685,0,0,0,0
7807,1,0.707211291,0,0,0,0
7809,1,0.708124548,0,0,0,0
7810,1,0.707154603,0,0,0,0
7811,2,0.707542412,0,0,0,0
7821,2,0.707139327,0,0,0,0
7822,2,0.707251792,0,0,0,0
7823,1,0.70814945,0,0,0,0
7827,1,0.70718821,0,0,0,0
7828,1,0.705122842,0,0,0,0
7829,1,0.70888325,0,0,0,0
7830,1,0.707614403,0,0,0,0
7831,1,0.707133995,0,0,0,0
7832,1,0.707509764,0,0,0,0
7852,2,0.705384592,0,0,0,0
7853,1,0.709038775,0,0,0,0
7854,1,0.707151892,0,0,0,0
7856,2,0.70716187,0,0,0,0
7914,2,0.706760992,0,0,0,0
7916,2,0.70537785,0,0,0,0
7918,2,0.706218824,0,0,0,0
7919,1,0.707426935,0,0,0,0
7923,2,0.707157439,0,0,0,0
7924,1,0.707153193,0,0,0,0
7925,1,0.708863418,0,0,0,0
7977,1,0.707156613,0,0,0,0
7979,1,0.709108425,0,0,0,0
7956,1,0.707209812,0,0,0,0
7957,1,0.70756207,0,0,0,0
7958,1,0.705198004,0,0,0,0
7959,2,0.708117033,0,0,0,0
8572,1,0.705233313,0,0,0,0
8573,1,0.707182693,0,0,0,0
8394,1,0.707631032,0,0,0,0
8395,1,0.707175019,0,0,0,0
8396,1,0.706913618,0,0,0,0
8038,2,0.707146534,0,0,0,0
8039,1,0.708865442,0,0,0,0
8184,2,0.708190566,0,0,0,0
8185,2,0.707177883,0,0,0,0
8186,1,0.707581951,0,0,0,0
8277,2,0.707633045,0,0,0,0
8278,1,0.707161367,0,0,0,0
8349,1,0.709285199,0,0,0,0
8350,1,0.707407134,0,0,0,0
8391,1,0.70767439,0,0,0,0
7936,1,0.708349767,0,0,0,0
7938,1,0.707125374,0,0,0,0
7940,2,0.707097013,0,0,0,0
7942,2,0.708156965,0,0,0,0
7948,2,0.708162597,0,0,0,0
7949,1,0.707103685,0,0,0,0
7950,2,0.707633224,0,0,0,0
7951,1,0.70719429599999994,0,0,0,0
7953,2,0.707785146,0,0,0,0
7954,1,0.70721833,0,0,0,0
7955,2,0.70527965,0,0,0,0
7963,2,0.70900246,0,0,0,0
8064,2,0.707405663,0,0,0,0
8169,1,0.707046154,0,0,0,0
8170,1,0.70885856,0,0,0,0
8171,1,0.708282157,0,0,0,0
8173,1,0.707159371,0,0,0,0
8202,2,0.708095645,0,0,0,0
8337,1,0.70714603,0,0,0,0
8338,1,0.707158274,0,0,0,0
8339,2,0.70713264,0,0,0,0
7965,1,0.707294443,0,0,0,0
7967,1,0.707659917,0,0,0,0
7969,1,0.707124763,0,0,0,0
7970,2,0.707822464,0,0,0,0
7972,1,0.70812488,0,0,0,0
7973,2,0.707246741,0,0,0,0
7980,1,0.708869694,0,0,0,0
7982,1,0.708867201,0,0,0,0
7989,2,0.70672396,0,0,0,0
7990,1,0.70713995,0,0,0,0
7991,1,0.707226477,0,0,0,0
7998,1,0.708885521,0,0,0,0
7999,1,0.707593236,0,0,0,0
8000,2,0.707429973,0,0,0,0
8002,1,0.707114556,0,0,0,0
8003,2,0.707185777,0,0,0,0
8004,1,0.708245411,0,0,0,0
8006,1,0.708858528,0,0,0,0
8007,1,0.70767513,0,0,0,0
8009,1,0.707164261,0,0,0,0
8010,2,0.706174018,0,0,0,0
8012,1,0.707097517,0,0,0,0
8013,1,0.708820318,0,0,0,0
8014,1,0.708063333,0,0,0,0
8016,1,0.707691581,0,0,0,0
8017,1,0.707102585,0,0,0,0
8018,1,0.707880533,0,0,0,0
8019,2,0.70589747,0,0,0,0
8022,1,0.707281434,0,0,0,0
8023,1,0.707159227,0,0,0,0
8025,1,0.707603461,0,0,0,0
8027,1,0.707198274,0,0,0,0
8028,2,0.706449514,0,0,0,0
8029,2,0.707284879,0,0,0,0
8030,1,0.707546896,0,0,0,0
8034,1,0.707199615,0,0,0,0
8035,2,0.707185006,0,0,0,0
8036,2,0.708070024,0,0,0,0
8046,2,0.707741159,0,0,0,0
8048,1,0.707352268,0,0,0,0
8049,2,0.707433097,0,0,0,0
8050,1,0.707185274,0,0,0,0
8051,2,0.707183769,0,0,0,0
8052,1,0.707516251,0,0,0,0
8053,2,0.706018683,0,0,0,0
8055,1,0.707199092,0,0,0,0
8056,1,0.708189758,0,0,0,0
8057,2,0.707278072,0,0,0,0
8058,1,0.70587322,0,0,0,0
8059,1,0.707067683,0,0,0,0
8091,2,0.705547085,0,0,0,0
8093,1,0.707108312,0,0,0,0
8152,1,0.707156407,0,0,0,0
8153,2,0.707582592,0,0,0,0
8373,2,0.7071448,0,0,0,0
8374,2,0.706431224,0,0,0,0
8376,1,0.708859541,0,0,0,0
8377,2,0.707178105,0,0,0,0
8461,2,0.707183476,0,0,0,0
8462,2,0.706288531,0,0,0,0
8463,1,0.707155544,0,0,0,0
8464,1,0.707150967,0,0,0,0
8465,1,0.707213733,0,0,0,0
8550,1,0.706595438,0,0,0,0
8551,2,0.707258547,0,0,0,0
8552,1,0.70702362,0,0,0,0
8292,1,0.709153632,0,0,0,0
8293,2,0.707237059,0,0,0,0
8294,1,0.707242622,0,0,0,0
8301,2,0.70716172,0,0,0,0
8302,1,0.706292228,0,0,0,0
8303,2,0.70716586,0,0,0,0
8304,2,0.707161852,0,0,0,0
8306,1,0.707049209,0,0,0,0
8061,1,0.708179958,0,0,0,0
8062,2,0.707126502,0,0,0,0
8949,2,0.707353533,0,0,0,0
8951,1,0.705833998,0,0,0,0
9347,1,0.706739654,0,0,0,0
9349,1,0.707553626,0,0,0,0
9350,2,0.707549799,0,0,0,0
9354,1,0.707753167,0,0,0,0
9355,1,0.70729573,0,0,0,0
9356,1,0.708448375,0,0,0,0
9357,1,0.708534757,0,0,0,0
10685,2,0.708214068,0,0,0,0
10688,2,0.705406172,0,0,0,0
10689,1,0.706680985,0,0,0,0
10690,2,0.706639029,0,0,0,0
10742,1,0.704730204,0,0,0,0
10743,2,0.706577675,0,0,0,0
10747,3,0.707396313,0,0,0,0
10749,4,0.708149047,0,0,0,0
10901,3,0.704852771,13.373435093109304,1.2158545214812467e-4,0.19876430200830386,15.780089492496508
10908,7,0.70891437,0,0,0,0
11079,4,0.708201392,0,0,0,0
11081,5,0.707559063,43.0800111328898,3.9166471408961286e-4,0.6402818934494092,50.8325965828345
11082,5,0.707568096,43.15213731219243,3.923204539246793e-4,0.6413538775421873,50.91770243306843
11084,4,0.708191488,0,0,0,0
11152,4,0.706232914,47.720267618010595,4.3385190675168206e-4,0.7092482685791444,56.307903569673805
8069,3,0.707671733,45.38295101282319,4.1260204130750335e-4,0.6745096168888343,53.549968533135626
8070,3,0.705863656,54.49626615920827,4.954563367766238e-4,0.8099573692008982,64.30329612489089
8072,4,0.705636831,44.746691815898416,4.068174495700102e-4,0.6650531373611266,52.799209509893345
8074,4,0.707125416,0,0,0,0
8085,4,0.708218219,46.57123412777885,4.2340539428345703e-4,0.6921706188892935,54.95209250247275
8128,3,0.707347478,33.77300204187254,3.0704943756570025e-4,0.5019553413794664,39.85071830390197
8134,3,0.707700914,44.69831502951719,4.0637762888036063e-4,0.6643341315027571,52.74212694186649
8135,4,0.708149216,46.04111081874208,4.185857438514819e-4,0.6842915968754717,54.32656935150843
8239,4,0.706996111,0,0,0,0
8500,4,0.708276345,43.20963734428468,3.9284321919417017e-4,0.6422084787470909,50.98555004633457
8089,3,0.70765632,45.29989059271973,4.118468921133299e-4,0.673275121315226,53.451960739820635
8103,3,0.70717008,0,0,0,0
8110,4,0.706966399,14.619823703888041,1.3291707500633022e-4,0.2172889039918423,17.250775496771574
8114,4,0.708124715,48.54048536113842,4.4130896953800355e-4,0.7214388543241359,57.27572592045933
8116,3,0.707619632,0,0,0,0
8117,4,0.708098124,48.679267012157595,4.425707119154518e-4,0.7235015134542946,57.43948241665883
8119,3,0.707132796,0,0,0,0
8122,4,0.707123073,0,0,0,0
8124,3,0.707398665,0,0,0,0
8138,3,0.707644873,43.62865379605915,3.966527344302931e-4,0.6484361616114479,51.47997179077002
8140,3,0.705981866,53.91408717633639,4.9016341881121e-4,0.8013046634174712,63.61634947383171
8141,3,0.707154286,0,0,0,0
8142,3,0.707161403,0,0,0,0
8143,3,0.705887836,53.78350514337318,4.889762237928985e-4,0.7993638721057365,63.462268181185124
8145,4,0.706962223,0,0,0,0
8155,7,0.708764076,0,0,0,0
8157,4,0.708211678,46.59480553939815,4.236196953003274e-4,0.6925209518550007,54.97990577424829
8191,4,0.705656964,45.78290556397064,4.162382540382937e-4,0.6804539899418599,54.02189803861398
8194,5,0.707880906,45.46473263798065,4.1334556425452106e-4,0.6757251062173691,53.64646740233727
8199,3,0.707156175,0,0,0,0
8200,3,0.705898514,53.811577912868614,4.892314491967224e-4,0.799781107049141,63.49539286544581
8201,3,0.706111648,48.67922718538227,4.4257034982774196e-4,0.7235009215240131,57.439435422743315
8295,4,0.707440833,0,0,0,0
8297,3,0.707441582,0,0,0,0
8413,3,0.707164167,0,0,0,0
8446,3,0.709233897,63.560824470457874,5.77867356318207e-4,0.944680467133862,74.99909270711481
8447,4,0.707663641,45.34145973450997,4.122248206608412e-4,0.6738929477297183,53.50101057428793
8448,5,0.706580259,23.88510558080898,2.1715298585811292e-4,0.3549952802784608,28.183417422581044
8565,7,0.708802877,0,0,0,0
8568,5,0.70753391,40.473531268781855,3.6796773342711756e-4,0.6015427701590098,47.75706025057188
8569,3,0.707187247,0,0,0,0
11599,3,0.706688588,19.949677332460304,1.8137378480463643e-4,0.29650450035237963,23.539778034654542
11640,5,0.709216953,64.37228854279562,5.852448345390404e-4,0.9567409503844319,75.9565860954839
9429,3,0.707263996,0,0,0,0
9432,3,0.708610524,44.78380226034219,4.07154841581539e-4,0.6656046958452205,52.84299826950162
10321,3,0.706274698,46.47706110589373,4.2254921414975623e-4,0.6907709609231325,54.840972307640264
9616,5,0.70805235,49.711721912664906,4.5195734257741306e-4,0.7388464997069386,58.657735663752135
9617,6,0.707207464,21.89624281729896,1.9907111110578908e-4,0.3254355660967946,25.83664322597594
9618,5,0.705893361,53.79923440333717,4.891192273795881e-4,0.7995976501407798,63.48082804468722
9619,5,0.708052797,49.70918110408137,4.519342426514553e-4,0.7388087366310252,58.65473761676178
9751,3,0.706384598,37.189537210785296,3.38111088547673e-4,0.5527340099420159,43.882085738248286
9754,5,0.707624625,42.714667300644,3.88343166953528e-4,0.6348519264062529,50.40150626623059
9757,4,0.707429094,37.10816703265802,3.373713062980043e-4,0.5515246357948985,43.78607235919279
9758,5,0.707665925,45.35364528485164,4.123356063817611e-4,0.6740740569504523,53.51538900986325
8210,4,0.705909647,53.03551787136584,4.821758490174667e-4,0.7882468205033221,62.57967474058093
8215,3,0.707303634,30.047961573867486,2.73182990656647e-4,0.4465914753704105,35.45532762536359
8217,3,0.707155207,0,0,0,0
8219,4,0.705937239,53.08210858310849,4.825994314937485e-4,0.7889392806106261,62.634649815847645
8221,3,0.706059407,51.335320430464975,4.6671839375980224e-4,0.7629774297099956,60.573513452509694
8541,3,0.707764292,0,0,0,0
8543,4,0.706892336,14.546172230432882,1.3224746786059133e-4,0.21619425002961978,17.163869863754705
8830,4,0.705640502,44.789920292895516,4.072104640711293e-4,0.6656956258465,52.85021728993559
9126,5,0.705959902,53.906450886331676,4.90093992985572e-4,0.8011911681305721,63.60733897362544
9177,3,0.709240884,64.35478499058244,5.850856998593399e-4,0.9564808017155151,75.93593264194429
8231,3,0.707657547,0,0,0,0
8870,5,0.70686975,13.764123365005059,1.2513741990036585e-4,0.20457095386143936,16.241085179188882
8872,3,0.707489394,0,0,0,0
8874,5,0.707922647,45.29368237465558,4.1179044969632124e-4,0.6731828509208476,53.44463530428675
8875,3,0.707069118,16.41649018199768,1.4925158476986102e-4,0.24399207755771124,19.37076618094118
8435,5,0.707894442,46.20077299205658,4.200373228510613e-4,0.6866645953022062,54.514963983547844
8440,7,0.708772304,0,0,0,0
8441,3,0.70735568,0,0,0,0
8443,3,0.70782386,0,0,0,0
8444,4,0.707899654,0,0,0,0
8453,3,0.708293993,41.61135361881692,3.7831231908742684e-4,0.6184537929171565,49.09964264508078
8456,4,0.706452402,34.81477631471313,3.1652079590540396e-4,0.5174388379343687,41.07996801737876
8457,5,0.708178071,47.520222200517836,4.320331808696123e-4,0.7062750692850904,56.0718584123435
8458,5,0.708029608,0,0,0,0
8649,5,0.708114489,0,0,0,0
8650,3,0.707436144,0,0,0,0
8510,4,0.708255979,43.23556185599195,3.930789135730416e-4,0.6425937849484166,51.01613987699078
8513,3,0.707373902,0,0,0,0
8516,3,0.707184786,0,0,0,0
8520,3,0.708296983,41.61458274488954,3.7834167689646014e-4,0.6185017861952823,49.10345287768398
8523,3,0.708303646,42.422075528136,3.856830498850617e-4,0.630503245679796,50.05626031238262
8537,3,0.7083041,42.42264957125026,3.8568826883525015e-4,0.6305117774652448,50.056937659051776
8538,4,0.7081271,48.52960026345383,4.4121000696672373e-4,0.7212770732388346,57.26288196418321
8539,4,0.706854528,0,0,0,0
8554,4,0.707281393,0,0,0,0
8560,4,0.708255853,43.235825506960154,3.930813105729115e-4,0.642597703492927,51.01645097401589
8563,5,0.706309685,43.6715147834754,3.9704240787606366e-4,0.6490731882383292,51.5305459486028
8579,3,0.707183746,0,0,0,0
8584,3,0.707191854,0,0,0,0
8586,5,0.706638519,21.05988119428071,1.914672751888369e-4,0.31300503997778645,24.849771777658386
8598,5,0.706700364,20.674873186951853,1.8796694993015694e-4,0.3072828117461066,24.395478563635347
8600,3,0.70719566,0,0,0,0
8601,5,0.706666148,20.095319810045318,1.8269790283159502e-4,0.2986691293499706,23.711630016901392
8603,4,0.708113855,0,0,0,0
8631,7,0.708815633,0,0,0,0
8677,5,0.706729025,18.913737375054225,1.7195546952194395e-4,0.2811077170186477,22.31741256737502
8678,3,0.706124658,49.40211666481028,4.4914254639485013e-4,0.7342449541384675,58.29241452640202
8728,3,0.706194637,48.865579472970936,4.442645837315637e-4,0.7262706050131339,57.65932326418473
8729,3,0.707743293,0,0,0,0
8922,4,0.706080133,51.244999432099455,4.6589723454765636e-4,0.7616350229108579,60.46693848300213
8924,4,0.705635059,44.72549539196228,4.0662474090763176e-4,0.6647381029380779,52.7741986234379
8640,5,0.706314267,43.61674468358593,3.965444619621757e-4,0.648259160982081,51.465919540222934
8645,3,0.70767592,45.40257862694542,4.1278048703375286e-4,0.6748013346856406,53.57312829016265
8664,4,0.708178631,47.518426436746594,4.3201685456686683e-4,0.7062483795281149,56.06973948681538
8665,4,0.705753789,49.830152056052775,4.5303405790384405e-4,0.740606682085164,58.7974782391083
8673,3,0.707277969,0,0,0,0
8674,3,0.707195242,0,0,0,0
8675,3,0.707183327,0,0,0,0
8686,5,0.707894678,45.399670418979795,4.1275404687249437e-4,0.674758111091825,53.569696727393556
8790,4,0.707299379,0,0,0,0
8791,5,0.707557167,43.06418134450568,3.915207965422742e-4,0.6400466212985217,50.8139181000356
8838,3,0.708238301,47.291144555586925,4.2995050660963083e-4,0.7028703749875229,55.801556450837545
8841,4,0.707956585,0,0,0,0
8842,5,0.707909047,44.53809462524319,4.049209746878229e-4,0.6619528363006427,52.55307362083378
8843,3,0.707646605,45.23883504892852,4.112918016787243e-4,0.6723676758862166,53.379917772674915
8928,5,0.707571303,43.17643225943783,3.9254133301260105e-4,0.6417149641439421,50.94636944637344
8929,4,0.70582828,52.70765793642981,4.7919508916385276e-4,0.783373962432801,62.19281384221979
8932,5,0.708152733,0,0,0,0
8933,3,0.707642591,0,0,0,0
8691,3,0.70599949,53.890510243151844,4.899490675946714e-4,0.8009542483868307,63.58852968684203
8692,5,0.708185409,47.49496847585224,4.318035849946174e-4,0.7058997327375752,56.04206008211141
8693,4,0.707316639,0,0,0,0
8694,5,0.706335563,41.752812186648505,3.795983988276195e-4,0.6205562380482976,49.26655779024143
8705,4,0.706297211,44.615288016879525,4.056227834123283e-4,0.6631001324516634,52.64415856795244
8706,4,0.706302202,43.75796789469827,3.9782840194149715e-4,0.6503581080954205,51.63255697437915
8708,5,0.707929268,44.47121012097864,4.0431288988118267e-4,0.660958757239223,52.47415272611917
8720,3,0.705627978,45.44290002889292,4.13147071673593e-4,0.6754006164153004,53.620705844228944
8722,4,0.706276949,46.45089562220172,4.223113289584633e-4,0.6903820732464403,54.81009814020312
8733,3,0.707291057,0,0,0,0
8735,5,0.707903739,44.56030802755862,4.051229292750673e-4,0.6622829856882694,52.57928449889389
8736,5,0.708229653,47.32737588086455,4.3027990605226733e-4,0.7034088674563242,55.844307886899564
8740,3,0.705865097,54.502548278639054,4.955134510726982e-4,0.8100507379633066,64.31070876092122
8763,3,0.707340452,0,0,0,0
8780,5,0.706797669,17.86366287991769,1.6240864917313369e-4,0.26550085740259605,21.07836894158433
8782,5,0.708132711,0,0,0,0
8787,4,0.705615022,43.69245736461277,3.972328087101805e-4,0.6493844498919761,51.55525731125949
10744,1,0.706546658,0,0,0,0
10745,1,0.707400472,0,0,0,0
10746,1,0.708139118,0,0,0,0
10748,2,0.706510812,0,0,0,0
11160,2,0.709194754,0,0,0,0
11161,1,0.7081575,0,0,0,0
11162,1,0.705274798,0,0,0,0
11301,2,0.706554885,0,0,0,0
11302,2,0.708970899,0,0,0,0
11303,1,0.708809845,0,0,0,0
11608,1,0.707516256,0,0,0,0
10903,1,0.707172541,0,0,0,0
10904,1,0.708245506,0,0,0,0
10909,2,0.708977966,0,0,0,0
10910,1,0.706995142,0,0,0,0
10911,1,0.70913077,0,0,0,0
10912,2,0.709496333,0,0,0,0
10913,1,0.707098065,0,0,0,0
11080,1,0.708182032,0,0,0,0
11083,1,0.708476798,0,0,0,0
11151,2,0.708162139,0,0,0,0
8063,1,0.707115641,0,0,0,0
8067,1,0.705740787,0,0,0,0
8068,1,0.707170982,0,0,0,0
8071,1,0.707142928,0,0,0,0
8073,1,0.707144843,0,0,0,0
8075,1,0.707426011,0,0,0,0
8076,2,0.707581889,0,0,0,0
8077,1,0.706497964,0,0,0,0
8078,1,0.707828247,0,0,0,0
8079,1,0.707341791,0,0,0,0
8080,1,0.705824816,0,0,0,0
8081,1,0.70809994,0,0,0,0
8086,1,0.707556061,0,0,0,0
8087,1,0.707354781,0,0,0,0
8127,1,0.709072993,0,0,0,0
8129,1,0.707203533,0,0,0,0
8130,1,0.70720086,0,0,0,0
8131,1,0.707342689,0,0,0,0
8132,1,0.707326179,0,0,0,0
8133,1,0.707200045,0,0,0,0
8238,1,0.707631002,0,0,0,0
8240,1,0.708931667,0,0,0,0
8319,2,0.706599524,0,0,0,0
8320,1,0.707336721,0,0,0,0
8321,1,0.707169083,0,0,0,0
8499,2,0.708200415,0,0,0,0
8501,1,0.708331319,0,0,0,0
8622,2,0.707319529,0,0,0,0
8623,2,0.707139225,0,0,0,0
8624,1,0.707295694,0,0,0,0
8088,1,0.707373872,0,0,0,0
8090,1,0.70717049,0,0,0,0
8094,1,0.707765902,0,0,0,0
8095,1,0.707243878,0,0,0,0
8096,1,0.705651344,0,0,0,0
8104,1,0.707770882,0,0,0,0
8105,2,0.707547679,0,0,0,0
8106,1,0.70737817,0,0,0,0
8107,2,0.707113447,0,0,0,0
8108,1,0.708415214,0,0,0,0
8109,1,0.708090581,0,0,0,0
8111,2,0.705728203,0,0,0,0
8112,1,0.707161441,0,0,0,0
8113,2,0.707171841,0,0,0,0
8115,2,0.708268782,0,0,0,0
8118,2,0.7073723,0,0,0,0
8120,1,0.707311004,0,0,0,0
8121,1,0.707258441,0,0,0,0
8123,1,0.707137147,0,0,0,0
8125,1,0.706186764,0,0,0,0
8126,1,0.707242989,0,0,0,0
8136,1,0.7071479,0,0,0,0
8137,2,0.707174887,0,0,0,0
8139,1,0.707529977,0,0,0,0
8144,1,0.707138622,0,0,0,0
8146,1,0.707555913,0,0,0,0
8147,2,0.708247897,0,0,0,0
8154,1,0.708850128,0,0,0,0
8156,2,0.707380921,0,0,0,0
8158,1,0.707136371,0,0,0,0
8159,1,0.708866906,0,0,0,0
8163,2,0.707164369,0,0,0,0
8164,1,0.707443961,0,0,0,0
8165,2,0.707448721,0,0,0,0
8166,1,0.707228561,0,0,0,0
8167,1,0.707119371,0,0,0,0
8168,2,0.707119253,0,0,0,0
8190,1,0.706717948,0,0,0,0
8192,1,0.706061152,0,0,0,0
8193,2,0.709032749,0,0,0,0
8195,1,0.707204338,0,0,0,0
8296,2,0.708218798,0,0,0,0
8298,1,0.707048769,0,0,0,0
8299,2,0.707173814,0,0,0,0
8300,1,0.707045227,0,0,0,0
8412,2,0.705950951,0,0,0,0
8414,2,0.705594583,0,0,0,0
8445,1,0.708195894,0,0,0,0
8449,2,0.707170117,0,0,0,0
8450,1,0.705099493,0,0,0,0
8451,1,0.705766201,0,0,0,0
8452,2,0.706332624,0,0,0,0
8566,1,0.707441144,0,0,0,0
8567,2,0.707172898,0,0,0,0
8570,1,0.709224711,0,0,0,0
8574,1,0.707190443,0,0,0,0
8575,1,0.707207307,0,0,0,0
8749,1,0.709347608,0,0,0,0
8750,1,0.707716469,0,0,0,0
8751,1,0.70893903,0,0,0,0
8752,2,0.707304532,0,0,0,0
8753,1,0.70882688,0,0,0,0
8754,1,0.707991302,0,0,0,0
8755,2,0.708880509,0,0,0,0
8756,2,0.708229965,0,0,0,0
11598,1,0.70680361,0,0,0,0
11600,1,0.707031841,0,0,0,0
11601,2,0.705688639,0,0,0,0
11638,1,0.706616191,0,0,0,0
11639,1,0.706895267,0,0,0,0
11641,1,0.708912143,0,0,0,0
9426,2,0.707629747,0,0,0,0
9427,2,0.70839309,0,0,0,0
9428,2,0.704802989,0,0,0,0
9430,1,0.706913677,0,0,0,0
9431,2,0.708391607,0,0,0,0
9433,1,0.707633048,0,0,0,0
10320,1,0.707343228,0,0,0,0
10322,1,0.707186858,0,0,0,0
9615,1,0.707445677,0,0,0,0
9752,2,0.7072159,0,0,0,0
9753,2,0.707343014,0,0,0,0
9755,1,0.708588476,0,0,0,0
9756,1,0.707357468,0,0,0,0
8207,1,0.708193751,0,0,0,0
8208,2,0.707453689,0,0,0,0
8209,2,0.706317341,0,0,0,0
8211,1,0.707433797,0,0,0,0
8212,2,0.708864556,0,0,0,0
8213,1,0.704838647,0,0,0,0
8214,2,0.708244609,0,0,0,0
8216,1,0.707396001,0,0,0,0
8218,1,0.708188125,0,0,0,0
8220,1,0.707198174,0,0,0,0
8222,1,0.707155881,0,0,0,0
8355,1,0.708245079,0,0,0,0
8356,1,0.707179604,0,0,0,0
8357,1,0.708894055,0,0,0,0
8829,2,0.707213328,0,0,0,0
8831,1,0.707412386,0,0,0,0
9123,1,0.705194433,0,0,0,0
9124,1,0.706185384,0,0,0,0
9125,1,0.707557173,0,0,0,0
9127,1,0.70778909,0,0,0,0
9128,1,0.707317257,0,0,0,0
9178,2,0.707324379,0,0,0,0
9179,1,0.708331475,0,0,0,0
8229,2,0.70714633,0,0,0,0
8230,1,0.707407766,0,0,0,0
8826,1,0.706271659,0,0,0,0
8827,1,0.708360251,0,0,0,0
8828,1,0.707507027,0,0,0,0
8868,1,0.707056945,0,0,0,0
8869,1,0.707395508,0,0,0,0
8871,1,0.707505872,0,0,0,0
8873,1,0.708382456,0,0,0,0
8876,2,0.708967186,0,0,0,0
8430,2,0.708301171,0,0,0,0
8431,2,0.708586121,0,0,0,0
8432,1,0.707444042,0,0,0,0
8433,1,0.707108488,0,0,0,0
8434,1,0.707150265,0,0,0,0
8436,1,0.707174066,0,0,0,0
8437,1,0.709176407,0,0,0,0
8438,1,0.70716652,0,0,0,0
8439,1,0.707551488,0,0,0,0
8442,2,0.705104026,0,0,0,0
8454,2,0.707563756,0,0,0,0
8455,1,0.705098339,0,0,0,0
8459,1,0.707182323,0,0,0,0
8502,2,0.709004278,0,0,0,0
8503,2,0.708865552,0,0,0,0
8504,1,0.705591534,0,0,0,0
8607,1,0.708220341,0,0,0,0
8608,2,0.707549372,0,0,0,0
8609,2,0.706914059,0,0,0,0
8651,1,0.707195241,0,0,0,0
8820,1,0.708368719,0,0,0,0
8821,1,0.706111555,0,0,0,0
8822,1,0.707553965,0,0,0,0
8859,1,0.70721631,0,0,0,0
8860,1,0.707554962,0,0,0,0
8861,1,0.708401528,0,0,0,0
8508,2,0.709253698,0,0,0,0
8509,1,0.707158734,0,0,0,0
8511,1,0.70916785,0,0,0,0
8512,1,0.708227508,0,0,0,0
8514,2,0.708298066,0,0,0,0
8515,2,0.707632357,0,0,0,0
8521,1,0.707170361,0,0,0,0
8522,1,0.708247039,0,0,0,0
8524,2,0.709222324,0,0,0,0
8525,1,0.707226275,0,0,0,0
8532,2,0.706029988,0,0,0,0
8533,1,0.706107943,0,0,0,0
8534,1,0.707233691,0,0,0,0
8535,1,0.706391789,0,0,0,0
8536,1,0.707370172,0,0,0,0
8540,1,0.707607957,0,0,0,0
8544,1,0.707222826,0,0,0,0
8545,1,0.705359458,0,0,0,0
8546,1,0.707323469,0,0,0,0
8547,1,0.707190596,0,0,0,0
8548,1,0.70807749,0,0,0,0
8549,2,0.707143055,0,0,0,0
8553,1,0.708846385,0,0,0,0
8555,2,0.708292048,0,0,0,0
8556,2,0.707179684,0,0,0,0
8557,1,0.709292781,0,0,0,0
8558,2,0.706069098,0,0,0,0
8559,1,0.709208618,0,0,0,0
8561,1,0.707376499,0,0,0,0
8562,2,0.707262129,0,0,0,0
8564,1,0.707200361,0,0,0,0
8576,1,0.70577174,0,0,0,0
8577,1,0.709272616,0,0,0,0
8578,1,0.706613515,0,0,0,0
8580,1,0.707211207,0,0,0,0
8581,1,0.708913385,0,0,0,0
8582,1,0.708338703,0,0,0,0
8583,1,0.708258686,0,0,0,0
8585,1,0.707770895,0,0,0,0
8587,1,0.707180243,0,0,0,0
8588,1,0.707181659,0,0,0,0
8592,1,0.709235263,0,0,0,0
8593,1,0.707531378,0,0,0,0
8594,2,0.704707917,0,0,0,0
8595,1,0.708837183,0,0,0,0
8596,1,0.707231835,0,0,0,0
8597,1,0.707051942,0,0,0,0
8599,2,0.707142101,0,0,0,0
8602,1,0.708326146,0,0,0,0
8610,1,0.707241748,0,0,0,0
8611,2,0.707575457,0,0,0,0
8612,1,0.708882473,0,0,0,0
8613,2,0.708901861,0,0,0,0
8614,1,0.707652589,0,0,0,0
8615,1,0.70926249,0,0,0,0
8619,2,0.707268219,0,0,0,0
8620,1,0.707302997,0,0,0,0
8621,1,0.706787061,0,0,0,0
8625,2,0.70579248000000006,0,0,0,0
8626,1,0.70578013,0,0,0,0
8627,1,0.706909477,0,0,0,0
8632,2,0.704737697,0,0,0,0
8633,2,0.708205612,0,0,0,0
8676,1,0.70835163,0,0,0,0
8727,2,0.707482978,0,0,0,0
8730,1,0.709354336,0,0,0,0
8731,2,0.7088606,0,0,0,0
8732,2,0.707723223,0,0,0,0
8823,2,0.707478074,0,0,0,0
8824,1,0.707229761,0,0,0,0
8825,1,0.70747173,0,0,0,0
8923,2,0.708379278,0,0,0,0
8925,1,0.708409345,0,0,0,0
8926,2,0.708414851,0,0,0,0
8927,1,0.709228586,0,0,0,0
8634,2,0.70741821,0,0,0,0
8635,2,0.707126134,0,0,0,0
8636,1,0.705078012,0,0,0,0
8641,1,0.707941771,0,0,0,0
8642,1,0.708342598,0,0,0,0
8643,1,0.707144682,0,0,0,0
8644,1,0.707180079,0,0,0,0
8646,1,0.70729258800000006,0,0,0,0
8647,2,0.707203371,0,0,0,0
8648,1,0.707223682,0,0,0,0
8666,1,0.706982075,0,0,0,0
8679,2,0.708860842,0,0,0,0
8680,1,0.707474908,0,0,0,0
8681,1,0.707192789,0,0,0,0
8682,1,0.706377594,0,0,0,0
8683,2,0.70764411,0,0,0,0
8684,2,0.707164113,0,0,0,0
8685,2,0.706054587,0,0,0,0
8687,2,0.7058005,0,0,0,0
8688,1,0.707178916,0,0,0,0
8689,2,0.707175739,0,0,0,0
8690,1,0.705327769,0,0,0,0
8792,1,0.70774268,0,0,0,0
8839,1,0.708408194,0,0,0,0
8840,1,0.707201785,0,0,0,0
8930,1,0.708424151,0,0,0,0
8931,1,0.707867771,0,0,0,0
8967,2,0.707430018,0,0,0,0
8968,2,0.708411412,0,0,0,0
8969,1,0.707223405,0,0,0,0
8970,1,0.708859947,0,0,0,0
8971,1,0.707548412,0,0,0,0
8972,1,0.707582472,0,0,0,0
8695,1,0.708375018,0,0,0,0
8696,1,0.707633502,0,0,0,0
8697,1,0.708839619,0,0,0,0
8698,1,0.707016073,0,0,0,0
8699,1,0.708869212,0,0,0,0
8703,1,0.70882801,0,0,0,0
8704,1,0.705679411,0,0,0,0
8707,1,0.707205698,0,0,0,0
8709,1,0.708806523,0,0,0,0
8710,2,0.707498474,0,0,0,0
8711,2,0.707158579,0,0,0,0
8718,1,0.707255776,0,0,0,0
8719,1,0.708871515,0,0,0,0
8721,2,0.707628448,0,0,0,0
8723,1,0.707555012,0,0,0,0
8724,2,0.706062749,0,0,0,0
8725,1,0.708281047,0,0,0,0
8726,1,0.70704003,0,0,0,0
8734,1,0.707477556,0,0,0,0
8737,1,0.706994969,0,0,0,0
8738,1,0.708373265,0,0,0,0
8739,2,0.70580989,0,0,0,0
8741,2,0.70746318,0,0,0,0
8742,1,0.707618446,0,0,0,0
8743,1,0.70928945,0,0,0,0
8744,1,0.708807567,0,0,0,0
8745,1,0.707565472,0,0,0,0
8746,1,0.708327186,0,0,0,0
8747,2,0.705473153,0,0,0,0
8748,1,0.707876739,0,0,0,0
8760,1,0.708079256,0,0,0,0
8761,2,0.708973559,0,0,0,0
8762,1,0.707244634,0,0,0,0
8764,1,0.7071803,0,0,0,0
8765,1,0.70833691,0,0,0,0
8766,1,0.707435426,0,0,0,0
8767,2,0.706015227,0,0,0,0
8768,2,0.708224429,0,0,0,0
8769,1,0.708823351,0,0,0,0
8770,1,0.707209615,0,0,0,0
8771,1,0.707190806,0,0,0,0
8778,1,0.707417713,0,0,0,0
8779,1,0.707226845,0,0,0,0
8781,1,0.708357445,0,0,0,0
8783,2,0.707498127,0,0,0,0
8784,1,0.708887525,0,0,0,0
8785,2,0.707757187,0,0,0,0
8786,1,0.707007677,0,0,0,0
8788,2,0.708368706,0,0,0,0
8789,2,0.705806705,0,0,0,0
8803,3,0.706154972,49.99824177395589,4.545622564714082e-4,0.743104935916074,58.99581701839818
8813,4,0.706156324,49.98794297852469,4.5446862430507506e-4,0.7429518688191645,58.98366487405847
8816,5,0.707929835,44.469520494196075,4.042975285297506e-4,0.6609336449561221,52.47215903776221
8901,3,0.707296806,0,0,0,0
8902,5,0.707959772,47.607209667397264,4.3282403306413975e-4,0.7075679310679744,56.17449995526244
9053,3,0.707603738,42.5978929815807,3.872815056612908e-4,0.6331163539179943,50.26371749375629
9102,3,0.708326237,41.64933144219573,3.7865759693077566e-4,0.6190182429259334,49.14445487525765
9104,3,0.708332917,42.464068124559695,3.860648282978256e-4,0.6311273657401665,50.1058098054616
8844,5,0.707954473,47.618472856813405,4.329264330809086e-4,0.7077353315875192,56.1877900438388
8848,4,0.708247651,45.654108156759065,4.150672840607003e-4,0.6785397228469325,53.86992252910205
8850,5,0.706953052,16.19399821935797,1.472287846673794e-4,0.240685263762404,19.108235046840502
8852,3,0.707491141,0,0,0,0
8856,3,0.707673414,0,0,0,0
8864,4,0.707423327,0,0,0,0
9522,3,0.707325164,0,0,0,0
9523,3,0.70763507,0,0,0,0
9119,3,0.708434497,41.09192902252128,3.735899366959347e-4,0.610733781819795,48.48674352401858
9243,3,0.707255465,0,0,0,0
9365,5,0.706438551,34.978532657966525,3.1800959731640766e-4,0.5198726864586692,41.273193597307284
9477,3,0.707657192,0,0,0,0
9478,3,0.707256324,0,0,0,0
8883,3,0.707900023,45.37694682852874,4.125474538767394e-4,0.6744203789711186,53.5428838488465
8887,3,0.707485976,0,0,0,0
9015,3,0.707718075,0,0,0,0
9016,5,0.707051327,15.569034490424709,1.4154688640941567e-4,0.23139666449848478,18.370804199532422
9115,3,0.709365579,63.19644531558255,5.745545796089757e-4,0.9392648377251929,74.56914066913052
9149,3,0.705564615,41.52369009530414,3.775153204801886e-4,0.6171508831605163,48.99620338384176
8889,3,0.708961545,61.635785151546195,5.603657365501197e-4,0.9160693366428507,72.72762748389383
8890,5,0.706366551,37.38648147539416,3.3990162009725125e-4,0.5556611179749917,44.11447166594185
8897,4,0.707433763,0,0,0,0
8898,3,0.707209188,0,0,0,0
8904,4,0.70818942,0,0,0,0
8907,5,0.706371157,37.33798282995288,3.3946069151805704e-4,0.5549403009715539,44.05724530936255
8916,3,0.707475059,0,0,0,0
8945,3,0.707698087,0,0,0,0
8985,4,0.707937745,0,0,0,0
8986,5,0.708240397,46.482421577393794,4.2259794922391814e-4,0.6908506315813236,54.84729743797544
9549,5,0.707381776,34.98259282979077,3.1804651063176853e-4,0.5199330312551305,41.27798442885471
9492,3,0.706009988,53.06393901272339,4.8243424166666e-4,0.7886692331658042,62.613210488949136
9635,5,0.707557399,43.066131163200815,3.9153852344534775e-4,0.6400756007154991,50.8162188038779
8958,3,0.70841644,41.86045980386345,3.8057708411831875e-4,0.6221561638227615,49.39357743938012
8959,3,0.705897656,53.80967856162267,4.892141811217351e-4,0.7997528777107519,63.49315171106551
8963,5,0.706388119,37.14895841511751,3.377421637961381e-4,0.5521309026669524,43.83420447044558
8966,5,0.705980611,53.9147575298847,4.901695133739535e-4,0.801314626628434,63.617140462751934
8974,3,0.706265117,47.38507107567734,4.3080444565628435e-4,0.7042663692908459,55.91238578394652
8975,3,0.706234162,47.70868765631755,4.3374662677922145e-4,0.709076159993192,56.29423970316804
8977,3,0.705858276,54.47125561106444,4.952289517567417e-4,0.8095856468939487,64.27378473270048
8988,4,0.708274687,43.21047083052724,3.9285079688837927e-4,0.6422208665375189,50.98653352495519
8999,3,0.707857081,45.55117282089279,4.141314407813794e-4,0.6770098339258734,53.74846317325211
9163,3,0.707782604,44.05691184314571,4.0054627022932817e-4,0.6548011988076474,51.985298227983584
9381,4,0.707960587,0,0,0,0
9436,3,0.706357909,39.08251738803311,3.5532124055093076e-4,0.580868657549502,46.1157225261431
9574,3,0.70732941,0,0,0,0
9696,3,0.707339152,0,0,0,0
9697,3,0.707336705,0,0,0,0
9003,3,0.706272903,46.49766976630514,4.2273657912194495e-4,0.6910772596394668,54.86528965792075
9004,5,0.705973319,53.91599857951224,4.901807964570995e-4,0.8013330718791312,63.618604848981114
9007,3,0.707632432,42.75949080835659,3.8875068277980274e-4,0.6355181212292005,50.45439611525948
9028,4,0.707929335,0,0,0,0
9029,3,0.707761901,0,0,0,0
9031,5,0.707089188,17.27902319362334,1.5709335956302724e-4,0.2568115791159331,20.388518764247053
9033,3,0.708893315,63.62613072583195,5.784610923727416e-4,0.945651089279618,75.07615133468863
9048,3,0.707788517,0,0,0,0
9063,3,0.707809967,0,0,0,0
9070,3,0.70629204,44.6747776230723,4.061636370237381e-4,0.6639843039430814,52.71435379476287
9071,3,0.708380335,40.96916707246224,3.724738384683219e-4,0.6089092174392315,48.34188959944963
9072,5,0.705971837,53.91569708685351,4.901780554170469e-4,0.8013285909079031,63.61824910035685
9074,5,0.708249134,44.049327638144,4.004773179378715e-4,0.6546884776404261,51.976349185884594
9081,3,0.708434122,41.091342733131626,3.7358460640793954e-4,0.6107250680225919,48.48605172726084
9082,3,0.705812052,52.615849664363104,4.7836040830643266e-4,0.7820094508477909,62.08448395245867
9087,3,0.705824739,51.88739603049941,4.717376248685486e-4,0.7711827203127967,61.224939381189444
9094,5,0.707659502,45.31842798623734,4.1201542602827354e-4,0.6735506355759922,53.47383408250551
9097,3,0.707404126,0,0,0,0
9270,3,0.709226668,64.36682603154726,5.851951717638916e-4,0.9566597631480984,75.95014056254843
9457,3,0.705978239,53.91565818642391,4.901777017512692e-4,0.8013280127455473,63.61820319949023
9681,3,0.708542377,45.33300171914321,4.1214792406580166e-4,0.6737672394499051,53.491030472804134
9746,3,0.708556833,42.996967671649145,3.9090971907804005e-4,0.6390476499289575,50.73460880026251
9161,5,0.707135355,19.849875562602552,1.8046643054383098e-4,0.295021184436397,23.422016154561646
9418,4,0.709015847,62.04012130894852,5.640417849382355e-4,0.9220788318505705,73.20472709999383
9469,4,0.707909686,0,0,0,0
9470,4,0.708382056,40.97274170586637,3.7250633747965884e-4,0.608962345862001,48.346107516135
9120,4,0.708295705,41.613270856699764,3.7832974977993313e-4,0.6184822880978571,49.1019049049384
9129,4,0.707938976,0,0,0,0
9130,3,0.707327395,0,0,0,0
9131,3,0.707400054,0,0,0,0
9135,3,0.705913088,53.041733650189975,4.822323601736149e-4,0.7883392032704133,62.58700909749279
9137,3,0.705904867,53.025233456780875,4.820823475955294e-4,0.788093967143485,62.56753956503338
9199,3,0.707418921,0,0,0,0
9233,3,0.707399943,0,0,0,0
9798,4,0.707359147,33.916496925449174,3.0835403060250333e-4,0.5040880515004861,40.0200362157765
9167,3,0.708898228,62.855346765304574,5.714534600257217e-4,0.9341952191275762,74.16665876289832
9169,5,0.708016657,49.86683448994691,4.5336755862971295e-4,0.7411518792105226,58.840761964315924
9171,5,0.70826683,44.01735959828594,4.0018667843101554e-4,0.6542133487685453,51.938628246847784
9173,3,0.707403112,0,0,0,0
9338,3,0.707403414,0,0,0,0
9351,3,0.707436614,0,0,0,0
9353,3,0.70752829800000006,40.42882397580957,3.675612741746885e-4,0.6008783025917432,47.704307530036125
9323,3,0.706335163,41.757633088100086,3.7964222836570533e-4,0.6206278892811635,49.27224625067143
9462,5,0.708025994,49.835397040898286,4.530817430235991e-4,0.740684636308937,58.803667100060835
9464,5,0.705942806,53.08668869345683,4.826410718639087e-4,0.7890073530564988,62.64005415292926
9527,3,0.70726674,0,0,0,0
9189,3,0.708450617,41.10874112554123,3.737427850204684e-4,0.6109836537411665,48.50658109666651
9193,4,0.707339214,0,0,0,0
9195,3,0.707401779,0,0,0,0
9201,4,0.708946593,62.33790809060808,5.667491327691954e-4,0.9265047240309842,73.55610294558281
9206,4,0.707990479,0,0,0,0
9210,3,0.705901865,53.81839907068253,4.892934641952029e-4,0.7998824873349338,63.50344154403861
9212,3,0.709328656,63.347055834702765,5.759238649076296e-4,0.9415033048429989,74.7468547309016
9215,4,0.708341302,41.68183980112252,3.7895314878347384e-4,0.6195014023555439,49.182813368011935
9217,5,0.707187434,20.967150546616942,1.9062420849387857e-4,0.31162681947353,24.740353523586524
9221,3,0.707436948,0,0,0,0
9224,5,0.708036378,49.79281765293706,4.526946297575301e-4,0.7400517949881298,58.7534252177108
9238,7,0.708850119,0,0,0,0
9241,3,0.707396858,0,0,0,0
9253,5,0.707934545,46.05922947710732,4.187504708086412e-4,0.68456088763422,54.34794860437031
9265,3,0.708471983,41.93428967329969,3.81248313162685e-4,0.6232534692169021,49.48069357213224
9313,3,0.709253281,64.33362647678496,5.848933358594447e-4,0.9561663307365026,75.91096648785388
9630,3,0.70939862,62.19516057409116,5.654513344684676e-4,0.9243831217435865,73.38766689532453
10242,3,0.70754605,0,0,0,0
10244,3,0.707556714,0,0,0,0
9276,3,0.707257936,0,0,0,0
9278,5,0.705941959,53.08616021760107,4.82636267191405e-4,0.7889994985199593,62.63943057370369
8793,1,0.707407648,0,0,0,0
8794,1,0.707216557,0,0,0,0
8795,2,0.707298728,0,0,0,0
8796,2,0.707287127,0,0,0,0
8797,2,0.708103157,0,0,0,0
8798,2,0.707542034,0,0,0,0
8799,1,0.708363452,0,0,0,0
8800,2,0.709173137,0,0,0,0
8801,2,0.707306259,0,0,0,0
8804,2,0.708405392,0,0,0,0
8805,1,0.707630344,0,0,0,0
8806,2,0.707465593,0,0,0,0
8807,1,0.707203643,0,0,0,0
8811,2,0.708889996,0,0,0,0
8812,2,0.707218305,0,0,0,0
8814,2,0.707475741,0,0,0,0
8815,2,0.707558577,0,0,0,0
8903,1,0.707038382,0,0,0,0
9051,1,0.708438715,0,0,0,0
9052,1,0.7064221,0,0,0,0
9103,1,0.708174435,0,0,0,0
8835,1,0.707093719,0,0,0,0
8836,1,0.705866832,0,0,0,0
8837,2,0.707173133,0,0,0,0
8845,1,0.708275686,0,0,0,0
8846,2,0.707596252,0,0,0,0
8847,1,0.705917803,0,0,0,0
8849,1,0.707281166,0,0,0,0
8851,1,0.709292778,0,0,0,0
8857,1,0.707229116,0,0,0,0
8858,1,0.708322458,0,0,0,0
8862,2,0.707568412,0,0,0,0
8863,1,0.708281428,0,0,0,0
9101,1,0.706945643,0,0,0,0
9183,1,0.707441079,0,0,0,0
9184,2,0.707441722,0,0,0,0
9185,2,0.707249422,0,0,0,0
9471,2,0.708477518,0,0,0,0
9472,1,0.707257902,0,0,0,0
9473,1,0.707098797,0,0,0,0
9524,1,0.708443142,0,0,0,0
9261,2,0.707536309,0,0,0,0
9262,1,0.708382723,0,0,0,0
9263,1,0.707298098,0,0,0,0
9117,1,0.709154702,0,0,0,0
9118,2,0.709221067,0,0,0,0
9180,2,0.705867089,0,0,0,0
9181,1,0.708333431,0,0,0,0
9182,1,0.706245807,0,0,0,0
9186,2,0.707727162,0,0,0,0
9187,1,0.707541405,0,0,0,0
9188,1,0.708975685,0,0,0,0
9244,2,0.708477739,0,0,0,0
9245,2,0.706303569,0,0,0,0
9363,1,0.707631891,0,0,0,0
9364,1,0.705754988,0,0,0,0
9474,1,0.707019413,0,0,0,0
9475,1,0.707612289,0,0,0,0
9476,1,0.708301788,0,0,0,0
9479,1,0.708100176,0,0,0,0
8865,1,0.707275401,0,0,0,0
8866,1,0.707311169,0,0,0,0
8867,1,0.705811934,0,0,0,0
8877,1,0.707045902,0,0,0,0
8878,1,0.707231189,0,0,0,0
8879,1,0.707208794,0,0,0,0
8880,2,0.708081776,0,0,0,0
8881,1,0.705968775,0,0,0,0
8882,1,0.706202562,0,0,0,0
8884,1,0.70774126,0,0,0,0
8885,1,0.707421672,0,0,0,0
8886,1,0.707191518,0,0,0,0
8888,1,0.707224684,0,0,0,0
8919,1,0.707282133,0,0,0,0
8920,1,0.709277944,0,0,0,0
8921,1,0.708847717,0,0,0,0
9017,1,0.708840566,0,0,0,0
9111,1,0.708801168,0,0,0,0
9112,1,0.705842057,0,0,0,0
9113,1,0.708782069,0,0,0,0
9114,1,0.70453516,0,0,0,0
9116,2,0.708350175,0,0,0,0
9147,1,0.706189123,0,0,0,0
9148,2,0.707363572,0,0,0,0
9150,1,0.70713389,0,0,0,0
9151,1,0.707432891,0,0,0,0
9152,2,0.706217572,0,0,0,0
8891,1,0.707247458,0,0,0,0
8892,1,0.707050815,0,0,0,0
8893,2,0.707155431,0,0,0,0
8894,1,0.707258707,0,0,0,0
8895,1,0.707208183,0,0,0,0
8896,1,0.70734702,0,0,0,0
8899,1,0.708089826,0,0,0,0
8900,1,0.70828678,0,0,0,0
8905,1,0.707903818,0,0,0,0
8906,1,0.707293854,0,0,0,0
8908,1,0.707133485,0,0,0,0
8909,1,0.704983823,0,0,0,0
8910,1,0.70726374,0,0,0,0
8911,1,0.705046227,0,0,0,0
8912,1,0.706277509,0,0,0,0
8913,2,0.708881861,0,0,0,0
8914,2,0.707412638,0,0,0,0
8915,1,0.708416196,0,0,0,0
8917,1,0.708868609,0,0,0,0
8918,2,0.709316719,0,0,0,0
8934,2,0.709022288,0,0,0,0
8935,1,0.707689557,0,0,0,0
8936,2,0.708418595,0,0,0,0
8943,2,0.707421748,0,0,0,0
8944,2,0.709299266,0,0,0,0
8979,2,0.708381419,0,0,0,0
8980,1,0.705035602,0,0,0,0
8981,2,0.707482152,0,0,0,0
8982,1,0.707494385,0,0,0,0
8983,1,0.705873817,0,0,0,0
8984,1,0.707752922,0,0,0,0
8987,1,0.707902681,0,0,0,0
9060,2,0.707730326,0,0,0,0
9061,1,0.707240032,0,0,0,0
9062,1,0.708614968,0,0,0,0
9550,1,0.707307573,0,0,0,0
9551,1,0.708553087,0,0,0,0
9493,1,0.708444238,0,0,0,0
9494,2,0.70777207,0,0,0,0
9633,2,0.708964367,0,0,0,0
9634,1,0.708252907,0,0,0,0
8946,1,0.705774389,0,0,0,0
8947,2,0.706072221,0,0,0,0
8948,1,0.70571467,0,0,0,0
8952,1,0.709044809,0,0,0,0
8953,2,0.707603988,0,0,0,0
8954,1,0.708796338,0,0,0,0
8955,1,0.707892054,0,0,0,0
8956,2,0.707335667,0,0,0,0
8957,1,0.707567034,0,0,0,0
8960,2,0.70720445,0,0,0,0
8961,1,0.707328811,0,0,0,0
8962,1,0.707307516,0,0,0,0
8964,1,0.707137803,0,0,0,0
8965,2,0.706359931,0,0,0,0
8973,1,0.707539023,0,0,0,0
8976,1,0.705040936,0,0,0,0
8978,1,0.709335489,0,0,0,0
8989,1,0.707415031,0,0,0,0
8990,1,0.707233797,0,0,0,0
8997,2,0.707763709,0,0,0,0
8998,1,0.706957052,0,0,0,0
9162,1,0.707384144,0,0,0,0
9164,2,0.706947304,0,0,0,0
9258,1,0.706951348,0,0,0,0
9259,1,0.707324073,0,0,0,0
9260,1,0.708836848,0,0,0,0
9382,1,0.706101629,0,0,0,0
9383,1,0.706567718,0,0,0,0
9435,1,0.708986269,0,0,0,0
9437,1,0.706500853,0,0,0,0
9573,1,0.707327058,0,0,0,0
9575,1,0.708805906,0,0,0,0
9627,1,0.707308553,0,0,0,0
9628,1,0.706056149,0,0,0,0
9629,2,0.708523418,0,0,0,0
9698,1,0.708173873,0,0,0,0
9000,1,0.70840611,0,0,0,0
9001,1,0.705022681,0,0,0,0
9002,2,0.708370787,0,0,0,0
9005,1,0.708428444,0,0,0,0
9006,2,0.7064013,0,0,0,0
9008,1,0.707421991,0,0,0,0
9009,1,0.706424346,0,0,0,0
9010,1,0.705670408,0,0,0,0
9011,1,0.706614301,0,0,0,0
9012,1,0.705873176,0,0,0,0
9013,1,0.708045106,0,0,0,0
9014,2,0.708367428,0,0,0,0
9018,1,0.706771964,0,0,0,0
9019,1,0.707687134,0,0,0,0
9020,2,0.708984306,0,0,0,0
9021,1,0.70783407,0,0,0,0
9022,1,0.70834216,0,0,0,0
9023,1,0.707469782,0,0,0,0
9024,1,0.705284559,0,0,0,0
9025,2,0.708859098,0,0,0,0
9026,1,0.705872968,0,0,0,0
9027,1,0.708403811,0,0,0,0
9030,1,0.70727714,0,0,0,0
9032,1,0.707688925,0,0,0,0
9034,2,0.707338523,0,0,0,0
9035,2,0.7088587,0,0,0,0
9036,2,0.707579407,0,0,0,0
9037,1,0.708302361,0,0,0,0
9038,1,0.70911831,0,0,0,0
9042,1,0.708309224,0,0,0,0
9043,1,0.707574376,0,0,0,0
9044,1,0.707308894,0,0,0,0
9045,1,0.707653466,0,0,0,0
9046,1,0.709398609,0,0,0,0
9047,2,0.708293971,0,0,0,0
9049,1,0.709430586,0,0,0,0
9050,1,0.706949158,0,0,0,0
9054,1,0.707282886,0,0,0,0
9055,1,0.707190723,0,0,0,0
9056,1,0.706223587,0,0,0,0
9057,2,0.709306095,0,0,0,0
9058,1,0.707904458,0,0,0,0
9059,2,0.709385963,0,0,0,0
9064,1,0.705331338,0,0,0,0
9065,1,0.709388647,0,0,0,0
9066,1,0.707430962,0,0,0,0
9067,2,0.708878682,0,0,0,0
9068,1,0.708067547,0,0,0,0
9069,1,0.707140769,0,0,0,0
9073,1,0.707271774,0,0,0,0
9075,1,0.708963932,0,0,0,0
9076,1,0.70921457,0,0,0,0
9077,1,0.705031509,0,0,0,0
9078,2,0.708067108,0,0,0,0
9079,1,0.708451169,0,0,0,0
9080,2,0.707321887,0,0,0,0
9083,1,0.707387263,0,0,0,0
9084,1,0.70694098,0,0,0,0
9085,1,0.707240506,0,0,0,0
9086,1,0.707258851,0,0,0,0
9088,2,0.706243072,0,0,0,0
9089,1,0.707392878,0,0,0,0
9090,2,0.705953234,0,0,0,0
9091,1,0.705375958,0,0,0,0
9092,1,0.708453116,0,0,0,0
9093,1,0.707446881,0,0,0,0
9095,2,0.707341516,0,0,0,0
9096,1,0.70570097,0,0,0,0
9098,1,0.705911346,0,0,0,0
9105,2,0.707325253,0,0,0,0
9106,1,0.707554308,0,0,0,0
9107,1,0.705122533,0,0,0,0
9225,1,0.707241723,0,0,0,0
9226,2,0.707684279,0,0,0,0
9227,2,0.707442161,0,0,0,0
9271,1,0.708857866,0,0,0,0
9272,1,0.707315799,0,0,0,0
9456,1,0.709333065,0,0,0,0
9458,1,0.707495125,0,0,0,0
9682,1,0.706861052,0,0,0,0
9683,2,0.708775883,0,0,0,0
9744,1,0.707182614,0,0,0,0
9745,1,0.70502929,0,0,0,0
9771,1,0.708961726,0,0,0,0
9772,1,0.707675714,0,0,0,0
9773,1,0.7073043,0,0,0,0
9108,1,0.707233249,0,0,0,0
9109,2,0.707501171,0,0,0,0
9110,2,0.709336614,0,0,0,0
9159,2,0.708396126,0,0,0,0
9160,2,0.705036055,0,0,0,0
9417,1,0.706318451,0,0,0,0
9419,1,0.707422523,0,0,0,0
9468,2,0.70730895,0,0,0,0
9594,1,0.706356426,0,0,0,0
9595,1,0.706884078,0,0,0,0
9596,1,0.707833297,0,0,0,0
9121,2,0.708916042,0,0,0,0
9122,1,0.70726955,0,0,0,0
9132,2,0.707363752,0,0,0,0
9133,1,0.706961035,0,0,0,0
9134,2,0.707241646,0,0,0,0
9136,2,0.707142267,0,0,0,0
9138,1,0.708121564,0,0,0,0
9139,1,0.70741966,0,0,0,0
9140,1,0.707502619,0,0,0,0
9198,1,0.707471901,0,0,0,0
9200,1,0.707296108,0,0,0,0
9231,1,0.708489351,0,0,0,0
9232,2,0.70746898,0,0,0,0
9234,2,0.707249734,0,0,0,0
9235,2,0.709151382,0,0,0,0
9236,2,0.708404028,0,0,0,0
9799,2,0.707293981,0,0,0,0
9800,1,0.707292039,0,0,0,0
9267,1,0.706891286,0,0,0,0
9268,1,0.7073221,0,0,0,0
9269,1,0.707261043,0,0,0,0
9273,1,0.707277006,0,0,0,0
9274,1,0.707285974,0,0,0,0
9275,2,0.709364574,0,0,0,0
9141,1,0.704886426,0,0,0,0
9142,2,0.705227988,0,0,0,0
9143,2,0.708099849,0,0,0,0
9144,1,0.708084425,0,0,0,0
9145,1,0.708367031,0,0,0,0
9146,1,0.707568456,0,0,0,0
9153,2,0.707324997,0,0,0,0
9154,1,0.705051752,0,0,0,0
9155,1,0.707562907,0,0,0,0
9165,2,0.706855804,0,0,0,0
9166,2,0.707582697,0,0,0,0
9168,2,0.707603338,0,0,0,0
9170,1,0.70727221,0,0,0,0
9172,1,0.707380948,0,0,0,0
9174,1,0.70582419,0,0,0,0
9175,1,0.70757559,0,0,0,0
9176,1,0.708859252,0,0,0,0
9336,2,0.707342808,0,0,0,0
9337,2,0.70740184800000006,0,0,0,0
9352,1,0.707101923,0,0,0,0
9321,1,0.709057079,0,0,0,0
9322,2,0.707420421,0,0,0,0
9463,2,0.704697218,0,0,0,0
9465,1,0.705403,0,0,0,0
9466,1,0.708560716,0,0,0,0
9467,2,0.707541161,0,0,0,0
9525,1,0.707537835,0,0,0,0
9526,2,0.706870793,0,0,0,0
9190,1,0.706935935,0,0,0,0
9191,2,0.707375793,0,0,0,0
9192,2,0.707729493,0,0,0,0
9194,2,0.705641242,0,0,0,0
9196,1,0.709492949,0,0,0,0
9197,1,0.704633489,0,0,0,0
9202,1,0.706741846,0,0,0,0
9203,1,0.708257255,0,0,0,0
9204,1,0.707575628,0,0,0,0
9205,1,0.708498621,0,0,0,0
9207,1,0.707523594,0,0,0,0
9208,1,0.707710752,0,0,0,0
9209,2,0.706234749,0,0,0,0
9211,1,0.707541684,0,0,0,0
9291,1,0.709276733,0,0,0,0
9292,1,0.707308487,0,0,0,0
9293,2,0.709280632,0,0,0,0
9294,1,0.707724464,0,0,0,0
9295,1,0.707460412,0,0,0,0
9296,1,0.709057367,0,0,0,0
9414,2,0.708454803,0,0,0,0
9415,2,0.707405403,0,0,0,0
9416,1,0.709433862,0,0,0,0
9213,1,0.708940998,0,0,0,0
9214,1,0.706226673,0,0,0,0
9216,1,0.707551876,0,0,0,0
9218,1,0.707531209,0,0,0,0
9219,1,0.706931211,0,0,0,0
9220,1,0.707393014,0,0,0,0
9222,1,0.707896102,0,0,0,0
9223,1,0.707039466,0,0,0,0
9228,2,0.706473938,0,0,0,0
9229,1,0.707695748,0,0,0,0
9230,1,0.706001105,0,0,0,0
9237,1,0.706951617,0,0,0,0
9239,1,0.708489888,0,0,0,0
9240,1,0.705051112,0,0,0,0
9242,2,0.707537016,0,0,0,0
9246,1,0.709495104,0,0,0,0
9247,1,0.707742878,0,0,0,0
9248,1,0.709468864,0,0,0,0
9249,1,0.704486599,0,0,0,0
9250,1,0.707387811,0,0,0,0
9251,1,0.707383756,0,0,0,0
9252,2,0.70881516,0,0,0,0
9254,1,0.708496528,0,0,0,0
9255,2,0.708140886,0,0,0,0
9256,1,0.708485899,0,0,0,0
9257,1,0.707252335,0,0,0,0
9264,1,0.707323103,0,0,0,0
9266,2,0.706541213,0,0,0,0
9312,1,0.704519553,0,0,0,0
9314,2,0.708942215,0,0,0,0
9579,2,0.708543507,0,0,0,0
9580,2,0.707278954,0,0,0,0
9581,2,0.706886087,0,0,0,0
9631,1,0.706424952,0,0,0,0
9632,2,0.706898084,0,0,0,0
9672,1,0.709358792,0,0,0,0
9673,1,0.707339952,0,0,0,0
9674,1,0.709339948,0,0,0,0
10243,1,0.70586158,0,0,0,0
9277,2,0.709502157,0,0,0,0
9279,2,0.707380088,0,0,0,0
9280,1,0.707441528,0,0,0,0
9281,1,0.707248956,0,0,0,0
9286,3,0.706330276,42.61750510732451,3.874598105739438e-4,0.6334078415168967,50.28685897514987
9289,3,0.706220667,48.63281173976748,4.4214836079482415e-4,0.7228110663308039,57.38466715411705
9300,3,0.707444021,36.46250253050483,3.315012056182815e-4,0.5419283687768499,43.02421547237429
9302,5,0.707305001,30.063996335570028,2.733287717321985e-4,0.4468297939621175,35.47424796803511
9304,3,0.708416004,41.85958800764482,3.805691581264785e-4,0.6221432066456649,49.39254875660314
9307,3,0.70623597,47.69170854013668,4.335922600437078e-4,0.7088238058184484,56.274205062032664
9310,3,0.704744835,12.404011202035734,1.1277187199472744e-4,0.18435612178251473,14.636210178707696
9318,3,0.707429155,0,0,0,0
9320,3,0.708730391,55.2096859933277,5.019424394494924e-4,0.8205606580627625,65.14510144639182
9329,3,0.708944141,62.32243177901541,5.666084288790222e-4,0.9262747054718059,73.53784155049277
9330,3,0.707370531,0,0,0,0
9339,3,0.709136664,65.05289930424304,5.914326514007009e-4,0.966856610422154,76.75967809469137
9345,3,0.707743069,44.81424495079292,4.0743161327536987e-4,0.6660571540264257,52.878919360557155
9362,3,0.708960169,60.82699438513804,5.530125628634554e-4,0.9040485857260792,71.77328848379642
9367,3,0.709201556,63.56520849072503,5.779072139226816e-4,0.9447456251671065,75.00426566616915
9369,3,0.706390468,36.32295947195811,3.302325408549346e-4,0.5398543931349123,42.85956054739854
9376,5,0.705948307,52.29253803455058,4.7542099966371547e-4,0.7772041925141288,61.702989862354976
10694,4,0.706969062,14.62571855570525,1.3297066843378933e-4,0.21737651694234697,17.257731173347782
10702,3,0.707709089,0,0,0,0
10885,3,0.706620801,22.76819986722746,2.0699856515414553e-4,0.33839513356794926,26.865515777095933
10886,3,0.709182762,64.34234464607765,5.849725976607677e-4,0.9562959055856111,75.9212535600004
12481,4,0.706126726,49.3897635718958,4.4903023744976775e-4,0.734061354795913,58.27783839765556
12482,3,0.706426926,34.31249703091465,3.119542912340095e-4,0.5099736511246704,40.487299642097156
12483,3,0.706443092,34.92593620691548,3.1753141327185187e-4,0.5190909653220661,41.21113200290057
12487,3,0.707661385,45.329057694452,4.1211206670963056e-4,0.6737086209043037,53.48637668997611
12835,7,0.709538179,56.9812748745272,5.180489546149354e-4,0.8468911128012557,67.235501623654
12856,4,0.707759934,44.04467786035994,4.004350441817029e-4,0.6546193697538355,51.97086264416649
9377,3,0.706492894,31.128767335062843,2.8300920630313747e-4,0.46265508215766277,36.730632849259
9379,3,0.707582786,43.25775920454925,3.932807222065033e-4,0.6429236957351149,51.042331812293234
9380,3,0.705909663,53.03554907482384,4.82176132705728e-4,0.7882472842685032,62.57971155934561
9387,3,0.709369187,63.174762060813244,5.743574448925163e-4,0.9389425677198068,74.54355534282013
9388,3,0.707450851,0,0,0,0
9390,3,0.708511577,43.63326149142243,3.966946255914051e-4,0.6485046440429529,51.4854086770061
9392,3,0.707475256,0,0,0,0
9400,3,0.707594429,0,0,0,0
9402,3,0.708435014,41.09272277632694,3.7359715316011787e-4,0.6107455790820577,48.48768012003906
9405,3,0.706611919,22.835968948915617,2.0761469215377958e-4,0.33940235976867544,26.945480435870437
9406,3,0.707486329,38.47764422838388,3.4982199700608343e-4,0.5718786568096634,45.40199770343155
9423,3,0.708776342,59.63223542507206,5.421503343218525e-4,0.88629133569178975,70.36352329029594
9439,5,0.708025404,49.83757568894577,4.531015503435645e-4,0.7407170167299332,58.80623781288986
9443,4,0.708420245,41.86755400683761,3.8064158152457516e-4,0.622261602275384,49.40194829974851
9444,3,0.708966761,61.67060764527796,5.606823275094225e-4,0.9165868901818326,72.76871655813791
9445,3,0.706569026,23.979681910022787,2.180128326865389e-4,0.35640093244873794,28.295013503055138
9449,3,0.7064064,35.347151153012355,3.213609162616353e-4,0.5253513235750888,41.708147877932596
9450,4,0.708974135,60.12570495956878,5.466367445863344e-4,0.8936255865333811,70.945796532882
9451,3,0.708429239,41.08289896057891,3.7350783930236716e-4,0.6105995714283308,48.47608843169702
9591,3,0.707331732,0,0,0,0
9592,3,0.707334086,0,0,0,0
9602,3,0.706492178,31.136849880690725,2.830826892907044e-4,0.4627752099729168,36.74016991228336
9605,5,0.708767708,58.75428797795017,5.341684181890552e-4,0.8732427352153821,69.32758232308473
9607,3,0.706399376,35.42449115319735,3.2206405788726545e-4,0.5265007987134558,41.799405816956636
9608,7,0.708903442,0,0,0,0
9614,3,0.706396796,35.4522297032172,3.223162447130597e-4,0.5269130662793453,41.83213613632917
10297,5,0.705842866,53.59357586787663,4.8724946947161624e-4,0.7965410251997483,63.238159644843186
10300,4,0.706769989,17.954739948250907,1.6323668224440686e-4,0.2668545013833817,21.18583604177259
9712,3,0.707284312,0,0,0,0
9760,5,0.707651951,45.27326318310971,4.116048072926068e-4,0.6728793682085205,53.42054151927827
9779,5,0.70768079,45.42382557165755,4.1297365500904154e-4,0.6751171199798536,53.59819878900347
10171,5,0.707829399,44.01334872591623,4.001502133248417e-4,0.6541537366912099,51.933895586577904
9640,3,0.706458577,34.738599918962194,3.1582823326492245e-4,0.5163066570081126,40.990083082521224
9641,6,0.707249623,25.43707532171453,2.3126281937167563e-4,0.37806161889239276,30.014676274972295
9829,3,0.706030354,51.4133174759944,4.674275089557775e-4,0.7641366702645299,60.66554667733454
9646,3,0.706028311,51.41834219619195,4.6747319152520595e-4,0.7642113507782424,60.67147563529038
9684,3,0.707336868,0,0,0,0
9912,3,0.706839088,14.586964511535703,1.3261833352879915e-4,0.21680053025786916,17.212003035368728
9914,3,0.708561353,43.018432155364756,3.911048648232819e-4,0.6393666684230092,50.75993598595447
10291,3,0.708999768,61.9245395562364,5.629909659402941e-4,0.9203609840244306,73.068345505527
10292,3,0.706359276,39.06699878411362,3.551801521573264e-4,0.5806380104154841,46.09741122789077
10295,5,0.70884264,60.91412269258864,5.538046955191663e-4,0.9053435407690439,71.87609621265052
10461,3,0.706727306,18.921253428664166,1.720238022106041e-4,0.2812194252775382,22.326281193705462
10462,5,0.705824639,51.88684154643938,4.7173258374076963e-4,0.7711744792261649,61.22428511337953
9651,3,0.707329577,0,0,0,0
9653,5,0.707504653,38.63760496036255,3.512762903711137e-4,0.5742560926007759,45.59074462210536
9665,3,0.70853277,44.50063323019782,4.045803919861475e-4,0.6613960617706427,52.50887075431414
9667,3,0.706150367,50.032243082487895,4.5487138157223e-4,0.7436102844903691,59.035937128733444
9669,4,0.707363553,33.96891840085257,3.088306238446149e-4,0.5048671720402919,40.08189134629719
9676,3,0.706026352,51.4228375003561,4.675140608744447e-4,0.7642781627819111,60.67677990465068
9678,4,0.708250947,0,0,0,0
9832,3,0.707441684,0,0,0,0
9952,3,0.707363463,0,0,0,0
10047,3,0.708551906,43.77520160408542,3.9798508332765094e-4,0.6506142461925887,51.65289202476251
10383,3,0.70592999,53.07223292761902,4.825096463316277e-4,0.7887925024824509,62.622996958796634
10384,3,0.707407076,0,0,0,0
10385,7,0.708906386,0,0,0,0
9700,5,0.708793829,59.77683840192429,5.434650016605082e-4,0.8884405149835909,70.53414870551072
9705,5,0.707604615,42.60313073635584,3.873291250483923e-4,0.6331942006839689,50.26989782353065
9708,4,0.707898525,0,0,0,0
9735,5,0.708031993,49.811775327294036,4.528669846829716e-4,0.7403335557238742,58.775794474064156
9737,3,0.707433865,37.15728933137385,3.3781790486137547e-4,0.5522547219208129,43.844034600338475
9742,5,0.707631013,42.751652362065116,3.8867941903717774e-4,0.6354016213699566,50.44514707915915
9743,3,0.706855198,14.57289580069493,1.3249042693211645e-4,0.21659143233568584,17.195402549811664
9748,6,0.707357244,33.89355609855707,3.081454625875611e-4,0.5037470906768116,39.992967007389204
9750,3,0.7065624,24.036498698474634,2.1852938620217839e-4,0.3572453788621208,28.362054917635923
9762,5,0.708080262,0,0,0,0
9764,3,0.707413515,0,0,0,0
9963,5,0.708812591,59.112718161325155,5.374271094382196e-4,0.8785699473131883,69.75051482554876
9964,3,0.708547832,43.75624684928334,3.978127549455321e-4,0.6503325288490832,51.630526213360824
10056,3,0.705891495,53.794210644009766,4.890735535459731e-4,0.7995229839081167,63.47490022051766
10057,3,0.706429602,34.28134246109756,3.1167104744276827e-4,0.5095106125499924,40.45053856340712
9927,6,0.707482566,38.44230705291559,3.4950072678440613e-4,0.5713534537509131,45.36030132644093
9929,3,0.706774486,17.939501420117686,1.6309814017797066e-4,0.2666280169097258,21.1678552211381
9975,4,0.707296773,29.966258554715516,2.7244018236122425e-4,0.4453771543331715,35.35892150793385
9977,4,0.708179462,0,0,0,0
10086,3,0.709096346,67.27560517197003,6.116405258950499e-4,0.9998918461183404,79.38237729381495
10137,4,0.708810796,59.10081238886511,5.373188673360484e-4,0.8783929963251723,69.73646651607638
10139,3,0.709095276,67.27003302289842,6.115898663405232e-4,0.9998090293765539,79.37580239287115
10594,3,0.707342864,33.714412129007755,3.06516763574509e-4,0.5010845416893183,39.78158467728123
9987,3,0.708535371,44.50995341532326,4.046651270534426e-4,0.6615345841531233,52.5198681797581
10035,3,0.705748668,49.790074916557415,4.5266969399192306e-4,0.7400110307358417,58.750188904435724
10230,3,0.70637699,37.27482354082825,3.38886474746367e-4,0.5540015883722259,43.98272001143199
9782,3,0.707375369,0,0,0,0
9789,3,0.709119933,65.79139086432306,5.98146695295539e-4,0.9778325308536937,77.63106699562682
9790,5,0.707750285,44.02833706086131,4.002864807436879e-4,0.6543765026382449,51.95158118980027
9792,3,0.706020474,53.03552472129792,4.8217591129406825e-4,0.7882469223112688,62.57968282321194
9803,3,0.706409945,35.30711007648344,3.2099688021851167e-4,0.5247562082159818,41.66090109603976
9814,5,0.707763977,44.049549276938826,4.004793329813435e-4,0.6546917717739112,51.97661071031664
9822,3,0.707726352,0,0,0,0
9826,7,0.708930825,63.03894333925891,5.731226401803842e-4,0.9369239454883863,74.38329497845135
9839,5,0.707793058,44.05018405220561,4.004851040818339e-4,0.6547012061983472,51.977359718364895
9843,3,0.706661342,20.12460741859412,1.8296417302343066e-4,0.29910441998623316,23.74618816001897
9844,4,0.708239032,0,0,0,0
9847,5,0.708811469,59.10530957877077,5.373597538296283e-4,0.878459836355903,69.74177301053214
9855,3,0.70743638,0,0,0,0
9859,3,0.707455498,0,0,0,0
9282,1,0.706926302,0,0,0,0
9283,2,0.70603067,0,0,0,0
9284,1,0.708498248,0,0,0,0
9285,1,0.708146388,0,0,0,0
9287,1,0.707406695,0,0,0,0
9288,1,0.706950225,0,0,0,0
9290,1,0.705023571,0,0,0,0
9297,2,0.707503025,0,0,0,0
9298,2,0.706923905,0,0,0,0
9299,1,0.705784467,0,0,0,0
9301,1,0.707220678,0,0,0,0
9303,1,0.708588585,0,0,0,0
9305,1,0.706925067,0,0,0,0
9306,2,0.708542599,0,0,0,0
9308,2,0.707261312,0,0,0,0
9309,1,0.707324023,0,0,0,0
9311,1,0.707574475,0,0,0,0
9315,1,0.708509315,0,0,0,0
9316,2,0.707334038,0,0,0,0
9317,2,0.7073249,0,0,0,0
9319,2,0.706930753,0,0,0,0
9324,1,0.707375653,0,0,0,0
9325,1,0.708781029,0,0,0,0
9326,1,0.708210915,0,0,0,0
9327,1,0.707221003,0,0,0,0
9328,1,0.707834094,0,0,0,0
9331,1,0.707548614,0,0,0,0
9332,2,0.707220983,0,0,0,0
9333,2,0.707385039,0,0,0,0
9334,2,0.709041066,0,0,0,0
9335,2,0.705459646,0,0,0,0
9340,2,0.707348054,0,0,0,0
9341,2,0.707354338,0,0,0,0
9342,1,0.705840564,0,0,0,0
9343,1,0.708868316,0,0,0,0
9344,1,0.707275381,0,0,0,0
9346,1,0.704516121,0,0,0,0
9358,1,0.70750975,0,0,0,0
9359,1,0.706941539,0,0,0,0
9360,1,0.708397082,0,0,0,0
9361,1,0.709354784,0,0,0,0
9366,2,0.707568028,0,0,0,0
9368,1,0.709488822,0,0,0,0
9370,2,0.70755927,0,0,0,0
9371,1,0.707007027,0,0,0,0
9372,1,0.706150143,0,0,0,0
9373,1,0.708786606,0,0,0,0
9374,1,0.705058068,0,0,0,0
9375,1,0.706574177,0,0,0,0
10358,1,0.706735558,0,0,0,0
9852,1,0.708550347,0,0,0,0
9853,1,0.709615656,0,0,0,0
9854,2,0.70827069,0,0,0,0
10104,1,0.70716597,0,0,0,0
10105,1,0.704631748,0,0,0,0
10106,1,0.706784193,0,0,0,0
10209,1,0.708915519,0,0,0,0
9710,1,0.706850122,0,0,0,0
9714,1,0.707359681,0,0,0,0
9715,1,0.706367468,0,0,0,0
9716,2,0.706246761,0,0,0,0
9717,1,0.707318948,0,0,0,0
9718,1,0.706856472,0,0,0,0
9719,1,0.707205377,0,0,0,0
9720,1,0.709520519,0,0,0,0
10693,1,0.706683866,0,0,0,0
10695,1,0.708700081,0,0,0,0
10696,2,0.709100514,0,0,0,0
10697,1,0.708206804,0,0,0,0
10701,1,0.704906174,0,0,0,0
10703,1,0.707038442,0,0,0,0
10881,1,0.708902218,0,0,0,0
10882,1,0.70898538,0,0,0,0
10883,1,0.709204642,0,0,0,0
10884,2,0.704732567,0,0,0,0
10887,1,0.70844197,0,0,0,0
10888,1,0.707220209,0,0,0,0
12484,1,0.709419292,0,0,0,0
12485,2,0.709417879,0,0,0,0
12486,2,0.709429681,0,0,0,0
12488,1,0.706418677,0,0,0,0
12833,1,0.706200869,0,0,0,0
12834,1,0.705257075,0,0,0,0
12854,1,0.709629531,0,0,0,0
12855,2,0.70961232,0,0,0,0
12857,1,0.705065862,0,0,0,0
12858,1,0.707658455,0,0,0,0
9378,2,0.704578462,0,0,0,0
9384,1,0.709518063,0,0,0,0
9385,2,0.705690925,0,0,0,0
9386,1,0.708469899,0,0,0,0
9389,1,0.708525756,0,0,0,0
9391,1,0.707572886,0,0,0,0
9393,2,0.707325472,0,0,0,0
9394,1,0.707592316,0,0,0,0
9395,1,0.70753425700000006,0,0,0,0
9396,1,0.708454885,0,0,0,0
9397,2,0.707577051,0,0,0,0
9398,1,0.705268823,0,0,0,0
9399,1,0.70937095,0,0,0,0
9401,1,0.70845526,0,0,0,0
9403,1,0.708455995,0,0,0,0
9404,1,0.708397266,0,0,0,0
9407,2,0.705718685,0,0,0,0
9408,2,0.707583889,0,0,0,0
9409,2,0.705739106,0,0,0,0
9410,2,0.708532874,0,0,0,0
9411,1,0.706150194,0,0,0,0
9412,2,0.705745108,0,0,0,0
9413,1,0.706802132,0,0,0,0
9420,1,0.707408138,0,0,0,0
9421,2,0.70844677,0,0,0,0
9422,1,0.707295438,0,0,0,0
9424,2,0.707577961,0,0,0,0
9425,1,0.708410183,0,0,0,0
9434,2,0.707573798,0,0,0,0
9438,1,0.707223684,0,0,0,0
9440,1,0.706905563,0,0,0,0
9441,1,0.707210719,0,0,0,0
9442,2,0.708984219,0,0,0,0
9446,1,0.70756039,0,0,0,0
9447,2,0.706901391,0,0,0,0
9448,1,0.708343364,0,0,0,0
9452,1,0.706000557,0,0,0,0
9454,2,0.707743969,0,0,0,0
9455,2,0.709281567,0,0,0,0
9459,2,0.706971664,0,0,0,0
9460,2,0.707527565,0,0,0,0
9461,1,0.704528424,0,0,0,0
9588,1,0.706887377,0,0,0,0
9589,1,0.707943009,0,0,0,0
9590,1,0.706801503,0,0,0,0
9593,1,0.706576752,0,0,0,0
9597,1,0.706492434,0,0,0,0
9598,2,0.707154113,0,0,0,0
9599,1,0.707274142,0,0,0,0
9600,1,0.705237885,0,0,0,0
9601,2,0.708563221,0,0,0,0
9603,2,0.707274295,0,0,0,0
9604,1,0.705880073,0,0,0,0
9606,1,0.705724535,0,0,0,0
9609,1,0.707541931,0,0,0,0
9610,1,0.707270541,0,0,0,0
9611,1,0.708855703,0,0,0,0
9612,2,0.706887678,0,0,0,0
9613,1,0.707283077,0,0,0,0
10356,1,0.707366703,0,0,0,0
10357,2,0.707396256,0,0,0,0
10210,1,0.707234395,0,0,0,0
10211,2,0.709198958,0,0,0,0
10296,1,0.709683513,0,0,0,0
10298,1,0.707414111,0,0,0,0
10299,1,0.705144591,0,0,0,0
10301,1,0.706727146,0,0,0,0
9620,1,0.708741154,0,0,0,0
9621,1,0.706219795,0,0,0,0
9622,1,0.708475259,0,0,0,0
9623,1,0.707606111,0,0,0,0
9711,1,0.707319775,0,0,0,0
9713,2,0.705269788,0,0,0,0
9759,2,0.707215029,0,0,0,0
9761,2,0.708495549,0,0,0,0
9777,1,0.709515159,0,0,0,0
9778,1,0.709511181,0,0,0,0
9807,2,0.706553389,0,0,0,0
9808,1,0.707313593,0,0,0,0
9809,1,0.70732757,0,0,0,0
9810,1,0.707287343,0,0,0,0
9811,1,0.709038702,0,0,0,0
9812,1,0.708427073,0,0,0,0
9891,1,0.706854481,0,0,0,0
9892,2,0.708900294,0,0,0,0
9893,1,0.704803188,0,0,0,0
10170,1,0.704768997,0,0,0,0
10172,1,0.708716527,0,0,0,0
9624,2,0.707338449,0,0,0,0
9625,2,0.709088636,0,0,0,0
9626,2,0.706667858,0,0,0,0
9636,2,0.709591725,0,0,0,0
9637,2,0.708290914,0,0,0,0
9638,2,0.707314996,0,0,0,0
9639,1,0.707323717,0,0,0,0
9738,1,0.708329284,0,0,0,0
9739,1,0.70662788,0,0,0,0
9740,1,0.706825344,0,0,0,0
9768,1,0.708558966,0,0,0,0
9769,2,0.708473861,0,0,0,0
9770,2,0.705005702,0,0,0,0
9783,1,0.706919411,0,0,0,0
9784,2,0.706109292,0,0,0,0
9785,2,0.706663536,0,0,0,0
9828,2,0.708569634,0,0,0,0
9830,1,0.707232401,0,0,0,0
9834,1,0.709640878,0,0,0,0
9835,1,0.7081731,0,0,0,0
9836,1,0.709232811,0,0,0,0
9876,1,0.708572848,0,0,0,0
9877,2,0.706828004,0,0,0,0
9878,1,0.70930577400000006,0,0,0,0
9642,1,0.705271568,0,0,0,0
9643,2,0.70949616,0,0,0,0
9644,2,0.709139809,0,0,0,0
9645,2,0.708264758,0,0,0,0
9647,1,0.708976958,0,0,0,0
9648,2,0.706971312,0,0,0,0
9649,1,0.707311598,0,0,0,0
9650,1,0.708150617,0,0,0,0
9685,1,0.709521088,0,0,0,0
9686,1,0.707324131,0,0,0,0
9687,2,0.707322176,0,0,0,0
9688,1,0.709448373,0,0,0,0
9689,1,0.708578,0,0,0,0
9913,2,0.707300733,0,0,0,0
10023,2,0.707509687,0,0,0,0
10024,1,0.706813857,0,0,0,0
10025,2,0.707321273,0,0,0,0
10290,1,0.709443128,0,0,0,0
10293,1,0.707195468,0,0,0,0
10294,2,0.707368321,0,0,0,0
10463,2,0.708866401,0,0,0,0
9652,1,0.707275425,0,0,0,0
9654,1,0.709249588,0,0,0,0
9655,1,0.709628263,0,0,0,0
9656,1,0.707206587,0,0,0,0
9657,1,0.709214191,0,0,0,0
9658,1,0.70960653,0,0,0,0
9659,2,0.705521626,0,0,0,0
9660,1,0.707335421,0,0,0,0
9661,1,0.709362187,0,0,0,0
9662,2,0.707412026,0,0,0,0
9663,1,0.706225428,0,0,0,0
9664,1,0.708481745,0,0,0,0
9666,2,0.707350481,0,0,0,0
9668,1,0.708896681,0,0,0,0
9670,1,0.706743852,0,0,0,0
9671,2,0.707169964,0,0,0,0
9675,2,0.707178534,0,0,0,0
9677,1,0.707270193,0,0,0,0
9679,1,0.707197627,0,0,0,0
9680,2,0.706153972,0,0,0,0
9690,2,0.706842041,0,0,0,0
9691,1,0.70718779,0,0,0,0
9692,1,0.708606786,0,0,0,0
9831,2,0.708879777,0,0,0,0
9833,2,0.704815726,0,0,0,0
9870,2,0.707358356,0,0,0,0
9871,1,0.708891141,0,0,0,0
9872,2,0.708516974,0,0,0,0
9951,1,0.708905891,0,0,0,0
9953,2,0.704749496,0,0,0,0
10048,1,0.707574567,0,0,0,0
10049,2,0.708599973,0,0,0,0
10380,2,0.707012613,0,0,0,0
10381,1,0.70741716,0,0,0,0
10382,1,0.707426273,0,0,0,0
9693,2,0.706876179,0,0,0,0
9694,1,0.707324196,0,0,0,0
9695,2,0.707409924,0,0,0,0
9699,2,0.706919426,0,0,0,0
9701,1,0.707210866,0,0,0,0
9702,1,0.708515696,0,0,0,0
9703,1,0.709360808,0,0,0,0
9704,1,0.708597368,0,0,0,0
9706,1,0.70730677,0,0,0,0
9707,2,0.706880555,0,0,0,0
9709,2,0.707174583,0,0,0,0
9721,2,0.707317079,0,0,0,0
9722,1,0.707499846,0,0,0,0
9723,1,0.706865364,0,0,0,0
9724,2,0.709352737,0,0,0,0
9725,1,0.70873261,0,0,0,0
9726,2,0.706244248,0,0,0,0
9727,2,0.707195554,0,0,0,0
9728,1,0.708469723,0,0,0,0
9729,2,0.707183986,0,0,0,0
9730,2,0.708511736,0,0,0,0
9731,2,0.707675484,0,0,0,0
9732,1,0.704819917,0,0,0,0
9733,1,0.705488054,0,0,0,0
9734,1,0.706671207,0,0,0,0
9736,1,0.709298529,0,0,0,0
9741,1,0.709264055,0,0,0,0
9747,1,0.70494286,0,0,0,0
9749,1,0.704997281,0,0,0,0
9763,2,0.707295813,0,0,0,0
9765,2,0.708464221,0,0,0,0
9766,1,0.708512139,0,0,0,0
9767,2,0.709347147,0,0,0,0
9960,1,0.707710546,0,0,0,0
9961,1,0.706832282,0,0,0,0
9962,1,0.708599051,0,0,0,0
9965,1,0.708760953,0,0,0,0
10002,1,0.708530321,0,0,0,0
10003,2,0.707888879,0,0,0,0
10004,1,0.709134485,0,0,0,0
10053,1,0.707353512,0,0,0,0
10054,1,0.708719822,0,0,0,0
10055,2,0.706620807,0,0,0,0
10058,1,0.709574135,0,0,0,0
10197,1,0.707339256,0,0,0,0
10198,1,0.709699342,0,0,0,0
10199,2,0.70893939,0,0,0,0
9885,2,0.708904735,0,0,0,0
9886,1,0.707315885,0,0,0,0
9887,2,0.707367712,0,0,0,0
9928,2,0.706854104,0,0,0,0
9976,1,0.708612564,0,0,0,0
10087,2,0.706789263,0,0,0,0
10088,2,0.70739422,0,0,0,0
10138,1,0.708881971,0,0,0,0
10554,1,0.707608106,0,0,0,0
10555,1,0.704611714,0,0,0,0
10556,1,0.706731043,0,0,0,0
10593,2,0.704736897,0,0,0,0
10595,1,0.705382208,0,0,0,0
9774,1,0.707289836,0,0,0,0
9775,1,0.70870396,0,0,0,0
9776,1,0.707338215,0,0,0,0
9939,1,0.707229865,0,0,0,0
9940,1,0.705167775,0,0,0,0
9941,1,0.70939998,0,0,0,0
9984,1,0.708898983,0,0,0,0
9985,1,0.706159563,0,0,0,0
9986,1,0.704906984,0,0,0,0
9988,1,0.705052295,0,0,0,0
9989,1,0.707358176,0,0,0,0
10036,1,0.709187457,0,0,0,0
10037,1,0.707871931,0,0,0,0
10089,2,0.707377162,0,0,0,0
10090,1,0.707553183,0,0,0,0
10091,1,0.706788981,0,0,0,0
10231,1,0.708655234,0,0,0,0
10232,2,0.708610353,0,0,0,0
9780,2,0.7085658,0,0,0,0
9781,2,0.706256593,0,0,0,0
9786,1,0.708572009,0,0,0,0
9787,2,0.707549939,0,0,0,0
9788,2,0.708540162,0,0,0,0
9791,1,0.705391472,0,0,0,0
9793,1,0.70627678,0,0,0,0
9794,2,0.708526041,0,0,0,0
9795,1,0.708608354,0,0,0,0
9796,2,0.706491427,0,0,0,0
9797,1,0.70669132,0,0,0,0
9801,2,0.709208864,0,0,0,0
9802,2,0.709332435,0,0,0,0
9804,1,0.706832402,0,0,0,0
9805,2,0.70683358,0,0,0,0
9806,2,0.707065663,0,0,0,0
9813,1,0.7068885,0,0,0,0
9815,2,0.706795247,0,0,0,0
9816,1,0.707392417,0,0,0,0
9817,1,0.707474801,0,0,0,0
9818,1,0.704987831,0,0,0,0
9819,1,0.7093178,0,0,0,0
9820,1,0.709441491,0,0,0,0
9821,1,0.70729386,0,0,0,0
9823,1,0.707188188,0,0,0,0
9824,1,0.706925256,0,0,0,0
9825,1,0.706889111,0,0,0,0
9827,2,0.709452275,0,0,0,0
9837,2,0.708570827,0,0,0,0
9838,1,0.705039929,0,0,0,0
9840,1,0.708726996,0,0,0,0
9841,1,0.707126532,0,0,0,0
9842,2,0.708759975,0,0,0,0
9845,1,0.709425101,0,0,0,0
9846,2,0.705758011,0,0,0,0
9848,1,0.706688969,0,0,0,0
9849,1,0.708544341,0,0,0,0
9850,1,0.707419424,0,0,0,0
9851,2,0.707465733,0,0,0,0
9856,1,0.708334347,0,0,0,0
9857,1,0.706164133,0,0,0,0
9858,1,0.704755752,0,0,0,0
9860,1,0.704995845,0,0,0,0
9861,2,0.708995818,0,0,0,0
9864,3,0.706271951,46.5085074040699,4.228351102082868e-4,0.6912383353459501,54.878077613492714
9865,3,0.70668258,19.99009627418213,1.8174125623365834e-4,0.2971052317787723,23.587470681541582
9869,3,0.706712031,20.597714894123236,1.8726546030873735e-4,0.306136037255375,24.304435031629787
9880,5,0.708008654,49.89367631940002,4.5361159286234036e-4,0.7415508191581672,58.872434191231704
9916,3,0.706814371,17.026014093288858,1.5479311092476912e-4,0.25305120065822156,20.089978694482085
10186,3,0.709088445,65.63386221238807,5.967145133438974e-4,0.9754912421473761,77.44518982885107
10604,3,0.707357671,33.89871930161041,3.0819240418285076e-4,0.5038238294087739,39.99905936927547
10651,5,0.707852805,45.5623391870955,4.1423296052362635e-4,0.6771757953986588,53.76163901451937
9897,3,0.709096601,67.27691563144549,6.116524400223281e-4,0.9999113229813256,79.38392358073787
9901,3,0.706012896,53.05698560752424,4.82371024332503e-4,0.7885658873371995,62.60500576401824
9905,3,0.706550489,26.547401596514906,2.4135742268141953e-4,0.3945639778955698,31.324814460130714
9906,3,0.709212007,64.37137712101958,5.85236548288876e-4,0.9567274042676795,75.95551065622007
9924,3,0.708588559,43.11896964490726,3.9201890792729796e-4,0.6408609190620899,50.87856598425229
9926,6,0.707400812,36.00605438827982,3.273513777417329e-4,0.5351443528706386,42.48562591158854
9944,5,0.708276102,43.20977050336068,3.928444298185423e-4,0.6422104578400175,50.98570716842933
9949,3,0.709191919,64.35623376473359,5.85098871483459e-4,0.9565023342971528,75.93764213435222
9956,3,0.706724591,18.932963718701917,1.7213026707165984e-4,0.28139347088432987,22.340098842162444
9958,3,0.708555982,43.793055609573855,3.9814740417602333e-4,0.6508796035158384,51.67395899838937
9967,5,0.705853745,54.448289596325544,4.950201547448573e-4,0.8092443117128445,64.24668580371605
9970,5,0.708826653,61.60199078896395,5.600584929118164e-4,0.9155670638278478,72.687751561053
9974,3,0.706789248,17.088454272980428,1.5536078986642872e-4,0.25397922540633305,20.16365547360432
9981,4,0.707286399,29.838876004263508,2.712820756455855e-4,0.4434839157185334,35.208615469737964
9982,3,0.70930574,64.20825413759346,5.837535051098027e-4,0.9543029691306735,75.76303241418086
9993,3,0.708543422,45.336867196104485,4.1218306730019373e-4,0.673824690570338,53.49559157262294
10345,3,0.707431704,37.13519805044724,3.376170605486545e-4,0.5519263875771475,43.81796782036767
10352,3,0.707501012,0,0,0,0
10739,3,0.705459202,30.780351109161305,2.798415575975473e-4,0.4574767037180523,36.319516394355276
10740,3,0.707496106,38.56550292750002,3.5062077006497283e-4,0.5731844673873941,45.50566726365256
11571,4,0.706175114,49.03757384291115,4.458282816962615e-4,0.7288268922087953,57.86226936823099
11970,3,0.707776398,44.05721245052481,4.005490032208036e-4,0.6548056666212996,51.98565293201521
11140,3,0.706607456,22.87152859095121,2.0793798494467597e-4,0.3399308692637798,26.987439314029714
11698,3,0.706524578,27.600972744962007,2.509360330804907e-4,0.41022280694578717,32.567983989384565
11853,4,0.707724577,0,0,0,0
11854,7,0.708273555,44.011510643490595,4.001335022793062e-4,0.6541264179680979,51.931726726822035
11856,5,0.706348661,40.791373126948756,3.708574132863136e-4,0.6062667333478033,48.1321002407775
12035,3,0.707111208,0,0,0,0
10000,5,0.70801343,50.67759847909189,4.6073867199881297e-4,0.7532019573896812,59.79742928403794
10006,3,0.706807225,17.0417039228858,1.549357560277206e-4,0.2532843926546498,20.108492031813746
10014,5,0.708874059,61.90692927911424,5.628308609641646e-4,0.9200992491436023,73.04756612109507
10026,5,0.708073234,0,0,0,0
10027,3,0.706442079,34.93776188405032,3.1763892718218126e-4,0.519266725883591,41.22508580326658
10040,3,0.705804824,51.77616148440906,4.7072632878143814e-4,0.7695294833726293,61.09368730722773
10043,3,0.706806679,17.042852893976296,1.5494620197287757e-4,0.253301469376916,20.10984776925189
10046,3,0.706790659,17.084058540058738,1.5532082577559604e-4,0.25391389329233904,20.15846869411151
10069,5,0.708856386,60.20171440902376,5.473277894237431e-4,0.8947552862000536,71.03548447814993
10076,3,0.708553244,43.781184901574456,3.980394808646694e-4,0.6507031736776243,51.65995206350198
10078,3,0.709496448,59.809198366833904,5.437592043793789e-4,0.8889214688891126,70.57233209958207
10079,3,0.708548473,43.759302648941706,3.9784053694623346e-4,0.6503779460423432,51.634131928103855
10080,5,0.707829804,44.01245500055493,4.0014208796277924e-4,0.6541404535895693,51.932841028337265
10098,5,0.708845245,60.93123802197316,5.539603006458516e-4,0.9055979194290569,71.8962915796225
10116,3,0.706524514,27.601601417173136,2.5094174869465496e-4,0.4102321506628177,32.568725796084486
10119,3,0.706165186,49.117351281055946,4.465535834471222e-4,0.7300125940646357,57.9564033812682
10135,5,0.707835652,44.80126720411843,4.0731362525013213e-4,0.6658642706915581,52.86360616671365
10142,3,0.706544092,26.611483441002626,2.4194002692500238e-4,0.39551640208593875,31.40042833448836
10144,3,0.706269513,46.535969312199164,4.230847819263981e-4,0.6916464912881688,54.910481507099504
10145,3,0.706571117,23.961425453580645,2.1784685292923e-4,0.3561295936493492,28.273471654273045
10152,5,0.705850658,53.633582683243425,4.876131940271633e-4,0.7971356313481757,63.28536600000941
10158,3,0.70663429,21.085187279653198,1.9169734710459312e-4,0.31338115474266215,24.879631891316723
10175,3,0.706841374,14.585301796752896,1.3260321684955756e-4,0.2167758179576305,17.210041102036676
10176,5,0.708854751,60.19153591402012,5.472352509765463e-4,0.8946040070828482,71.02347428324204
10190,3,0.70896887,61.68528698898547,5.608157857144004e-4,0.9168050637091012,72.78603756472917
10191,5,0.708859457,60.22017784262208,5.474956509272858e-4,0.895029701222544,71.0572705512487
10202,3,0.707083524,17.261505245509507,1.5693409400206266e-4,0.2565512164861958,20.367848324151705
10203,4,0.708835468,61.66397685739863,5.606220432715439e-4,0.9164883392922948,72.7608925080406
10288,3,0.709061832,63.11032159093524,5.737715801829481e-4,0.9379848134160537,74.4675183056241
10302,5,0.70784762,45.574100342481934,4.143398878302972e-4,0.6773505969978679,53.77551668194295
10307,3,0.70615079,50.02918935101597,4.5484361837457975e-4,0.7435648980357813,59.03233385436321
10309,5,0.707837838,44.796876805526516,4.072737096567044e-4,0.6657990178596876,52.85842568150503
10313,3,0.706377696,37.26704748004124,3.388157781856003e-4,0.553886015725113,43.973544587596315
10529,5,0.707940384,0,0,0,0
10564,3,0.709373329,63.15137994819991,5.74144864899831e-4,0.9385950482335481,74.51596543588946
10661,3,0.709173211,65.92301011343726,5.993433202317299e-4,0.9797887379163444,77.7863721595953
10698,5,0.705797505,51.73197268103239,4.7032458341078127e-4,0.7688727219198989,61.04154638255166
10699,4,0.706403294,35.381678799256804,3.2167482659589225e-4,0.5258644949075092,41.74888904457447
10327,3,0.709008471,61.98684249113581,5.635573971120282e-4,0.9212869689551632,73.14186034158169
10328,3,0.706630289,21.108618764726117,1.9191037597019557e-4,0.3137294080330929,24.9072800556678
10329,3,0.707626116,0,0,0,0
10330,5,0.708053263,49.70651660619724,4.519100181962025e-4,0.7387691352078714,58.651593621612335
10332,3,0.706603328,22.903825567943468,2.0823161500481245e-4,0.3404108870037359,27.025548385014588
10335,3,0.709197018,63.560606191581016,5.77865371821647e-4,0.9446772229375654,74.99883514724428
10343,3,0.706496805,30.28679752218543,2.7535438316450203e-4,0.4501412036362894,35.73714397338806
10353,3,0.707480163,0,0,0,0
10424,3,0.709023783,62.09617876840566,5.645514349650923e-4,0.9229119926446209,73.27087253837946
10465,3,0.707340223,33.68040752100345,3.062076084763209e-4,0.5005791440762156,39.741460673707785
10363,3,0.704885415,14.197706298460005,1.2907936724903117e-4,0.21101513282749199,16.75269475778276
10456,4,0.708185771,0,0,0,0
10459,5,0.705828504,52.70899133014459,4.792072117992545e-4,0.7833937801587012,62.19438719057805
10506,3,0.707835075,0,0,0,0
10819,3,0.706656231,20.155008060165162,1.8324056242714583e-4,0.29955625321086116,23.78205963516955
11059,7,0.708896839,0,0,0,0
10468,4,0.708175726,0,0,0,0
10614,3,0.708636226,48.09487524422792,4.372576762712304e-4,0.714815919884413,56.74992477253791
10536,3,0.708241684,0,0,0,0
10538,5,0.707832036,44.807774902427525,4.07372790411203e-4,0.6659609921474205,52.87128497630839
10541,3,0.70673395,18.891768120853225,1.7175573462310993e-4,0.2807811963120003,22.291489773794947
10587,4,0.708151698,46.03085036483584,4.1849246026960863e-4,0.6841390996341299,54.314462448551424
10712,4,0.706402218,35.39351889901599,3.217824716304459e-4,0.5260404698270387,41.76285986302905
10360,3,0.709673477,47.31763123086788,4.3019131193507745e-4,0.703264036413184,55.83280961080596
10369,3,0.706333861,41.77325511132632,3.7978425700264164e-4,0.6208600734971785,49.29067957934485
10373,3,0.707503672,0,0,0,0
10374,3,0.706414743,35.25184524949792,3.204944364611569e-4,0.5239348280182309,41.595690930547704
10376,5,0.707858439,45.547349254162604,4.1409667857657034e-4,0.6769530057013361,53.74395152573876
10377,3,0.70739678,35.96019017713193,3.269344002927073e-4,0.5344626904665887,42.431508076389314
10388,3,0.707528741,0,0,0,0
10389,3,0.709050695,63.85417346612324,5.805343577300992e-4,0.9490404021813881,75.34523215235865
10395,4,0.707058213,15.58577303981003,1.4169906601631163e-4,0.23164544322003547,18.39055498199302
10400,5,0.7088338,61.652792201498876,5.605203572473306e-4,0.9163221059866676,72.74769508570205
10402,3,0.707469726,0,0,0,0
10405,3,0.707471002,0,0,0,0
10407,5,0.708809715,59.09350509629281,5.37252432611896e-4,0.8782843908025381,69.72784421896753
10410,5,0.70582727,52.70159444965198,4.7913996258071653e-4,0.7832838431247292,62.185659183500874
9862,1,0.708571256,0,0,0,0
9863,1,0.708491972,0,0,0,0
9866,1,0.707297286,0,0,0,0
9867,1,0.708907774,0,0,0,0
9868,2,0.70930466700000006,0,0,0,0
9873,1,0.707218173,0,0,0,0
9874,2,0.706671418,0,0,0,0
9875,1,0.704860218,0,0,0,0
9879,2,0.708902788,0,0,0,0
9881,2,0.707335852,0,0,0,0
9915,2,0.708392943,0,0,0,0
9917,1,0.70873174,0,0,0,0
10083,1,0.707209576,0,0,0,0
10084,1,0.706818277,0,0,0,0
10085,2,0.706823134,0,0,0,0
10185,2,0.707360567,0,0,0,0
10187,1,0.70970741,0,0,0,0
10602,2,0.706747374,0,0,0,0
10603,1,0.706679474,0,0,0,0
10785,1,0.708227906,0,0,0,0
10786,2,0.708447587,0,0,0,0
10787,1,0.70883883,0,0,0,0
10605,1,0.70735998,0,0,0,0
10606,2,0.707028363,0,0,0,0
10607,1,0.707614028,0,0,0,0
10650,1,0.707332456,0,0,0,0
10652,1,0.708254424,0,0,0,0
9882,2,0.706825968,0,0,0,0
9883,1,0.708427754,0,0,0,0
9884,1,0.70680967,0,0,0,0
9888,1,0.707357143,0,0,0,0
9889,2,0.708382594,0,0,0,0
9890,1,0.70469293,0,0,0,0
9894,2,0.706822156,0,0,0,0
9895,1,0.707381136,0,0,0,0
9896,1,0.707034143,0,0,0,0
9898,1,0.708406748,0,0,0,0
9899,1,0.707080383,0,0,0,0
9900,1,0.708579492,0,0,0,0
9902,1,0.707328415,0,0,0,0
9903,1,0.708785562,0,0,0,0
9904,1,0.707404275,0,0,0,0
9907,1,0.708599591,0,0,0,0
9908,2,0.708512652,0,0,0,0
9909,1,0.709506163,0,0,0,0
9910,2,0.708569522,0,0,0,0
9911,2,0.708576811,0,0,0,0
9918,1,0.708770015,0,0,0,0
9919,1,0.707467118,0,0,0,0
9920,1,0.706183301,0,0,0,0
9921,2,0.70681878,0,0,0,0
9922,1,0.708513395,0,0,0,0
9923,1,0.707340656,0,0,0,0
9925,2,0.707148877,0,0,0,0
9930,1,0.709559793,0,0,0,0
9931,2,0.709272321,0,0,0,0
9932,1,0.706815071,0,0,0,0
9933,1,0.70464917,0,0,0,0
9934,1,0.707308262,0,0,0,0
9935,1,0.707247143,0,0,0,0
9936,1,0.709147997,0,0,0,0
9937,1,0.709677595,0,0,0,0
9938,1,0.70719803,0,0,0,0
9942,2,0.706752649,0,0,0,0
9943,2,0.707535117,0,0,0,0
9945,1,0.709017851,0,0,0,0
9946,1,0.708628602,0,0,0,0
9947,1,0.706662427,0,0,0,0
9948,2,0.709091592,0,0,0,0
9950,1,0.706920897,0,0,0,0
9954,1,0.705537609,0,0,0,0
9955,1,0.708575583,0,0,0,0
9957,1,0.705747296,0,0,0,0
9959,1,0.707337283,0,0,0,0
9966,2,0.708335765,0,0,0,0
9968,2,0.706633912,0,0,0,0
9969,2,0.708051605,0,0,0,0
9971,1,0.706830174,0,0,0,0
9972,1,0.708097883,0,0,0,0
9973,1,0.708898234,0,0,0,0
9978,1,0.706531497,0,0,0,0
9979,2,0.708234569,0,0,0,0
9980,1,0.708322059,0,0,0,0
9983,2,0.708311211,0,0,0,0
9990,1,0.708731769,0,0,0,0
9991,1,0.70859989,0,0,0,0
9992,1,0.708937678,0,0,0,0
9994,2,0.705653974,0,0,0,0
9995,1,0.708318656,0,0,0,0
9996,1,0.708527071,0,0,0,0
9997,2,0.706829381,0,0,0,0
9998,1,0.709581503,0,0,0,0
10051,1,0.709463868,0,0,0,0
10052,1,0.705377964,0,0,0,0
10059,2,0.707294981,0,0,0,0
10060,1,0.707135338,0,0,0,0
10061,1,0.708620241,0,0,0,0
10062,2,0.704868069,0,0,0,0
10063,1,0.706794792,0,0,0,0
10064,2,0.708605131,0,0,0,0
10346,1,0.70858161,0,0,0,0
10347,1,0.7073706,0,0,0,0
10348,1,0.706732525,0,0,0,0
10349,1,0.706733487,0,0,0,0
10350,1,0.70780803,0,0,0,0
10351,1,0.705656197,0,0,0,0
10734,1,0.709356109,0,0,0,0
10735,1,0.709251022,0,0,0,0
10736,1,0.708912757,0,0,0,0
10737,1,0.706674337,0,0,0,0
10738,1,0.707467856,0,0,0,0
10741,2,0.709500871,0,0,0,0
11555,2,0.708923919,0,0,0,0
11556,1,0.706617196,0,0,0,0
11569,2,0.707301429,0,0,0,0
11570,2,0.706384419,0,0,0,0
11572,2,0.706664813,0,0,0,0
11573,2,0.706609176,0,0,0,0
11574,2,0.707532267,0,0,0,0
11968,1,0.707149266,0,0,0,0
11969,1,0.708964521,0,0,0,0
11139,1,0.709471391,0,0,0,0
11141,2,0.708043339,0,0,0,0
11211,2,0.708909786,0,0,0,0
11212,1,0.707741828,0,0,0,0
11691,1,0.709421707,0,0,0,0
11692,2,0.706093633,0,0,0,0
11693,1,0.70977666,0,0,0,0
11694,1,0.706769534,0,0,0,0
11695,1,0.706545567,0,0,0,0
11696,1,0.706770993,0,0,0,0
11697,1,0.709842303,0,0,0,0
11851,2,0.708021545,0,0,0,0
11852,1,0.70716338,0,0,0,0
11855,1,0.707787735,0,0,0,0
12034,1,0.709796775,0,0,0,0
9999,1,0.708268284,0,0,0,0
10001,2,0.707279719,0,0,0,0
10005,1,0.705507942,0,0,0,0
10007,1,0.708984643,0,0,0,0
10008,1,0.708238227,0,0,0,0
10009,1,0.706788286,0,0,0,0
10010,1,0.707301312,0,0,0,0
10011,2,0.707641635,0,0,0,0
10012,1,0.707867531,0,0,0,0
10013,1,0.70732738,0,0,0,0
10015,2,0.709539397,0,0,0,0
10016,1,0.706813099,0,0,0,0
10017,1,0.706789377,0,0,0,0
10018,2,0.706840037,0,0,0,0
10019,2,0.709694675,0,0,0,0
10020,2,0.706763191,0,0,0,0
10021,1,0.707186147,0,0,0,0
10022,2,0.709559594,0,0,0,0
10028,1,0.707615765,0,0,0,0
10029,1,0.709207225,0,0,0,0
10030,2,0.709003596,0,0,0,0
10031,2,0.707867945,0,0,0,0
10032,1,0.707228052,0,0,0,0
10033,2,0.706784848,0,0,0,0
10034,2,0.705664976,0,0,0,0
10038,1,0.709701864,0,0,0,0
10039,2,0.705720206,0,0,0,0
10041,1,0.706974707,0,0,0,0
10042,2,0.705679636,0,0,0,0
10044,1,0.707320661,0,0,0,0
10045,1,0.707487233,0,0,0,0
10050,1,0.706879186,0,0,0,0
10065,1,0.70731722,0,0,0,0
10066,1,0.708642694,0,0,0,0
10067,2,0.707422201,0,0,0,0
10068,1,0.70860554,0,0,0,0
10070,1,0.707225597,0,0,0,0
10071,1,0.70662404,0,0,0,0
10072,2,0.708596453,0,0,0,0
10073,1,0.706869039,0,0,0,0
10074,2,0.709534112,0,0,0,0
10075,1,0.707281264,0,0,0,0
10077,2,0.706795617,0,0,0,0
10081,1,0.706789302,0,0,0,0
10082,1,0.707332843,0,0,0,0
10092,1,0.704694861,0,0,0,0
10093,1,0.709561352,0,0,0,0
10094,1,0.707168254,0,0,0,0
10095,2,0.707349457,0,0,0,0
10096,1,0.708640908,0,0,0,0
10097,1,0.706792882,0,0,0,0
10099,1,0.705682907,0,0,0,0
10100,2,0.709540664,0,0,0,0
10101,1,0.709270911,0,0,0,0
10102,1,0.709084943,0,0,0,0
10103,1,0.70787469,0,0,0,0
10107,2,0.707167236,0,0,0,0
10108,1,0.708270287,0,0,0,0
10109,2,0.704902078,0,0,0,0
10110,1,0.709564502,0,0,0,0
10111,2,0.705676256,0,0,0,0
10112,1,0.707342387,0,0,0,0
10113,2,0.705716896,0,0,0,0
10114,1,0.709478592,0,0,0,0
10115,2,0.705930127,0,0,0,0
10117,2,0.709307955,0,0,0,0
10118,2,0.706661677,0,0,0,0
10120,1,0.705570856,0,0,0,0
10121,1,0.704959131,0,0,0,0
10122,1,0.707367512,0,0,0,0
10123,1,0.707371349,0,0,0,0
10124,1,0.709702219,0,0,0,0
10125,2,0.709244693,0,0,0,0
10126,2,0.70921444,0,0,0,0
10127,1,0.709347651,0,0,0,0
10128,1,0.708750107,0,0,0,0
10129,1,0.706479197,0,0,0,0
10130,2,0.709203876,0,0,0,0
10131,1,0.706219453,0,0,0,0
10132,1,0.706681704,0,0,0,0
10133,1,0.707365634,0,0,0,0
10134,2,0.70725388,0,0,0,0
10136,2,0.707191856,0,0,0,0
10140,1,0.704818294,0,0,0,0
10141,1,0.707374384,0,0,0,0
10143,1,0.704688234,0,0,0,0
10146,2,0.705245424,0,0,0,0
10147,1,0.708623871,0,0,0,0
10148,1,0.707217323,0,0,0,0
10149,1,0.708738639,0,0,0,0
10150,1,0.707168842,0,0,0,0
10151,1,0.708560952,0,0,0,0
10153,1,0.707379588,0,0,0,0
10154,1,0.709546764,0,0,0,0
10155,1,0.70938379,0,0,0,0
10156,1,0.709729037,0,0,0,0
10157,1,0.709703214,0,0,0,0
10159,1,0.706768774,0,0,0,0
10160,1,0.709155018,0,0,0,0
10161,1,0.704809913,0,0,0,0
10162,1,0.706249678,0,0,0,0
10163,1,0.706369196,0,0,0,0
10164,1,0.706759697,0,0,0,0
10165,1,0.708894062,0,0,0,0
10166,1,0.709705,0,0,0,0
10167,2,0.707413505,0,0,0,0
10168,2,0.708732701,0,0,0,0
10169,1,0.707432109,0,0,0,0
10173,2,0.708734255,0,0,0,0
10174,2,0.708996805,0,0,0,0
10177,1,0.708816056,0,0,0,0
10178,2,0.707377232,0,0,0,0
10179,1,0.708936581,0,0,0,0
10180,2,0.706439589,0,0,0,0
10181,1,0.706031505,0,0,0,0
10182,1,0.709656744,0,0,0,0
10183,1,0.70718391,0,0,0,0
10184,1,0.707189726,0,0,0,0
10188,1,0.70871654,0,0,0,0
10189,2,0.708911787,0,0,0,0
10192,1,0.706601156,0,0,0,0
10193,2,0.708584553,0,0,0,0
10194,1,0.707331459,0,0,0,0
10195,2,0.707355964,0,0,0,0
10196,2,0.705722806,0,0,0,0
10200,1,0.707421194,0,0,0,0
10201,1,0.705278866,0,0,0,0
10204,1,0.709612441,0,0,0,0
10205,2,0.70672886,0,0,0,0
10206,1,0.705303756,0,0,0,0
10207,1,0.707124733,0,0,0,0
10208,1,0.70865794,0,0,0,0
10287,2,0.707429712,0,0,0,0
10289,1,0.708929261,0,0,0,0
10303,1,0.706960962,0,0,0,0
10304,2,0.707422097,0,0,0,0
10305,1,0.709130546,0,0,0,0
10306,1,0.708045853,0,0,0,0
10308,2,0.707584566,0,0,0,0
10310,1,0.708046668,0,0,0,0
10311,2,0.706139862,0,0,0,0
10312,2,0.707420951,0,0,0,0
10314,1,0.708921415,0,0,0,0
10315,2,0.707362218,0,0,0,0
10316,1,0.707337869,0,0,0,0
10446,1,0.704954156,0,0,0,0
10447,1,0.704898193,0,0,0,0
10448,1,0.70707786,0,0,0,0
10449,2,0.706460552,0,0,0,0
10450,1,0.706715312,0,0,0,0
10451,1,0.708302657,0,0,0,0
10527,1,0.709781626,0,0,0,0
10528,1,0.707067294,0,0,0,0
10560,1,0.709345848,0,0,0,0
10561,2,0.707560061,0,0,0,0
10562,2,0.705303556,0,0,0,0
10563,1,0.706524449,0,0,0,0
10565,2,0.707392062,0,0,0,0
10659,2,0.707448765,0,0,0,0
10660,1,0.706517099,0,0,0,0
10700,1,0.70730073,0,0,0,0
10317,1,0.709226342,0,0,0,0
10318,1,0.709600594,0,0,0,0
10319,2,0.709674215,0,0,0,0
10323,1,0.707401184,0,0,0,0
10324,1,0.7074509,0,0,0,0
10325,1,0.707286728,0,0,0,0
10326,2,0.707408405,0,0,0,0
10331,1,0.707340465,0,0,0,0
10333,1,0.708568519,0,0,0,0
10334,1,0.707296159,0,0,0,0
10336,2,0.707551183,0,0,0,0
10337,2,0.709654721,0,0,0,0
10338,1,0.706728048,0,0,0,0
10339,1,0.706721053,0,0,0,0
10340,1,0.707576511,0,0,0,0
10341,2,0.708946675,0,0,0,0
10342,1,0.708703795,0,0,0,0
10344,1,0.709303323,0,0,0,0
10354,2,0.708727234,0,0,0,0
10355,1,0.706439322,0,0,0,0
10473,1,0.706786183,0,0,0,0
10474,1,0.707082436,0,0,0,0
10475,1,0.708112264,0,0,0,0
10422,1,0.704816637,0,0,0,0
10423,1,0.708870347,0,0,0,0
10464,1,0.709399821,0,0,0,0
10466,1,0.705494819,0,0,0,0
10362,1,0.706406032,0,0,0,0
10364,1,0.707405719,0,0,0,0
10455,1,0.706768524,0,0,0,0
10457,2,0.707456466,0,0,0,0
10458,2,0.705864418,0,0,0,0
10460,1,0.70737717,0,0,0,0
10476,2,0.707100666,0,0,0,0
10477,1,0.707109487,0,0,0,0
10478,1,0.704795669,0,0,0,0
10507,1,0.70957567,0,0,0,0
10508,1,0.709396952,0,0,0,0
10818,1,0.707180717,0,0,0,0
10820,1,0.704833528,0,0,0,0
11058,1,0.709683583,0,0,0,0
11060,1,0.709010032,0,0,0,0
10467,1,0.706574988,0,0,0,0
10469,1,0.707442211,0,0,0,0
10470,1,0.70712635,0,0,0,0
10471,2,0.706128805,0,0,0,0
10472,1,0.707565017,0,0,0,0
10615,2,0.70885417,0,0,0,0
10616,1,0.706841006,0,0,0,0
10537,2,0.708882331,0,0,0,0
10539,1,0.708794173,0,0,0,0
10540,1,0.708765566,0,0,0,0
10542,1,0.704861037,0,0,0,0
10543,1,0.707257241,0,0,0,0
10544,1,0.70737733,0,0,0,0
10588,1,0.707378756,0,0,0,0
10589,2,0.707534644,0,0,0,0
10710,1,0.708170497,0,0,0,0
10711,1,0.707058429,0,0,0,0
10806,1,0.707234149,0,0,0,0
10807,2,0.706665173,0,0,0,0
10808,2,0.706665811,0,0,0,0
10359,1,0.707300012,0,0,0,0
10361,1,0.706292085,0,0,0,0
10365,1,0.708714489,0,0,0,0
10366,2,0.707419896,0,0,0,0
10367,1,0.707082187,0,0,0,0
10368,1,0.707339171,0,0,0,0
10370,1,0.707381338,0,0,0,0
10371,1,0.706772204,0,0,0,0
10372,1,0.707117335,0,0,0,0
10375,1,0.705498653,0,0,0,0
10378,2,0.706495128,0,0,0,0
10379,1,0.704708573,0,0,0,0
10386,1,0.709402089,0,0,0,0
10387,1,0.705711588,0,0,0,0
10390,1,0.706850721,0,0,0,0
10391,1,0.708303762,0,0,0,0
10392,2,0.707427476,0,0,0,0
10393,2,0.708281157,0,0,0,0
10394,1,0.709748757,0,0,0,0
10396,1,0.708446029,0,0,0,0
10397,2,0.705759315,0,0,0,0
10398,1,0.708616318,0,0,0,0
10399,2,0.705871292,0,0,0,0
10401,1,0.706370599,0,0,0,0
10403,1,0.70743237,0,0,0,0
10404,1,0.705073815,0,0,0,0
10406,2,0.707382673,0,0,0,0
10408,1,0.705907016,0,0,0,0
10409,2,0.709203542,0,0,0,0
10411,1,0.707358307,0,0,0,0
10412,1,0.708268698,0,0,0,0
10413,3,0.70746589,0,0,0,0
10417,3,0.707501409,0,0,0,0
10418,5,0.708009324,0,0,0,0
10421,3,0.706659297,20.13686369146553,1.830756017228146e-4,0.2992865803291479,23.760650045197217
10429,3,0.707391102,35.894127208567674,3.263337845311465e-4,0.5334808215792124,42.35355655915938
10431,3,0.709199016,63.56288882123556,5.778861244971341e-4,0.9447111487978153,75.00152855398504
10432,3,0.708910496,63.72029514831363,5.793171943244085e-4,0.947050619436102,75.18726138258769
10438,3,0.707427601,0,0,0,0
10441,4,0.706447288,34.8763883449396,3.1708094567251276e-4,0.5183545542105549,41.15266761505274
10442,3,0.70919561,64.35941956137746,5.851278353601818e-4,0.9565496835863856,75.94140124005655
10444,3,0.709009493,61.99368041147316,5.636195645080772e-4,0.9213885983759947,73.14992879924532
10452,3,0.707409405,0,0,0,0
10480,5,0.708781802,59.6802784022778,5.425871201637422e-4,0.887005380270779,70.42021197757144
10485,3,0.709217291,64.37225988098999,5.852445739583763e-4,0.9567405243948673,75.95655227576184
10494,3,0.705193552,22.790445585764736,2.07200813546416e-4,0.33872576325934495,26.891764786935145
10500,5,0.705823283,51.87924234143991,4.7166349507586094e-4,0.7710615351196567,61.215318371915686
10502,3,0.709322815,63.36621811670162,5.760980800367119e-4,0.941788106584651,74.76946541564469
10505,5,0.708013907,50.6759261907242,4.607234682807037e-4,0.7531771028008754,59.79545605427941
10511,4,0.708163252,0,0,0,0
10667,3,0.708506968,43.62545154459348,3.9662362095349124e-4,0.6483885677604294,51.47619326906981
10876,3,0.708103144,0,0,0,0
11029,5,0.707666697,45.35767971136033,4.123722856319166e-4,0.6741340191040367,53.52014946302393
11030,3,0.706610606,22.846499503046847,2.0771043136935894e-4,0.33955887140738916,26.95790604570362
11817,4,0.706517996,28.46660867949637,2.5880601829844375e-4,0.42308842607229574,33.58939789088182
10513,4,0.708152194,0,0,0,0
10519,3,0.707523171,0,0,0,0
10522,4,0.706441853,34.94039294776077,3.176628476684766e-4,0.5193058303872811,41.228190347500906
10524,3,0.708675176,49.18621387038615,4.471796521423759e-4,0.7310360726553946,58.03765833295039
10532,4,0.706426622,34.316012820424945,3.1198625526227084e-4,0.5100259049729269,40.491448125469084
10533,3,0.709369387,62.37362648400953,5.670738688584264e-4,0.9270355929875288,73.59824914365973
10626,4,0.706411937,35.28431487608615,3.20789636176288e-4,0.5244174117837591,41.634003720775716
10803,3,0.707499436,38.594118013390215,3.508809259734581e-4,0.5736097625740288,45.53943185839123
10835,6,0.708219752,46.56528973181347,4.233513504221629e-4,0.6920822695828742,54.945078365890836
10545,5,0.708003588,49.91216471940097,4.53779681349551e-4,0.7418256052468464,58.894249723632825
10867,3,0.708616471,46.402583416725484,4.218720954102983e-4,0.6896640272296086,54.753091774920975
10906,7,0.708904358,0,0,0,0
10985,6,0.708235701,47.30257468745671,4.300544243945399e-4,0.7030402567095445,55.81504352446975
10559,6,0.708204732,48.219479999014986,4.3839052847749693e-4,0.7166678731738806,56.896953128980414
10569,4,0.706420941,34.38083148321981,3.1257555833726097e-4,0.5109892802148026,40.567931414359755
10575,3,0.706017113,53.04563875091001,4.822678636499786e-4,0.7883972433037695,62.59161695167612
10577,3,0.707546809,42.177245442967354,3.834571612934289e-4,0.6268644288275533,49.76737113562896
10579,3,0.707427883,0,0,0,0
10591,3,0.709680115,47.23722203178168,4.294602664886609e-4,0.7020689449336844,55.73793014649734
10608,5,0.705810717,51.808591630543404,4.710211695574633e-4,0.7700114803551205,61.13195351218493
10613,3,0.709640608,50.893962180407634,4.6270575661617287e-4,0.7564176891573641,60.052729328186615
10619,3,0.709215403,64.37227096058368,5.852446746892207e-4,0.9567406890666732,75.9565653492152
10622,4,0.706886685,13.750570887803818,1.2501420667528437e-4,0.20436952852437126,16.225093827558457
10623,3,0.707567253,43.14563677728615,3.922613538901495e-4,0.6412572625532684,50.91003207598694
10631,4,0.707030506,15.533022620708959,1.4121948216124723e-4,0.23086143371460388,18.328311711779634
10639,3,0.709376721,63.13326252228828,5.739801491476035e-4,0.9383257757922912,74.49458763727087
10640,4,0.706847392,14.580396772382326,1.3255862250250003e-4,0.21670291643767228,17.204253380109467
10641,3,0.706858392,13.76996130921976,1.2519049594866743e-4,0.20465772101579568,16.24797370719375
10644,3,0.705701135,46.20883499561363,4.201106190790595e-4,0.6867844178084396,54.52447680779482
10646,3,0.708647098,49.76511806653845,4.524427971720243e-4,0.7396401065237893,58.72074087376835
10648,3,0.709487967,59.88431193606718,5.44442104263672e-4,0.8900378534272704,70.66096294396493
10649,3,0.707525073,40.40223466494549,3.6731953573118404e-4,0.6004831157322725,47.672933264407455
10653,5,0.707858781,45.54636526113773,4.1408773254019245e-4,0.6769383809855911,53.74279045546142
10731,5,0.70800246,49.91602012077093,4.538147329810515e-4,0.7418829066175807,58.898798934678744
10996,5,0.707673995,45.39371081051421,4.126998647057684e-4,0.6746695356877753,53.562664640702856
11130,5,0.707515631,38.723733374341684,3.520593324305057e-4,0.5755361866056786,45.692372518825614
11131,3,0.709182566,64.34195412183927,5.849690471843367e-4,0.9562901013717259,75.92079275786632
11136,4,0.708183679,0,0,0,0
11137,3,0.709144886,65.07536536389314,5.916369030384833e-4,0.9671905149600786,76.78618709775259
10656,3,0.706374612,37.30080668225012,3.3912270216108966e-4,0.5543877659647999,44.01337902267918
10658,3,0.709149993,65.08584426295012,5.917321726286063e-4,0.9673462588689826,76.79855175677629
10662,4,0.706407162,35.33860118534149,3.212831836762616e-4,0.5252242486429969,41.69805927660729
10663,4,0.706953217,15.394292067675373,1.3995820434444764e-4,0.22879953403445705,18.16461550904848
10664,3,0.707416317,0,0,0,0
10670,3,0.706786187,17.09782612971519,1.5544599470950984e-4,0.2541185157643778,20.174713869368443
10671,3,0.70671686,18.167317676658254,1.6516934644362564e-4,0.2700139636692657,21.4366687975324
10673,5,0.708807669,59.079392274047414,5.371241249735183e-4,0.8780746372692503,69.71119168381306
10679,4,0.706943476,16.18232713044332,1.4712267620587574e-4,0.24051180078706175,19.094463654055787
10680,3,0.70685408,14.574048939151325,1.3250091076515068e-4,0.21660857099593345,17.196763204565848
10682,4,0.708136892,0,0,0,0
10684,3,0.707421411,0,0,0,0
10704,3,0.706345781,41.62624730474175,3.784477259985694e-4,0.6186751521316418,49.117216566450324
10705,3,0.707393114,0,0,0,0
10706,4,0.706412777,35.27463887301367,3.207016661670598e-4,0.5242736010138603,41.62258644515802
10718,4,0.706400914,35.40778413434571,3.219121649422606e-4,0.5262524886182883,41.77969223919623
10719,4,0.706999436,14.682209410659954,1.334842587039093e-4,0.21821611912957484,17.32438800014557
10720,3,0.706755651,18.80142384018652,1.709343637384134e-4,0.2794384434768359,22.184887332153725
10725,3,0.706383483,37.2022414908307,3.3822659033332363e-4,0.5529228288459223,43.89707625300074
10726,3,0.706112769,48.672918067983304,4.425129900778895e-4,0.7234071515010263,57.43199093024897
10727,6,0.70821942,46.56659062432954,4.2336317757080957e-4,0.6921016042557645,54.94661336420509
10728,5,0.707835312,44.801919174453865,4.073195526807039e-4,0.6658739606797884,52.86437546421784
10758,3,0.706826109,0,0,0,0
10761,5,0.708806006,59.06764923392966,5.37017362362987e-4,0.8779001049104201,69.69733539164264
10770,3,0.707517949,39.542347902717324,3.5950181948597135e-4,0.5877029443768572,46.65830314380628
10772,5,0.705790049,50.88777315646586,4.6264948870377215e-4,0.7563257040379588,60.04542654090777
10933,3,0.705776302,49.99843131780663,4.5456397972161525e-4,0.7431077530345577,58.996040672149554
10900,4,0.708186037,0,0,0,0
12250,7,0.708413487,0,0,0,0
12251,3,0.707158075,0,0,0,0
10975,5,0.705806617,51.78632631208921,4.708187429712775e-4,0.7696805593575811,61.10568137527022
10978,3,0.704904732,15.015289857103786,1.3651248117634192e-4,0.2231665676859173,17.71740888195271
10783,4,0.708177026,0,0,0,0
10788,5,0.707766399,44.05190848548444,4.005007818787833e-4,0.6547268357972229,51.97939447691977
10873,3,0.708630914,48.06640700125872,4.369988553946811e-4,0.7143928071685115,56.71633344625408
10874,4,0.70625142,47.53685808096984,4.3218442705524507e-4,0.7065223220771604,56.091488049792034
10987,5,0.707699969,44.69501874124243,4.0634766046181246e-4,0.6642851400182515,52.738237460696794
10991,3,0.708637179,48.09976692308611,4.3730214928669686e-4,0.7148886230550737,56.75569674732324
10956,5,0.707745219,44.81804244926483,4.0746613847891886e-4,0.666113594808311,52.883400248624966
11087,4,0.708200609,0,0,0,0
11231,3,0.708116887,48.58209276235279,4.4168724592354966e-4,0.7220572493739622,57.32482089943382
11449,3,0.708928841,63.027729262562495,5.730206866750907e-4,0.9367572749125984,74.37006284081333
10814,3,0.705789122,50.88197563892616,4.6259678019720715e-4,0.7562395377299655,60.038585714674724
10821,4,0.706231185,47.73612137264724,4.3399604218975925e-4,0.7094838969313684,56.3266103316401
10832,4,0.706160992,49.951283255299984,4.541353300547296e-4,0.7424070092338863,58.940407946483134
10855,4,0.706141226,50.09479136760685,4.554400433613912e-4,0.7445399159685144,59.10974146770152
10870,3,0.708830614,61.63072196030325,5.603197042186879e-4,0.9159940843485572,72.72165313172663
10871,3,0.709480787,61.547127567386646,5.595597003760664e-4,0.9147516525392134,72.62301527300816
10878,3,0.706386586,37.16671183235897,3.3790357013994195e-4,0.5523947649851746,43.855152754182505
10889,4,0.708884449,63.573084452383064,5.779788187386939e-4,0.9448626826030387,75.01355896882012
10890,3,0.708582633,43.10126760894761,3.918579687197487e-4,0.6405978204044039,50.8576783282613
10891,3,0.706362119,38.235138916374304,3.476172442403412e-4,0.5682743921806209,45.11585166097692
10918,4,0.708888318,63.59714874415076,5.781976008073866e-4,0.9452203410597648,75.04195381838748
10921,5,0.708807357,59.07720771640892,5.371042639261233e-4,0.8780421690162407,69.70861399791583
10925,5,0.708141454,46.8730388642942,4.261492716114722e-4,0.6966562284113514,55.30820936536653
10939,5,0.707744295,44.81645120821515,4.0745167160775565e-4,0.6660899447951046,52.88152265128418
10941,4,0.708888163,63.596211928411805,5.781890836863622e-4,0.9452064175221572,75.04084841531821
10942,5,0.70581781,52.648272640739684,4.7865518389814024e-4,0.7824913412688872,62.12274169740403
10943,3,0.709465318,62.48816481125389,5.681152014860824e-4,0.9287379327760289,73.73339954007268
10946,5,0.707735191,44.79748604965656,4.0727924863921e-4,0.6658080728245055,52.859144563888506
10948,4,0.709453642,64.18852811049804,5.835741646556274e-4,0.9540097886591101,75.73975653399525
10949,4,0.708197934,0,0,0,0
10952,5,0.708799844,59.0220131208061,5.366024586819373e-4,0.877221832640938,69.64348670249392
10954,5,0.707724067,45.56624427418042,4.1426846387602545e-4,0.6772338352293612,53.76624685261384
10959,5,0.707714483,45.5389606382698,4.1402041293134734e-4,0.6768283288796264,53.73405331270784
10967,4,0.708197965,0,0,0,0
10969,3,0.706580751,23.881329232841924,2.1711865294575e-4,0.35493915384852065,28.17896149121711
10970,3,0.706781761,17.9137792050394,1.6286428499201654e-4,0.2662457173665982,21.13750409197386
10981,5,0.707645089,43.629803246705755,3.966631847353656e-4,0.648453245461175,51.48132809406415
10414,2,0.706680121,0,0,0,0
10415,1,0.707374431,0,0,0,0
10416,2,0.706717243,0,0,0,0
10419,1,0.709587983,0,0,0,0
10420,1,0.708622965,0,0,0,0
10425,1,0.709246733,0,0,0,0
10426,1,0.707063484,0,0,0,0
10427,1,0.70629141,0,0,0,0
10428,2,0.707423014,0,0,0,0
10430,2,0.70603049,0,0,0,0
10433,1,0.709182198,0,0,0,0
10434,1,0.707493927,0,0,0,0
10435,2,0.708606135,0,0,0,0
10436,1,0.708964652,0,0,0,0
10437,1,0.707378493,0,0,0,0
10439,2,0.704737722,0,0,0,0
10440,1,0.706724691,0,0,0,0
10443,1,0.704512704,0,0,0,0
10445,1,0.707362334,0,0,0,0
10453,2,0.708615161,0,0,0,0
10454,1,0.707416027,0,0,0,0
10479,2,0.705967592,0,0,0,0
10481,1,0.708620601,0,0,0,0
10482,1,0.708793059,0,0,0,0
10483,1,0.709111657,0,0,0,0
10484,2,0.706112883,0,0,0,0
10486,2,0.707525074,0,0,0,0
10487,1,0.704600738,0,0,0,0
10488,1,0.704785687,0,0,0,0
10489,1,0.707061454,0,0,0,0
10490,2,0.706059934,0,0,0,0
10491,1,0.707431291,0,0,0,0
10492,1,0.706152524,0,0,0,0
10493,1,0.704791993,0,0,0,0
10495,1,0.706696204,0,0,0,0
10496,1,0.707641433,0,0,0,0
10497,1,0.706784365,0,0,0,0
10498,2,0.706716141,0,0,0,0
10499,2,0.706715326,0,0,0,0
10501,1,0.708846291,0,0,0,0
10503,1,0.706844276,0,0,0,0
10504,1,0.709718981,0,0,0,0
10509,1,0.709239155,0,0,0,0
10510,2,0.708632461,0,0,0,0
10752,1,0.705196368,0,0,0,0
10753,1,0.709079178,0,0,0,0
10754,1,0.709657776,0,0,0,0
10665,1,0.706259638,0,0,0,0
10666,1,0.707382271,0,0,0,0
11037,1,0.704721851,0,0,0,0
11038,1,0.706929792,0,0,0,0
11039,1,0.706714432,0,0,0,0
10875,1,0.709761229,0,0,0,0
10877,1,0.708936237,0,0,0,0
11028,1,0.708604042,0,0,0,0
11815,1,0.709305968,0,0,0,0
11816,1,0.706585833,0,0,0,0
11148,1,0.709887302,0,0,0,0
11149,1,0.709351592,0,0,0,0
11150,2,0.708051933,0,0,0,0
10512,2,0.708933824,0,0,0,0
10514,1,0.707901249,0,0,0,0
10515,2,0.70741951,0,0,0,0
10516,1,0.707475502,0,0,0,0
10517,2,0.706184042,0,0,0,0
10518,2,0.707108025,0,0,0,0
10520,2,0.709121332,0,0,0,0
10521,1,0.709718718,0,0,0,0
10523,1,0.709373566,0,0,0,0
10525,1,0.708388333,0,0,0,0
10526,2,0.70675482,0,0,0,0
10530,1,0.708873918,0,0,0,0
10531,2,0.707143696,0,0,0,0
10534,1,0.70740008,0,0,0,0
10535,1,0.707212224,0,0,0,0
10627,1,0.709255979,0,0,0,0
10628,1,0.709502611,0,0,0,0
10804,1,0.704707851,0,0,0,0
10805,1,0.70819893,0,0,0,0
10833,1,0.708446549,0,0,0,0
10834,1,0.70667132,0,0,0,0
11133,1,0.708870444,0,0,0,0
11134,1,0.709671916,0,0,0,0
11135,2,0.709447542,0,0,0,0
11232,1,0.709064219,0,0,0,0
11233,2,0.709438277,0,0,0,0
11234,2,0.708673908,0,0,0,0
11235,1,0.707011601,0,0,0,0
11236,1,0.708607102,0,0,0,0
11237,2,0.707537153,0,0,0,0
10546,1,0.706729758,0,0,0,0
10547,2,0.709567741,0,0,0,0
10548,2,0.705853802,0,0,0,0
10549,1,0.707058223,0,0,0,0
10550,2,0.709078325,0,0,0,0
10551,1,0.709614598,0,0,0,0
10552,1,0.70908408,0,0,0,0
10553,2,0.709707708,0,0,0,0
10866,2,0.706808608,0,0,0,0
10868,1,0.709274858,0,0,0,0
10905,1,0.707601372,0,0,0,0
10907,2,0.707376498,0,0,0,0
10983,2,0.70959887,0,0,0,0
10984,1,0.708706021,0,0,0,0
11043,1,0.709177285,0,0,0,0
11044,2,0.707454953,0,0,0,0
11045,2,0.709167127,0,0,0,0
11166,2,0.707336272,0,0,0,0
11167,1,0.707448246,0,0,0,0
11168,2,0.709127566,0,0,0,0
10557,1,0.709054398,0,0,0,0
10558,1,0.706702566,0,0,0,0
10566,1,0.70969291,0,0,0,0
10567,1,0.708939732,0,0,0,0
10568,1,0.705463199,0,0,0,0
10570,1,0.706686533,0,0,0,0
10571,2,0.708561114,0,0,0,0
10572,2,0.705621041,0,0,0,0
10573,1,0.709189069,0,0,0,0
10574,2,0.705670093,0,0,0,0
10576,1,0.708920782,0,0,0,0
10578,1,0.70746652,0,0,0,0
10580,2,0.704777475,0,0,0,0
10581,2,0.704956127,0,0,0,0
10582,1,0.709863552,0,0,0,0
10583,1,0.708561571,0,0,0,0
10584,2,0.706360961,0,0,0,0
10585,1,0.707091003,0,0,0,0
10586,1,0.704776821,0,0,0,0
10590,2,0.70902875,0,0,0,0
10592,2,0.707498448,0,0,0,0
10596,1,0.708554584,0,0,0,0
10597,2,0.709679526,0,0,0,0
10598,1,0.709053474,0,0,0,0
10599,1,0.709097586,0,0,0,0
10600,1,0.708693699,0,0,0,0
10601,2,0.708095982,0,0,0,0
10609,2,0.708450542,0,0,0,0
10610,1,0.708155321,0,0,0,0
10611,2,0.707494635,0,0,0,0
10612,1,0.707030313,0,0,0,0
10617,1,0.708648968,0,0,0,0
10618,1,0.708859759,0,0,0,0
10620,2,0.707395538,0,0,0,0
10621,2,0.708899408,0,0,0,0
10624,2,0.707101116,0,0,0,0
10625,1,0.707357802,0,0,0,0
10629,1,0.704970945,0,0,0,0
10630,2,0.709293807,0,0,0,0
10632,1,0.708968231,0,0,0,0
10633,1,0.70669583,0,0,0,0
10634,1,0.707182984,0,0,0,0
10635,2,0.708458986,0,0,0,0
10636,2,0.706571412,0,0,0,0
10637,1,0.707383546,0,0,0,0
10638,1,0.706691816,0,0,0,0
10642,1,0.709811531,0,0,0,0
10643,1,0.708275482,0,0,0,0
10645,1,0.707344475,0,0,0,0
10647,1,0.705168489,0,0,0,0
10654,1,0.706830664,0,0,0,0
10655,1,0.706682542,0,0,0,0
10732,2,0.706752944,0,0,0,0
10733,2,0.709859423,0,0,0,0
10779,1,0.707060716,0,0,0,0
10780,2,0.708202764,0,0,0,0
10781,1,0.7073769,0,0,0,0
10839,1,0.708620253,0,0,0,0
10840,1,0.709854762,0,0,0,0
10841,1,0.708724131,0,0,0,0
10893,1,0.709850972,0,0,0,0
10894,1,0.708183025,0,0,0,0
10895,2,0.707818591,0,0,0,0
10995,2,0.707470322,0,0,0,0
10997,2,0.705086079,0,0,0,0
11132,1,0.707234661,0,0,0,0
11138,1,0.70789672,0,0,0,0
10657,1,0.708880108,0,0,0,0
10668,1,0.709526302,0,0,0,0
10669,1,0.709447094,0,0,0,0
10672,1,0.705938611,0,0,0,0
10674,1,0.70921466,0,0,0,0
10675,2,0.709137506,0,0,0,0
10676,2,0.708213873,0,0,0,0
10677,2,0.70912361,0,0,0,0
10678,1,0.709053805,0,0,0,0
10681,2,0.706655212,0,0,0,0
10683,1,0.706492448,0,0,0,0
10707,1,0.707110292,0,0,0,0
10708,1,0.706741198,0,0,0,0
10709,2,0.70824318,0,0,0,0
10713,1,0.708224058,0,0,0,0
10714,1,0.707073921,0,0,0,0
10715,2,0.708839409,0,0,0,0
10716,2,0.705943316,0,0,0,0
10717,1,0.709809354,0,0,0,0
10721,1,0.709871056,0,0,0,0
10722,1,0.706678246,0,0,0,0
10723,1,0.707535844,0,0,0,0
10724,1,0.709864168,0,0,0,0
10729,1,0.706762282,0,0,0,0
10730,1,0.707001174,0,0,0,0
10750,1,0.709877606,0,0,0,0
10751,2,0.708831102,0,0,0,0
10755,2,0.709009803,0,0,0,0
10756,1,0.705900174,0,0,0,0
10757,2,0.709856657,0,0,0,0
10759,1,0.707273203,0,0,0,0
10760,2,0.70824246,0,0,0,0
10762,1,0.706670294,0,0,0,0
10763,1,0.706676307,0,0,0,0
10764,1,0.708885937,0,0,0,0
10765,1,0.70964478,0,0,0,0
10766,1,0.709119415,0,0,0,0
10767,2,0.707191913,0,0,0,0
10768,1,0.708644453,0,0,0,0
10769,2,0.705768836,0,0,0,0
10771,1,0.708367068,0,0,0,0
10773,2,0.707391374,0,0,0,0
10774,1,0.709775673,0,0,0,0
10775,1,0.706759204,0,0,0,0
10776,2,0.707373156,0,0,0,0
10777,2,0.707192578,0,0,0,0
10778,2,0.706820105,0,0,0,0
10842,2,0.70961302,0,0,0,0
10843,1,0.706633236,0,0,0,0
10844,1,0.707397003,0,0,0,0
10851,2,0.707688396,0,0,0,0
10852,1,0.707192298,0,0,0,0
10853,1,0.708960351,0,0,0,0
10932,2,0.706803999,0,0,0,0
10934,2,0.707082333,0,0,0,0
11040,1,0.708639249,0,0,0,0
11041,1,0.708855362,0,0,0,0
11042,2,0.708621536,0,0,0,0
10899,1,0.706767773,0,0,0,0
11609,1,0.7075116,0,0,0,0
11610,1,0.707050926,0,0,0,0
12195,1,0.707793001,0,0,0,0
10974,1,0.709888484,0,0,0,0
10976,1,0.705500257,0,0,0,0
10977,1,0.709097006,0,0,0,0
10979,1,0.706637175,0,0,0,0
10782,1,0.707164271,0,0,0,0
10784,2,0.704668115,0,0,0,0
10789,1,0.707604583,0,0,0,0
10790,1,0.706790431,0,0,0,0
10791,1,0.708205167,0,0,0,0
10792,1,0.709707834,0,0,0,0
10793,1,0.708817979,0,0,0,0
10794,1,0.709536468,0,0,0,0
10795,1,0.709133041,0,0,0,0
10796,2,0.708440527,0,0,0,0
10872,1,0.709552762,0,0,0,0
10986,1,0.708645667,0,0,0,0
10988,1,0.708172302,0,0,0,0
10989,1,0.706627843,0,0,0,0
10990,1,0.70745623,0,0,0,0
10992,1,0.705119968,0,0,0,0
10993,2,0.708648613,0,0,0,0
10994,2,0.708191023,0,0,0,0
10797,1,0.709887099,0,0,0,0
10798,1,0.706356375,0,0,0,0
10799,2,0.704774135,0,0,0,0
10800,1,0.707389266,0,0,0,0
10801,1,0.708778902,0,0,0,0
10802,1,0.708440525,0,0,0,0
10809,1,0.707255037,0,0,0,0
10810,2,0.70928603,0,0,0,0
10811,1,0.708947354,0,0,0,0
10957,1,0.70874035,0,0,0,0
10958,1,0.707035359,0,0,0,0
11085,2,0.707512025,0,0,0,0
11086,1,0.709203617,0,0,0,0
11088,1,0.709378244,0,0,0,0
11089,1,0.709096998,0,0,0,0
11090,1,0.707438003,0,0,0,0
11229,1,0.706386417,0,0,0,0
11230,1,0.707374387,0,0,0,0
11448,1,0.708553702,0,0,0,0
11450,2,0.706665082,0,0,0,0
10812,2,0.70738996,0,0,0,0
10813,1,0.706846277,0,0,0,0
10815,1,0.706651184,0,0,0,0
10816,1,0.70729799,0,0,0,0
10817,1,0.707023807,0,0,0,0
10822,1,0.706665643,0,0,0,0
10823,2,0.709248897,0,0,0,0
10824,2,0.704891704,0,0,0,0
10825,1,0.709377568,0,0,0,0
10826,1,0.70948045,0,0,0,0
10827,1,0.709481613,0,0,0,0
10828,1,0.70903378,0,0,0,0
10829,2,0.706663356,0,0,0,0
10830,1,0.708790856,0,0,0,0
10831,2,0.709836773,0,0,0,0
10836,1,0.707378328,0,0,0,0
10837,1,0.706643622,0,0,0,0
10838,1,0.707136442,0,0,0,0
10845,2,0.704991529,0,0,0,0
10846,1,0.707601877,0,0,0,0
10847,1,0.707888412,0,0,0,0
10848,2,0.707486199,0,0,0,0
10849,2,0.707116696,0,0,0,0
10850,1,0.709286485,0,0,0,0
10854,1,0.70867787,0,0,0,0
10856,1,0.705796907,0,0,0,0
10857,1,0.706805036,0,0,0,0
10858,2,0.709478202,0,0,0,0
10859,1,0.709114937,0,0,0,0
10860,2,0.707088087,0,0,0,0
10861,1,0.706313194,0,0,0,0
10862,1,0.708634676,0,0,0,0
10863,2,0.709458107,0,0,0,0
10864,1,0.708111591,0,0,0,0
10865,2,0.708952732,0,0,0,0
10869,1,0.706588156,0,0,0,0
10879,1,0.709748698,0,0,0,0
10880,1,0.709167573,0,0,0,0
10892,1,0.706672415,0,0,0,0
10896,1,0.707333622,0,0,0,0
10897,1,0.70747042,0,0,0,0
10898,1,0.704844117,0,0,0,0
10902,2,0.708839326,0,0,0,0
10914,1,0.708200763,0,0,0,0
10915,2,0.706534324,0,0,0,0
10916,2,0.709838032,0,0,0,0
10917,1,0.708844439,0,0,0,0
10919,2,0.709683509,0,0,0,0
10920,1,0.70800282,0,0,0,0
10922,1,0.708532892,0,0,0,0
10923,2,0.707657452,0,0,0,0
10924,2,0.706255848,0,0,0,0
10926,1,0.709080402,0,0,0,0
10927,1,0.706420354,0,0,0,0
10928,2,0.708269318,0,0,0,0
10929,1,0.706639738,0,0,0,0
10930,2,0.70806435,0,0,0,0
10931,2,0.708864831,0,0,0,0
10935,1,0.706601734,0,0,0,0
10936,2,0.707659141,0,0,0,0
10937,1,0.709088935,0,0,0,0
10938,1,0.709102793,0,0,0,0
10940,1,0.70735258,0,0,0,0
10944,1,0.708170036,0,0,0,0
10945,1,0.706224763,0,0,0,0
10947,2,0.709478029,0,0,0,0
10950,1,0.709856046,0,0,0,0
10951,1,0.70889087,0,0,0,0
10953,1,0.709242903,0,0,0,0
10955,1,0.708212237,0,0,0,0
10960,2,0.706286647,0,0,0,0
10961,1,0.708189265,0,0,0,0
10962,2,0.70916019,0,0,0,0
10963,2,0.707464936,0,0,0,0
10964,2,0.706621236,0,0,0,0
10965,2,0.707390196,0,0,0,0
10966,1,0.705331812,0,0,0,0
10968,2,0.707471627,0,0,0,0
10971,2,0.705651532,0,0,0,0
10972,1,0.70742133,0,0,0,0
10973,1,0.709651397,0,0,0,0
10980,1,0.707292878,0,0,0,0
10982,1,0.707619979,0,0,0,0
10998,2,0.709244541,0,0,0,0
10999,1,0.708929494,0,0,0,0
11000,1,0.709889749,0,0,0,0
11001,1,0.707318863,0,0,0,0
11002,1,0.708167562,0,0,0,0
11005,3,0.709203031,63.56625640557294,5.779167411084577e-4,0.9447611999287038,75.00550216150229
11012,5,0.708818033,59.14707252003916,5.377394443176592e-4,0.8790805431386578,69.79105152021172
11013,5,0.707677547,45.40986634818055,4.128467438238246e-4,0.6749096493269011,53.5817274939189
11015,3,0.708641023,48.923421114405734,4.447904547645389e-4,0.7271302834283472,57.727573962070444
11016,5,0.707587549,42.49192134741576,3.863180576791446e-4,0.6315413376450004,50.13867543394546
11019,7,0.708907836,0,0,0,0
11021,4,0.708203058,0,0,0,0
11031,6,0.708266732,44.01742316866265,4.001872563852167e-4,0.6542142935909838,51.938703257211735
11033,5,0.707663393,45.34011417310675,4.122125874021112e-4,0.673872949160072,53.4994228685704
11051,3,0.709335413,63.3271110247816,5.757425353752103e-4,0.9412068726851377,74.72332069620704
11057,4,0.708658382,49.05355139233007,4.4597354262262734e-4,0.729064360475994,57.881122202820315
11295,3,0.706564165,24.02151823355711,2.1839319033419794e-4,0.3570227298843256,28.344378600714215
11411,3,0.707659595,45.31895891852144,4.1202025303355475e-4,0.673558526621496,53.47446056021294
11681,3,0.709054853,63.87605270280699,5.807332742288393e-4,0.9493655849917613,75.37104872906414
12162,7,0.708150912,46.03414517090168,4.185224152125583e-4,0.6841880690891256,54.31835018077709
11066,4,0.706268915,46.5426409403382,4.231454374661455e-4,0.6917456491710227,54.91835374698116
11070,3,0.705196447,22.79699055140853,2.0726031752587635e-4,0.338823038605492,26.89948757041339
11074,4,0.706260564,47.43703015823892,4.3127683502389765e-4,0.7050386174609264,55.97369531041158
11077,3,0.708953461,61.58262988211718,5.598824719720523e-4,0.9152793100002893,72.66490650736478
11153,3,0.708831939,61.64001321521513,5.604041762650709e-4,0.916132176752228,72.7326164207385
11265,5,0.709233286,63.56146375461889,5.778731684116016e-4,0.9446899685722856,74.99984703546814
11267,4,0.705335342,26.48400957148932,2.4078108997619766e-4,0.3936218062306701,31.25001454365079
11565,4,0.708006348,0,0,0,0
11589,3,0.70984272,36.01674330164856,3.2744855669058646e-4,0.5353032181427374,42.49823837864445
11671,3,0.706529483,27.55229295894612,2.504934576500192e-4,0.4094992977185769,32.51054389456539
11093,3,0.705364545,29.891454505100207,2.7176009649460393e-4,0.44426537006789757,35.270655883648665
11102,4,0.708187105,0,0,0,0
11106,3,0.706606098,22.882216513264993,2.080351548832892e-4,0.34008971980620417,27.00005061168257
11117,3,0.7091584,65.89932615653213,5.991279960020972e-4,0.9794367322326686,77.75842608912818
11120,3,0.709168848,65.9153267812359,5.992734667189112e-4,0.9796745434590888,77.77730615158062
11121,5,0.707554333,43.040074579273,3.91301628323321e-4,0.6396883315747679,50.785473133570534
11124,3,0.708008697,49.89351118077558,4.536100914938303e-4,0.741548364765321,58.872239334618264
11126,3,0.709148446,65.08295134577622,5.917058714845721e-4,0.9673032625364147,76.79513823649667
11128,3,0.708171753,0,0,0,0
11647,3,0.706615963,22.80317482043446,2.0731654220865144e-4,0.33891495305438357,26.906784747092036
11612,4,0.707970006,0,0,0,0
11613,4,0.708059313,0,0,0,0
12889,7,0.709005826,61.96867836154011,5.633922567502293e-4,0.921017002374734,73.12042743458525
13113,6,0.709187606,64.35075462989968,5.850490575739044e-4,0.9564208999907619,75.93117698628676
13117,5,0.709946786,30.358250827644504,2.760040055233974e-4,0.4512031870599108,35.82145586085965
13118,3,0.709708749,44.481281680360205,4.044044561162388e-4,0.6611084470127684,52.486036741502176
13219,7,0.70913812,65.05738046585054,5.91473392171969e-4,0.966923212230358,76.76496567643116
13225,4,0.706606022,22.882812833050014,2.0804057636327408e-4,0.3400985826813756,27.00075424388389
13226,3,0.709574369,56.57556944941415,5.143604574406578e-4,0.8408612666860171,66.75678632939321
13227,7,0.709332483,64.13535582341424,5.830907453604484e-4,0.9532195090895895,75.67701547735115
11966,7,0.708668914,0,0,0,0
11407,3,0.708944219,62.32293287292578,5.666129846067942e-4,0.9262821530408591,73.53843282017739
11142,5,0.705777481,50.00615172951016,4.546341703451318e-4,0.7432224985904141,59.005150432413274
11155,5,0.708804218,59.054751555208746,5.369001022807401e-4,0.8777084115952293,69.68211667460812
11193,3,0.708844745,60.92800081207161,5.539308693421635e-4,0.9055498060040426,71.89247180844202
11194,5,0.708854829,60.19202699241875,5.472397156476439e-4,0.8946113057951426,71.02405373504511
11770,3,0.706693876,20.716076759219543,1.8834155487865416e-4,0.30789520483920624,24.444097041481008
11771,3,0.709448065,64.23581769129817,5.840041009452529e-4,0.9547126357925925,75.7955562452806
11886,7,0.708704022,0,0,0,0
11887,4,0.706298046,44.605511705466,4.0553390144331444e-4,0.6629548308368729,52.63262293272201
11158,3,0.708846862,60.9415513475798,5.540540649142167e-4,0.905751202482462,71.90846086895652
11165,5,0.707479279,38.41075067673431,3.4921382994455575e-4,0.5708844432803859,45.32306613318411
11180,3,0.707843892,44.78292433549332,4.071468598708597e-4,0.6655916475806134,52.84196235519939
11181,3,0.706604054,22.89818688910559,2.0818035059060264e-4,0.3403270814552245,27.018894981751956
11182,5,0.70815146,46.03185248182619,4.185015710811936e-4,0.6841539937195112,54.31564490434379
11186,3,0.70949148,59.85400193192731,5.441665388960384e-4,0.8895873673124625,70.62519841716123
11200,4,0.708809732,59.09362081060768,5.372534846360914e-4,0.8782861106205854,69.72798075697975
11206,3,0.707748824,44.02528389861243,4.002587227211658e-4,0.6543311246438034,51.947978587089224
11209,3,0.70817295,0,0,0,0
11329,7,0.708839808,0,0,0,0
11330,3,0.705517206,37.78505413193898,3.435252692436736e-4,0.5615849524517855,44.58477059405942
11597,3,0.706825402,16.20619344078197,1.4733965831357126e-4,0.2408665167207727,19.12262489388516
11717,3,0.707516658,39.5318646111902,3.5940650996142123e-4,0.5875471351843325,46.64593330185301
11215,5,0.707472832,38.3469975860744,3.4863421458771154e-4,0.5699369052336788,45.24784017448073
11216,4,0.708180717,0,0,0,0
11220,3,0.708696408,50.93824277711812,4.631083365318751e-4,0.7570758148996579,60.10497856512595
11224,4,0.708800188,59.02464887719608,5.366264218320329e-4,0.8772610068901472,69.64659678389222
11559,6,0.707521553,40.37246724898597,3.67048903339168e-4,0.600040693900141,47.63780896877726
11737,3,0.705816711,52.642294133450726,4.7860082991153634e-4,0.7824024849787816,62.11568731089866
11741,4,0.706268903,0,0,0,0
11764,3,0.707447474,36.49774803418866,3.318216423999873e-4,0.5424522093525789,43.06580368052475
11766,3,0.709139782,65.06223124280842,5.915174933251572e-4,0.9669953074915619,76.77068938869884
11806,3,0.706529977,27.547335870556566,2.5044838995955777e-4,0.4094256223908183,32.50469473929117
11807,7,0.708714903,0,0,0,0
11244,3,0.709499603,59.77956747955694,5.434898132467314e-4,0.8884810762310941,70.53736890204028
11246,5,0.707879992,0,0,0,0
11253,4,0.708748928,56.17587902894462,5.107266460710494e-4,0.8349208193072458,66.28516848697721
11259,5,0.709215509,64.37227995737162,5.852447564841014e-4,0.9567408227825257,75.95657596504559
11268,7,0.708863905,0,0,0,0
11270,5,0.707438421,36.403922941219534,3.309686254845825e-4,0.5410577225221548,42.955094027142025
11274,3,0.706791505,17.081400094504666,1.552966563454943e-4,0.25387438182267524,20.155331840456324
11276,5,0.709224211,64.36911554926154,5.852159870626203e-4,0.9566937913829721,75.95284209690924
11280,3,0.708175784,0,0,0,0
11290,3,0.705699228,46.19333713737223,4.199697192961325e-4,0.6865540790095799,54.506189988567854
11293,3,0.707608391,42.62508996753289,3.8752876882225433e-4,0.6335205724222065,50.2958087903651
11309,4,0.7062407,47.646154210655965,4.33178099903949e-4,0.7081467490682828,56.220452874133926
11311,4,0.707876298,0,0,0,0
11332,3,0.707639887,43.60122220427354,3.964033383351856e-4,0.6480284562495658,51.4476036691704
11333,4,0.705343753,27.333229755344057,2.485018303326146e-4,0.40624344427056475,32.25205855154872
11334,3,0.707719583,45.55430831405892,4.141599473207732e-4,0.6770564355735638,53.752162922973866
11337,5,0.707411849,36.12711826923751,3.2845203786402503e-4,0.5369436794931134,42.628476186220354
11350,4,0.706254936,47.49918937348621,4.318419595590972e-4,0.7059624663408883,56.047040563336985
11358,3,0.708865317,61.0555918570402,5.550908715992164e-4,0.9074461433937352,72.0430238613759
11373,5,0.709231164,63.563391077907475,5.77890690796228e-4,0.944718613648553,75.00212119567925
11376,4,0.705429893,31.299343081830454,2.8456000676329224e-4,0.46519028489426395,36.931905037780645
11383,3,0.707614077,42.65634011776449,3.8781288158903064e-4,0.6339850315723945,50.33268264991393
11386,3,0.706800228,17.856951369151872,1.6234763103789934e-4,0.2654011067593618,21.070449641884803
11387,3,0.70888647,63.58583135834053,5.780947080605874e-4,0.9450521350397358,75.0285997803514
11420,3,0.708940877,62.300946012825314,5.664130896427837e-4,0.9259553706643944,73.51248925237833
11421,6,0.707549153,42.19671685107105,3.8363418686253407e-4,0.6271538249934527,49.79034657614085
11423,4,0.705816017,52.638467773159704,4.7856604230888777e-4,0.7823456152346073,62.11117236710131
11425,3,0.708890957,63.61274953185654,5.78339436380212e-4,0.94545220966028,75.06036209004219
11427,3,0.708958999,60.819511015274486,5.529445273211944e-4,0.9039373632333356,71.76445842290853
11430,3,0.708954049,60.78643144059079,5.526437822234104e-4,0.9034457140402181,71.72542591964755
11438,4,0.708554666,43.78741262626972,3.980961006274795e-4,0.650795733991675,51.667300516038054
11443,4,0.708686486,50.070110629411964,4.5521565683004134e-4,0.744173095501955,59.08061923734375
11444,4,0.708641108,48.924011559444516,4.4479582283388745e-4,0.7271390589893896,57.72827066231892
11455,3,0.708908933,62.91214822960854,5.719698742208773e-4,0.9350394377839516,74.23368209563078
11459,3,0.709440319,63.49689144320327,5.772861050561468e-4,0.94373025475768,74.92365443081707
11461,4,0.708507781,43.62693120266805,3.966370733608023e-4,0.6484105593581269,51.47793920320508
11003,1,0.707481307,0,0,0,0
11004,1,0.709885291,0,0,0,0
11006,1,0.707442071,0,0,0,0
11007,2,0.707252253,0,0,0,0
11008,1,0.707400916,0,0,0,0
11009,1,0.706596661,0,0,0,0
11010,2,0.708948489,0,0,0,0
11011,1,0.706628408,0,0,0,0
11014,1,0.708057444,0,0,0,0
11017,2,0.709091571,0,0,0,0
11018,2,0.706628646,0,0,0,0
11020,2,0.708943299,0,0,0,0
11022,2,0.707661209,0,0,0,0
11023,1,0.708981312,0,0,0,0
11024,1,0.708647017,0,0,0,0
11025,1,0.708597796,0,0,0,0
11026,2,0.708046051,0,0,0,0
11027,1,0.707355233,0,0,0,0
11032,2,0.707380577,0,0,0,0
11034,1,0.707322717,0,0,0,0
11035,1,0.707789605,0,0,0,0
11036,1,0.706471258,0,0,0,0
11046,1,0.706993459,0,0,0,0
11047,2,0.709082363,0,0,0,0
11048,1,0.708170145,0,0,0,0
11049,1,0.706626083,0,0,0,0
11050,1,0.708921291,0,0,0,0
11052,2,0.709096051,0,0,0,0
11053,2,0.708944837,0,0,0,0
11054,1,0.707434936,0,0,0,0
11055,1,0.709322771,0,0,0,0
11056,2,0.70820186,0,0,0,0
11061,2,0.709168022,0,0,0,0
11062,2,0.709138268,0,0,0,0
11063,1,0.705382692,0,0,0,0
11103,1,0.707410944,0,0,0,0
11104,1,0.709459121,0,0,0,0
11105,2,0.707474509,0,0,0,0
11296,1,0.705755791,0,0,0,0
11297,2,0.708128241,0,0,0,0
11409,1,0.707244931,0,0,0,0
11410,1,0.706741729,0,0,0,0
11680,1,0.706789366,0,0,0,0
11682,1,0.709846047,0,0,0,0
11734,2,0.709299537,0,0,0,0
11735,1,0.707493601,0,0,0,0
11736,2,0.709263016,0,0,0,0
12163,2,0.707419851,0,0,0,0
12164,1,0.70731893,0,0,0,0
12049,2,0.706945229,0,0,0,0
12050,2,0.706813699,0,0,0,0
12051,1,0.707020225,0,0,0,0
11064,1,0.709736693,0,0,0,0
11065,1,0.707479881,0,0,0,0
11067,1,0.709325065,0,0,0,0
11068,1,0.70647642,0,0,0,0
11069,1,0.709576958,0,0,0,0
11071,2,0.704773182,0,0,0,0
11072,2,0.708964895,0,0,0,0
11073,1,0.709412065,0,0,0,0
11075,2,0.709624092,0,0,0,0
11076,2,0.709292298,0,0,0,0
11078,1,0.709037278,0,0,0,0
11202,2,0.7090761,0,0,0,0
11203,2,0.706435633,0,0,0,0
11204,2,0.706563506,0,0,0,0
11266,1,0.70785106,0,0,0,0
11560,1,0.707089622,0,0,0,0
11561,1,0.7079441,0,0,0,0
11562,2,0.707093023,0,0,0,0
11563,1,0.707078028,0,0,0,0
11564,2,0.707965821,0,0,0,0
11587,1,0.706953381,0,0,0,0
11588,2,0.707496665,0,0,0,0
11672,2,0.706848213,0,0,0,0
11673,1,0.70653039,0,0,0,0
11091,1,0.707495342,0,0,0,0
11092,2,0.706692587,0,0,0,0
11094,1,0.70815118,0,0,0,0
11095,1,0.708911582,0,0,0,0
11096,1,0.706617543,0,0,0,0
11097,2,0.707465856,0,0,0,0
11098,2,0.707433955,0,0,0,0
11099,1,0.706472888,0,0,0,0
11100,1,0.70743875,0,0,0,0
11101,2,0.708711414,0,0,0,0
11107,2,0.709467971,0,0,0,0
11108,1,0.707364703,0,0,0,0
11109,2,0.708189812,0,0,0,0
11110,2,0.709083643,0,0,0,0
11111,2,0.708164634,0,0,0,0
11112,1,0.707052997,0,0,0,0
11113,1,0.709812596,0,0,0,0
11114,1,0.707428242,0,0,0,0
11115,1,0.70954682,0,0,0,0
11116,1,0.707416311,0,0,0,0
11118,1,0.708210256,0,0,0,0
11119,1,0.70742665,0,0,0,0
11122,2,0.707318022,0,0,0,0
11123,1,0.706610846,0,0,0,0
11125,1,0.70662706,0,0,0,0
11127,2,0.70945875,0,0,0,0
11129,1,0.70667813,0,0,0,0
11379,1,0.70665665,0,0,0,0
11278,1,0.704692607,0,0,0,0
11279,1,0.709353361,0,0,0,0
11648,2,0.707484947,0,0,0,0
11649,1,0.706986927,0,0,0,0
11683,2,0.707705559,0,0,0,0
11684,1,0.708100996,0,0,0,0
11685,1,0.706461794,0,0,0,0
11611,1,0.706711937,0,0,0,0
11614,1,0.706550146,0,0,0,0
11615,1,0.706814803,0,0,0,0
11616,1,0.707334258,0,0,0,0
11617,2,0.708979768,0,0,0,0
11618,2,0.709815748,0,0,0,0
12884,1,0.707618907,0,0,0,0
12885,1,0.707289812,0,0,0,0
12886,1,0.707829562,0,0,0,0
12887,1,0.707643779,0,0,0,0
12888,1,0.707666748,0,0,0,0
12890,1,0.709488594,0,0,0,0
12891,1,0.706589186,0,0,0,0
13111,2,0.709722949,0,0,0,0
13112,1,0.709504541,0,0,0,0
13114,1,0.70766908,0,0,0,0
13115,1,0.709598939,0,0,0,0
13116,1,0.7055869,0,0,0,0
13218,2,0.705992821,0,0,0,0
13220,2,0.707774722,0,0,0,0
13221,1,0.707704365,0,0,0,0
13228,1,0.707281552,0,0,0,0
13843,2,0.708646973,0,0,0,0
13844,1,0.707933144,0,0,0,0
13845,1,0.709752913,0,0,0,0
13846,2,0.70937347,0,0,0,0
13847,2,0.708063276,0,0,0,0
13914,2,0.7070402,0,0,0,0
13918,1,0.707981336,0,0,0,0
13919,1,0.707325638,0,0,0,0
11380,1,0.709235208,0,0,0,0
11381,2,0.708161457,0,0,0,0
11719,1,0.709678409,0,0,0,0
11720,1,0.709621394,0,0,0,0
11721,1,0.709751062,0,0,0,0
11965,1,0.70666925,0,0,0,0
11967,1,0.70778211,0,0,0,0
11213,2,0.708069121,0,0,0,0
11397,1,0.705757476,0,0,0,0
11398,1,0.70748015,0,0,0,0
11399,2,0.707237762,0,0,0,0
11400,1,0.706454491,0,0,0,0
11401,2,0.706656518,0,0,0,0
11402,1,0.708856095,0,0,0,0
11403,1,0.706741118,0,0,0,0
11404,1,0.705280235,0,0,0,0
11405,1,0.706647388,0,0,0,0
11406,2,0.706603312,0,0,0,0
11408,2,0.705327895,0,0,0,0
11566,1,0.707117082,0,0,0,0
11567,1,0.708113441,0,0,0,0
11568,1,0.707062791,0,0,0,0
11143,1,0.70745409,0,0,0,0
11144,1,0.708011277,0,0,0,0
11145,1,0.709351506,0,0,0,0
11146,2,0.709441302,0,0,0,0
11147,1,0.707753336,0,0,0,0
11154,2,0.707456941,0,0,0,0
11156,1,0.709498401,0,0,0,0
11195,1,0.705372932,0,0,0,0
11316,2,0.708203762,0,0,0,0
11317,1,0.708141414,0,0,0,0
11318,1,0.708829772,0,0,0,0
11277,1,0.709292848,0,0,0,0
11772,1,0.708100471,0,0,0,0
11888,1,0.708036395,0,0,0,0
11157,1,0.709615638,0,0,0,0
11159,1,0.709476264,0,0,0,0
11163,1,0.706607958,0,0,0,0
11164,2,0.70677158,0,0,0,0
11169,1,0.707293336,0,0,0,0
11170,1,0.70918845,0,0,0,0
11171,2,0.708155969,0,0,0,0
11172,2,0.7082556,0,0,0,0
11173,1,0.708587087,0,0,0,0
11174,2,0.708869186,0,0,0,0
11175,1,0.709836512,0,0,0,0
11176,2,0.708856124,0,0,0,0
11177,1,0.709882525,0,0,0,0
11178,2,0.709150023,0,0,0,0
11179,2,0.709074186,0,0,0,0
11183,1,0.708853654,0,0,0,0
11184,1,0.708868251,0,0,0,0
11185,1,0.70597038,0,0,0,0
11187,2,0.70645372,0,0,0,0
11188,1,0.709150251,0,0,0,0
11189,1,0.70807481,0,0,0,0
11190,1,0.707424906,0,0,0,0
11191,1,0.708144568,0,0,0,0
11192,2,0.708619112,0,0,0,0
11196,1,0.706219226,0,0,0,0
11197,1,0.706656787,0,0,0,0
11198,2,0.705128878,0,0,0,0
11199,2,0.708175591,0,0,0,0
11201,1,0.708176537,0,0,0,0
11205,1,0.708181141,0,0,0,0
11207,1,0.708903333,0,0,0,0
11208,1,0.706636786,0,0,0,0
11210,2,0.708053802,0,0,0,0
11325,2,0.707615689,0,0,0,0
11326,1,0.709234937,0,0,0,0
11327,1,0.707500091,0,0,0,0
11328,1,0.70766392,0,0,0,0
11596,1,0.706776958,0,0,0,0
11642,2,0.706940912,0,0,0,0
11643,1,0.706954021,0,0,0,0
11716,1,0.706992947,0,0,0,0
11718,2,0.706466694,0,0,0,0
11214,1,0.709144806,0,0,0,0
11217,1,0.707488259,0,0,0,0
11218,1,0.709839355,0,0,0,0
11219,1,0.706618647,0,0,0,0
11221,1,0.709865183,0,0,0,0
11222,1,0.709517497,0,0,0,0
11223,2,0.709049392,0,0,0,0
11225,1,0.708034251,0,0,0,0
11226,1,0.707570261,0,0,0,0
11227,1,0.709441075,0,0,0,0
11228,2,0.707381652,0,0,0,0
11238,1,0.708850462,0,0,0,0
11239,1,0.707329282,0,0,0,0
11240,1,0.70824657,0,0,0,0
11313,2,0.705852492,0,0,0,0
11314,1,0.709528084,0,0,0,0
11315,1,0.708877128,0,0,0,0
11557,2,0.707676969,0,0,0,0
11558,2,0.70578127,0,0,0,0
11738,1,0.708004437,0,0,0,0
11739,1,0.709287963,0,0,0,0
11740,1,0.708075937,0,0,0,0
11742,1,0.709030093,0,0,0,0
11765,2,0.706757251,0,0,0,0
11808,1,0.707533151,0,0,0,0
11241,2,0.707043997,0,0,0,0
11242,2,0.706236241,0,0,0,0
11243,1,0.7074645,0,0,0,0
11245,1,0.709454818,0,0,0,0
11247,1,0.709474024,0,0,0,0
11248,2,0.706585412,0,0,0,0
11249,2,0.708843326,0,0,0,0
11250,2,0.709526964,0,0,0,0
11251,1,0.708157675,0,0,0,0
11252,2,0.709812052,0,0,0,0
11254,1,0.706768421,0,0,0,0
11255,1,0.709615465,0,0,0,0
11256,1,0.705929815,0,0,0,0
11257,1,0.709110476,0,0,0,0
11258,2,0.704905179,0,0,0,0
11260,2,0.706641901,0,0,0,0
11261,1,0.706661815,0,0,0,0
11262,2,0.705149045,0,0,0,0
11263,1,0.705943744,0,0,0,0
11264,1,0.708043593,0,0,0,0
11269,2,0.706717317,0,0,0,0
11271,1,0.706303244,0,0,0,0
11272,1,0.709824988,0,0,0,0
11273,1,0.708886706,0,0,0,0
11275,1,0.708176878,0,0,0,0
11281,1,0.706641234,0,0,0,0
11282,1,0.708710897,0,0,0,0
11283,1,0.708153188,0,0,0,0
11284,1,0.70884055,0,0,0,0
11285,2,0.706553382,0,0,0,0
11286,2,0.707259753,0,0,0,0
11287,1,0.70541625,0,0,0,0
11288,1,0.705713757,0,0,0,0
11289,1,0.706676077,0,0,0,0
11291,2,0.709242111,0,0,0,0
11292,1,0.708129551,0,0,0,0
11294,2,0.707774488,0,0,0,0
11298,2,0.708133423,0,0,0,0
11299,1,0.709872905,0,0,0,0
11300,1,0.707536232,0,0,0,0
11304,2,0.706633667,0,0,0,0
11305,1,0.706868866,0,0,0,0
11306,2,0.708166915,0,0,0,0
11307,1,0.707663306,0,0,0,0
11308,1,0.70686582,0,0,0,0
11310,1,0.705316982,0,0,0,0
11312,1,0.706658476,0,0,0,0
11319,1,0.708584472,0,0,0,0
11320,1,0.706633181,0,0,0,0
11321,1,0.707319918,0,0,0,0
11322,1,0.709120484,0,0,0,0
11323,2,0.706084372,0,0,0,0
11324,2,0.709202881,0,0,0,0
11331,2,0.709546615,0,0,0,0
11335,1,0.706607329,0,0,0,0
11336,1,0.706879128,0,0,0,0
11338,2,0.709534236,0,0,0,0
11339,1,0.707678956,0,0,0,0
11340,1,0.708235149,0,0,0,0
11341,2,0.708885092,0,0,0,0
11342,2,0.708110716,0,0,0,0
11343,1,0.708514729,0,0,0,0
11344,1,0.707246574,0,0,0,0
11345,2,0.706252683,0,0,0,0
11346,1,0.708147222,0,0,0,0
11347,2,0.709777922,0,0,0,0
11348,1,0.708864572,0,0,0,0
11349,1,0.709843824,0,0,0,0
11351,2,0.708613235,0,0,0,0
11352,1,0.706643061,0,0,0,0
11353,1,0.706657271,0,0,0,0
11354,1,0.707283177,0,0,0,0
11355,2,0.706703239,0,0,0,0
11356,1,0.707469829,0,0,0,0
11357,2,0.708173399,0,0,0,0
11359,2,0.707631906,0,0,0,0
11360,1,0.706660531,0,0,0,0
11361,1,0.707418699,0,0,0,0
11362,2,0.708161209,0,0,0,0
11363,1,0.709508536,0,0,0,0
11364,1,0.708204534,0,0,0,0
11365,2,0.70667135,0,0,0,0
11366,2,0.706561553,0,0,0,0
11367,2,0.705323843,0,0,0,0
11368,1,0.708173678,0,0,0,0
11369,1,0.708086233,0,0,0,0
11370,1,0.705265119,0,0,0,0
11371,2,0.708114127,0,0,0,0
11372,1,0.7081676,0,0,0,0
11374,1,0.709554653,0,0,0,0
11375,2,0.70691216,0,0,0,0
11377,1,0.707610604,0,0,0,0
11378,1,0.707522469,0,0,0,0
11382,1,0.707577295,0,0,0,0
11384,2,0.707315068,0,0,0,0
11385,2,0.707479014,0,0,0,0
11388,2,0.707320976,0,0,0,0
11389,2,0.707279917,0,0,0,0
11390,1,0.708152395,0,0,0,0
11391,2,0.707714454,0,0,0,0
11392,1,0.708826591,0,0,0,0
11393,2,0.70816864,0,0,0,0
11394,1,0.708133185,0,0,0,0
11395,1,0.708157787,0,0,0,0
11396,2,0.706971144,0,0,0,0
11412,1,0.706711061,0,0,0,0
11413,1,0.707325701,0,0,0,0
11414,2,0.706415899,0,0,0,0
11415,1,0.708979536,0,0,0,0
11416,1,0.706703838,0,0,0,0
11417,2,0.708204065,0,0,0,0
11418,1,0.708025419,0,0,0,0
11419,1,0.709318306,0,0,0,0
11422,1,0.706626517,0,0,0,0
11424,1,0.708201576,0,0,0,0
11426,2,0.705649798,0,0,0,0
11428,2,0.708634326,0,0,0,0
11429,1,0.70986521,0,0,0,0
11431,1,0.706272553,0,0,0,0
11432,1,0.70631961,0,0,0,0
11433,1,0.709219868,0,0,0,0
11434,1,0.7081903,0,0,0,0
11435,1,0.706927387,0,0,0,0
11436,1,0.707754772,0,0,0,0
11437,1,0.706693584,0,0,0,0
11439,1,0.708767886,0,0,0,0
11440,1,0.707077931,0,0,0,0
11441,2,0.70728278,0,0,0,0
11442,2,0.706708089,0,0,0,0
11445,2,0.708159338,0,0,0,0
11446,1,0.706620375,0,0,0,0
11447,1,0.706736172,0,0,0,0
11451,1,0.708154051,0,0,0,0
11452,1,0.707506388,0,0,0,0
11453,1,0.706652069,0,0,0,0
11454,1,0.708163605,0,0,0,0
11456,2,0.706852622,0,0,0,0
11457,2,0.706610542,0,0,0,0
11458,2,0.708060837,0,0,0,0
11460,1,0.70671464,0,0,0,0
11462,1,0.709068244,0,0,0,0
11463,1,0.706620549,0,0,0,0
11465,3,0.706318961,43.5591991229142,3.960212827666529e-4,0.6474038831031398,51.398018205152816
11467,4,0.708435952,41.09411984943559,3.7360985474085736e-4,0.6107663432506774,48.489328607396914
11472,3,0.708244387,46.46625976291432,4.224510130398084e-4,0.6906104246523009,54.82822717838457
11478,7,0.708829267,0,0,0,0
11479,3,0.708311766,43.23208940741506,3.9304734358168615e-4,0.6425421752600426,51.01204253409272
11553,4,0.707907909,0,0,0,0
11580,3,0.707202318,0,0,0,0
11585,3,0.706665977,20.09637349978631,1.8270748252018591e-4,0.29868478994161696,23.71287332636485
11590,3,0.70667992,20.007660310644066,1.8190094080982764e-4,0.2973662794021764,23.60819550394429
11592,3,0.707141571,0,0,0,0
11594,4,0.707958623,0,0,0,0
11605,3,0.707126915,0,0,0,0
11606,3,0.706534299,26.70647000178298,2.428036034003109e-4,0.3969281513726575,31.51250847091275
11607,4,0.709596519,56.27613957861513,5.116381713582652e-4,0.8364109538938709,66.4034717079038
11625,4,0.709556322,56.78857122593267,5.162969769007704e-4,0.8440270314384142,67.00811944404339
11626,3,0.706703574,20.654035591829402,1.8777750358320094e-4,0.306973110459847,24.37089108004932
11629,6,0.708419444,41.86613724763817,3.8062870096646504e-4,0.6222405455198511,49.400276583633634
11630,3,0.707950543,0,0,0,0
11632,5,0.709209816,64.37017712000534,5.852256384018591e-4,0.956709569106979,75.95409470562369
11636,4,0.709552221,56.83305746104738,5.167014263913562e-4,0.8446882135064461,67.06061132562856
12067,3,0.707709548,44.72547544839245,4.0662455958937366e-4,0.6647378065243509,52.77417509086645
12069,3,0.706585325,23.845813287330824,2.1679575742463886e-4,0.3544112937983144,28.13705417311418
12073,5,0.709113597,65.76303091940207,5.97888859017716e-4,0.9774110277306765,77.5976034564733
12142,4,0.709398061,62.19902937481782,5.654865079210881e-4,0.9244406222638858,73.39223191704635
12148,5,0.709070914,63.15232822977181,5.741534862632189e-4,0.9386091421834895,74.51708436815812
12149,7,0.708597746,43.94546669932289,3.9953305947928e-4,0.6531448318331241,51.853797657577836
11665,3,0.706591513,23.79659668925221,2.1634830153249756e-4,0.3536798061366769,28.07898066269673
11667,3,0.707710693,44.72867680227574,4.066536649057472e-4,0.6647853870349425,52.777952553457304
11668,3,0.706937517,16.174014122771545,1.4704709795769594e-4,0.24038824770171263,19.084654655537527
11675,3,0.707891396,46.21491648956135,4.2016590937554813e-4,0.686874804750259,54.53165271421489
11676,3,0.708066956,0,0,0,0
11677,7,0.708821493,0,0,0,0
11690,3,0.708069254,0,0,0,0
11700,6,0.707425631,37.07171254011906,3.3703987791574344e-4,0.550982826475593,43.74305759517268
11701,3,0.706230923,47.7385045354863,4.3401770886921086e-4,0.7095193169782732,56.3294223632994
11704,3,0.707738663,44.80542262239908,4.0735140450482614e-4,0.6659260311000361,52.86850938506337
11711,3,0.709772121,37.42246730066445,3.402287875606553e-4,0.5561959616701413,44.15693342234721
11724,3,0.706232108,47.727685464084466,4.339193465801613e-4,0.709358517216612,56.316656315252814
11773,4,0.707904406,0,0,0,0
11779,4,0.705840462,53.58020838542412,4.8712793813828604e-4,0.7963423493695834,63.222386579215595
11782,3,0.709208407,64.36914714300977,5.852162742992305e-4,0.9566942609488891,75.95287937619993
11785,3,0.709257568,65.12294013040625,5.920694321125069e-4,0.9678976007008288,76.84232331615382
11786,3,0.706691056,20.733603258217432,1.885008981805355e-4,0.3081556945574956,24.46477757125898
11788,3,0.705848208,53.62155102143144,4.875038073937876e-4,0.7969568093143894,63.27116914641012
11791,4,0.706526595,27.58107389540667,2.5075512139971696e-4,0.4099270578794405,32.54450418598366
11792,7,0.708727574,0,0,0,0
11793,3,0.707248966,0,0,0,0
11794,4,0.706239479,47.65807057123684,4.332864382687071e-4,0.7083238574235293,56.23451367714242
11796,3,0.707863353,45.53239727578086,4.139607416957767e-4,0.6767307801081358,53.726308821728075
11798,3,0.70928467,64.26192264179208,5.84241435795051e-4,0.9551006237872819,75.82635898609648
11839,5,0.706334818,41.76178299771509,3.796799575380086e-4,0.62068956781643,49.277142969027985
11841,7,0.708307484,42.4265173316226,3.8572343282942197e-4,0.6305692625231518,50.06150145319936
11933,3,0.709627979,52.65027280938666,4.78673368561065e-4,0.7825210690181339,62.12510181206638
12310,7,0.708732299,0,0,0,0
12312,3,0.706993422,14.672599258630612,1.3339688738370887e-4,0.21807328707879606,17.31304842598204
12497,7,0.709330345,0,0,0,0
11821,3,0.707893484,0,0,0,0
11823,4,0.706232275,47.72615244156323,4.3390540900652364e-4,0.7093357324833497,56.31484741332068
11824,5,0.705790485,50.89047625271103,4.626740640785267e-4,0.7563658791339376,60.04861608049567
11829,3,0.706651492,20.1825059923934,1.834905616606884e-4,0.2999649445656226,23.814506035694105
11833,7,0.708357667,40.92281559789178,3.720524310323008e-4,0.6082203130234318,48.28719681395819
11834,7,0.708295004,41.61250794825229,3.7832281374832366e-4,0.6184709492784737,49.101004705139935
11844,3,0.707098584,17.30631806192405,1.573415126277081e-4,0.25721725240842885,20.420725557899722
11846,5,0.705790095,50.88805906034262,4.6265208801740286e-4,0.7563299533190231,60.045763895426646
11847,3,0.706056237,51.3460356893839,4.6681581223093337e-4,0.7631366865460314,60.58615700620392
11848,3,0.707810073,0,0,0,0
12036,4,0.706532123,26.727060572590307,2.429908039096914e-4,0.39723418123005594,31.536804476223207
12038,3,0.706020824,53.03441692535582,4.821658396954423e-4,0.7882304575596425,62.578375670712674
12039,3,0.709129125,65.0262384361914,5.911902623903868e-4,0.9664603600352996,76.72821939459874
12041,6,0.708447685,41.106903921898336,3.7372608196444316e-4,0.6109563480790695,48.50441327383722
12043,3,0.709724525,41.89364486571523,3.808787882595301e-4,0.6226493808317161,49.43273441305137
12045,3,0.707749017,0,0,0,0
12046,4,0.709399925,62.18601035492034,5.653681446576678e-4,0.9242471255007327,73.37687002254007
12058,3,0.707748063,0,0,0,0
12059,4,0.706528033,27.56678572892102,2.506252196078115e-4,0.409714698271103,32.52764475201943
12571,3,0.709749186,39.238318579523714,3.5673771718395094e-4,0.5831842716653284,46.29956136243626
12572,4,0.706412637,35.276254156518114,3.207163516217592e-4,0.5242976083609683,41.624492411581635
12661,3,0.706283527,45.57298003876975,4.143297025164687e-4,0.6773339463479908,53.7741947708024
12846,3,0.709459481,63.336796203703265,5.758305888072662e-4,0.9413508198322085,74.73474879893986
12064,3,0.707825833,0,0,0,0
12089,3,0.709696953,46.23010303304656,4.203039788201868e-4,0.6871005165957752,54.54957219515676
13292,4,0.707797941,44.84774082441785,4.0773614318196673e-4,0.6665549905130774,52.918443079014736
12301,5,0.709014991,62.03371091967653,5.63983504468584e-4,0.9219835566620809,73.19716311095964
12494,3,0.707389021,0,0,0,0
13035,5,0.709934322,30.45947808486639,2.7692431969498815e-4,0.4527076894548333,35.940899755933735
13036,6,0.709228011,63.56541472446811,5.77909088910127e-4,0.9447486903411408,75.00450901328975
12679,4,0.7066251,21.939187415112023,1.9946154470090266e-4,0.32607383539334495,25.887316040551354
12289,7,0.708500676,0,0,0,0
12463,3,0.709387482,63.068264765644464,5.73389217829275e-4,0.9373597387463515,74.41789302519028
12792,3,0.707234386,0,0,0,0
13214,3,0.706691649,20.729937027707326,1.8846756640817134e-4,0.30810120476162267,24.460451573850925
13217,3,0.708860734,60.22760370791909,5.475631636630519e-4,0.8951400690466886,71.06603275917286
13498,5,0.708203887,48.22311236299649,4.3842355235012073e-4,0.7167218596243622,56.90123916531277
13500,3,0.707495953,38.56417215853466,3.5060867129265056e-4,0.5731646886721505,45.504097012387945
13702,3,0.710073468,24.641205905948325,2.2402712098206317e-4,0.36623291311761136,29.07558392377805
13872,4,0.707974848,49.980650033958774,4.544023200267528e-4,0.7428434765455163,58.97505950699214
13873,3,0.706865562,13.766580119462793,1.2515975564278962e-4,0.20460746767270757,16.243984045855093
14642,3,0.708076757,48.7916155339147,4.435921357845555e-4,0.7251713069929959,57.57204893493432
14644,3,0.709737566,40.160827009499634,3.651247623812519e-4,0.5968951651571147,47.38808241041316
12865,3,0.706516336,28.48358691827956,2.589603770570395e-4,0.4233407672066098,33.60943149672492
12960,3,0.706210639,49.522057098794804,4.502329926261527e-4,0.7360275833939675,58.43393918097786
13063,3,0.709721559,42.7272013525917,3.8845712109939243e-4,0.6350382152743989,50.41629591900575
12076,4,0.70941884,62.8524136314044,5.714267932487134e-4,0.9341516250690337,74.16319778857752
12091,4,0.709413964,62.08732555766858,5.64470945425723e-4,0.9227804107256572,73.2604261230229
12094,7,0.708202074,48.23073799935337,4.38492881317429e-4,0.7168351965701277,56.91023709466384
12097,4,0.708954888,60.79219973846978,5.526962250775357e-4,0.9035314460674579,71.73223226791305
12100,7,0.70852957,44.48854242485801,4.0447046764555437e-4,0.6612163607089968,52.49460411384592
12114,3,0.707592746,42.527856604656556,3.8664476540003015e-4,0.632075429766675,50.18107752220831
12115,6,0.707390149,35.882870671281296,3.2623144499264664e-4,0.5333135199277533,42.340274319815634
12120,3,0.70785013,0,0,0,0
12765,3,0.706216861,48.66665296995676,4.4245603053301517e-4,0.723314035721304,57.424598378757906
12137,3,0.70958194,56.47790447662655,5.134725300089441e-4,0.8394097091758014,66.64154577974082
12138,3,0.707502635,0,0,0,0
12190,3,0.70610263,48.72639769990176,4.4299920361855796e-4,0.72420199902045,57.49509464083816
12297,6,0.708455748,41.91208603479626,3.8104644734377033e-4,0.6229234649451161,49.45449421495857
12129,7,0.708148789,46.042833585141395,4.1860140649388814e-4,0.6843172017001483,54.32860214321577
12166,7,0.708623349,0,0,0,0
12222,3,0.709016112,62.04209148464702,5.640596969183248e-4,0.9221081138259807,73.2070518242417
12223,7,0.708696884,50.94161096929791,4.6313895866943744e-4,0.7571258750646781,60.10895288987161
12543,7,0.708788403,59.734856158394734,5.430833173717526e-4,0.8878165487943659,70.48461142841028
12544,3,0.707247748,0,0,0,0
12636,3,0.706674895,20.04028300482079,1.8219753214886294e-4,0.29785113815331415,23.646688907472328
12140,4,0.707493166,0,0,0,0
12152,3,0.70585488,54.45420564671926,4.95073940900549e-4,0.8093322397297651,64.25366649371865
12156,3,0.705854718,54.45336791054997,4.950663245678556e-4,0.8093197887742855,64.25267800036372
12169,3,0.706405009,35.36267829876405,3.215020823138609e-4,0.5255820976631246,41.72646925518675
12171,5,0.70586002,54.479631896705136,4.953051053006781e-4,0.8097101404557898,64.28366839655381
12176,7,0.708152153,46.02892378846413,4.1847494467562533e-4,0.6841104656590051,54.31218916967071
12178,3,0.709069359,63.14571461277147,5.740933581354999e-4,0.9385108464982246,74.50928057897399
12179,6,0.708447382,41.10668310619362,3.737240744041483e-4,0.6109530661788611,48.50415272061679
12187,3,0.706438095,34.9837552271575,3.1805707864278636e-4,0.5199503075270566,41.27935600873267
12198,7,0.708583331,0,0,0,0
12199,4,0.709009166,61.99150349510108,5.635997729317511e-4,0.9213562436922345,73.14736012972024
12202,3,0.707864042,0,0,0,0
12204,3,0.708858027,60.21168675726407,5.474184536742768e-4,0.8949035014359725,71.04725142856968
12210,4,0.709425351,63.60807128429224,5.782969037891906e-4,0.9453826786381254,75.05484195518389
12213,4,0.709419351,62.84894083375122,5.713952200837082e-4,0.934100010192471,74.15910003378416
12214,7,0.708172752,0,0,0,0
12215,7,0.708643035,0,0,0,0
12219,3,0.709555227,56.800591909730855,5.164062637268219e-4,0.8442056903101381,67.0223033440493
12228,3,0.709420067,62.84403205087608,5.713505915659628e-4,0.9340270528112825,74.15330787698004
12239,3,0.707890679,0,0,0,0
12241,7,0.708165047,46.77137206882858,4.252249613494433e-4,0.6951451933259412,55.18824683369885
12242,3,0.707875789,0,0,0,0
12243,7,0.709180499,64.33759786071808,5.849294419539372e-4,0.9562253559121568,75.91565255343369
12244,3,0.707901442,0,0,0,0
12248,3,0.706526144,27.58553770291713,2.507957043950867e-4,0.40999340176027127,32.54977129062072
12254,3,0.709414131,62.08615352631877,5.644602898267234e-4,0.9227629912674884,73.25904317545113
12257,7,0.708059274,49.677068426907624,4.51642288165067e-4,0.7383314580694874,58.61684601179138
11464,1,0.709824819,0,0,0,0
11466,2,0.706700195,0,0,0,0
11468,2,0.709274691,0,0,0,0
11469,1,0.706233372,0,0,0,0
11470,1,0.707631238,0,0,0,0
11471,1,0.707338121,0,0,0,0
11473,1,0.709770819,0,0,0,0
11474,1,0.705011278,0,0,0,0
11475,1,0.707280149,0,0,0,0
11476,1,0.705864683,0,0,0,0
11477,2,0.70918614,0,0,0,0
11480,1,0.707315547,0,0,0,0
11551,1,0.707044544,0,0,0,0
11552,2,0.707473096,0,0,0,0
11554,2,0.707896984,0,0,0,0
11575,2,0.70976088,0,0,0,0
11576,2,0.707056141,0,0,0,0
11577,1,0.709371996,0,0,0,0
11578,2,0.706887661,0,0,0,0
11579,1,0.706238502,0,0,0,0
11581,2,0.707012724,0,0,0,0
11582,1,0.70928612,0,0,0,0
11583,1,0.707875113,0,0,0,0
11584,1,0.706419696,0,0,0,0
11586,2,0.706579301,0,0,0,0
11591,1,0.707065409,0,0,0,0
11593,1,0.709702135,0,0,0,0
11595,1,0.709807162,0,0,0,0
11602,2,0.707343889,0,0,0,0
11603,1,0.708157734,0,0,0,0
11604,1,0.705872681,0,0,0,0
11619,1,0.709522071,0,0,0,0
11620,1,0.706671094,0,0,0,0
11621,2,0.705986715,0,0,0,0
11622,2,0.707112078,0,0,0,0
11623,1,0.707865996,0,0,0,0
11624,1,0.707932867,0,0,0,0
11627,2,0.707812509,0,0,0,0
11628,1,0.706607895,0,0,0,0
11631,2,0.709202039,0,0,0,0
11633,2,0.707089451,0,0,0,0
11634,1,0.707342553,0,0,0,0
11635,2,0.707818342,0,0,0,0
11637,1,0.709858469,0,0,0,0
11644,2,0.709844041,0,0,0,0
11645,1,0.707459203,0,0,0,0
11646,2,0.707439,0,0,0,0
12066,1,0.707773023,0,0,0,0
12068,1,0.709781965,0,0,0,0
12070,1,0.707062826,0,0,0,0
12071,1,0.709423122,0,0,0,0
12072,2,0.706801064,0,0,0,0
12074,1,0.706414265,0,0,0,0
12141,2,0.708477604,0,0,0,0
12143,1,0.706626974,0,0,0,0
12147,1,0.707826041,0,0,0,0
12267,1,0.709256258,0,0,0,0
12268,1,0.706482004,0,0,0,0
12269,1,0.707208262,0,0,0,0
11650,2,0.709151921,0,0,0,0
11651,2,0.707593731,0,0,0,0
11652,1,0.709215046,0,0,0,0
11653,1,0.707981858,0,0,0,0
11654,1,0.709043037,0,0,0,0
11655,1,0.707165282,0,0,0,0
11656,2,0.706756975,0,0,0,0
11657,2,0.709012699,0,0,0,0
11658,1,0.7088314,0,0,0,0
11659,1,0.709786234,0,0,0,0
11660,1,0.709806042,0,0,0,0
11661,2,0.706800851,0,0,0,0
11662,2,0.70769994,0,0,0,0
11663,2,0.709829137,0,0,0,0
11664,1,0.70673407,0,0,0,0
11666,1,0.708138533,0,0,0,0
11669,1,0.706562512,0,0,0,0
11670,1,0.707531941,0,0,0,0
11674,1,0.707139171,0,0,0,0
11678,1,0.707088688,0,0,0,0
11679,1,0.706558752,0,0,0,0
11686,1,0.707129063,0,0,0,0
11687,1,0.707275403,0,0,0,0
11688,1,0.707513447,0,0,0,0
11689,1,0.706661807,0,0,0,0
11699,1,0.709028164,0,0,0,0
11702,1,0.706664466,0,0,0,0
11703,2,0.706071183,0,0,0,0
11705,1,0.705455618,0,0,0,0
11706,1,0.707956598,0,0,0,0
11707,1,0.709330666,0,0,0,0
11708,1,0.709284854,0,0,0,0
11709,1,0.708054564,0,0,0,0
11710,2,0.706944159,0,0,0,0
11712,1,0.706458997,0,0,0,0
11713,1,0.709369789,0,0,0,0
11714,1,0.706464629,0,0,0,0
11715,1,0.706573419,0,0,0,0
11722,1,0.709239035,0,0,0,0
11723,1,0.709340697,0,0,0,0
11774,2,0.708065752,0,0,0,0
11775,1,0.707052194,0,0,0,0
11776,2,0.707928659,0,0,0,0
11777,1,0.705904799,0,0,0,0
11778,1,0.709790619,0,0,0,0
11780,2,0.707551216,0,0,0,0
11781,1,0.707060736,0,0,0,0
11783,1,0.709310862,0,0,0,0
11784,2,0.708992877,0,0,0,0
11787,1,0.7061723,0,0,0,0
11789,1,0.705609029,0,0,0,0
11790,2,0.709291356,0,0,0,0
11795,1,0.706609238,0,0,0,0
11797,1,0.709019074,0,0,0,0
11799,1,0.707112135,0,0,0,0
11809,1,0.707807591,0,0,0,0
11810,2,0.708149704,0,0,0,0
11811,2,0.707530759,0,0,0,0
11840,1,0.708659744,0,0,0,0
11932,2,0.707856793,0,0,0,0
11934,1,0.709747296,0,0,0,0
12079,2,0.70754746,0,0,0,0
12080,1,0.706696425,0,0,0,0
12081,2,0.709100316,0,0,0,0
12133,1,0.707553492,0,0,0,0
12134,2,0.708153624,0,0,0,0
12135,1,0.708084035,0,0,0,0
12311,2,0.70792394,0,0,0,0
12495,1,0.706827845,0,0,0,0
12496,2,0.709635358,0,0,0,0
12498,1,0.706379527,0,0,0,0
12499,1,0.707583973,0,0,0,0
12500,1,0.705781432,0,0,0,0
11812,1,0.707864918,0,0,0,0
11813,1,0.705631762,0,0,0,0
11814,1,0.707986677,0,0,0,0
11818,1,0.70753388,0,0,0,0
11819,1,0.706404631,0,0,0,0
11820,1,0.706588947,0,0,0,0
11822,2,0.70659316,0,0,0,0
11825,1,0.706590322,0,0,0,0
11826,1,0.706911084,0,0,0,0
11827,1,0.709443513,0,0,0,0
11828,1,0.709227762,0,0,0,0
11830,1,0.707532276,0,0,0,0
11831,1,0.708085574,0,0,0,0
11832,1,0.707073819,0,0,0,0
11835,1,0.708046112,0,0,0,0
11836,2,0.706598631,0,0,0,0
11837,1,0.709814577,0,0,0,0
11838,1,0.709770554,0,0,0,0
11842,1,0.709442356,0,0,0,0
11843,1,0.707543305,0,0,0,0
11845,1,0.70658128,0,0,0,0
11849,2,0.709420427,0,0,0,0
11850,1,0.709184234,0,0,0,0
12037,1,0.706649367,0,0,0,0
12040,2,0.707492158,0,0,0,0
12042,2,0.706891308,0,0,0,0
12044,1,0.708052712,0,0,0,0
12047,2,0.70778631,0,0,0,0
12048,2,0.707866843,0,0,0,0
12052,2,0.707776188,0,0,0,0
12053,1,0.707103878,0,0,0,0
12054,1,0.70644381,0,0,0,0
12055,2,0.707027228,0,0,0,0
12056,1,0.709753466,0,0,0,0
12057,1,0.707773703,0,0,0,0
12060,1,0.707544986,0,0,0,0
12866,1,0.707170112,0,0,0,0
12867,2,0.709467695,0,0,0,0
12907,1,0.707180522,0,0,0,0
12157,2,0.705590548,0,0,0,0
12158,1,0.706623354,0,0,0,0
12165,1,0.707834932,0,0,0,0
12570,2,0.707604862,0,0,0,0
12660,1,0.707444958,0,0,0,0
12662,2,0.70717309,0,0,0,0
12847,1,0.70768634,0,0,0,0
12842,2,0.709712244,0,0,0,0
12061,2,0.709826338,0,0,0,0
12062,2,0.706747449,0,0,0,0
12063,2,0.708036776,0,0,0,0
12065,1,0.706565349,0,0,0,0
12078,1,0.707055341,0,0,0,0
12088,1,0.709748444,0,0,0,0
12144,1,0.707320323,0,0,0,0
12145,1,0.705577511,0,0,0,0
12146,1,0.707897196,0,0,0,0
12302,1,0.707480857,0,0,0,0
12501,1,0.706528438,0,0,0,0
12502,1,0.707260322,0,0,0,0
12986,1,0.707843578,0,0,0,0
12677,2,0.706265778,0,0,0,0
12678,1,0.709220381,0,0,0,0
12287,2,0.705889844,0,0,0,0
12288,1,0.707058256,0,0,0,0
12650,1,0.706642923,0,0,0,0
12793,1,0.707115943,0,0,0,0
12794,1,0.707681022,0,0,0,0
12984,1,0.709538075,0,0,0,0
12985,1,0.709638785,0,0,0,0
13091,2,0.707693028,0,0,0,0
13149,1,0.707566312,0,0,0,0
13204,1,0.709590044,0,0,0,0
13205,1,0.709656985,0,0,0,0
13206,2,0.70784294,0,0,0,0
13207,2,0.707153249,0,0,0,0
13215,1,0.70901268,0,0,0,0
13216,1,0.707455485,0,0,0,0
13475,2,0.708032351,0,0,0,0
13476,1,0.70780046,0,0,0,0
13738,2,0.706732825,0,0,0,0
13739,1,0.707305581,0,0,0,0
13740,2,0.707944279,0,0,0,0
13861,1,0.707916357,0,0,0,0
13862,1,0.707915947,0,0,0,0
13902,1,0.707669036,0,0,0,0
14080,2,0.707417568,0,0,0,0
14081,2,0.707911471,0,0,0,0
13497,2,0.709491817,0,0,0,0
13499,1,0.709487301,0,0,0,0
13504,1,0.709826021,0,0,0,0
13505,1,0.70781159,0,0,0,0
13703,1,0.709324135,0,0,0,0
13704,2,0.707931088,0,0,0,0
13705,1,0.709488305,0,0,0,0
13706,2,0.706753149,0,0,0,0
13725,2,0.70962861,0,0,0,0
13726,1,0.706140798,0,0,0,0
13727,1,0.709413212,0,0,0,0
13870,2,0.707956705,0,0,0,0
13871,2,0.709579347,0,0,0,0
13874,1,0.709748586,0,0,0,0
13875,1,0.70733397,0,0,0,0
13876,2,0.709701755,0,0,0,0
13877,1,0.708014506,0,0,0,0
14636,1,0.709497098,0,0,0,0
14637,2,0.708049117,0,0,0,0
14641,1,0.709709513,0,0,0,0
14643,1,0.709490095,0,0,0,0
14645,2,0.708922892,0,0,0,0
14646,1,0.709714659,0,0,0,0
12464,2,0.706558857,0,0,0,0
12465,1,0.709729951,0,0,0,0
12517,1,0.709564633,0,0,0,0
12518,1,0.709420817,0,0,0,0
12519,1,0.706710312,0,0,0,0
12908,1,0.70760607,0,0,0,0
12909,2,0.709704329,0,0,0,0
12958,1,0.709140416,0,0,0,0
12959,2,0.707564012,0,0,0,0
13064,1,0.70960817,0,0,0,0
13065,2,0.709395618,0,0,0,0
12075,2,0.706808053,0,0,0,0
12077,2,0.707088316,0,0,0,0
12090,1,0.708474114,0,0,0,0
12092,1,0.709812993,0,0,0,0
12093,2,0.707071933,0,0,0,0
12095,1,0.707882531,0,0,0,0
12096,1,0.70637322,0,0,0,0
12098,2,0.707761034,0,0,0,0
12099,1,0.706781883,0,0,0,0
12101,1,0.707390562,0,0,0,0
12102,1,0.70763193,0,0,0,0
12103,2,0.709728578,0,0,0,0
12104,1,0.70805122,0,0,0,0
12111,2,0.708047156,0,0,0,0
12112,1,0.709571306,0,0,0,0
12113,2,0.708825188,0,0,0,0
12116,1,0.707767081,0,0,0,0
12117,1,0.707541665,0,0,0,0
12118,1,0.707920626,0,0,0,0
12119,2,0.707033821,0,0,0,0
12766,2,0.70660412,0,0,0,0
12767,2,0.706780592,0,0,0,0
12136,2,0.707534769,0,0,0,0
12191,2,0.70972933,0,0,0,0
12121,1,0.707085805,0,0,0,0
12122,1,0.707754255,0,0,0,0
12123,1,0.70713934,0,0,0,0
12124,1,0.706416136,0,0,0,0
12125,1,0.709658027,0,0,0,0
12126,1,0.70946262,0,0,0,0
12127,1,0.706382808,0,0,0,0
12128,1,0.70663154,0,0,0,0
12130,1,0.706376809,0,0,0,0
12131,1,0.70961822,0,0,0,0
12132,2,0.707402831,0,0,0,0
12167,2,0.70799524,0,0,0,0
12168,1,0.707757095,0,0,0,0
12220,2,0.707185293,0,0,0,0
12221,2,0.706256082,0,0,0,0
12224,1,0.705603679,0,0,0,0
12225,1,0.707292333,0,0,0,0
12540,1,0.709691533,0,0,0,0
12541,1,0.706799924,0,0,0,0
12542,1,0.707410763,0,0,0,0
12545,1,0.706134683,0,0,0,0
12637,1,0.707608571,0,0,0,0
12638,1,0.707314474,0,0,0,0
12139,2,0.707700186,0,0,0,0
12150,2,0.707907585,0,0,0,0
12151,2,0.706635269,0,0,0,0
12153,2,0.709709315,0,0,0,0
12154,2,0.706411345,0,0,0,0
12155,1,0.70970446,0,0,0,0
12170,2,0.707916726,0,0,0,0
12172,2,0.706408527,0,0,0,0
12173,1,0.706691077,0,0,0,0
12174,2,0.706566111,0,0,0,0
12175,1,0.707126697,0,0,0,0
12177,1,0.708050788,0,0,0,0
12180,1,0.70777378,0,0,0,0
12181,1,0.70843849,0,0,0,0
12182,2,0.708042678,0,0,0,0
12183,1,0.709738999,0,0,0,0
12184,1,0.707543249,0,0,0,0
12185,2,0.709719185,0,0,0,0
12186,2,0.709816321,0,0,0,0
12188,1,0.706433063,0,0,0,0
12200,1,0.707882371,0,0,0,0
12201,1,0.706396494,0,0,0,0
12203,2,0.708014864,0,0,0,0
12205,1,0.708923738,0,0,0,0
12206,1,0.709739306,0,0,0,0
12207,1,0.707075573,0,0,0,0
12208,1,0.707271679,0,0,0,0
12209,2,0.707751183,0,0,0,0
12211,1,0.707359493,0,0,0,0
12212,1,0.707605146,0,0,0,0
12216,1,0.7094396,0,0,0,0
12217,1,0.707528295,0,0,0,0
12218,2,0.707714973,0,0,0,0
12226,1,0.709723786,0,0,0,0
12227,1,0.706474904,0,0,0,0
12229,2,0.709835423,0,0,0,0
12230,1,0.707686366,0,0,0,0
12231,1,0.705880486,0,0,0,0
12232,2,0.70765508,0,0,0,0
12233,1,0.707662394,0,0,0,0
12237,1,0.707763823,0,0,0,0
12238,1,0.707754373,0,0,0,0
12240,2,0.708025523,0,0,0,0
12245,1,0.707566276,0,0,0,0
12246,1,0.708045023,0,0,0,0
12247,1,0.708027177,0,0,0,0
12249,1,0.709789006,0,0,0,0
12253,2,0.707134962,0,0,0,0
12255,1,0.706529456,0,0,0,0
12256,1,0.708519331,0,0,0,0
12258,1,0.708025314,0,0,0,0
12259,2,0.706942274,0,0,0,0
12262,7,0.70822601,0,0,0,0
12747,7,0.70890601,62.89771219113248,5.718386280411846e-4,0.9348248804102116,74.21664817895318
12748,5,0.708804421,59.056230064706995,5.369135442456951e-4,0.877730386122072,69.68386125347179
12751,7,0.709532899,57.03741770411849,5.185593807899014e-4,0.847725542419285,67.30174779519814
12787,3,0.707224973,0,0,0,0
12837,4,0.707763311,44.04882710776258,4.0047276733345944e-4,0.6546810384468903,51.97575858114037
12276,7,0.709180481,64.33755801721654,5.8492907971416e-4,0.95622476373328,75.91560553978196
12277,3,0.707128488,19.812414472534766,1.801258506148791e-4,0.29446441443916344,23.3778136479027
12286,7,0.708178968,47.51733529579756,4.3200693438819006e-4,0.7062321623133442,56.068451986505636
12290,3,0.709525268,57.11423631808806,5.192577821989526e-4,0.8488672683917522,67.39239052047326
12291,3,0.709405143,61.3492166801597,5.577603807142898e-4,0.9118101779602716,72.3894887713848
12292,3,0.709400216,62.18394736050961,5.653493888102388e-4,0.924216463995948,73.37443577612565
12293,6,0.707339869,32.87600225832238,2.9889430588110334e-4,0.4886235732407918,38.79229638308488
12294,5,0.709036024,62.170674801520065,5.652287204797261e-4,0.9240191989772708,73.35877471618173
12300,3,0.706297934,44.60682576082462,4.0554584826279745e-4,0.6629743611441079,52.63417346263543
12479,3,0.706279429,46.42165490925603,4.220454851210436e-4,0.68994747960177,54.77559533191977
12576,3,0.707662813,45.33695014276689,4.121838214151524e-4,0.6738259233751741,53.49568944618697
12578,3,0.709718642,43.56105200551372,3.9603812836892875e-4,0.6474314217956323,51.40020452848979
12303,7,0.708086483,0,0,0,0
12308,4,0.707054271,15.576323486007892,1.416131547853054e-4,0.23150499807989797,18.379404906965647
12315,7,0.708284951,0,0,0,0
12318,3,0.706278731,46.42992852736825,4.221207052564891e-4,0.6900704472550102,54.7853578524187
12462,5,0.708928348,63.02488461930498,5.729948244164969e-4,0.9367149960569711,74.36670628171947
12468,4,0.706135205,49.335600562221174,4.485378109359257e-4,0.7332563504916566,58.21392833013005
12470,7,0.709199913,0,0,0,0
12503,3,0.70944795,64.23676080076774,5.840126752861373e-4,0.9547266528715355,75.79666907468662
12506,3,0.70628575,45.54734689015606,4.1409665708405153e-4,0.6769529705660019,53.74394873631071
12510,3,0.706185618,48.9449166425548,4.4498588275226013e-4,0.7274497633240585,57.752937778884835
12511,3,0.707280014,0,0,0,0
12516,4,0.70612002,48.62973410904302,4.4212038031557005e-4,0.7227653246706749,57.381035679636575
12520,3,0.707346003,0,0,0,0
12525,4,0.706607992,22.86729309127384,2.0789947762477192e-4,0.3398679186358246,26.98244160300865
12528,3,0.707660993,45.32686567291824,4.120921378037477e-4,0.6736760417182448,53.4837901969972
12535,3,0.706751447,18.816665358034367,1.7107293298603395e-4,0.2796649723854882,22.2028716805254
12648,3,0.706423647,34.35016599101536,3.122967610268419e-4,0.5105335106154946,40.53174742662971
12649,4,0.706408874,35.31927814892518,3.2110750703797123e-4,0.5249370576693069,41.67525890843014
13151,3,0.709369326,62.37396163057518,5.670769158651555e-4,0.9270405741440326,73.59864460247508
13240,4,0.706632533,21.09553819894304,1.917914531583663e-4,0.31353499653674616,24.89184553961173
12663,3,0.706602209,22.912481866032294,2.083103143000744e-4,0.34053954228456856,27.035762451749456
12669,3,0.705821702,51.87019317817592,4.715812240213895e-4,0.7709270408324818,61.204640740840055
12674,3,0.707876985,45.48177669752851,4.135005214268659e-4,0.6759784256207858,53.66657867390722
12675,3,0.707661449,45.32941453394337,4.1211531093900025e-4,0.6737139244745486,53.48679774552909
12684,3,0.706240005,47.65295045246626,4.332398883769673e-4,0.7082477590369481,56.228472152893076
12686,4,0.706627417,21.125131421657922,1.9206050186120578e-4,0.3139748294006399,24.926764294558453
12689,3,0.706403111,35.38369690236254,3.216931743111115e-4,0.5258944892098255,41.75127032114192
12690,7,0.709524437,57.922791298701284,5.266088122237762e-4,0.8608845149135327,68.34645130327502
12693,3,0.70784334,44.784305661176454,4.071594182828591e-4,0.6656121777012101,52.843592261259154
13006,3,0.707683079,45.43322349359154,4.130590968255712e-4,0.6752567977350848,53.60928794060358
12843,5,0.709803458,37.952803213043964,3.4505037088970405e-4,0.5640781435269453,44.78270743629113
12844,3,0.707837941,44.79666145947895,4.0727175182415204e-4,0.6657958172529224,52.8581715822494
12853,4,0.709684692,46.38202489107643,4.216851862415518e-4,0.6893584736472639,54.72883358154604
13942,4,0.709853012,35.93160935180533,3.2667455586635706e-4,0.534037904481738,42.39778390767102
13233,3,0.706092267,50.37855573442486,4.580199054987466e-4,0.7487573983066513,59.44457145506033
13234,3,0.708646095,49.757844775747216,4.523766715772688e-4,0.7395320063567524,58.7121586973274
12705,7,0.709210788,64.37076981203086,5.852310268998333e-4,0.9567183780641346,75.95479405722178
12709,3,0.707034843,15.539548242742704,1.4127881027702278e-4,0.23095842156399912,18.33601167061368
12711,7,0.708865395,61.05606342103262,5.55095158853825e-4,0.9074531520707995,72.04358028700253
12719,7,0.709223263,64.36983458043109,0.00058522252418111295,0.9567044780709876,75.95369052336993
12791,3,0.709426692,63.59900410983792,5.782144689848147e-4,0.9452479166574487,75.04414307166316
13275,7,0.70953424,57.023390052481815,5.184318474856346e-4,0.8475170547445053,67.28519575777057
13276,3,0.709256522,64.32551800747794,5.848196171850682e-4,0.9560458176274214,75.90139883598127
13301,7,0.709433092,63.553305789206505,5.777989997401744e-4,0.9445687198213317,74.99022098027827
13468,4,0.706774692,17.938791243535306,1.6309168356153125e-4,0.2666174618240865,21.167017242716895
13501,4,0.70680054,17.856122057161027,1.6234009129417032e-4,0.2653887810092565,21.06947108870519
13502,3,0.707790485,44.05256418197516,4.0050674318593745e-4,0.6547365811658884,51.980168171130074
12796,3,0.707235148,0,0,0,0
12799,3,0.706320627,43.5384265156597,3.958324272611115e-4,0.6470951477069542,51.37350740451062
13085,3,0.706162661,49.9377618877984,4.540123996654994e-4,0.7422060462685047,58.9244533029865
13213,4,0.709666842,47.3948524124114,4.308933733133257e-4,0.7044117455950728,55.923927348843286
13771,4,0.70812392,48.54402378657197,4.413411393622286e-4,0.7214914446015487,57.279901113266206
12727,3,0.706198689,48.830567520718866,4.4394627029784093e-4,0.7257502356239022,57.61801063687558
12753,3,0.70964556,49.236442422288775,4.476363082783131e-4,0.7317826006035474,58.096925906209144
12754,7,0.70936497,0,0,0,0
12757,3,0.707013263,15.502871874900833,1.4094536470106133e-4,0.23041331459607842,18.292735103091946
12761,3,0.709684164,46.38833111177188,4.2174251965583644e-4,0.6894522006176432,54.73627465605239
12770,5,0.708787241,59.72552732157344,5.429985036470037e-4,0.8876778978250057,70.47360379433002
12848,5,0.709836856,36.06269868275183,3.278663630171719e-4,0.535986235571313,42.55246379054667
12851,3,0.709644458,49.248807238287704,4.477487238045778e-4,0.7319663741818673,58.11151586770093
13044,5,0.709821799,38.585739735744184,3.5080475431907587e-4,0.5734852394057665,45.52954584405558
13086,3,0.706363321,38.22205530327391,3.4749829372362904e-4,0.5680799353931508,45.10041354921492
13087,3,0.707760764,44.04577312984636,4.004450018952449e-4,0.6546356483294941,51.972155015976256
12774,3,0.706200173,48.817432944238966,4.4382685644426e-4,0.7255550213870194,57.60251239047473
13124,3,0.707770925,44.05519410141798,4.0053065326904944e-4,0.654775668662762,51.98327136517685
13321,3,0.70779307,44.05017184400547,4.0048499309019086e-4,0.654701024752491,51.977345313203514
13829,3,0.710046463,24.012581016999867,2.1831193705046845e-4,0.3568898994186651,28.3338330620321
12780,7,0.709512375,0,0,0,0
12782,7,0.70950311,59.745559117984634,5.431806240227365e-4,0.8879756228301314,70.49724046941488
12784,7,0.709510167,59.673714314762655,5.425274423365489e-4,0.8869078207234986,70.41246663109133
12800,3,0.707871724,45.50290346984585,4.136925968470366e-4,0.6762924248381976,53.69150737438949
12804,7,0.709378301,0,0,0,0
12812,3,0.706416329,35.2333072573528,3.203258971037524e-4,0.5236593048602908,41.57381688150761
12813,3,0.709456179,64.16601009052812,5.833694406172287e-4,0.9536751118546266,75.71318621994764
12814,3,0.707671674,45.382665456790654,4.1259944515632097e-4,0.674505372777647,53.54963158905827
12818,6,0.709264359,65.10657591514627,5.919206557885795e-4,0.9676543855656432,76.82301423217658
12828,3,0.705595171,43.47030352172949,3.952130826453848e-4,0.6460826614425814,51.29312514421391
12864,7,0.709380204,0,0,0,0
12876,5,0.70984739,35.97881878206704,3.271037634621664e-4,0.5347395603681164,42.45348904470073
12895,3,0.706214274,48.689034816802376,4.426595165446261e-4,0.7236466886362023,57.45100801426084
12898,3,0.70688848,13.748794839337279,1.2499805961550968e-4,0.20434313178850444,16.22299816525854
12902,7,0.70899725,61.90515590058555,5.62814738178303e-4,0.9200728920900109,73.04547360920924
12915,6,0.709249009,64.34268290232268,5.849756729393485e-4,0.956300932960102,75.92165268810629
12917,5,0.709844221,36.00468187595474,3.273388994569495e-4,0.5351239537396454,42.48400640491965
12924,5,0.709859051,35.879015076415975,3.2619639160197053e-4,0.5332562156811707,42.33572488045335
12925,7,0.709563745,56.70435226252936,5.155312947350781e-4,0.8427753168744165,66.90874461848685
12935,7,0.70938717,0,0,0,0
12938,3,0.706211191,49.51708344325394,4.501877743143611e-4,0.7359536618349121,58.42807047716367
12939,7,0.70905727,63.88798149919282,5.808417256545243e-4,0.9495428781756681,75.38512420579809
12942,7,0.709383614,0,0,0,0
12944,7,0.709036756,62.1746683078612,5.652650277015252e-4,0.9240785529498988,73.36348688527015
13055,4,0.709680442,47.23317971733192,4.2942351552477793e-4,0.7020088655446187,55.73316038589883
13157,3,0.709707347,45.2989387146056,4.118382380517451e-4,0.6732609739112394,53.450837563783786
13863,3,0.709174673,65.12546956217355,5.920924286054023e-4,0.9679351946874302,76.84530793898074
12955,3,0.706522181,27.624403906906,2.5114905900834556e-4,0.41057105543367495,32.59563177245714
12963,7,0.709002412,0,0,0,0
12965,4,0.709683616,46.394855516073186,4.218018367005185e-4,0.6895491703683422,54.7439731780135
12966,4,0.709685427,46.37321379078356,4.2160507955201593e-4,0.6892275175998875,54.71843685473794
12973,4,0.709681015,47.22607804551467,4.293589502150503e-4,0.7019033160854095,55.724780712610524
12974,3,0.707738354,44.804751453675934,4.0734530253086785e-4,0.6659160557734385,52.86771743427121
12975,3,0.707747792,44.02303553769818,4.0023828160215276e-4,0.6542977081068649,51.945325616016994
12976,3,0.706217275,48.66302453210025,4.424230423550113e-4,0.7232601076233316,57.4203169750875
12983,3,0.707270097,0,0,0,0
12987,3,0.706385023,37.18467628450128,3.3806689512122826e-4,0.5526617638352207,43.87635005020373
12991,3,0.706887449,13.749822900163487,1.2500740629716028e-4,0.20435841146729455,16.224211233683246
12998,3,0.706359957,39.05922642781981,3.5510948927619973e-4,0.5805224928268508,46.08824017520086
12999,5,0.709891399,32.40726479776769,2.946327488702445e-4,0.4816569058495317,38.239205944873554
13007,3,0.706524322,27.603486427579455,2.5095888638896913e-4,0.4102601668587376,32.57095002887875
13008,4,0.707766426,44.05193242427052,4.005009995198089e-4,0.6547271915903361,51.97942272367792
12260,1,0.706989758,0,0,0,0
12261,1,0.70727771,0,0,0,0
12263,1,0.709698319,0,0,0,0
12264,1,0.709485227,0,0,0,0
12265,1,0.706319744,0,0,0,0
12266,2,0.70789506,0,0,0,0
12270,2,0.706922944,0,0,0,0
12271,1,0.70786657100000006,0,0,0,0
12272,1,0.70693036,0,0,0,0
12740,1,0.706670239,0,0,0,0
13143,1,0.706913505,0,0,0,0
13144,1,0.707635541,0,0,0,0
12491,1,0.709176033,0,0,0,0
12492,2,0.706997841,0,0,0,0
12493,2,0.709620687,0,0,0,0
12746,1,0.707593695,0,0,0,0
12749,1,0.706817178,0,0,0,0
12750,1,0.706733276,0,0,0,0
12785,2,0.707625462,0,0,0,0
12786,2,0.709440364,0,0,0,0
12836,2,0.70762582,0,0,0,0
12838,1,0.709135359,0,0,0,0
12839,1,0.707489045,0,0,0,0
12840,2,0.706649212,0,0,0,0
12841,1,0.707639531,0,0,0,0
12273,2,0.706595682,0,0,0,0
12274,1,0.707575624,0,0,0,0
12275,2,0.7064978,0,0,0,0
12278,1,0.707184928,0,0,0,0
12282,1,0.707854952,0,0,0,0
12283,1,0.709563271,0,0,0,0
12284,1,0.706791861,0,0,0,0
12285,1,0.709741657,0,0,0,0
12298,1,0.70763581,0,0,0,0
12299,2,0.706673636,0,0,0,0
12477,1,0.709753641,0,0,0,0
12478,1,0.709614601,0,0,0,0
12577,1,0.709573309,0,0,0,0
12579,1,0.707163297,0,0,0,0
12580,2,0.709535777,0,0,0,0
12581,1,0.707685553,0,0,0,0
12738,2,0.709729571,0,0,0,0
12739,1,0.708484726,0,0,0,0
13145,1,0.70770357800000006,0,0,0,0
12819,1,0.70727331,0,0,0,0
12820,1,0.709641345,0,0,0,0
12821,1,0.70949925,0,0,0,0
13290,2,0.705294815,0,0,0,0
13291,1,0.709556903,0,0,0,0
12304,1,0.705981678,0,0,0,0
12305,2,0.706443957,0,0,0,0
12306,2,0.707892085,0,0,0,0
12307,1,0.707883716,0,0,0,0
12309,1,0.709243658,0,0,0,0
12313,2,0.707219623,0,0,0,0
12314,1,0.707512958,0,0,0,0
12316,2,0.706907729,0,0,0,0
12317,1,0.706521481,0,0,0,0
12319,1,0.706611527,0,0,0,0
12320,1,0.706423004,0,0,0,0
12461,1,0.707627686,0,0,0,0
12466,2,0.706522903,0,0,0,0
12467,1,0.706669493,0,0,0,0
12469,1,0.707953721,0,0,0,0
12471,1,0.70722244,0,0,0,0
12472,1,0.709686684,0,0,0,0
12473,1,0.706602736,0,0,0,0
12474,1,0.706937508,0,0,0,0
12475,1,0.709443707,0,0,0,0
12476,1,0.709179419,0,0,0,0
12480,2,0.706190958,0,0,0,0
12489,2,0.709484149,0,0,0,0
12490,2,0.709159104,0,0,0,0
12504,1,0.707250434,0,0,0,0
12505,1,0.706450569,0,0,0,0
12507,1,0.709405379,0,0,0,0
12508,1,0.707181362,0,0,0,0
12509,2,0.706138895,0,0,0,0
12515,2,0.709725929,0,0,0,0
12521,2,0.709748281,0,0,0,0
12522,1,0.707240593,0,0,0,0
12523,2,0.709134014,0,0,0,0
12524,1,0.708213995,0,0,0,0
12526,1,0.70717497,0,0,0,0
12527,1,0.707067756,0,0,0,0
12529,2,0.706091027,0,0,0,0
12530,1,0.707626812,0,0,0,0
12531,1,0.706224707,0,0,0,0
12532,1,0.709673113,0,0,0,0
12533,1,0.707139717,0,0,0,0
12534,2,0.706810961,0,0,0,0
12536,2,0.709464989,0,0,0,0
13150,1,0.709680915,0,0,0,0
13239,1,0.705825154,0,0,0,0
13241,1,0.707801341,0,0,0,0
12651,1,0.70688481,0,0,0,0
12652,1,0.709461952,0,0,0,0
12653,2,0.707765922,0,0,0,0
12654,1,0.705669433,0,0,0,0
12655,1,0.707243393,0,0,0,0
12656,2,0.707569603,0,0,0,0
12657,1,0.705516625,0,0,0,0
12658,2,0.707406347,0,0,0,0
12659,1,0.707442916,0,0,0,0
12664,1,0.707332767,0,0,0,0
12668,2,0.709109042,0,0,0,0
12670,2,0.708389613,0,0,0,0
12671,1,0.709628689,0,0,0,0
12672,1,0.707330758,0,0,0,0
12673,1,0.707229071,0,0,0,0
12676,1,0.709736434,0,0,0,0
12680,1,0.709175173,0,0,0,0
12681,1,0.706601856,0,0,0,0
12682,1,0.706811311,0,0,0,0
12683,1,0.709461149,0,0,0,0
12685,1,0.705897283,0,0,0,0
12687,1,0.707600759,0,0,0,0
12688,1,0.707554684,0,0,0,0
12691,2,0.706028189,0,0,0,0
12692,2,0.70735734,0,0,0,0
12694,2,0.705703377,0,0,0,0
12695,2,0.709644321,0,0,0,0
12696,1,0.707350005,0,0,0,0
12697,2,0.706629724,0,0,0,0
12698,2,0.705851554,0,0,0,0
12699,1,0.707545495,0,0,0,0
12700,1,0.707351221,0,0,0,0
13004,1,0.709495454,0,0,0,0
13005,1,0.707667918,0,0,0,0
12773,1,0.709451212,0,0,0,0
12845,1,0.706649028,0,0,0,0
12852,2,0.707597606,0,0,0,0
13773,1,0.708143687,0,0,0,0
13943,2,0.709728863,0,0,0,0
13181,1,0.706181738,0,0,0,0
13182,1,0.709522965,0,0,0,0
13183,1,0.705811217,0,0,0,0
13232,1,0.709439291,0,0,0,0
12701,2,0.706036148,0,0,0,0
12702,1,0.709559144,0,0,0,0
12703,2,0.707612002,0,0,0,0
12704,2,0.707760777,0,0,0,0
12706,1,0.709630804,0,0,0,0
12707,1,0.705694161,0,0,0,0
12708,2,0.709729767,0,0,0,0
12710,1,0.706331235,0,0,0,0
12712,1,0.709586918,0,0,0,0
12713,1,0.707169811,0,0,0,0
12714,1,0.709710106,0,0,0,0
12715,1,0.709505153,0,0,0,0
12716,1,0.705424431,0,0,0,0
12717,1,0.707194843,0,0,0,0
12718,2,0.709137729,0,0,0,0
12720,1,0.707342881,0,0,0,0
12721,1,0.709428619,0,0,0,0
12722,1,0.705369029,0,0,0,0
12723,2,0.709399082,0,0,0,0
12724,2,0.70668496,0,0,0,0
12744,2,0.709678024,0,0,0,0
12745,1,0.707659744,0,0,0,0
12752,2,0.706613412,0,0,0,0
13059,1,0.7094403,0,0,0,0
13060,1,0.709587556,0,0,0,0
13061,1,0.709302184,0,0,0,0
14023,1,0.708163971,0,0,0,0
14024,1,0.707964843,0,0,0,0
14025,1,0.709564038,0,0,0,0
13469,2,0.707603975,0,0,0,0
13473,1,0.707757405,0,0,0,0
13503,2,0.709431761,0,0,0,0
13675,2,0.70922479,0,0,0,0
13676,1,0.707810937,0,0,0,0
13677,1,0.707601736,0,0,0,0
12795,2,0.707484226,0,0,0,0
12797,2,0.706568951,0,0,0,0
12798,1,0.706273606,0,0,0,0
13092,1,0.707857372,0,0,0,0
13093,1,0.709688602,0,0,0,0
13211,1,0.709693346,0,0,0,0
13212,1,0.709392701,0,0,0,0
13683,1,0.707791761,0,0,0,0
13772,1,0.707887869,0,0,0,0
13367,2,0.709582426,0,0,0,0
13368,1,0.709689196,0,0,0,0
13369,1,0.707746432,0,0,0,0
12725,2,0.705833524,0,0,0,0
12726,1,0.706965902,0,0,0,0
12731,1,0.7061206,0,0,0,0
12732,1,0.709676904,0,0,0,0
12733,2,0.708540716,0,0,0,0
12734,1,0.707614024,0,0,0,0
12735,1,0.707555529,0,0,0,0
12736,1,0.708766431,0,0,0,0
12737,1,0.709434246,0,0,0,0
12741,1,0.709521693,0,0,0,0
12742,2,0.709733032,0,0,0,0
12743,1,0.709713405,0,0,0,0
12755,1,0.709348306,0,0,0,0
12756,2,0.709500365,0,0,0,0
12758,2,0.707203314,0,0,0,0
12759,1,0.709710341,0,0,0,0
12760,2,0.706684845,0,0,0,0
12762,1,0.707472034,0,0,0,0
12763,1,0.706985127,0,0,0,0
12764,1,0.706569024,0,0,0,0
12768,1,0.70659248,0,0,0,0
12769,1,0.707454724,0,0,0,0
12771,1,0.709640165,0,0,0,0
12772,1,0.70668415,0,0,0,0
12849,2,0.708762233,0,0,0,0
12850,1,0.709264019,0,0,0,0
13045,1,0.709497583,0,0,0,0
13046,2,0.706612261,0,0,0,0
13088,1,0.70959452,0,0,0,0
13140,2,0.708224142,0,0,0,0
13141,2,0.709720514,0,0,0,0
13142,1,0.707341491,0,0,0,0
12775,1,0.707643888,0,0,0,0
12878,1,0.707706795,0,0,0,0
12879,2,0.707831605,0,0,0,0
12880,2,0.704790978,0,0,0,0
12881,1,0.70693389,0,0,0,0
12882,1,0.704797874,0,0,0,0
12883,1,0.709685747,0,0,0,0
13327,1,0.707708238,0,0,0,0
13328,1,0.709559802,0,0,0,0
13441,1,0.709576369,0,0,0,0
13125,1,0.709277815,0,0,0,0
13126,1,0.706614128,0,0,0,0
13319,1,0.707802555,0,0,0,0
13320,1,0.705890083,0,0,0,0
13596,1,0.709547341,0,0,0,0
13828,1,0.708815418,0,0,0,0
12776,1,0.709628151,0,0,0,0
12777,2,0.707466652,0,0,0,0
12778,1,0.707550433,0,0,0,0
12779,1,0.709207967,0,0,0,0
12781,1,0.707632191,0,0,0,0
12783,1,0.707385194,0,0,0,0
12788,2,0.706511694,0,0,0,0
12789,1,0.709320274,0,0,0,0
12790,2,0.707570003,0,0,0,0
12801,1,0.705588008,0,0,0,0
12802,1,0.706620551,0,0,0,0
12803,1,0.706376432,0,0,0,0
12805,1,0.705707077,0,0,0,0
12806,1,0.709276702,0,0,0,0
12807,1,0.70778145,0,0,0,0
12808,2,0.705892561,0,0,0,0
12809,2,0.706885235,0,0,0,0
12810,2,0.709413626,0,0,0,0
12811,2,0.707776307,0,0,0,0
12815,2,0.708653259,0,0,0,0
12816,1,0.707163822,0,0,0,0
12817,1,0.709571427,0,0,0,0
12822,2,0.70961151200000006,0,0,0,0
12823,2,0.706891473,0,0,0,0
12824,1,0.709715119,0,0,0,0
12825,1,0.706596079,0,0,0,0
12826,2,0.709119003,0,0,0,0
12827,1,0.706698079,0,0,0,0
12829,1,0.70776273,0,0,0,0
12830,1,0.706926851,0,0,0,0
12831,1,0.709505332,0,0,0,0
12832,2,0.705789399,0,0,0,0
12859,1,0.709629785,0,0,0,0
12860,1,0.707840645,0,0,0,0
12861,1,0.70757142,0,0,0,0
12862,2,0.704783864,0,0,0,0
12863,1,0.709613425,0,0,0,0
12868,1,0.709268519,0,0,0,0
12869,1,0.709374217,0,0,0,0
12870,1,0.706487513,0,0,0,0
12871,1,0.709508287,0,0,0,0
12872,2,0.706706485,0,0,0,0
12873,2,0.706888439,0,0,0,0
12874,1,0.707658573,0,0,0,0
12875,2,0.70726895,0,0,0,0
12877,1,0.709696629,0,0,0,0
12892,1,0.70720361,0,0,0,0
12893,1,0.709307655,0,0,0,0
12894,1,0.709716801,0,0,0,0
12896,2,0.707614292,0,0,0,0
12897,1,0.706594007,0,0,0,0
12899,2,0.707205117,0,0,0,0
12900,1,0.706426733,0,0,0,0
12901,2,0.707493974,0,0,0,0
12903,1,0.706588794,0,0,0,0
12904,1,0.707715401,0,0,0,0
12905,2,0.70770673,0,0,0,0
12906,1,0.705755938,0,0,0,0
12910,1,0.706612333,0,0,0,0
12911,1,0.707262274,0,0,0,0
12912,2,0.706869084,0,0,0,0
12913,1,0.707634367,0,0,0,0
12914,2,0.707639358,0,0,0,0
12916,1,0.709553934,0,0,0,0
12918,1,0.707816163,0,0,0,0
12919,1,0.70762954,0,0,0,0
12920,2,0.707835735,0,0,0,0
12921,1,0.707215466,0,0,0,0
12922,1,0.707342159,0,0,0,0
12923,1,0.705101171,0,0,0,0
12926,2,0.709720311,0,0,0,0
12927,2,0.707636144,0,0,0,0
12928,2,0.708946535,0,0,0,0
12929,1,0.70958457,0,0,0,0
12930,1,0.707672273,0,0,0,0
12931,1,0.706586019,0,0,0,0
12932,2,0.708993111,0,0,0,0
12933,1,0.704800167,0,0,0,0
12934,1,0.709351688,0,0,0,0
12936,1,0.706263858,0,0,0,0
12937,1,0.70668694,0,0,0,0
12940,2,0.708898129,0,0,0,0
12941,2,0.706202219,0,0,0,0
12943,2,0.709664429,0,0,0,0
12945,1,0.709596991,0,0,0,0
12946,1,0.705968034,0,0,0,0
13056,1,0.70968339,0,0,0,0
13057,1,0.705570082,0,0,0,0
13079,2,0.709479113,0,0,0,0
13080,1,0.707681082,0,0,0,0
13081,2,0.707758091,0,0,0,0
13158,1,0.707820074,0,0,0,0
13159,1,0.707747509,0,0,0,0
13208,1,0.707870018,0,0,0,0
13209,2,0.707293189,0,0,0,0
13210,2,0.706402401,0,0,0,0
13900,2,0.709797727,0,0,0,0
13901,1,0.707848552,0,0,0,0
13491,1,0.707777702,0,0,0,0
13492,1,0.709314106,0,0,0,0
13493,2,0.709310571,0,0,0,0
12947,1,0.707169746,0,0,0,0
12948,1,0.706780334,0,0,0,0
12949,2,0.707839852,0,0,0,0
12950,1,0.709646451,0,0,0,0
12951,2,0.709064441,0,0,0,0
12952,1,0.707744092,0,0,0,0
12953,1,0.706547149,0,0,0,0
12954,1,0.705309453,0,0,0,0
12956,1,0.709586931,0,0,0,0
12957,1,0.707849582,0,0,0,0
12961,1,0.706916646,0,0,0,0
12962,1,0.706015714,0,0,0,0
12964,2,0.709633084,0,0,0,0
12967,1,0.709606776,0,0,0,0
12968,1,0.709321784,0,0,0,0
12969,1,0.705434779,0,0,0,0
12970,1,0.704772859,0,0,0,0
12971,1,0.707626832,0,0,0,0
12972,1,0.709375859,0,0,0,0
12977,1,0.70748081,0,0,0,0
12978,1,0.707261925,0,0,0,0
12979,2,0.707224881,0,0,0,0
12980,1,0.70658633,0,0,0,0
12981,2,0.707249983,0,0,0,0
12982,2,0.707238518,0,0,0,0
12988,2,0.709549989,0,0,0,0
12989,1,0.706606467,0,0,0,0
12990,1,0.705293348,0,0,0,0
12992,1,0.705823711,0,0,0,0
12993,2,0.707200332,0,0,0,0
12994,2,0.709461814,0,0,0,0
12995,2,0.706581474,0,0,0,0
12996,2,0.705572474,0,0,0,0
12997,1,0.707616486,0,0,0,0
13000,1,0.707659811,0,0,0,0
13001,2,0.706739039,0,0,0,0
13002,2,0.709348307,0,0,0,0
13003,2,0.707740913,0,0,0,0
13009,1,0.70767164,0,0,0,0
13010,1,0.708584046,0,0,0,0
13014,7,0.709594096,56.31091551111949,5.119543390031504e-4,0.8369278154109598,66.44450584186288
13018,7,0.70939648,0,0,0,0
13024,5,0.709925118,30.533803887740657,2.7760005755035757e-4,0.4538123657198807,36.02860106923071
13026,3,0.706212634,49.5039721411284,4.500685720610817e-4,0.7357587935159454,58.412599693519546
13032,3,0.709294871,64.23247919562579,5.839737487954129e-4,0.9546630169955177,75.79161696116147
13053,7,0.709234295,63.560387764999874,5.778633859822239e-4,0.9446739765459958,74.99857741308891
13174,3,0.705615077,43.69307611920073,3.972384341576308e-4,0.6493936462071288,51.55598741558227
13176,3,0.709705689,45.32009837605699,4.1203061248561016e-4,0.6735754619473973,53.4758050720574
13989,4,0.708178569,47.518626323503696,4.3201867185027766e-4,0.7062513503692996,56.06997534476014
13326,4,0.706656792,20.151708853906875,1.8321056747956126e-4,0.2995072183574713,23.778166710902337
13442,3,0.705903394,53.02167766778202,4.820500199093247e-4,0.7880411187979758,62.56334388395162
13069,3,0.709457086,64.15780727712021,5.832948642073428e-4,0.9535531965448969,75.70350724601418
13070,4,0.709679244,47.24795202751826,4.2955781894052516e-4,0.7022284207974611,55.750591089014996
13071,7,0.709627366,52.65807573168668,4.787443093350187e-4,0.7826370408977438,62.13430893135474
13072,3,0.709495408,59.81876539609134,5.438461836461028e-4,0.8890636600224607,70.5836207906931
13075,3,0.709435754,63.53311902045748,5.776154704233854e-4,0.9442686915210284,74.9664014443695
13076,3,0.706528284,27.564283111625077,2.506024669004209e-4,0.4096775028178362,32.52469176913802
13078,3,0.709715032,43.604479272513665,3.9643295018224625e-4,0.6480768648215471,51.45144687235301
13083,7,0.709402201,0,0,0,0
13084,3,0.70972567,41.0816134073225,3.7349615161159417e-4,0.6105804647370487,48.47457153306236
13094,3,0.706129127,49.374999336347095,4.488960074451121e-4,0.7338419195533524,58.260417222271315
13095,3,0.709417164,62.06439781767298,5.642624963911488e-4,0.9224396444075704,73.23337235662164
13100,3,0.709728642,40.25201951604782,3.6595384496654034e-4,0.5982505248523794,47.4956857228274
13101,3,0.709719824,42.747276802092145,3.886396383500161e-4,0.635336589078861,50.43998410289519
13102,3,0.706531578,26.73218818842878,2.4303742196150993e-4,0.3973103910427185,31.542854846696528
13191,4,0.706598172,22.943360218871373,2.0859104684675293e-4,0.3409984755508905,27.072197606052676
13195,3,0.705893278,53.79901720295951,4.891172526882736e-4,0.7995944219738085,63.48057175740028
13271,3,0.706526608,27.58094510369707,2.5075395048153955e-4,0.409925143697027,32.544352217197094
13303,3,0.70779269,44.05055344362037,4.0048846242782884e-4,0.6547066963230767,51.977795584658196
13650,3,0.707853869,45.559684544433146,4.142088256677612e-4,0.6771363404499346,53.758506648116054
13817,3,0.70795385,47.61966228787524,4.32937246870518e-4,0.7077530096510195,56.18919352233705
13819,3,0.709013263,62.82061493068505,5.711376932996153e-4,0.9336790130206521,74.12567666258387
14547,3,0.709867689,35.001601485966226,3.1821932906171793e-4,0.520215549714339,41.300413841604126
13904,4,0.709836107,36.06843458655773,3.2791851135848156e-4,0.5360714861377103,42.559231915171885
14586,3,0.709042806,63.80794734653742,5.801140899670477e-4,0.94835336086926,75.29068728046325
15436,3,0.709084025,65.6127813570594,5.965228553810061e-4,0.9751779253767808,77.42031530847926
15222,3,0.70942803,63.58978168062568,5.78130622671742e-4,0.9451108471840913,75.03326099407471
15223,4,0.708639429,49.71282107899851,4.519673357193939e-4,0.7388628361999614,58.659032633677256
13109,3,0.706833723,15.39220871078434,1.399392633702089e-4,0.2287685698898377,18.162157235765932
13120,4,0.709675727,47.290728421411956,4.299467232988011e-4,0.7028641901428474,55.8010654300582
13122,3,0.705560925,41.48029116139971,3.7712075625904583e-4,0.616505861238672,48.94499447183652
13130,7,0.709258968,65.11995284152466,5.920422729819742e-4,0.967853201757303,76.83879844123851
13134,7,0.709106793,66.53005124773439,6.048622740586384e-4,0.9888109604424826,78.50265510097444
13135,3,0.709728368,40.25474137290305,3.6597859090459754e-4,0.598290978780202,47.4988973991441
13148,3,0.707777925,44.057393733364,4.005506513654887e-4,0.6548083609594967,51.98586683812131
13152,3,0.707783491,44.0566441184666,4.0054383619305144e-4,0.6547972197171142,51.984982324151375
13153,7,0.709640462,0,0,0,0
13154,6,0.709128181,65.02249197353173,5.911562011822333e-4,0.966404677779367,76.72379872663734
13156,6,0.709159797,65.90151717087211,5.991479157510125e-4,0.9794692964491878,77.76101139366091
13160,6,0.709148467,65.08299225332146,5.917062433981717e-4,0.9673038705297703,76.79518650567512
13161,3,0.706078586,51.252952597330534,4.6596954126495804e-4,0.7617532277942635,60.47632288261384
13177,3,0.707780107,44.05736365385626,4.0055037789569396e-4,0.6548079138991625,51.98583134557054
13178,3,0.706066974,51.30641481952582,4.6645559652399964e-4,0.7625478165595639,60.53940605046382
13179,5,0.709973963,28.546970517705212,2.5953663316037335e-4,0.42428281364500803,33.68422147135222
13180,3,0.706230719,47.74035662751395,4.3403454728395126e-4,0.7095468439207953,56.3316077537949
13185,7,0.709298922,65.02352575876105,5.911655999076659e-4,0.966420042537793,76.72501854961632
13186,7,0.709644677,0,0,0,0
13187,6,0.709115421,65.7716165852362,5.979669161552552e-4,0.977538633231052,77.60773418012595
13197,5,0.709996958,27.57322573794749,2.5068376936738114e-4,0.409810413686788,32.53524369111493
13201,4,0.706667875,20.08463020585402,1.8260071760208335e-4,0.29851025381043755,23.69901673470399
13202,7,0.709317763,63.380039908598235,5.76223741753806e-4,0.9419935346440618,74.78577454725946
13235,3,0.709697449,46.22373691221821,4.2024610081996055e-4,0.6870058993524014,54.5420604410194
13236,3,0.708865742,61.05815451826746,5.551141701999013e-4,0.907484231257218,72.04604769356439
13243,7,0.709158839,65.90003634039425,5.991344526847208e-4,0.9794472874265039,77.75926407613917
13244,7,0.70941508,0,0,0,0
13245,3,0.705856411,54.46201307293229,4.951449226221199e-4,0.8094482785493287,64.26287892743444
13246,7,0.709517154,59.59810676792231,5.418400514228164e-4,0.8857840943832089,70.32325291396165
13285,4,0.707785769,44.05569898974193,4.0053524349397844e-4,0.6547831726267475,51.983867112109486
13552,5,0.70816308,46.77993399683564,4.253028026729888e-4,0.6952724460199812,55.198349547716525
13553,3,0.707815857,44.036502312389985,4.003607156573136e-4,0.6544978596799861,51.961215842300106
13554,3,0.706729826,18.91020823674114,1.7192338413217668e-4,0.2810552647721899,22.313248332978684
13681,4,0.70686307,13.767873393595973,1.2517151352841433e-4,0.20462668911645762,16.245510054798782
13682,3,0.706700271,20.675472445679617,1.879723981297303e-4,0.3072917183016712,24.39618566366518
14143,3,0.708046497,49.74363011288439,4.5224743804831547e-4,0.7393207392049291,58.69538599453867
14145,4,0.708034501,49.801107196349136,4.5276999467887166e-4,0.7401749993330716,58.763206529392036
13248,3,0.707829191,44.01380318511887,4.00154345070145e-4,0.6541604911462602,51.93443182927384
13250,5,0.710014994,25.842599486709894,2.349496686078421e-4,0.3840887710071351,30.493177689937397
13252,7,0.709416231,0,0,0,0
13255,3,0.705862793,54.49241951303883,4.954213647435966e-4,0.8099001979553944,64.29875724461242
13260,3,0.709416855,62.06665499074667,5.642830176264806e-4,0.9224731919162978,73.23603572567042
13268,3,0.706507784,29.37147172987926,2.670326393832256e-4,0.4365370629685207,34.65709813499132
13472,5,0.708166648,46.764206808788906,4.2515981792326914e-4,0.6950386987790593,55.17979212898941
14127,4,0.70706537,16.405808770007482,1.4915447402027673e-4,0.24383332377576117,19.358162565195634
13563,3,0.708837346,60.877439427583724,5.534711872371999e-4,0.9047983312912004,71.83281150676721
13564,3,0.710179253,18.493236882175445,1.681324620299108e-4,0.27485797741328155,21.821239717014006
13278,3,0.709514329,59.62921170164565,5.421228439442935e-4,0.88624639523542,70.35995542415408
13474,4,0.707828731,44.01479729610477,4.001633830946215e-4,0.6541752662414287,51.93560483831855
13939,4,0.708165148,46.770925253369306,4.2522089909772826e-4,0.6951385524769542,55.18771961029776
13288,5,0.710045769,24.81731932959969,2.256282675906139e-4,0.36885042024892367,29.283390337515417
13296,3,0.707839186,44.79399814378443,4.072475381168527e-4,0.6657562334002051,52.85502898203384
13300,7,0.709378234,63.12481444758778,5.739033429287757e-4,0.9382002152568365,74.48461926535408
13304,3,0.709689466,46.32411948128021,4.2115873545438466e-4,0.6884978474670403,54.66050763968277
13307,3,0.707867474,45.51851077739736,4.138344916954621e-4,0.6765243903407111,53.70992333918724
13309,7,0.709455371,0,0,0,0
13310,3,0.705854207,54.4507108703267,4.950421679144099e-4,0.8092802981915211,64.24954280493961
13316,3,0.709653282,48.3494330887175,4.3957200541737954e-4,0.7185993167400778,57.05029229510002
13322,3,0.707811603,44.041076168935184,4.004022991706172e-4,0.6545658391779507,51.966612800157726
13330,5,0.709369788,62.37141420622733,5.670537557915476e-4,0.9270027127405193,73.5956387491618
13336,3,0.705862538,54.49127081123326,4.954109212466608e-4,0.8098831252354078,64.29740182491912
13346,4,0.710102771,20.484652097986157,1.8623754256780173e-4,0.30445562772702034,24.171025699704717
13352,4,0.709494569,59.82641095219799,5.439156937151075e-4,0.8891772930279244,70.59264222450894
13359,4,0.706755855,18.800672499586284,1.70927532876637e-4,0.2794272765859857,22.18400078192721
13365,4,0.706696987,20.696472427322266,1.881633208242622e-4,0.3076038330772938,24.420964756497696
13370,4,0.709431119,63.56782090919538,5.779309648945678e-4,0.9447844525536531,75.00734820980638
13526,4,0.707950358,47.625804022111666,4.329930848454968e-4,0.7078442919214403,56.19644050975764
13527,3,0.707515918,38.72588685772707,3.520789109643141e-4,0.5755681930138304,45.69491353841447
13712,3,0.709730915,40.22926032249362,3.6574692828286504e-4,0.5979122635762318,47.46883083411992
13801,4,0.707955442,47.61656647600776,4.329091010962235e-4,0.7077069977714461,56.18554059487446
14091,3,0.709201155,63.56488560003721,5.779042783410603e-4,0.9447408261650744,75.00388466877286
13449,4,0.709594244,56.308805514761204,5.119351558344682e-4,0.8368964553340258,66.44201613513229
13450,3,0.70587755,54.549489175277834,4.959402172776657e-4,0.8107484027361264,64.36609703959913
13453,3,0.705876371,54.54561008314198,4.959049502600313e-4,0.8106907492585089,64.36151987444842
13457,3,0.71017486,18.515301749215592,1.6833306619907053e-4,0.2751859191773539,21.84727532971257
13461,3,0.710184629,18.46550706884753,1.6788035463431768e-4,0.27444583969753616,21.788519706569556
13664,4,0.709737068,40.166045689141434,3.651722083455421e-4,0.5969727284166053,47.394240232334525
14076,4,0.708011169,50.68529175641343,4.608086159283365e-4,0.7533162996574924,59.80650702687508
14077,3,0.708207221,47.41018451850234,4.310327661498311e-4,0.7046396208824814,55.94201858752198
13480,4,0.708873326,61.9025387622922,5.627909442958401e-4,0.9200339945545224,73.0423854963799
13487,3,0.707429798,37.11549579829229,3.374379362458918e-4,0.5516335604635223,43.79471999360931
13496,3,0.705882892,53.76724325941625,4.888283778206469e-4,0.7991221778819609,63.44307984383048
13558,4,0.709682417,46.409057088562925,4.219309512174962e-4,0.6897602429629067,54.76073043471396
13647,3,0.707849667,45.56969016896213,4.142997924518306e-4,0.677285050258732,53.770312863153286
13649,4,0.706824301,16.208186220305645,1.4735777579780258e-4,0.2408961346482777,19.124976289693606
13717,3,0.709740395,40.13089109581569,3.648525980812506e-4,0.5964502390071059,47.35275929457319
13722,3,0.710072963,24.644631520227108,2.240582651763611e-4,0.3662838267255461,29.079626004179204
13723,4,0.708103268,48.650419062946284,4.423084389149861e-4,0.7230727573082906,57.405443053020385
13916,4,0.707980448,49.97216953242621,4.5432521899727897e-4,0.7427174340623348,58.965052872780845
13630,4,0.708013141,50.67860332210735,4.6074780759423195e-4,0.7532168919909416,59.79861495642499
13631,4,0.709721857,42.72373358957257,3.884255937070891e-4,0.6349866752256956,50.412204104868266
13632,3,0.706711858,20.598887586857437,1.8727612192075594e-4,0.30615346654344955,24.30581875960723
13696,3,0.707073167,16.427652982836477,1.4935307209737076e-4,0.2441579860398427,19.383937815229363
13859,4,0.708132891,46.906687886412605,4.264551938775261e-4,0.6971563410860727,55.3479137925886
13965,4,0.709858477,35.88409774401573,3.262426010039628e-4,0.5333317574451807,42.34172221390032
13507,3,0.707810357,44.04217134399956,4.0041225602571517e-4,0.6545821163502504,51.96790506055347
13511,3,0.705947422,52.291761897195244,4.7541394336063245e-4,0.7771926570784966,61.702074053003045
13515,4,0.708926695,63.01517805181649,5.72906576528899e-4,0.9365707310197302,74.35525294137969
13524,3,0.709052572,63.86426274582922,5.806260850706336e-4,0.9491903553254056,75.35713707697725
13534,7,0.709471822,62.43113227771588,5.675966865100054e-4,0.9278902798251213,73.66610355538756
13535,4,0.709656267,48.31590334506455,4.3926716757922715e-4,0.7181009768560244,57.01072861143758
13537,3,0.70704131,14.748786265039744,1.3408954649167727e-4,0.2192056257072473,17.402945880968826
13540,3,0.707816363,44.035872343878104,4.003549882577471e-4,0.6544884966965283,51.96047250601996
13011,1,0.70953917,0,0,0,0
13012,1,0.706233503,0,0,0,0
13013,1,0.707618344,0,0,0,0
13015,2,0.709135031,0,0,0,0
13016,1,0.706763139,0,0,0,0
13017,2,0.709539035,0,0,0,0
13019,1,0.707775216,0,0,0,0
13020,1,0.709443256,0,0,0,0
13021,1,0.707187848,0,0,0,0
13022,1,0.705592578,0,0,0,0
13023,2,0.709114899,0,0,0,0
13025,1,0.709262227,0,0,0,0
13027,2,0.70580454,0,0,0,0
13028,2,0.709472319,0,0,0,0
13029,1,0.709552027,0,0,0,0
13030,2,0.70947631,0,0,0,0
13031,1,0.709152202,0,0,0,0
13033,2,0.706770229,0,0,0,0
13034,1,0.709601223,0,0,0,0
13038,1,0.707166138,0,0,0,0
13039,1,0.709653296,0,0,0,0
13040,1,0.707201888,0,0,0,0
13041,1,0.705883766,0,0,0,0
13042,1,0.707386015,0,0,0,0
13043,1,0.70961042,0,0,0,0
13047,1,0.709236901,0,0,0,0
13048,1,0.707749041,0,0,0,0
13049,1,0.709233794,0,0,0,0
13050,1,0.709460668,0,0,0,0
13051,1,0.707461814,0,0,0,0
13052,1,0.706845034,0,0,0,0
13054,2,0.709389074,0,0,0,0
13058,1,0.706633276,0,0,0,0
13062,1,0.709697383,0,0,0,0
13066,2,0.708835209,0,0,0,0
13067,2,0.706613222,0,0,0,0
13068,1,0.706613721,0,0,0,0
13175,2,0.707717201,0,0,0,0
13222,2,0.7068583,0,0,0,0
13223,2,0.709478787,0,0,0,0
13224,1,0.707695655,0,0,0,0
13987,1,0.709166482,0,0,0,0
13988,2,0.709590377,0,0,0,0
13990,1,0.709729135,0,0,0,0
13991,2,0.70791135,0,0,0,0
13992,2,0.708099337,0,0,0,0
13443,2,0.707635049,0,0,0,0
13465,1,0.707534219,0,0,0,0
13466,2,0.709484023,0,0,0,0
13467,1,0.707665671,0,0,0,0
13073,2,0.705820276,0,0,0,0
13074,1,0.707716983,0,0,0,0
13077,1,0.707714612,0,0,0,0
13082,1,0.706769017,0,0,0,0
13096,1,0.704878967,0,0,0,0
13097,2,0.707752419,0,0,0,0
13098,1,0.709644248,0,0,0,0
13099,1,0.707753959,0,0,0,0
13188,2,0.706641298,0,0,0,0
13189,1,0.705904984,0,0,0,0
13190,2,0.707774485,0,0,0,0
13192,2,0.70596799,0,0,0,0
13193,2,0.709711872,0,0,0,0
13194,1,0.707079969,0,0,0,0
13272,1,0.709644721,0,0,0,0
13273,1,0.70763829,0,0,0,0
13274,1,0.709695703,0,0,0,0
13302,1,0.709637869,0,0,0,0
13470,2,0.709887572,0,0,0,0
13471,1,0.707614205,0,0,0,0
13641,1,0.707816454,0,0,0,0
13642,1,0.709303884,0,0,0,0
13643,1,0.709011937,0,0,0,0
13644,1,0.707788239,0,0,0,0
13645,2,0.709158164,0,0,0,0
13646,1,0.707750403,0,0,0,0
13651,2,0.707983551,0,0,0,0
13815,1,0.705793017,0,0,0,0
13816,2,0.707123676,0,0,0,0
13818,1,0.709289744,0,0,0,0
13820,1,0.709296665,0,0,0,0
13821,1,0.708141478,0,0,0,0
13822,1,0.709763343,0,0,0,0
14546,2,0.708130586,0,0,0,0
14548,1,0.707963931,0,0,0,0
14549,1,0.708453111,0,0,0,0
13899,1,0.70968983,0,0,0,0
13903,1,0.709740192,0,0,0,0
13905,1,0.70959225,0,0,0,0
14472,2,0.708078192,0,0,0,0
14473,1,0.70824443,0,0,0,0
14474,2,0.709774003,0,0,0,0
14587,1,0.709719125,0,0,0,0
14588,1,0.708235444,0,0,0,0
15435,1,0.709323592,0,0,0,0
15221,2,0.70871146,0,0,0,0
15224,2,0.708204486,0,0,0,0
15225,1,0.708126378,0,0,0,0
15226,1,0.70952576999999994,0,0,0,0
15227,2,0.70960208,0,0,0,0
15228,1,0.706997522,0,0,0,0
13103,1,0.709279268,0,0,0,0
13104,1,0.709334704,0,0,0,0
13105,2,0.70942465,0,0,0,0
13106,1,0.707156186,0,0,0,0
13107,1,0.707911496,0,0,0,0
13108,1,0.705962454,0,0,0,0
13110,2,0.707676744,0,0,0,0
13119,1,0.707703821,0,0,0,0
13121,1,0.707738361,0,0,0,0
13123,1,0.707820416,0,0,0,0
13127,1,0.706636634,0,0,0,0
13128,1,0.70781202,0,0,0,0
13129,1,0.707290749,0,0,0,0
13131,1,0.709618998,0,0,0,0
13132,1,0.705700973,0,0,0,0
13133,1,0.705954964,0,0,0,0
13136,1,0.707722892,0,0,0,0
13137,2,0.709487474,0,0,0,0
13138,1,0.707856612,0,0,0,0
13139,1,0.707883209,0,0,0,0
13146,1,0.707252909,0,0,0,0
13147,1,0.707699745,0,0,0,0
13155,1,0.709635845,0,0,0,0
13162,1,0.704854622,0,0,0,0
13163,2,0.709309113,0,0,0,0
13164,1,0.707814812,0,0,0,0
13165,2,0.709705407,0,0,0,0
13166,1,0.709675952,0,0,0,0
13167,1,0.709678398,0,0,0,0
13168,1,0.707759469,0,0,0,0
13169,1,0.707177394,0,0,0,0
13170,1,0.705823368,0,0,0,0
13171,2,0.709512381,0,0,0,0
13172,2,0.707754456,0,0,0,0
13173,2,0.707735208,0,0,0,0
13184,1,0.709366704,0,0,0,0
13196,1,0.707717621,0,0,0,0
13198,1,0.70770142,0,0,0,0
13199,2,0.709349106,0,0,0,0
13200,2,0.707336039,0,0,0,0
13203,1,0.709596051,0,0,0,0
13229,1,0.705849981,0,0,0,0
13230,1,0.70771023,0,0,0,0
13231,2,0.707697779,0,0,0,0
13237,1,0.707227181,0,0,0,0
13238,1,0.707761793,0,0,0,0
13242,2,0.707820941,0,0,0,0
13247,2,0.709481622,0,0,0,0
13284,1,0.709786353,0,0,0,0
13286,2,0.70773566,0,0,0,0
13944,1,0.709653154,0,0,0,0
14144,2,0.707936137,0,0,0,0
13249,2,0.707224295,0,0,0,0
13251,2,0.70686737,0,0,0,0
13253,2,0.706666463,0,0,0,0
13254,2,0.705858696,0,0,0,0
13256,1,0.707699714,0,0,0,0
13257,2,0.709519678,0,0,0,0
13258,2,0.707717823,0,0,0,0
13259,2,0.709542163,0,0,0,0
13261,1,0.709479179,0,0,0,0
13262,2,0.707757406,0,0,0,0
13263,1,0.705858012,0,0,0,0
13264,1,0.707711332,0,0,0,0
13265,1,0.706592195,0,0,0,0
13266,1,0.706636109,0,0,0,0
13267,1,0.709603383,0,0,0,0
13269,1,0.705824197,0,0,0,0
13270,1,0.709744296,0,0,0,0
14128,2,0.709409152,0,0,0,0
14129,1,0.707908819,0,0,0,0
13565,2,0.70778178,0,0,0,0
13842,2,0.709676977,0,0,0,0
13277,2,0.706617577,0,0,0,0
13279,1,0.707728642,0,0,0,0
13280,1,0.709245723,0,0,0,0
13281,2,0.706653012,0,0,0,0
13282,2,0.707624721,0,0,0,0
13283,1,0.708521161,0,0,0,0
13940,2,0.708005374,0,0,0,0
13941,1,0.708156271,0,0,0,0
13287,1,0.707752903,0,0,0,0
13289,1,0.705913322,0,0,0,0
13293,1,0.707813351,0,0,0,0
13294,2,0.708773727,0,0,0,0
13295,1,0.709357826,0,0,0,0
13297,2,0.705291616,0,0,0,0
13298,2,0.70869592,0,0,0,0
13299,2,0.709547906,0,0,0,0
13305,1,0.705750066,0,0,0,0
13306,2,0.709809204,0,0,0,0
13308,1,0.706653216,0,0,0,0
13311,1,0.707428313,0,0,0,0
13312,2,0.706655873,0,0,0,0
13313,1,0.709797136,0,0,0,0
13314,1,0.707634931,0,0,0,0
13315,2,0.706633614,0,0,0,0
13317,1,0.707727866,0,0,0,0
13318,2,0.705822038,0,0,0,0
13323,1,0.709586887,0,0,0,0
13324,1,0.705672277,0,0,0,0
13325,1,0.706196851,0,0,0,0
13329,1,0.706450608,0,0,0,0
13331,2,0.705782034,0,0,0,0
13332,1,0.709335961,0,0,0,0
13333,1,0.707742186,0,0,0,0
13334,1,0.706162031,0,0,0,0
13335,1,0.707306433,0,0,0,0
13337,1,0.707742171,0,0,0,0
13338,1,0.705871588,0,0,0,0
13339,2,0.709576191,0,0,0,0
13340,2,0.707441974,0,0,0,0
13341,1,0.707723435,0,0,0,0
13342,2,0.707787339,0,0,0,0
13343,1,0.707789783,0,0,0,0
13344,1,0.707755043,0,0,0,0
13345,1,0.705860055,0,0,0,0
13347,2,0.709701568,0,0,0,0
13348,1,0.705924403,0,0,0,0
13349,2,0.707809562,0,0,0,0
13350,1,0.709579732,0,0,0,0
13351,1,0.706841283,0,0,0,0
13353,1,0.708529419,0,0,0,0
13354,1,0.707749354,0,0,0,0
13355,1,0.709345997,0,0,0,0
13356,2,0.709557914,0,0,0,0
13357,2,0.706765696,0,0,0,0
13358,1,0.706696397,0,0,0,0
13360,1,0.706665315,0,0,0,0
13361,1,0.706048629,0,0,0,0
13362,1,0.707501399,0,0,0,0
13363,2,0.706466287,0,0,0,0
13364,2,0.709485446,0,0,0,0
13366,2,0.709333885,0,0,0,0
13444,1,0.707524924,0,0,0,0
13445,1,0.707577341,0,0,0,0
13446,1,0.707920541,0,0,0,0
13525,2,0.707861233,0,0,0,0
13654,1,0.709361511,0,0,0,0
13655,2,0.70944857,0,0,0,0
13656,1,0.709413563,0,0,0,0
13711,1,0.708003926,0,0,0,0
13713,1,0.707812683,0,0,0,0
13714,2,0.706910622,0,0,0,0
13715,2,0.709322533,0,0,0,0
13716,2,0.70978642,0,0,0,0
13802,1,0.70963921,0,0,0,0
13803,2,0.707914945,0,0,0,0
14089,1,0.709627826,0,0,0,0
14090,1,0.707900449,0,0,0,0
13447,1,0.70585631,0,0,0,0
13448,1,0.709777409,0,0,0,0
13451,1,0.707770524,0,0,0,0
13452,1,0.709511878,0,0,0,0
13454,1,0.705891307,0,0,0,0
13455,2,0.707856358,0,0,0,0
13456,1,0.707099685,0,0,0,0
13458,1,0.709748115,0,0,0,0
13459,1,0.705945344,0,0,0,0
13460,2,0.707825964,0,0,0,0
13462,1,0.705898794,0,0,0,0
13463,1,0.708046953,0,0,0,0
13518,1,0.709189451,0,0,0,0
13519,2,0.709944673,0,0,0,0
13520,1,0.709396068,0,0,0,0
13662,1,0.707992694,0,0,0,0
13663,1,0.707810501,0,0,0,0
13761,1,0.709728585,0,0,0,0
13762,1,0.708098616,0,0,0,0
13763,1,0.706191029,0,0,0,0
14078,2,0.709768658,0,0,0,0
14415,1,0.709541039,0,0,0,0
14416,1,0.706385131,0,0,0,0
14417,1,0.708230243,0,0,0,0
14460,1,0.709720845,0,0,0,0
14461,1,0.708373572,0,0,0,0
14462,2,0.709807772,0,0,0,0
14769,1,0.708063698,0,0,0,0
14770,2,0.709709831,0,0,0,0
14771,1,0.709431819,0,0,0,0
13464,2,0.709820262,0,0,0,0
13477,1,0.709316416,0,0,0,0
13478,2,0.707524718,0,0,0,0
13479,1,0.707739885,0,0,0,0
13481,2,0.709845262,0,0,0,0
13482,1,0.705755747,0,0,0,0
13483,1,0.707860632,0,0,0,0
13484,2,0.709703567,0,0,0,0
13485,1,0.707078285,0,0,0,0
13486,1,0.709439123,0,0,0,0
13488,1,0.709293327,0,0,0,0
13489,1,0.70684052,0,0,0,0
13490,1,0.709808748,0,0,0,0
13494,1,0.708020086,0,0,0,0
13495,1,0.70785712,0,0,0,0
13557,2,0.707892645,0,0,0,0
13559,1,0.705927216,0,0,0,0
13648,1,0.709649052,0,0,0,0
13707,2,0.710028512,0,0,0,0
13708,1,0.707859373,0,0,0,0
13709,1,0.707870385,0,0,0,0
13710,1,0.706116799,0,0,0,0
13718,2,0.708929874,0,0,0,0
13719,1,0.709717369,0,0,0,0
13720,1,0.707475493,0,0,0,0
13721,2,0.706601559,0,0,0,0
13724,1,0.707986835,0,0,0,0
14079,1,0.709529702,0,0,0,0
13506,1,0.708053037,0,0,0,0
13594,1,0.709644646,0,0,0,0
13595,2,0.709653804,0,0,0,0
13830,1,0.7097798,0,0,0,0
13915,2,0.707872039,0,0,0,0
13584,1,0.707609116,0,0,0,0
13585,1,0.709805167,0,0,0,0
13586,1,0.707813483,0,0,0,0
13629,1,0.706000542,0,0,0,0
13633,1,0.709762879,0,0,0,0
13634,1,0.707897376,0,0,0,0
13692,2,0.707865302,0,0,0,0
13693,2,0.70969658,0,0,0,0
13694,1,0.709237424,0,0,0,0
13695,1,0.709714923,0,0,0,0
13697,1,0.709642108,0,0,0,0
13809,1,0.707580394,0,0,0,0
13810,1,0.709750202,0,0,0,0
13811,1,0.709785173,0,0,0,0
13857,1,0.707259962,0,0,0,0
13858,2,0.709587258,0,0,0,0
13917,2,0.708010452,0,0,0,0
13963,1,0.709739384,0,0,0,0
13964,1,0.709623448,0,0,0,0
13966,1,0.709349879,0,0,0,0
13967,1,0.707970028,0,0,0,0
13968,1,0.707918595,0,0,0,0
14125,2,0.709208834,0,0,0,0
14126,1,0.709711766,0,0,0,0
14130,1,0.708033946,0,0,0,0
13508,1,0.709737628,0,0,0,0
13509,1,0.709058468,0,0,0,0
13510,1,0.707899201,0,0,0,0
13512,1,0.709780608,0,0,0,0
13513,1,0.705915274,0,0,0,0
13514,1,0.707907499,0,0,0,0
13516,2,0.705917523,0,0,0,0
13517,1,0.709468045,0,0,0,0
13521,1,0.707795951,0,0,0,0
13522,1,0.705914365,0,0,0,0
13523,1,0.705980715,0,0,0,0
13528,2,0.705952428,0,0,0,0
13529,1,0.709697962,0,0,0,0
13530,1,0.709601833,0,0,0,0
13531,1,0.709507068,0,0,0,0
13532,2,0.709349012,0,0,0,0
13533,2,0.707872291,0,0,0,0
13536,1,0.70933713,0,0,0,0
13538,2,0.705954699,0,0,0,0
13539,1,0.705923597,0,0,0,0
13541,1,0.70576711,0,0,0,0
13550,3,0.707045544,14.757142220047756,1.3416551519834875e-4,0.21932981710259314,17.41280555553289
13560,7,0.709488549,59.87936910313939,5.443971661776654e-4,0.8899643899730422,70.65513060953448
13561,3,0.709169389,65.91638612727591,5.992830978321114e-4,0.9796902881181657,77.7785561352384
13568,3,0.707815905,44.036443336689054,4.003601794759052e-4,0.654496983146474,51.96114625345984
13570,4,0.709700215,45.38862754672415,4.1265364988347334e-4,0.6745939850628146,53.55666660377647
13572,3,0.707808624,44.04351033948196,4.004244295899504e-4,0.6546020173331016,51.969485018761304
13573,3,0.707538736,40.51038562181896,3.6830279716702026e-4,0.6020905224534941,47.800546833118894
13577,3,0.710153736,20.2299236019142,1.8392166193172802e-4,0.30066969454150283,23.870456815471254
13579,3,0.709693936,46.26845787060606,4.206526843124012e-4,0.6876705700235654,54.59482928616931
13580,5,0.708168825,46.7541809823032,4.250686674718005e-4,0.6948896887162285,55.1679620764951
13583,3,0.710108527,20.459884843746185,1.8601236947021917e-4,0.30408752140524165,24.141801384061864
13587,5,0.708166995,46.76263057650429,4.251454875052665e-4,0.6950152718354451,55.17793224135852
13590,4,0.708112587,48.604411350147885,4.418901568114017e-4,0.7223889620935454,57.351155891924584
13605,5,0.708225774,47.34196545169154,4.304125480812821e-4,0.703625706723262,55.86152296527728
13611,3,0.707837048,44.7985031189561,4.0728849539068324e-4,0.6658231891403965,52.86034466277521
13612,3,0.70781551,44.03692376839912,4.0036454735194367e-4,0.6545041236210678,51.96171314261936
13613,3,0.70672336,18.938208340002767,1.7217794888622505e-4,0.2814714197048762,22.346287274147603
13614,4,0.709712134,44.43959228108764,4.040254342400307e-4,0.6604888332568511,52.43684500827662
13621,3,0.709712082,44.44023851535793,4.0403130952079437e-4,0.6604984379921174,52.437607537465816
13627,3,0.708850844,60.16623342958704,5.47005211798964e-4,0.8942279458373712,70.99361841854035
13635,4,0.708083189,47.95976033142629,4.3602927028200137e-4,0.7128077580959905,56.59049487281983
13638,3,0.708878431,62.73404019758197,5.70350593500973e-4,0.9323922855436065,74.02352212811729
13639,4,0.706822401,16.21156013611659,1.4738844997212855e-4,0.2409462798814603,19.128957368082677
13669,3,0.708908336,62.90926538356751,5.719436646392006e-4,0.9349965911348183,74.23028045886328
13678,4,0.709736245,40.17463659299774,3.652503131048996e-4,0.5971004117677213,47.4043771366325
13680,3,0.71008447,22.97170451093556,2.088487408156135e-4,0.341419746031424,27.105642675495215
13689,4,0.709737323,40.16337538477715,3.651479311002985e-4,0.5969330406939356,47.39108938578334
13690,7,0.709518858,58.780183768721955,5.344038514496797e-4,0.8736276145483186,69.35813826424813
13700,3,0.707709477,44.725273846277275,4.0662272671067366e-4,0.6647348101884486,52.773937208871494
13734,3,0.709765733,37.47872219825201,3.4074023260907476e-4,0.5570320569123653,44.223311829401375
13742,4,0.708030836,49.81653933193879,4.529102969400496e-4,0.740404361321044,58.78141579866128
13748,4,0.709755239,38.374115203601676,3.4888075616549457e-4,0.5703399441150441,45.279837819694876
13749,3,0.706748699,19.626709614305412,1.7843750285705036e-4,0.29170435344746454,23.158689745805138
13752,3,0.710040138,25.66074383074285,2.3329631612192472e-4,0.38138591925118076,30.278595684200123
13753,4,0.708039266,49.77955280976801,4.525740315758996e-4,0.739854644646771,58.737773262109705
13759,3,0.708944002,62.32153737410952,5.666002973388361e-4,0.9262614122703514,73.53678619041818
13769,3,0.710039827,25.663139959294423,2.3331810067999225e-4,0.3814215320025614,30.281423014853473
13770,4,0.708123815,48.54448776268825,4.413453576311693e-4,0.7214983405028829,57.28044858551894
13777,3,0.707762605,44.048026981163005,4.0046549293060727e-4,0.6546691464682045,51.9748144654918
13782,3,0.706780979,17.91660741330309,1.6288999783079848e-4,0.26628775195513527,21.14084125846801
13785,4,0.709783834,37.32018217802565,3.392988557370453e-4,0.5546757366220824,44.03624129068816
13791,3,0.706811897,17.031583072101093,1.5484374165667717e-4,0.2531339702816434,20.096549854653503
13796,3,0.707999375,49.926078029517384,4.539061751104736e-4,0.7420323935069052,58.91066684288793
13799,4,0.709793832,37.23497187205041,3.3852416071609157e-4,0.5534092881088047,43.93569672269866
13800,4,0.709786219,37.3003729196623,3.391187585804017e-4,0.554381319115699,44.012867201116016
13804,7,0.709563155,56.71122003405428,5.155937335251341e-4,0.842877389962146,66.91684829929306
13805,3,0.710028831,25.745506541534013,2.3406694180224484e-4,0.382645715326717,30.37861210874615
13808,3,0.708988825,61.041865746735155,5.54966079777515e-4,0.9072421374135906,72.02682763000456
13834,4,0.70979905,37.99036022086099,3.4539182286109145e-4,0.564636339113367,44.827023121849614
13836,3,0.709039909,62.191273885400875,5.65415998386266e-4,0.9243253553612569,73.38308076655991
13838,3,0.709584481,56.44403266647033,5.131645822510011e-4,0.8389062852868315,66.60157847202842
13840,3,0.707976736,49.97805431935145,4.5437872091912026e-4,0.7428048974221613,58.97199667320894
13851,7,0.709589197,56.37971714693326,5.12579853535558e-4,0.837950388072684,66.52568887096592
13853,3,0.707748701,44.0250199106705,4.002563226576774e-4,0.6543272010909802,51.94766709244932
13855,3,0.709093674,67.26146898877455,6.115120058690802e-4,0.9996817453800971,79.36569719372444
13866,4,0.706902958,15.343859004002232,1.3949968887649032e-4,0.2280499665052964,18.10510662052417
13869,3,0.709629591,52.62961218305117,4.784855311373086e-4,0.7822139979519467,62.10072314418674
13878,4,0.707983498,49.96655932821285,4.54274213461964e-4,0.742634051721386,58.95843306837446
13882,3,0.707826009,44.020371332855674,4.002140598111069e-4,0.6542581110390778,51.94218196664432
13884,3,0.709179767,64.33595098998899,5.849144693219372e-4,0.9562008790960893,75.91370931541694
13887,3,0.708038703,49.782187241637736,4.5259798268403327e-4,0.739893799210137,58.74088178062994
13890,4,0.709816882,37.831606188234524,3.43948500281452e-4,0.562276838037816,44.63970005752853
13912,3,0.70794753,46.83156459679019,4.257722056196848e-4,0.6960398120774517,55.25927147855641
13913,7,0.709600347,55.42268855459225,5.038789660441744e-4,0.8237264344785424,65.39643548700921
14083,3,0.708793854,59.77702580730498,5.434667054686763e-4,0.888443300318804,70.53436983595762
14134,3,0.709815269,37.84670964686449,3.440858143547428e-4,0.5625013150245883,44.65752150184465
14505,3,0.709747696,39.253885961362144,3.568792490451676e-4,0.5834156437670861,46.31793021657612
15021,3,0.709550397,56.852375253003615,5.168770553492977e-4,0.8449753265337117,67.08340550556396
14351,7,0.70983446,36.08094055470195,3.2803221017862604e-4,0.5362573576069191,42.57398843024316
14437,3,0.709805221,37.93747114693287,3.44910978416678e-4,0.563850268833742,44.76461624478697
14544,5,0.707889574,45.423125885235,4.1296729376457026e-4,0.6751067208054877,53.597373188528515
13906,4,0.7098386,36.04922532900333,3.2774386914809054e-4,0.5357859862161632,42.53656580125408
13908,3,0.708085915,47.94568278600794,4.359012833651839e-4,0.7125985288688258,56.573883962833754
13909,3,0.708047789,49.73680429114658,4.5218538064746854e-4,0.7392192896010016,58.68733181271235
13910,4,0.7069173,16.15205573843451,1.468474618829348e-4,0.2400618885497375,19.058744687938578
13911,3,0.709606465,54.536209760001675,4.958194866127787e-4,0.8105510358150573,64.3504278895261
14026,4,0.709865407,35.82156330021009,3.25674065053999e-4,0.5324023316852343,42.267934207098314
14029,3,0.709634898,50.96300332310776,4.633334486409649e-4,0.757443821519252,60.13419496531627
14432,3,0.709755101,38.37551470695859,3.488934798409937e-4,0.5703607444035232,45.281489174643205
14434,7,0.709878666,34.106081057025726,3.100776470254612e-4,0.506905768663078,40.243737496846514
14436,4,0.708618555,46.41020374221321,4.2194137609349527e-4,0.6897772852419366,54.76208343767038
14579,4,0.709746116,39.27024723554141,3.57027998630069e-4,0.5836588151901024,46.33723583020213
14584,4,0.709544826,57.71069613767655,5.246805353172013e-4,0.8577322248439349,68.09618795667829
14585,3,0.708561281,43.01810084694656,3.911018527113192e-4,0.6393617443114377,50.75954505599127
14716,7,0.709984137,28.471497380355,2.588504642392342e-4,0.4231610849820768,33.59516635175325
14717,3,0.709890979,32.410485735473046,2.94662032234206e-4,0.4817047774270554,38.24300651554866
14719,3,0.709609727,55.291728296359025,5.026883323663001e-4,0.8217800217478323,65.24190790449262
14789,4,0.709543973,57.719822959174365,5.247635124065401e-4,0.8578678733360341,68.10695722119522
15143,3,0.708753165,57.8141599234038,5.256211830326926e-4,0.8592699679151828,68.21827086108104
15450,3,0.708694629,50.12571081254144,4.5572114949952005e-4,0.7449994599710926,59.14622510894471
15451,3,0.709841587,36.02576719590006,3.275305980101926e-4,0.5354373368661476,42.50888619335086
15454,3,0.709183736,64.34422736663487,5.849897145367703e-4,0.9563238877483708,75.92347509086927
13923,3,0.70912625,65.81556967813978,5.983665185488649e-4,0.9781918914082715,77.65959697638299
13924,4,0.709847625,35.976879378511406,3.270861312490089e-4,0.5347107357474139,42.45120063028387
13927,4,0.706919879,16.153267938996834,1.468584826829341e-4,0.24007990502770202,19.060175033487287
13937,4,0.706939873,16.177397008869445,1.4707785368596734e-4,0.24043852625687376,19.08864631848696
13945,4,0.708157478,46.00532639309959,4.1826040742585065e-4,0.6837597465067311,54.284345238171454
13952,7,0.709628052,52.64934161252777,4.78664902524453e-4,0.782507228991813,62.12400303903866
13970,3,0.709137888,65.05668092149116,5.914670322190742e-4,0.9669128151674234,76.76414024358476
13973,3,0.709037793,62.18023654249514,5.653156516676881e-4,0.9241613115128805,73.37005716734257
14157,7,0.709701832,45.368597231418974,4.12471542973312e-4,0.674296282070807,53.533031676334275
14159,3,0.70922727,64.36617131289113,5.85189219346784e-4,0.9566500323126181,75.9493680221417
14420,7,0.709848896,35.96633870105891,3.2699029999659797e-4,0.5345540736496093,42.438763075358466
14679,7,0.709978809,28.511567023147748,2.592147599943974e-4,0.4237566249107467,33.642446840632864
13980,4,0.708182384,47.505830800493875,4.3190234052330076e-4,0.706061175355762,56.05487716715711
13981,4,0.707989788,49.95278352664517,4.541489698689269e-4,0.74242930719882,58.942178203408545
13982,4,0.708200412,48.23752729845054,4.3855460667032077e-4,0.7169361033518766,56.918248181314254
13997,4,0.708149699,46.03914709961481,4.185678905717285e-4,0.684262410861635,54.32425224574236
14002,4,0.708190704,47.474430980454834,4.316168670237671e-4,0.7055944917198977,56.01782670354663
14004,3,0.709794044,37.233103483639105,3.385071741417227e-4,0.553381518959303,43.93349210315762
14005,7,0.709646904,49.22123953708123,4.4749809026184645e-4,0.7315566458771999,58.078987142724
14016,3,0.708065473,48.846997268884806,4.440956424184313e-4,0.7259944247498551,57.63739704691853
14030,4,0.70702308,15.520860532371934,1.4110890974666361e-4,0.23068067320076124,18.313960960380484
14152,3,0.707837974,44.796592303725696,4.07271123090138e-4,0.6657947894171472,52.858089981376644
14309,3,0.708173403,46.734683190931854,4.2489140203750707e-4,0.6945999004258119,55.14495550483989
14347,4,0.70855134,43.77263453872925,3.9796174468654264e-4,0.6505760928722057,51.649862995887624
15016,3,0.709330333,64.14210388430105,5.831520957934772e-4,0.9533198029634324,75.68497790465223
14032,4,0.708261834,42.42583314031399,3.857172124597837e-4,0.6305590936467975,50.060694136305486
14033,3,0.70981084,37.88742296846515,3.4445596215751785e-4,0.5631064217076548,44.70556150457561
14034,3,0.709798146,37.997924980054634,3.4546059835972344e-4,0.5647487712649061,44.835949218715065
14035,4,0.709878555,34.10702109126182,3.1008619340766103e-4,0.50691974003599,40.2448466976067
14041,4,0.708001472,49.919318799155626,4.538447231294391e-4,0.7419319336253852,58.90269123607738
14045,4,0.709843204,36.01286733567367,3.2741331809464706e-4,0.5352456111280667,42.49366490223186
14046,3,0.708203498,48.22476782473926,4.3843860308787866e-4,0.7167464641254132,56.90319254036342
14050,4,0.709839927,36.038863346028855,3.276496625081113e-4,0.5356319799867238,42.524339098277736
14053,3,0.709651074,48.37381382098407,4.397936644253827e-4,0.7189616783321203,57.079060531112724
14055,3,0.709795906,37.2165838792582,3.383569850875286e-4,0.5531359943344506,43.913999666569985
14058,3,0.709671847,47.33689452081811,4.303664453844981e-4,0.7035503393977713,55.85553948067247
14061,3,0.708042153,49.76567475768077,4.52447858365635e-4,0.7396483804134495,58.7213977458423
14063,4,0.709884733,32.45736857077203,2.9508827057073855e-4,0.4824015792561662,38.29832628429387
14070,3,0.708097119,48.684681273539915,4.426199360238155e-4,0.7235819835711386,57.44587101678692
14074,4,0.709849379,35.962310343077185,3.269536759188489e-4,0.5344942016902434,42.43400978280372
14087,4,0.709881196,33.28535581140717,3.026159702473439e-4,0.49470764010072976,39.275316314521774
14100,7,0.709661184,48.259248331146715,4.387520848472515e-4,0.7172589348362856,56.94387808398538
14105,7,0.709680483,0,0,0,0
13542,1,0.70776302,0,0,0,0
13543,1,0.705945841,0,0,0,0
13544,1,0.709258709,0,0,0,0
13545,2,0.709164802,0,0,0,0
13546,1,0.709660707,0,0,0,0
13547,2,0.705946127,0,0,0,0
13548,1,0.707497882,0,0,0,0
13549,1,0.707845234,0,0,0,0
13551,1,0.706558918,0,0,0,0
13555,1,0.707822599,0,0,0,0
13556,1,0.707710764,0,0,0,0
13562,2,0.707949658,0,0,0,0
13566,1,0.706969351,0,0,0,0
13567,1,0.707875031,0,0,0,0
13569,1,0.707920423,0,0,0,0
13571,1,0.709417796,0,0,0,0
13574,1,0.709434889,0,0,0,0
13575,2,0.70760562,0,0,0,0
13576,1,0.707427125,0,0,0,0
13578,1,0.709405963,0,0,0,0
13581,2,0.709364484,0,0,0,0
13582,1,0.709135394,0,0,0,0
13588,2,0.707830355,0,0,0,0
13589,1,0.707932995,0,0,0,0
13591,1,0.707772478,0,0,0,0
13592,1,0.709653581,0,0,0,0
13593,1,0.709780512,0,0,0,0
13597,2,0.708685695,0,0,0,0
13598,1,0.70872998,0,0,0,0
13599,2,0.707917568,0,0,0,0
13600,1,0.709204829,0,0,0,0
13601,1,0.705959614,0,0,0,0
13602,1,0.708059892,0,0,0,0
13603,2,0.709451218,0,0,0,0
13604,2,0.707549937,0,0,0,0
13606,2,0.709405676,0,0,0,0
13607,1,0.707436166,0,0,0,0
13608,2,0.709985615,0,0,0,0
13609,1,0.709434403,0,0,0,0
13610,1,0.707799806,0,0,0,0
13615,2,0.70740685699999994,0,0,0,0
13616,1,0.709617675,0,0,0,0
13617,2,0.707571161,0,0,0,0
13618,2,0.709137895,0,0,0,0
13619,1,0.707533813,0,0,0,0
13620,1,0.709453477,0,0,0,0
13622,1,0.70970247,0,0,0,0
13623,1,0.709237357,0,0,0,0
13624,2,0.709571885,0,0,0,0
13625,2,0.709143203,0,0,0,0
13626,1,0.707598113,0,0,0,0
13628,2,0.709850706,0,0,0,0
13636,1,0.707808871,0,0,0,0
13637,1,0.707757478,0,0,0,0
13640,1,0.709310115,0,0,0,0
13652,1,0.707168791,0,0,0,0
13653,1,0.707322114,0,0,0,0
13657,1,0.709291703,0,0,0,0
13658,2,0.70965622799999994,0,0,0,0
13659,1,0.705796333,0,0,0,0
13660,2,0.709055656,0,0,0,0
13661,2,0.707863297,0,0,0,0
13665,2,0.707556288,0,0,0,0
13666,1,0.707867844,0,0,0,0
13667,1,0.709738777,0,0,0,0
13668,1,0.709576214,0,0,0,0
13670,1,0.707931218,0,0,0,0
13671,2,0.709819965,0,0,0,0
13672,2,0.709245401,0,0,0,0
13673,1,0.709467939,0,0,0,0
13674,1,0.707633629,0,0,0,0
13679,2,0.710003309,0,0,0,0
13684,1,0.70948011,0,0,0,0
13685,2,0.706985217,0,0,0,0
13686,1,0.707259238,0,0,0,0
13687,1,0.708079329,0,0,0,0
13688,1,0.70727528,0,0,0,0
13691,2,0.707871778,0,0,0,0
13698,1,0.709805231,0,0,0,0
13699,1,0.708062603,0,0,0,0
13701,1,0.709428551,0,0,0,0
13728,1,0.70935118,0,0,0,0
13729,1,0.708991565,0,0,0,0
13730,1,0.708037226,0,0,0,0
13731,1,0.70753368,0,0,0,0
13732,1,0.707911351,0,0,0,0
13733,1,0.709776348,0,0,0,0
13735,1,0.709646698,0,0,0,0
13736,1,0.707861872,0,0,0,0
13737,1,0.709220748,0,0,0,0
13741,1,0.709184912,0,0,0,0
13743,1,0.709776821,0,0,0,0
13744,2,0.707988039,0,0,0,0
13745,1,0.707258378,0,0,0,0
13746,2,0.707953933,0,0,0,0
13747,1,0.707847462,0,0,0,0
13750,1,0.707923793,0,0,0,0
13751,2,0.709046337,0,0,0,0
13754,1,0.707925953,0,0,0,0
13755,2,0.709828092,0,0,0,0
13756,1,0.709729908,0,0,0,0
13757,1,0.709611048,0,0,0,0
13758,1,0.708439345,0,0,0,0
13760,1,0.706103116,0,0,0,0
13764,1,0.707883136,0,0,0,0
13765,1,0.706163792,0,0,0,0
13766,1,0.709644956,0,0,0,0
13767,1,0.70952095,0,0,0,0
13768,1,0.707773759,0,0,0,0
13774,1,0.709092109,0,0,0,0
13775,2,0.70982086,0,0,0,0
13776,1,0.709605768,0,0,0,0
13778,1,0.709357433,0,0,0,0
13779,2,0.709245441,0,0,0,0
13780,1,0.707809258,0,0,0,0
13781,1,0.709235835,0,0,0,0
13783,1,0.706848915,0,0,0,0
13784,2,0.706727144,0,0,0,0
13786,1,0.707857903,0,0,0,0
13787,2,0.710021703,0,0,0,0
13788,1,0.707248169,0,0,0,0
13789,1,0.70738947,0,0,0,0
13790,1,0.707350552,0,0,0,0
13792,1,0.709543403,0,0,0,0
13793,1,0.709541763,0,0,0,0
13794,1,0.708800661,0,0,0,0
13795,1,0.707911351,0,0,0,0
13797,1,0.709459332,0,0,0,0
13798,1,0.708131577,0,0,0,0
13806,1,0.70965751,0,0,0,0
13807,1,0.709551546,0,0,0,0
13812,1,0.707860068,0,0,0,0
13813,2,0.70924505,0,0,0,0
13814,1,0.707910629,0,0,0,0
13823,1,0.709555435,0,0,0,0
13824,2,0.709236092,0,0,0,0
13825,1,0.707747332,0,0,0,0
13826,1,0.709632958,0,0,0,0
13827,1,0.708077988,0,0,0,0
13831,2,0.707228542,0,0,0,0
13832,1,0.708146396,0,0,0,0
13833,2,0.707938689,0,0,0,0
13835,2,0.709736117,0,0,0,0
13837,1,0.709060464,0,0,0,0
13839,2,0.708035221,0,0,0,0
13841,2,0.709348353,0,0,0,0
13848,1,0.707831005,0,0,0,0
13849,1,0.709236952,0,0,0,0
13850,2,0.709134668,0,0,0,0
13852,1,0.709396015,0,0,0,0
13854,1,0.707939684,0,0,0,0
13856,1,0.709608905,0,0,0,0
13860,1,0.707973693,0,0,0,0
13864,1,0.708041962,0,0,0,0
13865,1,0.70931365,0,0,0,0
13867,2,0.70943028,0,0,0,0
13868,1,0.709140531,0,0,0,0
13879,1,0.709506354,0,0,0,0
13880,1,0.707827119,0,0,0,0
13881,2,0.706954036,0,0,0,0
13883,1,0.708894427,0,0,0,0
13885,1,0.709204165,0,0,0,0
13886,1,0.708094932,0,0,0,0
13888,2,0.706987975,0,0,0,0
13889,2,0.707238998,0,0,0,0
13891,1,0.707758725,0,0,0,0
13892,1,0.707877312,0,0,0,0
13893,1,0.709541977,0,0,0,0
13894,2,0.707826271,0,0,0,0
13895,1,0.709609821,0,0,0,0
13896,1,0.709544304,0,0,0,0
13897,2,0.708998192,0,0,0,0
13898,1,0.708685138,0,0,0,0
13998,2,0.708025155,0,0,0,0
13920,2,0.708002306,0,0,0,0
14084,2,0.709310463,0,0,0,0
14085,1,0.709191437,0,0,0,0
14135,1,0.708122438,0,0,0,0
15019,1,0.708200725,0,0,0,0
15020,1,0.709510891,0,0,0,0
14236,1,0.708028802,0,0,0,0
14237,2,0.707341136,0,0,0,0
14238,1,0.709766107,0,0,0,0
14371,2,0.709752628,0,0,0,0
14372,1,0.707974777,0,0,0,0
14373,1,0.708296633,0,0,0,0
13999,1,0.709580198,0,0,0,0
14000,1,0.70942895,0,0,0,0
14349,1,0.708344897,0,0,0,0
14350,1,0.709719288,0,0,0,0
14352,1,0.709387301,0,0,0,0
14438,1,0.708205403,0,0,0,0
14259,2,0.708154789,0,0,0,0
14260,1,0.7096817,0,0,0,0
14261,2,0.707973986,0,0,0,0
14442,2,0.709705225,0,0,0,0
14443,2,0.708241601,0,0,0,0
14444,2,0.708257656,0,0,0,0
14545,1,0.708277929,0,0,0,0
13907,1,0.707935249,0,0,0,0
13921,2,0.709745474,0,0,0,0
13922,2,0.709585172,0,0,0,0
14019,1,0.709314457,0,0,0,0
14020,1,0.709807993,0,0,0,0
14021,2,0.708062384,0,0,0,0
14022,1,0.708017712,0,0,0,0
14027,1,0.707430115,0,0,0,0
14028,1,0.707800785,0,0,0,0
14433,1,0.709714716,0,0,0,0
14435,2,0.7087579,0,0,0,0
14440,2,0.709234315,0,0,0,0
14441,1,0.708825377,0,0,0,0
14445,1,0.708053542,0,0,0,0
14578,1,0.708174641,0,0,0,0
14580,1,0.709765115,0,0,0,0
14581,1,0.709716938,0,0,0,0
14582,2,0.707741804,0,0,0,0
14583,1,0.7091751,0,0,0,0
14715,1,0.708316812,0,0,0,0
14718,1,0.709369972,0,0,0,0
14720,1,0.708288219,0,0,0,0
14724,1,0.709711007,0,0,0,0
14725,1,0.709454571,0,0,0,0
14786,1,0.709557838,0,0,0,0
14787,2,0.709699004,0,0,0,0
14788,2,0.709527118,0,0,0,0
14790,1,0.709355366,0,0,0,0
14791,2,0.709420993,0,0,0,0
14792,1,0.709475551,0,0,0,0
14793,1,0.708381084,0,0,0,0
15140,1,0.708191565,0,0,0,0
15141,1,0.709428614,0,0,0,0
15142,2,0.707313366,0,0,0,0
15144,1,0.708142412,0,0,0,0
15145,1,0.709583524,0,0,0,0
15146,1,0.708916338,0,0,0,0
15153,1,0.709430865,0,0,0,0
15452,2,0.708257292,0,0,0,0
15453,1,0.710223966,0,0,0,0
15455,2,0.708066892,0,0,0,0
15456,1,0.705858473,0,0,0,0
15528,2,0.709198879,0,0,0,0
13925,1,0.709741911,0,0,0,0
13926,2,0.709500592,0,0,0,0
13928,1,0.70978622,0,0,0,0
13929,2,0.707993136,0,0,0,0
13930,1,0.709570337,0,0,0,0
13931,1,0.708757329,0,0,0,0
13932,1,0.709772949,0,0,0,0
13933,2,0.707295428,0,0,0,0
13934,1,0.709735386,0,0,0,0
13935,1,0.70791111,0,0,0,0
13936,1,0.707409677,0,0,0,0
13938,2,0.709577123,0,0,0,0
13946,2,0.708020446,0,0,0,0
13947,1,0.709039777,0,0,0,0
13948,1,0.7078969,0,0,0,0
13949,1,0.708204128,0,0,0,0
13950,2,0.709720812,0,0,0,0
13951,1,0.708052638,0,0,0,0
13953,1,0.706119562,0,0,0,0
13954,1,0.709419006,0,0,0,0
13955,1,0.70898149,0,0,0,0
13956,1,0.707383222,0,0,0,0
13957,2,0.708195708,0,0,0,0
13958,1,0.707981007,0,0,0,0
13959,1,0.707938453,0,0,0,0
13960,2,0.709769644,0,0,0,0
13961,1,0.709746951,0,0,0,0
13962,1,0.707881094,0,0,0,0
13969,2,0.709190625,0,0,0,0
13971,1,0.707423299,0,0,0,0
13972,1,0.707939923,0,0,0,0
13974,1,0.707894657,0,0,0,0
13975,1,0.709579271,0,0,0,0
13976,1,0.709674757,0,0,0,0
14158,1,0.709770543,0,0,0,0
14418,1,0.70917251,0,0,0,0
14419,2,0.709331854,0,0,0,0
15437,2,0.708224133,0,0,0,0
14680,1,0.709635319,0,0,0,0
14681,1,0.709371498,0,0,0,0
14721,2,0.709421543,0,0,0,0
14722,2,0.709736674,0,0,0,0
14723,2,0.709717096,0,0,0,0
13977,1,0.709709753,0,0,0,0
13978,2,0.709461892,0,0,0,0
13979,1,0.707911022,0,0,0,0
13983,2,0.709460457,0,0,0,0
13984,1,0.707990094,0,0,0,0
13985,1,0.709335679,0,0,0,0
13986,2,0.709615939,0,0,0,0
13993,2,0.707115476,0,0,0,0
13994,2,0.707151682,0,0,0,0
13995,2,0.709760797,0,0,0,0
13996,1,0.708090956,0,0,0,0
14001,1,0.70805061,0,0,0,0
14003,2,0.70820881,0,0,0,0
14006,2,0.708022794,0,0,0,0
14007,2,0.709758799,0,0,0,0
14008,2,0.708028229,0,0,0,0
14009,2,0.709568071,0,0,0,0
14010,1,0.707358914,0,0,0,0
14011,1,0.708860622,0,0,0,0
14012,2,0.708192632,0,0,0,0
14013,2,0.70801061,0,0,0,0
14014,1,0.707490989,0,0,0,0
14015,1,0.706142388,0,0,0,0
14017,2,0.707999698,0,0,0,0
14018,1,0.709731866,0,0,0,0
14031,1,0.709451478,0,0,0,0
14153,1,0.70965961,0,0,0,0
14154,1,0.708181398,0,0,0,0
14308,1,0.708061374,0,0,0,0
14310,2,0.708025911,0,0,0,0
14348,2,0.708853357,0,0,0,0
14439,2,0.709754052,0,0,0,0
15017,2,0.709567956,0,0,0,0
15018,2,0.70841624,0,0,0,0
15172,1,0.707438183,0,0,0,0
15173,1,0.709803447,0,0,0,0
15174,1,0.708266382,0,0,0,0
14036,1,0.709196555,0,0,0,0
14037,1,0.70967861,0,0,0,0
14038,2,0.708316346,0,0,0,0
14039,1,0.706205059,0,0,0,0
14040,1,0.708220466,0,0,0,0
14042,2,0.708333004,0,0,0,0
14043,1,0.70810093,0,0,0,0
14044,2,0.707211216,0,0,0,0
14047,2,0.70961894700000006,0,0,0,0
14048,2,0.707235919,0,0,0,0
14049,1,0.707986482,0,0,0,0
14051,1,0.709580129,0,0,0,0
14052,1,0.709281068,0,0,0,0
14054,1,0.709733059,0,0,0,0
14056,1,0.709734097,0,0,0,0
14057,1,0.709458761,0,0,0,0
14059,2,0.708200074,0,0,0,0
14060,1,0.708202806,0,0,0,0
14062,1,0.707527541,0,0,0,0
14064,2,0.708374962,0,0,0,0
14065,1,0.709749279,0,0,0,0
14066,2,0.707915445,0,0,0,0
14067,1,0.709246694,0,0,0,0
14068,2,0.709637588,0,0,0,0
14069,1,0.709700996,0,0,0,0
14071,1,0.70784803,0,0,0,0
14072,2,0.707314082,0,0,0,0
14073,1,0.709615922,0,0,0,0
14075,1,0.707885467,0,0,0,0
14082,2,0.709780581,0,0,0,0
14086,1,0.707986513,0,0,0,0
14088,1,0.707421622,0,0,0,0
14092,2,0.708862058,0,0,0,0
14093,2,0.709793475,0,0,0,0
14094,2,0.709758439,0,0,0,0
14095,2,0.709748042,0,0,0,0
14096,1,0.707827931,0,0,0,0
14097,1,0.708519355,0,0,0,0
14098,1,0.70968054,0,0,0,0
14099,2,0.708930698,0,0,0,0
14101,1,0.709726272,0,0,0,0
14102,1,0.706457347,0,0,0,0
14103,2,0.709367919,0,0,0,0
14104,2,0.707920426,0,0,0,0
14109,3,0.708045121,49.750764011944625,4.5231229635411195e-4,0.7394267676454482,58.70380369461477
14111,3,0.708911667,63.72650994353918,5.793736965381065e-4,0.9471429875843399,75.1945945788947
14113,3,0.709539534,56.96647365782598,5.17914388393734e-4,0.8466711279218279,67.21803681206916
14120,3,0.708131702,46.9109578932492,4.2649401492150525e-4,0.6972198045808694,55.35295222060248
14133,3,0.709708058,45.28980753239457,4.1175522131669943e-4,0.6731252606075108,53.44006315380915
14773,3,0.70980168,37.96808588941325,3.4518931433269055e-4,0.5643052841591172,44.800740349982576
14904,3,0.708375525,41.758414087721306,3.7964932887439383e-4,0.6206394969828124,49.273167797292075
15372,4,0.709317781,63.37999519617357,5.762233352478985e-4,0.9419928701002243,74.78572178848376
14141,4,0.708018411,49.86142427126561,4.533183712758277e-4,0.7410714691788133,58.834378134404574
14150,3,0.707856798,45.551952805783145,4.1413853206457646e-4,0.6770214265459616,53.74938352253312
14163,3,0.708180767,47.51137733870623,4.319527672350402e-4,0.7061436114530448,56.061421848366926
14171,3,0.708214082,46.58648003065811,4.2354400339787495e-4,0.6923972129710073,54.9700820249966
14175,3,0.708208354,47.40584803627317,4.309933407405107e-4,0.7045751693890954,55.93690172134792
14183,4,0.70840877,41.843357113024666,3.8042159389579136e-4,0.6219019730046682,49.37339698535918
14188,4,0.709474012,62.411020376373735,5.674138378550997e-4,0.9275913642507381,73.64237235986197
14189,3,0.70900582,61.96863639168406,5.633918751785621e-4,0.9210163785926553,73.12037791192486
14192,3,0.709258744,65.12044429267534,5.920467410419713e-4,0.96786050600967,76.8393783328733
14193,4,0.708053472,49.705316382567645,4.518991062852636e-4,0.738751296738523,58.65017740833922
14195,3,0.709260702,65.11597470008665,5.920061054511878e-4,0.967794076147412,76.83410440208786
14199,4,0.707109268,18.141279015930944,1.6493261427153824e-4,0.26962696091427707,21.40594427584586
14203,4,0.707120563,18.977578010981862,1.7253588080226527e-4,0.2820565562175205,22.3927418258028
14205,4,0.70713015,19.821602287060674,1.8020938222628697e-4,0.2946009694475446,23.38865488162088
14226,4,0.708475727,41.941077270191194,3.8131002303986374e-4,0.6233543506994128,49.48870265025175
14227,3,0.708008115,49.895734594418506,4.5363030580310875e-4,0.741581410520412,58.874862868962275
14228,3,0.709046565,63.830742968881246,5.803213378454256e-4,0.9486921635727144,75.31758515360642
14229,7,0.7097464,39.267317467185386,3.5700136245112344e-4,0.5836152711523681,46.33377882708151
14233,4,0.709473489,62.4158648868687,5.67457882036334e-4,0.9276633663758764,73.64808867796765
14235,4,0.707265775,26.40932410632677,2.401020822278174e-4,0.3925117844412161,31.161888844019508
14251,4,0.708507381,43.62620866420707,3.9663050435554217e-4,0.6483998205425667,51.4770866382884
14258,3,0.708010638,50.68704261707359,4.6082453399153657e-4,0.7533423220365302,59.80857296862556
14267,4,0.709460438,63.32851272819947,5.757552790527061e-4,0.9412277056722897,74.72497464713452
14273,3,0.707159978,19.99820045409056,1.8181493591068942e-4,0.2972256811361464,23.59703327210474
14277,4,0.708057381,49.68593707035455,4.5172291801191843e-4,0.7384632693589741,58.627310637094844
14280,4,0.709466414,62.478837198518114,5.680303988901865e-4,0.9285992999997884,73.72239335036174
14283,3,0.708004467,49.909094391374126,4.5375176726324574e-4,0.7417799721239469,58.89062686602761
14284,3,0.709752962,39.198268204921945,3.563735966067952e-4,0.5825890181124852,46.25230360920953
14288,3,0.709762972,37.50230524445551,0.00034095463940252163,0.5573825627984921,44.25113882949567
14290,4,0.708265907,43.21830536816426,3.929220250952189e-4,0.6423373083039116,50.99577794900808
14293,4,0.708068141,48.8347366902096,4.43984174572553e-4,0.7258122004114089,57.62293008107336
14299,7,0.70978703,37.2935629492334,3.390568452927573e-4,0.5542801051037736,44.0048317231658
14312,3,0.708194297,48.260848890300664,4.387666364345638e-4,0.7172827233409473,56.945766676296294
14316,4,0.708074872,48.801509341053325,4.4368208597357135e-4,0.7253183549022595,57.58372321016593
14317,4,0.709470823,62.44015478662073,5.676787152346426e-4,0.9280243779586487,73.67674973544332
14318,3,0.708238031,47.292353008519065,4.299614933378073e-4,0.7028883357658791,55.80298237434066
14321,4,0.707309535,30.1165962421857,2.738069871932441e-4,0.44761156645746936,35.53631363986238
14324,7,0.709815335,37.846094539015034,3.4408022206185206e-4,0.5624921729095291,44.65679570051953
14328,3,0.708225306,47.343656029356715,4.3042791807772505e-4,0.703650833138971,55.86351777563562
14334,3,0.709775291,37.39367678042999,3.3996703667945574e-4,0.5557680590692751,44.122961822479844
14340,4,0.709476593,62.386731419534,5.671930132293394e-4,0.9272303666821144,73.61371241498304
14345,4,0.708085506,47.94782876807359,4.3592079370025766e-4,0.7126304237877028,56.57641613118164
14346,3,0.709805695,37.93331871161325,3.448732262817675e-4,0.5637885527598842,44.759716546205475
14364,3,0.707298934,29.99221212171687,2.726761408981855e-4,0.4457628923723315,35.389545622611905
14384,4,0.707358086,33.903728712139554,3.082379475634363e-4,0.5038982823806817,40.00497026246814
14387,4,0.70948682,60.69398066815167,5.518032600322012e-4,0.9020716532154522,71.61633790653926
14388,3,0.707324797,31.89368653832019,2.8996351882922493e-4,0.47402378664305955,37.633205254769784
14390,3,0.707351472,33.82287457363719,3.0750285692147234e-4,0.5026965779351137,39.909565788410205
14394,4,0.709500976,59.76638739518665,5.433699856552147e-4,0.8882851856276678,70.5218169582477
14399,4,0.708092197,47.911222717519884,4.3558798741848023e-4,0.7120863619190109,56.53322253509488
14402,3,0.709756798,37.55852672861743,3.4146578067061566e-4,0.5582181614296226,44.31747781011652
14408,4,0.708576206,43.079423312238994,3.9165936988005767e-4,0.6402731568936515,50.831902979253165
14431,4,0.707393191,35.9186326182584,3.265565770520342e-4,0.5338450362046017,42.38247190927531
14447,7,0.709897187,32.362002246253226,2.942212414487818e-4,0.4809841856847984,38.1857980426716
14451,4,0.708106123,48.6354748102599,4.4217257227285265e-4,0.7228506465391751,57.38780946500445
14463,7,0.70991259,32.23364762338177,2.930542970737223e-4,0.4790764995258601,38.03434500001012
14465,3,0.709034434,62.161820851201895,5.651482242164073e-4,0.9238876060661934,73.34832742815064
14466,3,0.708098813,48.675513220259795,4.425365840730548e-4,0.723445722266671,57.435053100505485
14468,3,0.709046202,63.82860271250631,5.803018795658402e-4,0.9486603537526105,75.315059741332135
14469,4,0.709508246,59.69372206880581,5.42709344129534e-4,0.8872051883960116,70.4360749371957
14475,3,0.708073846,48.80678634705644,4.4373006221575667e-4,0.7253967850443733,57.58994985473419
15470,3,0.709356523,63.2451812256214,5.749976652946405e-4,0.9399891811025053,74.626646987930215
15574,3,0.709845035,35.998090157411184,3.2727897042046997e-4,0.5350259835228519,42.476228454991116
16888,4,0.711662125,0.8538462072678558,7.76279814818219e-6,0.012690392874264484,1.0075025204599737
15631,3,0.709791746,37.25322002586197,3.3869006498949626e-4,0.553680503509339,43.95722877472676
14482,3,0.709813115,37.866649108041095,3.442670952587042e-4,0.5627976676860845,44.681049225246184
14501,4,0.707426759,37.0836605092834,3.371485036519873e-4,0.5511604046172472,43.757155694976824
14508,3,0.708496752,43.60313614206563,3.9642073902470285e-4,0.6480569023822672,51.449862035060086
14929,3,0.708491483,43.5889337832479,3.9629161735877327e-4,0.6478458181008075,51.43310385052575
14930,3,0.709444238,64.26650689941668,5.842831138704422e-4,0.9551687578725513,75.8317682167892
14931,3,0.708408626,41.843000215444526,3.8041834913830387e-4,0.621896668571072,49.3729758612639
14629,3,0.708113484,48.59986460896813,4.41848819819201e-4,0.7223213856009904,57.34579092905482
14630,4,0.709736823,40.16860749679403,3.6519549918589755e-4,0.5970108035937309,47.3972630573409
14633,3,0.709904876,32.29935972364288,2.936517228933583e-4,0.48005315359050127,38.1118825074374
14634,3,0.708081084,47.9702676636214,4.3612479837384303e-4,0.7129639245958606,56.60289308174759
14781,3,0.709028271,62.125180488962684,5.648151059877166e-4,0.9233430342359116,73.30509334572179
14514,3,0.708074415,48.80386924016233,4.4370354114931296e-4,0.7253534291891532,57.58650779160473
14516,3,0.708531067,44.494284349512796,4.0452267072580203e-4,0.6613017007609914,52.50137934281894
14524,3,0.709817226,37.82836607962876,3.4391904262400663e-4,0.5622286815304585,44.63587686599932
14525,3,0.709064375,63.12290543173939,5.738859869874287e-4,0.9381718422771208,74.48236670715043
14541,3,0.709861854,35.853943218787045,3.259684491829299e-4,0.5328835821545584,42.30614114565574
14550,7,0.709918383,31.385739461017593,2.8534548504574505e-4,0.4664743615645897,37.03384912214707
14558,3,0.7094102,61.313244590487805,5.57433338128969e-4,0.9112755384121201,72.34704322240637
14563,4,0.709529492,57.07234723527664,5.188769448869054e-4,0.8482446868150061,67.3429631690919
14589,3,0.708103587,48.64856757362156,4.422916059797584e-4,0.7230452393235138,57.40325837368892
14593,3,0.709903667,32.309398920179234,2.937429948995092e-4,0.4802023623673323,38.123728336027696
14595,4,0.709740333,40.13155244925039,3.648586108188777e-4,0.596460068452788,47.353539663738864
14597,4,0.70974887,39.2416313080898,3.5676783507047357e-4,0.5832335074956589,46.303470242456484
14599,3,0.70903804,62.1815473942172,5.653275693611017e-4,0.9241807942056784,73.37160391709995
14944,3,0.708166785,46.76358548113492,4.2515416908262227e-4,0.6950294642214006,55.179058988557216
14945,3,0.708181687,47.508243815753495,4.3192427860796925e-4,0.7060970390878901,56.057724423413894
15201,3,0.709487426,59.888878538385256,5.444836218246995e-4,0.8901057251084041,70.66635134214044
15232,3,0.70827281,44.01230291879442,4.001407053015941e-4,0.6541381932559478,51.93266157827269
14106,1,0.709615332,0,0,0,0
14107,1,0.709268378,0,0,0,0
14108,1,0.707882678,0,0,0,0
14110,1,0.708107708,0,0,0,0
14112,1,0.70757139,0,0,0,0
14114,1,0.708365114,0,0,0,0
14115,2,0.709755291,0,0,0,0
14116,1,0.709673828,0,0,0,0
14117,1,0.709702318,0,0,0,0
14118,1,0.709742125,0,0,0,0
14119,1,0.708030838,0,0,0,0
14121,1,0.706208186,0,0,0,0
14122,1,0.709185296,0,0,0,0
14123,1,0.708030268,0,0,0,0
14124,1,0.709188675,0,0,0,0
14131,1,0.707987156,0,0,0,0
14132,1,0.709743541,0,0,0,0
14506,1,0.708272246,0,0,0,0
14507,1,0.709655185,0,0,0,0
14772,2,0.709567334,0,0,0,0
14774,1,0.708084201,0,0,0,0
14908,1,0.70888922,0,0,0,0
14909,1,0.709626172,0,0,0,0
14961,2,0.708364703,0,0,0,0
14962,1,0.709518799,0,0,0,0
14963,2,0.709626445,0,0,0,0
15147,2,0.709581376,0,0,0,0
15148,1,0.70957796,0,0,0,0
15149,1,0.709596423,0,0,0,0
15406,1,0.709359991,0,0,0,0
15407,2,0.709404195,0,0,0,0
14136,2,0.709429614,0,0,0,0
14137,2,0.70942682,0,0,0,0
14138,2,0.709405255,0,0,0,0
14139,1,0.709204656,0,0,0,0
14140,1,0.708113633,0,0,0,0
14142,2,0.706257252,0,0,0,0
14146,2,0.709267326,0,0,0,0
14147,1,0.709409792,0,0,0,0
14148,1,0.709243769,0,0,0,0
14149,1,0.709586125,0,0,0,0
14151,2,0.709233443,0,0,0,0
14215,1,0.709748768,0,0,0,0
14216,1,0.708093075,0,0,0,0
14217,1,0.709759222,0,0,0,0
14218,1,0.706251208,0,0,0,0
14219,2,0.709091097,0,0,0,0
14220,1,0.708003734,0,0,0,0
14296,1,0.707976387,0,0,0,0
14297,1,0.709079234,0,0,0,0
14298,1,0.709330924,0,0,0,0
14341,2,0.709712839,0,0,0,0
14342,1,0.708596213,0,0,0,0
14343,1,0.706439585,0,0,0,0
15052,1,0.708399226,0,0,0,0
15053,2,0.708186774,0,0,0,0
15054,1,0.709692201,0,0,0,0
14155,1,0.709755886,0,0,0,0
14156,2,0.709023643,0,0,0,0
14160,2,0.709660047,0,0,0,0
14161,1,0.706210231,0,0,0,0
14162,2,0.708425105,0,0,0,0
14164,1,0.709599398,0,0,0,0
14165,1,0.70940312,0,0,0,0
14166,1,0.709231216,0,0,0,0
14167,1,0.708227112,0,0,0,0
14168,2,0.708100893,0,0,0,0
14169,1,0.707992648,0,0,0,0
14170,2,0.709793312,0,0,0,0
14172,1,0.707980542,0,0,0,0
14173,2,0.709793241,0,0,0,0
14174,1,0.709722511,0,0,0,0
14176,2,0.709221372,0,0,0,0
14177,1,0.707903149,0,0,0,0
14178,1,0.709790803,0,0,0,0
14179,1,0.708081461,0,0,0,0
14180,1,0.708121677,0,0,0,0
14181,2,0.706284912,0,0,0,0
14182,1,0.709523109,0,0,0,0
14184,1,0.709752405,0,0,0,0
14185,1,0.709364862,0,0,0,0
14186,1,0.709000625,0,0,0,0
14187,1,0.709365395,0,0,0,0
14190,1,0.709595426,0,0,0,0
14191,2,0.709801001,0,0,0,0
14194,1,0.70920584,0,0,0,0
14196,1,0.70922292,0,0,0,0
14197,1,0.709746659,0,0,0,0
14198,2,0.709210815,0,0,0,0
14200,2,0.709772725,0,0,0,0
14201,2,0.709261398,0,0,0,0
14202,2,0.709799642,0,0,0,0
14204,1,0.709338864,0,0,0,0
14206,1,0.708394837,0,0,0,0
14207,2,0.708114599,0,0,0,0
14208,1,0.70927494,0,0,0,0
14209,2,0.709713217,0,0,0,0
14210,1,0.707914665,0,0,0,0
14211,1,0.709683007,0,0,0,0
14212,1,0.709418079,0,0,0,0
14213,2,0.708447675,0,0,0,0
14214,1,0.707917725,0,0,0,0
14221,1,0.709356681,0,0,0,0
14222,2,0.706318356,0,0,0,0
14223,1,0.708237412,0,0,0,0
14224,1,0.709713127,0,0,0,0
14225,1,0.708931964,0,0,0,0
14230,1,0.708387769,0,0,0,0
14231,1,0.70813109,0,0,0,0
14232,1,0.709600177,0,0,0,0
14234,2,0.709031861,0,0,0,0
14239,1,0.707934934,0,0,0,0
14240,1,0.708096561,0,0,0,0
14241,2,0.708129503,0,0,0,0
14242,2,0.709776551,0,0,0,0
14243,1,0.708398034,0,0,0,0
14244,1,0.7092484,0,0,0,0
14245,1,0.7097479,0,0,0,0
14246,1,0.707916812,0,0,0,0
14247,1,0.709361259,0,0,0,0
14248,1,0.708228651,0,0,0,0
14249,1,0.709724139,0,0,0,0
14250,1,0.709222068,0,0,0,0
14252,1,0.708512139,0,0,0,0
14253,1,0.709353699,0,0,0,0
14254,1,0.708899372,0,0,0,0
14255,2,0.709432525,0,0,0,0
14256,1,0.708137504,0,0,0,0
14257,1,0.706287409,0,0,0,0
14262,1,0.708295113,0,0,0,0
14263,2,0.709718519,0,0,0,0
14264,2,0.708738403,0,0,0,0
14265,1,0.709373617,0,0,0,0
14266,1,0.709449104,0,0,0,0
14268,1,0.709309741,0,0,0,0
14269,1,0.709738991,0,0,0,0
14270,2,0.709466474,0,0,0,0
14271,2,0.708122307,0,0,0,0
14272,1,0.709765051,0,0,0,0
14274,1,0.709706096,0,0,0,0
14275,1,0.708133167,0,0,0,0
14276,2,0.709759085,0,0,0,0
14278,1,0.709055713,0,0,0,0
14279,2,0.709588843,0,0,0,0
14281,1,0.709216628,0,0,0,0
14282,1,0.706298121,0,0,0,0
14285,1,0.709752136,0,0,0,0
14286,1,0.709799316,0,0,0,0
14287,1,0.709642955,0,0,0,0
14289,1,0.709246037,0,0,0,0
14291,2,0.707951827,0,0,0,0
14292,2,0.708133898,0,0,0,0
14294,2,0.709239282,0,0,0,0
14295,1,0.709767562,0,0,0,0
14300,1,0.708779936,0,0,0,0
14301,1,0.709375753,0,0,0,0
14302,1,0.708320714,0,0,0,0
14303,2,0.709281573,0,0,0,0
14304,1,0.709680836,0,0,0,0
14305,1,0.70853701,0,0,0,0
14306,1,0.709721464,0,0,0,0
14307,2,0.709692695,0,0,0,0
14311,1,0.709273284,0,0,0,0
14313,2,0.706367522,0,0,0,0
14314,1,0.709356832,0,0,0,0
14315,1,0.708150852,0,0,0,0
14319,1,0.709685179,0,0,0,0
14320,1,0.709614827,0,0,0,0
14322,2,0.709698614,0,0,0,0
14323,2,0.709679186,0,0,0,0
14325,2,0.709135927,0,0,0,0
14326,1,0.708251242,0,0,0,0
14327,1,0.709652892,0,0,0,0
14329,1,0.709735182,0,0,0,0
14330,1,0.708411872,0,0,0,0
14331,2,0.7082199,0,0,0,0
14332,1,0.70970236,0,0,0,0
14333,2,0.707934606,0,0,0,0
14335,1,0.709368427,0,0,0,0
14336,1,0.709255327,0,0,0,0
14337,1,0.706290141,0,0,0,0
14338,2,0.708149381,0,0,0,0
14339,1,0.707987723,0,0,0,0
14344,2,0.709786111,0,0,0,0
14353,1,0.708453497,0,0,0,0
14354,1,0.707917358,0,0,0,0
14355,1,0.70969021,0,0,0,0
14356,1,0.708907153,0,0,0,0
14357,2,0.708829598,0,0,0,0
14358,1,0.709745693,0,0,0,0
14359,2,0.709740655,0,0,0,0
14360,1,0.708027303,0,0,0,0
14361,1,0.70968915,0,0,0,0
14362,1,0.70968686,0,0,0,0
14363,2,0.708350008,0,0,0,0
14365,1,0.707589052,0,0,0,0
14366,1,0.707913588,0,0,0,0
14367,1,0.707739991,0,0,0,0
14368,1,0.70795535,0,0,0,0
14369,2,0.709108399,0,0,0,0
14370,1,0.709392183,0,0,0,0
14374,2,0.707980914,0,0,0,0
14375,1,0.709452715,0,0,0,0
14376,1,0.708220717,0,0,0,0
14377,2,0.709327413,0,0,0,0
14378,1,0.70826483,0,0,0,0
14379,2,0.70928626,0,0,0,0
14380,1,0.70637988,0,0,0,0
14381,1,0.709749566,0,0,0,0
14382,1,0.708089518,0,0,0,0
14383,1,0.709619723,0,0,0,0
14385,2,0.709731133,0,0,0,0
14386,2,0.709732658,0,0,0,0
14389,2,0.709069465,0,0,0,0
14391,1,0.70896289,0,0,0,0
14392,2,0.70798464,0,0,0,0
14393,1,0.70841029,0,0,0,0
14395,1,0.709269191,0,0,0,0
14396,2,0.70798623,0,0,0,0
14397,1,0.707972428,0,0,0,0
14398,1,0.708004247,0,0,0,0
14400,2,0.708171998,0,0,0,0
14401,1,0.709686479,0,0,0,0
14403,1,0.709725899,0,0,0,0
14404,1,0.708409107,0,0,0,0
14405,1,0.709749196,0,0,0,0
14406,1,0.7097087,0,0,0,0
14407,2,0.708970756,0,0,0,0
14409,1,0.70842353,0,0,0,0
14410,1,0.709274061,0,0,0,0
14411,2,0.70835741,0,0,0,0
14412,1,0.707959561,0,0,0,0
14413,2,0.708000517,0,0,0,0
14414,1,0.708295056,0,0,0,0
14421,2,0.709236866,0,0,0,0
14422,1,0.708021269,0,0,0,0
14423,2,0.708491556,0,0,0,0
14424,1,0.709772813,0,0,0,0
14425,1,0.709693722,0,0,0,0
14426,1,0.709282844,0,0,0,0
14427,1,0.707990064,0,0,0,0
14428,2,0.709748437,0,0,0,0
14429,2,0.708866856,0,0,0,0
14430,2,0.708726035,0,0,0,0
14446,1,0.709361864,0,0,0,0
14448,1,0.706437685,0,0,0,0
14449,1,0.709642748,0,0,0,0
14450,2,0.707705855,0,0,0,0
14452,2,0.708216818,0,0,0,0
14453,2,0.708161572,0,0,0,0
14454,2,0.70975672,0,0,0,0
14455,1,0.708029701,0,0,0,0
14456,1,0.709304638,0,0,0,0
14457,2,0.708075722,0,0,0,0
14458,1,0.708520609,0,0,0,0
14459,2,0.70807761,0,0,0,0
14464,1,0.709499449,0,0,0,0
14467,1,0.707961438,0,0,0,0
14470,1,0.709748843,0,0,0,0
14471,1,0.709696019,0,0,0,0
14638,2,0.708299814,0,0,0,0
14639,1,0.709697471,0,0,0,0
14640,2,0.709522862,0,0,0,0
16878,1,0.71169259,0,0,0,0
16879,2,0.711398747,0,0,0,0
16880,1,0.711546917,0,0,0,0
15457,2,0.70819424,0,0,0,0
15458,1,0.709818192,0,0,0,0
15459,2,0.708061503,0,0,0,0
15469,1,0.708089904,0,0,0,0
16871,2,0.710982565,0,0,0,0
15573,1,0.70710885,0,0,0,0
15575,1,0.708097789,0,0,0,0
16887,2,0.710702692,0,0,0,0
16889,1,0.711358036,0,0,0,0
15630,1,0.710594884,0,0,0,0
15632,1,0.709207865,0,0,0,0
14476,1,0.707064221,0,0,0,0
14477,2,0.707881638,0,0,0,0
14478,1,0.70882565,0,0,0,0
14479,1,0.708181183,0,0,0,0
14480,1,0.708257849,0,0,0,0
14481,1,0.708076158,0,0,0,0
14483,2,0.707993679,0,0,0,0
14484,1,0.709678638,0,0,0,0
14485,1,0.7079503,0,0,0,0
14486,1,0.708131251,0,0,0,0
14487,2,0.708083139,0,0,0,0
14488,1,0.707981789,0,0,0,0
14489,1,0.709358825,0,0,0,0
14490,2,0.708145876,0,0,0,0
14491,1,0.709562852,0,0,0,0
14492,1,0.709739956,0,0,0,0
14493,2,0.708454077,0,0,0,0
14494,1,0.708714326,0,0,0,0
14495,1,0.708315494,0,0,0,0
14496,1,0.709703421,0,0,0,0
14497,1,0.708345961,0,0,0,0
14498,2,0.709186394,0,0,0,0
14499,1,0.709699347,0,0,0,0
14500,1,0.706764717,0,0,0,0
14502,1,0.709382029,0,0,0,0
14503,2,0.708802956,0,0,0,0
14504,2,0.708064346,0,0,0,0
14509,2,0.709369408,0,0,0,0
14510,2,0.709803249,0,0,0,0
14511,1,0.709382073,0,0,0,0
14569,1,0.70969628,0,0,0,0
14570,2,0.708318081,0,0,0,0
14571,1,0.709686762,0,0,0,0
14572,2,0.70835058,0,0,0,0
14573,1,0.709371266,0,0,0,0
14574,1,0.709704428,0,0,0,0
14614,1,0.709349937,0,0,0,0
14615,1,0.708019067,0,0,0,0
14616,2,0.709008631,0,0,0,0
14686,1,0.70939862,0,0,0,0
14687,2,0.709514598,0,0,0,0
14688,1,0.709702326,0,0,0,0
14689,2,0.709723545,0,0,0,0
14690,1,0.70939433,0,0,0,0
14691,1,0.708106539,0,0,0,0
14631,1,0.707814698,0,0,0,0
14632,1,0.709709818,0,0,0,0
14695,1,0.709495455,0,0,0,0
14696,1,0.709581957,0,0,0,0
14697,2,0.709705137,0,0,0,0
14737,1,0.709387871,0,0,0,0
14738,1,0.708089904,0,0,0,0
14739,2,0.708066523,0,0,0,0
14779,1,0.708485102,0,0,0,0
14780,2,0.708353103,0,0,0,0
14821,1,0.708258974,0,0,0,0
14822,1,0.709378449,0,0,0,0
14823,1,0.709393606,0,0,0,0
14512,1,0.709734617,0,0,0,0
14513,2,0.708824214,0,0,0,0
14515,2,0.709808066,0,0,0,0
14517,2,0.709815426,0,0,0,0
14518,2,0.709798893,0,0,0,0
14519,1,0.708013698,0,0,0,0
14520,2,0.709421782,0,0,0,0
14521,1,0.70807794,0,0,0,0
14522,1,0.709188899,0,0,0,0
14523,1,0.709568496,0,0,0,0
14526,1,0.709341669,0,0,0,0
14527,2,0.708268488,0,0,0,0
14528,1,0.708091317,0,0,0,0
14529,2,0.709714147,0,0,0,0
14530,1,0.709761013,0,0,0,0
14531,1,0.709465608,0,0,0,0
14532,1,0.70761791,0,0,0,0
14533,1,0.708143268,0,0,0,0
14534,1,0.708228694,0,0,0,0
14535,2,0.708161306,0,0,0,0
14536,1,0.708385919,0,0,0,0
14537,2,0.708239775,0,0,0,0
14538,2,0.708238797,0,0,0,0
14539,1,0.708426989,0,0,0,0
14540,2,0.708435644,0,0,0,0
14542,1,0.709697166,0,0,0,0
14543,2,0.709419137,0,0,0,0
14551,2,0.7082797,0,0,0,0
14552,1,0.709709795,0,0,0,0
14553,2,0.709752903,0,0,0,0
14554,1,0.709718342,0,0,0,0
14555,1,0.708244206,0,0,0,0
14556,1,0.709413621,0,0,0,0
14557,1,0.709076515,0,0,0,0
14559,1,0.708429326,0,0,0,0
14560,2,0.70823658,0,0,0,0
14561,1,0.709726425,0,0,0,0
14562,1,0.709708867,0,0,0,0
14564,1,0.709350349,0,0,0,0
14565,1,0.707993854,0,0,0,0
14566,1,0.70822155,0,0,0,0
14567,2,0.709808686,0,0,0,0
14568,2,0.708368028,0,0,0,0
14575,2,0.709280967,0,0,0,0
14576,1,0.709728203,0,0,0,0
14577,1,0.709730888,0,0,0,0
14590,1,0.708040121,0,0,0,0
14591,1,0.709557023,0,0,0,0
14592,1,0.708343257,0,0,0,0
14594,2,0.70941017,0,0,0,0
14596,1,0.709391614,0,0,0,0
14598,2,0.709744314,0,0,0,0
14600,2,0.708573492,0,0,0,0
14799,2,0.709439713,0,0,0,0
14800,1,0.708118824,0,0,0,0
14801,1,0.709367055,0,0,0,0
15138,1,0.708266404,0,0,0,0
15717,1,0.71011564,0,0,0,0
15718,1,0.709150314,0,0,0,0
14943,1,0.709685349,0,0,0,0
15202,1,0.709539801,0,0,0,0
15203,2,0.708877523,0,0,0,0
15231,1,0.708888743,0,0,0,0
15233,1,0.709040717,0,0,0,0
15402,1,0.710058572,0,0,0,0
15403,7,0.709840595,0,0,0,0
14601,3,0.70990377,32.30854638665556,2.9373524403570895e-4,0.48018969148437723,38.12272238241852
14611,5,0.70792351,45.29089377451786,4.1176509695738437e-4,0.6731414050128894,53.44134487371109
14618,3,0.709055838,63.88098413838142,5.80778108695069e-4,0.9494388790514421,75.37686761509822
14619,7,0.709936113,30.444566075545087,2.767887461954987e-4,0.45248605790664437,35.923304213729
14621,3,0.709245562,64.34863739646806,5.850298086089008e-4,0.9563894323519471,75.9286787401148
14622,7,0.709950184,0,0,0,0
14626,4,0.70973878,40.14804109288554,3.6500851839144457e-4,0.5967051329197993,47.372995567952024
14651,3,0.709740309,40.13180839353337,3.648609377529192e-4,0.5964638724557538,47.35384166720037
14653,3,0.709474387,62.407530743988964,5.673821116360409e-4,0.9275394991659341,73.6382547407952
14654,3,0.70885074,60.16554103955527,5.469989168901026e-4,0.8942176551064989,70.99280142749886
14655,4,0.709735312,40.18432515868748,3.6533839732797704e-4,0.5972444092510436,47.415809235608826
14657,5,0.708018892,49.859900557164735,4.5330451833029727e-4,0.7410488227930782,58.83258021601596
14660,3,0.70974135,40.12067424864123,3.647597109528063e-4,0.5962983898761072,47.340703845720924
14668,3,0.708344586,40.88962753883726,3.7175069964182647e-4,0.607727051468188,48.24803630371409
14670,4,0.709729895,40.23951307851314,3.658401418789021e-4,0.598064646406798,47.48092865389519
14673,7,0.70996365,30.226691750324683,2.748079276429759e-4,0.44924787430785623,35.66622169707127
14698,3,0.709733229,40.20576155003753,3.655332876696562e-4,0.597563010218903,47.441103273494
14700,3,0.709253835,64.33231610965835,5.848814225717621e-4,0.9561468552460634,75.9094203098987
14703,3,0.709492795,59.842363694371066,5.440607291047895e-4,0.8894143925944213,70.61146578759421
14704,3,0.708120493,48.56235893730821,4.4150783457381403e-4,0.7217639530044334,57.30153581799703
14713,3,0.709697421,46.224096744675215,4.2024937226007133e-4,0.6870112474059612,54.54248502814562
14732,7,0.709988288,0,0,0,0
14741,7,0.709998732,27.55993734581278,2.5056295708880265e-4,0.40961291334606936,32.51956394872734
14747,3,0.708126588,48.53197112978136,4.4123156185164365e-4,0.7213123105273447,57.265679486477424
14756,3,0.709033382,62.15582765589105,5.650937366927001e-4,0.9237985314735799,73.34125571039878
14759,3,0.709452653,64.1971360499577,5.836524242952772e-4,0.9541377252039485,75.74991353958686
14760,3,0.709246599,64.34697314534594,5.850146779619306e-4,0.9563646972176787,75.92671499396712
14812,4,0.709527851,57.0888073608223,5.190265931854129e-4,0.8484893274284516,67.362385423162
15328,3,0.70688421,13.752913119701478,1.2503550122842873e-4,0.20440434023019244,16.227857562432852
15331,3,0.709457015,64.15845228851828,5.833007283702844e-4,0.9535627831050763,75.70426833226573
15562,3,0.708014401,50.67417621990307,4.607075583075329e-4,0.7531510936471781,59.793391162501464
15565,3,0.709093743,67.26184332233238,6.115154091468892e-4,0.9996873089580277,79.36613889153816
15696,7,0.709608415,0,0,0,0
15699,3,0.707843928,44.782833488560364,4.0714603393007906e-4,0.6655902973570476,52.84185515964924
15700,3,0.707924284,45.288347687583986,4.1174194904296235e-4,0.6731035634868536,53.438340598489916
15891,3,0.71050252,10.14266440830585,9.221269101653379e-5,0.15074658063432989,11.967916316271856
16341,3,0.708308803,42.427828550210926,3.85735353858224e-4,0.6305887506685441,50.06304863584346
16509,4,0.712099298,0,0,0,0
14762,4,0.709725811,41.080136773982126,3.734827267038501e-4,0.6105585180948302,48.47282916798589
14763,3,0.708127505,48.52771166614247,4.411928366618299e-4,0.7212490037321033,57.260653498992255
14784,4,0.709719343,42.752807799033725,3.886899237672848e-4,0.635418794192121,50.44651044606082
14785,3,0.709260034,65.11754367191648,5.92020369860295e-4,0.9678173951816358,76.83595572268825
14830,3,0.70925484,64.32985936703447,5.848590869369266e-4,0.9561103416106772,75.90652145719595
14965,3,0.708139603,46.88074323385024,4.262193163867648e-4,0.6967707355388439,55.31730019657266
14969,3,0.708425062,41.87521150553516,3.807112001704192e-4,0.6223754127790542,49.41098382531803
14996,3,0.709275004,64.28319704183049,5.844348533822184e-4,0.9554168171396135,75.8514618810646
15257,3,0.708313605,43.23469134324237,3.9307099924994345e-4,0.6425808468470345,51.01511270865316
14906,4,0.709539483,56.967033657432076,5.179194796664576e-4,0.8466794509839325,67.21869758799087
14907,3,0.709458208,63.34767769692996,5.759295186083834e-4,0.941512547345817,74.74758850210765
14992,5,0.708479009,42.75053899677972,3.886692968045061e-4,0.6353850738432897,50.44383335506963
14994,3,0.709382962,63.09695781230131,5.736500825231246e-4,0.9377861926343417,74.45174961034625
15082,3,0.708017416,49.86452150263809,4.5334652995564396e-4,0.7411175021559521,58.83803273682321
15083,3,0.709358806,63.233662717541755,5.748929440316902e-4,0.93981798587834,74.61305563409694
15719,7,0.709650329,0,0,0,0
15866,3,0.710407694,12.684608261990013,1.1532293835639498e-4,0.1885265296380201,14.967302877523078
15243,3,0.709646436,49.22654869902234,4.475463588518267e-4,0.7316355539408445,58.08525172994318
14833,4,0.709512587,59.64803024768845,5.422939339756469e-4,0.886526088159711,70.38216051496332
14836,4,0.709495733,59.815786378204805,5.438190997118579e-4,0.8890193840076026,70.58010567520319
14837,7,0.710009111,26.685061112932928,2.4260896309939348e-4,0.3966099591640419,31.487246884817882
14871,3,0.709221538,64.37090816827335,5.852322847745815e-4,0.9567204344005787,75.95495731175383
14921,4,0.709074375,63.96743372958703,5.815640707580374e-4,0.9507237465918497,75.47887448740263
14987,3,0.709620238,53.54928008074852,4.8684675145124734e-4,0.7958826736880291,63.18589248385159
15371,4,0.709319132,63.37654672192872,5.76191983220737e-4,0.9419416167332696,74.78165273428658
15429,3,0.709394333,62.22405217241177,5.657140043076402e-4,0.9248125266297745,73.4217577630714
14839,7,0.71003429,25.70518852501305,2.3370038794122953e-4,0.3820464839133699,30.331038549340416
14842,7,0.710018326,25.819891163203273,2.347432144125022e-4,0.383751265793243,30.46638282574101
14843,3,0.709555037,56.8026671266513,5.164251306959903e-4,0.8442365334734567,67.0247520125098
14844,3,0.708422321,41.87103557104853,3.806732343913084e-4,0.622313347445975,49.40605639871035
14848,3,0.708449485,41.10809615925941,3.7373692126770405e-4,0.6109740678515329,48.50582006365024
14849,3,0.709472199,62.42770265809101,5.675655059008437e-4,0.927839306687244,73.6620567488469
14852,3,0.70955065,56.849713000392,5.168528513070855e-4,0.8449357584811931,67.0802641597414
14855,7,0.710024294,0,0,0,0
14863,3,0.709431597,63.5643392504914,5.778993111687447e-4,0.9447327059786473,75.0032399993467
14868,3,0.709203549,63.5665722689672,5.77919612800984e-4,0.9447658944867325,75.0058748669885
14878,3,0.709548205,56.875208392401866,5.170846443164082e-4,0.8453146868389402,67.11034764724936
14879,5,0.708142632,46.86801211911305,4.261035706317741e-4,0.6965815178010745,55.30227801801543
14880,3,0.709475654,62.39564141091191,5.672740189935859e-4,0.927362792510243,73.62422582910153
14884,3,0.709107064,66.53134488897705,6.048740352818626e-4,0.9888301873424418,78.50418154309183
14885,3,0.709644815,49.244811512174884,4.4771239640158036e-4,0.731906987217613,58.10680107937551
14889,3,0.709349529,63.277242479382686,5.752891522617407e-4,0.9404656953773349,74.66447791544229
14910,7,0.710029905,0,0,0,0
14912,7,0.710032064,0,0,0,0
14918,3,0.709026136,62.11162755090124,5.646918885726948e-4,0.9231416020492529,73.28910145029576
14922,7,0.710038431,0,0,0,0
14924,3,0.708389202,40.9896478942847,3.7266004118769147e-4,0.6092136161390238,48.36605610558573
14934,3,0.708399639,41.818118054446636,3.801921313584823e-4,0.6215268544336592,49.34361596049199
14935,3,0.708393533,41.00204311349345,3.7277273312670924e-4,0.6093978415887391,48.380681941583084
14938,3,0.708382509,40.973651855327695,3.7251461216249144e-4,0.6089758730688215,48.34718145412111
14947,3,0.709040572,62.194642497235925,5.654466243391513e-4,0.9243754217634541,73.38705558648108
14951,3,0.708414165,41.855777643718454,3.8053451595581635e-4,0.6220865746494016,49.38805268784158
14954,3,0.709237426,64.35789787186323,5.851140008213121e-4,0.9565270672913152,75.9396057105948
14955,3,0.708357539,40.92254238743875,3.720499471217549e-4,0.6082162523999183,48.28687443714408
14957,3,0.708207166,47.41039277977597,4.3103465957070183e-4,0.7046427161909342,55.942264327043105
14959,3,0.709594365,56.30707908023096,5.119194598430119e-4,0.8368707959913082,66.43997901518514
14973,3,0.708202572,48.228666179150544,4.3847404522973896e-4,0.7168044038909368,56.9077924341869
14974,3,0.709602392,55.39375900882449,5.036159512033257e-4,0.8232964655938159,65.36229984287483
15014,3,0.708088004,47.93453581141777,4.357999399230395e-4,0.7124328556062351,56.56073100285161
15160,5,0.708606554,44.77246181872843,4.0705173922140725e-4,0.6654361471555136,52.82961702658956
15161,4,0.708598396,43.94732619534814,3.9954996520794457e-4,0.653172468818459,51.85599178447829
15532,4,0.709675112,47.29811780455229,4.3001390435467484e-4,0.7029740157465113,55.80978459057583
15685,5,0.709674034,47.311005013917956,4.301310692540999e-4,0.7031655534596394,55.82499095421261
15686,4,0.708195991,48.25464954082104,4.387102746468663e-4,0.7171905847569827,56.938451705318194
15396,7,0.709856679,0,0,0,0
14978,3,0.709600312,55.42318066245632,5.038834400747238e-4,0.8237337484913919,65.3970161535381
14979,3,0.709409904,61.31541794173731,5.574530972927522e-4,0.9113078401088135,72.34960768523713
14989,4,0.709509536,59.680323499876316,5.425875301714829e-4,0.8870060505393098,70.42026519083608
14997,3,0.708502434,43.616398519861974,3.9654131479223756e-4,0.648254016081725,51.465511081625344
15000,3,0.709381917,63.10330474419441,5.73707786065902e-4,0.9378805246798365,74.45923872234916
15001,4,0.709066005,63.13063533593235,5.739562639125283e-4,0.9382867289162532,74.4914876681514
15002,4,0.709159582,65.9011930651175,5.991449691225327e-4,0.9794644793880779,77.76062896253703
15003,4,0.709054353,63.87351254789492,5.807101802457781e-4,0.9493278316311193,75.36805145337856
15009,3,0.708358699,40.92498111034419,3.72072118929152e-4,0.6082524982150522,48.28975202733892
15010,3,0.708473317,41.93595990236913,3.812634981585507e-4,0.6232782931991377,49.482664372005665
15023,3,0.709592662,56.33126413947359,5.121393398770323e-4,0.8372302493692863,66.46851636528052
15025,3,0.708540507,44.52701981183183,4.048202873037139e-4,0.6617882355423292,52.54000580799981
15028,7,0.710023817,0,0,0,0
15030,3,0.708392843,41.00014698358356,3.727554943387075e-4,0.6093696601278481,48.37844458824349
15046,3,0.708511239,43.6327364842809,3.9668985245494163e-4,0.6484968410605995,51.48478919071705
15047,3,0.709361196,63.22104962947469,5.747782713238225e-4,0.9396305223262782,74.59817272203364
15050,3,0.708597982,43.94614514445929,3.9953922760722107e-4,0.6531549153062967,51.854598194230796
15058,5,0.708491097,43.58782136276807,3.962815037158627e-4,0.6478292846164279,51.43179124126696
15062,4,0.709037013,62.17605803681656,5.65277662512419e-4,0.924099207965149,73.36512670683682
15067,5,0.708501147,43.613581282611925,3.965157016971374e-4,0.6482121445512095,51.462186860464676
15077,3,0.708635491,48.091057703739416,4.372229688543882e-4,0.7147591812256238,56.74542023573562
15086,3,0.708693457,50.11801791727712,4.556512090434945e-4,0.7448851233816532,59.137147816918976
15089,3,0.70953021,57.065070865540406,5.188107912997218e-4,0.8481365408867755,67.33437735962569
15093,7,0.71000286,0,0,0,0
15100,3,0.70850911,43.629255875372046,3.966582082733991e-4,0.6484451100883014,51.480682218971374
15102,4,0.709182591,64.34200415097345,5.849695020274535e-4,0.956290844935804,75.92085179013509
15404,2,0.709015075,0,0,0,0
14602,1,0.708250854,0,0,0,0
14603,1,0.70945374,0,0,0,0
14604,2,0.709344979,0,0,0,0
14605,2,0.709096438,0,0,0,0
14606,1,0.70808301,0,0,0,0
14607,1,0.708076419,0,0,0,0
14608,2,0.709539266,0,0,0,0
14609,1,0.708489434,0,0,0,0
14610,1,0.708291005,0,0,0,0
14612,1,0.708354893,0,0,0,0
14613,1,0.708418885,0,0,0,0
14617,1,0.709589107,0,0,0,0
14620,2,0.707826556,0,0,0,0
14623,2,0.708414656,0,0,0,0
14624,1,0.709461116,0,0,0,0
14625,1,0.708478597,0,0,0,0
14627,1,0.709575183,0,0,0,0
14628,1,0.708415705,0,0,0,0
14635,2,0.709725459,0,0,0,0
14647,1,0.708301542,0,0,0,0
14648,2,0.708067632,0,0,0,0
14649,1,0.708225661,0,0,0,0
14650,1,0.70829192,0,0,0,0
14652,1,0.708381576,0,0,0,0
14656,1,0.708894089,0,0,0,0
14658,1,0.708029834,0,0,0,0
14659,1,0.708477723,0,0,0,0
14661,2,0.709568031,0,0,0,0
14662,2,0.709535117,0,0,0,0
14663,1,0.709515671,0,0,0,0
14664,2,0.708941824,0,0,0,0
14665,1,0.709680312,0,0,0,0
14666,1,0.709539643,0,0,0,0
14667,1,0.709464261,0,0,0,0
14669,1,0.709421605,0,0,0,0
14671,1,0.70938127,0,0,0,0
14672,1,0.709700779,0,0,0,0
14674,2,0.708097366,0,0,0,0
14675,1,0.708369542,0,0,0,0
14676,1,0.708264998,0,0,0,0
14677,1,0.709401488,0,0,0,0
14678,2,0.708401094,0,0,0,0
14682,1,0.709428362,0,0,0,0
14683,1,0.709706554,0,0,0,0
14684,1,0.708221671,0,0,0,0
14685,1,0.709564978,0,0,0,0
14692,1,0.709370986,0,0,0,0
14693,2,0.708270822,0,0,0,0
14694,1,0.708353863,0,0,0,0
14699,1,0.708119238,0,0,0,0
14701,1,0.708328437,0,0,0,0
14702,1,0.708056703,0,0,0,0
14705,2,0.709706206,0,0,0,0
14706,2,0.708063289,0,0,0,0
14707,1,0.7093825,0,0,0,0
14708,1,0.709601444,0,0,0,0
14709,1,0.709681171,0,0,0,0
14710,1,0.708382889,0,0,0,0
14711,1,0.709649904,0,0,0,0
14712,1,0.70952593,0,0,0,0
14714,1,0.709702252,0,0,0,0
14726,2,0.709450584,0,0,0,0
14727,2,0.709406638,0,0,0,0
14728,2,0.709466186,0,0,0,0
14729,1,0.708429502,0,0,0,0
14730,1,0.709353094,0,0,0,0
14731,1,0.709422133,0,0,0,0
14733,1,0.709655663,0,0,0,0
14734,1,0.708490342,0,0,0,0
14735,1,0.708983207,0,0,0,0
14736,2,0.709412696,0,0,0,0
14740,1,0.70957093,0,0,0,0
14742,1,0.708058991,0,0,0,0
14743,1,0.708407156,0,0,0,0
14744,2,0.709263169,0,0,0,0
14745,1,0.709374437,0,0,0,0
14746,1,0.709408817,0,0,0,0
14748,1,0.70938173,0,0,0,0
14749,1,0.709537424,0,0,0,0
14750,1,0.709384135,0,0,0,0
14751,1,0.70831137,0,0,0,0
14752,1,0.709702278,0,0,0,0
14753,2,0.709672518,0,0,0,0
14754,1,0.708345305,0,0,0,0
14755,2,0.708370245,0,0,0,0
14757,2,0.709384466,0,0,0,0
14758,1,0.708339666,0,0,0,0
14805,1,0.709692645,0,0,0,0
14806,1,0.709394333,0,0,0,0
14807,2,0.709112593,0,0,0,0
14808,1,0.709595239,0,0,0,0
14809,2,0.7093841,0,0,0,0
14810,1,0.708418789,0,0,0,0
14811,1,0.70938461,0,0,0,0
15324,2,0.709288024,0,0,0,0
15325,2,0.709483495,0,0,0,0
15326,1,0.707991327,0,0,0,0
15327,1,0.70804352,0,0,0,0
15329,1,0.70939582,0,0,0,0
15330,1,0.70936186,0,0,0,0
15563,2,0.710448989,0,0,0,0
15564,1,0.709292732,0,0,0,0
15566,1,0.709199384,0,0,0,0
15567,1,0.710153751,0,0,0,0
15568,1,0.710024599,0,0,0,0
15569,1,0.709686771,0,0,0,0
15695,1,0.710485868,0,0,0,0
15697,1,0.708174385,0,0,0,0
15698,1,0.70803612,0,0,0,0
15701,1,0.710262317,0,0,0,0
15702,1,0.71125959,0,0,0,0
15887,1,0.709850272,0,0,0,0
15888,1,0.70990696,0,0,0,0
15889,1,0.710362028,0,0,0,0
15890,2,0.707734918,0,0,0,0
15895,1,0.710037208,0,0,0,0
15896,1,0.710816337,0,0,0,0
15897,1,0.709946249,0,0,0,0
16337,2,0.71025684,0,0,0,0
16338,1,0.708444572,0,0,0,0
16339,2,0.707256663,0,0,0,0
16340,2,0.708447442,0,0,0,0
16345,1,0.712460034,0,0,0,0
16349,1,0.70800889,0,0,0,0
16350,2,0.712016083,0,0,0,0
16505,1,0.712560546,0,0,0,0
16506,2,0.711946341,0,0,0,0
16507,1,0.708544727,0,0,0,0
16508,1,0.712682754,0,0,0,0
16510,2,0.711688829,0,0,0,0
16511,2,0.712817302,0,0,0,0
16512,2,0.707669118,0,0,0,0
14761,1,0.707780822,0,0,0,0
14764,1,0.708048445,0,0,0,0
14765,1,0.708085575,0,0,0,0
14766,1,0.709672888,0,0,0,0
14767,1,0.708377517,0,0,0,0
14768,2,0.708097858,0,0,0,0
14775,1,0.709396309,0,0,0,0
14776,1,0.709480327,0,0,0,0
14777,1,0.708487321,0,0,0,0
14778,1,0.709692664,0,0,0,0
14782,1,0.708352809,0,0,0,0
14783,1,0.709384214,0,0,0,0
14794,1,0.709759132,0,0,0,0
14795,1,0.709384738,0,0,0,0
14796,2,0.708350132,0,0,0,0
14797,1,0.709668417,0,0,0,0
14798,1,0.709692252,0,0,0,0
14802,2,0.708337559,0,0,0,0
14803,2,0.708363219,0,0,0,0
14804,1,0.709436404,0,0,0,0
14813,1,0.708474178,0,0,0,0
14814,2,0.708388248,0,0,0,0
14815,2,0.708258402,0,0,0,0
14816,1,0.709708872,0,0,0,0
14817,1,0.708364316,0,0,0,0
14818,1,0.709033648,0,0,0,0
14819,2,0.709713355,0,0,0,0
14829,1,0.709666756,0,0,0,0
14831,1,0.709627423,0,0,0,0
14895,1,0.708471702,0,0,0,0
14896,1,0.709660432,0,0,0,0
14897,1,0.708958818,0,0,0,0
14898,2,0.709406526,0,0,0,0
14899,2,0.709402413,0,0,0,0
14900,1,0.709383807,0,0,0,0
14964,1,0.709662359,0,0,0,0
14966,1,0.707145286,0,0,0,0
14967,1,0.709738166,0,0,0,0
14968,2,0.708466971,0,0,0,0
14991,2,0.709370551,0,0,0,0
14995,1,0.709632362,0,0,0,0
15255,2,0.709495097,0,0,0,0
15256,2,0.70810059,0,0,0,0
14820,2,0.709390062,0,0,0,0
14824,2,0.709689071,0,0,0,0
14825,1,0.708079538,0,0,0,0
14826,1,0.708468602,0,0,0,0
14905,2,0.708126669,0,0,0,0
14993,1,0.707494658,0,0,0,0
15084,2,0.708268973,0,0,0,0
15136,1,0.709531705,0,0,0,0
15137,1,0.709368695,0,0,0,0
15864,1,0.711690203,0,0,0,0
15865,2,0.710981013,0,0,0,0
15241,1,0.709356357,0,0,0,0
15242,1,0.709352436,0,0,0,0
14827,1,0.70971212,0,0,0,0
14828,2,0.709403832,0,0,0,0
14832,1,0.709550541,0,0,0,0
14834,1,0.709594328,0,0,0,0
14835,1,0.709730624,0,0,0,0
14872,1,0.709664302,0,0,0,0
14873,1,0.708441824,0,0,0,0
14919,2,0.709674448,0,0,0,0
14920,1,0.709368202,0,0,0,0
14970,1,0.708356658,0,0,0,0
14971,1,0.709635932,0,0,0,0
14972,1,0.709347882,0,0,0,0
14985,1,0.708368782,0,0,0,0
14986,1,0.709406771,0,0,0,0
15150,1,0.709494885,0,0,0,0
15151,2,0.709638001,0,0,0,0
15152,1,0.709920709,0,0,0,0
15360,1,0.707398625,0,0,0,0
15370,1,0.70935805,0,0,0,0
15430,2,0.70700864,0,0,0,0
15431,1,0.709429794,0,0,0,0
14838,2,0.708127533,0,0,0,0
14840,1,0.709454003,0,0,0,0
14841,1,0.708361914,0,0,0,0
14845,2,0.709359213,0,0,0,0
14846,2,0.709660799,0,0,0,0
14847,1,0.709582222,0,0,0,0
14850,1,0.709421716,0,0,0,0
14851,1,0.708432656,0,0,0,0
14853,1,0.708385085,0,0,0,0
14854,2,0.709664895,0,0,0,0
14856,1,0.709690212,0,0,0,0
14857,2,0.709395152,0,0,0,0
14858,1,0.708103117,0,0,0,0
14859,2,0.708443758,0,0,0,0
14860,2,0.709188624,0,0,0,0
14861,2,0.709613276,0,0,0,0
14862,1,0.70810377,0,0,0,0
14864,1,0.709355899,0,0,0,0
14865,1,0.709445064,0,0,0,0
14866,2,0.709574954,0,0,0,0
14867,1,0.707944033,0,0,0,0
14869,1,0.709385661,0,0,0,0
14870,1,0.708179673,0,0,0,0
14874,2,0.709490195,0,0,0,0
14875,2,0.708135752,0,0,0,0
14876,1,0.709390379,0,0,0,0
14877,1,0.709644875,0,0,0,0
14881,1,0.708375268,0,0,0,0
14882,2,0.709403588,0,0,0,0
14883,1,0.707405579,0,0,0,0
14886,2,0.709411814,0,0,0,0
14887,2,0.709663405,0,0,0,0
14888,2,0.7091336,0,0,0,0
14890,1,0.708396248,0,0,0,0
14891,2,0.709597984,0,0,0,0
14892,2,0.708213252,0,0,0,0
14893,2,0.708367785,0,0,0,0
14894,1,0.708405707,0,0,0,0
14901,1,0.709665911,0,0,0,0
14902,1,0.709393613,0,0,0,0
14903,2,0.709676537,0,0,0,0
14911,2,0.709414631,0,0,0,0
14913,2,0.709684554,0,0,0,0
14914,2,0.709665482,0,0,0,0
14915,1,0.709590197,0,0,0,0
14916,1,0.709378117,0,0,0,0
14917,1,0.708188112,0,0,0,0
14923,2,0.709483449,0,0,0,0
14925,2,0.708367937,0,0,0,0
14926,2,0.708353603,0,0,0,0
14927,1,0.709708518,0,0,0,0
14928,1,0.708456192,0,0,0,0
14932,1,0.709713843,0,0,0,0
14933,2,0.709462209,0,0,0,0
14936,1,0.709660939,0,0,0,0
14937,1,0.709593139,0,0,0,0
14939,1,0.708344087,0,0,0,0
14940,1,0.709660671,0,0,0,0
14941,2,0.708367204,0,0,0,0
14942,1,0.708355934,0,0,0,0
14946,1,0.708396123,0,0,0,0
14948,1,0.709504761,0,0,0,0
14949,1,0.708117115,0,0,0,0
14950,1,0.709476294,0,0,0,0
14952,2,0.709432303,0,0,0,0
14953,2,0.709596825,0,0,0,0
14956,1,0.708449553,0,0,0,0
14958,1,0.708450492,0,0,0,0
14960,1,0.709649398,0,0,0,0
14975,1,0.708855857,0,0,0,0
14976,1,0.70831489,0,0,0,0
15013,2,0.708164176,0,0,0,0
15015,1,0.709802299,0,0,0,0
15121,1,0.709325991,0,0,0,0
15122,1,0.709507687,0,0,0,0
15123,1,0.709420269,0,0,0,0
15162,1,0.708838844,0,0,0,0
15163,2,0.708391043,0,0,0,0
15164,2,0.709118667,0,0,0,0
15165,2,0.70840598,0,0,0,0
15531,1,0.709219364,0,0,0,0
15533,1,0.709776296,0,0,0,0
15684,1,0.708226581,0,0,0,0
15394,1,0.710566634,0,0,0,0
15395,1,0.708091127,0,0,0,0
14977,1,0.709418358,0,0,0,0
14980,2,0.709620845,0,0,0,0
14981,1,0.709241886,0,0,0,0
14982,2,0.709717051,0,0,0,0
14983,1,0.708121968,0,0,0,0
14984,1,0.708372683,0,0,0,0
14988,1,0.708359449,0,0,0,0
14990,1,0.708385974,0,0,0,0
14998,1,0.708145819,0,0,0,0
14999,1,0.708147811,0,0,0,0
15004,1,0.70965192,0,0,0,0
15005,2,0.70937757,0,0,0,0
15006,1,0.709536671,0,0,0,0
15007,1,0.709273159,0,0,0,0
15008,1,0.709388426,0,0,0,0
15011,1,0.709625743,0,0,0,0
15012,1,0.709629359,0,0,0,0
15022,1,0.708375003,0,0,0,0
15024,1,0.709383268,0,0,0,0
15026,1,0.709510063,0,0,0,0
15027,2,0.708520536,0,0,0,0
15029,2,0.709415886,0,0,0,0
15031,2,0.70930922,0,0,0,0
15032,1,0.708346464,0,0,0,0
15033,2,0.709544175,0,0,0,0
15034,1,0.70981121,0,0,0,0
15035,1,0.708483384,0,0,0,0
15036,2,0.70938983,0,0,0,0
15037,1,0.708368658,0,0,0,0
15038,1,0.709562058,0,0,0,0
15039,1,0.708142608,0,0,0,0
15040,1,0.709409913,0,0,0,0
15041,1,0.708648919,0,0,0,0
15042,1,0.708158207,0,0,0,0
15043,1,0.708351795,0,0,0,0
15044,1,0.708994332,0,0,0,0
15045,1,0.710889408,0,0,0,0
15048,1,0.70969741,0,0,0,0
15049,1,0.707629068,0,0,0,0
15051,1,0.708294692,0,0,0,0
15055,2,0.70879317,0,0,0,0
15056,2,0.708352479,0,0,0,0
15057,1,0.707838524,0,0,0,0
15059,1,0.708208019,0,0,0,0
15060,1,0.708357941,0,0,0,0
15061,2,0.70808009,0,0,0,0
15063,1,0.7083425,0,0,0,0
15064,1,0.709558203,0,0,0,0
15065,1,0.709603869,0,0,0,0
15066,1,0.707601281,0,0,0,0
15068,1,0.708759438,0,0,0,0
15069,1,0.708975425,0,0,0,0
15070,1,0.709450166,0,0,0,0
15071,1,0.708226127,0,0,0,0
15072,2,0.708358594,0,0,0,0
15073,1,0.709432326,0,0,0,0
15074,2,0.709510827,0,0,0,0
15075,2,0.709509201,0,0,0,0
15076,1,0.70863718,0,0,0,0
15078,1,0.709356384,0,0,0,0
15079,2,0.708421392,0,0,0,0
15080,2,0.708683697,0,0,0,0
15081,1,0.709556514,0,0,0,0
15085,1,0.709243128,0,0,0,0
15087,1,0.708286233,0,0,0,0
15088,2,0.708362008,0,0,0,0
15090,1,0.709392897,0,0,0,0
15091,2,0.709524384,0,0,0,0
15092,1,0.708675809,0,0,0,0
15094,1,0.709389095,0,0,0,0
15095,1,0.709558248,0,0,0,0
15096,2,0.70947148,0,0,0,0
15097,1,0.708343556,0,0,0,0
15098,1,0.709438718,0,0,0,0
15099,2,0.70804354,0,0,0,0
15101,2,0.708982278,0,0,0,0
15109,4,0.709212611,64.37162196796619,5.852387743307646e-4,0.956731043335137,75.95579956529262
15110,4,0.709006694,61.97471348477365,5.634471254643637e-4,0.9211067001261866,73.12754862551792
15111,3,0.708712027,52.647527381124014,4.786484083220292e-4,0.7824802647574081,62.12186232248288
15112,3,0.707937535,46.05318694355743,4.186955347231352e-4,0.6844710797460413,54.34081866957683
15115,3,0.708431152,41.08638606318143,3.7353954252174665e-4,0.610651398913939,48.48020306572741
15119,3,0.709569898,56.63094597789409,5.148639167393907e-4,0.8416843070607845,66.82212829793856
15127,3,0.709547406,56.88342740944436,5.171593680426884e-4,0.8454368429771553,67.12004574078836
15129,3,0.709515377,59.61775726834192,5.420187052213222e-4,0.8860761523303873,70.34643967585453
15130,5,0.708526711,44.47715799771461,4.043669653881283e-4,0.6610471582790176,52.48117096986362
15135,3,0.709505014,59.72662366289439,5.430084711051989e-4,0.8876941923309353,70.47489743085934
15157,7,0.70998113,0,0,0,0
15166,3,0.70948555,60.70542592427143,5.519073153202094e-4,0.9022417597234745,71.6298428261487
15171,4,0.70860319,44.76200661249254,4.0695668503610313e-4,0.6652807553840381,52.817280324095684
15270,7,0.709934102,0,0,0,0
15408,3,0.710042676,25.64105333313769,2.3311729868641346e-4,0.3810932668409783,30.255361727314856
15526,7,0.709720384,0,0,0,0
15527,3,0.709403967,61.35722900950198,5.57833225325944e-4,0.9119292621774596,72.39894298215296
15196,3,0.708195412,48.25679097760026,4.3872974365817384e-4,0.7172224121209886,56.94097851041975
15210,3,0.709456908,64.15942341917547,5.833095574676126e-4,0.9535772166523206,75.70541422549157
15211,3,0.708167407,46.76074833734754,4.2512837500594745e-4,0.6949872968275583,55.175711278521895
15218,3,0.708067057,48.8397804816918,4.440300305298021e-4,0.7258871643744037,57.62888154234089
15234,3,0.709057159,63.887446393960495,5.808368607106138e-4,0.9495349251092148,75.38449280418773
15235,4,0.709496306,59.8105104937149,5.437711336659825e-4,0.8889409705341149,70.57388035397321
15238,3,0.708149031,46.041858745986985,4.18592543680517e-4,0.684302713034914,54.32745187411958
15248,4,0.70923213,63.562570102430676,5.778832268444569e-4,0.9447064118008994,75.00115247923469
15250,4,0.708668499,49.13597385879725,4.4672289181995803e-4,0.730289374386264,57.97837723774507
15251,3,0.707886574,45.438137479837756,4.1310377265010216e-4,0.6753298324520075,53.61508623716616
15253,3,0.708510709,43.63189803425425,3.966822296321677e-4,0.6484843794953281,51.483799855040516
15277,4,0.708676355,49.1947407009322,4.472571743750793e-4,0.7311628037091612,58.047719633444046
15285,3,0.709428458,63.58679460449225,5.781034654754229e-4,0.9450664514025607,75.02973637019323
15286,3,0.708444778,41.104546381552844,3.737046482335529e-4,0.6109213088495847,48.5016314756399
15287,3,0.709435157,63.53770645032197,5.776571773394013e-4,0.9443368727540983,74.97181441817153
15289,3,0.70949047,59.86283266952657,5.442468241194184e-4,0.8897186152216883,70.63561831516283
15294,4,0.708697183,50.94371781493272,4.6315811319311295e-4,0.7571571883136021,60.11143887888136
15297,3,0.709433023,63.55381983405754,5.778036732122631e-4,0.9445763598753123,74.99082753152678
15303,4,0.709136247,65.05157605244533,5.914206209711956e-4,0.9668369434317269,76.7581167133676
15305,3,0.709657597,48.300753331827586,4.3912943025170873e-4,0.717875807945756,56.99285223464827
15551,4,0.709668381,47.377222364281664,4.30733088587799e-4,0.7041497168652451,55.90312463545609
15552,3,0.709297865,65.02558384516635,5.911843111336453e-4,0.9664506310967516,76.7274470047913
15656,4,0.709258432,65.1211202534065,5.920528865827812e-4,0.9678705525580683,76.84017593803284
15310,3,0.70944288,64.27705174438917,5.843789830121313e-4,0.9553254819106276,75.84421068921247
15318,4,0.70870345,50.986297043557194,4.635452250105616e-4,0.7577900272662477,60.16168057322075
15321,4,0.709243744,64.35129103484775,5.850539343342649e-4,0.956428872374398,75.9318099215069
15322,3,0.709435084,63.53826500481525,5.77662255473788e-4,0.9443451743380382,74.97247348892105
15334,7,0.709894048,0,0,0,0
15337,4,0.709474341,62.40795952609792,5.673860099363824e-4,0.9275458719920635,73.63876068560332
15340,4,0.709694746,46.25822255584408,4.2055962928468766e-4,0.6875184464158058,54.58275204634247
15341,4,0.709252259,64.33596192610356,5.849145687483318e-4,0.9562010416354194,75.913722219571
15354,3,0.709430418,63.57288644600657,5.779770185508852e-4,0.944859739709239,75.0133253296452
15412,3,0.70940127,62.17640624532867,5.652808282726812e-4,0.9241043832564171,73.3655375781982
15858,3,0.710800025,7.262903094301632,6.603115433548396e-5,0.1079457786307002,8.56991939658512
16016,3,0.711768554,0,0,0,0
15364,3,0.709439021,63.507399046337035,5.773816356112448e-4,0.9438864252844087,74.93605295944101
15365,4,0.708694498,50.124856112753214,4.557133789409852e-4,0.7449867568917677,59.14521659923471
15367,5,0.708724019,55.14825255148203,5.013839133302256e-4,0.8196475960780586,65.07261257547665
15369,3,0.706967423,14.622108326947256,1.3293784580498507e-4,0.21732285947931096,17.253471255645792
15375,5,0.709377413,63.129426700812104,5.739452755279768e-4,0.9382687654301044,74.490061529674
15376,4,0.709314376,63.387876028009806,5.762949843414515e-4,0.9421099999197707,74.79502083773963
15383,4,0.709660537,48.266804281398706,4.3882078025881934e-4,0.7173712360638602,56.95279378667113
15391,3,0.709450845,64.21262519030309,5.837932448188875e-4,0.9543679344320207,75.76819007206413
15398,5,0.709336865,63.32289839446363,5.757042359735698e-4,0.9411442619558118,74.71834997006573
15400,4,0.709406716,61.33829120999123,5.576610510939555e-4,0.9116477968340294,72.37659717728012
15401,3,0.709396464,62.20991443862316,5.655854701843526e-4,0.9246024028456528,73.40507583334639
15410,3,0.708493777,43.59534222983201,3.9634988016635196e-4,0.6479410644158626,51.44066554727016
15411,3,0.709419637,62.84698605206183,5.713774480592507e-4,0.9340709570123893,74.15679347381791
15418,3,0.707100808,18.113089030528815,1.6467632319169947e-4,0.26920798383523437,21.372681281757906
16315,4,0.708590501,43.12426103122049,3.9206701490900503e-4,0.640939562933308,50.884809596980126
16316,3,0.707766085,44.05162626252479,4.0049821603044917e-4,0.6547226412242358,51.979061465727874
16398,4,0.71240503,0,0,0,0
16097,4,0.711605801,0.8880843183541136,8.074076154777914e-6,0.013199260955259565,1.0479020478240064
16416,3,0.711241067,3.6958478575317733,3.360104039838e-5,0.054929987293219386,4.3609446291441465
16419,3,0.711676183,0.844768523550605,7.680267798161028e-6,0.012555474698391992,0.9967912364521272
16421,4,0.708923108,62.99322182159883,5.727069600384539e-4,0.9362444038836157,74.32934551555077
16422,3,0.71076514,8.913864211050258,8.104097436012988e-5,0.13248338858122605,10.517983898303816
16474,5,0.712193687,0,0,0,0
16480,3,0.708238915,47.28837791932368,4.2992535355668263e-4,0.7028292555203145,55.798291936707614
15482,4,0.709399121,62.19166733543711,5.654195754627777e-4,0.9243312030601677,73.38354502101207
15485,3,0.709490765,59.8602631108779,5.442234628103797e-4,0.8896804248444429,70.63258634430794
15487,4,0.70864444,48.946740094513345,4.450024607839555e-4,0.7274768646000778,57.75508937530645
15514,4,0.708314913,43.23640999556915,3.9308662448899254e-4,0.6426063905258089,51.017140645928386
15689,5,0.709648046,49.20821569824912,4.473796831867695e-4,0.7313630774920461,58.06361956207807
15690,7,0.70959771,0,0,0,0
15440,4,0.708671333,49.15770244297679,4.469204386516893e-4,0.7306123181055107,58.00401605084815
15442,3,0.709181352,64.33944823000077,5.849462647062302e-4,0.956252857250173,75.91783591116278
15447,4,0.709372544,62.35578232481925,5.66911637528312e-4,0.9267703820060803,73.5771937882495
15449,7,0.70983158,0,0,0,0
16932,4,0.711026918,4.722576936159873,4.2935614379521665e-5,0.07018987282332484,5.5724416478605985
15499,7,0.709769888,0,0,0,0
15612,3,0.707891722,46.213434935600596,4.201524397316649e-4,0.6868527849747229,54.52990454301386
15750,4,0.710520138,10.124203778545292,9.204485500426399e-5,0.1504722072842187,11.946133551583406
15596,7,0.709663933,0,0,0,0
15749,4,0.708195064,48.258066799941474,4.3874134287970047e-4,0.7172413741853626,56.942483926984806
16940,4,0.71090652,5.616266117179073,5.1060647506582175e-5,0.08347243673012393,6.626957197289274
16058,3,0.712053309,0,0,0,0
15548,7,0.709701335,0,0,0,0
15941,3,0.709355202,63.25160952713265,5.750561086145765e-4,0.9400847225138247,74.63423211265143
16617,4,0.712294815,0,0,0,0
16620,4,0.711949446,0,0,0,0
15599,3,0.710239169,17.35987484793147,1.5782842761977829e-4,0.2580132466398629,20.483920307060544
15907,7,0.709708212,0,0,0,0
16920,4,0.711225456,3.720414632321216,3.382439082404099e-5,0.05529511396483533,4.389932387488984
16922,4,0.711172396,3.793458723378002,3.4488475913328487e-5,0.05638074063245296,4.476121334887251
15636,3,0.710559776,9.276915596095414,8.434167956387086e-5,0.13787928384966233,10.946369223876543
15639,7,0.709617586,0,0,0,0
15747,7,0.709607486,0,0,0,0
15461,3,0.707199565,20.240161896791648,1.8401474405335447e-4,0.30082186244159004,23.882537571708664
15465,3,0.709408752,61.32379616498343,5.57529268452554e-4,0.9114323624685505,72.35949363538317
16872,4,0.7117886,0,0,0,0
16899,4,0.711556584,0.9149090298878871,8.31795475873191e-6,0.013597946485750668,1.0795540763167797
16906,4,0.711460388,1.7880332464123385,1.6256020177862807e-5,0.026574861112079528,2.109803834804102
16913,4,0.711345547,3.4983315548919163,3.180530812795782e-5,0.0519943772755882,4.1278837206951335
16914,4,0.711297428,3.5961682655193,3.269479692537568e-5,0.05344848726028915,4.243326913756809
16925,4,0.711139819,3.829983514037201,3.482054341550693e-5,0.056923594766101523,4.519219047724983
16938,3,0.71045291,9.403470684312202,8.549226335295377e-5,0.1397602242064126,11.095698891526458
15474,3,0.709236237,64.35868704207701,5.851211756134725e-4,0.95653879642938755,75.94053689817015
15475,3,0.707294089,29.9337436945429,2.7214457140202817e-4,0.444893898278006,35.32055534398363
15103,1,0.707355571,0,0,0,0
15104,1,0.709576661,0,0,0,0
15105,1,0.708092365,0,0,0,0
15106,2,0.709600098,0,0,0,0
15107,1,0.709600233,0,0,0,0
15108,2,0.709584206,0,0,0,0
15113,1,0.709415687,0,0,0,0
15114,1,0.70835832,0,0,0,0
15116,2,0.709420232,0,0,0,0
15117,2,0.709404314,0,0,0,0
15118,2,0.708204369,0,0,0,0
15120,1,0.708324011,0,0,0,0
15124,1,0.709413656,0,0,0,0
15125,1,0.708879809,0,0,0,0
15126,1,0.708189608,0,0,0,0
15128,2,0.70930345400000006,0,0,0,0
15131,1,0.70747288,0,0,0,0
15132,1,0.708330517,0,0,0,0
15133,1,0.709401123,0,0,0,0
15134,1,0.708281486,0,0,0,0
15139,2,0.708420006,0,0,0,0
15154,1,0.709585023,0,0,0,0
15155,1,0.709383773,0,0,0,0
15156,1,0.709089804,0,0,0,0
15158,1,0.709775942,0,0,0,0
15159,1,0.707948475,0,0,0,0
15167,2,0.709483738,0,0,0,0
15168,2,0.708383847,0,0,0,0
15169,2,0.708326389,0,0,0,0
15170,2,0.708311164,0,0,0,0
15175,1,0.707960695,0,0,0,0
15176,1,0.709484885,0,0,0,0
15177,2,0.70832983,0,0,0,0
15178,1,0.708272585,0,0,0,0
15179,1,0.70941395,0,0,0,0
15180,1,0.709408082,0,0,0,0
15181,1,0.707084597,0,0,0,0
15182,1,0.709798888,0,0,0,0
15183,2,0.709519945,0,0,0,0
15268,1,0.709628107,0,0,0,0
15269,1,0.707972704,0,0,0,0
15358,1,0.710076797,0,0,0,0
15359,1,0.709307721,0,0,0,0
15525,1,0.709235914,0,0,0,0
15184,1,0.70935819,0,0,0,0
15185,2,0.707947917,0,0,0,0
15186,1,0.709042623,0,0,0,0
15187,1,0.708318446,0,0,0,0
15188,1,0.709427675,0,0,0,0
15189,2,0.708900387,0,0,0,0
15190,1,0.708822037,0,0,0,0
15191,2,0.708836759,0,0,0,0
15192,1,0.709383531,0,0,0,0
15193,1,0.708924761,0,0,0,0
15194,2,0.709515943,0,0,0,0
15195,2,0.708943988,0,0,0,0
15197,1,0.709516318,0,0,0,0
15198,1,0.708321854,0,0,0,0
15199,1,0.709877478,0,0,0,0
15200,1,0.709645701,0,0,0,0
15204,1,0.709523495,0,0,0,0
15205,1,0.708869915,0,0,0,0
15206,2,0.706966997,0,0,0,0
15207,2,0.709822672,0,0,0,0
15208,1,0.709154909,0,0,0,0
15209,2,0.707153479,0,0,0,0
15212,2,0.70832731,0,0,0,0
15213,1,0.709411445,0,0,0,0
15214,1,0.708169118,0,0,0,0
15215,1,0.708244269,0,0,0,0
15216,1,0.70952211,0,0,0,0
15217,1,0.708112817,0,0,0,0
15219,2,0.709705243,0,0,0,0
15220,1,0.708868343,0,0,0,0
15229,1,0.709284896,0,0,0,0
15230,1,0.709007741,0,0,0,0
15236,2,0.709863583,0,0,0,0
15237,1,0.706875942,0,0,0,0
15239,2,0.709032811,0,0,0,0
15240,1,0.707814403,0,0,0,0
15244,2,0.709501704,0,0,0,0
15245,2,0.708217964,0,0,0,0
15246,1,0.707909659,0,0,0,0
15247,1,0.709296419,0,0,0,0
15249,1,0.709805768,0,0,0,0
15252,1,0.708984561,0,0,0,0
15254,2,0.708002134,0,0,0,0
15258,1,0.707793651,0,0,0,0
15259,1,0.709494968,0,0,0,0
15260,2,0.707118528,0,0,0,0
15261,2,0.707630179,0,0,0,0
15262,2,0.707861217,0,0,0,0
15263,2,0.708147851,0,0,0,0
15264,1,0.709355744,0,0,0,0
15265,2,0.70830038,0,0,0,0
15266,2,0.709149324,0,0,0,0
15267,1,0.706817263,0,0,0,0
15271,2,0.707168368,0,0,0,0
15272,1,0.70948792,0,0,0,0
15273,2,0.709349443,0,0,0,0
15274,1,0.709697448,0,0,0,0
15275,2,0.707681812,0,0,0,0
15276,1,0.709332165,0,0,0,0
15278,2,0.708209204,0,0,0,0
15279,2,0.709483201,0,0,0,0
15280,1,0.709364906,0,0,0,0
15281,1,0.707881497,0,0,0,0
15282,1,0.709397318,0,0,0,0
15283,1,0.708294661,0,0,0,0
15284,1,0.707995867,0,0,0,0
15288,1,0.706986086,0,0,0,0
15290,1,0.709603893,0,0,0,0
15291,1,0.7095083,0,0,0,0
15292,2,0.707228815,0,0,0,0
15293,1,0.709345482,0,0,0,0
15295,1,0.71013499,0,0,0,0
15296,2,0.709531685,0,0,0,0
15298,1,0.709230086,0,0,0,0
15299,2,0.709638531,0,0,0,0
15300,1,0.709220539,0,0,0,0
15301,1,0.709242162,0,0,0,0
15302,1,0.709367396,0,0,0,0
15304,2,0.708161878,0,0,0,0
15384,2,0.709466194,0,0,0,0
15388,1,0.708999102,0,0,0,0
15389,2,0.709297736,0,0,0,0
15426,1,0.707286305,0,0,0,0
15427,1,0.708238058,0,0,0,0
15428,2,0.709368534,0,0,0,0
15432,1,0.709325645,0,0,0,0
15433,1,0.70943444,0,0,0,0
15434,2,0.709736099,0,0,0,0
16919,1,0.711175614,0,0,0,0
16923,1,0.710336733,0,0,0,0
16924,1,0.710938729,0,0,0,0
15553,1,0.709190135,0,0,0,0
15617,2,0.710094582,0,0,0,0
15618,1,0.707932232,0,0,0,0
15619,1,0.709451965,0,0,0,0
15657,2,0.710650145,0,0,0,0
15658,1,0.710903221,0,0,0,0
15306,2,0.708202009,0,0,0,0
15307,2,0.708275875,0,0,0,0
15308,1,0.710087015,0,0,0,0
15309,2,0.710102721,0,0,0,0
15311,1,0.709414214,0,0,0,0
15312,2,0.709504481,0,0,0,0
15313,1,0.709941752,0,0,0,0
15314,1,0.707538539,0,0,0,0
15315,2,0.709424336,0,0,0,0
15316,2,0.708659708,0,0,0,0
15317,1,0.709322235,0,0,0,0
15319,1,0.709353558,0,0,0,0
15320,1,0.70949521,0,0,0,0
15323,1,0.70945796,0,0,0,0
15332,1,0.708303866,0,0,0,0
15333,2,0.70929047,0,0,0,0
15335,2,0.709277147,0,0,0,0
15336,1,0.710411257,0,0,0,0
15338,2,0.709418634,0,0,0,0
15339,2,0.709504986,0,0,0,0
15342,1,0.709119083,0,0,0,0
15343,2,0.709280864,0,0,0,0
15344,1,0.709898996,0,0,0,0
15345,2,0.709564557,0,0,0,0
15346,1,0.709047423,0,0,0,0
15347,1,0.710269977,0,0,0,0
15348,1,0.709346935,0,0,0,0
15349,1,0.709290231,0,0,0,0
15350,2,0.710102627,0,0,0,0
15351,1,0.709334892,0,0,0,0
15352,1,0.708835433,0,0,0,0
15353,1,0.707321506,0,0,0,0
15355,2,0.709646054,0,0,0,0
15356,1,0.709185739,0,0,0,0
15357,1,0.709054629,0,0,0,0
15385,2,0.70924849,0,0,0,0
15386,1,0.709367042,0,0,0,0
15387,2,0.70926831,0,0,0,0
15413,2,0.706418524,0,0,0,0
15414,2,0.709238342,0,0,0,0
15859,1,0.70913011,0,0,0,0
15860,2,0.709115512,0,0,0,0
16014,1,0.709149729,0,0,0,0
16015,1,0.711848222,0,0,0,0
15361,2,0.709723683,0,0,0,0
15362,2,0.709309853,0,0,0,0
15363,1,0.708259679,0,0,0,0
15366,2,0.708941127,0,0,0,0
15368,2,0.709333025,0,0,0,0
15373,1,0.708223555,0,0,0,0
15374,2,0.709482063,0,0,0,0
15377,1,0.708268699,0,0,0,0
15378,1,0.708289155,0,0,0,0
15379,1,0.708163542,0,0,0,0
15380,1,0.709330812,0,0,0,0
15381,1,0.70941278,0,0,0,0
15382,1,0.708250033,0,0,0,0
15390,1,0.709447513,0,0,0,0
15392,1,0.708560518,0,0,0,0
15393,1,0.708564919,0,0,0,0
15397,1,0.709730872,0,0,0,0
15399,1,0.708199692,0,0,0,0
15405,1,0.709397203,0,0,0,0
15409,1,0.709409081,0,0,0,0
15415,2,0.709345593,0,0,0,0
15416,2,0.708959116,0,0,0,0
15417,2,0.708595186,0,0,0,0
15419,2,0.709965126,0,0,0,0
15420,1,0.709315109,0,0,0,0
15421,2,0.70921566,0,0,0,0
15422,2,0.709378365,0,0,0,0
15423,1,0.710373992,0,0,0,0
16399,1,0.711024311,0,0,0,0
16400,2,0.711968671,0,0,0,0
16089,2,0.711409452,0,0,0,0
16090,2,0.709377128,0,0,0,0
16412,1,0.712601693,0,0,0,0
16417,2,0.71071399,0,0,0,0
16418,1,0.708253892,0,0,0,0
16420,2,0.707857414,0,0,0,0
16473,1,0.711090403,0,0,0,0
16475,1,0.70901519,0,0,0,0
16476,1,0.712852131,0,0,0,0
16477,1,0.708766754,0,0,0,0
16478,1,0.710078003,0,0,0,0
16479,2,0.712871367,0,0,0,0
15424,1,0.710258089,0,0,0,0
15425,1,0.709351317,0,0,0,0
15483,1,0.710254527,0,0,0,0
15484,1,0.709373957,0,0,0,0
15486,2,0.709223131,0,0,0,0
15512,2,0.710177422,0,0,0,0
15513,1,0.708175296,0,0,0,0
15653,1,0.709942966,0,0,0,0
15654,1,0.710687902,0,0,0,0
15655,1,0.709222842,0,0,0,0
15691,1,0.711239575,0,0,0,0
15856,2,0.70903519,0,0,0,0
15863,2,0.710732741,0,0,0,0
15867,1,0.709141249,0,0,0,0
15438,2,0.709143244,0,0,0,0
15439,1,0.710644437,0,0,0,0
15441,2,0.708084576,0,0,0,0
15443,1,0.707880145,0,0,0,0
15444,1,0.709942056,0,0,0,0
15445,1,0.708552427,0,0,0,0
15446,1,0.709422008,0,0,0,0
15448,1,0.710123336,0,0,0,0
15529,1,0.70922022,0,0,0,0
16892,2,0.71149536,0,0,0,0
16893,1,0.710535965,0,0,0,0
16894,1,0.711339177,0,0,0,0
16931,1,0.710584057,0,0,0,0
16933,2,0.710488546,0,0,0,0
15497,1,0.708198242,0,0,0,0
15498,1,0.709152304,0,0,0,0
15611,1,0.710540421,0,0,0,0
15613,1,0.709215137,0,0,0,0
15745,1,0.708115577,0,0,0,0
15746,1,0.710541761,0,0,0,0
15784,2,0.711332681,0,0,0,0
15785,1,0.710799569,0,0,0,0
15786,1,0.71016597,0,0,0,0
15832,1,0.709218212,0,0,0,0
15833,1,0.71066238,0,0,0,0
15834,1,0.710189073,0,0,0,0
15530,1,0.709616429,0,0,0,0
15594,2,0.709170203,0,0,0,0
15595,1,0.707936307,0,0,0,0
15597,2,0.710031101,0,0,0,0
15598,1,0.70965965,0,0,0,0
15813,1,0.708013805,0,0,0,0
15814,2,0.710983024,0,0,0,0
15815,2,0.709118707,0,0,0,0
15816,1,0.710532379,0,0,0,0
15817,1,0.709136632,0,0,0,0
15471,1,0.709273482,0,0,0,0
15472,1,0.709195997,0,0,0,0
15554,1,0.708164612,0,0,0,0
15555,1,0.709674529,0,0,0,0
15556,2,0.708100031,0,0,0,0
15587,1,0.71015817,0,0,0,0
15588,2,0.710145188,0,0,0,0
15589,2,0.709647064,0,0,0,0
16057,1,0.711729533,0,0,0,0
16116,1,0.710483346,0,0,0,0
15892,2,0.710915866,0,0,0,0
15893,1,0.709026704,0,0,0,0
15549,2,0.708109549,0,0,0,0
15550,1,0.709244484,0,0,0,0
15557,1,0.708147648,0,0,0,0
15558,1,0.710010106,0,0,0,0
15559,1,0.709187971,0,0,0,0
15560,1,0.707264753,0,0,0,0
15561,2,0.709151545,0,0,0,0
16687,1,0.712160511,0,0,0,0
16688,1,0.713110724,0,0,0,0
16689,2,0.713088752,0,0,0,0
15931,2,0.711288265,0,0,0,0
16088,1,0.707961701,0,0,0,0
16146,1,0.712311094,0,0,0,0
16147,1,0.712357627,0,0,0,0
16091,1,0.710335715,0,0,0,0
15937,1,0.710077849,0,0,0,0
15938,1,0.708825676,0,0,0,0
15939,1,0.709794959,0,0,0,0
15940,2,0.709261301,0,0,0,0
15942,1,0.709292079,0,0,0,0
15943,1,0.707746797,0,0,0,0
15944,1,0.709346305,0,0,0,0
16613,2,0.709577357,0,0,0,0
16614,2,0.709576073,0,0,0,0
16615,1,0.709875763,0,0,0,0
16616,1,0.711543049,0,0,0,0
16618,1,0.708472651,0,0,0,0
16619,2,0.713014,0,0,0,0
15894,2,0.709198198,0,0,0,0
15806,1,0.710119413,0,0,0,0
15807,1,0.711944659,0,0,0,0
15808,1,0.711468663,0,0,0,0
15857,1,0.71033033,0,0,0,0
15861,2,0.710212789,0,0,0,0
15862,1,0.709945015,0,0,0,0
15905,2,0.709252145,0,0,0,0
15906,2,0.710546361,0,0,0,0
16921,1,0.711094056,0,0,0,0
15637,1,0.708099276,0,0,0,0
15638,2,0.708797054,0,0,0,0
15640,2,0.709572918,0,0,0,0
15641,2,0.708070711,0,0,0,0
15748,1,0.71144414,0,0,0,0
15818,1,0.710536423,0,0,0,0
15460,2,0.707987679,0,0,0,0
15462,1,0.710224393,0,0,0,0
15463,1,0.709927163,0,0,0,0
15464,1,0.708196954,0,0,0,0
15466,1,0.708324534,0,0,0,0
15467,2,0.709943978,0,0,0,0
15468,1,0.709647731,0,0,0,0
16873,2,0.711550158,0,0,0,0
16874,2,0.711280046,0,0,0,0
16875,1,0.711215611,0,0,0,0
16876,1,0.711599933,0,0,0,0
16877,2,0.711646761,0,0,0,0
16881,2,0.711291799,0,0,0,0
16882,2,0.710831574,0,0,0,0
16883,1,0.711384912,0,0,0,0
16884,2,0.711262625,0,0,0,0
16885,2,0.711248935,0,0,0,0
16886,2,0.710511859,0,0,0,0
16890,1,0.711619639,0,0,0,0
16891,1,0.711472048,0,0,0,0
16895,2,0.711221975,0,0,0,0
16896,1,0.710375491,0,0,0,0
16897,2,0.710729294,0,0,0,0
16898,1,0.711442499,0,0,0,0
16900,1,0.71046855,0,0,0,0
16901,2,0.711311388,0,0,0,0
16902,1,0.711274832,0,0,0,0
16903,1,0.711269241,0,0,0,0
16904,1,0.711430963,0,0,0,0
16905,1,0.710174227,0,0,0,0
16907,1,0.710788776,0,0,0,0
16908,1,0.711020702,0,0,0,0
16909,1,0.711283877,0,0,0,0
16910,1,0.711196906,0,0,0,0
16911,2,0.711004139,0,0,0,0
16912,1,0.710786625,0,0,0,0
16915,1,0.71076721,0,0,0,0
16916,2,0.711211083,0,0,0,0
16917,1,0.711163739,0,0,0,0
16918,1,0.711184731,0,0,0,0
16926,1,0.711036976,0,0,0,0
16927,1,0.711028748,0,0,0,0
16928,1,0.710513069,0,0,0,0
16929,1,0.710591302,0,0,0,0
16930,1,0.710327983,0,0,0,0
16934,1,0.710457021,0,0,0,0
16935,2,0.710538594,0,0,0,0
16936,1,0.710522759,0,0,0,0
16937,1,0.71054257,0,0,0,0
16939,1,0.710217956,0,0,0,0
15473,1,0.708134777,0,0,0,0
15476,1,0.707834881,0,0,0,0
15488,3,0.70958141,56.484900305255096,5.135361330384598e-4,0.839513685527774,66.64980056252955
15503,3,0.707311536,30.139524167650944,2.7401543791402764e-4,0.4479523355321214,35.56336762510999
15504,4,0.708624301,46.434236668784735,4.221598730034737e-4,0.6901344775296284,54.79044127762884
15509,3,0.709668909,47.37113462378905,4.306777415004425e-4,0.7040592370833941,55.89594135837643
15520,3,0.709325281,63.358544076516196,5.760283110028585e-4,0.9416740502311098,74.76041037181699
15523,4,0.709329874,64.14348423724235,5.831646453617312e-4,0.9533403186265357,75.68660666291765
15524,5,0.708839381,60.89184160710705,5.536021255860287e-4,0.9050123854321462,71.84980547130831
15534,3,0.709595518,56.29056621293358,5.117693320394492e-4,0.836625371497177,66.42049452807196
15536,3,0.70931336,64.19020713098853,5.835894295792675e-4,0.9540347433049081,75.74173770737481
15541,4,0.708244469,46.465916364347,4.224478910094711e-4,0.690605320849421,54.82782198255522
15544,3,0.709791872,37.25212480301534,3.386801076999829e-4,0.5536642256268698,43.95593645794998
15570,5,0.708872357,61.89665824339171,5.627374811770225e-4,0.9199465946287319,73.03544673204104
15571,4,0.709251394,64.33785562796729,5.849317854615944e-4,0.9562291870091797,75.9159567079185
15578,3,0.70928269,64.26705171472591,5.842880670941464e-4,0.955176855256201,75.83241107588088
15579,3,0.707988543,49.95574595111944,4.5417590294308854e-4,0.7424733365920747,58.94567373937169
15582,4,0.709647069,49.21936382068325,4.474810370646116e-4,0.7315287678146069,58.076773876467676
15584,4,0.710130409,20.356373276245396,1.8507128734363606e-4,0.3025490681715859,24.01966209918115
15586,3,0.709277764,64.27808848741225,5.843884086285376e-4,0.9553408906296222,75.84543400226339
15600,3,0.709247931,64.34467496478011,5.849937839043255e-4,0.9563305402301228,75.92400323780679
15615,3,0.710035992,25.692386840315827,2.3358400059487217e-4,0.38185621732100544,30.315933101206078
15625,4,0.708204395,48.22093460676861,4.3840375313819116e-4,0.7166894924581432,56.898669504793276
15627,7,0.709627707,0,0,0,0
15628,4,0.708199449,48.24137306300907,4.3858957068812536e-4,0.7169932614943316,56.92278602132904
15644,4,0.708199754,48.240162034248314,4.38578560541636e-4,0.7169752624324102,56.92135705845677
15645,4,0.709762094,37.50971195132285,3.410219779581824e-4,0.5574926458781508,44.25987843128066
15646,3,0.707848356,45.57254967691932,4.1432578985380514e-4,0.6773275500427621,53.77368696196595
15647,5,0.709328956,64.1461813015784,5.83189165896993e-4,0.9533804040725332,75.68978908510714
15768,4,0.708142067,46.87043507226693,4.261255990674525e-4,0.6966175292363621,55.305137000568394
15869,3,0.710436848,10.222051723619256,9.293444594038126e-5,0.15192648424224528,12.061590000818322
16219,3,0.712249852,0,0,0,0
16346,4,0.708631192,48.067947384287564,4.370128598868508e-4,0.7144157012982113,56.71815103327482
16013,4,0.711204233,3.7515994375883865,3.410790950283682e-5,0.05575860191755943,4.426729142735179
16017,4,0.711285899,3.617914195592498,3.289250145842371e-5,0.0537716887849855,4.26898619428298
15664,4,0.709957876,30.273165742517946,2.7523044895590756e-4,0.44993859965669303,35.72105904819142
15665,4,0.709242591,64.3527997452775,5.850676508729466e-4,0.9564512957662502,75.93359013619624
15667,5,0.709735328,40.184159462786944,3.653368908929553e-4,0.5972419465756138,47.4156137214331
15668,3,0.709787979,37.285546559962064,3.3898396376999486e-4,0.5541609605453972,43.995372721852554
15669,4,0.709811904,37.87774376006965,3.443679630068875e-4,0.5629625632982534,44.6941404468119
15670,5,0.709312411,64.19277433190003,5.836127694527858e-4,0.9540728986399986,75.74476689619927
15673,5,0.708899081,62.86026921277753,5.714982127760441e-4,0.934268379600508,74.17246704335166
15675,5,0.709686203,46.36387009058437,4.2152013069590336e-4,0.6890886457217696,54.70741168249852
15677,4,0.708195059,48.25808506911764,4.3874150897509995e-4,0.7172416457132104,56.942505483842325
15678,7,0.709654769,0,0,0,0
15680,6,0.709194809,64.35884599574138,5.851226207510171e-4,0.9565411588975141,75.9407244567915
15683,3,0.709945582,30.367155966638876,2.760849671718844e-4,0.45133554076890026,35.831963549370194
15703,7,0.709646274,0,0,0,0
15884,5,0.711118064,3.8507250875145287,3.5009116775451216e-5,0.05723186891900777,4.543693229818712
15928,5,0.710795488,7.268270430637832,6.607995182174866e-5,0.10802555131835156,8.576252627137471
15828,3,0.709143595,65.07229454491689,5.916089844886796e-4,0.9671448745403838,76.78256366084777
15835,4,0.708226934,47.33771046318578,4.3037386357743125e-4,0.7035624664402297,55.85650225826049
15841,4,0.708116947,48.58177200093642,4.416843297003378e-4,0.7220524820184854,57.32444241448804
15842,7,0.709494866,0,0,0,0
15850,5,0.710931252,5.595314743786679,5.087016673710874e-5,0.08316104440051968,6.602235460142395
16131,4,0.708240764,46.480979832016814,4.2258484150235504e-4,0.6908292034656949,54.84559623922465
16210,4,0.712212157,0,0,0,0
16068,5,0.709878532,34.107215794808056,3.1008796356757427e-4,0.5069226338410743,40.2450764395812
16069,4,0.711517423,0.9339656642841324,8.49120938578602e-6,0.013881178027088078,1.1020401013436243
16357,3,0.708351917,40.909537079742435,3.719317085237004e-4,0.608022959436019,48.271528722456985
16450,5,0.711526068,0.929942033808305,8.454628288463274e-6,0.013821376330852286,1.0972923870464946
15853,3,0.710991862,4.752544145586795,4.32080632067992e-5,0.07063526411011158,5.607801691357641
15872,3,0.710441368,10.215689214487245,9.287660077612645e-5,0.15183192067814671,12.054082508330348
15875,3,0.710468825,9.387229256939552,8.53446033630644e-5,0.1395188340211036,11.076534692078676
15877,5,0.711005767,4.741764342214653,4.311005792558726e-5,0.07047504797430705,5.595081977930268
15881,7,0.709724563,0,0,0,0
15902,3,0.71057837,9.2550176454668,8.41425929260878e-5,0.13755382290101265,10.92053056550523
15904,3,0.710708632,8.241562773490276,7.492870225528508e-5,0.1224912268781613,9.72469655090443
15909,5,0.710880585,5.632538840969881,5.120859202988616e-5,0.08371429206224577,6.646158325190806
15992,3,0.710846269,5.645022188894117,5.1322085196834174e-5,0.08389982733568993,6.66088814935632
15993,4,0.7081972,48.25010261205743,4.386689359492348e-4,0.7171230054764398,56.93308652110739
16030,3,0.710374179,13.577691843797314,1.2344246563895955e-4,0.2018000927530397,16.021103845418004
16600,4,0.712344538,0,0,0,0
16601,4,0.711843522,0,0,0,0
16636,5,0.712415363,0,0,0,0
15977,3,0.71192835,0,0,0,0
16056,4,0.711411946,1.83580855035768,1.669037245095242e-5,0.027284927364752576,2.1661766789193106
16463,4,0.709147894,65.08185990381139,5.916959485691908e-4,0.9672870408477603,76.793850381001
15912,7,0.709602186,0,0,0,0
15915,5,0.71121803,3.731619343269954,3.392625918003228e-5,0.05546164534106177,4.403153473939669
15918,5,0.710486969,9.36421436439605,8.513536197545082e-5,0.13917677238769705,11.049378089345861
15924,3,0.710671885,8.316671911983484,7.561156185721773e-5,0.12360754556390716,9.813322167200859
16053,3,0.712344653,0,0,0,0
16457,3,0.712196656,0,0,0,0
16093,4,0.71078544,8.079659128030745,7.345674476638459e-5,0.1200849142996567,9.53365707624999
16094,3,0.710256235,16.466346790074756,1.4970485935439511e-4,0.2447330774456194,19.429594876169524
16095,4,0.708209037,46.60349915538771,4.236987338737031e-4,0.6926501617776617,54.99016387453243
16319,3,0.710760298,8.924583545326792,8.113842988263888e-5,0.13264270598775885,10.53063226074817
16344,3,0.711022902,4.726477556496359,4.2971077122187846e-5,0.07024784626643674,5.577044215380272
16394,3,0.711235144,3.7053290276893787,3.368723907153165e-5,0.05507090233527686,4.372132010137807
16466,4,0.711492104,1.7535779726236798,1.5942767822479555e-5,0.02606276542406617,2.0691480646083313
16096,3,0.710498188,9.347601228462436,8.498432257308162e-5,0.13892985763879195,11.02977528946997
16214,4,0.711029862,4.7196412309308124,4.2908924225110035e-5,0.0701462405480946,5.568977639480131
16217,3,0.712237797,0,0,0,0
16218,4,0.708500466,43.61204631797634,3.965017464666413e-4,0.6481893309530371,51.46037566691951
16348,3,0.710771627,8.102950711789717,7.366850171012147e-5,0.1204310882898311,9.561140162949826
15932,6,0.709854814,35.91611932711727,3.2653372730268807e-4,0.5338076821100155,42.37950633170667
15933,5,0.71086163,5.6407130448616725,5.128290833450161e-5,0.08383578215957033,6.655803541101626
15934,3,0.710726222,8.199810072300043,7.454910486558855e-5,0.12187067228981067,9.675430124085276
15957,4,0.711145809,3.8237554879560065,3.4763920912627134e-5,0.05683102997266592,4.511870239566226
15973,3,0.711746759,0,0,0,0
15980,5,0.70933992,63.31334805672228,5.756174084588464e-4,0.9410023189021471,74.70708097423984
15982,5,0.711345719,3.4979621621474135,3.1801949769873455e-5,0.051988887131095264,4.1274478528327965
15984,4,0.710962533,4.7704600182835915,4.337094652490724e-5,0.07090154094225345,5.628941665681611
15994,3,0.709500709,59.76896399535473,5.433934109826837e-4,0.88832348066035,70.52485723779859
15995,4,0.708237085,47.29654780189784,4.2999963057375866e-4,0.7029506813915313,55.80793205364584
16006,3,0.707063405,16.400075123163166,1.491023461982796e-4,0.24374810675372918,19.351397103689916
16008,3,0.712058789,0,0,0,0
16025,5,0.709459495,63.336675662148956,5.758294928959105e-4,0.9413490282687292,74.73460656498864
16034,3,0.710252816,16.48558825440559,1.4987979437478208e-4,0.24501905604428975,19.452298992725467
16036,3,0.711988328,0,0,0,0
16037,3,0.707487957,38.492670670155405,3.4995861087561267e-4,0.5721019891240307,45.419728271102265
16040,5,0.709666132,47.402928402196245,4.3096679669802056e-4,0.704531775973314,55.9334566762493
16042,5,0.709796983,38.00758813819689,3.455484515884358e-4,0.5648923911254705,44.84735133785673
16045,3,0.711266951,3.652160565825814,3.320385455359035e-5,0.05428067961855602,4.309395467092277
16049,3,0.712185894,0,0,0,0
16055,3,0.712218008,0,0,0,0
16062,5,0.711587835,0.8982301135243604,8.166317309319602e-6,0.013350054067223178,1.0598736583073538
16063,3,0.710901451,5.619907023543571,5.1093749042834784e-5,0.0835265501428095,6.631253313273355
16065,3,0.712274489,0,0,0,0
16074,3,0.712411199,0,0,0,0
16080,3,0.712352676,0,0,0,0
16083,3,0.710872617,5.636358796135315,5.124332139992021e-5,0.08377106660946378,6.650665711210045
16086,3,0.710222815,17.454008922285503,1.5868425365947526e-4,0.2594123257436167,20.594994545448657
16179,3,0.711487428,1.7588076896509743,1.5990314133875495e-5,0.026140492728038114,2.075318910179165
16244,3,0.709820768,38.59496447438059,3.508886216284281e-4,0.5736223432032208,45.54043064666717
16284,4,0.708551726,43.7743875444379,3.979776822515901e-4,0.650602147132287,51.65193146870487
16285,3,0.7108888,5.628018952398545,5.1167499169915715e-5,0.08364711466984195,6.640825047266681
16101,4,0.71091249,5.611692306274327,5.101906440822175e-5,0.08340445791049605,6.6215602932854685
16103,3,0.707873888,45.494455277505956,4.136157895586826e-4,0.6761668625543132,53.68153886366318
16106,5,0.70996094,30.24868878110285,2.75007915074362e-4,0.4495748078472526,35.692177265841146
16110,3,0.710552161,9.284488425529196,8.441052843361424e-5,0.13799183594612477,10.955304843285058
16123,4,0.708213755,46.58763556005573,4.2355450896830633e-4,0.6924143871669091,54.971445500960606
16125,3,0.70785547,45.555535417352075,4.1417110360991596e-4,0.6770746735451737,53.753610853116555
16127,3,0.710664492,8.329769621877515,7.573064053584318e-5,0.12380221186668346,9.828776912584942
16129,3,0.709336466,63.32407696413271,5.757149510161228e-4,0.9411617785905441,74.7197406325785
16139,3,0.709298319,65.02471380897819,5.911764011432363e-4,0.9664377000783214,76.72642039877606
15477,1,0.708227983,0,0,0,0
15478,1,0.709355798,0,0,0,0
15479,1,0.709416937,0,0,0,0
15480,1,0.707295857,0,0,0,0
15481,1,0.705804207,0,0,0,0
15489,1,0.709878421,0,0,0,0
15490,2,0.710308768,0,0,0,0
15491,2,0.708138364,0,0,0,0
15492,1,0.709276757,0,0,0,0
15493,1,0.709397412,0,0,0,0
15494,1,0.708132559,0,0,0,0
15495,1,0.707784957,0,0,0,0
15496,1,0.710776781,0,0,0,0
15500,1,0.707816742,0,0,0,0
15501,2,0.709183741,0,0,0,0
15502,2,0.710055334,0,0,0,0
15505,2,0.709884634,0,0,0,0
15506,2,0.708107793,0,0,0,0
15507,2,0.707841298,0,0,0,0
15508,1,0.710749298,0,0,0,0
15510,1,0.709680524,0,0,0,0
15511,1,0.710442547,0,0,0,0
15515,1,0.709215542,0,0,0,0
15516,1,0.710525957,0,0,0,0
15517,2,0.710819545,0,0,0,0
15518,1,0.708098532,0,0,0,0
15519,1,0.709224498,0,0,0,0
15521,1,0.70970944,0,0,0,0
15522,1,0.710374807,0,0,0,0
15535,1,0.710229523,0,0,0,0
15537,1,0.709218537,0,0,0,0
15538,1,0.709252752,0,0,0,0
15539,1,0.71024991,0,0,0,0
15540,2,0.709757153,0,0,0,0
15542,2,0.709636289,0,0,0,0
15543,1,0.709614148,0,0,0,0
15545,2,0.709253106,0,0,0,0
15546,1,0.708125466,0,0,0,0
15547,2,0.709268715,0,0,0,0
15572,1,0.710916008,0,0,0,0
15576,1,0.709193011,0,0,0,0
15577,1,0.709202068,0,0,0,0
15580,2,0.709189916,0,0,0,0
15581,1,0.708392575,0,0,0,0
15583,1,0.709165084,0,0,0,0
15585,1,0.709257908,0,0,0,0
15590,1,0.709183579,0,0,0,0
15591,2,0.710392629,0,0,0,0
15592,1,0.710090465,0,0,0,0
15593,2,0.71014263,0,0,0,0
15601,2,0.709259858,0,0,0,0
15602,1,0.710419544,0,0,0,0
15603,2,0.709168653,0,0,0,0
15604,2,0.709178697,0,0,0,0
15605,1,0.709672241,0,0,0,0
15606,2,0.710105915,0,0,0,0
15607,1,0.710141711,0,0,0,0
15608,1,0.709255881,0,0,0,0
15609,1,0.709250296,0,0,0,0
15610,2,0.710108758,0,0,0,0
15614,1,0.710142215,0,0,0,0
15616,2,0.710058962,0,0,0,0
15620,2,0.709693968,0,0,0,0
15621,2,0.708085994,0,0,0,0
15622,2,0.709467191,0,0,0,0
15623,1,0.709182839,0,0,0,0
15624,1,0.708112446,0,0,0,0
15626,1,0.710850777,0,0,0,0
15629,1,0.710160512,0,0,0,0
15633,2,0.710780084,0,0,0,0
15634,2,0.708069018,0,0,0,0
15635,1,0.708105848,0,0,0,0
15642,2,0.70810286,0,0,0,0
15643,1,0.710357051,0,0,0,0
15648,2,0.710525167,0,0,0,0
15649,1,0.709683007,0,0,0,0
15650,1,0.708079155,0,0,0,0
15651,1,0.709231197,0,0,0,0
15652,1,0.710572804,0,0,0,0
15659,2,0.710413587,0,0,0,0
15660,1,0.707671599,0,0,0,0
15661,2,0.710616889,0,0,0,0
15766,1,0.710573155,0,0,0,0
15767,2,0.71093651,0,0,0,0
15802,1,0.710197123,0,0,0,0
15803,2,0.709206416,0,0,0,0
15804,2,0.7091204,0,0,0,0
15868,1,0.707942451,0,0,0,0
15870,2,0.710743175,0,0,0,0
16347,1,0.710260401,0,0,0,0
16012,1,0.710544106,0,0,0,0
16114,1,0.710304587,0,0,0,0
16115,1,0.707975107,0,0,0,0
16119,1,0.707807389,0,0,0,0
15662,1,0.708090712,0,0,0,0
15663,1,0.710943378,0,0,0,0
15666,1,0.709341748,0,0,0,0
15671,2,0.710724868,0,0,0,0
15672,2,0.709695373,0,0,0,0
15674,1,0.708086308,0,0,0,0
15676,1,0.709541451,0,0,0,0
15679,2,0.710780908,0,0,0,0
15681,1,0.709197577,0,0,0,0
15682,1,0.710497843,0,0,0,0
15687,1,0.710850109,0,0,0,0
15688,2,0.710571485,0,0,0,0
15692,1,0.709161575,0,0,0,0
15693,2,0.709865464,0,0,0,0
15694,2,0.710395715,0,0,0,0
15704,1,0.707916947,0,0,0,0
15822,1,0.710721122,0,0,0,0
15823,2,0.710428707,0,0,0,0
15824,1,0.710699844,0,0,0,0
15825,2,0.710839763,0,0,0,0
15826,1,0.711424375,0,0,0,0
15827,2,0.710676454,0,0,0,0
15882,1,0.711897425,0,0,0,0
15883,2,0.707810011,0,0,0,0
15927,1,0.707964238,0,0,0,0
15929,1,0.711863289,0,0,0,0
15930,1,0.71002684,0,0,0,0
15958,2,0.710158993,0,0,0,0
15959,1,0.710321266,0,0,0,0
15948,2,0.712021364,0,0,0,0
15949,2,0.709064948,0,0,0,0
15950,1,0.710717449,0,0,0,0
15951,2,0.710204884,0,0,0,0
15952,1,0.709838175,0,0,0,0
15953,1,0.710183008,0,0,0,0
15999,1,0.710470024,0,0,0,0
16000,1,0.70933438,0,0,0,0
16001,1,0.705686107,0,0,0,0
16002,2,0.710669483,0,0,0,0
16003,1,0.709337289,0,0,0,0
16004,1,0.710454233,0,0,0,0
15829,1,0.710103558,0,0,0,0
15830,2,0.709120316,0,0,0,0
15831,1,0.710969833,0,0,0,0
15836,1,0.709133383,0,0,0,0
15837,1,0.709008479,0,0,0,0
15838,1,0.71013626,0,0,0,0
15839,1,0.711339607,0,0,0,0
15840,1,0.710038178,0,0,0,0
15843,1,0.710043346,0,0,0,0
15844,2,0.710657233,0,0,0,0
15845,1,0.709132066,0,0,0,0
15846,2,0.711214989,0,0,0,0
15847,2,0.711598256,0,0,0,0
15848,1,0.709791834,0,0,0,0
15849,2,0.709129209,0,0,0,0
15851,2,0.711069943,0,0,0,0
16132,2,0.708563566,0,0,0,0
16133,1,0.707995997,0,0,0,0
16209,1,0.71152744,0,0,0,0
16211,2,0.709337156,0,0,0,0
15945,2,0.70894012,0,0,0,0
15946,1,0.709132063,0,0,0,0
15947,1,0.712067101,0,0,0,0
16070,2,0.707852062,0,0,0,0
16356,1,0.711917985,0,0,0,0
16358,2,0.708375453,0,0,0,0
16449,1,0.710846678,0,0,0,0
16451,1,0.712855066,0,0,0,0
16482,1,0.710443449,0,0,0,0
16483,1,0.712527154,0,0,0,0
16484,2,0.707855567,0,0,0,0
15852,1,0.709303181,0,0,0,0
15854,1,0.709126912,0,0,0,0
15855,2,0.711100054,0,0,0,0
15871,1,0.709447202,0,0,0,0
15873,1,0.710162527,0,0,0,0
15874,1,0.707616186,0,0,0,0
15876,2,0.707853447,0,0,0,0
15878,1,0.709261528,0,0,0,0
15879,2,0.710716202,0,0,0,0
15880,1,0.711798744,0,0,0,0
15885,2,0.710579084,0,0,0,0
15886,2,0.707666662,0,0,0,0
15898,1,0.709327741,0,0,0,0
15899,2,0.710584754,0,0,0,0
15900,2,0.710689531,0,0,0,0
15901,1,0.710416826,0,0,0,0
15903,1,0.710251298,0,0,0,0
15908,1,0.707955435,0,0,0,0
15910,1,0.709226977,0,0,0,0
15911,2,0.709269476,0,0,0,0
15975,2,0.709322909,0,0,0,0
15991,1,0.711611321,0,0,0,0
16031,1,0.711963432,0,0,0,0
16032,1,0.709535866,0,0,0,0
16282,2,0.710279818,0,0,0,0
16283,1,0.71083341,0,0,0,0
16287,1,0.707962655,0,0,0,0
16384,1,0.711061801,0,0,0,0
16388,2,0.712856934,0,0,0,0
16389,1,0.710515064,0,0,0,0
16498,1,0.709357658,0,0,0,0
16499,1,0.711581428,0,0,0,0
16500,1,0.71288313699999994,0,0,0,0
16602,1,0.709704236,0,0,0,0
16640,2,0.711585865,0,0,0,0
16641,1,0.713036753,0,0,0,0
15976,1,0.709247525,0,0,0,0
16117,1,0.710589508,0,0,0,0
16118,1,0.708058233,0,0,0,0
16461,2,0.711838322,0,0,0,0
16462,1,0.707248688,0,0,0,0
15913,1,0.709979858,0,0,0,0
15914,2,0.71177824,0,0,0,0
15916,1,0.709258394,0,0,0,0
15917,1,0.710160591,0,0,0,0
15919,2,0.709941728,0,0,0,0
15920,1,0.711863811,0,0,0,0
15921,1,0.710653427,0,0,0,0
15922,1,0.710440485,0,0,0,0
15923,1,0.707961164,0,0,0,0
15925,1,0.711845846,0,0,0,0
15926,2,0.709306813,0,0,0,0
15960,1,0.710615406,0,0,0,0
16051,1,0.712113815,0,0,0,0
16052,2,0.709378676,0,0,0,0
16156,1,0.711020862,0,0,0,0
16157,1,0.712387161,0,0,0,0
16158,1,0.712085819,0,0,0,0
16291,2,0.712700465,0,0,0,0
16292,2,0.710692595,0,0,0,0
16293,1,0.712642051,0,0,0,0
16366,1,0.711244055,0,0,0,0
16367,2,0.712333397,0,0,0,0
16368,1,0.709369424,0,0,0,0
16456,1,0.712219325,0,0,0,0
16458,2,0.712301508,0,0,0,0
16092,1,0.709363895,0,0,0,0
16192,1,0.707402386,0,0,0,0
16193,2,0.707977675,0,0,0,0
16194,2,0.710997726,0,0,0,0
16273,2,0.712650249,0,0,0,0
16274,2,0.711051575,0,0,0,0
16275,2,0.709143142,0,0,0,0
16318,2,0.708091156,0,0,0,0
16320,2,0.708363931,0,0,0,0
16342,2,0.707521554,0,0,0,0
16343,2,0.711276457,0,0,0,0
16393,1,0.711984849,0,0,0,0
16395,1,0.707145022,0,0,0,0
16429,1,0.711000493,0,0,0,0
16430,1,0.712828602,0,0,0,0
16431,2,0.710859437,0,0,0,0
16465,1,0.712589146,0,0,0,0
16467,1,0.712240761,0,0,0,0
16215,2,0.709170864,0,0,0,0
16216,1,0.710781168,0,0,0,0
16385,1,0.708164486,0,0,0,0
16386,1,0.710942627,0,0,0,0
16387,1,0.708074144,0,0,0,0
15935,2,0.710042641,0,0,0,0
15936,1,0.710490312,0,0,0,0
15954,1,0.711908347,0,0,0,0
15955,1,0.712012474,0,0,0,0
15956,1,0.709136165,0,0,0,0
15961,1,0.710646957,0,0,0,0
15962,2,0.711044574,0,0,0,0
15963,2,0.712168325,0,0,0,0
15964,1,0.711307018,0,0,0,0
15965,1,0.710207463,0,0,0,0
15966,1,0.710486409,0,0,0,0
15967,1,0.706478303,0,0,0,0
15968,1,0.711592165,0,0,0,0
15969,1,0.711866062,0,0,0,0
15970,2,0.711262831,0,0,0,0
15971,2,0.710729384,0,0,0,0
15972,1,0.709139398,0,0,0,0
15974,2,0.708692198,0,0,0,0
15978,1,0.711292432,0,0,0,0
15979,2,0.706597572,0,0,0,0
15981,1,0.710323314,0,0,0,0
15983,2,0.708871787,0,0,0,0
15985,1,0.711820863,0,0,0,0
15986,2,0.708826997,0,0,0,0
15987,1,0.707941012,0,0,0,0
15988,1,0.70991221,0,0,0,0
15989,2,0.712188708,0,0,0,0
15990,1,0.710700291,0,0,0,0
15996,1,0.710044745,0,0,0,0
15997,2,0.709983094,0,0,0,0
15998,2,0.711848659,0,0,0,0
16005,1,0.710038657,0,0,0,0
16007,2,0.710050031,0,0,0,0
16009,2,0.711929303,0,0,0,0
16010,1,0.71012609,0,0,0,0
16011,2,0.7119611,0,0,0,0
16018,2,0.710246576,0,0,0,0
16019,2,0.710155301,0,0,0,0
16020,1,0.712136386,0,0,0,0
16021,1,0.710057623,0,0,0,0
16022,2,0.708922702,0,0,0,0
16023,1,0.710327953,0,0,0,0
16024,1,0.708654519,0,0,0,0
16026,1,0.709614049,0,0,0,0
16027,2,0.712022094,0,0,0,0
16028,2,0.712181019,0,0,0,0
16029,2,0.709267207,0,0,0,0
16033,1,0.710307545,0,0,0,0
16035,2,0.71025105,0,0,0,0
16038,1,0.710355973,0,0,0,0
16039,1,0.709123698,0,0,0,0
16041,1,0.710100073,0,0,0,0
16043,2,0.710169869,0,0,0,0
16044,1,0.710240377,0,0,0,0
16046,1,0.71233043,0,0,0,0
16047,1,0.707941324,0,0,0,0
16048,1,0.710097267,0,0,0,0
16050,1,0.709387446,0,0,0,0
16054,1,0.711849533,0,0,0,0
16059,2,0.706435404,0,0,0,0
16060,1,0.710270535,0,0,0,0
16061,1,0.710932136,0,0,0,0
16064,2,0.708422558,0,0,0,0
16066,1,0.710090326,0,0,0,0
16067,1,0.710249826,0,0,0,0
16071,2,0.710119209,0,0,0,0
16072,2,0.710971701,0,0,0,0
16073,1,0.710481107,0,0,0,0
16075,1,0.709553008,0,0,0,0
16076,1,0.705865821,0,0,0,0
16077,1,0.710498506,0,0,0,0
16078,1,0.710765626,0,0,0,0
16079,2,0.712043552,0,0,0,0
16081,1,0.712090951,0,0,0,0
16082,1,0.708741651,0,0,0,0
16084,1,0.711441963,0,0,0,0
16085,2,0.710263212,0,0,0,0
16087,1,0.712251493,0,0,0,0
16148,1,0.710259031,0,0,0,0
16180,2,0.707946696,0,0,0,0
16181,1,0.711907053,0,0,0,0
16242,1,0.710670127,0,0,0,0
16243,1,0.709020076,0,0,0,0
16286,1,0.711750594,0,0,0,0
16314,2,0.712776803,0,0,0,0
16098,1,0.707991142,0,0,0,0
16099,1,0.710287483,0,0,0,0
16100,1,0.71197943,0,0,0,0
16102,2,0.710106672,0,0,0,0
16104,1,0.710557431,0,0,0,0
16105,1,0.711004296,0,0,0,0
16107,1,0.708054669,0,0,0,0
16108,1,0.710251874,0,0,0,0
16109,1,0.712279546,0,0,0,0
16111,1,0.709550953,0,0,0,0
16112,2,0.709365134,0,0,0,0
16113,1,0.706613706,0,0,0,0
16120,2,0.707959119,0,0,0,0
16121,2,0.707979312,0,0,0,0
16122,1,0.711882954,0,0,0,0
16124,1,0.710487521,0,0,0,0
16126,2,0.710322747,0,0,0,0
16128,2,0.710286977,0,0,0,0
16130,2,0.712075588,0,0,0,0
16134,2,0.710749306,0,0,0,0
16135,2,0.707977882,0,0,0,0
16136,2,0.710538844,0,0,0,0
16137,1,0.710959976,0,0,0,0
16138,2,0.709437702,0,0,0,0
16140,1,0.71029434,0,0,0,0
16141,1,0.707992387,0,0,0,0
16144,3,0.709223333,64.36978461673074,5.852220699328921e-4,0.9567037354794279,75.95363156831033
16150,4,0.711807027,0,0,0,0
16495,4,0.712082739,0,0,0,0
16496,3,0.70928952,64.24768137868979,5.84111960428296e-4,0.9548889612861715,75.80955489614684
16563,3,0.709578611,56.52144986621822,5.138684257414622e-4,0.8400569078130705,66.69292750328141
16765,4,0.713116222,0,0,0,0
16808,3,0.712393447,0,0,0,0
16159,3,0.709127237,65.81897773554878,5.98397503123743e-4,0.9782425440750985,77.66361834041811
16163,5,0.711861985,0,0,0,0
16168,4,0.708260133,42.42872965449173,3.857435463062115e-4,0.6306021434402714,50.06411190089796
16170,4,0.708274816,43.21041229241056,3.9285026468529645e-4,0.6422199965076558,50.98646445244589
16174,4,0.712149007,0,0,0,0
16175,3,0.7078259,44.02058354715012,4.0021598917112266e-4,0.6542612650997823,51.942432370563324
16182,4,0.708449503,41.108107048195166,3.737370202651694e-4,0.6109742296896619,48.505832912135276
16185,3,0.712228742,0,0,0,0
16196,3,0.71226682,0,0,0,0
16197,3,0.70779951,44.04702369598651,4.0045637149838223e-4,0.6546542350205149,51.97363063128903
16200,3,0.707810971,44.041645513995405,4.0040747540814284e-4,0.6545743011380014,51.967284603321225
16201,4,0.710999742,4.746614718740143,4.3154155438218416e-5,0.07054713728403594,5.6008052177046155
16232,4,0.708369046,41.745942077096906,3.7953593878124227e-4,0.6204541302113629,49.25845135066231
16414,3,0.708110256,48.61595785182867,4.419951325799917e-4,0.722560573376005,57.3647802770268
16839,3,0.711748147,0,0,0,0
16840,3,0.71181088,0,0,0,0
16481,4,0.709175073,65.126299975679,5.920999783636228e-4,0.9679475368089301,76.84628779190115
16574,3,0.708440437,41.10003259051763,3.736636108097274e-4,0.6108542220825515,48.49630539255128
16624,4,0.712104894,0,0,0,0
16625,5,0.712302161,0,0,0,0
16205,3,0.710601677,9.220791908192465,8.383142741680535e-5,0.13704513872729887,10.880145638717499
16208,4,0.708407365,41.83981853981396,3.8038942272804074e-4,0.6218493805308996,49.3692216181815
16223,3,0.712464149,0,0,0,0
16225,4,0.708331337,42.460419279441815,3.86031654585882e-4,0.6310731343367955,50.10150432208328
16227,4,0.711202074,3.7546264919490318,3.4135430163800404e-5,0.055803591880343555,4.430300939238999
16228,4,0.708410314,41.847100948381254,3.8045563121764844e-4,0.6219576162119896,49.37781455321372
16236,4,0.708396751,41.010492386829064,3.728495502430059e-4,0.6095234199390536,48.390651727838765
16237,5,0.710336962,12.093381859518137,1.0994776518914411e-4,0.17973935548283596,14.269680652838257
16238,3,0.707787198,44.0549168802485,4.005281328948148e-4,0.6547715484294883,51.98294425588644
16239,3,0.712277824,0,0,0,0
16240,4,0.712453058,0,0,0,0
16247,4,0.712492758,0,0,0,0
16254,4,0.708533413,44.502979647551705,4.0460172459163846e-4,0.661430935683315,52.51163942785039
16255,4,0.708484901,43.56862142890966,3.961069462724582e-4,0.6475439232694439,51.40913612891726
16259,4,0.71229408,0,0,0,0
16260,4,0.708537141,44.51603554251626,4.047204231071218e-4,0.6616249805066275,52.527044833380906
16266,3,0.708210106,46.60003734241632,4.2366726057664454e-4,0.692598710162265,54.98607908120039
16271,4,0.708568192,43.04833498099832,3.9137672830112815e-4,0.6398111027978538,50.795220059290216
16272,4,0.712195293,0,0,0,0
16276,4,0.708548115,43.75759935897224,3.9782505137505187e-4,0.6503526306884688,51.632122117762485
16279,3,0.71247146,0,0,0,0
16281,5,0.71073804,8.970129473494758,8.155251364131817e-5,0.13331963787239412,10.58437453545212
16294,3,0.7082453,45.66260359649872,4.151445209018523e-4,0.6786659873510296,53.8799467897678
16297,5,0.710825427,5.647545870553963,5.134502941225482e-5,0.08393733586062149,6.663865987298904
16303,3,0.708036037,49.79434306894369,4.52708498176047e-4,0.7400744666686455,58.75522514427643
16309,4,0.712425223,0,0,0,0
16310,3,0.712440831,0,0,0,0
16311,3,0.70827264,44.012478667922366,4.0014230313618464e-4,0.65414080534869,51.93286895483286
16323,3,0.708054755,48.898370317269325,4.4456270381833127e-4,0.7267579629158607,57.698015077765945
16325,4,0.712502609,0,0,0,0
16332,5,0.710917907,5.607275321812801,5.09789071076369e-5,0.08333880994291222,6.616348437871763
16370,5,0.711050807,4.696903876184239,4.270220609037e-5,0.06980830385387558,5.542148519644761
16381,4,0.708710292,52.63473355605314,4.7853209243197434e-4,0.782290114979694,62.106766148376224
16382,3,0.71078497,8.080487251880516,7.3464273708052e-5,0.12009722239087112,9.534634227473237
16383,3,0.710797291,7.266163263121212,6.606079437166375e-5,0.1079942332854199,8.57376625832075
16396,4,0.708789041,59.7399274920955,5.431294237308673e-4,0.8878919221069266,70.49059538833434
16397,5,0.711217468,3.732454548655221,3.393385250393876e-5,0.055474058682456896,4.404138981076196
16404,4,0.708830021,61.62651175467706,5.602814268612901e-4,0.9159315096565075,72.7166852666194
16409,3,0.710812557,6.455680726862348,5.8692239849724405e-5,0.09594833823393702,7.6174310411363315
16411,3,0.710799804,7.263169532045535,6.603357667150579e-5,0.10794973859400257,8.570233781888051
16423,3,0.711307641,3.5763439908788093,3.251456324727494e-5,0.05315384657266445,4.219935105610825
16425,3,0.711377376,1.866054645576544,1.6965356786487545e-5,0.027734463625466308,2.2018657958910723
16426,5,0.711389937,1.8554500967759333,1.686894484357443e-5,0.02757685223199924,2.1893528754681513
16434,3,0.711887213,0,0,0,0
16441,4,0.712400403,0,0,0,0
16455,3,0.711710447,0.8218403673989766,7.471814980077293e-6,0.012214702195135594,0.96973697900431155
16459,4,0.709063627,63.11927032691268,5.73852938196233e-4,0.9381178150904945,74.47807743673629
16472,5,0.712160305,0,0,0,0
16710,3,0.712629903,0,0,0,0
16755,4,0.713143942,0,0,0,0
16485,4,0.711541679,0.9224109431071882,8.38615888911384e-6,0.013709444581369312,1.0884060175825288
16486,5,0.712272134,0,0,0,0
16491,3,0.712541496,0,0,0,0
16586,4,0.712145356,0,0,0,0
16789,3,0.712043758,0,0,0,0
16791,3,0.711661681,0.8541296284330514,7.765374890079745e-6,0.01269460525572686,1.0078369454838898
16494,3,0.708332678,42.46352635372267,3.860599027531378e-4,0.6311193136053544,50.105170538718745
16504,3,0.709285438,64.2598262798153,5.84222376584232e-4,0.9550694663529974,75.82388536736114
16513,4,0.709352462,63.26438977259169,5.751723010447101e-4,0.9402746704629099,74.64931226338874
16516,5,0.711910694,0,0,0,0
16520,5,0.711776153,0,0,0,0
16774,4,0.713059586,0,0,0,0
16526,3,0.709389889,63.052163660764286,5.732428335904231e-4,0.9371204341211158,74.39889440036666
16530,4,0.711672467,0.8471874450235801,7.702259579551137e-6,0.012591426212332977,0.9996454617916238
16532,4,0.709456667,64.16160664208788,5.833294063802589e-4,0.9536096650678018,75.70799033646828
16537,3,0.709542947,57.73071607377186,5.248625478641032e-4,0.8580297735736763,68.1198106370905
16538,3,0.709296046,64.22970575047624,5.839485338390336e-4,0.9546217963304103,75.78834441283281
16539,3,0.708416226,41.860033416862294,3.805732075932551e-4,0.6221498265942125,49.393074320698204
16549,5,0.711989096,0,0,0,0
16550,4,0.712145963,0,0,0,0
16570,5,0.71220968,0,0,0,0
16575,5,0.712130057,0,0,0,0
16576,4,0.712157982,0,0,0,0
16578,3,0.708439424,41.09880808929858,3.7365247817751005e-4,0.6108360227845836,48.494860532746316
16580,5,0.712337083,0,0,0,0
16591,4,0.712117186,0,0,0,0
16595,4,0.711785479,0,0,0,0
16599,5,0.712417613,0,0,0,0
16626,4,0.712195694,0,0,0,0
16634,3,0.712161082,0,0,0,0
16644,3,0.711941111,0,0,0,0
16649,3,0.712598791,0,0,0,0
16658,3,0.713012893,0,0,0,0
16665,4,0.712628514,0,0,0,0
16670,5,0.712581435,0,0,0,0
16674,5,0.712393398,0,0,0,0
16675,3,0.712937025,0,0,0,0
16679,5,0.712647825,0,0,0,0
16942,4,0.710862204,5.640511803790227,5.128107873825412e-5,0.08383279118972431,6.655566085123049
16691,4,0.71264278700000006,0,0,0,0
16693,3,0.71279515,0,0,0,0
16697,3,0.712536079,0,0,0,0
16704,3,0.712455781,0,0,0,0
16707,3,0.712602319,0,0,0,0
16718,3,0.712464137,0,0,0,0
16719,3,0.712415589,0,0,0,0
16724,4,0.713115257,0,0,0,0
16725,4,0.713128985,0,0,0,0
16726,3,0.713040076,0,0,0,0
16142,1,0.710338383,0,0,0,0
16143,2,0.710480156,0,0,0,0
16145,2,0.712431925,0,0,0,0
16149,1,0.712363989,0,0,0,0
16151,1,0.708140255,0,0,0,0
16152,1,0.710590563,0,0,0,0
16153,2,0.712135201,0,0,0,0
16154,2,0.708326729,0,0,0,0
16155,1,0.710391763,0,0,0,0
16261,1,0.710828133,0,0,0,0
16262,1,0.712578857,0,0,0,0
16263,2,0.709212329,0,0,0,0
16372,2,0.710845292,0,0,0,0
16373,2,0.711188104,0,0,0,0
16374,1,0.708273828,0,0,0,0
16444,1,0.712638072,0,0,0,0
16445,1,0.712529398,0,0,0,0
16446,2,0.708781842,0,0,0,0
16497,1,0.708317934,0,0,0,0
16561,2,0.712861744,0,0,0,0
16562,1,0.709230094,0,0,0,0
16766,1,0.712960092,0,0,0,0
16767,1,0.713020833,0,0,0,0
16807,2,0.712267948,0,0,0,0
16809,2,0.712364924,0,0,0,0
16160,1,0.707949685,0,0,0,0
16161,1,0.712072075,0,0,0,0
16162,1,0.712475291,0,0,0,0
16164,1,0.709415718,0,0,0,0
16165,1,0.71210255,0,0,0,0
16166,1,0.710577803,0,0,0,0
16167,1,0.709870528,0,0,0,0
16169,2,0.710816945,0,0,0,0
16171,2,0.710974945,0,0,0,0
16172,1,0.71137748,0,0,0,0
16173,1,0.710638043,0,0,0,0
16176,1,0.712316437,0,0,0,0
16177,2,0.711455405,0,0,0,0
16178,1,0.71252142,0,0,0,0
16183,1,0.711952634,0,0,0,0
16184,1,0.712718535,0,0,0,0
16186,2,0.710583171,0,0,0,0
16187,1,0.707953361,0,0,0,0
16188,2,0.711602176,0,0,0,0
16189,2,0.712058459,0,0,0,0
16190,1,0.707976136,0,0,0,0
16191,1,0.711388329,0,0,0,0
16195,1,0.709427871,0,0,0,0
16198,1,0.71003277,0,0,0,0
16199,1,0.707954527,0,0,0,0
16202,1,0.711728669,0,0,0,0
16230,1,0.711449996,0,0,0,0
16231,2,0.707696543,0,0,0,0
16413,2,0.709484375,0,0,0,0
16415,1,0.71229329,0,0,0,0
16572,1,0.708389791,0,0,0,0
16573,1,0.7118393,0,0,0,0
16623,1,0.712722489,0,0,0,0
16662,1,0.713037842,0,0,0,0
16663,1,0.713098948,0,0,0,0
16664,1,0.712166271,0,0,0,0
16869,1,0.711812061,0,0,0,0
16946,1,0.709781646,0,0,0,0
17004,1,0.710135825,0,0,0,0
16203,1,0.707955502,0,0,0,0
16204,1,0.712450155,0,0,0,0
16206,2,0.711091606,0,0,0,0
16207,2,0.712185385,0,0,0,0
16212,1,0.710183408,0,0,0,0
16213,1,0.712503559,0,0,0,0
16220,1,0.708934867,0,0,0,0
16221,1,0.707981316,0,0,0,0
16222,1,0.709254485,0,0,0,0
16224,1,0.712144974,0,0,0,0
16226,2,0.710766854,0,0,0,0
16229,1,0.709231456,0,0,0,0
16233,2,0.707499695,0,0,0,0
16234,2,0.712368014,0,0,0,0
16235,2,0.709154717,0,0,0,0
16241,2,0.708263118,0,0,0,0
16245,1,0.710746589,0,0,0,0
16246,1,0.708435392,0,0,0,0
16248,1,0.708430332,0,0,0,0
16249,2,0.70795196,0,0,0,0
16250,1,0.707953908,0,0,0,0
16251,2,0.710555717,0,0,0,0
16252,1,0.70800145,0,0,0,0
16253,1,0.707961465,0,0,0,0
16256,1,0.710668074,0,0,0,0
16257,1,0.712527586,0,0,0,0
16258,2,0.710682071,0,0,0,0
16264,1,0.708340492,0,0,0,0
16265,2,0.712604262,0,0,0,0
16267,1,0.708008043,0,0,0,0
16268,1,0.708598173,0,0,0,0
16269,2,0.711007509,0,0,0,0
16270,2,0.712580223,0,0,0,0
16277,1,0.710902936,0,0,0,0
16278,1,0.710744385,0,0,0,0
16280,2,0.708422707,0,0,0,0
16288,1,0.709736536,0,0,0,0
16289,1,0.708335028,0,0,0,0
16290,1,0.708482713,0,0,0,0
16295,1,0.707991171,0,0,0,0
16296,1,0.710822564,0,0,0,0
16298,1,0.708433712,0,0,0,0
16299,1,0.708738509,0,0,0,0
16300,1,0.708233614,0,0,0,0
16301,1,0.708511475,0,0,0,0
16302,1,0.707987825,0,0,0,0
16304,1,0.708073366,0,0,0,0
16305,2,0.708893262,0,0,0,0
16306,1,0.710871096,0,0,0,0
16307,2,0.707996301,0,0,0,0
16308,2,0.71194504,0,0,0,0
16312,1,0.708824771,0,0,0,0
16313,1,0.712627967,0,0,0,0
16317,2,0.710774172,0,0,0,0
16321,1,0.708419431,0,0,0,0
16322,1,0.710764928,0,0,0,0
16324,2,0.712874872,0,0,0,0
16326,1,0.711346419,0,0,0,0
16327,2,0.708775265,0,0,0,0
16328,1,0.7126444,0,0,0,0
16329,1,0.710220421,0,0,0,0
16330,1,0.710481722,0,0,0,0
16331,1,0.711163854,0,0,0,0
16333,1,0.712687448,0,0,0,0
16334,1,0.711919708,0,0,0,0
16335,1,0.708266944,0,0,0,0
16336,1,0.711845398,0,0,0,0
16351,1,0.708619542,0,0,0,0
16352,1,0.708481897,0,0,0,0
16353,2,0.708392392,0,0,0,0
16354,1,0.71095052,0,0,0,0
16355,1,0.708517551,0,0,0,0
16359,2,0.712760634,0,0,0,0
16360,1,0.710522045,0,0,0,0
16361,2,0.708504265,0,0,0,0
16362,1,0.708440836,0,0,0,0
16363,1,0.710742979,0,0,0,0
16364,1,0.711513394,0,0,0,0
16365,1,0.708142911,0,0,0,0
16369,1,0.712464193,0,0,0,0
16371,1,0.706698074,0,0,0,0
16375,1,0.711549611,0,0,0,0
16376,1,0.708484433,0,0,0,0
16377,1,0.708225297,0,0,0,0
16378,1,0.711621261,0,0,0,0
16379,1,0.712795057,0,0,0,0
16380,1,0.710435999,0,0,0,0
16390,1,0.708278707,0,0,0,0
16391,1,0.712429591,0,0,0,0
16392,1,0.70948558,0,0,0,0
16401,1,0.711300285,0,0,0,0
16402,1,0.710715668,0,0,0,0
16403,1,0.708342426,0,0,0,0
16405,2,0.708398505,0,0,0,0
16406,1,0.708606342,0,0,0,0
16407,1,0.707313711,0,0,0,0
16408,2,0.710577733,0,0,0,0
16410,1,0.712114994,0,0,0,0
16424,1,0.712461299,0,0,0,0
16427,1,0.712521384,0,0,0,0
16428,2,0.711049355,0,0,0,0
16432,1,0.712761958,0,0,0,0
16433,1,0.708426697,0,0,0,0
16435,1,0.708604094,0,0,0,0
16436,1,0.710657334,0,0,0,0
16437,1,0.707715653,0,0,0,0
16438,1,0.711600758,0,0,0,0
16439,1,0.708483229,0,0,0,0
16440,1,0.711227791,0,0,0,0
16442,1,0.708454287,0,0,0,0
16443,2,0.712162357,0,0,0,0
16447,1,0.712788561,0,0,0,0
16448,2,0.708976765,0,0,0,0
16452,2,0.709397225,0,0,0,0
16453,1,0.708939034,0,0,0,0
16454,1,0.709509822,0,0,0,0
16460,1,0.711823864,0,0,0,0
16464,2,0.710721673,0,0,0,0
16468,1,0.711641432,0,0,0,0
16469,2,0.711776551,0,0,0,0
16470,2,0.708771674,0,0,0,0
16471,1,0.70826259,0,0,0,0
16565,1,0.711619571,0,0,0,0
16566,1,0.712860964,0,0,0,0
16567,1,0.712165926,0,0,0,0
16604,2,0.709840602,0,0,0,0
16605,1,0.711919232,0,0,0,0
16606,1,0.709933961,0,0,0,0
16637,1,0.711287995,0,0,0,0
16638,1,0.712020862,0,0,0,0
16639,1,0.710045192,0,0,0,0
16709,1,0.713102537,0,0,0,0
16711,1,0.712631106,0,0,0,0
16712,2,0.712655391,0,0,0,0
16713,1,0.712328019,0,0,0,0
16714,2,0.712694284,0,0,0,0
16754,1,0.713086122,0,0,0,0
16756,2,0.71300922,0,0,0,0
16838,2,0.711759051,0,0,0,0
16487,2,0.708739101,0,0,0,0
16488,1,0.71273318,0,0,0,0
16489,1,0.712586332,0,0,0,0
16490,1,0.712892349,0,0,0,0
16585,2,0.709322408,0,0,0,0
16587,2,0.709281523,0,0,0,0
16630,1,0.708392528,0,0,0,0
16631,1,0.712123273,0,0,0,0
16632,1,0.712984225,0,0,0,0
16790,2,0.711518507,0,0,0,0
16837,1,0.710927026,0,0,0,0
16841,2,0.711664913,0,0,0,0
16842,2,0.711146405,0,0,0,0
16943,1,0.710782068,0,0,0,0
16944,2,0.710259886,0,0,0,0
16945,2,0.71023958,0,0,0,0
16492,2,0.707998907,0,0,0,0
16493,2,0.710872606,0,0,0,0
16501,1,0.70850046,0,0,0,0
16502,2,0.710169316,0,0,0,0
16503,1,0.711281178,0,0,0,0
16514,1,0.708868513,0,0,0,0
16515,1,0.708763862,0,0,0,0
16517,1,0.710445548,0,0,0,0
16518,1,0.712463524,0,0,0,0
16519,1,0.711233171,0,0,0,0
16521,2,0.711817467,0,0,0,0
16522,1,0.707828912,0,0,0,0
16523,2,0.708279547,0,0,0,0
16728,2,0.71264479,0,0,0,0
16729,1,0.713024565,0,0,0,0
16730,1,0.712645995,0,0,0,0
16773,1,0.713003103,0,0,0,0
16775,1,0.712519152,0,0,0,0
16524,1,0.712735364,0,0,0,0
16525,2,0.711791023,0,0,0,0
16527,1,0.70930847,0,0,0,0
16528,2,0.712502917,0,0,0,0
16529,2,0.708284895,0,0,0,0
16531,1,0.708690102,0,0,0,0
16533,2,0.708312637,0,0,0,0
16534,1,0.708384043,0,0,0,0
16535,2,0.708304913,0,0,0,0
16536,1,0.712896438,0,0,0,0
16540,2,0.712939979,0,0,0,0
16541,1,0.712653149,0,0,0,0
16542,1,0.711745724,0,0,0,0
16543,2,0.712185095,0,0,0,0
16544,1,0.712048673,0,0,0,0
16545,1,0.709570518,0,0,0,0
16546,1,0.712191082,0,0,0,0
16547,2,0.709170647,0,0,0,0
16548,1,0.708779076,0,0,0,0
16551,2,0.712607916,0,0,0,0
16552,1,0.708678532,0,0,0,0
16553,1,0.712928157,0,0,0,0
16554,1,0.710213766,0,0,0,0
16555,2,0.712135748,0,0,0,0
16556,2,0.710932237,0,0,0,0
16557,2,0.708826037,0,0,0,0
16558,2,0.712160383,0,0,0,0
16559,1,0.712639264,0,0,0,0
16560,2,0.712454368,0,0,0,0
16564,1,0.708453923,0,0,0,0
16568,2,0.712105068,0,0,0,0
16569,1,0.710623088,0,0,0,0
16571,1,0.709319961,0,0,0,0
16577,1,0.708346217,0,0,0,0
16579,2,0.709698738,0,0,0,0
16581,1,0.712070891,0,0,0,0
16582,1,0.713035966,0,0,0,0
16583,1,0.712115966,0,0,0,0
16584,1,0.710562481,0,0,0,0
16588,2,0.711041213,0,0,0,0
16589,1,0.708344506,0,0,0,0
16590,2,0.708452374,0,0,0,0
16592,2,0.708406772,0,0,0,0
16593,1,0.709246138,0,0,0,0
16594,2,0.710533995,0,0,0,0
16596,1,0.709681241,0,0,0,0
16597,1,0.712935865,0,0,0,0
16598,2,0.712960201,0,0,0,0
16603,1,0.712668178,0,0,0,0
16607,1,0.708012563,0,0,0,0
16608,1,0.708486189,0,0,0,0
16609,2,0.708473046,0,0,0,0
16610,1,0.710463873,0,0,0,0
16611,1,0.708794548,0,0,0,0
16612,1,0.709484928,0,0,0,0
16621,1,0.712856558,0,0,0,0
16622,2,0.71298082,0,0,0,0
16627,2,0.709251783,0,0,0,0
16628,1,0.713025736,0,0,0,0
16629,1,0.710192983,0,0,0,0
16633,2,0.712934964,0,0,0,0
16653,2,0.712964443,0,0,0,0
16654,1,0.713066848,0,0,0,0
16655,1,0.712460826,0,0,0,0
16635,2,0.713006682,0,0,0,0
16642,1,0.709619545,0,0,0,0
16643,2,0.71300907,0,0,0,0
16645,2,0.712957171,0,0,0,0
16646,1,0.713021826,0,0,0,0
16647,1,0.713065893,0,0,0,0
16648,1,0.713078742,0,0,0,0
16650,1,0.709980645,0,0,0,0
16651,2,0.712518989,0,0,0,0
16652,2,0.712105559,0,0,0,0
16656,1,0.713036682,0,0,0,0
16657,2,0.712976286,0,0,0,0
16659,2,0.712604199,0,0,0,0
16660,1,0.713059253,0,0,0,0
16661,2,0.71305269,0,0,0,0
16666,1,0.713058754,0,0,0,0
16667,2,0.7129822,0,0,0,0
16668,1,0.712623169,0,0,0,0
16669,1,0.713021356,0,0,0,0
16671,1,0.713091075,0,0,0,0
16672,1,0.713062854,0,0,0,0
16673,2,0.712175495,0,0,0,0
16676,2,0.712975917,0,0,0,0
16677,1,0.712496431,0,0,0,0
16678,2,0.712989954,0,0,0,0
16680,1,0.712963287,0,0,0,0
16744,1,0.713047038,0,0,0,0
16745,2,0.713055205,0,0,0,0
16746,1,0.713093996,0,0,0,0
16831,1,0.711766148,0,0,0,0
16832,2,0.711764036,0,0,0,0
16833,1,0.711312317,0,0,0,0
16870,1,0.711509301,0,0,0,0
16941,1,0.710302629,0,0,0,0
16681,1,0.713011871,0,0,0,0
16682,2,0.712275606,0,0,0,0
16683,1,0.712825322,0,0,0,0
16684,1,0.712262368,0,0,0,0
16685,1,0.712556531,0,0,0,0
16686,1,0.713138352,0,0,0,0
16690,2,0.713042674,0,0,0,0
16692,1,0.712858868,0,0,0,0
16694,1,0.712498559,0,0,0,0
16695,2,0.712799008,0,0,0,0
16696,1,0.713137849,0,0,0,0
16698,2,0.71284695,0,0,0,0
16699,1,0.712864333,0,0,0,0
16700,1,0.712854103,0,0,0,0
16701,2,0.712762942,0,0,0,0
16702,1,0.712782196,0,0,0,0
16703,1,0.712466364,0,0,0,0
16705,2,0.712301782,0,0,0,0
16706,1,0.712317035,0,0,0,0
16708,1,0.712328376,0,0,0,0
16715,2,0.712346678,0,0,0,0
16716,1,0.712329861,0,0,0,0
16717,1,0.712644095,0,0,0,0
16720,1,0.712372916,0,0,0,0
16721,2,0.712376703,0,0,0,0
16722,1,0.712538151,0,0,0,0
16723,2,0.712478474,0,0,0,0
16758,1,0.713100553,0,0,0,0
16759,2,0.712984164,0,0,0,0
16760,2,0.712966476,0,0,0,0
16727,1,0.713159567,0,0,0,0
16731,1,0.713142406,0,0,0,0
16732,1,0.712368933,0,0,0,0
16733,1,0.712795069,0,0,0,0
16734,1,0.712930147,0,0,0,0
16735,2,0.712658449,0,0,0,0
16736,1,0.712501338,0,0,0,0
16737,2,0.713128033,0,0,0,0
16738,1,0.71311926,0,0,0,0
16739,1,0.712798514,0,0,0,0
16741,4,0.713149126,0,0,0,0
16747,3,0.71312508,0,0,0,0
16748,4,0.713161938,0,0,0,0
16782,4,0.712980629,0,0,0,0
16786,4,0.712923183,0,0,0,0
16787,3,0.712183554,0,0,0,0
16795,3,0.711493857,1.7516043624831577,1.592482461793795e-5,0.026033432403844644,2.066819287863695
16796,4,0.71275684,0,0,0,0
16806,4,0.712673564,0,0,0,0
16812,3,0.711350623,2.69046544209593,2.4460540989553834e-5,0.03998736913533914,3.174635772870234
16816,4,0.712437464,0,0,0,0
16819,4,0.712236862,0,0,0,0
16829,4,0.712072128,0,0,0,0
16843,3,0.711873949,0,0,0,0
16846,3,0.711188349,3.773232647438409,3.4304589232668194e-5,0.05608012812425964,4.452255418151074
16948,3,0.710148305,20.260831399898752,1.8420266218085554e-4,0.3011290654398727,23.906926713804516
16856,3,0.711035037,4.714324791896778,4.286058947496764e-5,0.0700672243277733,5.5627044655981495
16857,3,0.711004653,4.742681800390148,4.311839905606854e-5,0.07048868380777874,5.5961645398909114
16859,4,0.711803445,0,0,0,0
16862,4,0.711797727,0,0,0,0
16949,4,0.710792087,7.272152396736419,6.611524496820163e-5,0.10808324751058891,8.580833183443017
16959,4,0.710686824,8.28813588740924,7.535212473981195e-5,0.12318342543567519,9.779650861481233
16961,4,0.710387317,12.742284752317875,1.1584730790737469e-4,0.18938375347486464,15.035358704066532
16962,4,0.710425066,11.038590762490854,1.0035806354846703e-4,0.1640623947987985,13.025071635701343
16963,4,0.710327342,12.933211783529854,1.1758313338942818e-4,0.19222142964625608,15.260644550080325
16965,4,0.710600639,9.222475506862263,8.384673396325944e-5,0.13707016141684233,10.88213221415559
16966,4,0.710338304,12.088249013364928,1.0990109958558006e-4,0.1796630679339859,14.263624110814094
16971,4,0.710483688,9.368729646458943,8.517641295505113e-5,0.13924388131531013,11.054705931784266
16974,3,0.709971138,29.368144680447244,2.6700239129762203e-4,0.43648761429258237,34.65317235695317
16975,4,0.710257075,16.46157626724388,1.4966148783680547e-4,0.2446621749711174,19.423965860387636
16976,4,0.710550653,9.285891552295276,8.442328505157269e-5,0.13801269008796246,10.956960473703413
16977,4,0.710202803,18.36588507220644,1.669746347933662e-4,0.2729651956828026,21.670969951291823
16984,3,0.709962157,30.238850770970785,2.7491847216744867e-4,0.44942858922777035,35.68056882872449
16986,4,0.710133606,20.340019136292497,1.8492260262001621e-4,0.3023060027818747,24.000364903641426
16988,3,0.710419594,11.850837622003526,1.0774265852964936e-4,0.17613451231875107,13.983488679929073
16992,3,0.70995216,30.317708452702494,2.75635411893252e-4,0.450600621092304,35.77361756797761
16994,3,0.710005476,26.71108259976238,2.4284553913387513e-4,0.3969967066698895,31.517951142029116
16996,3,0.710316603,12.978707879332902,1.1799676409393118e-4,0.19289762089132034,15.314328024694952
16740,2,0.712995616,0,0,0,0
16742,1,0.712757856,0,0,0,0
16743,2,0.71301974,0,0,0,0
16749,1,0.71299006,0,0,0,0
16750,2,0.713115927,0,0,0,0
16751,1,0.712973813,0,0,0,0
16752,2,0.713026366,0,0,0,0
16753,1,0.712666684,0,0,0,0
16757,1,0.712977217,0,0,0,0
16761,1,0.712760093,0,0,0,0
16762,2,0.71271025,0,0,0,0
16763,1,0.712910959,0,0,0,0
16764,1,0.712732121,0,0,0,0
16768,1,0.713010574,0,0,0,0
16769,2,0.712877172,0,0,0,0
16770,2,0.712864591,0,0,0,0
16771,1,0.713033314,0,0,0,0
16772,2,0.713013332,0,0,0,0
16776,1,0.712997344,0,0,0,0
16777,1,0.71282627,0,0,0,0
16778,1,0.712632795,0,0,0,0
16779,2,0.712697917,0,0,0,0
16780,2,0.712645332,0,0,0,0
16781,1,0.712948323,0,0,0,0
16783,1,0.712845504,0,0,0,0
16784,1,0.712888786,0,0,0,0
16785,1,0.712326766,0,0,0,0
16788,1,0.711670653,0,0,0,0
16792,2,0.712541602,0,0,0,0
16793,2,0.711418773,0,0,0,0
16794,1,0.711407467,0,0,0,0
16797,2,0.712471504,0,0,0,0
16798,1,0.712490734,0,0,0,0
16799,1,0.712434625,0,0,0,0
16800,1,0.712462774,0,0,0,0
16801,1,0.712258958,0,0,0,0
16802,1,0.711389229,0,0,0,0
16803,2,0.711371543,0,0,0,0
16804,2,0.712277336,0,0,0,0
16805,1,0.712225439,0,0,0,0
16810,2,0.711324089,0,0,0,0
16811,1,0.711305179,0,0,0,0
16813,1,0.712241833,0,0,0,0
16814,1,0.711298053,0,0,0,0
16815,1,0.711280879,0,0,0,0
16817,1,0.712154579,0,0,0,0
16818,1,0.711131413,0,0,0,0
16820,2,0.711160485,0,0,0,0
16821,1,0.711087647,0,0,0,0
16822,1,0.71182651,0,0,0,0
16823,1,0.711789421,0,0,0,0
16824,1,0.712141486,0,0,0,0
16825,1,0.711816836,0,0,0,0
16826,1,0.71236072,0,0,0,0
16827,2,0.711820242,0,0,0,0
16828,2,0.711819147,0,0,0,0
16830,2,0.711103001,0,0,0,0
16834,1,0.711687502,0,0,0,0
16835,1,0.711772214,0,0,0,0
16836,1,0.711544465,0,0,0,0
16844,1,0.712009991,0,0,0,0
16845,1,0.711624926,0,0,0,0
16847,2,0.711689442,0,0,0,0
16848,1,0.710881088,0,0,0,0
16849,1,0.711699415,0,0,0,0
16850,2,0.711699819,0,0,0,0
16851,1,0.710779699,0,0,0,0
17006,1,0.710172419,0,0,0,0
16947,1,0.710669402,0,0,0,0
16852,2,0.711664042,0,0,0,0
16853,2,0.711646921,0,0,0,0
16854,1,0.711691118,0,0,0,0
16855,2,0.711598519,0,0,0,0
16858,2,0.710772493,0,0,0,0
16860,1,0.71161586,0,0,0,0
16861,1,0.711601925,0,0,0,0
16863,2,0.710827049,0,0,0,0
16864,2,0.710743318,0,0,0,0
16865,1,0.710716479,0,0,0,0
16866,1,0.711106778,0,0,0,0
16867,2,0.711406118,0,0,0,0
16868,1,0.71150463,0,0,0,0
17005,1,0.710189929,0,0,0,0
16950,1,0.710048769,0,0,0,0
16951,1,0.710057768,0,0,0,0
16952,1,0.710583316,0,0,0,0
16953,2,0.71000124,0,0,0,0
16954,1,0.710297648,0,0,0,0
16955,1,0.709932439,0,0,0,0
16956,2,0.709912376,0,0,0,0
16957,1,0.710476503,0,0,0,0
16958,2,0.710024669,0,0,0,0
16960,1,0.710468745,0,0,0,0
16964,1,0.710246134,0,0,0,0
16967,1,0.710370008,0,0,0,0
16968,1,0.710131643,0,0,0,0
16969,2,0.709944659,0,0,0,0
16970,1,0.709887474,0,0,0,0
16972,2,0.709910679,0,0,0,0
16973,1,0.710239123,0,0,0,0
16978,1,0.710308682,0,0,0,0
16979,1,0.709967523,0,0,0,0
16980,2,0.710332026,0,0,0,0
16981,2,0.710340168,0,0,0,0
16982,1,0.709867192,0,0,0,0
16983,1,0.710294492,0,0,0,0
16985,1,0.710119546,0,0,0,0
16987,1,0.710300869,0,0,0,0
16989,2,0.71034079,0,0,0,0
16990,1,0.710159815,0,0,0,0
16991,1,0.70982984,0,0,0,0
16993,2,0.709889502,0,0,0,0
16995,2,0.710251782,0,0,0,0
16997,1,0.709812287,0,0,0,0
16998,1,0.710117311,0,0,0,0
16999,2,0.71022979,0,0,0,0
17000,1,0.710152717,0,0,0,0
17001,2,0.710241785,0,0,0,0
17002,2,0.710161368,0,0,0,0
17003,1,0.71014615,0,0,0,0
17007,1,0.709847035,0,0,0,0
